,Trehalose_1,Trehalose_2,Trehalose_b1,Trehalose_b2,Galactose,Galactose_b,Maltose,Maltose_b,Glucose,Glucose_b
Protein,0.052,0.051,0.048,0.047,0.165,0.182,0.275,0.291,0.373,0.369
Q0110,0,0,0,0,0,0,0,0,1.05E-05,0
Q0250,0.000775725,0.00083375,0.000893249,0.000872631,0.000952643,0.000933149,0.000533768,0.000498654,0.000293642,0.000290846
YAL003W,0.001944074,0.002122306,0.001932723,0.001972578,0.002509617,0.002736293,0.00296208,0.002457828,0.003375448,0.003277056
YAL012W,0.001307371,0.001580603,0.001650909,0.00169233,0.002059107,0.002020862,0.002029252,0.002056307,0.002111612,0.002021245
YAL016W,0.000210207,0.000202586,0.000197792,0.000215652,0.000155257,0.000145295,0.000121065,0.000122032,0.000104334,0.000104002
YAL023C,8.48E-05,5.21E-05,8.10E-05,7.33E-05,0.00017205,0.000179441,0.00013652,0.000139679,0.000154908,0.000153495
YAL025C,2.08E-05,2.14E-05,2.36E-05,1.93E-05,3.05E-05,2.81E-05,2.86E-05,3.09E-05,3.63E-05,3.65E-05
YAL035W,0.000434767,0.000476836,0.000472815,0.000492713,0.000608357,0.000623381,0.000643389,0.000657459,0.000630479,0.000609799
YAL036C,6.21E-05,6.39E-05,7.26E-05,6.84E-05,0.000109069,0.000102903,0.000116575,0.000109822,0.000120248,0.000124775
YAL038W,0.01410256,0.013753946,0.013941191,0.013042867,0.014167284,0.01398617,0.029939772,0.030514305,0.039458721,0.04068459
YAL042W,2.66E-05,2.22E-05,2.04E-05,2.04E-05,3.60E-05,3.40E-05,2.95E-05,3.58E-05,3.43E-05,3.13E-05
YAL044C,0.000234443,0.000199555,0.000248747,0.000202376,0.000155631,0.000144648,7.59E-05,8.75E-05,4.93E-05,8.43E-05
YAL060W,0.000281103,0.000327311,0.000418228,0.000354905,0.000174866,0.000186387,0.000165401,0.000162204,0.000168743,0.000175078
YAL062W,0.000121472,0.000131025,0.000154299,0.000146735,0,0,0,0,0,0
YAR002C-A,0.000107665,9.92E-05,9.11E-05,9.40E-05,0.000156434,0.00014913,0.000115762,0.000126415,0.00011598,0.00012244
YAR002W,1.82E-05,1.54E-05,2.07E-05,2.15E-05,1.96E-05,1.45E-05,2.31E-05,2.29E-05,2.42E-05,2.52E-05
YAR007C,0.000172188,0.000164173,0.000158798,0.000163828,0.000173282,0.000165524,0.00013415,0.000142349,0.000130086,0.000128002
YAR015W,0.000766842,0.000778497,0.000789792,0.000777968,0.000772383,0.000786605,0.000702587,0.000711877,0.000788109,0.00075149
YBL004W,8.86E-06,6.40E-06,9.23E-06,1.08E-05,1.72E-05,1.42E-05,1.55E-05,1.26E-05,2.48E-05,1.98E-05
YBL007C,9.75E-05,9.35E-05,9.96E-05,9.61E-05,9.57E-05,9.26E-05,7.47E-05,8.67E-05,6.56E-05,7.15E-05
YBL015W,0.001812165,0.001768958,0.002012638,0.001952495,0.001697108,0.001642288,0.000440989,0.000470353,0.000200512,0.000203852
YBL017C,5.74E-05,4.36E-05,4.86E-05,4.83E-05,7.87E-05,7.77E-05,5.58E-05,6.07E-05,5.23E-05,5.30E-05
YBL022C,0.000277997,0.000284922,0.000286364,0.000291148,0.000284602,0.000297576,0.000245123,0.000242233,0.000195304,0.000186843
YBL023C,1.69E-05,1.55E-05,1.88E-05,1.73E-05,1.27E-05,1.20E-05,1.45E-05,1.37E-05,1.67E-05,1.58E-05
YBL024W,0.000306051,0.000348694,0.000335365,0.000327092,0.000332171,0.000340081,0.00032784,0.000333776,0.000347457,0.000357036
YBL026W,6.66E-05,6.20E-05,5.91E-05,5.96E-05,6.12E-05,5.72E-05,5.26E-05,5.53E-05,5.31E-05,5.29E-05
YBL030C,0.004608256,0.004515968,0.004629191,0.004753132,0.008618214,0.008494888,0.004918808,0.004966625,0.002374726,0.002449159
YBL033C,8.41E-06,8.02E-06,1.01E-05,8.57E-06,1.07E-05,1.05E-05,1.13E-05,9.60E-06,9.92E-06,9.12E-06
YBL036C,0.000127201,0.000138468,0.000130911,0.00013392,0.000130932,0.000132741,0.000115684,0.000117615,0.000108658,0.00011117
YBL039C,0.000226224,0.000272399,0.000279255,0.000282711,0.000343519,0.00033708,0.000354336,0.000390521,0.000399461,0.000398963
YBL041W,0.000191985,0.000182833,0.000192548,0.000182223,0.000173885,0.00016438,0.000134082,0.000128658,0.000141349,0.000134155
YBL045C,0.002454388,0.002389791,0.002572567,0.002679503,0.003156197,0.003206778,0.001779672,0.001771954,0.000860848,0.000834524
YBL047C,0.000289565,0.000283567,0.000289833,0.000287172,0.000259577,0.000280233,0.000241465,0.00023676,0.000213246,0.000218483
YBL050W,0.000185127,0.000175703,0.000178289,0.000183081,0.000159623,0.00017506,0.000115163,0.000113066,0.000115973,0.000124073
YBL056W,5.51E-05,5.24E-05,6.31E-05,6.32E-05,4.44E-05,4.62E-05,4.24E-05,3.43E-05,2.90E-05,3.87E-05
YBL058W,0.00019831,0.000185376,0.000179342,0.000192097,0.000167928,0.000173401,0.000149746,0.000159378,0.000144087,0.000146299
YBL064C,0.000873884,0.000837162,0.000792224,0.000781634,0.000341478,0.000323662,0.000187243,0.000204669,3.07E-05,3.70E-05
YBL075C,0.003528834,0.003516437,0.002975796,0.003211392,0.001629195,0.001578193,0.001463003,0.001414459,0.001324779,0.001321946
YBL076C,0.001126408,0.001170202,0.001188038,0.001225683,0.001509477,0.001529956,0.001751704,0.001731819,0.00182667,0.0018074
YBL079W,2.93E-05,2.73E-05,3.09E-05,3.06E-05,3.71E-05,3.17E-05,2.60E-05,2.66E-05,2.97E-05,2.54E-05
YBL091C,4.11E-05,4.10E-05,3.56E-05,3.86E-05,4.71E-05,5.42E-05,4.44E-05,4.32E-05,4.03E-05,4.12E-05
YBL092W,0.001462764,0.001473973,0.001405113,0.001514595,0.002571554,0.002535231,0.002946903,0.002778012,0.003034455,0.003056726
YBL099W,0.007127259,0.007056452,0.007487079,0.007488897,0.009770903,0.010020445,0.005514819,0.005690804,0.002708995,0.002657169
YBL102W,2.41E-05,2.16E-05,1.96E-05,2.14E-05,1.78E-05,1.75E-05,1.41E-05,1.62E-05,1.31E-05,1.47E-05
YBR011C,0.003158579,0.003424703,0.003225839,0.003406125,0.003331732,0.003340751,0.003563829,0.003542212,0.0037517,0.003668039
YBR015C,5.84E-05,5.75E-05,4.69E-05,4.95E-05,6.41E-05,6.86E-05,6.81E-05,6.70E-05,6.09E-05,5.87E-05
YBR017C,3.29E-05,2.66E-05,3.35E-05,3.42E-05,3.71E-05,3.36E-05,3.09E-05,3.98E-05,3.59E-05,3.37E-05
YBR025C,0.00127587,0.001339189,0.00135701,0.001400501,0.00124575,0.001267007,0.001525374,0.001548886,0.00157953,0.001612439
YBR029C,0.000442811,0.000473239,0.000462612,0.000435119,0.000568105,0.000617698,0.000534699,0.000565231,0.000530034,0.000494364
YBR034C,9.50E-05,0.000111717,0.000118645,0.000121084,8.52E-05,9.12E-05,9.75E-05,7.77E-05,9.66E-05,8.84E-05
YBR035C,0.000195155,0.000218929,0.000221943,0.000228876,0.000238842,0.000242743,0.000211704,0.000215217,0.000179493,0.000181603
YBR039W,0.000878776,0.000801226,0.000824706,0.000849034,0.001206319,0.001234858,0.00073231,0.000738838,0.000357219,0.000369472
YBR049C,3.01E-05,3.21E-05,2.98E-05,2.72E-05,2.90E-05,1.96E-05,3.13E-05,2.99E-05,2.77E-05,2.56E-05
YBR052C,8.07E-05,7.87E-05,6.83E-05,7.19E-05,7.37E-05,7.92E-05,6.56E-05,6.48E-05,4.60E-05,4.61E-05
YBR078W,0.000638822,0.000571008,0.00051185,0.000586771,0.000800956,0.000718698,0.000623583,0.000650848,0.000624839,0.000609911
YBR079C,0.000651791,0.000705406,0.000709149,0.000727147,0.000896302,0.00090755,0.000922242,0.000927727,0.000913283,0.000909019
YBR080C,0.000164521,0.00017031,0.000163429,0.00018257,0.00022314,0.000219074,0.000157541,0.000169167,0.000150483,0.000146396
YBR082C,4.15E-05,4.66E-05,5.53E-05,5.36E-05,4.18E-05,4.20E-05,2.43E-05,2.07E-05,1.62E-05,1.65E-05
YBR084C-A,0.001796869,0.001834113,0.001959438,0.001786108,0.003297043,0.002860631,0.003246071,0.003748964,0.003174875,0.003507224
YBR084W,0.000135145,0.000149618,0.000155017,0.000154499,0.000223641,0.000227879,0.000224793,0.000223889,0.000231818,0.000228068
YBR086C,0.000138016,0.000138599,0.000129987,0.000135948,0.000108064,9.72E-05,9.04E-05,0.00010149,7.20E-05,7.79E-05
YBR087W,3.45E-05,3.03E-05,3.42E-05,3.50E-05,4.17E-05,4.42E-05,3.83E-05,2.50E-05,3.64E-05,3.84E-05
YBR088C,0.000440835,0.000434458,0.000438824,0.000434641,0.000554444,0.000517634,0.0003911,0.000411019,0.000359377,0.000367102
YBR094W,5.52E-05,5.10E-05,5.24E-05,4.89E-05,4.80E-05,4.85E-05,3.70E-05,2.67E-05,3.52E-05,3.59E-05
YBR101C,0.000209363,0.000203679,0.000207676,0.000211424,0.00013054,0.00012476,0.000106006,0.000102362,9.32E-05,9.14E-05
YBR106W,0.000395307,0.000400566,0.000381016,0.000387881,0.000506188,0.000513566,0.00056018,0.000572826,0.000600101,0.000624843
YBR109C,0.000390691,0.000409835,0.000405253,0.000422929,0.000430304,0.000424552,0.000362022,0.000337342,0.000306344,0.000323952
YBR111C,6.56E-05,6.69E-05,6.50E-05,6.47E-05,3.09E-05,3.02E-05,3.35E-05,2.85E-05,2.36E-05,2.55E-05
YBR112C,8.33E-05,8.32E-05,7.69E-05,8.22E-05,7.63E-05,6.96E-05,8.30E-05,7.74E-05,7.26E-05,7.25E-05
YBR115C,0.000937028,0.000996435,0.001022256,0.001007346,0.001175625,0.001228655,0.001513644,0.001495298,0.00177348,0.001764818
YBR121C,0.001105336,0.001199045,0.001236065,0.00125738,0.001591123,0.001619146,0.001607628,0.001671005,0.00156236,0.001570583
YBR126C,0.000514789,0.000480138,0.000502441,0.000453488,0.000332793,0.000317793,0.000235555,0.000268924,0.000122341,0.000119784
YBR127C,0.00140436,0.001369353,0.001385282,0.001386665,0.001760594,0.001802178,0.002167156,0.002074305,0.002185305,0.002153287
YBR142W,3.95E-05,4.43E-05,4.43E-05,4.93E-05,4.58E-05,4.12E-05,4.27E-05,4.00E-05,4.42E-05,4.63E-05
YBR143C,0.000497436,0.000534592,0.000569471,0.000554505,0.000645344,0.000644517,0.000622631,0.00063608,0.000646563,0.000630093
YBR149W,0.001465449,0.001422774,0.001377788,0.001341185,0.000530777,0.000525561,0.000317106,0.00033157,0.000126376,0.000156154
YBR154C,4.89E-05,5.22E-05,5.45E-05,5.47E-05,5.50E-05,5.09E-05,5.67E-05,5.60E-05,6.21E-05,5.54E-05
YBR160W,9.08E-05,9.44E-05,8.18E-05,9.42E-05,9.11E-05,8.98E-05,5.71E-05,6.23E-05,5.07E-05,5.04E-05
YBR162C,3.80E-05,3.57E-05,3.64E-05,3.40E-05,2.88E-05,3.05E-05,3.42E-05,3.26E-05,3.17E-05,3.35E-05
YBR164C,4.02E-05,3.69E-05,3.40E-05,3.25E-05,4.87E-05,4.93E-05,3.86E-05,4.20E-05,2.82E-05,3.25E-05
YBR166C,2.96E-05,2.57E-05,2.67E-05,2.77E-05,2.93E-05,2.76E-05,1.78E-05,1.82E-05,1.72E-05,2.06E-05
YBR169C,0.000988273,0.000931272,0.000912021,0.000890957,0.000111732,8.55E-05,1.04E-06,3.31E-06,0,7.19E-07
YBR170C,6.08E-05,6.59E-05,6.19E-05,6.12E-05,5.85E-05,5.54E-05,4.37E-05,4.14E-05,2.82E-05,3.44E-05
YBR177C,9.07E-05,7.36E-05,7.22E-05,7.51E-05,0.000216786,0.000227327,0.000188706,0.000195098,0.00017959,0.000174224
YBR189W,0.000376197,0.00035213,0.000381584,0.000384154,0.000647983,0.000632515,0.000721851,0.000747216,0.00083893,0.00081945
YBR191W,4.45E-05,6.24E-05,5.50E-05,5.09E-05,0.000121223,0.000118522,0.000107093,0.000179756,9.89E-05,0.000125796
YBR196C,0.003546323,0.003459579,0.00363492,0.003428839,0.002875826,0.002786433,0.003587536,0.003556679,0.004453408,0.004503168
YBR198C,1.92E-05,2.01E-05,3.04E-05,3.09E-05,4.16E-05,4.28E-05,4.19E-05,3.87E-05,3.78E-05,3.67E-05
YBR221C,0.000656704,0.000597321,0.000590911,0.000616702,0.000654213,0.000672337,0.000489116,0.000469058,0.000422309,0.000398307
YBR227C,4.44E-05,4.63E-05,4.41E-05,4.55E-05,3.99E-05,3.70E-05,3.82E-05,4.15E-05,3.83E-05,3.79E-05
YBR234C,0.000179912,0.000186101,0.000183992,0.000168711,0.000167642,0.000171071,0.000118017,0.000103709,9.45E-05,0.000113126
YBR245C,4.50E-05,4.62E-05,3.96E-05,4.46E-05,5.37E-05,5.47E-05,4.94E-05,4.87E-05,4.80E-05,4.88E-05
YBR247C,8.93E-05,0.000100552,9.78E-05,0.000103837,0.000115446,0.000120151,0.000129528,0.000132646,0.000137157,0.000143774
YBR248C,0.00045375,0.000475407,0.000514271,0.00050353,0.00047483,0.000475329,0.000505623,0.000504616,0.000706657,0.000726671
YBR249C,0.001621701,0.00175205,0.001890202,0.00182075,0.001008929,0.001093096,0.001284416,0.001249257,0.001467403,0.001474502
YBR263W,0.000505431,0.000459739,0.00045874,0.000451913,0.000631617,0.000629009,0.000519652,0.00053735,0.000488649,0.000488455
YBR283C,0.000129606,0.000127013,0.000133067,0.000125468,0.000179648,0.000187208,0.00018709,0.000173079,0.000208011,0.000200075
YBR286W,0.00082345,0.000705642,0.000677812,0.000668595,0.000343648,0.000332468,0.000321645,0.000338443,0.000307579,0.00030427
YBR291C,0.000102617,0.000107709,0.000113949,0.000119741,0.000146707,0.000140154,0.000158137,0.000162241,0.000185958,0.000183578
YCL009C,0.000618913,0.000574948,0.000601912,0.000579729,0.000501245,0.000513928,0.000564361,0.00054198,0.00055318,0.000555524
YCL011C,2.74E-05,2.92E-05,2.89E-05,2.77E-05,5.62E-05,5.57E-05,5.97E-05,6.41E-05,5.75E-05,5.89E-05
YCL018W,9.69E-05,0.000102974,0.000123521,9.93E-05,8.26E-05,8.23E-05,9.34E-05,8.53E-05,0.00010912,0.000124736
YCL028W,0.000106489,0.000105484,0.000102257,0.000100317,8.38E-05,7.88E-05,5.91E-05,6.48E-05,5.69E-05,5.99E-05
YCL030C,0.001897647,0.00193048,0.002138153,0.002079641,0.001781181,0.001842964,0.00239557,0.002252091,0.003322472,0.003543414
YCL035C,0.000412271,0.000429704,0.000379741,0.000420372,0.000128924,0.000127423,5.16E-05,6.15E-05,3.04E-05,3.53E-05
YCL037C,8.74E-05,9.69E-05,9.66E-05,0.000107561,0.000232989,0.000239297,0.000263983,0.000257537,0.000302687,0.000286962
YCL043C,0.001702247,0.001508626,0.001567444,0.001467677,0.002087638,0.002021761,0.001481357,0.001536694,0.001527682,0.001514055
YCL045C,8.13E-05,8.15E-05,7.20E-05,7.39E-05,7.68E-05,8.16E-05,6.98E-05,7.11E-05,7.59E-05,7.21E-05
YCL050C,0.000307853,0.000300079,0.00029852,0.000297939,0.000244729,0.000255287,0.000279117,0.000281009,0.000315694,0.000330243
YCL054W,4.15E-05,3.85E-05,3.88E-05,4.39E-05,5.66E-05,5.58E-05,6.25E-05,6.38E-05,6.62E-05,6.82E-05
YCL057W,0.000192522,0.000198094,0.000195734,0.000197996,0.000213375,0.000203196,0.000180698,0.000189027,0.000154144,0.000161107
YCR002C,0.000123411,0.000121865,0.000115143,0.000122421,0.000147996,0.000145408,0.000109391,0.000117043,0.000109342,0.000107637
YCR004C,0.000891662,0.00089641,0.000874598,0.000849245,0.000312909,0.000328855,0.000224672,0.000231991,0.000184428,0.000182995
YCR005C,5.85E-05,6.26E-05,9.54E-05,8.89E-05,0.000194376,0.00017889,9.12E-05,0.000100361,0.000139452,0.00013978
YCR009C,0.000183825,0.000185356,0.000181342,0.000189557,0.0001905,0.000180459,0.000134377,0.000131887,0.000118655,0.000114501
YCR012W,0.03488105,0.038085028,0.035728404,0.03658066,0.016145505,0.016323225,0.028194107,0.028055556,0.034629006,0.035045312
YCR028C-A,0.00050401,0.000438528,0.000420498,0.000445684,0.000362951,0.000337688,0.000252304,0.000245452,0.000217746,0.000211355
YCR030C,0.000187594,0.00018263,0.000175411,0.000179302,0.000131943,0.000137142,0.00011375,0.000120552,0.00010006,0.000102695
YCR035C,1.89E-05,2.07E-05,1.85E-05,1.85E-05,1.69E-05,1.50E-05,1.41E-05,1.56E-05,1.55E-05,1.53E-05
YCR051W,5.99E-05,5.76E-05,5.15E-05,5.34E-05,4.18E-05,4.70E-05,3.65E-05,3.72E-05,3.18E-05,3.22E-05
YCR052W,1.65E-05,1.67E-05,2.06E-05,1.80E-05,1.84E-05,2.01E-05,1.88E-05,1.83E-05,1.76E-05,1.93E-05
YCR053W,0.00093705,0.00094383,0.00102405,0.000955043,0.000697983,0.000695201,0.000814599,0.000822598,0.000815958,0.000808501
YCR057C,2.07E-05,2.30E-05,2.24E-05,2.18E-05,3.20E-05,3.13E-05,3.49E-05,3.08E-05,3.38E-05,3.67E-05
YCR067C,3.19E-05,3.45E-05,2.82E-05,3.01E-05,3.48E-05,3.46E-05,2.44E-05,1.99E-05,2.41E-05,2.38E-05
YCR073W-A,7.25E-05,6.79E-05,6.46E-05,6.51E-05,6.00E-05,6.22E-05,3.39E-05,3.49E-05,2.83E-05,3.21E-05
YCR077C,4.29E-05,3.94E-05,4.20E-05,3.95E-05,4.64E-05,4.17E-05,3.69E-05,3.80E-05,2.75E-05,3.64E-05
YCR084C,0.000230164,0.000254579,0.000246468,0.000257388,0.00025267,0.000247081,0.000257032,0.00025631,0.000236252,0.000243443
YCR087C-A,2.66E-05,2.73E-05,2.80E-05,2.69E-05,2.72E-05,2.92E-05,4.08E-05,4.02E-05,4.29E-05,3.86E-05
YCR088W,0.000577854,0.000560566,0.000536383,0.000563425,0.000642524,0.000680167,0.000448639,0.000458188,0.00040587,0.000406148
YCR093W,0.00010172,9.30E-05,0.000100732,0.000100688,0.000115949,0.000112749,0.000102156,9.69E-05,0.000102979,9.40E-05
YDL007W,0.000286851,0.000293449,0.000302492,0.000298963,0.000228686,0.000238344,0.000216051,0.000208652,0.000215237,0.000224825
YDL014W,0.000801651,0.000873941,0.000848743,0.000891993,0.00109626,0.001059188,0.001149125,0.001128192,0.001223302,0.001222398
YDL015C,5.55E-05,4.74E-05,4.54E-05,3.94E-05,7.90E-05,7.50E-05,5.51E-05,7.51E-05,5.19E-05,5.78E-05
YDL019C,1.90E-05,1.50E-05,1.66E-05,1.67E-05,1.44E-05,1.68E-05,1.11E-05,1.36E-05,1.01E-05,8.53E-06
YDL022W,0.000836259,0.000660307,0.000544942,0.000595314,0.000764273,0.000725649,0.000494502,0.000568331,0.00038997,0.000368094
YDL029W,0.000313815,0.000309731,0.000301865,0.000328884,0.000316325,0.000314899,0.000220931,0.000225558,0.000197844,0.000188522
YDL031W,2.36E-05,3.53E-05,3.27E-05,3.85E-05,3.60E-05,2.93E-05,3.80E-05,4.11E-05,4.18E-05,3.54E-05
YDL040C,0.000105023,0.00011732,0.000108868,0.000111736,0.0001758,0.000171579,0.000156368,0.00015924,0.000155957,0.000166055
YDL051W,0.000170912,0.000181924,0.000189204,0.000197963,0.000211885,0.000202596,0.000205399,0.000217973,0.000234428,0.000224336
YDL052C,5.11E-05,5.23E-05,5.68E-05,5.28E-05,7.85E-05,7.53E-05,7.29E-05,7.57E-05,7.05E-05,7.76E-05
YDL055C,0.001158764,0.00129072,0.001439716,0.001308701,0.002637953,0.00260836,0.001934125,0.001909051,0.001972136,0.001848266
YDL060W,4.53E-05,5.27E-05,5.71E-05,5.62E-05,5.55E-05,6.33E-05,6.16E-05,6.33E-05,7.00E-05,6.96E-05
YDL061C,0.00042598,0.00041244,0.000463872,0.000424998,0.000628077,0.000588239,0.000647571,0.000724654,0.000735811,0.00069998
YDL063C,2.08E-05,2.45E-05,2.59E-05,2.43E-05,2.52E-05,2.18E-05,2.47E-05,2.65E-05,3.29E-05,2.95E-05
YDL066W,0.00060543,0.000588002,0.000613389,0.000623317,0.001279951,0.001242268,0.001023072,0.001064837,0.000938503,0.000963144
YDL072C,0.000119989,0.000106693,0.000115033,0.000115221,8.66E-05,8.68E-05,5.91E-05,6.19E-05,5.21E-05,5.50E-05
YDL078C,0.000437327,0.000388919,0.000415135,0.000382713,0.000301638,0.000297016,0.000174895,0.000172614,0.000149625,0.000146131
YDL081C,0.000231092,0.000348475,0.000400979,0.000393632,0.000271227,0.000422864,0.000444157,0.000514295,0.000514194,0.000470642
YDL084W,0.000566004,0.000516825,0.000529246,0.000509123,0.000740418,0.000746525,0.000712697,0.000716694,0.000698757,0.00067343
YDL086W,8.58E-05,8.94E-05,9.60E-05,7.74E-05,6.93E-05,5.54E-05,4.17E-05,4.41E-05,5.76E-05,6.18E-05
YDL092W,4.75E-05,4.77E-05,4.56E-05,4.77E-05,5.27E-05,5.41E-05,4.57E-05,4.92E-05,4.48E-05,4.52E-05
YDL095W,5.95E-05,5.34E-05,4.42E-05,5.32E-05,0.000120015,0.000113541,9.33E-05,8.38E-05,0.000106483,0.00010128
YDL097C,0.000383001,0.00037311,0.000380138,0.000382969,0.00031961,0.000319785,0.00025876,0.000261874,0.000248445,0.000240456
YDL100C,0.000234776,0.000215618,0.000204089,0.000211644,0.000289904,0.000278288,0.000258048,0.000255986,0.000259088,0.000266432
YDL103C,0.000131756,0.000128619,0.000133087,0.000128242,0.000131389,0.000127106,9.20E-05,0.000102061,8.53E-05,8.73E-05
YDL116W,3.04E-05,3.29E-05,2.89E-05,3.08E-05,2.80E-05,2.87E-05,2.45E-05,2.48E-05,2.55E-05,2.05E-05
YDL122W,6.73E-05,7.62E-05,7.54E-05,8.36E-05,6.79E-05,6.69E-05,6.65E-05,5.88E-05,5.50E-05,5.55E-05
YDL124W,0.001672285,0.001683414,0.001677938,0.001590982,0.000587518,0.000596833,0.000815351,0.00077395,8.64E-05,9.78E-05
YDL125C,0.000340599,0.000341591,0.000347902,0.000358262,0.00017045,0.00017254,0.000153194,0.000141431,0.000113551,0.000117237
YDL126C,0.002494334,0.002460682,0.002401318,0.002443986,0.001979427,0.002050021,0.001870954,0.001856371,0.001726203,0.001754146
YDL130W,0.000562381,0.000605495,0.000635606,0.000622848,0.000717063,0.000832334,0.000925362,0.000990476,0.000996969,0.001131196
YDL131W,0.000621101,0.00067116,0.000683331,0.000689871,0.000773418,0.000741225,0.000793568,0.000825827,0.000846474,0.000872503
YDL132W,7.20E-05,6.75E-05,6.77E-05,7.18E-05,6.80E-05,6.94E-05,4.57E-05,6.17E-05,4.48E-05,4.50E-05
YDL135C,0.000130285,0.000128553,0.000139669,0.000139987,0.000110912,0.000108085,6.98E-05,7.77E-05,7.44E-05,6.25E-05
YDL137W,5.71E-05,4.37E-05,5.16E-05,4.95E-05,5.07E-05,3.99E-05,2.54E-05,2.69E-05,1.72E-05,1.81E-05
YDL140C,0.000171022,0.000170913,0.000176807,0.000182564,0.00021295,0.00021303,0.000189444,0.000182776,0.000193553,0.000192848
YDL141W,3.37E-05,4.00E-05,4.15E-05,3.58E-05,4.47E-05,4.29E-05,3.30E-05,3.35E-05,3.34E-05,3.75E-05
YDL143W,0.001843759,0.001935292,0.002039278,0.001941585,0.002404375,0.002319375,0.002159041,0.002254266,0.002308038,0.002271345
YDL145C,0.000438887,0.00044558,0.000457251,0.000446516,0.000538293,0.00051972,0.000441562,0.000443797,0.000409276,0.000409764
YDL147W,0.000350249,0.000336401,0.000353028,0.000365077,0.000295525,0.000281298,0.000219947,0.000225471,0.000205303,0.000212053
YDL153C,2.48E-05,2.86E-05,2.88E-05,3.03E-05,2.99E-05,3.12E-05,3.73E-05,3.67E-05,3.90E-05,3.92E-05
YDL160C,0.000113052,0.000111613,0.000105536,0.00011459,0.000172198,0.000166178,0.0001524,0.000151991,0.000142384,0.000138057
YDL166C,1.71E-05,1.43E-05,1.89E-05,1.68E-05,1.63E-05,1.63E-05,1.31E-05,1.36E-05,1.63E-05,1.56E-05
YDL168W,0.000263495,0.00025016,0.000239465,0.00024153,0.000172765,0.000168284,0.000145138,0.000157101,0.00011952,0.00011753
YDL171C,0.00071008,0.000877897,0.000886556,0.000890981,0.000819819,0.000814332,0.000918171,0.000929543,0.001242876,0.001262472
YDL174C,0.000470205,0.000375009,0.000357075,0.000370778,0.000731557,0.000726858,0.000438166,0.000500237,0.000414228,0.000405313
YDL178W,0.000183559,0.000197187,0.000190095,0.000196517,0.000231148,0.000232695,0.000161055,0.000167833,0.000141111,0.000145658
YDL182W,0.000248623,0.000250556,0.000261891,0.000282667,0.000521775,0.000512371,0.000706105,0.00076296,0.000954645,0.000987503
YDL185W,0.001603641,0.001509922,0.00158087,0.001594533,0.002282494,0.002284374,0.002375856,0.002295502,0.002378132,0.002307102
YDL188C,4.03E-05,2.82E-05,1.93E-05,4.25E-05,2.67E-05,2.45E-05,2.43E-05,1.21E-05,2.23E-05,2.26E-05
YDL190C,2.47E-05,2.64E-05,2.93E-05,2.75E-05,3.10E-05,3.33E-05,2.43E-05,2.71E-05,2.66E-05,2.56E-05
YDL191W,0.00175054,0.001703124,0.001738932,0.001822678,0.003016731,0.002862508,0.003343572,0.003372645,0.003490586,0.003476211
YDL192W,8.31E-05,9.39E-05,9.13E-05,8.79E-05,0.000114146,0.000118374,0.000115957,0.00012287,8.54E-05,8.29E-05
YDL195W,0.00053925,0.000513171,0.000525793,0.000524919,0.000624008,0.000619297,0.000530796,0.000548507,0.000520653,0.000504164
YDL198C,0.000241119,0.000234745,0.000232319,0.000252074,0.000302605,0.000280809,0.000317145,0.00030074,0.000304906,0.000307487
YDL201W,4.22E-05,4.57E-05,4.45E-05,4.64E-05,4.79E-05,5.10E-05,4.73E-05,5.57E-05,5.61E-05,5.57E-05
YDL202W,2.03E-05,2.10E-05,2.25E-05,2.24E-05,3.66E-05,4.22E-05,3.20E-05,3.40E-05,2.25E-05,1.94E-05
YDL205C,2.77E-05,3.17E-05,3.53E-05,3.45E-05,4.95E-05,5.29E-05,3.95E-05,3.95E-05,2.97E-05,2.88E-05
YDL225W,6.90E-05,6.37E-05,6.76E-05,7.14E-05,6.80E-05,6.79E-05,4.81E-05,3.44E-05,5.24E-05,5.07E-05
YDL226C,7.96E-05,7.70E-05,7.88E-05,8.49E-05,9.15E-05,0.000102607,9.82E-05,0.000101302,9.96E-05,9.75E-05
YDL236W,4.96E-05,5.28E-05,4.95E-05,5.07E-05,0.000104494,0.000108497,8.72E-05,8.59E-05,8.28E-05,7.65E-05
YDL237W,7.11E-05,6.45E-05,5.85E-05,5.45E-05,4.90E-05,4.44E-05,3.32E-05,3.86E-05,1.25E-05,3.72E-05
YDR002W,0.000273785,0.000317404,0.000326668,0.000326619,0.000283079,0.000301911,0.000320402,0.000348124,0.000309466,0.000354546
YDR011W,1.19E-05,1.52E-05,1.28E-05,1.37E-05,1.79E-05,2.38E-05,2.28E-05,1.68E-05,2.85E-05,2.40E-05
YDR019C,0.000377131,0.000371456,0.00036548,0.000353404,0.000324121,0.000308954,0.000364275,0.000347234,0.000397928,0.000408303
YDR023W,0.000982413,0.001109781,0.001191971,0.00118808,0.001265497,0.001302048,0.001184967,0.001268994,0.00123842,0.001328978
YDR025W,0.002368111,0.002370548,0.002441648,0.002537906,0.004318063,0.004252036,0.004924644,0.005237213,0.005153409,0.005367678
YDR032C,0.001322607,0.001217006,0.001048645,0.001072858,0.000429758,0.000469625,0.000326558,0.000351715,0.00023591,0.000223444
YDR033W,6.96E-05,6.20E-05,6.51E-05,6.12E-05,0.000127,0.000127064,0.000108885,0.000121103,9.12E-05,0.000113226
YDR035W,0.000518767,0.000485034,0.00050675,0.000501427,0.000273401,0.00026984,0.000269018,0.000284056,0.000274984,0.000259477
YDR036C,0.000192708,0.00018458,0.000187072,0.000179143,0.000143419,0.000141873,9.77E-05,9.08E-05,5.56E-05,6.71E-05
YDR037W,0.001336252,0.001505127,0.001547334,0.001586492,0.001699279,0.001675287,0.001818413,0.001864156,0.001983369,0.001960871
YDR050C,0.006442858,0.006504029,0.006859865,0.006540337,0.00422734,0.004501877,0.008099466,0.008213614,0.008644876,0.008543684
YDR051C,3.70E-05,3.16E-05,3.45E-05,3.72E-05,3.40E-05,3.24E-05,2.63E-05,2.91E-05,2.62E-05,2.80E-05
YDR060W,7.32E-05,8.44E-05,7.62E-05,8.23E-05,8.18E-05,8.31E-05,8.81E-05,8.85E-05,9.58E-05,9.34E-05
YDR061W,4.95E-05,5.03E-05,5.47E-05,5.58E-05,6.04E-05,6.66E-05,4.23E-05,4.22E-05,3.13E-05,3.51E-05
YDR062W,6.64E-05,6.97E-05,7.14E-05,7.14E-05,8.66E-05,8.42E-05,7.05E-05,6.99E-05,7.35E-05,7.22E-05
YDR064W,0.001837688,0.0020585,0.001872282,0.001914404,0.003219391,0.003224946,0.003622717,0.003850232,0.003904925,0.003902987
YDR071C,0.000486607,0.000478639,0.000506183,0.000485419,0.000412903,0.000416187,0.000314318,0.000333347,0.000290019,0.000286197
YDR074W,0.000243162,0.000214131,0.000203221,0.000202077,0.000168618,0.000159175,0.000105001,0.00012959,4.30E-05,4.71E-05
YDR098C,4.92E-05,5.07E-05,5.27E-05,5.64E-05,7.40E-05,7.06E-05,5.66E-05,4.93E-05,4.97E-05,5.58E-05
YDR099W,0.000639333,0.000610666,0.000577711,0.000642851,0.000472389,0.000446185,0.000362048,0.000334731,0.000216449,0.000265928
YDR101C,0.000232098,0.000258474,0.000262098,0.000268488,0.000292815,0.000276581,0.000305095,0.000304223,0.00033266,0.000350816
YDR116C,4.31E-05,4.79E-05,5.22E-05,5.33E-05,7.36E-05,8.16E-05,5.54E-05,5.69E-05,2.81E-05,3.30E-05
YDR119W,3.58E-05,3.00E-05,3.30E-05,3.15E-05,3.49E-05,4.34E-05,4.09E-05,4.06E-05,4.54E-05,4.34E-05
YDR120C,5.60E-05,6.66E-05,7.01E-05,6.62E-05,0.000104709,0.000101476,9.91E-05,0.000100652,0.000112699,0.000112965
YDR127W,0.002149683,0.002206512,0.002393857,0.002270539,0.001960012,0.001962754,0.00220705,0.002187603,0.002701197,0.00272055
YDR129C,0.00072628,0.000688324,0.000671218,0.000684276,0.000781058,0.00079583,0.000547378,0.000571824,0.000474144,0.000450864
YDR135C,6.34E-05,5.55E-05,6.05E-05,6.57E-05,0.000100708,0.000106275,0.000115593,0.000112725,0.000113367,0.000110576
YDR141C,0.000102867,0.00010749,0.000103989,9.87E-05,9.94E-05,9.58E-05,7.15E-05,7.67E-05,8.20E-05,5.96E-05
YDR148C,0.000771265,0.000678623,0.000630612,0.000669691,0.000700679,0.000752296,0.000333247,0.00034936,0.000133004,0.000141598
YDR152W,3.13E-05,3.29E-05,3.79E-05,4.16E-05,3.89E-05,3.83E-05,3.44E-05,3.66E-05,3.71E-05,3.48E-05
YDR153C,3.30E-05,3.35E-05,3.39E-05,3.48E-05,4.17E-05,3.86E-05,3.26E-05,3.20E-05,3.34E-05,3.05E-05
YDR155C,0.003324286,0.002873615,0.002458578,0.002561398,0.002076433,0.00203926,0.00139593,0.001419684,0.000796264,0.00101902
YDR158W,0.002298762,0.002423446,0.002571133,0.002509753,0.001974447,0.001954265,0.002448921,0.002397426,0.002520904,0.002457382
YDR164C,2.25E-05,2.23E-05,2.33E-05,2.36E-05,2.18E-05,2.08E-05,1.57E-05,1.05E-05,1.78E-05,1.87E-05
YDR165W,4.10E-05,4.00E-05,4.82E-05,4.93E-05,5.95E-05,4.78E-05,6.05E-05,6.42E-05,6.86E-05,6.74E-05
YDR168W,0.000265423,0.00028215,0.00029516,0.000288247,0.000190506,0.000191686,0.000157419,0.000148133,0.000157353,0.000153952
YDR170C,9.79E-05,9.60E-05,9.91E-05,9.96E-05,0.000123043,0.000134537,0.000103973,0.000105335,0.000100143,0.000100019
YDR172W,0.000660199,0.000655103,0.000674472,0.000710574,0.000627463,0.000611537,0.000590009,0.000600705,0.000557412,0.000562866
YDR174W,6.89E-05,6.99E-05,6.86E-05,7.16E-05,9.93E-05,9.65E-05,9.04E-05,8.80E-05,8.06E-05,8.07E-05
YDR177W,0.000169247,0.000156345,0.000161618,0.000166546,0.000163386,0.000167282,0.000141955,0.000127748,0.000125822,0.000122612
YDR188W,0.000228388,0.000236896,0.000232606,0.000242141,0.000288237,0.000282763,0.000275911,0.000273861,0.000283997,0.000273329
YDR189W,0.00040443,0.000413297,0.000415405,0.000427141,0.000431518,0.000440584,0.000319455,0.00033535,0.000345494,0.000333456
YDR190C,0.000329324,0.000329396,0.00032088,0.000335615,0.000302178,0.000291863,0.00028024,0.000272467,0.000293787,0.000275164
YDR194C,0.000143678,0.000158863,0.000172487,0.000169084,0.000316029,0.000332418,0.000274502,0.000286658,0.000194182,0.000197342
YDR211W,5.53E-05,5.70E-05,5.44E-05,5.99E-05,7.85E-05,8.46E-05,7.66E-05,7.71E-05,8.43E-05,7.59E-05
YDR212W,0.000274669,0.000280129,0.000284418,0.000281814,0.000326071,0.000324466,0.000348093,0.00032581,0.000358199,0.000337461
YDR214W,0.000555779,0.000540904,0.000543973,0.000568746,0.000377758,0.000403341,0.00028232,0.000285454,0.000238077,0.000224972
YDR224C,0.001085561,0.000945959,0.000969794,0.000916869,0.00111585,0.000953752,0.000981164,0.001137669,0.000946549,0.000887749
YDR225W,0.000598822,0.000563604,0.00060359,0.00052633,0.000636085,0.000673833,0.00067964,0.000670229,0.000665819,0.000770232
YDR226W,0.000919314,0.000962777,0.00105488,0.001009183,0.000724476,0.000806634,0.000625364,0.000592291,0.000479833,0.000571923
YDR233C,0.000892701,0.000975882,0.001006414,0.000985587,0.0007023,0.000719214,0.000696592,0.000711895,0.000723057,0.000778652
YDR234W,0.000694602,0.000761054,0.000753269,0.000786486,0.000768863,0.000752411,0.000701703,0.000704474,0.000769854,0.000732992
YDR238C,0.000338554,0.000322724,0.000311647,0.000326915,0.000414667,0.00042841,0.000339045,0.000359718,0.000327655,0.00032416
YDR245W,2.71E-05,2.91E-05,2.62E-05,2.46E-05,3.42E-05,3.38E-05,3.56E-05,3.54E-05,3.20E-05,3.38E-05
YDR258C,0.001903367,0.001758565,0.001933132,0.001970551,0.000807342,0.000778922,0.000576414,0.000583168,0.000296584,0.000289424
YDR264C,2.18E-05,2.01E-05,2.31E-05,2.26E-05,3.08E-05,3.11E-05,2.28E-05,2.40E-05,2.23E-05,1.99E-05
YDR272W,0.000107758,0.000105847,0.000106194,9.47E-05,6.63E-05,6.46E-05,5.21E-05,4.75E-05,4.54E-05,4.46E-05
YDR280W,2.28E-05,2.26E-05,2.38E-05,2.35E-05,2.52E-05,2.28E-05,2.43E-05,2.53E-05,2.40E-05,2.37E-05
YDR289C,2.93E-05,3.15E-05,2.60E-05,3.20E-05,1.97E-05,1.92E-05,1.94E-05,1.91E-05,1.81E-05,1.52E-05
YDR292C,4.13E-05,2.81E-05,2.77E-05,4.73E-05,3.93E-05,4.03E-05,3.38E-05,1.53E-05,2.91E-05,3.36E-05
YDR293C,0.000345902,0.000353806,0.000345679,0.000349281,0.000314471,0.000308631,0.000215406,0.000227981,0.000192769,0.00019086
YDR294C,1.00E-04,9.88E-05,0.000101516,9.67E-05,7.07E-05,7.24E-05,5.85E-05,6.55E-05,4.84E-05,5.68E-05
YDR296W,2.33E-05,2.61E-05,2.93E-05,2.32E-05,4.31E-05,4.43E-05,3.34E-05,3.50E-05,2.18E-05,2.10E-05
YDR298C,0.000911334,0.000813618,0.00086688,0.000933325,0.001277223,0.001314293,0.000712529,0.000732587,0.000373817,0.0003904
YDR299W,4.44E-05,4.90E-05,4.43E-05,5.02E-05,5.20E-05,5.46E-05,5.99E-05,6.67E-05,6.82E-05,6.45E-05
YDR300C,5.65E-05,6.05E-05,6.48E-05,6.29E-05,7.13E-05,7.24E-05,6.65E-05,6.91E-05,6.78E-05,6.92E-05
YDR304C,0.000109005,0.000103788,0.000109148,9.94E-05,9.50E-05,0.000104425,0.000104333,0.00010119,9.05E-05,9.69E-05
YDR321W,5.46E-05,5.48E-05,5.06E-05,4.85E-05,0.000100951,0.000103364,0.000115024,0.000122511,0.000135284,0.000133274
YDR322C-A,0.000281195,0.000271816,0.000275324,0.000284463,0.000400909,0.000387918,0.000214942,0.000230439,0.00010366,0.000101347
YDR322W,5.20E-05,5.41E-05,5.55E-05,5.69E-05,9.55E-05,9.34E-05,7.59E-05,7.65E-05,4.57E-05,5.24E-05
YDR324C,6.99E-05,7.55E-05,7.37E-05,8.00E-05,8.98E-05,9.11E-05,9.42E-05,9.33E-05,0.000107986,0.000102693
YDR328C,9.39E-05,9.63E-05,0.000107611,8.01E-05,6.72E-05,5.19E-05,5.81E-05,6.88E-05,5.32E-05,5.20E-05
YDR335W,3.31E-05,3.66E-05,3.36E-05,3.55E-05,4.03E-05,4.17E-05,3.34E-05,3.78E-05,2.63E-05,2.72E-05
YDR341C,0.000997764,0.001070153,0.001130724,0.001118793,0.001137102,0.001143268,0.001091854,0.001070045,0.001162005,0.001157237
YDR343C,0.00130765,0.001171761,0.001253832,0.001215037,0.000225747,0.000241797,4.23E-05,4.06E-05,5.80E-06,4.50E-06
YDR346C,0.000123566,0.00013833,0.000153123,0.000131038,0.000104244,0.000104737,0.000114823,0.000114472,0.000119004,0.000118662
YDR347W,5.96E-05,5.80E-05,6.28E-05,6.95E-05,0.000101178,0.000102417,7.78E-05,7.37E-05,4.33E-05,4.91E-05
YDR353W,0.000598186,0.00067859,0.000743429,0.000708237,0.000852136,0.000854869,0.000857993,0.000820685,0.000775529,0.000797192
YDR354W,6.71E-05,5.18E-05,6.46E-05,6.30E-05,4.84E-05,5.10E-05,5.49E-05,4.79E-05,5.50E-05,5.78E-05
YDR361C,2.86E-05,3.77E-05,3.65E-05,3.10E-05,4.04E-05,3.86E-05,3.90E-05,3.82E-05,4.18E-05,3.97E-05
YDR368W,0.000231772,0.000199624,0.000184411,0.000182259,0.000163425,0.000156369,0.000135027,0.000142961,0.000109769,0.000103251
YDR372C,4.62E-05,2.99E-05,4.01E-05,3.95E-05,4.71E-05,4.89E-05,3.86E-05,4.49E-05,3.61E-05,3.23E-05
YDR381W,0.000278031,0.000246711,0.000261757,0.000256149,0.000344724,0.000342042,0.000311878,0.000313509,0.0003183,0.000329441
YDR382W,0.001945357,0.001973238,0.002028208,0.001961088,0.003139202,0.003446953,0.003509925,0.003463232,0.003757757,0.00355919
YDR390C,3.61E-05,3.70E-05,3.86E-05,3.59E-05,3.32E-05,3.14E-05,2.50E-05,2.62E-05,2.42E-05,2.54E-05
YDR394W,0.000306448,0.00030101,0.000292958,0.000291018,0.000261033,0.000251935,0.000219013,0.000214213,0.000209608,0.000206425
YDR395W,4.13E-05,3.64E-05,4.98E-05,4.69E-05,5.56E-05,5.86E-05,5.74E-05,4.86E-05,6.32E-05,5.57E-05
YDR399W,0.000330133,0.000337537,0.000347014,0.000337921,0.000289921,0.000286287,0.000339201,0.000364275,0.00038674,0.000400379
YDR404C,3.15E-05,3.27E-05,3.10E-05,3.08E-05,3.25E-05,3.50E-05,3.04E-05,3.49E-05,3.03E-05,3.41E-05
YDR427W,0.000310328,0.000307903,0.000306807,0.000312603,0.000266487,0.000267507,0.000201772,0.000215404,0.000198822,0.000194266
YDR429C,0.000241853,0.000265433,0.000260407,0.000259098,0.000296208,0.000293623,0.000322637,0.000315838,0.000321247,0.00031446
YDR430C,0.000102666,0.000102015,0.00010146,0.000105175,0.000132584,0.00013312,0.000109034,0.000118201,7.53E-05,7.92E-05
YDR432W,0.000260754,0.00025398,0.000252962,0.000257466,0.000342969,0.000320394,0.000319137,0.000319388,0.000321597,0.000317649
YDR436W,3.77E-06,1.97E-06,4.00E-06,3.96E-06,2.35E-06,2.18E-06,0,0,0,0
YDR449C,2.47E-05,2.30E-05,2.75E-05,2.59E-05,2.92E-05,3.36E-05,4.12E-05,3.53E-05,3.78E-05,3.72E-05
YDR452W,6.64E-05,5.63E-05,5.64E-05,5.55E-05,3.97E-05,3.89E-05,3.47E-05,3.87E-05,3.59E-05,3.77E-05
YDR454C,0.000299579,0.000294212,0.000274981,0.000282174,0.000281708,0.000290273,0.000195573,0.000210548,0.000122139,0.000133525
YDR457W,7.55E-05,3.58E-05,7.63E-05,7.26E-05,9.00E-05,9.46E-05,0.00012574,0.000265394,2.59E-05,7.04E-05
YDR477W,6.56E-05,6.41E-05,6.81E-05,6.40E-05,6.84E-05,7.12E-05,6.63E-05,6.28E-05,5.53E-05,5.54E-05
YDR481C,7.62E-05,8.42E-05,8.26E-05,7.46E-05,3.88E-05,1.24E-05,4.10E-05,2.93E-05,4.28E-05,4.64E-05
YDR483W,6.30E-05,5.16E-05,5.66E-05,5.08E-05,8.01E-05,8.00E-05,7.51E-05,7.53E-05,7.49E-05,8.26E-05
YDR487C,6.83E-05,6.96E-05,7.58E-05,6.79E-05,4.00E-05,4.83E-05,6.65E-05,5.74E-05,4.57E-05,3.45E-05
YDR494W,2.40E-05,2.10E-05,2.08E-05,3.05E-05,4.51E-05,4.78E-05,3.60E-05,3.25E-05,1.66E-05,1.91E-05
YDR496C,8.92E-05,0.000100743,9.75E-05,9.86E-05,0.000101166,9.87E-05,9.49E-05,0.000103139,0.000102475,0.000109826
YDR502C,0.002065323,0.002116845,0.001979871,0.002166956,0.003169157,0.003274604,0.002941267,0.003004843,0.003283463,0.00322342
YDR507C,2.04E-05,1.48E-05,2.67E-05,2.36E-05,7.18E-05,8.05E-05,3.77E-05,2.94E-05,3.54E-05,3.17E-05
YDR510W,0.00017238,0.000179369,0.000188865,0.000180498,0.000137264,0.000131885,8.47E-05,8.99E-05,6.17E-05,6.25E-05
YDR529C,0.00042485,0.000409053,0.000423301,0.000419514,0.000647533,0.000615809,0.000351789,0.000357843,0.000159245,0.000160941
YEL002C,9.10E-05,7.74E-05,7.71E-05,8.10E-05,0.00010233,0.000112289,0.000102794,0.000109493,0.000115341,0.000105632
YEL013W,0.000170838,0.000169016,0.000155247,0.000170421,0.000137598,0.000130759,0.000126916,0.00013086,0.000122047,0.000116892
YEL015W,4.40E-05,4.46E-05,4.32E-05,4.55E-05,5.01E-05,4.96E-05,4.69E-05,4.86E-05,4.29E-05,4.16E-05
YEL020W-A,5.97E-05,6.85E-05,7.22E-05,8.06E-05,0.000182232,0.000197048,0.000178735,0.000175414,0.000126824,0.000137972
YEL021W,8.99E-05,9.16E-05,9.13E-05,9.13E-05,0.000108199,0.000102335,0.000108666,0.000114585,0.000118501,0.000111014
YEL022W,2.87E-05,2.48E-05,2.61E-05,2.60E-05,3.39E-05,3.30E-05,3.59E-05,4.39E-05,3.65E-05,2.96E-05
YEL024W,0.000819583,0.000831378,0.00083196,0.000858286,0.001126598,0.001144212,0.000613821,0.000662417,0.000271991,0.000313289
YEL026W,0.000203299,0.000205958,0.000217126,0.000229151,0.00024568,0.000236748,0.000238165,0.000255005,0.000258968,0.000231921
YEL031W,0.000314375,0.000285033,0.000307557,0.000308087,0.000546802,0.000553504,0.000460707,0.000469218,0.000508402,0.000485763
YEL034W,0.006593082,0.00701203,0.007164177,0.007087506,0.004345467,0.004354752,0.004405179,0.004683539,0.004486364,0.00465771
YEL036C,2.06E-05,1.75E-05,2.30E-05,2.06E-05,2.51E-05,2.29E-05,2.08E-05,1.99E-05,1.89E-05,2.27E-05
YEL037C,0.000244979,0.000235815,0.000238117,0.000237156,0.000236705,0.000242975,0.000234027,0.000235472,0.000238338,0.000248971
YEL042W,5.90E-05,5.17E-05,4.92E-05,4.85E-05,8.51E-05,8.67E-05,0.0001005,0.000108998,0.000102419,0.000102794
YEL046C,8.10E-05,8.03E-05,8.31E-05,8.27E-05,0.000198363,0.000187563,0.000221755,0.000228933,0.000182341,0.000182172
YEL047C,0.000159468,0.000156444,0.000139314,0.000134107,8.98E-05,8.73E-05,7.46E-05,7.28E-05,8.90E-05,8.95E-05
YEL051W,4.32E-05,4.03E-05,4.57E-05,4.10E-05,7.02E-05,6.57E-05,6.88E-05,6.43E-05,7.97E-05,8.05E-05
YEL054C,0.002700395,0.002907613,0.002907672,0.002869933,0.004683015,0.004545944,0.005364213,0.005203295,0.005765531,0.005679345
YEL055C,1.68E-05,1.07E-05,1.87E-05,1.76E-05,3.06E-05,3.13E-05,3.04E-05,3.01E-05,3.20E-05,3.28E-05
YEL058W,0.00014764,0.000156593,0.000159757,0.00015231,0.000215279,0.000221511,0.00015742,0.000169582,0.000136658,0.000133209
YEL060C,0.000774967,0.000594156,0.000563647,0.000560895,0.000444442,0.000447689,0.000174782,0.000187813,8.99E-05,9.02E-05
YEL071W,0.000305971,0.000396123,0.000487397,0.000452633,0.001817959,0.00185603,0.002155822,0.002224313,0.003637843,0.003584823
YER003C,0.000353871,0.000353624,0.000348123,0.000337405,0.000493066,0.000507812,0.000349371,0.000354471,0.000339904,0.000347854
YER004W,0.000492184,0.000483333,0.000417573,0.000455627,0.000164803,0.000162346,0.00017987,0.000180564,0.000173045,0.000158087
YER006W,0.000121157,0.000135535,0.000132602,0.000141635,0.000131164,0.00013392,0.000151094,0.000149807,0.000160343,0.000157396
YER007C-A,5.41E-05,4.91E-05,5.01E-05,4.94E-05,6.80E-05,6.12E-05,6.60E-05,7.06E-05,6.48E-05,6.26E-05
YER009W,0.000289336,0.000289074,0.000293795,0.000301479,0.000230885,0.000246896,0.000201073,0.000197807,0.000122374,0.000161365
YER012W,0.000183348,0.000172764,0.000162,0.000178482,0.000159346,0.00015323,0.000128344,0.000134431,0.000116782,0.0001236
YER021W,0.000400245,0.000398609,0.000391468,0.000401737,0.000353087,0.000359618,0.000295593,0.000301501,0.000276255,0.000277917
YER023W,0.000222827,0.000226589,0.000214863,0.000219819,0.00026998,0.000271302,0.000297438,0.000279882,0.000291968,0.000300788
YER025W,0.000499179,0.00053923,0.000541957,0.000547084,0.000758166,0.000771057,0.000768946,0.000806421,0.00079491,0.000808316
YER026C,5.78E-05,5.18E-05,5.05E-05,4.55E-05,8.62E-05,0.000106272,8.89E-05,0.000107733,8.46E-05,9.10E-05
YER031C,3.82E-05,3.55E-05,3.14E-05,3.49E-05,5.53E-05,5.76E-05,4.76E-05,4.98E-05,4.85E-05,4.82E-05
YER036C,0.000488246,0.000518885,0.000513119,0.00053373,0.000476199,0.000455615,0.000521911,0.000551579,0.000618814,0.000623371
YER042W,0.000452943,0.000469609,0.000445807,0.00046955,0.000196099,0.000190633,0.000109702,0.000112607,6.73E-05,7.51E-05
YER043C,0.003217638,0.003375166,0.003438062,0.003382112,0.006804706,0.006771865,0.006684932,0.006872598,0.007108678,0.007291959
YER044C,6.13E-05,6.11E-05,7.25E-05,7.27E-05,2.16E-05,2.00E-05,3.61E-05,3.36E-05,4.11E-05,4.89E-05
YER048C,9.66E-05,9.57E-05,9.62E-05,0.00010371,8.72E-05,9.50E-05,7.37E-05,8.30E-05,7.29E-05,7.06E-05
YER049W,0.000112941,0.000110196,0.000109822,0.000113483,0.000140537,0.000144609,0.000133867,0.000136472,0.000195285,0.000198862
YER052C,0.000772616,0.000843195,0.000980512,0.000988461,0.000823031,0.000774986,0.000898523,0.000981131,0.000927096,0.000923024
YER055C,0.000689254,0.000669161,0.000650067,0.000668869,0.00075653,0.000727602,0.00107302,0.001066166,0.001294552,0.0012788
YER057C,0.00031821,0.000344711,0.000344493,0.000343738,0.000153908,0.000156828,0.000162635,0.000166718,0.000102661,0.000106039
YER062C,2.24E-05,2.22E-05,2.23E-05,2.61E-05,3.32E-05,2.98E-05,1.90E-05,0,0,4.01E-06
YER063W,0.000115788,0.00011583,0.000123732,0.000111899,9.97E-05,9.96E-05,0.000103315,0.000101985,0.000101927,0.000107089
YER069W,0.001840328,0.001856597,0.00199446,0.002002611,0.001367358,0.001320412,0.001470516,0.001511339,0.001489197,0.001446304
YER070W,9.74E-05,7.67E-05,8.23E-05,7.80E-05,0.000182747,0.000177559,0.000201911,0.000202625,0.000182367,0.000170488
YER073W,0.000510994,0.000559656,0.000530894,0.000546147,0.00032566,0.000311049,0.000422169,0.000414581,0.000480665,0.000458472
YER080W,0.000325715,0.00033548,0.000315911,0.00034996,0.000272447,0.000277618,0.000188742,0.000211107,0.000149964,0.000159019
YER081W,0.000278234,0.000294854,0.000359661,0.000355379,0.000415315,0.000417261,0.000297853,0.000302239,0.000501779,0.000493045
YER083C,3.98E-05,4.56E-05,3.87E-05,4.34E-05,4.00E-05,4.67E-05,4.55E-05,4.25E-05,4.60E-05,4.07E-05
YER086W,0.000757263,0.000731619,0.000796802,0.000782984,0.000758703,0.000754169,0.000742322,0.000769857,0.000781689,0.000782315
YER089C,4.95E-05,4.12E-05,5.13E-05,5.28E-05,6.26E-05,6.12E-05,6.43E-05,5.58E-05,5.89E-05,5.93E-05
YER090W,0.000309218,0.000305914,0.000316941,0.000312982,0.000359074,0.000348422,0.000375662,0.000380412,0.000394043,0.000389566
YER091C,0.010939299,0.011488511,0.0118266,0.011612242,0.025433147,0.025000894,0.028949336,0.029019801,0.033753871,0.034198937
YER094C,0.000160675,0.000150738,0.000149732,0.000144129,0.000154628,0.000142673,0.000122941,0.000122878,0.000125694,0.000116992
YER099C,3.40E-05,3.81E-05,3.67E-05,3.75E-05,2.90E-05,2.98E-05,2.64E-05,2.89E-05,2.68E-05,2.40E-05
YER102W,0.002234432,0.002411219,0.002260986,0.002422465,0.003797155,0.003827109,0.004459079,0.004337201,0.004707126,0.004398058
YER103W,0.001224096,0.000937242,0.000887271,0.000883686,0.000557554,0.000444824,0.000271933,0.000235429,0.000187698,0.000241055
YER105C,4.72E-05,4.86E-05,4.63E-05,5.21E-05,5.48E-05,5.35E-05,4.61E-05,4.30E-05,5.32E-05,4.56E-05
YER107C,2.79E-05,2.99E-05,2.81E-05,3.06E-05,2.82E-05,2.64E-05,2.11E-05,2.26E-05,2.24E-05,2.16E-05
YER110C,0.000615097,0.000623357,0.000620362,0.000634366,0.001019546,0.001074058,0.00103229,0.00101933,0.001150948,0.001096182
YER117W,0.001544953,0.001539377,0.001647427,0.001560315,0.002723999,0.00249934,0.003217234,0.003190265,0.003286266,0.00343568
YER120W,0.000374454,0.000390679,0.000348274,0.000355245,0.000358295,0.000374121,0.000358779,0.000351407,0.000364606,0.000358069
YER125W,0.000217974,0.000211098,0.000194529,0.000220593,0.0001969,0.000210263,0.000174421,0.000179502,0.000156596,0.000157537
YER133W,0.000334539,0.000345383,0.000327459,0.000327378,0.000276123,0.000272991,0.000221843,0.000240091,0.000211053,0.000221494
YER136W,0.000263223,0.000260851,0.000274131,0.00025973,0.000225389,0.000233031,0.000163989,0.000164012,0.000150749,0.000161504
YER141W,8.60E-05,0.000101302,9.42E-05,0.000100874,9.33E-05,9.44E-05,8.20E-05,8.07E-05,5.54E-05,5.55E-05
YER143W,0.000156448,0.000138287,0.000139814,0.000144487,9.58E-05,9.25E-05,6.66E-05,7.46E-05,6.14E-05,5.99E-05
YER151C,5.62E-05,5.26E-05,5.80E-05,6.22E-05,7.06E-05,7.65E-05,8.17E-05,7.94E-05,7.82E-05,7.49E-05
YER155C,2.43E-05,1.81E-05,2.64E-05,2.38E-05,2.94E-05,2.90E-05,2.64E-05,2.58E-05,1.44E-05,2.02E-05
YER156C,0.000132822,0.000152336,0.000147151,0.000140594,0.000194762,0.000197675,0.000182504,0.000186489,0.000192614,0.000198101
YER165W,0.001530256,0.001509021,0.001561588,0.001563287,0.002306555,0.002310482,0.002364919,0.002441458,0.00239794,0.002462027
YER166W,2.44E-05,1.87E-05,2.24E-05,2.41E-05,3.02E-05,3.07E-05,2.04E-05,2.72E-05,1.98E-05,2.51E-05
YER174C,9.56E-06,7.08E-06,4.61E-06,9.67E-06,1.21E-05,1.31E-05,9.18E-06,8.44E-06,8.03E-06,7.90E-06
YER177W,0.00099372,0.000979557,0.00106045,0.00104018,0.001102974,0.001132429,0.001010593,0.001056591,0.000942941,0.000994532
YER178W,0.000842271,0.00075989,0.000798251,0.000779838,0.000855787,0.000820302,0.000653381,0.000660516,0.000542759,0.000567734
YFL004W,4.27E-05,3.99E-05,4.15E-05,4.27E-05,6.23E-05,6.27E-05,6.64E-05,6.97E-05,7.01E-05,7.04E-05
YFL005W,0.000225744,0.000218811,0.000221105,0.000220556,0.000258272,0.000242636,0.000213769,0.000207339,0.000192382,0.000183281
YFL016C,0.000219422,0.000223461,0.000240953,0.000263793,0.000241321,0.000239967,0.000182393,0.000172344,0.000127658,0.000122656
YFL018C,0.001491089,0.001307355,0.001356681,0.001395846,0.00157624,0.00154389,0.001016118,0.001007977,0.000673623,0.000635054
YFL022C,0.000521123,0.00056146,0.000577092,0.000594736,0.000767831,0.000767579,0.000790428,0.000772578,0.00084066,0.000834699
YFL034C-A,0.000207033,0.000220246,0.000200401,0.000232018,0.000204452,0.000215987,0.000216141,0.000175151,0.000247341,0.000211525
YFL037W,0.00052936,0.000508523,0.00052378,0.000505538,0.000565264,0.000559697,0.000468304,0.000461461,0.000430874,0.000433023
YFL038C,0.000336102,0.000307778,0.000346597,0.000315194,0.000409453,0.000398771,0.000333552,0.000313,0.00029483,0.000304161
YFL039C,0.007357997,0.007258461,0.007614577,0.007412782,0.007710485,0.008078336,0.006218357,0.006193616,0.005423064,0.005658965
YFL041W,4.85E-05,3.73E-05,4.78E-05,4.44E-05,4.75E-05,5.07E-05,4.28E-05,3.74E-05,3.03E-05,3.25E-05
YFL045C,0.000357363,0.000363128,0.000374358,0.000352092,0.000829749,0.00082079,0.000666027,0.000647324,0.000633901,0.000624335
YFL048C,8.98E-05,8.79E-05,8.77E-05,8.35E-05,8.66E-05,8.81E-05,7.07E-05,6.72E-05,6.69E-05,6.50E-05
YFR001W,4.03E-05,4.03E-05,3.91E-05,4.27E-05,3.99E-05,3.94E-05,4.05E-05,4.70E-05,4.29E-05,4.42E-05
YFR002W,5.61E-05,5.73E-05,5.24E-05,5.41E-05,5.75E-05,5.76E-05,4.28E-05,4.45E-05,4.90E-05,4.62E-05
YFR004W,0.000236002,0.000244483,0.000239941,0.000237977,0.000212208,0.000195072,0.000179624,0.000176805,0.000170298,0.000163265
YFR009W,8.90E-05,9.10E-05,9.01E-05,9.64E-05,0.000136353,0.000141093,0.000115635,0.000125163,0.000121347,0.000121577
YFR010W,0.000210274,0.000210261,0.000211587,0.000203506,0.000170168,0.000163935,0.000117203,0.000121833,0.000112791,0.000114052
YFR024C-A,9.65E-05,9.98E-05,0.000101782,9.74E-05,7.63E-05,7.51E-05,7.14E-05,7.41E-05,6.20E-05,5.89E-05
YFR030W,0.00114112,0.001317646,0.00131581,0.001328841,0.002040169,0.001994695,0.002353026,0.002400304,0.002447561,0.002417874
YFR037C,6.89E-05,6.88E-05,6.90E-05,6.92E-05,7.88E-05,7.58E-05,6.97E-05,7.09E-05,6.88E-05,6.74E-05
YFR044C,0.000715086,0.000681907,0.00072022,0.000708871,0.000689038,0.000685581,0.000480501,0.000488717,0.000413075,0.000395149
YFR050C,0.000189901,0.000179863,0.000185646,0.00017564,0.000157305,0.000152486,0.000131096,0.000122348,0.000124334,0.000123555
YFR051C,6.48E-05,5.58E-05,5.15E-05,5.85E-05,9.56E-05,8.63E-05,7.61E-05,7.82E-05,6.96E-05,7.12E-05
YFR052W,0.000210356,0.000200656,0.000189437,0.000212834,0.000180162,0.000177303,0.000138753,0.000144668,0.000135377,0.000133996
YFR053C,0.006034022,0.007668212,0.008008665,0.007336395,0.000900858,0.000932472,0.000572701,0.000576592,1.13E-06,4.62E-06
YGL001C,0.00012004,0.00012618,0.000123576,0.00013325,0.000152171,0.000150673,0.00013124,0.000132162,0.000158936,0.000154728
YGL006W,6.80E-05,5.21E-05,5.09E-05,5.43E-05,6.82E-05,6.73E-05,3.43E-05,3.64E-05,2.58E-05,2.38E-05
YGL008C,0.002213611,0.00198421,0.002099896,0.002170319,0.003619681,0.003620562,0.005390571,0.005465364,0.004691347,0.004324792
YGL009C,0.001614062,0.002041767,0.001808317,0.001806381,0.002112122,0.002163186,0.002013325,0.00205732,0.002449469,0.002462669
YGL011C,0.000455962,0.000432269,0.000389534,0.000420579,0.000404467,0.000379258,0.000331046,0.000348259,0.000298557,0.00031908
YGL020C,3.33E-05,2.85E-05,3.34E-05,2.92E-05,3.32E-05,3.43E-05,2.94E-05,3.07E-05,3.28E-05,2.81E-05
YGL022W,6.53E-05,6.11E-05,5.84E-05,5.81E-05,8.60E-05,9.13E-05,8.25E-05,8.24E-05,8.56E-05,8.12E-05
YGL026C,0.001348345,0.001263404,0.001283745,0.001293599,0.001312078,0.001346693,0.001418937,0.001444494,0.001513571,0.001539214
YGL027C,6.07E-05,5.29E-05,5.33E-05,5.36E-05,5.47E-05,5.44E-05,5.45E-05,5.57E-05,5.64E-05,5.16E-05
YGL030W,0.001959883,0.001985751,0.002027992,0.002020642,0.003383121,0.003432315,0.003764365,0.003832619,0.004330735,0.004004741
YGL031C,0.000141785,0.000172248,0.000142469,0.000160123,0.000241984,0.000237037,0.000293947,0.000291387,0.000280873,0.00026099
YGL040C,0.000172304,0.000179852,0.000192477,0.000191772,0.000279662,0.000277291,0.000206763,0.000227393,0.000164549,0.000171446
YGL043W,3.47E-05,3.16E-05,3.60E-05,3.47E-05,4.53E-05,4.26E-05,4.33E-05,4.15E-05,3.88E-05,3.95E-05
YGL047W,1.06E-05,1.11E-05,9.84E-06,9.37E-06,9.95E-06,9.13E-06,8.07E-06,9.31E-06,8.26E-06,7.32E-06
YGL048C,0.000423312,0.000441616,0.00040914,0.000418404,0.000353622,0.000363978,0.000313891,0.000305078,0.000298088,0.000294362
YGL049C,2.49E-05,2.30E-05,2.30E-05,2.51E-05,5.33E-05,4.99E-05,4.62E-05,5.13E-05,5.25E-05,4.94E-05
YGL055W,0.000136595,0.000106399,0.000114628,0.000108939,0.000147226,0.000145227,0.00017902,0.000177765,0.000200547,0.000214481
YGL056C,0.000156622,0.00015454,0.000149482,0.000151228,0.00011214,0.000110231,7.74E-05,7.81E-05,6.41E-05,6.33E-05
YGL062W,0.00383003,0.003890421,0.004050881,0.004046771,0.006013921,0.005824152,0.00341616,0.003610312,0.0029494,0.00297278
YGL076C,8.90E-05,0.000100347,7.03E-05,8.82E-05,0.000155847,0.000128393,0.000196766,0.000188635,0.000164793,0.000148484
YGL078C,8.60E-05,9.89E-05,0.00010378,0.000103868,0.000146006,0.000145401,0.000167617,0.000175686,0.000198251,0.000189395
YGL082W,3.67E-05,3.24E-05,3.21E-05,3.44E-05,2.78E-05,2.92E-05,2.39E-05,2.01E-05,1.86E-05,2.12E-05
YGL087C,8.66E-05,9.52E-05,8.72E-05,9.08E-05,5.08E-05,6.11E-05,4.31E-05,4.31E-05,2.34E-05,3.13E-05
YGL092W,4.96E-05,4.53E-05,4.77E-05,4.73E-05,4.19E-05,3.88E-05,3.76E-05,3.78E-05,2.38E-05,3.82E-05
YGL097W,7.26E-05,5.00E-05,7.95E-05,7.53E-05,9.70E-05,0.000107953,0.000100038,0.000102598,0.000105471,9.16E-05
YGL099W,4.86E-05,5.74E-05,4.71E-05,5.40E-05,5.57E-05,5.22E-05,6.25E-05,6.18E-05,6.57E-05,6.50E-05
YGL100W,3.82E-05,3.94E-05,4.59E-05,4.03E-05,4.27E-05,4.86E-05,3.91E-05,4.13E-05,3.81E-05,3.65E-05
YGL103W,0.00149924,0.001595644,0.001648412,0.001562073,0.002599067,0.002526845,0.002848175,0.003167125,0.00303065,0.003057907
YGL105W,0.000763633,0.000801294,0.000812664,0.000822027,0.001009053,0.001059216,0.000993336,0.001024631,0.00100509,0.001049359
YGL106W,0.00016745,0.000170813,0.000165407,0.000170752,0.000199227,0.000203995,0.00018224,0.000177901,0.000168797,0.000168985
YGL107C,4.45E-05,4.90E-05,4.82E-05,4.69E-05,9.05E-05,8.54E-05,7.74E-05,8.13E-05,4.97E-05,5.03E-05
YGL111W,2.24E-05,2.23E-05,2.57E-05,2.49E-05,2.58E-05,2.37E-05,2.40E-05,2.71E-05,2.66E-05,2.56E-05
YGL112C,3.72E-05,3.80E-05,3.56E-05,3.80E-05,4.25E-05,4.26E-05,3.84E-05,3.15E-05,4.10E-05,3.74E-05
YGL115W,8.21E-05,8.21E-05,8.51E-05,8.62E-05,9.09E-05,9.43E-05,8.80E-05,8.60E-05,7.85E-05,7.46E-05
YGL120C,0.000131188,0.000137605,0.000139289,0.00014445,0.00015193,0.000152968,0.000167484,0.000175634,0.000189061,0.000190299
YGL123W,0.002567347,0.002641857,0.002721034,0.002654551,0.004415549,0.004349333,0.004988409,0.004704446,0.005693127,0.005735493
YGL125W,0.00010904,0.000109921,0.000113488,0.000109373,0.000226386,0.000228674,0.000292447,0.000299607,0.000282414,0.000280988
YGL129C,3.22E-05,2.55E-05,3.19E-05,3.26E-05,6.09E-05,6.09E-05,4.71E-05,4.27E-05,2.55E-05,2.85E-05
YGL130W,2.92E-05,3.22E-05,3.09E-05,2.79E-05,2.82E-05,3.07E-05,1.83E-05,2.20E-05,1.91E-05,2.13E-05
YGL135W,0.001303511,0.001360394,0.001414585,0.001396001,0.002213281,0.002251824,0.002669251,0.002453386,0.002671049,0.00254714
YGL137W,0.00032033,0.00031106,0.000314568,0.000314048,0.000438141,0.000427976,0.000348995,0.000353142,0.00034788,0.000329341
YGL147C,0.000217117,0.000227972,0.000239304,0.000265046,0.000421681,0.000412811,0.000601311,0.000547421,0.000771795,0.000520381
YGL148W,0.00031085,0.000312391,0.0003407,0.000331012,0.000431203,0.00042847,0.000490058,0.000495713,0.000511821,0.000533021
YGL167C,9.15E-05,8.75E-05,8.13E-05,8.20E-05,0.000105417,0.00010856,7.80E-05,7.76E-05,6.69E-05,7.11E-05
YGL173C,0.000196821,0.000187571,0.000191411,0.000190609,0.000257552,0.000257861,0.000233907,0.000251963,0.000229695,0.000231029
YGL184C,0.000215486,0.000198015,0.000207075,0.000202548,0.000151115,0.000146137,9.75E-05,0.000110533,0.000103839,0.000103046
YGL187C,0.001203752,0.001232388,0.001311378,0.001373676,0.001253921,0.001249002,0.000657584,0.000711804,0.000315807,0.000340391
YGL189C,0.000926434,0.001023793,0.00105848,0.001082668,0.001739483,0.001681217,0.001891953,0.00212015,0.001932242,0.00194371
YGL191W,0.000318581,0.000344783,0.000366772,0.000372256,0.000378537,0.000381919,0.000218834,0.000216502,0.000108741,0.000106884
YGL195W,0.000337758,0.000357826,0.000358648,0.000359493,0.000568693,0.000557428,0.000491341,0.000493463,0.00050954,0.000479754
YGL200C,0.000109969,0.000104033,9.51E-05,9.82E-05,0.000146006,0.000154593,0.000115549,0.000118449,0.000109716,0.000109508
YGL201C,2.12E-05,1.92E-05,2.26E-05,2.06E-05,2.31E-05,2.27E-05,1.77E-05,1.74E-05,1.64E-05,2.06E-05
YGL202W,0.000810202,0.000829044,0.000871844,0.000847886,0.000988172,0.00098524,0.000949866,0.001022774,0.000971595,0.00094317
YGL206C,0.001421254,0.001404171,0.001411297,0.001405321,0.001337544,0.00132964,0.000997554,0.001031547,0.000924473,0.000907572
YGL207W,0.000342343,0.000328856,0.000341528,0.000340902,0.000364041,0.000343265,0.000297504,0.000309387,0.000287833,0.000286463
YGL210W,3.49E-05,3.54E-05,3.20E-05,3.46E-05,2.92E-05,2.96E-05,1.93E-05,2.01E-05,1.99E-05,2.12E-05
YGL221C,0.000118474,0.000110179,0.000108573,0.000105982,0.000129886,0.000125771,9.87E-05,0.000109306,9.98E-05,9.17E-05
YGL228W,4.62E-05,3.73E-05,3.75E-05,3.75E-05,5.31E-05,5.02E-05,3.94E-05,4.15E-05,3.67E-05,3.71E-05
YGL232W,1.93E-05,2.32E-05,2.17E-05,2.39E-05,2.93E-05,2.97E-05,2.24E-05,2.54E-05,2.56E-05,2.13E-05
YGL234W,0.001245839,0.001321435,0.001306299,0.001314536,0.001854389,0.001875187,0.001942529,0.001946909,0.002857335,0.002899739
YGL238W,6.99E-05,6.91E-05,7.15E-05,7.31E-05,8.70E-05,8.62E-05,8.46E-05,8.62E-05,8.51E-05,8.00E-05
YGL242C,7.74E-05,6.87E-05,6.66E-05,6.31E-05,8.79E-05,8.77E-05,5.81E-05,5.66E-05,4.30E-05,4.35E-05
YGL244W,3.25E-05,3.35E-05,3.21E-05,3.62E-05,3.68E-05,3.47E-05,2.25E-05,2.89E-05,2.71E-05,2.77E-05
YGL245W,0.001308996,0.001315356,0.001343051,0.001350109,0.001887868,0.001934946,0.001835224,0.001862409,0.001844126,0.001842302
YGL252C,0.000110737,0.000113748,0.000122816,0.000119057,0.000103768,0.000100664,8.08E-05,5.76E-05,5.70E-05,7.21E-05
YGL253W,0.001196868,0.001260225,0.001339574,0.001292292,0.002091788,0.002191549,0.001988081,0.002012793,0.002705238,0.00276401
YGR012W,2.55E-05,2.86E-05,3.13E-05,3.00E-05,3.21E-05,3.38E-05,2.45E-05,2.41E-05,2.11E-05,2.36E-05
YGR020C,6.19E-05,5.79E-05,5.89E-05,6.34E-05,9.17E-05,9.47E-05,9.89E-05,9.74E-05,9.32E-05,0.00010093
YGR032W,6.26E-05,3.55E-05,4.47E-05,4.83E-05,0.000150283,0.000136532,1.18E-06,4.51E-06,0,1.03E-06
YGR048W,5.28E-05,5.75E-05,5.37E-05,5.76E-05,3.86E-05,4.22E-05,3.71E-05,3.78E-05,3.31E-05,3.68E-05
YGR054W,0.000154404,0.000160774,0.000198321,0.000171625,0.000287435,0.00027406,0.000246905,0.000253299,0.000239094,0.000249071
YGR055W,3.02E-05,2.85E-05,2.18E-05,2.59E-05,7.63E-05,7.69E-05,6.27E-05,6.20E-05,6.54E-05,6.67E-05
YGR060W,7.55E-05,7.52E-05,5.89E-05,5.75E-05,4.89E-05,4.62E-05,9.25E-05,9.06E-05,0.000148383,0.000150153
YGR061C,0.001267391,0.001396019,0.001468029,0.001418865,0.001453315,0.0014699,0.001598281,0.001576973,0.002406435,0.002445748
YGR080W,0.000155813,0.000153146,0.000154573,0.000154401,0.000132619,0.000137393,8.83E-05,9.21E-05,6.78E-05,7.72E-05
YGR082W,9.14E-05,0.000100333,0.000108928,0.000103454,0.000139903,0.000143323,0.000148433,0.000150274,0.000121279,0.000118361
YGR083C,3.25E-05,3.37E-05,3.63E-05,3.61E-05,3.31E-05,3.00E-05,3.36E-05,3.15E-05,3.32E-05,3.11E-05
YGR084C,3.23E-05,3.19E-05,3.57E-05,3.48E-05,5.56E-05,6.07E-05,4.03E-05,4.09E-05,3.17E-05,3.19E-05
YGR085C,0.001489657,0.001533269,0.001595888,0.001578876,0.002730199,0.002603075,0.003080581,0.003000897,0.00342842,0.003065169
YGR086C,0.002506846,0.002111832,0.001921779,0.001953548,0.001418144,0.001414252,0.001127459,0.001120829,0.000995383,0.001018207
YGR087C,0.000406081,0.000441557,0.000441337,0.000663492,1.37E-05,7.09E-06,4.13E-06,4.05E-06,3.41E-06,7.61E-06
YGR090W,0.000116071,0.000126273,0.000128906,0.000128674,0.000138517,0.000126817,0.000116211,0.000124115,0.00012223,0.000128383
YGR094W,0.0012958,0.001367086,0.001437185,0.001404026,0.001827785,0.001852947,0.001984794,0.002007162,0.002106841,0.002072896
YGR103W,0.000148869,0.000166131,0.000165856,0.000170864,0.00017182,0.000167772,0.000176752,0.000203389,0.000178031,0.000189844
YGR116W,0.000115461,0.000111924,0.000123698,0.000122896,0.00012905,0.000131835,0.000118074,0.000120535,0.000122323,0.000119459
YGR119C,3.55E-05,2.71E-05,2.68E-05,2.89E-05,3.09E-05,2.65E-05,2.06E-05,2.84E-05,2.18E-05,2.33E-05
YGR124W,0.000407859,0.000419702,0.000460228,0.000418451,0.000795281,0.000818597,0.000701243,0.000719976,0.000694134,0.000774766
YGR128C,6.26E-05,6.94E-05,6.90E-05,7.22E-05,7.75E-05,7.80E-05,7.74E-05,8.33E-05,8.90E-05,8.61E-05
YGR130C,0.000288615,0.000233681,0.000267763,0.000255697,6.55E-05,5.88E-05,2.53E-05,4.09E-05,2.38E-05,4.08E-05
YGR132C,0.000232993,0.000245117,0.000255452,0.000260028,0.000227654,0.000230923,0.000196819,0.000190018,0.000156022,0.000164454
YGR135W,0.000354575,0.000324347,0.00031233,0.000328856,0.000297479,0.000281289,0.000252504,0.000270677,0.000241668,0.000228288
YGR145W,2.25E-05,3.33E-05,3.00E-05,2.72E-05,3.89E-05,3.78E-05,3.58E-05,3.92E-05,4.97E-05,4.62E-05
YGR148C,9.71E-05,0.000116476,9.52E-05,9.71E-05,0.000142837,0.000147353,0.000162347,0.000187703,0.000176513,0.000195488
YGR155W,0.001233761,0.001452795,0.001536357,0.001534234,0.001440109,0.001465011,0.001530272,0.001496882,0.001625756,0.001633786
YGR159C,0.000990052,0.001084398,0.001033989,0.001082907,0.000834185,0.00078275,0.000935693,0.000990463,0.001050531,0.001071385
YGR162W,0.000227979,0.000255278,0.000245959,0.00026557,0.000312204,0.000328219,0.000365689,0.000384629,0.000376419,0.000374157
YGR165W,4.56E-05,4.77E-05,5.21E-05,4.54E-05,8.69E-05,9.23E-05,6.62E-05,6.57E-05,4.02E-05,4.35E-05
YGR167W,0.00017513,0.000187564,0.000195061,0.000193559,0.000146838,0.000149481,0.000134341,0.00011909,0.000121673,0.000127446
YGR173W,8.71E-05,9.27E-05,9.29E-05,9.69E-05,0.000107705,0.000103765,0.000100763,9.54E-05,0.000104377,9.82E-05
YGR175C,0.000166011,0.000188739,0.000144824,0.000137657,7.67E-05,6.54E-05,0.000123315,0.000128383,0.00026035,0.000255399
YGR178C,8.81E-05,9.04E-05,9.38E-05,9.26E-05,8.94E-05,9.39E-05,9.29E-05,9.27E-05,8.11E-05,8.80E-05
YGR180C,0.001963614,0.001809799,0.001469108,0.001541548,0.000845013,0.000886864,0.000690557,0.000678007,0.000657836,0.000646632
YGR181W,6.42E-05,5.98E-05,6.87E-05,6.64E-05,6.07E-05,5.68E-05,4.61E-05,4.66E-05,3.80E-05,4.19E-05
YGR184C,1.29E-05,1.64E-05,2.00E-05,1.64E-05,1.66E-05,1.97E-05,1.82E-05,1.77E-05,1.57E-05,1.51E-05
YGR185C,0.000299836,0.00031308,0.000336399,0.000314569,0.000454762,0.000445328,0.000441851,0.000451404,0.000452532,0.000427041
YGR186W,2.23E-05,2.19E-05,2.57E-05,2.40E-05,2.62E-05,2.61E-05,2.19E-05,2.32E-05,2.04E-05,2.24E-05
YGR187C,5.28E-05,4.98E-05,5.53E-05,5.26E-05,5.07E-05,5.00E-05,5.74E-05,5.57E-05,6.86E-05,6.72E-05
YGR189C,0.000403239,0.000403626,0.000300495,0.000340225,0.000541362,0.000488575,0.000191207,0.000207686,0.00016506,0.000151425
YGR192C,0.004875976,0.004857096,0.005330335,0.00516939,0.003277359,0.0035895,0.005369569,0.004466582,0.006070289,0.005904055
YGR193C,0.000147465,0.000136161,0.000161443,0.000150491,9.60E-05,9.42E-05,6.97E-05,6.56E-05,5.79E-05,6.51E-05
YGR200C,4.79E-05,4.31E-05,5.24E-05,5.04E-05,6.07E-05,6.13E-05,5.77E-05,6.17E-05,5.54E-05,5.49E-05
YGR204W,0.001474945,0.00155892,0.00171096,0.001699127,0.002474842,0.002448525,0.002366059,0.002420347,0.003446282,0.003403085
YGR207C,0.000150383,0.000164284,0.000172834,0.000173764,0.00015942,0.000166801,0.000142012,0.000140981,0.000123503,0.000123621
YGR208W,4.32E-05,4.72E-05,5.39E-05,5.04E-05,3.21E-05,3.39E-05,3.23E-05,3.40E-05,3.77E-05,4.00E-05
YGR209C,0.000713643,0.000721043,0.000685736,0.000712543,0.000131704,0.000125885,9.82E-05,9.04E-05,5.62E-05,7.31E-05
YGR211W,0.000271352,0.000267557,0.000248087,0.000256471,0.00025259,0.000247384,0.000214712,0.000221954,0.000213265,0.000204
YGR214W,4.95E-05,6.34E-05,5.73E-05,5.29E-05,6.26E-05,8.64E-05,8.90E-05,8.93E-05,8.75E-05,8.92E-05
YGR218W,0.000196278,0.000207112,0.000200274,0.000207804,0.000186112,0.000181652,0.000147474,0.00014526,0.000137192,0.000141098
YGR229C,5.37E-05,4.25E-05,6.03E-05,5.53E-05,6.52E-05,6.77E-05,6.72E-05,7.27E-05,5.96E-05,5.57E-05
YGR231C,0.000128539,0.000135971,0.000147101,0.000147063,0.000135136,0.000126182,0.000127711,0.000121033,9.96E-05,9.19E-05
YGR232W,4.53E-05,3.62E-05,4.41E-05,4.65E-05,4.98E-05,4.39E-05,3.52E-05,3.57E-05,3.14E-05,2.88E-05
YGR234W,0.001460862,0.002194346,0.00262757,0.002533563,0.001921789,0.00199659,0.002701351,0.002669517,0.001698627,0.001840251
YGR240C,0.001909843,0.00201539,0.002095994,0.00202494,0.002190082,0.002209824,0.002796755,0.002743088,0.003359046,0.003410045
YGR244C,0.001121103,0.001089761,0.00112245,0.001129972,0.000674391,0.000725807,0.000314702,0.000330726,0.000136037,0.000148087
YGR253C,0.000377611,0.000347513,0.000340807,0.000350618,0.000333629,0.000320715,0.000280368,0.000305672,0.00025686,0.00025934
YGR254W,0.029124382,0.030925957,0.029686367,0.029832593,0.01739118,0.017916399,0.033964116,0.031344545,0.044218296,0.039889128
YGR256W,0.00050618,0.000469066,0.000443344,0.000393516,3.58E-06,9.36E-07,0,0,0,2.66E-07
YGR264C,0.000296253,0.000321314,0.000329182,0.000354504,0.000487562,0.000517853,0.000590469,0.000595306,0.000634823,0.000610215
YGR266W,6.39E-05,6.78E-05,6.81E-05,6.48E-05,4.74E-05,4.22E-05,3.19E-05,2.77E-05,2.69E-05,3.88E-05
YGR267C,3.26E-05,2.51E-05,3.56E-05,3.71E-05,4.67E-05,4.10E-05,5.50E-05,5.44E-05,5.68E-05,5.26E-05
YGR271C-A,2.64E-05,2.97E-05,3.23E-05,3.22E-05,3.38E-05,3.02E-05,3.59E-05,4.13E-05,3.85E-05,3.92E-05
YGR275W,1.60E-05,1.56E-05,1.56E-05,1.64E-05,1.41E-05,1.58E-05,1.62E-05,1.52E-05,1.52E-05,1.58E-05
YGR277C,5.33E-05,5.67E-05,5.11E-05,5.28E-05,4.41E-05,4.15E-05,3.13E-05,3.38E-05,3.14E-05,2.96E-05
YGR279C,0.000162515,0.000151114,0.00014061,0.000140861,0.000111934,0.000110722,0.000178769,0.000173443,0.000155844,0.000157673
YGR282C,0.001498759,0.001429705,0.001223913,0.001279972,0.00111176,0.001075022,0.001106975,0.00108624,0.000866314,0.000809794
YGR285C,0.00050593,0.000530854,0.0005337,0.000541003,0.00079133,0.000795902,0.000857401,0.000805577,0.000849735,0.000863901
YHL004W,4.09E-05,3.68E-05,4.77E-05,4.46E-05,7.74E-05,8.07E-05,6.52E-05,5.99E-05,4.53E-05,4.12E-05
YHL007C,2.46E-05,2.64E-05,2.08E-05,3.27E-05,3.27E-05,3.33E-05,2.69E-05,3.14E-05,2.79E-05,4.40E-05
YHL011C,0.000130571,0.000143265,0.000137326,0.000132445,0.000181098,0.000181006,0.000170637,0.000172058,0.000184415,0.000173124
YHL015W,0.002420438,0.002525988,0.002422852,0.0024638,0.003984962,0.003515636,0.004451646,0.004477154,0.004411071,0.0042646
YHL030W,0.000137743,0.000138158,0.000134224,0.000136122,0.000135274,0.000130446,0.000120472,0.000125846,0.000127639,0.000124655
YHL031C,4.62E-05,4.61E-05,4.30E-05,5.16E-05,4.99E-05,5.02E-05,2.63E-05,3.00E-05,1.91E-05,3.13E-05
YHL033C,0.000206271,0.000214059,0.000223746,0.000202054,0.000381317,0.000374007,0.000327675,0.000329633,0.00036157,0.000393123
YHL034C,0.000887934,0.000836736,0.000846035,0.000868308,0.000707861,0.000714474,0.000681861,0.000649592,0.000588555,0.000578569
YHR001W,6.85E-05,6.51E-05,7.63E-05,6.76E-05,6.61E-05,5.94E-05,4.35E-05,2.47E-05,3.67E-05,3.79E-05
YHR001W-A,0.000239845,0.000234617,0.000208187,0.00020235,0.000313636,0.000347135,0.000167921,0.000188944,6.53E-05,7.70E-05
YHR005C,2.60E-05,2.56E-05,2.55E-05,2.93E-05,2.49E-05,2.73E-05,3.08E-05,3.24E-05,2.60E-05,2.45E-05
YHR005C-A,7.32E-05,6.99E-05,7.81E-05,7.82E-05,9.55E-05,9.18E-05,9.36E-05,8.43E-05,6.72E-05,7.13E-05
YHR007C,0.000145255,0.000159324,0.000140547,0.000140962,0.000119968,0.000121172,0.000172236,0.000178357,0.000260223,0.000251609
YHR008C,0.000729393,0.000698783,0.000719706,0.000667661,0.000441513,0.000427261,0.00029816,0.000280741,0.000134452,0.000136739
YHR009C,6.66E-05,6.96E-05,8.76E-05,6.69E-05,7.43E-05,7.48E-05,6.73E-05,6.78E-05,5.57E-05,6.05E-05
YHR010W,0.002136069,0.0023,0.002343174,0.002173564,0.003973053,0.003620416,0.00390964,0.004333344,0.004076351,0.004351638
YHR016C,2.03E-05,2.01E-05,2.20E-05,2.27E-05,0,3.96E-06,3.98E-06,0,3.04E-06,5.34E-06
YHR018C,0.000718506,0.000594969,0.00067202,0.000599966,0.000731456,0.000731697,0.000834085,0.000831071,0.000858592,0.000865759
YHR019C,0.000693723,0.000680788,0.000697494,0.000673363,0.001114187,0.001106786,0.001126368,0.001127704,0.0011486,0.001186749
YHR020W,0.000629007,0.000689303,0.000723622,0.000699724,0.001014854,0.001020159,0.001152542,0.001156331,0.001256188,0.001290739
YHR024C,6.12E-05,6.41E-05,7.26E-05,7.23E-05,0.000107362,0.00010425,8.43E-05,8.71E-05,6.22E-05,6.43E-05
YHR025W,0.000167968,0.000150368,0.000162973,0.000151284,0.000224319,0.000223612,0.00026137,0.000253261,0.000273089,0.000265408
YHR027C,0.000811803,0.000838111,0.000843494,0.000871915,0.000820983,0.00080023,0.000658111,0.000700626,0.00065465,0.00064111
YHR029C,0.00010402,9.46E-05,0.000102323,0.000110063,5.12E-05,2.82E-05,7.07E-05,7.14E-05,8.47E-05,8.11E-05
YHR030C,0.000101778,8.87E-05,8.90E-05,9.66E-05,0.000135872,0.000130563,4.94E-05,3.62E-05,2.71E-05,2.82E-05
YHR037W,0.000371271,0.000352414,0.000333401,0.000345595,0.000349636,0.000353554,0.000235203,0.000257378,0.000187374,0.000190905
YHR039C,8.76E-05,8.58E-05,7.95E-05,8.59E-05,8.38E-05,9.13E-05,6.93E-05,7.56E-05,8.49E-05,8.55E-05
YHR039C-A,8.89E-05,8.81E-05,9.26E-05,0.000101126,0.000113912,0.000111258,0.000127618,0.000142388,0.000135614,0.000149697
YHR042W,0.000186087,0.000180887,0.000179542,0.000191355,0.000181349,0.000182203,0.000180971,0.000179914,0.000190461,0.000194921
YHR047C,0.000104285,0.000105879,9.98E-05,9.83E-05,0.000114629,0.000117469,7.85E-05,8.46E-05,7.81E-05,7.88E-05
YHR051W,0.000756305,0.000775176,0.000787843,0.000841973,0.000894899,0.00089669,0.000497604,0.000516995,0.000235065,0.000238319
YHR052W,6.33E-05,7.27E-05,7.11E-05,7.65E-05,8.45E-05,8.07E-05,9.52E-05,8.81E-05,0.000105044,0.000104705
YHR062C,1.88E-05,1.80E-05,1.67E-05,1.98E-05,2.20E-05,2.38E-05,1.61E-05,2.04E-05,1.92E-05,1.99E-05
YHR063C,5.95E-05,5.35E-05,7.46E-05,6.69E-05,0.000158098,0.000151663,0.000131859,0.000129705,0.000122328,0.000124267
YHR064C,0.001015793,0.001051466,0.00105033,0.001039908,0.001457561,0.001528704,0.001585871,0.001540483,0.001714997,0.001649518
YHR065C,2.74E-05,3.25E-05,3.46E-05,3.84E-05,5.71E-05,5.76E-05,5.39E-05,5.85E-05,5.70E-05,4.86E-05
YHR066W,2.01E-06,0,2.30E-06,2.58E-06,3.74E-06,1.66E-06,1.61E-06,0,2.28E-06,3.87E-06
YHR068W,0.000150518,0.000158365,0.000176064,0.000164374,0.000273723,0.000279878,0.000354601,0.000367041,0.000441604,0.000445966
YHR069C,3.22E-05,2.79E-05,2.94E-05,3.45E-05,2.96E-05,3.32E-05,2.96E-05,3.12E-05,2.75E-05,3.14E-05
YHR074W,0.000133906,0.000132399,0.000122621,0.000122791,0.000130509,0.000131227,0.000105024,0.000104243,9.40E-05,9.75E-05
YHR098C,6.26E-05,5.19E-05,6.25E-05,6.12E-05,8.89E-05,8.10E-05,6.40E-05,6.98E-05,6.81E-05,6.58E-05
YHR104W,0.000573147,0.00051277,0.000452436,0.00046323,0.000350456,0.000332197,0.000218186,0.00024486,0.000134412,0.000129741
YHR107C,0.000145227,0.000145179,0.000134846,0.000139797,0.000164072,0.00017556,0.000123181,0.000131435,0.00011872,0.000115796
YHR108W,8.51E-05,8.28E-05,8.45E-05,8.55E-05,0.000102289,0.000105279,8.59E-05,8.70E-05,7.76E-05,8.02E-05
YHR111W,3.96E-05,3.78E-05,3.76E-05,4.00E-05,3.18E-05,3.47E-05,2.55E-05,2.50E-05,2.70E-05,2.27E-05
YHR112C,0.000118227,0.000122121,0.000116369,0.000128378,0.000125548,0.000124315,0.000143955,0.000156891,0.000129018,0.000133086
YHR113W,0.000201018,0.000213515,0.000209964,0.000207569,0.000135893,0.000136739,7.91E-05,9.53E-05,5.21E-05,7.00E-05
YHR117W,2.91E-05,2.57E-05,2.99E-05,3.02E-05,4.27E-05,4.31E-05,3.60E-05,4.46E-05,3.36E-05,3.92E-05
YHR121W,8.53E-05,8.00E-05,8.06E-05,8.19E-05,0.000112533,0.000113278,8.68E-05,9.07E-05,7.48E-05,7.32E-05
YHR128W,0.000112366,0.000130084,0.000134379,0.000140473,0.000161433,0.000163025,0.000189736,0.000199159,0.0002118,0.000215239
YHR132C,0.000100126,8.94E-05,8.90E-05,8.63E-05,4.94E-05,4.69E-05,3.97E-05,4.19E-05,3.79E-05,3.52E-05
YHR135C,6.05E-05,5.88E-05,5.58E-05,5.88E-05,6.72E-05,6.61E-05,4.84E-05,5.93E-05,5.60E-05,5.38E-05
YHR143W-A,4.93E-05,6.33E-05,6.57E-05,6.76E-05,6.27E-05,5.82E-05,6.77E-05,6.68E-05,7.00E-05,7.24E-05
YHR146W,0.000230996,0.000231303,0.000221678,0.000212068,0.000132879,0.00013922,0.000126817,0.000123172,0.000135919,0.000136479
YHR158C,4.12E-05,4.40E-05,4.62E-05,4.76E-05,4.07E-05,3.91E-05,3.14E-05,3.48E-05,3.04E-05,3.16E-05
YHR163W,0.00017526,0.000181945,0.000185208,0.000180094,7.94E-05,7.70E-05,7.33E-05,6.08E-05,4.35E-05,5.01E-05
YHR170W,6.01E-05,6.98E-05,6.97E-05,7.00E-05,8.46E-05,8.27E-05,8.49E-05,8.32E-05,8.88E-05,9.00E-05
YHR179W,0.000642057,0.000787178,0.000796114,0.00081666,0.000808546,0.000860525,0.001134624,0.001120153,0.001189151,0.001157644
YHR183W,0.003116017,0.003509461,0.004430593,0.003928103,0.005858892,0.006102083,0.006275151,0.006360087,0.005765878,0.005919512
YHR190W,0.000245505,0.000210102,0.000199664,0.000208775,0.000342208,0.000351472,0.000280587,0.000296927,0.000290729,0.00028767
YHR193C,0.001095203,0.001148527,0.001209472,0.001127123,0.00126162,0.001270872,0.001391415,0.001514574,0.001468116,0.001567035
YHR196W,0.000428517,0.000405867,0.000465302,0.000494359,0.000494927,0.000465064,0.00056295,0.000580728,0.000700318,0.000577898
YHR197W,4.35E-05,5.33E-05,4.77E-05,5.17E-05,4.99E-05,5.15E-05,5.37E-05,5.45E-05,5.89E-05,5.47E-05
YHR200W,0.000158921,0.000153344,0.000136282,0.000144298,0.000157955,0.000149037,0.000118464,0.000127038,0.00010216,0.000103547
YHR203C,0.002623129,0.002728151,0.002857642,0.002682764,0.004710561,0.004452108,0.005137455,0.004952727,0.005268009,0.005486528
YHR208W,0.00094748,0.00112568,0.001092443,0.001085843,0.001085045,0.001059961,0.001217474,0.001166496,0.001232839,0.001250336
YIL009W,5.18E-06,0,4.73E-06,8.23E-06,6.87E-06,7.75E-06,2.12E-05,1.42E-05,1.88E-05,2.17E-05
YIL018W,0.002531855,0.002650911,0.002803254,0.002619813,0.004592748,0.004276418,0.005156946,0.005074216,0.00544094,0.005324362
YIL021W,2.76E-05,2.75E-05,2.54E-05,2.73E-05,2.61E-05,2.58E-05,2.38E-05,2.30E-05,2.32E-05,2.17E-05
YIL022W,0.000183994,0.000194778,0.000192381,0.000204416,0.0002374,0.000241534,0.000192752,0.000196256,0.000162513,0.000156941
YIL030C,2.96E-05,2.77E-05,2.91E-05,2.92E-05,3.66E-05,3.83E-05,3.18E-05,3.64E-05,3.55E-05,3.22E-05
YIL033C,0.000647592,0.000679923,0.000659328,0.00068308,0.000249794,0.000249124,0.0001718,0.00017846,0.00013616,0.000136897
YIL034C,0.000136475,0.000129185,0.000118499,0.000131314,0.000121537,0.000124525,9.37E-05,9.62E-05,7.55E-05,6.89E-05
YIL035C,3.02E-05,2.98E-05,2.99E-05,2.98E-05,2.63E-05,3.33E-05,2.80E-05,2.59E-05,3.18E-05,2.82E-05
YIL038C,2.88E-05,3.16E-05,3.63E-05,3.41E-05,3.92E-05,4.02E-05,3.29E-05,3.43E-05,3.24E-05,3.22E-05
YIL041W,0.000898695,0.000911909,0.000946035,0.000966327,0.000662595,0.000679703,0.00055974,0.000559265,0.000498654,0.000505651
YIL043C,0.00018593,0.000181362,0.000164981,0.000183083,0.000220829,0.000215154,0.000169361,0.000185861,0.000175628,0.000172647
YIL051C,0.000467516,0.000444256,0.000459216,0.000441477,0.00062074,0.000599938,0.000619745,0.000641019,0.000538894,0.000528696
YIL052C,0.000890549,0.000992144,0.00103933,0.000987523,0.001694484,0.00168079,0.001867735,0.001851485,0.002055507,0.002095948
YIL053W,0.000248066,0.000277055,0.000290044,0.000309228,0.000312766,0.000295172,0.00044722,0.000482746,0.000472002,0.00054643
YIL062C,9.26E-05,8.47E-05,9.47E-05,9.66E-05,7.04E-05,8.69E-05,5.66E-05,5.54E-05,3.91E-05,4.71E-05
YIL069C,0.001825236,0.001932546,0.001962886,0.001879531,0.003398909,0.003091939,0.003729995,0.00396122,0.003831027,0.003878882
YIL070C,0.000155837,0.00016183,0.000160178,0.000166867,0.000191001,0.000226344,0.000185187,0.00017603,0.00011154,0.000122057
YIL074C,0.00024418,0.000284003,0.000295033,0.000311248,0.000356927,0.000339176,0.000368969,0.000395063,0.00050968,0.000511966
YIL075C,0.000585498,0.000584847,0.000567162,0.000585705,0.000553881,0.00054864,0.000442564,0.000470927,0.000415775,0.000406787
YIL076W,8.85E-05,8.75E-05,7.55E-05,8.93E-05,0.000111878,0.000107854,8.42E-05,8.32E-05,8.80E-05,7.68E-05
YIL078W,0.000999958,0.001084809,0.001114384,0.001092898,0.001342718,0.001357393,0.001390555,0.001396194,0.001513027,0.001547039
YIL083C,7.54E-05,7.11E-05,8.33E-05,7.41E-05,8.58E-05,9.14E-05,4.16E-05,4.19E-05,4.52E-05,4.39E-05
YIL091C,1.71E-05,1.94E-05,2.63E-05,2.11E-05,1.54E-05,1.78E-05,1.61E-05,1.39E-05,2.45E-05,1.85E-05
YIL094C,0.001454138,0.001435893,0.001516461,0.001542503,0.001850702,0.001771718,0.002033383,0.00211072,0.002353649,0.002327602
YIL108W,8.16E-05,7.38E-05,7.72E-05,8.05E-05,8.78E-05,9.23E-05,2.54E-05,2.36E-05,1.90E-05,2.89E-05
YIL109C,0.000396123,0.000383291,0.00038755,0.000399312,0.00044594,0.000431125,0.000341655,0.000349391,0.000321451,0.00030628
YIL115C,5.29E-05,5.24E-05,6.27E-05,6.63E-05,4.40E-05,4.30E-05,2.48E-05,2.10E-05,3.32E-05,2.20E-05
YIL116W,0.000367765,0.000352592,0.000384497,0.00039274,0.000299318,0.000297592,0.0003117,0.00033447,0.000393717,0.000395371
YIL118W,8.77E-05,9.12E-05,9.35E-05,9.49E-05,0.000110156,0.000106059,9.06E-05,0.000107322,9.31E-05,9.75E-05
YIL124W,0.000252773,0.000193007,0.000169584,0.000163328,8.12E-05,8.29E-05,5.29E-05,6.05E-05,4.37E-05,4.43E-05
YIL125W,0.001492658,0.001574167,0.001609697,0.001546435,0.001225255,0.001297677,0.000487461,0.000505216,0.000255081,0.000277647
YIL126W,4.37E-05,3.97E-05,4.34E-05,4.30E-05,5.26E-05,5.58E-05,5.29E-05,5.53E-05,5.61E-05,5.21E-05
YIL128W,2.06E-05,1.95E-05,2.02E-05,2.02E-05,2.32E-05,2.67E-05,1.74E-05,2.43E-05,2.15E-05,1.85E-05
YIL133C,0.000406492,0.000460968,0.000392687,0.000466303,0.000744275,0.000725766,0.000816867,0.000795635,0.000906256,0.000818828
YIL137C,6.46E-05,5.95E-05,6.50E-05,6.76E-05,0.000103879,0.000104495,8.17E-05,7.46E-05,7.59E-05,7.25E-05
YIL138C,0.000141474,0.000147709,0.000160095,0.00015251,0.00013472,0.000130068,9.59E-05,9.32E-05,8.36E-05,8.26E-05
YIL142W,0.000406043,0.000426314,0.000404894,0.00042419,0.000450308,0.000436016,0.000471367,0.000464108,0.000503242,0.000499024
YIR003W,4.53E-05,4.62E-05,6.25E-05,4.98E-05,3.44E-05,3.84E-05,2.73E-05,2.13E-05,1.51E-05,1.63E-05
YIR004W,3.71E-05,4.88E-05,4.49E-05,4.43E-05,5.92E-05,5.13E-05,5.13E-05,5.58E-05,3.69E-05,4.52E-05
YIR006C,0.000126449,0.000127117,0.000129955,0.000131202,0.000123172,0.000131799,0.000135469,0.000128982,0.000123943,0.000123162
YIR012W,4.34E-05,4.36E-05,4.17E-05,4.54E-05,4.91E-05,4.94E-05,5.07E-05,4.82E-05,5.53E-05,4.81E-05
YIR022W,3.05E-05,2.49E-05,2.55E-05,2.70E-05,3.21E-05,3.06E-05,2.51E-05,2.54E-05,2.55E-05,2.50E-05
YIR034C,0.000648305,0.000631833,0.00059972,0.000610773,0.000934635,0.000921458,0.000971478,0.000997035,0.001060512,0.001063301
YIR035C,2.04E-05,2.22E-05,2.06E-05,2.35E-05,2.03E-05,1.66E-05,4.74E-05,4.27E-05,2.16E-05,1.95E-05
YIR036C,0.000112542,0.000106199,8.86E-05,9.46E-05,6.66E-05,6.30E-05,4.30E-05,3.71E-05,3.06E-05,3.56E-05
YIR037W,0.000175102,0.000161984,0.000162584,0.000150693,9.22E-05,9.56E-05,7.45E-05,5.80E-05,5.16E-05,5.95E-05
YIR038C,0.000252449,0.000236744,0.000209922,0.000227758,6.57E-05,6.68E-05,4.85E-05,5.59E-05,2.57E-05,2.51E-05
YJL001W,0.000210635,0.000191635,0.000185045,0.00018834,0.000197314,0.000188304,0.00016837,0.000159393,0.00015756,0.000152425
YJL002C,6.30E-05,5.83E-05,5.75E-05,5.47E-05,8.26E-05,8.14E-05,7.61E-05,7.89E-05,8.46E-05,7.76E-05
YJL008C,0.000392782,0.000392548,0.000395333,0.000410046,0.000475778,0.000455571,0.000491528,0.000492771,0.000515703,0.000506201
YJL010C,5.36E-05,5.37E-05,5.35E-05,5.41E-05,5.58E-05,5.40E-05,5.09E-05,5.13E-05,5.89E-05,5.36E-05
YJL012C,4.25E-05,4.09E-05,3.80E-05,4.08E-05,7.39E-05,6.96E-05,7.44E-05,7.68E-05,7.57E-05,6.94E-05
YJL014W,0.00042813,0.000416052,0.000426212,0.000431312,0.000504197,0.000492734,0.000513061,0.000518141,0.000541188,0.000535004
YJL020C,0.000253726,0.000255446,0.000256811,0.000269907,0.000197914,0.000189484,0.000131437,0.000103364,7.50E-05,9.89E-05
YJL026W,0.001873482,0.001638139,0.001384769,0.001445755,0.000561133,0.000536126,0.000443675,0.000443154,0.000408042,0.000439151
YJL033W,3.12E-05,2.57E-05,3.87E-05,3.90E-05,4.95E-05,5.12E-05,5.97E-05,5.83E-05,6.73E-05,7.11E-05
YJL034W,0.001117673,0.000963879,0.000944907,0.00092661,0.001954539,0.001939912,0.000985029,0.001028677,0.000878883,0.000887104
YJL050W,8.91E-05,8.70E-05,8.64E-05,9.50E-05,0.000104889,0.000106081,0.000111973,0.000120823,0.000120428,0.000115523
YJL052W,0.001706178,0.001465831,0.001645822,0.001606782,0.000272909,0.000212511,0.000214595,0.00023543,0.000191404,0.000158562
YJL054W,2.04E-05,2.23E-05,2.11E-05,2.17E-05,2.29E-05,2.39E-05,1.99E-05,2.13E-05,1.89E-05,1.67E-05
YJL055W,3.03E-05,2.88E-05,3.75E-05,3.21E-05,3.84E-05,4.12E-05,4.16E-05,3.85E-05,3.34E-05,3.78E-05
YJL060W,0.000503482,0.000485891,0.000504491,0.000515371,0.000475241,0.000461699,0.000380804,0.000420523,0.000334035,0.000327776
YJL068C,0.000143027,0.000145026,0.000136277,0.000138335,8.18E-05,7.93E-05,5.89E-05,6.23E-05,4.38E-05,4.38E-05
YJL076W,2.82E-05,3.30E-05,3.20E-05,3.01E-05,3.48E-05,3.63E-05,3.10E-05,3.60E-05,3.00E-05,3.43E-05
YJL080C,0.000737156,0.000701225,0.000699689,0.000690069,0.001165937,0.001221625,0.001239777,0.00127479,0.001261277,0.001212368
YJL081C,2.10E-05,2.46E-05,1.98E-05,2.27E-05,2.02E-05,2.12E-05,1.69E-05,1.93E-05,1.77E-05,1.63E-05
YJL087C,1.59E-05,1.77E-05,1.99E-05,2.13E-05,2.65E-05,2.92E-05,1.65E-05,1.13E-05,1.98E-05,1.65E-05
YJL088W,0.000668351,0.000796356,0.000902406,0.000876226,0.000591012,0.000577229,0.000700266,0.000681789,0.000847589,0.000883045
YJL096W,1.33E-05,1.32E-05,1.37E-05,1.37E-05,2.53E-05,2.41E-05,1.92E-05,1.96E-05,1.29E-05,1.29E-05
YJL101C,5.46E-05,5.12E-05,5.53E-05,6.13E-05,7.54E-05,7.63E-05,9.94E-05,0.000103027,0.000104844,9.90E-05
YJL109C,0.000122932,0.000135855,0.000136271,0.000139984,0.000154861,0.000160097,0.000157414,0.000169553,0.000176451,0.000169072
YJL111W,0.000322417,0.000339323,0.000349272,0.000357617,0.000344334,0.000366809,0.000349824,0.000356038,0.000364783,0.000360205
YJL117W,3.91E-05,3.26E-05,3.73E-05,3.50E-05,4.00E-05,4.11E-05,2.68E-05,3.09E-05,2.98E-05,2.61E-05
YJL123C,8.42E-05,7.85E-05,7.23E-05,7.36E-05,7.28E-05,8.10E-05,7.31E-05,7.50E-05,6.58E-05,6.52E-05
YJL124C,1.96E-05,1.62E-05,2.04E-05,1.91E-05,2.47E-05,2.05E-05,2.03E-05,1.93E-05,1.12E-05,1.70E-05
YJL125C,2.24E-05,1.98E-05,2.05E-05,2.51E-05,2.85E-05,2.36E-05,2.39E-05,2.89E-05,2.60E-05,2.72E-05
YJL128C,1.60E-05,1.75E-05,1.69E-05,1.92E-05,1.75E-05,1.66E-05,1.79E-05,1.90E-05,1.55E-05,1.49E-05
YJL130C,0.006476772,0.005605714,0.005487998,0.005938926,0.009004039,0.008635932,0.006746095,0.006869504,0.008106734,0.007767798
YJL136C,2.92E-05,2.38E-05,2.70E-05,3.02E-05,4.90E-05,4.85E-05,6.30E-05,5.78E-05,7.43E-05,7.79E-05
YJL145W,4.97E-05,5.08E-05,5.05E-05,5.48E-05,6.53E-05,6.76E-05,5.28E-05,3.63E-05,4.85E-05,5.32E-05
YJL167W,0.000667304,0.000597636,0.000578449,0.000583273,0.00105394,0.001053987,0.000867349,0.000878735,0.000815759,0.000820513
YJL171C,6.42E-05,5.92E-05,5.78E-05,5.15E-05,0.000112348,0.000108774,5.82E-05,6.07E-05,5.80E-05,5.72E-05
YJL172W,0.000245464,0.000226117,0.000225665,0.000205315,0.000148319,0.000141009,0.000114997,0.00013705,0.000112569,0.000103131
YJL173C,5.87E-05,5.80E-05,5.30E-05,5.77E-05,5.76E-05,6.04E-05,4.67E-05,4.91E-05,4.18E-05,4.55E-05
YJL176C,2.80E-05,1.18E-05,2.05E-05,2.13E-05,3.14E-05,2.08E-05,1.87E-05,1.34E-05,1.51E-05,1.70E-05
YJL183W,5.41E-05,5.02E-05,5.63E-05,5.18E-05,6.67E-05,6.84E-05,6.52E-05,6.67E-05,6.11E-05,6.68E-05
YJL191W,1.79E-05,6.59E-06,6.13E-06,1.68E-05,1.45E-05,1.38E-05,1.37E-05,1.30E-05,1.32E-05,1.29E-05
YJL197W,8.09E-06,8.10E-06,8.26E-06,8.87E-06,1.02E-05,9.71E-06,1.05E-05,1.05E-05,1.39E-05,1.20E-05
YJL200C,0.000849062,0.000959154,0.000953297,0.000928952,0.001180919,0.001172747,0.001266285,0.001316442,0.001333087,0.001383606
YJL217W,0.000152249,0.000146355,0.000172538,0.000165311,7.59E-05,8.31E-05,0.000526336,0.000541385,2.08E-05,3.59E-05
YJR006W,7.43E-06,9.55E-06,9.09E-06,7.95E-06,9.23E-06,9.43E-06,7.79E-06,8.25E-06,8.21E-06,7.33E-06
YJR007W,0.000383123,0.000400249,0.000386851,0.000389149,0.000445006,0.000432222,0.000405744,0.000407826,0.000433956,0.00041934
YJR009C,0.001148855,0.001223992,0.001314055,0.001334302,0.000572051,0.000607009,0.001763179,0.001499226,0.002555797,0.002426314
YJR010W,0.001075076,0.00129153,0.001376667,0.001363842,0.001485034,0.00153836,0.001636997,0.001564388,0.001857183,0.001809572
YJR014W,6.05E-05,5.57E-05,5.70E-05,5.88E-05,7.03E-05,6.60E-05,7.42E-05,7.60E-05,7.80E-05,7.33E-05
YJR016C,0.000960233,0.000982836,0.000967662,0.000963547,0.001082084,0.001093028,0.001215417,0.001166985,0.00121667,0.001210494
YJR025C,0.000154605,0.000114117,0.000112145,0.000101579,0.000118549,0.000116545,0.000126828,0.000123232,0.000111739,0.000108762
YJR042W,1.40E-05,1.59E-05,1.61E-05,1.73E-05,1.78E-05,2.13E-05,1.70E-05,1.54E-05,1.40E-05,1.41E-05
YJR045C,0.004086941,0.004203993,0.004319029,0.004461069,0.005633314,0.005525456,0.005015376,0.004865155,0.003440187,0.003295504
YJR048W,6.31E-05,8.07E-05,0.000120617,0.000117889,0.000249021,0.000222048,0.000107599,0.000136223,3.79E-05,2.83E-05
YJR064W,0.000250203,0.000260587,0.000257419,0.000265804,0.000298753,0.000302247,0.000293141,0.000312132,0.000311538,0.000306592
YJR065C,0.000327239,0.000310928,0.000319474,0.000324839,0.000306756,0.000306276,0.000230965,0.000232957,0.000207889,0.000192727
YJR068W,2.52E-05,2.65E-05,2.39E-05,2.58E-05,2.76E-05,2.98E-05,2.41E-05,2.76E-05,2.95E-05,2.83E-05
YJR069C,8.47E-05,9.18E-05,9.12E-05,9.41E-05,9.64E-05,0.000107276,0.000101139,0.000109579,9.42E-05,9.78E-05
YJR070C,0.000350421,0.00040996,0.000437588,0.000432494,0.000364023,0.00036072,0.000405721,0.000432087,0.000312976,0.000338854
YJR072C,5.75E-05,6.49E-05,6.23E-05,5.85E-05,7.03E-05,6.88E-05,6.64E-05,6.45E-05,7.52E-05,6.82E-05
YJR076C,6.61E-05,6.66E-05,6.33E-05,6.35E-05,9.66E-05,9.99E-05,7.92E-05,8.78E-05,8.02E-05,7.71E-05
YJR077C,0.002397916,0.002315757,0.00236664,0.002320014,0.004343088,0.004480279,0.002501653,0.002615015,0.001430215,0.001482389
YJR088C,4.86E-05,4.69E-05,4.21E-05,4.49E-05,5.12E-05,4.97E-05,3.64E-05,4.05E-05,3.69E-05,3.92E-05
YJR103W,8.08E-05,6.66E-05,8.74E-05,7.45E-05,2.90E-05,3.15E-05,3.64E-06,0,5.40E-06,9.10E-06
YJR104C,0.003543518,0.004035297,0.003751862,0.00397457,0.00157932,0.001681314,0.001777291,0.001797932,0.000963158,0.001037913
YJR105W,0.000706311,0.000728726,0.00078782,0.000728723,0.000776777,0.000776378,0.000759828,0.000835501,0.000492697,0.000532332
YJR109C,0.003437452,0.003022692,0.003353753,0.003488998,0.004527002,0.004150873,0.002881165,0.003098923,0.00357423,0.003470595
YJR117W,0.000243654,0.000229739,0.000215119,0.000222763,0.000247104,0.000254395,0.000188823,0.000182406,0.00018917,0.000179826
YJR121W,0.008232593,0.008028325,0.008475819,0.008296375,0.010788912,0.011188803,0.006001139,0.006288979,0.002926575,0.003053375
YJR123W,0.001878679,0.001846323,0.002042587,0.001931376,0.003396498,0.003188797,0.003852125,0.003979115,0.004142054,0.004367594
YJR125C,4.25E-05,4.11E-05,3.89E-05,4.04E-05,5.63E-05,5.52E-05,4.46E-05,4.59E-05,4.16E-05,4.06E-05
YJR133W,3.65E-05,3.02E-05,4.56E-05,3.61E-05,5.13E-05,4.96E-05,3.48E-05,2.87E-05,2.89E-05,2.56E-05
YJR137C,0.002323126,0.002574452,0.002722373,0.002656333,0.003401994,0.003338328,0.003860877,0.003864617,0.004142845,0.004144588
YJR139C,0.001573455,0.001615013,0.001604506,0.001673063,0.002325688,0.002271357,0.002140999,0.002153843,0.002263401,0.002216422
YJR143C,3.29E-05,2.19E-05,3.42E-05,3.17E-05,4.74E-05,5.98E-05,5.39E-05,4.74E-05,6.57E-05,6.32E-05
YJR144W,0.000140599,0.000124905,0.00012588,0.000124979,0.000145668,0.000137743,8.76E-05,9.24E-05,6.93E-05,7.35E-05
YJR148W,0.000231983,0.000249336,0.000239609,0.000228256,7.18E-05,7.44E-05,2.12E-05,2.88E-05,1.15E-05,3.08E-05
YKL001C,0.000487309,0.000513806,0.000556905,0.000594577,0.000684006,0.000636643,0.000713522,0.000690866,0.000738812,0.000729039
YKL006W,0.000137029,0.000134287,0.000156791,0.000140548,0.000312624,0.000261951,0.000324762,0.000285361,0.000334355,0.000354291
YKL007W,7.54E-05,6.83E-05,6.53E-05,6.67E-05,7.64E-05,8.22E-05,5.22E-05,4.96E-05,5.46E-05,4.73E-05
YKL009W,0.000142389,0.000153291,0.000148825,0.000158373,0.000157033,0.000148902,0.00016892,0.000168159,0.000192461,0.000197459
YKL013C,7.77E-05,7.07E-05,7.45E-05,7.77E-05,8.28E-05,7.87E-05,4.80E-05,3.35E-05,4.49E-05,4.65E-05
YKL014C,5.33E-05,7.62E-05,5.06E-05,6.98E-05,9.76E-05,0.000113459,0.000104576,6.29E-05,0.000103936,0.000137622
YKL016C,0.000752275,0.00067786,0.000737902,0.00073392,0.001043937,0.001046409,0.000560243,0.000558256,0.000230194,0.000264038
YKL021C,5.37E-05,4.53E-05,5.43E-05,5.03E-05,5.75E-05,6.03E-05,5.65E-05,5.36E-05,6.07E-05,5.58E-05
YKL024C,4.51E-05,5.22E-05,4.88E-05,4.97E-05,4.82E-05,4.55E-05,3.13E-05,3.08E-05,2.42E-05,2.58E-05
YKL027W,4.84E-05,4.79E-05,4.93E-05,4.92E-05,6.42E-05,6.31E-05,5.08E-05,5.48E-05,5.25E-05,5.27E-05
YKL029C,0.000444598,0.00049896,0.00050337,0.000499915,0.00041258,0.000415784,0.000674641,0.000639291,0.001240733,0.0012303
YKL035W,0.000712947,0.000668977,0.000669168,0.000666307,0.000677584,0.000645524,0.000496586,0.00051223,0.000333864,0.00032854
YKL040C,0.000108648,0.000121332,0.000119721,0.00012597,8.94E-05,9.14E-05,7.80E-05,8.40E-05,6.78E-05,6.67E-05
YKL054C,0.000249165,0.000288616,0.000293747,0.000264242,0.000321648,0.000326827,0.00029309,0.000311326,0.000288727,0.000287175
YKL056C,0.001366601,0.001428404,0.001559962,0.001548344,0.002299448,0.002190186,0.002444671,0.002467815,0.002321907,0.002382308
YKL057C,4.67E-05,4.78E-05,4.28E-05,4.22E-05,3.96E-05,3.98E-05,3.46E-05,3.21E-05,3.28E-05,3.00E-05
YKL060C,0.01567257,0.016286861,0.01755326,0.015930294,0.00843855,0.009117729,0.014348967,0.014560438,0.018202507,0.019818929
YKL065C,0.000143357,0.000145565,0.000130451,0.000133426,0.000105281,9.20E-05,6.27E-05,6.88E-05,5.26E-05,5.51E-05
YKL067W,0.001151805,0.001210723,0.001261837,0.001246841,0.001071285,0.001056592,0.000536821,0.000596307,0.000288558,0.00029239
YKL073W,3.05E-05,2.89E-05,2.12E-05,3.19E-05,5.81E-05,5.35E-05,2.44E-05,2.05E-05,2.35E-05,2.29E-05
YKL077W,2.86E-05,2.68E-05,2.40E-05,2.74E-05,3.15E-05,3.17E-05,2.48E-05,2.36E-05,2.60E-05,2.83E-05
YKL080W,0.000284568,0.000291719,0.000281214,0.000284963,0.000398919,0.000381656,0.000380077,0.00037835,0.000390931,0.000370363
YKL081W,0.0011201,0.001243076,0.001343558,0.001293482,0.002228775,0.002263423,0.002350173,0.002387409,0.002828178,0.002771763
YKL085W,0.002306515,0.002226534,0.002400696,0.002354437,0.002222579,0.002223962,0.001054479,0.001145279,0.000421199,0.000408733
YKL094W,4.25E-05,4.77E-05,5.55E-05,4.97E-05,5.12E-05,5.16E-05,3.90E-05,3.65E-05,2.97E-05,3.27E-05
YKL096W,0.000334277,0.000312156,0.000175458,0.000219535,0.000162515,0.00013101,0.000212524,0.000238814,0.00017471,0.000139937
YKL103C,0.00041252,0.000370285,0.00035422,0.000345518,0.000186884,0.000182341,0.000150525,0.000156898,0.000109701,0.000104231
YKL104C,0.000656979,0.000718605,0.000722047,0.000701331,0.000874419,0.000869859,0.000471979,0.000479418,0.000437146,0.00042689
YKL112W,5.85E-05,5.38E-05,5.80E-05,5.33E-05,3.84E-05,3.96E-05,4.48E-05,4.62E-05,4.16E-05,4.66E-05
YKL114C,4.08E-05,3.48E-05,4.23E-05,3.71E-05,3.68E-05,3.57E-05,2.97E-05,2.25E-05,2.73E-05,2.75E-05
YKL117W,0.000241676,0.000226987,0.000247099,0.000226452,0.000106943,0.000101274,9.81E-05,9.97E-05,6.59E-05,7.20E-05
YKL120W,0.000227181,0.00029686,0.000266069,0.000286869,0.000279827,0.000277976,0.000285388,0.000303694,0.000329602,0.00033073
YKL126W,4.91E-05,4.93E-05,4.96E-05,5.02E-05,0.000102149,0.000107244,6.55E-05,6.74E-05,5.65E-05,5.73E-05
YKL127W,8.61E-05,7.52E-05,7.41E-05,7.88E-05,0.000215915,0.000222448,0.000152588,0.00015403,0.000154933,0.00015705
YKL129C,2.61E-05,2.60E-05,1.81E-05,2.91E-05,1.95E-05,1.49E-05,7.17E-06,2.56E-06,2.53E-06,7.32E-06
YKL135C,2.14E-05,2.00E-05,2.03E-05,2.51E-05,2.78E-05,2.81E-05,1.83E-05,1.41E-05,1.90E-05,1.62E-05
YKL142W,0.000848495,0.00086287,0.000855325,0.000856414,0.000460839,0.000454874,0.00025839,0.000250769,0.000164836,0.000175803
YKL145W,0.000305165,0.000290263,0.000284508,0.000297602,0.000269647,0.000263021,0.000249025,0.000250706,0.000236272,0.00024665
YKL148C,0.000840089,0.000961668,0.001041378,0.000985159,0.000945207,0.001063776,0.000262328,0.000269492,6.90E-05,6.49E-05
YKL150W,0.001001255,0.000953002,0.000900603,0.000940654,0.000652512,0.000637151,0.000391817,0.000415765,0.000169038,0.000206834
YKL152C,0.007602892,0.008056886,0.007419951,0.007475879,0.004541439,0.004542729,0.009267615,0.008857107,0.011255926,0.010730706
YKL156W,0.001458009,0.001588793,0.001460504,0.001590447,0.002623039,0.002573688,0.003313392,0.003332162,0.003504637,0.003485743
YKL157W,0.000716616,0.000616979,0.000626798,0.000617111,0.000449852,0.000421263,0.000324703,0.000334133,0.000291348,0.000305099
YKL172W,7.48E-05,8.68E-05,9.22E-05,8.71E-05,8.13E-05,8.48E-05,8.44E-05,0.000101926,0.000106559,0.000102401
YKL180W,0.00027431,0.000318134,0.000243601,0.000308249,0.000416659,0.000471188,0.000613372,0.000464872,0.000661787,0.000341834
YKL181W,0.000119252,0.000133866,0.000121302,0.000127814,0.000145425,0.0001512,0.000127584,0.000144134,0.000135609,0.000128374
YKL182W,0.007778602,0.007980822,0.007189133,0.00684734,0.006058976,0.006159858,0.004908557,0.004970449,0.004424581,0.004452567
YKL193C,0.000195465,0.000203676,0.000203834,0.000201261,0.000106643,0.000109107,7.26E-05,7.21E-05,6.37E-05,5.78E-05
YKL195W,0.00021731,0.000236971,0.000217516,0.00024607,0.000192019,0.000199721,0.000144458,0.000160591,9.85E-05,9.15E-05
YKL196C,0.000187752,0.000200073,0.000202282,0.000205435,0.000173306,0.000178173,0.000149178,0.000150397,0.000128526,0.000143248
YKL204W,5.57E-05,6.06E-05,6.42E-05,6.55E-05,5.02E-05,4.65E-05,5.23E-05,4.54E-05,4.06E-05,4.60E-05
YKL210W,0.001258822,0.001202539,0.001242541,0.001217683,0.001169404,0.001117206,0.001025251,0.001038393,0.001020061,0.001015068
YKL211C,0.000236915,0.000223138,0.000240086,0.000243592,0.00026929,0.000270654,0.000280499,0.000271426,0.000325368,0.00031099
YKL212W,0.000201431,0.000197644,0.000210143,0.000209408,0.000352415,0.00034732,0.000282421,0.000286612,0.000280498,0.000285218
YKL213C,4.82E-05,3.55E-05,4.47E-05,4.59E-05,5.78E-05,6.29E-05,4.24E-05,4.59E-05,3.11E-05,4.13E-05
YKL215C,5.80E-05,5.95E-05,6.63E-05,6.37E-05,5.04E-05,4.70E-05,2.25E-05,4.39E-05,2.36E-05,2.92E-05
YKL216W,5.77E-05,6.19E-05,6.17E-05,5.37E-05,9.17E-05,0.000101422,0.000102437,9.27E-05,0.000114877,0.000106358
YKL218C,2.61E-05,3.59E-05,4.13E-05,4.27E-05,4.92E-05,4.65E-05,3.15E-05,3.14E-05,4.33E-05,3.97E-05
YKR001C,0.000680614,0.000652014,0.000653569,0.00065296,0.000592387,0.000589011,0.00043073,0.000453916,0.00043411,0.000425158
YKR002W,4.16E-05,4.38E-05,4.26E-05,4.31E-05,5.30E-05,4.93E-05,4.09E-05,4.41E-05,3.88E-05,3.74E-05
YKR006C,3.54E-05,3.76E-05,4.06E-05,4.28E-05,7.23E-05,6.68E-05,5.71E-05,5.66E-05,3.98E-05,4.16E-05
YKR008W,2.32E-05,1.86E-05,1.82E-05,2.07E-05,2.05E-05,2.34E-05,2.67E-05,2.36E-05,2.52E-05,2.62E-05
YKR014C,9.26E-05,8.29E-05,6.94E-05,7.92E-05,8.79E-05,8.55E-05,6.59E-05,7.05E-05,6.24E-05,6.11E-05
YKR016W,0.000333704,0.000348901,0.000394051,0.000403064,0.000415518,0.000428459,0.000234977,0.000242052,0.000120796,0.000132705
YKR018C,0.000284369,0.000283422,0.000295143,0.000292607,0.000166061,0.000159343,0.000149475,0.00014228,0.000146152,0.000138293
YKR043C,0.000104828,0.000103197,0.000120985,0.000115336,0.000144871,0.000133794,0.000138682,0.000136643,0.000144364,0.000135246
YKR046C,0.000575457,0.000397104,0.000261965,0.000312273,0.000185077,0.000189776,0.000205839,0.000204922,0.000212536,0.000212554
YKR048C,0.000295089,0.000300869,0.000308065,0.000328015,0.000306038,0.000311203,0.000260784,0.000258407,0.000261348,0.000239547
YKR056W,2.19E-05,2.83E-05,2.42E-05,2.69E-05,1.98E-05,2.00E-05,1.93E-05,1.98E-05,2.25E-05,1.80E-05
YKR059W,0.003803783,0.003915161,0.003985066,0.004091081,0.005392825,0.005078943,0.005573371,0.005561615,0.005550929,0.005297413
YKR060W,1.28E-05,1.55E-05,1.53E-05,1.70E-05,1.63E-05,1.54E-05,1.42E-05,1.62E-05,1.74E-05,1.72E-05
YKR066C,0.000210583,0.000195577,0.000207558,0.000209147,8.75E-05,7.53E-05,5.95E-05,6.24E-05,3.75E-05,4.20E-05
YKR069W,8.09E-05,9.51E-05,0.000106571,0.000106709,0.00010628,0.000109435,0.000126336,0.00012834,0.000113982,0.000109514
YKR070W,3.84E-05,3.43E-05,3.98E-05,3.81E-05,4.74E-05,4.74E-05,2.78E-05,3.02E-05,2.94E-05,2.70E-05
YKR071C,2.65E-05,4.20E-05,3.17E-05,3.05E-05,3.93E-05,4.20E-05,6.45E-05,6.05E-05,8.87E-05,8.52E-05
YKR072C,1.11E-05,1.09E-05,1.11E-05,1.06E-05,1.00E-05,8.89E-06,1.07E-05,1.13E-05,1.17E-05,1.13E-05
YKR080W,0.000207798,0.000201966,0.000195834,0.000200648,0.000257872,0.00025565,0.000238209,0.000223958,0.000334715,0.000334365
YKR081C,3.18E-05,3.63E-05,3.36E-05,3.32E-05,3.87E-05,4.14E-05,4.62E-05,4.11E-05,5.22E-05,5.42E-05
YKR082W,8.25E-05,7.85E-05,7.46E-05,7.89E-05,8.58E-05,7.96E-05,8.12E-05,7.08E-05,7.63E-05,6.95E-05
YLL001W,0.000191438,0.00019217,0.00020214,0.000199997,0.000245424,0.000254389,0.000154367,0.000162784,0.00010516,0.00010884
YLL008W,6.58E-05,6.86E-05,7.29E-05,7.15E-05,9.03E-05,8.58E-05,9.85E-05,0.000100847,0.000102797,9.18E-05
YLL011W,1.95E-05,2.83E-05,2.55E-05,2.71E-05,3.25E-05,3.75E-05,3.78E-05,3.45E-05,4.36E-05,4.13E-05
YLL018C,0.001865833,0.001886364,0.001856766,0.001936194,0.001855675,0.001843524,0.001703114,0.001721593,0.001712803,0.001687319
YLL026W,0.009945116,0.008462899,0.007815634,0.008129645,0.002473162,0.002279626,0.001404161,0.001530622,0.000638568,0.000614196
YLL029W,0.000112226,0.000100912,0.000112148,0.000112366,8.04E-05,7.26E-05,6.17E-05,6.93E-05,5.49E-05,5.69E-05
YLL040C,6.46E-05,6.04E-05,6.68E-05,6.56E-05,6.82E-05,6.53E-05,4.38E-05,4.50E-05,3.40E-05,4.02E-05
YLL041C,0.00072356,0.000726746,0.000697205,0.000731649,0.000826284,0.000801734,0.000242226,0.000265349,7.76E-05,7.56E-05
YLL045C,0.000306885,0.000358012,0.000279443,0.000337209,0.000409758,0.000487633,0.000584166,0.00056255,0.000659753,0.000785352
YLL048C,7.68E-05,6.34E-05,6.38E-05,7.03E-05,9.47E-05,0.000105869,9.84E-05,8.24E-05,0.000103757,8.76E-05
YLL050C,0.000997943,0.00095318,0.000912335,0.000933614,0.001012183,0.001000359,0.000893203,0.000865115,0.00084509,0.000854823
YLL062C,5.69E-05,7.33E-05,8.87E-05,8.25E-05,8.03E-05,8.70E-05,4.61E-05,4.79E-05,2.48E-05,2.82E-05
YLR002C,1.34E-05,1.41E-05,1.41E-05,1.64E-05,1.67E-05,1.73E-05,1.46E-05,1.42E-05,1.30E-05,1.86E-05
YLR009W,3.77E-05,4.08E-05,3.60E-05,4.04E-05,5.45E-05,5.37E-05,6.32E-05,6.81E-05,6.75E-05,6.50E-05
YLR017W,2.84E-05,2.97E-05,1.78E-05,2.77E-05,5.11E-05,5.05E-05,6.12E-05,6.07E-05,5.52E-05,6.30E-05
YLR025W,5.73E-05,5.77E-05,5.45E-05,5.99E-05,4.40E-05,4.47E-05,3.83E-05,4.28E-05,3.26E-05,3.24E-05
YLR027C,0.001063577,0.001095855,0.001109788,0.001112713,0.002003387,0.001933312,0.00128387,0.001363066,0.001345674,0.001371961
YLR028C,0.000413776,0.000399715,0.000412312,0.00040967,0.000366866,0.000370941,0.000283057,0.000290209,0.000240362,0.000245992
YLR029C,0.001718859,0.001698807,0.001769156,0.001738894,0.003156877,0.002861255,0.003323306,0.003319297,0.003497483,0.003518451
YLR038C,0.000287594,0.000309321,0.000367976,0.000357726,0.000330351,0.000321028,0.000179271,0.000178586,8.65E-05,8.72E-05
YLR043C,0.000568958,0.000591226,0.000603651,0.000600128,0.000288488,0.000302027,0.000231098,0.0002015,0.000171299,0.000226552
YLR044C,0.010721613,0.011660515,0.012394134,0.011600269,0.011030226,0.011105472,0.034817736,0.033379998,0.033007338,0.032735814
YLR048W,5.53E-05,5.63E-05,6.47E-05,5.09E-05,8.44E-05,0.000113133,9.79E-05,0.000124298,0.000125487,0.000118113
YLR056W,9.48E-05,8.53E-05,8.15E-05,7.65E-05,7.70E-05,7.84E-05,7.46E-05,7.37E-05,0.000100522,9.47E-05
YLR058C,0.003952859,0.004473098,0.005193574,0.004493091,0.006812215,0.006715572,0.007372497,0.007416655,0.009411226,0.009941908
YLR060W,0.000448163,0.000502151,0.000539456,0.000534519,0.000726497,0.000714655,0.000707998,0.000699802,0.000734888,0.000720553
YLR061W,0.000675114,0.000667422,0.000627495,0.000700491,0.001209021,0.001240168,0.001613127,0.001375775,0.001821845,0.001571774
YLR069C,6.74E-05,6.55E-05,9.34E-05,8.36E-05,0.000176099,0.000163757,0.000108815,0.000108747,5.99E-05,6.17E-05
YLR075W,0.002323709,0.002416677,0.002398004,0.00245564,0.00451566,0.004205729,0.004834247,0.004783004,0.005167835,0.005184355
YLR083C,2.58E-05,2.29E-05,2.22E-05,2.27E-05,3.82E-05,3.44E-05,3.40E-05,4.53E-05,2.82E-05,4.58E-05
YLR089C,0.000213321,0.000202488,0.000193411,0.00020901,0.000133736,0.000131961,8.20E-05,8.63E-05,7.51E-05,7.25E-05
YLR090W,2.69E-05,2.37E-05,3.84E-05,4.59E-05,5.20E-05,2.67E-05,3.35E-05,3.90E-05,2.94E-05,2.68E-05
YLR100W,4.68E-05,4.90E-05,4.86E-05,4.82E-05,7.31E-05,6.23E-05,5.45E-05,5.86E-05,6.02E-05,6.22E-05
YLR106C,0.000125111,0.000138001,0.000140515,0.000147149,0.000113016,0.000106642,0.000110165,0.000111418,0.000115564,0.000111385
YLR109W,0.00276757,0.002766625,0.002739875,0.002836744,0.000588256,0.000530649,0.000623042,0.000600896,0.001627376,0.001512793
YLR113W,6.70E-05,6.85E-05,7.52E-05,7.67E-05,0.000111336,0.000114806,9.79E-05,9.29E-05,8.82E-05,8.88E-05
YLR133W,5.77E-05,6.05E-05,6.14E-05,5.88E-05,7.48E-05,7.44E-05,5.63E-05,5.87E-05,5.04E-05,5.12E-05
YLR150W,0.001828049,0.001879038,0.001881294,0.001798829,0.002910833,0.002841108,0.003336666,0.00332391,0.0035243,0.003583519
YLR153C,0.000861147,0.000857878,0.000885602,0.0008655,0.002408395,0.002394747,0.001875779,0.001945669,0.002107251,0.002184492
YLR163C,4.61E-05,4.34E-05,4.24E-05,4.46E-05,6.43E-05,5.91E-05,4.91E-05,5.47E-05,3.56E-05,3.93E-05
YLR167W,0.0006625,0.000715306,0.000703634,0.000711517,0.001118675,0.001079361,0.001271762,0.00138201,0.001380941,0.001493587
YLR172C,6.05E-05,7.04E-05,7.11E-05,6.89E-05,8.53E-05,8.15E-05,9.07E-05,8.14E-05,8.84E-05,9.16E-05
YLR174W,0.001737322,0.001566503,0.001475331,0.001385673,0.000637884,0.000663821,0,2.37E-06,0,0
YLR175W,0.000363226,0.000408254,0.000398103,0.000385257,0.000420511,0.00041111,0.000453704,0.00045225,0.00049936,0.000493639
YLR179C,4.93E-05,6.12E-05,7.92E-05,7.09E-05,3.47E-05,3.59E-05,2.57E-05,2.17E-05,2.17E-05,2.75E-05
YLR180W,0.001260518,0.001414199,0.001424075,0.001500417,0.003023799,0.003033876,0.003596631,0.003462453,0.00451768,0.004544447
YLR185W,7.30E-05,6.36E-05,7.27E-05,6.95E-05,0.000122293,6.08E-05,0.000158433,0.000121028,0.000182754,0.000131443
YLR186W,0.000110924,0.000117883,0.000113523,0.000116952,0.00013156,0.000140212,0.000135697,0.000129431,0.000146736,0.000148977
YLR192C,0.000171655,0.000182143,0.000199906,0.000178945,0.000200603,0.000202444,0.000200255,0.00018269,0.000199215,0.000184337
YLR195C,5.80E-05,5.38E-05,6.02E-05,6.05E-05,8.70E-05,8.79E-05,7.14E-05,7.15E-05,7.74E-05,6.92E-05
YLR196W,0.000146079,0.000165412,0.000157496,0.000161255,0.000151249,0.000149925,0.00017033,0.00017347,0.000184709,0.000175821
YLR197W,0.000855691,0.000916729,0.000882698,0.000934523,0.001080743,0.001051377,0.001140054,0.001159134,0.001274641,0.001208107
YLR199C,3.49E-05,3.34E-05,3.29E-05,3.67E-05,3.54E-05,3.63E-05,2.79E-05,2.35E-05,2.45E-05,2.38E-05
YLR200W,4.31E-05,4.59E-05,4.47E-05,4.61E-05,5.03E-05,5.26E-05,4.76E-05,4.75E-05,4.88E-05,5.03E-05
YLR203C,5.28E-05,5.81E-05,6.16E-05,5.70E-05,7.22E-05,6.93E-05,5.12E-05,5.20E-05,3.11E-05,3.35E-05
YLR208W,0.000376369,0.00035828,0.000354779,0.00035799,0.000450489,0.000444558,0.000342071,0.000379976,0.000331967,0.000348192
YLR209C,6.34E-05,6.17E-05,6.50E-05,6.57E-05,7.37E-05,6.85E-05,5.54E-05,5.64E-05,4.83E-05,4.33E-05
YLR220W,1.97E-05,2.14E-05,1.79E-05,2.00E-05,2.19E-05,1.82E-05,2.51E-05,2.46E-05,2.02E-05,1.85E-05
YLR222C,4.50E-05,4.60E-05,4.74E-05,5.03E-05,6.03E-05,6.02E-05,6.31E-05,6.28E-05,7.00E-05,6.78E-05
YLR229C,7.99E-05,7.70E-05,7.56E-05,7.81E-05,8.95E-05,8.94E-05,7.22E-05,6.96E-05,7.23E-05,7.05E-05
YLR244C,0.000126464,0.000127856,0.000138726,0.000125434,0.000193991,0.000205895,0.000231343,0.000237736,0.000270503,0.000273873
YLR248W,2.46E-05,1.94E-05,2.46E-05,2.22E-05,3.25E-05,3.60E-05,2.49E-05,2.76E-05,2.18E-05,2.31E-05
YLR249W,0.003570083,0.004005456,0.004279065,0.00408622,0.008253912,0.008670424,0.009773978,0.009419394,0.010963157,0.010970412
YLR250W,6.47E-05,5.94E-05,5.59E-05,5.29E-05,4.35E-05,4.32E-05,3.29E-05,3.64E-05,2.68E-05,3.34E-05
YLR257W,5.26E-05,6.13E-05,5.54E-05,5.19E-05,4.36E-05,4.69E-05,3.29E-05,3.69E-05,2.11E-05,2.71E-05
YLR259C,0.005137054,0.005663983,0.006174114,0.005841219,0.00449771,0.004653342,0.004737454,0.004400255,0.00315609,0.003397319
YLR262C,3.52E-05,3.27E-05,2.84E-05,3.45E-05,4.49E-05,4.04E-05,3.42E-05,3.61E-05,3.56E-05,3.13E-05
YLR268W,4.89E-05,4.42E-05,4.93E-05,5.09E-05,4.87E-05,5.10E-05,4.44E-05,4.33E-05,4.52E-05,4.13E-05
YLR270W,0.000492104,0.000434965,0.000403921,0.000410446,0.000256664,0.000247723,0.000165822,0.000176742,0.000127256,0.000125043
YLR276C,3.67E-05,5.43E-05,4.68E-05,5.19E-05,5.29E-05,4.65E-05,5.47E-05,5.63E-05,4.99E-05,5.09E-05
YLR287C,5.39E-05,5.92E-05,5.10E-05,6.33E-05,7.04E-05,6.47E-05,5.15E-05,0.000103995,6.02E-05,5.70E-05
YLR293C,8.47E-05,9.72E-05,8.51E-05,9.21E-05,0.000119974,0.00013339,0.000129234,0.000150063,0.000125767,0.000119431
YLR295C,0.000386073,0.000337585,0.000435372,0.000402573,0.00050195,0.000448763,0.000266453,0.000278142,0.000120041,0.000113265
YLR300W,0.000342158,0.000348778,0.000308101,0.000266289,7.87E-05,8.26E-05,0.000253748,0.000246711,0.000204306,0.000210793
YLR301W,0.000175558,0.000172381,0.000160128,0.00016095,0.000250046,0.00025559,0.000276846,0.000277477,0.000298776,0.000284389
YLR303W,0.007716501,0.008406028,0.009680352,0.009134803,0.007703816,0.008038557,0.006869858,0.00710289,0.007188428,0.007265654
YLR304C,0.002317607,0.002448168,0.00254952,0.0024093,0.00461502,0.004840193,0.001986154,0.002108714,0.001907594,0.002069309
YLR314C,0.000153716,0.000145209,0.000145691,0.000148682,0.000188957,0.000185147,0.000148414,0.000149515,0.000141528,0.000141679
YLR325C,0.000567259,0.000588591,0.000606348,0.00060315,0.001031153,0.000981593,0.001050806,0.00114471,0.001119972,0.001150388
YLR333C,0.000977231,0.000938909,0.001001347,0.000942361,0.001546524,0.001361692,0.001862482,0.001668824,0.001920041,0.00183298
YLR335W,8.76E-05,9.19E-05,9.21E-05,9.65E-05,8.30E-05,8.57E-05,9.35E-05,9.18E-05,9.09E-05,9.73E-05
YLR340W,0.003875009,0.00382034,0.003975127,0.004017287,0.006681164,0.006330791,0.007082849,0.007385289,0.007347491,0.007487867
YLR342W,0.000204239,0.000207594,0.000212437,0.000205049,0.000481594,0.000485235,0.000585715,0.000584255,0.000636181,0.000645082
YLR344W,0,0,0,4.39E-05,7.27E-05,0,6.03E-05,0,6.54E-05,6.27E-05
YLR347C,0.000124483,0.000126897,0.000128364,0.000128086,0.000121445,0.000130961,0.000113301,0.00010601,0.000110239,0.000105929
YLR351C,8.07E-05,9.05E-05,8.93E-05,8.60E-05,8.45E-05,8.25E-05,6.69E-05,7.47E-05,6.23E-05,6.63E-05
YLR354C,0.003545993,0.003579034,0.003696287,0.003832412,0.003729967,0.003631725,0.003418982,0.003467781,0.003115315,0.003098846
YLR355C,0.00780675,0.00892119,0.009256112,0.008631131,0.007378062,0.007672152,0.007346222,0.007116581,0.008075433,0.008450972
YLR359W,0.000830388,0.000813286,0.00092077,0.00085798,0.00148688,0.001424822,0.001286413,0.001355695,0.001920314,0.001841592
YLR367W,0.001425572,0.001431687,0.001359884,0.001480352,0.002544338,0.002507648,0.003056197,0.002719091,0.003221689,0.003214785
YLR369W,5.67E-05,5.29E-05,5.81E-05,6.00E-05,4.08E-05,4.33E-05,3.13E-05,3.09E-05,2.19E-05,2.52E-05
YLR370C,4.69E-05,3.78E-05,4.57E-05,4.32E-05,4.20E-05,4.96E-05,3.60E-05,3.03E-05,2.69E-05,2.67E-05
YLR372W,4.71E-05,4.31E-05,5.29E-05,4.91E-05,9.20E-05,8.50E-05,8.81E-05,0.00010189,0.000103265,9.38E-05
YLR378C,8.80E-05,7.03E-05,6.84E-05,7.57E-05,0.000138387,0.000141445,0.000113867,0.000121467,0.000109416,0.000106368
YLR380W,3.51E-05,3.35E-05,3.65E-05,3.78E-05,4.39E-05,4.13E-05,4.11E-05,3.97E-05,4.00E-05,4.20E-05
YLR382C,1.79E-05,1.73E-05,2.40E-05,2.51E-05,4.01E-05,4.01E-05,2.78E-05,2.81E-05,1.48E-05,1.78E-05
YLR389C,6.45E-05,6.64E-05,6.51E-05,6.83E-05,7.54E-05,7.74E-05,7.24E-05,7.24E-05,6.75E-05,6.82E-05
YLR390W-A,0.00077975,0.000734974,0.000698603,0.00072944,0.000516879,0.000492377,0.000510749,0.000534886,0.000402287,0.000410413
YLR397C,1.49E-05,1.72E-05,1.86E-05,2.50E-05,3.01E-05,2.91E-05,3.36E-05,2.93E-05,3.02E-05,2.94E-05
YLR398C,2.68E-05,2.85E-05,2.69E-05,2.88E-05,3.56E-05,3.06E-05,3.05E-05,3.53E-05,2.79E-05,2.59E-05
YLR401C,3.41E-05,3.69E-05,4.22E-05,3.85E-05,4.00E-05,4.56E-05,4.12E-05,4.57E-05,4.71E-05,4.56E-05
YLR406C,7.82E-05,8.16E-05,9.09E-05,7.83E-05,0.000127726,0.000111269,0.00013496,0.000149016,0.000133661,0.000152268
YLR410W,5.95E-05,6.04E-05,6.16E-05,6.40E-05,7.12E-05,6.50E-05,6.11E-05,6.16E-05,6.21E-05,5.77E-05
YLR420W,6.79E-05,6.29E-05,7.78E-05,6.62E-05,7.42E-05,7.80E-05,6.44E-05,7.23E-05,7.47E-05,8.23E-05
YLR421C,7.03E-05,6.73E-05,6.68E-05,7.08E-05,7.34E-05,6.53E-05,5.80E-05,5.81E-05,5.15E-05,5.29E-05
YLR429W,0.000229508,0.000218313,0.000232192,0.000220861,0.000294666,0.000301326,0.000247564,0.000260244,0.000241295,0.000244486
YLR432W,0.000443814,0.000499559,0.000511725,0.000509582,0.000483929,0.00050587,0.000602922,0.00056002,0.000712406,0.00071992
YLR441C,0.000667534,0.000685339,0.000649979,0.000710439,0.000989427,0.0009958,0.001083051,0.001126028,0.001120836,0.001128719
YLR447C,0.00017202,0.000153168,0.000160536,0.000157894,0.000190736,0.000187083,0.000228516,0.000219508,0.000249838,0.000234911
YLR448W,0.000650132,0.00073133,0.000700946,0.000717631,0.001237725,0.001282448,0.001432439,0.001497509,0.001519368,0.001513019
YLR449W,9.00E-05,9.73E-05,0.000104523,9.94E-05,8.57E-05,8.91E-05,8.22E-05,8.98E-05,0.000101596,9.78E-05
YML001W,0.000102504,9.55E-05,9.97E-05,9.66E-05,0.000103654,0.000118494,9.49E-05,9.88E-05,0.000110104,0.000107863
YML008C,0.00207798,0.001987061,0.001829386,0.001971421,0.00100162,0.000969469,0.000933979,0.000941026,0.0011437,0.001137946
YML010W,7.60E-05,7.48E-05,7.19E-05,8.15E-05,0.000105647,0.000106258,9.18E-05,0.000106266,0.000104483,9.79E-05
YML012W,0.000121088,0.000119423,0.000109036,0.00010713,0.000161195,0.000166113,0.000131733,0.000118979,0.000143087,0.00014025
YML016C,8.00E-06,5.09E-06,1.19E-05,1.01E-05,1.96E-05,1.95E-05,1.24E-05,1.08E-05,9.05E-06,8.77E-06
YML017W,5.76E-05,6.07E-05,6.08E-05,5.85E-05,4.26E-05,4.92E-05,3.80E-05,3.67E-05,3.30E-05,3.81E-05
YML022W,0.000151817,0.000164703,0.000147644,0.000153076,0.000132937,0.000131782,0.000147253,0.000158988,0.000107994,0.000107673
YML024W,0.002673039,0.002695436,0.002689069,0.002832539,0.004652075,0.004294573,0.005399432,0.005515942,0.005714676,0.005881368
YML025C,5.41E-05,5.66E-05,6.09E-05,6.01E-05,0.000106838,0.000107489,8.44E-05,8.72E-05,5.61E-05,5.61E-05
YML026C,0.002875909,0.003056613,0.003043236,0.003022191,0.005242363,0.004898296,0.005431287,0.005986266,0.005640112,0.005482256
YML028W,0.002958273,0.003087121,0.002994837,0.002836511,0.003778628,0.004017597,0.002702576,0.002733882,0.002493639,0.002506206
YML035C,9.07E-05,9.29E-05,9.76E-05,9.14E-05,0.000103341,9.89E-05,8.49E-05,8.80E-05,8.02E-05,8.06E-05
YML036W,3.63E-05,3.69E-05,3.76E-05,3.89E-05,3.85E-05,3.58E-05,2.94E-05,3.49E-05,2.78E-05,2.96E-05
YML048W,0.00038302,0.000362365,0.000363526,0.000377926,0.000299838,0.000292491,0.000211364,0.00021953,0.000245958,0.000236086
YML052W,0.000103798,9.65E-05,9.83E-05,9.53E-05,6.85E-05,7.09E-05,7.23E-05,7.46E-05,7.71E-05,8.32E-05
YML056C,8.66E-06,2.08E-05,1.68E-05,2.43E-05,5.67E-05,5.44E-05,6.52E-05,7.03E-05,0.000103448,0.000101902
YML057W,4.27E-05,4.10E-05,4.01E-05,4.23E-05,5.11E-05,4.84E-05,3.09E-05,3.27E-05,2.75E-05,2.50E-05
YML063W,0.000435986,0.000461962,0.000417645,0.000465539,0.000867983,0.000855567,0.000961304,0.001016708,0.001049244,0.000949752
YML069W,0.000132218,0.000130793,0.000124342,0.000126431,0.000128271,0.000131456,0.000108893,0.000112217,0.000109525,0.000107727
YML070W,0.000463977,0.000454498,0.000442036,0.000469143,0.000392916,0.000391112,0.000301286,0.000307507,0.000258295,0.000244235
YML072C,0.000184184,0.000161622,0.000162571,0.000161913,0.000194157,0.000205518,0.000204897,0.000206568,0.000213206,0.000206773
YML073C,0.000525571,0.000558717,0.000522495,0.000549539,0.000984945,0.000913538,0.001019249,0.001073953,0.000980482,0.00108201
YML074C,0.000161884,0.000156455,0.000174116,0.000158181,0.000162221,0.00015883,0.000128989,0.000125697,0.00013262,0.000134348
YML075C,0.000231901,0.000234838,0.000200589,0.00022775,0.000152653,0.000142111,0.000123719,0.000133218,0.00014801,0.000142587
YML078W,0.0004007,0.000389386,0.000393937,0.000374716,0.000413759,0.000411586,0.000231733,0.000217371,8.46E-05,0.000131952
YML085C,0.000340933,0.000333081,0.000345304,0.000338324,0.00035699,0.000348876,0.000283943,0.000297578,0.000268141,0.000275923
YML086C,0.000305354,0.0002817,0.000276437,0.000270884,0.000272065,0.000268608,0.000217953,0.000217567,0.000196807,0.00019227
YML092C,0.000305557,0.000290146,0.000278863,0.00029127,0.000285966,0.000284171,0.000235297,0.000238155,0.000240295,0.000235699
YML093W,1.34E-05,1.79E-05,1.95E-05,1.72E-05,1.81E-05,1.63E-05,2.49E-05,2.42E-05,3.53E-05,3.31E-05
YML103C,2.70E-05,2.24E-05,2.64E-05,2.44E-05,2.78E-05,3.34E-05,2.06E-05,2.22E-05,2.37E-05,2.35E-05
YML106W,0.000224799,0.000228849,0.000241718,0.000238706,0.00027179,0.000259431,0.00025796,0.000273889,0.000238935,0.000240399
YML115C,3.87E-05,2.73E-05,2.80E-05,3.09E-05,2.22E-05,1.57E-05,2.01E-05,2.55E-05,2.37E-05,2.24E-05
YML120C,0.000972598,0.000984589,0.001045103,0.001038351,0.001117881,0.001173428,0.000418365,0.000455866,0.000155723,0.000159804
YML124C,7.26E-05,6.88E-05,7.02E-05,7.47E-05,0.000106061,0.000102162,8.38E-05,9.11E-05,8.67E-05,8.54E-05
YML125C,9.34E-05,8.71E-05,8.83E-05,9.35E-05,0.000122477,0.000112984,0.000147075,0.000144794,0.000172529,0.000166703
YML126C,0.000943153,0.000891809,0.000846511,0.000848126,0.001524083,0.001458251,0.001146104,0.001174475,0.001167078,0.001160126
YML130C,4.80E-05,4.87E-05,5.98E-05,6.55E-05,0.00010577,0.000108048,5.33E-05,6.21E-05,5.66E-05,4.30E-05
YML131W,0.001074926,0.001087541,0.000894154,0.000986211,7.79E-05,6.36E-05,8.27E-05,7.20E-05,2.62E-05,2.91E-05
YMR004W,4.32E-05,3.81E-05,3.47E-05,3.62E-05,3.14E-05,3.15E-05,2.26E-05,2.17E-05,2.37E-05,2.14E-05
YMR012W,0.000558314,0.000602193,0.0006574,0.000628721,0.001135162,0.001158071,0.000937872,0.000954979,0.000780971,0.000766867
YMR015C,3.08E-05,3.04E-05,2.80E-05,2.72E-05,3.48E-05,3.45E-05,4.88E-05,4.21E-05,4.83E-05,4.86E-05
YMR024W,3.54E-05,3.33E-05,4.15E-05,3.79E-05,7.71E-05,6.83E-05,5.86E-05,5.65E-05,3.62E-05,3.73E-05
YMR027W,0.000187355,0.000176002,0.000186779,0.000181875,0.000159181,0.000157739,0.000111413,0.000118774,9.20E-05,9.93E-05
YMR031C,0.001645774,0.001712405,0.001400159,0.001693013,0.000908756,0.000943035,0.001290197,0.001198727,0.001314397,0.001017226
YMR033W,4.25E-05,4.37E-05,4.11E-05,4.35E-05,4.71E-05,4.63E-05,4.28E-05,4.65E-05,4.53E-05,4.13E-05
YMR038C,4.25E-05,4.65E-05,4.76E-05,4.66E-05,4.76E-05,4.71E-05,7.94E-05,7.90E-05,9.09E-05,9.50E-05
YMR039C,2.34E-05,2.63E-05,2.59E-05,2.97E-05,4.70E-05,4.94E-05,3.26E-05,3.05E-05,2.75E-05,2.86E-05
YMR049C,0.000155128,0.000178853,0.000177913,0.000174248,0.000177892,0.000176958,0.000180367,0.0001907,0.00019505,0.000213122
YMR056C,9.58E-05,0.000118991,0.000245189,0.000255441,0.000456871,0.000433366,0.000235741,0.000246216,0.000116553,0.000118902
YMR062C,0.000569642,0.000511522,0.000547885,0.000549615,0.000393278,0.000358981,0.000469304,0.000465511,0.000482144,0.000467464
YMR067C,3.20E-05,2.79E-05,3.31E-05,3.60E-05,3.54E-05,1.98E-05,2.58E-05,2.96E-05,2.26E-05,2.56E-05
YMR071C,7.87E-05,7.63E-05,7.91E-05,8.20E-05,5.60E-05,5.63E-05,5.09E-05,4.95E-05,4.58E-05,5.22E-05
YMR072W,0.000419662,0.000415776,0.000332472,0.000399801,0.000251647,0.000254011,0.000199656,0.000187611,0.00016135,0.00016301
YMR079W,0.000366813,0.000393409,0.000364963,0.000347534,0.000534336,0.000565373,0.000485045,0.000483715,0.000505508,0.000532931
YMR080C,7.26E-05,7.71E-05,7.90E-05,7.23E-05,9.14E-05,9.46E-05,7.86E-05,8.34E-05,8.04E-05,7.25E-05
YMR083W,0.001992366,0.001843546,0.002026366,0.001996107,0.001592367,0.001623925,0.001461608,0.001474642,0.002047048,0.00203818
YMR089C,5.58E-05,6.30E-05,6.52E-05,6.79E-05,8.22E-05,8.32E-05,6.27E-05,6.34E-05,4.66E-05,4.39E-05
YMR092C,0.000270916,0.000228379,0.000238215,0.000242482,0.000283568,0.000263042,0.000180558,0.000185357,0.00015812,0.000152999
YMR093W,6.06E-05,6.81E-05,6.87E-05,6.77E-05,7.21E-05,7.19E-05,7.07E-05,7.84E-05,7.96E-05,7.90E-05
YMR099C,0.000815014,0.000781937,0.000849204,0.000807743,0.00059766,0.000564378,0.000449702,0.000436319,0.000333518,0.000367246
YMR104C,1.14E-05,1.88E-05,1.06E-05,1.14E-05,2.00E-05,2.16E-05,1.43E-05,1.36E-05,1.24E-05,1.19E-05
YMR105C,0.001145866,0.001129588,0.00111375,0.000944576,0.00026612,0.000232095,0.000153422,0.000146789,6.67E-05,7.17E-05
YMR108W,0.001621868,0.001759825,0.001958884,0.001869514,0.00158047,0.001603628,0.001572581,0.001569274,0.001520466,0.001531071
YMR109W,5.71E-05,5.94E-05,6.42E-05,5.59E-05,5.97E-05,6.26E-05,5.27E-05,4.47E-05,4.54E-05,4.74E-05
YMR110C,0.000393163,0.000371756,0.000339558,0.000339003,0.000113137,0.000118474,6.39E-05,6.40E-05,4.03E-05,4.77E-05
YMR116C,0.003833015,0.004070966,0.004103585,0.003974463,0.00673934,0.007008475,0.007484172,0.007201962,0.008192636,0.008450898
YMR120C,0.001419803,0.001532738,0.001583281,0.001593014,0.002649383,0.002580745,0.002596821,0.00266637,0.004153309,0.00411691
YMR125W,0.000182096,0.000188936,0.000177285,0.0001844,0.000166393,0.000173004,0.000154533,0.000152257,0.000150267,0.000145868
YMR129W,8.83E-05,8.69E-05,8.29E-05,9.29E-05,9.96E-05,0.000103095,8.73E-05,9.28E-05,9.12E-05,8.20E-05
YMR131C,0.000113915,0.000132435,0.000130319,0.000130307,0.000109822,0.000112982,0.000121508,0.000119676,0.000132337,0.000134043
YMR142C,0.002540565,0.002616405,0.002789408,0.002565585,0.004477745,0.004373531,0.004703043,0.004899345,0.004580464,0.004782051
YMR143W,0.002424808,0.002370176,0.002396308,0.002452657,0.004272259,0.003724058,0.004498141,0.004691903,0.004641596,0.004542646
YMR145C,0.000562336,0.000585665,0.000573159,0.000601807,0.000790039,0.000782854,0.000702021,0.000708113,0.000390009,0.000364942
YMR146C,0.000379806,0.000409746,0.000423785,0.000439103,0.000479422,0.000503115,0.000518287,0.000526783,0.000520519,0.000530073
YMR178W,2.49E-05,2.58E-05,2.52E-05,2.64E-05,2.79E-05,2.95E-05,2.39E-05,2.68E-05,2.66E-05,2.07E-05
YMR183C,0.000165709,0.000158522,0.000161155,0.00016382,0.000135071,0.000133998,0.000123622,0.000126303,0.000119277,0.000119441
YMR188C,3.21E-05,3.40E-05,3.77E-05,3.67E-05,7.21E-05,7.77E-05,5.35E-05,5.78E-05,3.09E-05,3.38E-05
YMR189W,0.000353366,0.000335732,0.000352762,0.000333825,0.000340401,0.000329641,0.000446886,0.000457328,0.00046946,0.000490436
YMR193W,3.40E-05,3.25E-05,3.43E-05,3.47E-05,6.51E-05,6.37E-05,4.80E-05,4.67E-05,2.64E-05,2.93E-05
YMR194W,4.48E-05,4.34E-05,4.85E-05,4.41E-05,7.12E-05,5.50E-05,8.42E-05,9.14E-05,3.56E-05,8.42E-05
YMR197C,4.63E-05,4.47E-05,4.49E-05,4.45E-05,3.37E-05,3.03E-05,2.49E-05,2.33E-05,2.31E-05,2.13E-05
YMR202W,9.77E-05,0.000103658,9.62E-05,0.000107436,0.000121668,0.000123737,0.000113419,0.000116477,0.000147311,0.000144505
YMR203W,0.000186742,0.000186817,0.000201287,0.000190719,0.000229322,0.000241132,0.000194037,0.000168653,0.000170332,0.000144962
YMR205C,0.001483267,0.001569462,0.001696198,0.001629689,0.001416594,0.001470014,0.001959744,0.002000584,0.00234948,0.00246393
YMR208W,7.89E-05,8.60E-05,8.57E-05,8.97E-05,7.45E-05,7.30E-05,5.87E-05,5.56E-05,6.95E-05,6.51E-05
YMR215W,0.000172782,0.000150593,0.000129386,0.000130777,0.000148263,0.000141114,0.000170786,0.000187407,0.000164477,0.000155067
YMR217W,0.000711498,0.000823913,0.000831373,0.000837676,0.001001181,0.001057444,0.00117453,0.001194871,0.001542668,0.001514016
YMR226C,0.000517605,0.000521836,0.000510677,0.000526515,0.000709826,0.000704871,0.00060512,0.00060813,0.000504322,0.00047866
YMR229C,0.000396399,0.000429601,0.000407021,0.000437643,0.000514262,0.000494493,0.000569683,0.000586023,0.000653594,0.000622864
YMR235C,0.000194564,0.000190991,0.00019684,0.000184519,0.000262274,0.00026296,0.000226671,0.000226745,0.00022585,0.000208674
YMR241W,0.000346153,0.000345984,0.000360388,0.000387563,0.000539771,0.000506408,0.000480824,0.000468868,0.000499763,0.000508527
YMR243C,4.31E-05,4.00E-05,3.31E-05,4.10E-05,4.30E-05,4.13E-05,5.48E-05,5.59E-05,5.93E-05,6.52E-05
YMR246W,0.00052816,0.000487377,0.000439321,0.000459192,0.000176019,0.000183303,0.000164071,0.000169586,0.000192105,0.00018562
YMR260C,0.000109884,0.000120889,0.000160144,0.000123386,0.000152328,0.000140934,0.00016915,0.000173951,0.00016323,0.000170138
YMR261C,7.01E-05,6.95E-05,7.61E-05,7.23E-05,9.84E-05,8.21E-05,8.01E-05,7.16E-05,5.84E-05,5.80E-05
YMR266W,3.29E-05,2.70E-05,3.23E-05,3.03E-05,5.00E-05,5.17E-05,6.06E-05,6.01E-05,5.70E-05,6.27E-05
YMR276W,0.000170697,0.000175783,0.000192935,0.00018974,0.000181219,0.000175408,0.000165393,0.00015645,0.000159212,0.000164294
YMR290C,0.000146295,0.000165936,0.000172445,0.000177207,0.000223443,0.000230893,0.000242402,0.00024293,0.000278214,0.000272594
YMR296C,8.63E-05,9.30E-05,9.11E-05,8.72E-05,0.000111552,0.000109391,9.02E-05,9.12E-05,8.83E-05,8.72E-05
YMR297W,0.000537347,0.000508866,0.000475983,0.000431581,0.000127201,0.000121697,7.92E-05,7.22E-05,5.44E-05,5.61E-05
YMR300C,0.000497711,0.000526525,0.00051248,0.00051487,0.000812052,0.000814639,0.000834453,0.000849165,0.001127119,0.001190854
YMR301C,2.07E-05,2.51E-05,2.37E-05,2.19E-05,2.56E-05,2.09E-05,1.86E-05,1.94E-05,1.69E-05,1.88E-05
YMR302C,0.000152045,0.000148818,0.000139472,0.00014541,0.000117221,0.000118631,7.14E-05,6.71E-05,4.96E-05,4.93E-05
YMR304W,0.000164757,0.000122168,0.000119879,0.000143951,4.56E-05,3.04E-05,2.26E-05,2.78E-05,9.66E-06,1.15E-05
YMR305C,5.12E-05,4.43E-05,4.73E-05,4.39E-05,8.46E-05,8.05E-05,4.57E-05,4.57E-05,2.67E-05,2.52E-05
YMR307W,0.00049148,0.000466122,0.000452081,0.000439423,0.000799904,0.000772738,0.000598164,0.000614636,0.000512542,0.000485602
YMR308C,8.22E-05,9.15E-05,9.64E-05,9.58E-05,0.000105278,0.000116166,0.000101716,9.39E-05,0.000100684,9.85E-05
YMR309C,0.000306222,0.000312973,0.000314408,0.000327849,0.000408913,0.000391664,0.000426385,0.000377543,0.000418754,0.000394645
YMR311C,7.46E-05,7.95E-05,0.000100212,8.29E-05,3.67E-05,3.25E-05,3.57E-05,3.11E-05,3.97E-05,3.47E-05
YMR314W,0.000478526,0.000460049,0.000459303,0.000454731,0.000501167,0.000467311,0.000379148,0.000377423,0.000365547,0.000377384
YMR315W,0.000420638,0.000483584,0.000448649,0.000420319,0.000341623,0.000359342,0.000325838,0.000316988,0.000188771,0.000187746
YMR318C,0.000790871,0.000970894,0.001132976,0.001089731,0.002910137,0.002973394,0.000809717,0.000780793,0.000507547,0.000541421
YNL002C,4.37E-05,4.94E-05,5.04E-05,5.18E-05,6.47E-05,6.46E-05,7.73E-05,7.62E-05,9.43E-05,9.08E-05
YNL004W,2.76E-05,2.85E-05,3.25E-05,2.13E-05,2.56E-05,2.70E-05,1.76E-05,2.46E-05,2.26E-05,2.37E-05
YNL005C,5.53E-05,5.71E-05,6.17E-05,5.89E-05,0.000104065,9.22E-05,8.17E-05,7.67E-05,4.45E-05,5.23E-05
YNL007C,0.001644449,0.001557568,0.001496959,0.001582108,0.000853896,0.000802842,0.000634258,0.000697365,0.000568625,0.000567331
YNL009W,6.83E-05,5.81E-05,5.14E-05,5.39E-05,0,0,0,0,0,0
YNL010W,0.000166347,0.000175158,0.000181884,0.000181538,0.000119461,0.000121441,0.000113758,0.000114155,7.54E-05,7.98E-05
YNL014W,0.00019804,0.00017484,0.000133308,0.000143345,0.00014525,0.000138405,0.000179105,0.000172294,0.000169218,0.000176081
YNL016W,0.000146665,0.000140763,0.000140023,0.000139345,0.000212055,0.000189652,0.000178601,0.00017646,0.000185425,0.000183919
YNL030W,0.00079597,0.000671271,0.000719828,0.000654149,0.000819835,0.000775798,0.000773538,0.000812982,0.000694261,0.000691921
YNL031C,0.000545489,0.000419308,0.000510134,0.000477089,0.000582759,0.000492865,0.000521004,0.000588553,0.000548319,0.00053652
YNL036W,0.000342276,0.00026344,0.000293466,0.000266807,0.000584105,0.000495226,0.000162231,0.000234884,0.000112219,0.000108527
YNL037C,0.001021332,0.001101955,0.001309686,0.001279976,0.002427384,0.002430132,0.001010763,0.001065171,0.000867909,0.000861833
YNL044W,0.000160378,0.00015285,0.00014163,0.000144098,0.000265847,0.000272822,0.000175952,0.000190655,0.000164032,0.00016971
YNL052W,0.000315168,0.000331591,0.000341892,0.000348744,0.000400474,0.000381491,0.000214556,0.000220329,8.83E-05,0.000106645
YNL055C,0.006759714,0.005989939,0.005659474,0.006272765,0.009693522,0.009352477,0.005350531,0.005570369,0.002558816,0.002426812
YNL059C,3.75E-05,4.13E-05,3.90E-05,3.99E-05,3.86E-05,3.68E-05,3.19E-05,2.99E-05,3.30E-05,2.85E-05
YNL061W,0.000335543,0.00039543,0.000392758,0.000392536,0.000381729,0.00039337,0.000379303,0.000395946,0.000415827,0.000430828
YNL064C,0.001157311,0.001160474,0.001149724,0.00118789,0.001220675,0.001210951,0.001110352,0.001130212,0.001102858,0.001063306
YNL069C,0.000973412,0.001020012,0.000956848,0.000983354,0.001768146,0.001736097,0.002000683,0.002099172,0.002040072,0.00192686
YNL071W,0.000756294,0.000721426,0.000714834,0.000739852,0.000626437,0.000613872,0.000489988,0.000509945,0.000392362,0.000383431
YNL079C,0.000596016,0.00058543,0.000583156,0.000583457,0.000625682,0.000615313,0.000488391,0.000473684,0.000469798,0.000462835
YNL084C,2.64E-05,2.89E-05,2.58E-05,3.08E-05,3.43E-05,3.85E-05,3.06E-05,3.12E-05,3.06E-05,2.95E-05
YNL085W,0.000133219,0.000129562,0.000136051,0.000129734,0.000199841,0.000201927,0.00017151,0.000173059,0.000163262,0.000154818
YNL088W,2.91E-05,1.59E-05,2.09E-05,2.26E-05,3.14E-05,2.39E-05,2.26E-05,1.74E-05,2.14E-05,2.72E-05
YNL096C,0.00073003,0.000833245,0.000803405,0.000819675,0.001066853,0.001018399,0.00127909,0.001342519,0.001393951,0.001384369
YNL098C,0.000193909,0.000177188,0.000179583,0.00018465,0.000124189,0.000130033,0.000138587,0.000120148,0.000106031,0.000108756
YNL104C,0.001549688,0.001472217,0.001548982,0.001510733,0.000795494,0.000751944,0.000579323,0.000576147,0.000517382,0.000514038
YNL111C,9.64E-05,0.000117121,0.000101423,0.000107422,8.74E-05,9.47E-05,9.91E-05,9.40E-05,0.000118256,0.000117363
YNL113W,8.89E-05,8.98E-05,9.49E-05,9.43E-05,0.000108617,0.000113456,0.000108674,0.000125773,0.000117473,0.00012267
YNL115C,8.83E-05,0.000104573,6.52E-05,6.85E-05,3.28E-05,2.55E-05,1.22E-05,1.30E-05,4.25E-06,1.20E-05
YNL121C,0.000427673,0.00047131,0.000484326,0.000492206,0.00059575,0.00060975,0.00050068,0.000528334,0.000385802,0.000370884
YNL123W,2.24E-05,2.54E-05,3.23E-05,3.93E-05,6.63E-05,5.20E-05,6.10E-05,5.94E-05,8.62E-05,7.01E-05
YNL131W,0.00012283,0.000124053,0.000132388,0.000139856,0.000168744,0.000182957,0.000169395,0.000162587,0.000141382,0.000146717
YNL132W,0.000110886,0.000126134,0.000115431,0.000116569,0.000125341,0.000121696,0.000130655,0.000140752,0.000157631,0.000161631
YNL135C,0.000933985,0.00098973,0.000930997,0.001019996,0.000447418,0.00043779,0.000286534,0.000290414,0.000185872,0.000216216
YNL137C,5.68E-05,6.13E-05,6.65E-05,6.48E-05,0.000115478,0.000127805,8.65E-05,8.94E-05,4.23E-05,5.25E-05
YNL138W,0.000194914,0.000187654,0.000199231,0.000194564,0.000210305,0.000214277,0.000154596,0.000143566,0.000134761,0.000136867
YNL163C,4.15E-05,4.96E-05,5.19E-05,4.73E-05,3.36E-05,1.94E-05,3.46E-05,3.24E-05,3.24E-05,3.30E-05
YNL173C,0.000253786,0.000200913,0.000206459,0.000191167,9.65E-05,8.46E-05,4.38E-05,4.53E-05,1.82E-05,2.91E-05
YNL175C,3.81E-05,4.20E-05,4.13E-05,4.00E-05,5.32E-05,5.31E-05,6.49E-05,6.49E-05,6.85E-05,6.54E-05
YNL177C,0.00017573,0.000219098,0.000268251,0.000215571,0.000361108,0.000306834,0.000259218,0.000274195,0.000219088,0.000161546
YNL178W,0.005017089,0.00527123,0.00500504,0.005180871,0.008475667,0.008420851,0.009678967,0.009922489,0.010264771,0.010189666
YNL180C,0.00011027,0.000101977,8.31E-05,8.88E-05,5.38E-05,5.18E-05,5.18E-05,6.32E-05,4.84E-05,4.58E-05
YNL181W,4.42E-05,4.26E-05,4.26E-05,4.34E-05,3.99E-05,5.20E-05,3.62E-05,4.12E-05,3.90E-05,3.55E-05
YNL189W,0.000251271,0.000264744,0.000255264,0.000259416,0.000233257,0.000243386,0.000221062,0.000204583,0.000236137,0.000208985
YNL212W,6.54E-05,7.16E-05,7.86E-05,7.60E-05,6.74E-05,5.93E-05,6.76E-05,5.51E-05,5.64E-05,5.64E-05
YNL216W,4.37E-05,3.91E-05,4.68E-05,4.74E-05,4.96E-05,4.95E-05,5.20E-05,5.50E-05,5.11E-05,5.06E-05
YNL219C,5.30E-05,4.80E-05,4.42E-05,4.74E-05,4.89E-05,5.15E-05,3.41E-05,4.01E-05,3.98E-05,3.97E-05
YNL220W,0.001022037,0.001116744,0.001199819,0.001149173,0.001282796,0.001309016,0.001433363,0.001430915,0.001830331,0.001784893
YNL231C,3.78E-05,4.44E-05,4.30E-05,4.27E-05,5.86E-05,5.92E-05,6.40E-05,6.38E-05,5.65E-05,7.20E-05
YNL239W,0.000624931,0.000577997,0.000558302,0.000562936,0.000484795,0.000490953,0.000204962,0.00020421,0.000183321,0.000183782
YNL241C,0.001015818,0.001138063,0.001320802,0.00125058,0.001472815,0.001442941,0.001321214,0.001356939,0.001214167,0.001242873
YNL243W,0.000188767,0.000174161,0.000174742,0.000185474,0.000210815,0.000207235,0.000152287,0.0001628,0.000130669,0.000133254
YNL244C,0.000275781,0.000326021,0.000351064,0.000340625,0.000310661,0.000300015,0.000339459,0.000345043,0.000355114,0.000364146
YNL247W,0.000208053,0.000220254,0.000246068,0.000236942,0.000357906,0.0003592,0.000341263,0.000343763,0.000380894,0.000366821
YNL248C,0.000101739,0.000122354,0.000117795,0.000112928,0.000120609,0.000128454,0.000136377,0.000139084,0.000156391,0.000158536
YNL251C,1.44E-05,1.32E-05,1.64E-05,1.49E-05,1.81E-05,1.61E-05,1.67E-05,1.57E-05,1.55E-05,1.50E-05
YNL255C,0.000110818,8.97E-05,0.000129178,9.79E-05,0.000152064,0.000122464,0.000113878,0.00011869,9.24E-05,0.000103646
YNL256W,8.14E-06,9.64E-06,9.47E-06,1.21E-05,1.53E-05,1.33E-05,2.48E-05,1.99E-05,2.57E-05,2.42E-05
YNL267W,1.80E-05,1.87E-05,1.70E-05,1.87E-05,1.44E-05,1.59E-05,1.30E-05,1.25E-05,1.18E-05,1.12E-05
YNL277W,4.21E-05,4.36E-05,4.56E-05,4.34E-05,4.28E-05,4.32E-05,5.13E-05,4.39E-05,5.20E-05,5.47E-05
YNL281W,0.000293135,0.000326443,0.000311721,0.000316466,0.000204651,0.000198641,0.000118325,0.000125566,5.76E-05,6.33E-05
YNL284C,2.13E-05,2.48E-05,2.45E-05,2.63E-05,5.07E-05,4.97E-05,3.15E-05,3.26E-05,1.26E-05,2.50E-05
YNL287W,0.000389447,0.000378981,0.000367697,0.000381635,0.000477383,0.000477354,0.000392283,0.000419106,0.000384389,0.000381452
YNL290W,5.03E-05,5.17E-05,4.58E-05,4.55E-05,5.77E-05,5.82E-05,4.97E-05,5.65E-05,5.13E-05,5.11E-05
YNL292W,2.66E-05,2.67E-05,2.56E-05,2.68E-05,2.42E-05,2.88E-05,2.12E-05,2.47E-05,2.33E-05,2.28E-05
YNL306W,2.56E-05,2.43E-05,2.59E-05,2.66E-05,4.78E-05,5.28E-05,3.73E-05,3.88E-05,2.18E-05,2.37E-05
YNL307C,0.000197009,0.000183352,0.00016305,0.000176123,0.000169595,0.000176527,0.000143381,0.000148646,0.000137031,0.000138629
YNL308C,4.44E-05,4.58E-05,5.10E-05,4.84E-05,5.34E-05,4.62E-05,5.11E-05,5.74E-05,6.43E-05,5.66E-05
YNL313C,5.48E-05,5.55E-05,5.64E-05,6.32E-05,7.23E-05,6.57E-05,7.09E-05,6.74E-05,7.48E-05,7.31E-05
YNL323W,2.62E-05,2.25E-05,2.67E-05,2.50E-05,3.24E-05,3.50E-05,3.30E-05,3.34E-05,3.32E-05,3.11E-05
YNR001C,0.004258192,0.004466096,0.005214179,0.004879816,0.004705065,0.004674753,0.001484582,0.001519426,0.000708345,0.000712105
YNR016C,0.010874786,0.010595917,0.009646082,0.009810126,0.007751111,0.007562351,0.004313628,0.004596647,0.004088168,0.004058238
YNR017W,0.000111941,0.000122373,0.000128604,0.000125158,0.000147337,0.000155558,0.000134128,0.000137511,0.000114078,0.000115849
YNR021W,7.11E-05,7.49E-05,6.36E-05,7.11E-05,8.62E-05,8.28E-05,8.28E-05,7.67E-05,8.99E-05,8.51E-05
YNR035C,0.00021553,0.000201616,0.000190184,0.000196762,0.000203293,0.000187479,0.00013974,0.000144249,0.000128522,0.000113201
YNR037C,2.79E-05,3.09E-05,3.23E-05,3.27E-05,5.64E-05,5.56E-05,4.54E-05,4.57E-05,2.99E-05,3.19E-05
YNR038W,2.11E-05,2.47E-05,1.84E-05,2.23E-05,3.08E-05,2.74E-05,2.76E-05,3.05E-05,2.89E-05,3.21E-05
YNR043W,0.000495464,0.000511192,0.000495135,0.000510459,0.000535135,0.000510242,0.000489001,0.000478758,0.000503945,0.000486557
YNR050C,0.002154836,0.002387721,0.002260603,0.002312354,0.003254406,0.003123915,0.003269577,0.003382225,0.003367249,0.003470788
YNR051C,3.19E-05,3.14E-05,3.70E-05,3.68E-05,4.60E-05,4.35E-05,4.82E-05,5.01E-05,4.71E-05,4.37E-05
YNR053C,5.44E-05,5.90E-05,5.78E-05,6.16E-05,9.87E-05,9.72E-05,0.000122333,0.000125314,0.000148857,0.000138193
YOL004W,3.37E-05,2.85E-05,3.50E-05,3.20E-05,3.10E-05,3.65E-05,2.21E-05,2.14E-05,2.48E-05,2.25E-05
YOL010W,3.43E-05,3.14E-05,3.31E-05,3.70E-05,4.66E-05,4.76E-05,4.92E-05,4.45E-05,5.15E-05,5.10E-05
YOL021C,8.75E-05,8.80E-05,9.43E-05,8.75E-05,9.37E-05,9.42E-05,8.56E-05,8.67E-05,9.11E-05,9.21E-05
YOL022C,3.37E-05,3.25E-05,3.46E-05,4.03E-05,3.32E-05,3.28E-05,3.37E-05,3.60E-05,3.34E-05,3.35E-05
YOL027C,0.000244524,0.000231924,0.000241742,0.000232564,0.00030084,0.000300425,0.000219396,0.000219398,0.000164491,0.000157851
YOL030W,0.000110811,9.02E-05,7.89E-05,8.02E-05,0.00013224,0.000123043,0.000121597,0.000130901,0.000116451,0.000112921
YOL038W,0.000266562,0.00024823,0.000252592,0.000262522,0.000231582,0.000217634,0.000180702,0.000185702,0.000175559,0.000160697
YOL039W,0.001281029,0.001259231,0.001320054,0.001256741,0.00164652,0.0016724,0.002358627,0.002165577,0.002675619,0.002207495
YOL040C,0.001452465,0.001493107,0.001505881,0.001519334,0.002362991,0.002288017,0.002916313,0.002746356,0.003195184,0.003104873
YOL041C,9.07E-05,0.000108485,9.69E-05,0.000102601,0.000124605,0.000128142,0.000127496,0.000142487,0.000137941,0.000129726
YOL049W,0.000132131,0.000139507,0.000140823,0.000142591,0.000138449,0.000134952,0.000115985,0.000119366,0.000110275,0.000100723
YOL057W,9.31E-05,8.60E-05,7.84E-05,8.07E-05,9.24E-05,9.22E-05,6.33E-05,6.98E-05,6.28E-05,6.05E-05
YOL058W,0.002887435,0.002884068,0.002744846,0.002751679,0.002260306,0.002341658,0.002044953,0.002075262,0.002538685,0.002574573
YOL059W,0.00024273,0.00024765,0.000241227,0.000239133,0.000142688,0.000143959,0.000125378,0.000125301,0.000203018,0.000203344
YOL061W,0.000161612,0.000179311,0.000165887,0.000171093,0.00018594,0.000200635,0.00017327,0.000170379,0.00017969,0.000176965
YOL064C,0.000334168,0.000350873,0.000355318,0.000363259,0.000306158,0.000305694,0.00038305,0.000380089,0.000409359,0.000405642
YOL077C,8.02E-05,8.68E-05,8.44E-05,0.000102564,0.000114091,0.000106727,0.000120249,0.000122867,0.000130867,0.000126317
YOL094C,1.86E-05,1.74E-05,1.86E-05,1.80E-05,2.02E-05,1.69E-05,1.66E-05,1.29E-05,1.75E-05,1.65E-05
YOL097C,0.000112083,0.000121526,0.000109756,0.00012315,0.000172967,0.000176218,0.000203033,0.000202434,0.000235175,0.000209986
YOL098C,0.000189444,0.000185595,0.000184406,0.000176222,0.000203754,0.000200362,0.000170088,0.00017702,0.00016933,0.000163489
YOL109W,0.001654307,0.001583993,0.001814416,0.001712858,0.00121724,0.001173064,0.001405995,0.00138365,0.001433167,0.001614257
YOL111C,5.85E-05,5.42E-05,5.74E-05,5.68E-05,5.41E-05,5.28E-05,5.01E-05,5.35E-05,5.63E-05,5.30E-05
YOL120C,0.002100191,0.002288565,0.002313356,0.002237227,0.004104739,0.003954273,0.004406057,0.004571763,0.004754824,0.004493501
YOL121C,0.002514347,0.002561552,0.002517237,0.002630357,0.004295999,0.004114443,0.004756769,0.005037484,0.005118554,0.005070156
YOL123W,7.59E-05,8.55E-05,7.69E-05,7.94E-05,0.000107812,0.000113411,9.09E-05,0.000106546,9.27E-05,9.85E-05
YOL127W,0.002141654,0.00213094,0.002133462,0.002106064,0.003569265,0.003479063,0.003794134,0.004124674,0.003960412,0.003722728
YOL139C,0.000579195,0.000590414,0.000593828,0.00060651,0.000881256,0.000853646,0.000887382,0.000950682,0.000908628,0.000900109
YOL140W,0.000432956,0.000421824,0.000464125,0.000447759,0.000202655,0.000198091,0.000215653,0.000210059,0.000217851,0.000215305
YOL145C,6.68E-05,8.20E-05,7.97E-05,7.39E-05,7.79E-05,7.67E-05,7.06E-05,6.18E-05,6.98E-05,6.63E-05
YOL147C,0.000287128,0.000219524,0.000209776,0.000214641,0.000144436,0.00013572,9.50E-05,9.19E-05,8.26E-05,8.25E-05
YOL151W,0.00022341,0.000210896,0.000140004,0.000159217,4.64E-05,4.34E-05,6.72E-05,6.31E-05,5.01E-05,3.89E-05
YOR001W,3.01E-05,2.87E-05,2.91E-05,3.13E-05,3.18E-05,3.19E-05,3.13E-05,3.16E-05,3.67E-05,3.14E-05
YOR007C,0.000753803,0.000720189,0.000705209,0.000713808,0.000662828,0.000676182,0.000635316,0.000643432,0.000574668,0.000601029
YOR014W,2.46E-05,2.37E-05,2.52E-05,2.57E-05,2.98E-05,2.93E-05,2.18E-05,2.00E-05,2.01E-05,2.11E-05
YOR020C,0.001064004,0.001206436,0.001232907,0.001334023,0.000897878,0.00095253,0.000951807,0.000954721,0.000605026,0.000652039
YOR021C,7.51E-05,7.44E-05,7.93E-05,7.48E-05,5.92E-05,5.74E-05,5.49E-05,4.90E-05,4.71E-05,5.20E-05
YOR027W,0.00422055,0.003955111,0.003769945,0.004057445,0.00199643,0.001936576,0.001751664,0.001712763,0.001532738,0.001565927
YOR042W,0.00016856,0.000188548,0.000181358,0.000183134,0.00012035,0.000117696,8.51E-05,8.65E-05,6.93E-05,7.32E-05
YOR043W,2.39E-05,2.24E-05,2.42E-05,2.26E-05,1.80E-05,1.89E-05,1.64E-05,1.51E-05,1.51E-05,1.61E-05
YOR046C,0.00027582,0.000288245,0.000286603,0.000301113,0.000256347,0.000260481,0.000273301,0.000270629,0.000258378,0.000256742
YOR048C,1.99E-05,1.45E-05,2.16E-05,1.43E-05,1.63E-05,1.76E-05,2.01E-05,2.01E-05,1.53E-05,1.98E-05
YOR051C,3.67E-05,4.05E-05,3.91E-05,3.78E-05,3.25E-05,3.14E-05,3.46E-05,3.96E-05,5.56E-05,5.87E-05
YOR057W,2.50E-05,3.10E-05,2.68E-05,2.77E-05,1.83E-05,2.21E-05,2.13E-05,2.03E-05,2.32E-05,1.84E-05
YOR061W,9.43E-05,8.64E-05,0.000102639,8.81E-05,8.63E-05,8.83E-05,7.63E-05,7.26E-05,8.11E-05,7.40E-05
YOR063W,0.00512095,0.005266634,0.005236151,0.00527275,0.008466831,0.008237555,0.009280704,0.009085906,0.009630084,0.009755855
YOR065W,0.000553463,0.000518729,0.000545819,0.000575898,0.000851432,0.000905841,0.000487029,0.000546676,0.000220687,0.000221979
YOR074C,2.64E-05,2.89E-05,3.54E-05,2.78E-05,5.30E-05,5.50E-05,4.33E-05,4.77E-05,3.84E-05,3.93E-05
YOR086C,7.86E-05,7.54E-05,6.76E-05,7.23E-05,6.59E-05,6.41E-05,5.28E-05,5.66E-05,5.22E-05,5.18E-05
YOR089C,8.96E-05,8.54E-05,8.25E-05,8.64E-05,7.72E-05,7.65E-05,6.10E-05,6.73E-05,5.29E-05,5.60E-05
YOR095C,8.61E-05,8.27E-05,8.57E-05,8.46E-05,8.50E-05,8.60E-05,8.44E-05,7.92E-05,8.42E-05,8.08E-05
YOR096W,0.001473626,0.001557476,0.00151587,0.001521065,0.002339188,0.002670422,0.002821743,0.002773268,0.003028453,0.002962384
YOR099W,3.46E-05,2.91E-05,2.91E-05,2.84E-05,5.17E-05,5.70E-05,4.69E-05,4.75E-05,4.69E-05,4.52E-05
YOR108W,3.13E-05,3.00E-05,3.22E-05,3.65E-05,3.58E-05,4.13E-05,6.16E-05,6.73E-05,6.49E-05,6.67E-05
YOR109W,3.64E-05,3.44E-05,3.59E-05,3.63E-05,4.84E-05,4.87E-05,3.81E-05,3.84E-05,3.23E-05,3.78E-05
YOR116C,2.90E-05,2.72E-05,2.98E-05,2.88E-05,4.10E-05,4.02E-05,3.81E-05,4.27E-05,4.73E-05,4.41E-05
YOR117W,0.000431986,0.000426289,0.000445418,0.000429029,0.000300917,0.000308608,0.000277105,0.000276676,0.000264372,0.00027935
YOR120W,0.001242286,0.001260353,0.001297173,0.001043155,0.002569748,0.002522481,2.86E-05,3.40E-05,2.43E-06,4.33E-06
YOR123C,3.13E-05,3.68E-05,5.32E-05,3.82E-05,2.27E-05,2.20E-05,2.74E-05,2.13E-05,2.40E-05,2.46E-05
YOR124C,3.63E-05,3.40E-05,3.22E-05,3.74E-05,3.83E-05,3.60E-05,2.37E-05,3.46E-05,2.66E-05,2.28E-05
YOR128C,0.000678674,0.000636763,0.000656718,0.000671217,0.001061452,0.000999156,0.000838628,0.000862266,0.000964646,0.000928034
YOR136W,0.000990832,0.00103562,0.001216726,0.001262306,0.002946441,0.00279986,0.001156272,0.001186871,0.000868655,0.00081268
YOR142W,0.00130375,0.001199917,0.001146468,0.001151783,0.000821533,0.000833089,0.000434101,0.000442812,0.000277068,0.000265545
YOR143C,1.38E-05,1.51E-05,1.76E-05,1.34E-05,1.86E-05,1.92E-05,1.67E-05,1.50E-05,1.45E-05,1.67E-05
YOR151C,0.000185348,0.000185213,0.000187148,0.000191309,0.0002321,0.000229809,0.000220986,0.000224097,0.000209025,0.000208861
YOR155C,3.94E-05,3.56E-05,3.52E-05,3.67E-05,3.99E-05,3.88E-05,2.36E-05,2.29E-05,2.11E-05,1.98E-05
YOR158W,3.45E-05,3.53E-05,3.88E-05,3.73E-05,6.20E-05,6.40E-05,4.52E-05,4.54E-05,3.24E-05,2.87E-05
YOR165W,0.000116736,0.000111978,0.000112464,0.000108267,0.000117629,0.000121672,9.96E-05,0.000102639,9.19E-05,9.74E-05
YOR167C,0.000839689,0.000904729,0.0008399,0.00085331,0.001410648,0.00136937,0.001747625,0.001709158,0.001835183,0.00180157
YOR168W,0.000510437,0.000592099,0.000602811,0.000581104,0.000678423,0.000670759,0.00073043,0.000770614,0.000746822,0.000743644
YOR176W,3.78E-05,3.99E-05,3.10E-05,3.87E-05,4.33E-05,4.43E-05,3.65E-05,2.63E-05,2.32E-05,3.01E-05
YOR182C,0.000234223,0.000285646,0.000215774,0.000247301,0.000386194,0.000433411,0.000545878,0.000583896,0.000555629,0.000518788
YOR184W,0.00075607,0.000791616,0.000884398,0.000842829,0.001078554,0.001040038,0.000917052,0.000951247,0.001224159,0.001241086
YOR187W,0.000546587,0.000511004,0.000559222,0.000529697,0.001038419,0.001082129,0.000845157,0.000876318,0.000444438,0.000452969
YOR198C,0.000519085,0.000548609,0.000532731,0.000559603,0.000978739,0.000973029,0.000690505,0.00072243,0.000690722,0.000664903
YOR202W,0.000109618,0.000117301,0.000120317,0.000111658,0.00010859,0.000107363,0.000114157,0.000116888,0.000132472,0.000132914
YOR204W,0.000586422,0.000596017,0.000661629,0.000632858,0.001223622,0.001203402,0.001252579,0.001216263,0.001207909,0.001264319
YOR206W,6.29E-05,7.13E-05,6.85E-05,6.92E-05,6.52E-05,6.74E-05,6.43E-05,6.49E-05,7.20E-05,7.11E-05
YOR207C,4.45E-05,3.68E-05,4.72E-05,4.67E-05,6.15E-05,6.47E-05,6.21E-05,6.69E-05,6.99E-05,6.88E-05
YOR209C,0.000220534,0.000206535,0.000222873,0.000217017,0.000328193,0.000338669,0.000226941,0.000228252,0.000208016,0.000194043
YOR210W,2.45E-05,2.65E-05,3.08E-05,2.46E-05,2.75E-05,2.67E-05,3.30E-05,2.96E-05,3.34E-05,3.34E-05
YOR222W,0.00011507,0.000115511,0.000123302,0.000123346,0.000165611,0.000169854,0.00022663,0.000195768,0.000218383,0.000206407
YOR224C,3.96E-05,4.05E-05,3.25E-05,4.24E-05,4.37E-05,4.50E-05,4.71E-05,4.63E-05,4.89E-05,4.57E-05
YOR230W,0.001727335,0.001827623,0.001592793,0.00168183,0.000523555,0.000531792,0.000314679,0.000328732,0.000367636,0.000347931
YOR232W,0.000112568,0.000126389,0.000125429,0.000136466,0.000133101,0.000136776,0.000145546,0.000131269,0.000115199,0.000123734
YOR234C,0.000233978,0.000254392,0.000250978,0.000264436,0.000345424,0.000306027,0.000337425,0.000364281,0.000375831,0.000346123
YOR239W,5.47E-05,5.60E-05,6.08E-05,5.51E-05,5.93E-05,5.58E-05,6.38E-05,5.85E-05,4.93E-05,6.03E-05
YOR241W,3.71E-05,3.88E-05,1.99E-05,3.82E-05,4.73E-05,4.50E-05,4.57E-05,4.00E-05,4.45E-05,4.24E-05
YOR243C,5.58E-05,5.65E-05,5.24E-05,5.02E-05,7.33E-05,7.46E-05,7.37E-05,7.73E-05,7.41E-05,7.65E-05
YOR251C,0.000102105,9.95E-05,9.37E-05,9.60E-05,6.20E-05,6.63E-05,5.37E-05,4.98E-05,5.38E-05,5.63E-05
YOR254C,0.000139925,0.00014525,0.000142835,0.000139465,0.000207691,0.000211282,0.00017795,0.000181817,0.000183436,0.000181565
YOR259C,0.000254253,0.000259902,0.000265599,0.000264331,0.000197407,0.000197774,0.00018785,0.000176096,0.00019421,0.000178359
YOR260W,2.54E-05,2.52E-05,2.39E-05,2.74E-05,2.67E-05,3.00E-05,3.20E-05,2.94E-05,3.64E-05,2.95E-05
YOR261C,0.000292578,0.000285147,0.000289153,0.000290574,0.000235484,0.000235929,0.000189936,0.000193255,0.000188944,0.000188056
YOR270C,0.000243614,0.000202467,0.000193555,0.000202044,0.00026091,0.000252078,0.00033532,0.00033802,0.00038892,0.000381621
YOR271C,0.000122454,0.000119299,0.000109646,0.000116969,0.000151213,0.000150464,0.000142967,0.000137029,0.000140033,0.000145776
YOR272W,0.000117767,0.000125002,0.000128285,0.000128102,0.000135025,0.000134505,0.000139606,0.000148242,0.000156326,0.000161066
YOR285W,0.001083183,0.001025049,0.001140682,0.001014544,0.00031664,0.000330175,0.000190408,0.000180553,0.000139631,0.00018298
YOR286W,7.11E-05,7.42E-05,8.61E-05,8.74E-05,3.27E-05,4.52E-05,3.08E-05,2.50E-05,1.56E-05,2.17E-05
YOR293W,0.001064794,0.001112784,0.001115921,0.001071333,0.001829869,0.001686793,0.001829294,0.001923553,0.002013437,0.002220781
YOR298C-A,0.000617585,0.000612049,0.000595841,0.000643147,0.000548296,0.000520061,0.000538365,0.0006071,0.00054349,0.000532366
YOR303W,0.000110391,0.000117549,0.000130631,0.000117928,0.000230424,0.000214053,0.000330188,0.000327008,0.000333287,0.000372765
YOR310C,0.000629825,0.000665554,0.000648856,0.000685248,0.000796303,0.000778258,0.00085668,0.000871911,0.000907313,0.000914168
YOR312C,0.002410027,0.002593357,0.002424989,0.002574177,0.004369791,0.004429274,0.004968839,0.005007998,0.005217672,0.00528546
YOR316C,4.84E-05,3.82E-05,4.47E-05,4.31E-05,6.05E-05,6.10E-05,5.40E-05,5.13E-05,4.44E-05,4.10E-05
YOR317W,0.000828992,0.000881067,0.000891022,0.000900056,0.000482824,0.000469942,0.00037413,0.000410155,0.000302489,0.000276588
YOR323C,0.000392994,0.000374193,0.000391974,0.000377404,0.000442626,0.000426576,0.000434177,0.000436085,0.000458322,0.000421726
YOR326W,0.000117458,0.000117427,0.000122687,0.000128041,0.000160429,0.000163031,0.000146442,0.000144579,0.000147106,0.000140202
YOR332W,0.000353555,0.000352927,0.000336636,0.000353231,0.000395932,0.000405528,0.000480285,0.000462672,0.000491269,0.000489899
YOR335C,0.001238727,0.001298937,0.001325453,0.001360035,0.001651269,0.00164511,0.001648516,0.001729129,0.0016268,0.001657107
YOR340C,6.55E-05,7.35E-05,7.04E-05,6.94E-05,8.35E-05,8.00E-05,8.23E-05,9.00E-05,8.64E-05,8.69E-05
YOR341W,0.000424556,0.000494685,0.000491904,0.000471754,0.00048822,0.000484411,0.000531623,0.000543584,0.000572237,0.000575405
YOR347C,5.50E-05,3.97E-05,4.51E-05,4.54E-05,4.15E-05,2.89E-05,5.40E-06,2.18E-05,1.84E-06,5.19E-06
YOR354C,3.98E-05,3.65E-05,5.09E-05,4.60E-05,8.09E-05,7.87E-05,5.04E-05,5.29E-05,2.88E-05,3.28E-05
YOR356W,0.000121107,0.00013863,0.000143805,0.000135711,0.000114275,0.000113153,3.97E-05,3.99E-05,2.71E-05,4.10E-05
YOR361C,0.000446775,0.000478121,0.000482465,0.000467341,0.000623705,0.000617356,0.000616315,0.000655734,0.000617538,0.000605494
YOR362C,0.0002941,0.000293077,0.000286432,0.000272075,0.000295425,0.000272659,0.000238928,0.000252717,0.000230844,0.000218021
YOR369C,0.001654774,0.001715989,0.001768862,0.001719166,0.002801536,0.003003686,0.003440607,0.003440905,0.003311688,0.003540978
YOR374W,0.055190958,0.050800568,0.048844093,0.047767914,0.003800155,0.003706007,0.001394133,0.001587601,0.000465796,0.000450917
YOR375C,0.002999282,0.002903623,0.003414262,0.003370567,0.006138161,0.006768195,0.006865005,0.006731511,0.006457972,0.006756598
YPL004C,0.002017413,0.001712157,0.001555263,0.001652305,0.000542814,0.000505516,0.000431647,0.000461671,0.000286467,0.000283934
YPL009C,3.09E-05,3.00E-05,3.23E-05,3.13E-05,3.53E-05,3.57E-05,3.12E-05,3.16E-05,3.07E-05,2.76E-05
YPL010W,6.66E-05,6.79E-05,6.78E-05,6.48E-05,7.99E-05,7.81E-05,6.93E-05,7.10E-05,6.17E-05,6.23E-05
YPL012W,0.000103847,0.000115763,0.000116457,0.000114051,0.000114638,0.00011969,0.000123781,0.000128917,0.000142285,0.000140714
YPL023C,4.60E-05,4.83E-05,4.70E-05,4.66E-05,4.44E-05,4.59E-05,3.68E-05,3.66E-05,3.36E-05,3.21E-05
YPL028W,0.001044305,0.001049307,0.000937969,0.001005494,0.000948487,0.000940267,0.0007197,0.000753129,0.000795414,0.000770554
YPL031C,3.28E-05,3.08E-05,3.07E-05,3.17E-05,3.10E-05,3.13E-05,2.54E-05,1.91E-05,1.99E-05,2.09E-05
YPL032C,1.89E-05,1.73E-05,2.09E-05,1.97E-05,2.95E-05,3.50E-05,3.15E-05,2.66E-05,1.99E-05,2.59E-05
YPL036W,0.000387395,0.0003122,0.000186041,0.000234467,0,0,0,0,0,0
YPL037C,0.000669033,0.000698657,0.000759145,0.000692137,0.000706881,0.000665065,0.000749279,0.000703497,0.000839479,0.000892563
YPL048W,0.000785447,0.000759902,0.000775053,0.000755534,0.000730053,0.000713461,0.000575176,0.000579431,0.000528662,0.000530021
YPL050C,3.04E-05,2.59E-05,2.95E-05,2.82E-05,3.31E-05,2.62E-05,3.08E-05,3.16E-05,2.92E-05,2.79E-05
YPL053C,1.66E-05,1.31E-05,8.29E-06,1.33E-05,2.79E-05,2.40E-05,1.49E-05,1.52E-05,1.53E-05,1.38E-05
YPL061W,0.01060828,0.012965258,0.013326309,0.01349044,0.009280857,0.00915726,0.006677226,0.006770859,0.007795679,0.007566508
YPL063W,9.50E-05,0.000103319,0.000114972,0.00011553,0.000160702,0.000157133,0.000139756,0.000147602,0.0001229,0.00012494
YPL078C,0.001052546,0.000966874,0.000996195,0.001028065,0.001370475,0.001348461,0.00074588,0.000775799,0.000378961,0.000375315
YPL086C,2.99E-05,3.85E-05,4.08E-05,3.79E-05,5.24E-05,5.52E-05,4.77E-05,4.98E-05,5.29E-05,5.24E-05
YPL091W,0.000436497,0.000460722,0.000457919,0.000441552,0.000420882,0.000415926,0.000357543,0.000373836,0.000315129,0.000314738
YPL093W,0.000100714,0.000110161,0.000107619,0.000120691,0.000165235,0.000173718,0.000192023,0.000200963,0.000210388,0.000198436
YPL105C,3.17E-05,3.61E-05,3.92E-05,3.95E-05,2.98E-05,2.89E-05,2.90E-05,3.16E-05,2.43E-05,3.01E-05
YPL106C,0.004426022,0.00442577,0.004630618,0.004815597,0.005042444,0.005145242,0.004392034,0.004363809,0.003940786,0.00409132
YPL111W,6.89E-05,6.31E-05,5.11E-05,5.57E-05,5.27E-05,4.75E-05,2.94E-05,3.33E-05,3.48E-05,2.46E-05
YPL117C,0.000101413,0.000103568,0.000103775,9.13E-05,0.000110561,0.000102954,9.40E-05,9.86E-05,7.98E-05,7.79E-05
YPL118W,3.67E-05,3.37E-05,4.16E-05,3.75E-05,7.04E-05,6.40E-05,4.92E-05,5.21E-05,2.71E-05,3.17E-05
YPL119C,2.62E-05,3.06E-05,2.00E-05,3.42E-05,2.40E-05,2.41E-05,1.50E-05,0,1.66E-05,1.61E-05
YPL126W,9.39E-05,0.000101971,9.93E-05,0.000104189,0.000115076,0.000116675,0.00012303,0.000120716,0.000139454,0.000130509
YPL128C,1.55E-05,1.78E-05,1.47E-05,1.53E-05,1.87E-05,1.80E-05,1.22E-05,1.55E-05,1.36E-05,1.41E-05
YPL129W,6.18E-05,6.09E-05,6.18E-05,6.36E-05,5.24E-05,5.70E-05,4.92E-05,4.75E-05,4.61E-05,5.10E-05
YPL131W,0.002728754,0.002995222,0.002994563,0.002918733,0.004985424,0.005253662,0.005426471,0.005417294,0.00582415,0.006102108
YPL139C,2.02E-05,2.31E-05,2.24E-05,2.27E-05,2.04E-05,2.07E-05,1.71E-05,2.18E-05,1.81E-05,1.75E-05
YPL145C,0.000335216,0.000323617,0.000324781,0.000348595,0.000473913,0.000488322,0.000430189,0.000454199,0.000404848,0.000396449
YPL154C,0.001150731,0.000948709,0.000867511,0.000835817,0.00058891,0.000564433,0.000390198,0.000415064,0.000248501,0.000238724
YPL160W,0.001095165,0.001133143,0.001196369,0.001167289,0.001678985,0.001675296,0.001791744,0.001870474,0.001921296,0.001884706
YPL169C,3.37E-05,3.37E-05,3.21E-05,3.17E-05,4.25E-05,4.53E-05,3.82E-05,4.13E-05,4.06E-05,3.92E-05
YPL173W,4.93E-05,5.21E-05,5.08E-05,5.64E-05,9.53E-05,9.59E-05,7.36E-05,7.61E-05,4.75E-05,4.28E-05
YPL183C,1.65E-05,1.44E-05,1.96E-05,1.66E-05,3.39E-05,3.07E-05,3.57E-05,2.61E-05,3.67E-05,4.01E-05
YPL190C,0.000111556,0.000106481,0.000117298,0.000113722,9.28E-05,9.05E-05,7.92E-05,8.81E-05,7.03E-05,7.48E-05
YPL204W,3.36E-05,3.39E-05,3.38E-05,3.44E-05,4.70E-05,4.50E-05,3.31E-05,4.42E-05,3.53E-05,3.34E-05
YPL210C,0.00012047,0.000120164,0.000115538,0.000123689,0.000129924,0.000126416,0.00011009,0.000116406,0.000104831,0.00010493
YPL212C,5.27E-05,5.80E-05,6.45E-05,5.94E-05,5.88E-05,6.03E-05,6.06E-05,7.14E-05,6.89E-05,7.03E-05
YPL215W,5.79E-05,6.61E-05,5.94E-05,7.15E-05,7.97E-05,7.43E-05,3.52E-05,5.23E-05,3.08E-05,3.39E-05
YPL217C,1.62E-05,3.42E-05,4.26E-05,3.72E-05,5.05E-05,4.65E-05,6.53E-05,6.21E-05,6.44E-05,6.72E-05
YPL218W,0.000669484,0.000649016,0.000632444,0.000663236,0.000760109,0.000783181,0.000663064,0.000709312,0.000608357,0.000615598
YPL225W,0.00038783,0.000394367,0.00038968,0.000400006,0.000335788,0.000335393,0.000252286,0.000267749,0.000268594,0.000270185
YPL226W,0.00036023,0.000402667,0.000400536,0.000413752,0.000408592,0.000411558,0.000530925,0.000544278,0.000579223,0.00057583
YPL228W,4.26E-05,3.58E-05,3.93E-05,4.40E-05,3.08E-05,2.43E-05,1.91E-05,3.02E-05,2.65E-05,2.62E-05
YPL231W,0.007400934,0.007448828,0.006680788,0.006524053,0.005325395,0.005421336,0.004533941,0.0044472,0.004045681,0.004122746
YPL232W,6.45E-05,6.54E-05,6.54E-05,6.28E-05,7.59E-05,8.23E-05,5.62E-05,6.86E-05,4.96E-05,5.05E-05
YPL235W,0.000273561,0.00025901,0.000261869,0.000263887,0.000273538,0.00025577,0.000228292,0.000231926,0.000233125,0.0002188
YPL237W,0.000247636,0.000263067,0.000282364,0.000285299,0.000368655,0.000369186,0.000395122,0.000399084,0.00041754,0.000425337
YPL239W,0.000118103,9.82E-05,0.000118203,0.000125179,7.41E-05,7.44E-05,7.38E-05,8.50E-05,8.66E-05,9.99E-05
YPL240C,0.018516775,0.018249916,0.017221241,0.018606663,0.015827204,0.015904157,0.014060835,0.014476334,0.012110951,0.011589075
YPL243W,0.000117868,0.000121665,0.00011067,0.000116621,0.000128519,0.000121358,0.000116049,0.000120919,0.000117856,0.000116484
YPL249C,5.39E-05,4.27E-05,6.01E-05,4.48E-05,4.11E-05,5.21E-05,3.17E-05,1.79E-05,2.28E-05,3.03E-05
YPL249C-A,0.000173986,0.00015912,0.000192328,0.000172181,0.000314596,0.000257708,0.000337671,0.000381662,0.00031946,0.000360534
YPL260W,0.000296686,0.000298383,0.000350218,0.000302318,0.000232674,0.000222633,0.000163489,0.000183517,0.000133404,0.000136069
YPL262W,0.000980111,0.000911965,0.00106764,0.000956399,0.00173312,0.001770612,0.000590255,0.00059688,0.000327443,0.00032995
YPL266W,3.30E-05,2.57E-05,3.87E-05,4.13E-05,4.83E-05,4.70E-05,4.60E-05,4.63E-05,5.25E-05,5.76E-05
YPL271W,0.000152901,0.000138464,0.000147909,0.000152931,0.000192325,0.000213525,0.00012549,0.000128849,6.42E-05,6.34E-05
YPR002W,0.001060626,0.001005769,0.001127901,0.001177847,0.000634503,0.00063501,4.45E-05,5.32E-05,6.51E-05,6.52E-05
YPR004C,0.000269059,0.000274028,0.000277598,0.000286357,0.000277716,0.000265223,0.000201152,0.00020698,0.000189168,0.000181262
YPR016C,0.000191376,0.000213637,0.000223288,0.00022326,0.000257304,0.000269975,0.000277521,0.000258105,0.000287341,0.000295476
YPR019W,2.57E-05,2.52E-05,2.78E-05,2.65E-05,2.42E-05,2.54E-05,2.26E-05,2.39E-05,2.44E-05,2.16E-05
YPR020W,0.000124176,0.000106409,0.000139433,0.00012601,0.000197317,0.000170799,8.58E-05,9.32E-05,4.20E-05,4.02E-05
YPR024W,7.99E-05,8.14E-05,8.08E-05,8.40E-05,0.000131318,0.000125575,0.000102448,0.000102715,7.77E-05,7.52E-05
YPR028W,0.000136098,0.000118726,0.000121413,0.000130139,0.000180123,0.000176721,0.000167507,0.000168422,0.000166548,0.000160716
YPR033C,0.000425065,0.000442879,0.000482313,0.000484026,0.000706852,0.000707606,0.000712584,0.000727306,0.000808035,0.000798919
YPR035W,0.000394667,0.000435806,0.000441643,0.000453461,0.000635845,0.000685415,0.001183869,0.001098368,0.001507398,0.00151978
YPR036W,0.000324398,0.000316058,0.000332923,0.000326216,0.000399711,0.000381755,0.000387782,0.000399156,0.000392885,0.000396617
YPR041W,0.000338082,0.000358197,0.000344154,0.000350255,0.000401067,0.000427972,0.00044301,0.00043653,0.000449144,0.000456296
YPR043W,0.000895706,0.000897164,0.000864596,0.000929342,0.001633756,0.001539476,0.001759257,0.001681931,0.001754061,0.001795879
YPR058W,5.55E-05,4.55E-05,4.54E-05,5.16E-05,4.15E-05,4.25E-05,4.16E-05,3.82E-05,4.22E-05,3.73E-05
YPR060C,8.52E-05,0.000151354,9.36E-05,0.000143636,0.000124946,0.000119069,9.36E-05,0.000108977,0.00018076,0.000158008
YPR069C,0.000692741,0.000714507,0.000748785,0.000714271,0.000603594,0.000636622,0.0008225,0.000790228,0.000737266,0.000827794
YPR072W,2.42E-05,2.40E-05,2.72E-05,2.70E-05,2.67E-05,2.41E-05,2.05E-05,2.23E-05,2.17E-05,1.97E-05
YPR074C,0.001585666,0.001667169,0.001799366,0.001746443,0.003610908,0.003569586,0.003119132,0.003249739,0.003293352,0.003357235
YPR086W,1.29E-05,1.26E-05,1.28E-05,1.33E-05,1.89E-05,1.74E-05,1.57E-05,1.87E-05,1.63E-05,1.49E-05
YPR088C,3.97E-05,4.24E-05,4.43E-05,3.96E-05,4.45E-05,5.14E-05,5.19E-05,5.43E-05,5.26E-05,4.82E-05
YPR103W,0.000169169,0.000150119,0.000138774,0.000153772,0.000151174,0.00014979,0.000113002,0.000129973,0.000108357,0.000110959
YPR108W,0.000317183,0.000313681,0.000303495,0.000321826,0.000276351,0.00027985,0.000229228,0.000241084,0.000219961,0.000217227
YPR110C,0.000152469,0.000162842,0.000158637,0.00016611,0.000200555,0.000192178,0.00021064,0.000207566,0.000233714,0.000225301
YPR118W,0.000115242,0.000104376,0.000112988,0.000110084,0.000123571,0.000125054,0.000100321,9.90E-05,0.000105668,0.000104659
YPR125W,4.77E-05,4.37E-05,3.72E-05,4.66E-05,6.17E-05,6.22E-05,5.51E-05,4.54E-05,3.66E-05,3.70E-05
YPR129W,5.86E-05,5.96E-05,6.20E-05,6.23E-05,4.80E-05,6.41E-05,4.98E-05,4.99E-05,4.86E-05,4.82E-05
YPR132W,0.001043657,0.001097587,0.001144259,0.001023194,0.001845877,0.001837686,0.002159226,0.001980765,0.002208414,0.002357344
YPR133C,8.85E-05,8.99E-05,8.73E-05,9.49E-05,9.24E-05,8.93E-05,8.69E-05,8.82E-05,8.59E-05,8.76E-05
YPR135W,5.29E-05,5.06E-05,5.01E-05,5.15E-05,3.50E-05,3.89E-05,2.06E-05,2.72E-05,1.42E-05,2.57E-05
YPR137W,5.91E-05,5.78E-05,5.69E-05,5.91E-05,6.25E-05,5.79E-05,6.67E-05,7.08E-05,7.73E-05,8.20E-05
YPR145W,0.000789531,0.000795001,0.00070642,0.000756116,0.000574563,0.000550518,0.000802614,0.000805606,0.000886788,0.000887835
YPR148C,0.000128419,0.00012978,0.000121839,0.00012925,0.00011097,0.000116526,9.66E-05,0.00010071,8.79E-05,9.02E-05
YPR149W,0.00076638,0.00067207,0.000449465,0.000531694,0.000147443,0.000156499,0.000192125,0.000169793,0.00018203,0.000201664
YPR159W,2.91E-05,1.78E-05,2.13E-05,3.01E-05,9.02E-05,8.18E-05,7.66E-05,8.15E-05,7.74E-05,7.49E-05
YPR165W,0.000365443,0.000337481,0.000330449,0.000334727,0.000478892,0.00048704,0.000324492,0.000299519,0.000273007,0.000236755
YPR172W,3.39E-05,3.04E-05,3.29E-05,3.50E-05,2.22E-05,2.57E-05,1.59E-05,1.69E-05,1.73E-05,1.72E-05
YPR181C,0.000357009,0.000348147,0.000351995,0.000367508,0.000462473,0.000449191,0.000368408,0.000375037,0.000360563,0.000370686
YPR183W,0.000470391,0.000493672,0.000540736,0.000501504,0.000565432,0.00056338,0.000355621,0.000386746,0.000346493,0.000370261
YPR187W,5.99E-05,6.18E-05,7.11E-05,6.09E-05,6.34E-05,6.27E-05,6.84E-05,6.68E-05,5.70E-05,5.03E-05
YPR189W,2.18E-05,1.61E-05,2.11E-05,2.11E-05,2.52E-05,1.97E-05,2.15E-05,2.21E-05,1.86E-05,2.01E-05
YPR190C,2.79E-05,8.16E-06,2.49E-05,3.30E-05,4.10E-05,4.12E-05,4.22E-05,4.27E-05,4.86E-05,4.82E-05
YPR191W,0.002796548,0.002840121,0.002939684,0.002974288,0.004364091,0.004334432,0.002184823,0.002250816,0.001107156,0.001060324
Q0140,1.05E-05,1.03E-05,1.43E-05,1.31E-05,2.28E-05,2.57E-05,1.72E-05,1.47E-05,,
YAL007C,,,2.22E-05,2.30E-05,6.74E-05,6.25E-05,5.68E-05,5.38E-05,6.03E-05,6.42E-05
YAL043C,,,1.21E-05,1.38E-05,1.51E-05,1.52E-05,1.02E-05,1.36E-05,1.15E-05,1.28E-05
YBL016W,,,1.33E-05,1.33E-05,3.54E-05,2.94E-05,1.83E-05,2.39E-05,1.65E-05,1.78E-05
YBL032W,,,2.38E-05,2.57E-05,5.16E-05,4.39E-05,3.80E-05,3.65E-05,4.35E-05,3.65E-05
YBL037W,1.36E-05,1.19E-05,1.24E-05,1.29E-05,1.89E-05,1.97E-05,,,1.14E-05,1.24E-05
YBL040C,,,1.79E-05,1.82E-05,2.55E-05,2.88E-05,1.91E-05,1.78E-05,2.05E-05,2.04E-05
YBL068W,,,1.61E-05,1.92E-05,2.28E-05,2.48E-05,1.88E-05,2.41E-05,2.11E-05,2.21E-05
YBL098W,,,3.71E-05,3.22E-05,7.57E-05,6.47E-05,3.80E-05,3.85E-05,8.29E-05,7.49E-05
YBR041W,,,2.02E-05,1.90E-05,2.50E-05,2.48E-05,2.80E-05,2.20E-05,2.21E-05,2.15E-05
YBR056W,0.000120667,0.000129517,0.000102532,0.000119441,7.69E-05,7.85E-05,2.92E-05,3.09E-05,,
YBR059C,1.63E-05,9.75E-06,1.42E-05,1.53E-05,1.38E-05,1.64E-05,,,7.86E-06,5.66E-06
YBR072W,0.027177236,0.024506643,0.01920037,0.019664943,0.000192052,0.000171906,4.09E-05,5.11E-05,,
YBR103W,1.17E-05,9.93E-06,9.80E-06,8.92E-06,9.87E-06,8.05E-06,,,7.98E-06,8.75E-06
YBR120C,2.88E-05,3.93E-05,3.72E-05,3.57E-05,3.66E-05,3.88E-05,2.33E-05,3.33E-05,,
YBR135W,0.000123136,0.000112226,0.000101746,0.00010938,0.000167965,0.000167642,0.000102399,0.000100404,,
YBR146W,2.18E-05,2.57E-05,2.96E-05,2.59E-05,4.28E-05,4.52E-05,2.69E-05,3.20E-05,,
YBR159W,,,3.28E-05,3.44E-05,5.05E-05,5.25E-05,4.62E-05,3.89E-05,4.98E-05,4.25E-05
YBR202W,,,2.95E-05,5.76E-05,9.57E-05,6.12E-05,6.09E-05,5.16E-05,4.56E-05,6.97E-05
YBR212W,2.34E-05,2.40E-05,2.20E-05,2.22E-05,,,1.04E-05,1.02E-05,1.11E-05,1.10E-05
YBR222C,0.000161591,0.000130002,0.000115322,0.000101511,0.000217062,0.000175128,3.02E-05,3.47E-05,,
YBR230C,0.000303445,0.000286871,0.000257217,0.000257292,9.78E-05,0.000106857,3.76E-05,3.88E-05,,
YBR256C,8.34E-05,8.41E-05,9.27E-05,8.15E-05,2.37E-05,3.68E-05,,,2.80E-05,2.70E-05
YBR267W,,,1.62E-05,1.51E-05,1.83E-05,1.56E-05,1.08E-05,1.93E-05,2.50E-05,2.54E-05
YBR272C,1.65E-05,1.90E-05,2.26E-05,2.06E-05,2.08E-05,2.06E-05,,,1.25E-05,1.12E-05
YBR279W,3.52E-05,3.86E-05,4.20E-05,3.38E-05,3.44E-05,3.30E-05,3.66E-05,3.21E-05,,
YBR299W,0.000259571,0.000610878,0.000874515,0.000661938,0.000282244,0.000278243,0.021687566,0.021031808,,
YCL034W,1.67E-05,1.62E-05,1.47E-05,1.55E-05,1.56E-05,1.61E-05,,,1.17E-05,1.17E-05
YCL040W,0.003085909,0.002680154,0.002486217,0.002549675,0.000867356,0.000833312,0.000501964,0.0005286,,
YCL057C-A,9.36E-05,0.000110396,9.57E-05,9.74E-05,0.000121346,0.000131214,9.04E-05,8.09E-05,,
YCR031C,1.78E-05,3.15E-05,,,5.79E-05,4.61E-05,6.65E-05,6.74E-05,6.97E-05,6.82E-05
YDL004W,9.08E-05,9.51E-05,0.000110452,0.00012315,0.000102897,0.000128405,0.000100672,4.87E-05,,
YDL025C,3.38E-05,4.20E-05,3.47E-05,5.12E-05,2.29E-05,2.40E-05,1.81E-05,2.24E-05,,
YDL047W,2.78E-05,3.92E-05,4.32E-05,3.65E-05,3.45E-05,4.39E-05,3.19E-05,3.00E-05,,
YDL053C,,,2.25E-05,2.19E-05,3.89E-05,3.89E-05,3.76E-05,3.76E-05,3.18E-05,3.51E-05
YDL058W,6.73E-06,1.02E-05,7.73E-06,8.60E-06,1.13E-05,1.18E-05,,,9.82E-06,9.18E-06
YDL075W,0,0.000105016,,,0.000345532,0.000251086,0.000309861,0,0.000258713,0.000273913
YDL110C,0.000379306,0.000306552,0.000314059,0.000378858,4.99E-05,5.49E-05,3.02E-05,1.89E-05,,
YDL111C,2.50E-05,2.29E-05,2.34E-05,2.53E-05,2.15E-05,2.11E-05,,,2.27E-05,2.27E-05
YDL112W,,,6.36E-05,7.38E-05,8.99E-05,7.91E-05,8.23E-05,6.99E-05,9.12E-05,9.65E-05
YDL134C,4.65E-06,0,,,4.14E-06,4.95E-06,5.24E-06,6.34E-06,1.77E-06,6.23E-06
YDL161W,2.88E-05,2.67E-05,3.16E-05,3.01E-05,2.07E-05,2.18E-05,8.86E-06,1.68E-05,,
YDL181W,0.000147544,0.000146375,0.000152673,0.000175134,0.000142766,0.000118876,8.26E-05,6.67E-05,,
YDL213C,1.57E-05,1.98E-05,,,2.64E-05,2.88E-05,3.24E-05,2.48E-05,3.42E-05,3.23E-05
YDR001C,7.48E-05,6.76E-05,6.09E-05,6.59E-05,4.57E-05,4.00E-05,2.61E-05,3.17E-05,,
YDR028C,1.33E-05,1.59E-05,4.04E-05,2.47E-05,2.04E-05,1.60E-05,,,1.19E-05,1.24E-05
YDR041W,,,1.30E-05,1.44E-05,2.43E-05,2.58E-05,1.79E-05,1.37E-05,9.41E-06,9.05E-06
YDR047W,3.41E-05,3.13E-05,3.13E-05,2.84E-05,4.23E-05,5.05E-05,2.84E-05,3.50E-05,,
YDR056C,2.36E-05,2.55E-05,2.03E-05,2.43E-05,1.71E-05,2.02E-05,,,1.42E-05,1.30E-05
YDR068W,2.53E-05,3.00E-05,3.45E-05,3.00E-05,1.54E-05,1.78E-05,1.57E-05,1.75E-05,,
YDR086C,,,0.000128695,0.000144862,0.000236815,0.000227998,0.000220828,0.000207397,0.000219277,0.000233698
YDR087C,2.67E-05,2.47E-05,2.36E-05,2.25E-05,2.53E-05,2.24E-05,,,2.26E-05,2.81E-05
YDR145W,1.96E-05,1.74E-05,2.06E-05,1.81E-05,2.01E-05,1.65E-05,,,1.61E-05,1.50E-05
YDR171W,0.000882002,0.000850696,0.000746456,0.000804987,0.000140214,0.000136694,3.32E-05,3.58E-05,,
YDR175C,2.02E-05,2.19E-05,,,5.97E-05,5.56E-05,3.81E-05,3.33E-05,1.69E-05,2.02E-05
YDR178W,0.000145387,0.00013774,0.00013633,0.000152618,0.000160034,0.000162024,5.15E-05,3.82E-05,,
YDR248C,2.19E-05,2.07E-05,2.03E-05,2.08E-05,1.72E-05,1.71E-05,1.15E-05,1.40E-05,,
YDR348C,,,1.10E-05,1.18E-05,8.37E-06,8.84E-06,1.27E-05,1.08E-05,9.23E-06,1.54E-05
YDR377W,0.00022411,0.000229108,0.000219748,0.000231835,,,0.000173373,0.000184292,7.64E-05,7.81E-05
YDR398W,,,2.50E-05,2.89E-05,2.07E-05,2.36E-05,2.63E-05,2.76E-05,3.37E-05,3.12E-05
YDR408C,4.19E-05,4.53E-05,4.97E-05,4.55E-05,3.62E-05,2.12E-05,,,2.44E-05,2.49E-05
YDR465C,1.67E-05,2.29E-05,2.15E-05,2.36E-05,1.85E-05,1.77E-05,,,2.02E-05,2.10E-05
YDR500C,,,1.57E-05,1.54E-05,3.02E-05,2.05E-05,3.89E-05,3.66E-05,3.63E-05,2.76E-05
YDR515W,2.69E-05,2.91E-05,3.19E-05,3.25E-05,4.28E-05,4.27E-05,3.46E-05,3.53E-05,,
YDR516C,0.000274836,0.00028747,0.000325138,0.000306161,0.000167904,0.000151038,0.000113647,0.000128123,,
YDR517W,2.00E-05,2.30E-05,2.16E-05,2.05E-05,2.62E-05,2.68E-05,,,1.87E-05,1.62E-05
YDR533C,0.000181828,0.000185899,0.000145152,0.000167478,,,0.000118809,0.000108657,6.63E-05,6.85E-05
YEL040W,,,2.59E-05,2.38E-05,7.23E-05,6.36E-05,0.000115522,0.000124262,0.000141354,0.000131622
YEL050C,2.69E-05,2.63E-05,3.40E-05,2.51E-05,6.35E-05,5.56E-05,,,2.18E-05,2.64E-05
YEL056W,3.11E-05,3.18E-05,2.58E-05,2.93E-05,,,1.56E-05,2.04E-05,1.71E-05,1.70E-05
YER056C,,,1.74E-05,2.01E-05,2.65E-05,2.33E-05,4.24E-05,4.17E-05,9.78E-05,9.23E-05
YER082C,,,2.01E-05,2.47E-05,2.27E-05,2.28E-05,2.18E-05,2.59E-05,2.69E-05,2.87E-05
YER123W,1.49E-05,9.18E-06,7.94E-06,1.20E-05,8.92E-06,9.49E-06,9.41E-06,6.92E-06,,
YER127W,,,1.96E-05,1.46E-05,1.49E-05,1.80E-05,2.59E-05,2.50E-05,2.42E-05,2.71E-05
YER134C,2.61E-05,2.47E-05,2.80E-05,2.76E-05,2.97E-05,2.80E-05,,,1.78E-05,2.09E-05
YER145C,,,1.58E-05,2.18E-05,6.83E-05,7.72E-05,6.00E-05,5.29E-05,5.66E-05,5.55E-05
YER182W,5.88E-05,5.29E-05,6.41E-05,5.36E-05,4.07E-05,4.02E-05,,,1.79E-05,1.61E-05
YFL014W,0.00658363,0.006501783,0.005895972,0.006055836,0.000278035,0.00022539,8.99E-05,0.000107646,,
YFL028C,,,4.54E-05,3.65E-05,4.42E-05,4.16E-05,3.57E-05,2.99E-05,3.87E-05,4.05E-05
YFL030W,0.000532014,0.000529144,0.00062768,0.000562042,0.000572439,0.000590407,7.85E-05,8.27E-05,,
YFL047W,1.65E-05,1.39E-05,1.33E-05,1.47E-05,2.39E-05,2.20E-05,1.49E-05,1.74E-05,,
YFR006W,0.00013056,0.000124118,0.000127305,0.000114784,9.82E-05,0.000108832,,,1.66E-05,3.87E-05
YFR011C,4.19E-05,4.58E-05,5.40E-05,5.58E-05,3.59E-05,3.37E-05,3.46E-05,2.35E-05,,
YFR015C,2.51E-05,2.01E-05,2.98E-05,2.09E-05,9.62E-06,9.16E-06,6.43E-06,8.99E-06,,
YFR033C,0.000284594,0.000320908,0.000380012,0.000305045,0.000334472,0.00034219,0.000188794,0.00023214,,
YFR047C,6.29E-05,5.00E-05,5.91E-05,5.46E-05,9.12E-05,8.09E-05,,,6.50E-05,6.00E-05
YGL012W,,,1.10E-05,1.39E-05,2.50E-05,3.35E-05,3.05E-05,2.94E-05,2.62E-05,3.91E-05
YGL014W,1.82E-05,1.31E-05,1.74E-05,1.24E-05,,,1.82E-05,1.77E-05,1.63E-05,1.99E-05
YGL019W,2.70E-05,2.47E-05,3.14E-05,2.36E-05,2.24E-05,2.60E-05,,,2.06E-05,1.93E-05
YGL037C,0.00119745,0.001140521,0.00098474,0.000993494,0.00045468,0.000413442,0.000287314,0.000312523,,
YGL070C,2.86E-05,3.34E-05,3.36E-05,3.31E-05,4.07E-05,3.83E-05,3.10E-05,3.23E-05,,
YGL171W,,,1.91E-05,2.00E-05,3.40E-05,3.75E-05,3.05E-05,2.73E-05,3.16E-05,3.78E-05
YGL190C,3.70E-05,3.52E-05,3.21E-05,3.98E-05,2.04E-05,3.24E-05,,,2.05E-05,2.12E-05
YGR034W,0.000121917,5.60E-05,,,0.000117198,0.00022494,0.000232394,0.000247106,0.00024368,0.000244815
YGR038W,7.24E-06,6.93E-06,6.79E-06,7.19E-06,8.23E-06,1.08E-05,,,9.83E-06,1.11E-05
YGR117C,1.58E-05,1.40E-05,1.45E-05,1.62E-05,,,1.42E-05,1.49E-05,1.08E-05,1.38E-05
YGR157W,,,1.59E-05,2.53E-05,0.000157029,0.000163898,0.000145597,0.000117063,0.000108908,0.000126572
YGR210C,2.25E-05,2.47E-05,2.34E-05,2.17E-05,2.55E-05,2.79E-05,,,2.58E-05,2.78E-05
YGR245C,,,1.05E-05,7.94E-06,2.78E-05,3.08E-05,3.93E-05,3.08E-05,4.21E-05,4.84E-05
YGR261C,,,1.07E-05,1.31E-05,1.81E-05,1.40E-05,1.30E-05,1.61E-05,1.41E-05,1.53E-05
YHL001W,6.72E-05,6.68E-05,,,0.000104293,0.000103595,0.000126813,0.000111516,0.000126629,0.0001377
YHL021C,0.000469472,0.000519567,0.000575359,0.000506519,0.000230395,0.000196032,7.40E-05,8.15E-05,,
YHL039W,4.39E-05,4.96E-05,6.35E-05,5.56E-05,4.76E-05,4.95E-05,,,4.19E-05,4.00E-05
YHR013C,,,1.90E-05,2.42E-05,3.40E-05,3.00E-05,2.78E-05,3.00E-05,3.14E-05,4.01E-05
YHR028C,2.02E-05,1.27E-05,1.66E-05,1.59E-05,1.09E-05,9.94E-06,1.10E-05,1.08E-05,,
YHR087W,0.000201838,0.000187595,0.000148333,0.000153804,3.38E-05,3.10E-05,1.55E-05,1.69E-05,,
YHR096C,0.000568706,0.000424576,0.000333319,0.000359579,6.09E-06,0,,,0,0
YHR099W,,,1.52E-05,1.12E-05,2.62E-05,2.77E-05,1.52E-05,1.40E-05,1.47E-05,2.64E-05
YHR114W,1.69E-05,1.31E-05,1.29E-05,1.43E-05,1.52E-05,1.69E-05,,,9.29E-06,1.09E-05
YHR122W,,,2.39E-05,2.61E-05,2.27E-05,2.24E-05,2.13E-05,2.19E-05,2.02E-05,1.88E-05
YHR169W,,,1.67E-05,1.44E-05,1.74E-05,1.97E-05,2.02E-05,1.76E-05,2.13E-05,2.07E-05
YHR188C,2.76E-05,2.35E-05,2.41E-05,2.45E-05,4.11E-05,3.50E-05,2.06E-05,2.74E-05,,
YHR201C,2.20E-05,1.35E-05,2.29E-05,1.96E-05,3.37E-05,3.03E-05,2.48E-05,2.81E-05,,
YIL010W,1.75E-05,1.51E-05,,,3.06E-05,2.64E-05,1.97E-05,1.81E-05,1.49E-05,1.28E-05
YIL039W,,,3.23E-05,2.88E-05,4.17E-05,3.31E-05,2.44E-05,2.17E-05,2.38E-05,2.75E-05
YIL110W,,,1.78E-05,1.40E-05,2.07E-05,1.79E-05,1.72E-05,2.16E-05,2.50E-05,2.09E-05
YIL130W,3.78E-05,5.01E-05,5.12E-05,4.72E-05,4.91E-05,4.61E-05,4.38E-05,5.90E-05,,
YIL155C,0.004008936,0.003980892,0.003790586,0.00392641,0.000590543,0.000597016,9.79E-05,9.98E-05,,
YIR026C,2.06E-05,2.06E-05,,,1.87E-05,1.97E-05,1.94E-05,1.93E-05,1.93E-05,1.92E-05
YJL039C,4.01E-05,2.48E-05,3.37E-05,3.70E-05,3.91E-05,3.70E-05,,,3.60E-05,3.44E-05
YJL045W,2.57E-05,2.27E-05,1.62E-05,1.40E-05,0,0,0,0,,
YJL063C,3.19E-05,3.79E-05,,,7.42E-05,7.11E-05,5.39E-05,5.01E-05,3.23E-05,3.65E-05
YJL066C,0.000123331,0.000119132,0.000134216,0.000122372,4.88E-05,5.12E-05,2.63E-05,1.78E-05,,
YJL082W,2.41E-05,1.98E-05,1.91E-05,1.90E-05,1.63E-05,1.74E-05,8.98E-06,1.29E-05,,
YJL115W,4.45E-05,4.61E-05,4.26E-05,4.37E-05,,,3.47E-05,3.30E-05,3.33E-05,3.26E-05
YJL121C,6.27E-05,6.76E-05,7.68E-05,5.91E-05,5.97E-05,6.68E-05,5.15E-05,4.43E-05,,
YJL140W,,,2.95E-05,2.88E-05,3.01E-05,2.90E-05,2.89E-05,2.52E-05,2.84E-05,3.26E-05
YJL148W,2.39E-05,2.39E-05,2.61E-05,2.40E-05,2.01E-05,1.81E-05,,,3.89E-05,3.26E-05
YJL153C,0.001525839,0.000959281,0.000723718,0.000620681,0.000438909,0.000392348,5.05E-05,5.59E-05,,
YJL177W,0.000147631,0.000171007,,,0.000243738,0.000246467,0.000318042,0.000301835,0.000339066,0.000341506
YJL178C,2.19E-05,2.10E-05,1.78E-05,1.97E-05,2.07E-05,1.89E-05,,,1.89E-05,1.68E-05
YJL186W,,,3.88E-05,2.24E-05,3.45E-05,3.91E-05,2.60E-05,3.12E-05,3.35E-05,3.78E-05
YJL189W,0.000166718,0.000219154,0.000280381,0.000221297,0.000355456,0.000384128,,,0.000412113,0.000504623
YJL198W,1.18E-05,1.29E-05,1.28E-05,1.16E-05,,,1.12E-05,1.60E-05,1.25E-05,1.61E-05
YJL208C,2.82E-05,2.95E-05,,,3.51E-05,3.64E-05,3.39E-05,3.11E-05,2.36E-05,2.23E-05
YJR002W,,,4.43E-05,4.05E-05,5.53E-05,4.60E-05,6.20E-05,6.46E-05,6.13E-05,6.25E-05
YJR017C,8.45E-05,8.93E-05,8.78E-05,8.99E-05,8.09E-05,7.46E-05,,,5.11E-05,5.65E-05
YJR046W,,,6.45E-05,5.78E-05,0.000132279,9.99E-05,8.80E-05,9.80E-05,8.67E-05,8.57E-05
YJR051W,3.22E-05,3.13E-05,3.31E-05,2.86E-05,2.27E-05,2.07E-05,,,1.37E-05,1.89E-05
YJR059W,2.35E-05,2.58E-05,2.32E-05,2.29E-05,2.01E-05,2.26E-05,2.26E-05,2.11E-05,,
YJR074W,2.22E-05,2.10E-05,1.88E-05,2.00E-05,1.42E-05,1.45E-05,,,1.13E-05,1.07E-05
YJR080C,6.49E-05,4.19E-05,6.03E-05,6.81E-05,6.47E-05,5.98E-05,,,1.48E-05,1.85E-05
YJR113C,1.78E-05,2.06E-05,2.16E-05,1.82E-05,3.47E-05,3.64E-05,2.74E-05,2.54E-05,,
YKL068W,1.62E-05,1.70E-05,2.06E-05,1.93E-05,1.55E-05,1.72E-05,,,1.30E-05,1.65E-05
YKL110C,,,1.21E-05,9.60E-06,1.72E-05,1.50E-05,1.88E-05,1.79E-05,2.22E-05,2.18E-05
YKL173W,3.94E-05,3.64E-05,4.44E-05,3.82E-05,3.38E-05,3.64E-05,2.41E-05,2.95E-05,,
YKL191W,,,2.62E-05,2.55E-05,2.10E-05,2.34E-05,2.83E-05,2.94E-05,3.14E-05,2.91E-05
YKL214C,2.54E-05,2.77E-05,,,2.45E-05,2.34E-05,2.40E-05,2.33E-05,2.35E-05,2.28E-05
YKR024C,1.64E-05,1.48E-05,1.70E-05,1.55E-05,,,2.03E-05,1.73E-05,2.10E-05,2.13E-05
YKR057W,1.75E-05,8.97E-06,,,2.29E-05,1.87E-05,2.35E-05,2.55E-05,2.43E-05,3.04E-05
YKR092C,2.83E-05,2.73E-05,,,4.65E-05,4.58E-05,5.86E-05,6.06E-05,6.54E-05,5.76E-05
YKR094C,4.70E-05,2.25E-05,,,8.15E-05,8.29E-05,0.00010532,0.000130162,9.38E-05,0.000109349
YKR095W,3.09E-05,2.57E-05,3.07E-05,3.08E-05,2.83E-05,2.76E-05,,,2.53E-05,2.36E-05
YLL021W,,,2.69E-05,3.86E-05,5.51E-05,5.80E-05,6.93E-05,5.66E-05,6.75E-05,7.53E-05
YLL034C,,,1.96E-05,2.21E-05,2.54E-05,2.01E-05,2.29E-05,2.63E-05,3.16E-05,3.36E-05
YLL036C,3.04E-05,2.86E-05,3.08E-05,3.03E-05,2.66E-05,2.34E-05,,,2.23E-05,2.21E-05
YLR129W,3.69E-05,3.69E-05,4.45E-05,5.00E-05,,,7.78E-05,8.42E-05,8.85E-05,8.25E-05
YLR231C,4.52E-05,2.96E-05,2.18E-05,2.39E-05,4.42E-05,4.49E-05,,,2.43E-05,2.43E-05
YLR258W,0.000136456,0.000106777,0.000119486,0.000123273,2.33E-05,2.17E-05,3.77E-06,9.00E-06,,
YLR291C,4.26E-05,4.16E-05,3.70E-05,4.44E-05,5.70E-05,5.60E-05,4.98E-05,5.38E-05,,
YLR305C,,,1.90E-05,2.25E-05,2.91E-05,2.68E-05,2.46E-05,2.13E-05,2.39E-05,2.54E-05
YLR324W,3.12E-05,2.26E-05,2.83E-05,2.94E-05,1.96E-05,2.26E-05,1.97E-05,2.04E-05,,
YLR328W,,,2.61E-05,2.99E-05,3.72E-05,3.81E-05,3.06E-05,2.92E-05,3.03E-05,2.86E-05
YLR388W,,,0.000161394,0.000131669,0.000319683,0.000284413,0.000315245,0.00040119,0.000363506,0.000342416
YLR409C,,,2.00E-05,2.90E-05,3.79E-05,3.99E-05,5.03E-05,4.19E-05,4.92E-05,5.18E-05
YLR419W,1.54E-05,1.41E-05,1.44E-05,1.60E-05,2.32E-05,2.34E-05,1.88E-05,1.84E-05,,
YLR438W,0.000985423,0.000888925,0.000745981,0.000784601,0.000128623,9.37E-05,5.07E-05,5.29E-05,,
YML054C,0.001056592,0.001100369,0.001020761,0.001012435,0.000443456,0.000439928,0.00020289,0.000198575,,
YML079W,4.11E-05,4.13E-05,4.12E-05,4.11E-05,1.87E-05,2.33E-05,1.46E-05,1.70E-05,,
YML081C-A,0.000102572,0.000105754,9.55E-05,0.000109957,0.000144402,0.000154118,7.81E-05,8.51E-05,,
YML100W,0.000371259,0.000314706,0.000285144,0.000271695,7.14E-05,6.19E-05,6.78E-05,8.08E-05,,
YML105C,,,3.23E-05,3.11E-05,3.45E-05,4.12E-05,3.63E-05,3.71E-05,4.02E-05,3.71E-05
YML110C,3.44E-05,3.80E-05,4.46E-05,3.91E-05,4.02E-05,3.99E-05,,,1.51E-05,2.30E-05
YMR011W,0.000416664,0.000496218,0.000419579,0.000452101,2.02E-05,2.15E-05,,,8.89E-05,5.83E-05
YMR029C,2.73E-05,2.37E-05,2.85E-05,2.63E-05,2.41E-05,2.16E-05,,,1.39E-05,1.47E-05
YMR054W,1.55E-05,1.30E-05,1.46E-05,1.50E-05,2.80E-05,2.24E-05,2.05E-05,4.85E-06,,
YMR058W,,,4.86E-05,3.56E-05,9.71E-05,0.000125625,9.00E-05,9.32E-05,8.38E-05,0.00011592
YMR086W,1.83E-05,1.53E-05,1.71E-05,1.68E-05,1.61E-05,1.68E-05,1.91E-05,1.18E-05,,
YMR091C,2.49E-05,2.45E-05,2.24E-05,2.56E-05,,,2.57E-05,2.49E-05,2.36E-05,2.28E-05
YMR096W,0.000224018,0.000226368,0.000202001,0.00026427,8.18E-05,8.28E-05,,,3.87E-05,4.97E-05
YMR115W,2.24E-05,2.32E-05,2.16E-05,2.53E-05,2.42E-05,2.04E-05,,,1.27E-05,7.63E-06
YMR152W,7.04E-05,5.47E-05,5.18E-05,5.55E-05,,,1.95E-05,2.37E-05,2.05E-05,1.65E-05
YMR220W,,,4.44E-05,4.13E-05,5.57E-05,4.98E-05,3.85E-05,4.19E-05,3.27E-05,3.58E-05
YMR237W,3.81E-05,3.53E-05,3.52E-05,3.93E-05,4.05E-05,4.09E-05,,,2.44E-05,3.00E-05
YNL001W,,,2.53E-05,2.94E-05,3.11E-05,3.41E-05,2.55E-05,2.64E-05,2.95E-05,2.55E-05
YNL045W,0.00013121,0.00012733,0.000104974,0.000112263,9.07E-05,8.43E-05,5.29E-05,4.41E-05,,
YNL049C,,,9.77E-06,1.31E-05,2.74E-05,2.34E-05,1.69E-05,1.51E-05,1.79E-05,2.19E-05
YNL067W,0.000223418,0.000214106,,,0.000276316,0.000273003,0.00028862,0.000244046,0.000321014,0.000225735
YNL087W,,,1.39E-05,2.05E-05,3.88E-05,3.86E-05,5.97E-05,6.33E-05,8.01E-05,6.80E-05
YNL182C,,,2.22E-05,2.03E-05,2.25E-05,2.21E-05,1.92E-05,2.57E-05,2.18E-05,3.11E-05
YNL183C,2.91E-05,3.42E-05,4.30E-05,3.58E-05,,,2.31E-05,2.23E-05,2.11E-05,2.56E-05
YNL185C,,,3.94E-05,3.84E-05,6.25E-05,6.29E-05,5.33E-05,5.00E-05,2.87E-05,3.45E-05
YNL206C,1.34E-05,1.03E-05,,,1.83E-05,2.08E-05,1.39E-05,1.60E-05,1.48E-05,1.52E-05
YNL229C,2.16E-05,2.30E-05,2.55E-05,2.22E-05,2.76E-05,2.75E-05,1.71E-05,1.87E-05,,
YNL232W,2.18E-05,2.09E-05,,,2.64E-05,2.04E-05,1.72E-05,2.19E-05,1.76E-05,2.17E-05
YNL252C,3.68E-05,3.53E-05,3.92E-05,3.73E-05,6.10E-05,6.23E-05,4.83E-05,4.75E-05,,
YNL274C,0.000528215,0.000547017,0.000532017,0.000521422,0.000168812,0.000173436,0.000128867,0.000125267,,
YNL280C,2.29E-05,2.29E-05,2.10E-05,2.07E-05,,,1.47E-05,1.46E-05,1.97E-05,1.94E-05
YNL297C,5.52E-05,5.60E-05,5.41E-05,5.73E-05,6.14E-05,6.23E-05,5.34E-05,4.26E-05,,
YNL312W,3.60E-05,3.49E-05,3.40E-05,3.51E-05,3.28E-05,3.51E-05,2.76E-05,2.81E-05,,
YNR026C,,,1.64E-05,1.76E-05,1.77E-05,1.77E-05,1.50E-05,1.46E-05,1.23E-05,1.26E-05
YNR034W,2.74E-05,2.68E-05,2.47E-05,2.99E-05,1.39E-05,1.33E-05,,,4.77E-06,1.11E-05
YOL012C,2.71E-05,2.54E-05,,,2.97E-05,2.80E-05,2.03E-05,2.08E-05,2.01E-05,2.58E-05
YOL092W,1.13E-05,8.28E-06,8.42E-06,8.66E-06,,,1.74E-05,1.86E-05,1.87E-05,1.89E-05
YOL143C,0.000109938,6.87E-05,9.41E-05,9.14E-05,8.32E-05,8.30E-05,0.000124953,0.00013279,,
YOL164W,0.000146801,0.000121313,0.000168148,0.000260871,0.000260004,0.000193158,4.76E-05,3.13E-05,,
YOR069W,3.34E-05,3.61E-05,3.38E-05,3.80E-05,2.94E-05,2.92E-05,,,1.92E-05,2.33E-05
YOR085W,,,1.79E-05,1.80E-05,2.85E-05,2.73E-05,2.81E-05,2.64E-05,2.76E-05,3.06E-05
YOR087W,2.44E-05,1.80E-05,2.28E-05,2.04E-05,2.75E-05,2.38E-05,,,1.74E-05,1.90E-05
YOR091W,,,2.03E-05,1.73E-05,2.16E-05,2.24E-05,2.21E-05,2.65E-05,2.60E-05,2.61E-05
YOR094W,2.23E-05,2.06E-05,1.99E-05,2.11E-05,1.97E-05,2.31E-05,1.26E-05,1.79E-05,,
YOR112W,2.59E-05,2.18E-05,2.45E-05,3.03E-05,3.78E-05,3.15E-05,3.78E-05,4.26E-05,,
YOR122C,0.000402279,0.000453156,0.000441143,0.000454892,0.000194177,0.000226354,0.000118288,0.000105696,,
YOR145C,,,2.15E-05,2.48E-05,3.71E-05,4.10E-05,4.67E-05,5.11E-05,5.21E-05,5.70E-05
YOR153W,9.90E-06,6.83E-06,,,9.36E-05,7.67E-05,9.12E-05,9.39E-05,0.000165343,0.000151596
YOR185C,3.84E-05,3.81E-05,,,9.47E-06,9.66E-06,0,5.41E-06,0,1.16E-06
YOR196C,,,1.94E-05,1.94E-05,3.68E-05,3.28E-05,3.05E-05,2.85E-05,2.46E-05,2.72E-05
YOR197W,,,2.57E-05,2.86E-05,3.03E-05,3.18E-05,2.57E-05,2.88E-05,2.53E-05,2.58E-05
YOR211C,4.23E-05,4.25E-05,4.50E-05,4.98E-05,4.61E-05,4.05E-05,1.41E-05,1.38E-05,,
YOR215C,0.000159506,0.000135118,0.000136464,0.000138108,4.31E-05,4.27E-05,2.74E-05,2.55E-05,,
YOR252W,,,1.46E-05,1.40E-05,2.08E-05,1.96E-05,2.14E-05,2.44E-05,2.58E-05,2.97E-05
YOR265W,7.79E-05,7.97E-05,7.89E-05,6.62E-05,3.11E-05,1.85E-05,,,2.08E-05,2.01E-05
YOR276W,,,9.80E-05,0.000108756,0.000107793,0.000115749,0.000149659,0.000164657,0.000156795,0.000163211
YPL001W,2.76E-05,1.99E-05,2.10E-05,2.27E-05,1.70E-05,1.81E-05,,,1.05E-05,9.94E-06
YPL043W,,,1.61E-05,1.53E-05,2.63E-05,2.71E-05,3.43E-05,3.60E-05,4.61E-05,4.00E-05
YPL079W,1.68E-05,1.48E-05,,,4.78E-05,5.96E-05,4.59E-05,4.01E-05,2.69E-05,3.88E-05
YPL081W,0.000129998,0.000122887,,,0.00013527,0.00013707,0.000120278,0.000140193,0.000115126,0.000122599
YPL125W,4.47E-05,3.90E-05,6.23E-05,4.52E-05,3.57E-05,3.60E-05,,,1.77E-05,1.77E-05
YPL127C,3.78E-05,3.36E-05,3.51E-05,3.88E-05,3.19E-05,3.25E-05,4.02E-05,3.70E-05,,
YPL143W,0.000413742,0.000459622,,,0.000839684,0.000842807,0.000837511,0.000951543,0.000896557,0.000930987
YPL195W,,,9.08E-06,1.94E-05,2.02E-05,2.09E-05,1.75E-05,1.81E-05,1.92E-05,2.12E-05
YPL198W,0,5.68E-05,,,5.34E-05,4.40E-05,0,0.000167986,0,0
YPL211W,4.13E-05,4.69E-05,,,4.83E-05,4.59E-05,5.65E-05,5.60E-05,5.56E-05,5.62E-05
YPR097W,3.06E-05,2.86E-05,3.60E-05,3.28E-05,3.28E-05,2.99E-05,2.65E-05,2.82E-05,,
YPR100W,,,1.43E-05,1.40E-05,3.08E-05,2.98E-05,2.25E-05,2.00E-05,1.47E-05,1.35E-05
YPR112C,,,1.26E-05,1.55E-05,2.58E-05,2.46E-05,2.88E-05,2.68E-05,3.44E-05,3.46E-05
YPR155C,4.35E-05,3.68E-05,3.72E-05,3.77E-05,3.55E-05,3.30E-05,,,7.75E-06,6.84E-06
YPR160W,0.000771617,0.000759648,0.000793557,0.000730016,0.000152779,0.00013194,7.25E-05,5.68E-05,,
YPR167C,,,2.51E-05,2.75E-05,6.54E-05,6.59E-05,0.000105375,0.000109003,0.000130076,0.000137165
YPR173C,1.79E-05,1.51E-05,1.58E-05,1.48E-05,1.53E-05,9.09E-06,7.65E-06,6.56E-06,,
YPR180W,1.83E-05,1.80E-05,2.06E-05,1.91E-05,1.90E-05,1.90E-05,,,1.15E-05,1.09E-05
Q0045,0.000170044,0.000152931,0.00017658,0.000183149,0.000179587,0.000177354,,,,
YAL049C,4.47E-05,5.39E-05,6.89E-05,4.50E-05,1.85E-05,3.19E-05,,,,
YAL053W,,,1.30E-05,1.17E-05,2.10E-05,2.20E-05,,,1.11E-05,1.05E-05
YAL054C,0.008544604,0.003399389,0.003278989,0.005673097,0.00020443,0.00012682,,,,
YBL057C,,,1.53E-05,1.62E-05,1.61E-05,1.81E-05,,,1.77E-05,1.78E-05
YBL101C,2.89E-05,2.33E-05,2.96E-05,2.52E-05,2.09E-05,1.61E-05,,,,
YBL105C,1.48E-05,1.16E-05,1.49E-05,1.64E-05,1.42E-05,9.94E-06,,,,
YBL107C,2.00E-05,2.11E-05,3.34E-05,2.88E-05,2.16E-05,2.22E-05,,,,
YBR003W,1.58E-05,1.41E-05,1.62E-05,1.73E-05,3.32E-05,3.04E-05,,,,
YBR006W,0.000120655,0.000120587,0.000120576,0.000119075,3.20E-05,2.36E-05,,,,
YBR023C,,,,,5.13E-05,3.89E-05,1.93E-05,2.56E-05,1.90E-05,2.35E-05
YBR026C,0.00026693,0.000220533,0.000230761,0.000197516,3.16E-05,3.42E-05,,,,
YBR046C,0.000172853,0.000131102,0.000112729,0.000128975,5.63E-05,4.31E-05,,,,
YBR054W,0.000144639,0.000126986,0.000100363,0.000119391,,,0.000245981,0.000249078,,
YBR077C,,,2.40E-05,2.88E-05,,,1.47E-05,1.65E-05,1.42E-05,1.57E-05
YBR085C-A,0.000189953,0.000184672,0.000196804,0.000196422,4.07E-05,3.94E-05,,,,
YBR096W,,,,,3.52E-05,3.37E-05,2.38E-05,2.43E-05,2.53E-05,2.34E-05
YBR117C,0.001348355,0.000942867,0.00078499,0.000775126,0.00018285,0.000178136,,,,
YBR130C,,,1.61E-05,3.68E-05,,,5.83E-05,5.21E-05,5.54E-05,5.44E-05
YBR145W,0.003951045,0.004145515,0.003326507,0.003312883,,,,,0.002298646,0.002370226
YBR172C,,,8.57E-06,6.86E-06,,,1.39E-05,1.28E-05,1.33E-05,1.37E-05
YBR207W,1.35E-05,1.09E-05,1.46E-05,1.65E-05,1.39E-05,1.45E-05,,,,
YBR213W,,,8.43E-06,1.07E-05,2.20E-05,1.85E-05,2.30E-05,1.91E-05,,
YBR214W,0.000184368,0.000147039,0.00016956,0.000139251,3.27E-05,2.95E-05,,,,
YBR229C,,,7.70E-06,7.58E-06,,,9.88E-06,1.05E-05,8.67E-06,7.48E-06
YBR260C,,,1.52E-05,1.86E-05,1.49E-05,1.33E-05,,,9.68E-06,1.11E-05
YBR273C,2.17E-05,1.90E-05,2.03E-05,2.45E-05,1.52E-05,7.42E-06,,,,
YBR281C,2.96E-05,3.40E-05,4.69E-05,3.92E-05,3.83E-05,3.63E-05,,,,
YCL026C-B,8.16E-05,7.89E-05,0.000110085,0.000100267,6.64E-05,6.51E-05,,,,
YCL044C,4.52E-05,4.56E-05,4.47E-05,4.15E-05,4.02E-05,3.77E-05,,,,
YCR011C,6.64E-05,4.34E-05,5.59E-05,4.34E-05,,,,,8.40E-06,1.08E-05
YCR017C,3.43E-05,3.27E-05,3.65E-05,3.25E-05,2.94E-05,2.45E-05,,,,
YCR046C,,,,,5.71E-05,5.70E-05,4.47E-05,4.37E-05,2.48E-05,2.75E-05
YDL067C,0.00016547,0.000174874,0.000178944,0.000175024,0.000247594,0.000239218,,,,
YDL099W,,,4.43E-05,3.75E-05,2.20E-05,1.88E-05,2.05E-05,2.15E-05,,
YDL144C,7.31E-05,6.35E-05,7.71E-05,6.38E-05,3.53E-05,4.29E-05,,,,
YDL208W,3.10E-05,3.48E-05,3.30E-05,3.60E-05,,,,,3.85E-05,4.02E-05
YDL215C,0.000440279,0.000429926,0.000415114,0.000381538,0.00016923,0.000128515,,,,
YDL234C,2.62E-05,2.67E-05,2.51E-05,2.23E-05,2.20E-05,2.10E-05,,,,
YDR044W,1.95E-05,1.43E-05,1.76E-05,2.05E-05,3.00E-05,3.14E-05,,,,
YDR055W,3.70E-05,2.54E-05,2.93E-05,1.87E-05,8.44E-06,7.33E-06,,,,
YDR122W,3.31E-05,2.09E-05,1.88E-05,2.49E-05,1.01E-05,1.08E-05,,,,
YDR161W,,,1.18E-05,1.59E-05,1.69E-05,1.14E-05,,,1.51E-05,1.48E-05
YDR231C,2.67E-05,1.86E-05,1.46E-05,2.24E-05,1.91E-05,1.90E-05,,,,
YDR257C,2.61E-05,2.16E-05,2.84E-05,2.23E-05,2.30E-05,1.99E-05,,,,
YDR320C,2.11E-05,1.32E-05,2.73E-05,2.20E-05,1.58E-05,1.61E-05,,,,
YDR345C,0,2.84E-07,,,0,6.13E-07,,,0.000412038,0.00057922
YDR358W,5.56E-05,4.67E-05,5.16E-05,6.19E-05,2.78E-05,2.06E-05,,,,
YDR376W,,,7.41E-06,8.45E-06,8.92E-06,1.04E-05,6.33E-06,9.57E-06,,
YDR378C,,,3.90E-05,3.99E-05,3.65E-05,3.66E-05,3.21E-05,3.13E-05,,
YDR428C,1.24E-05,1.03E-05,1.28E-05,1.20E-05,1.19E-05,1.21E-05,,,,
YDR435C,1.58E-05,1.14E-05,1.20E-05,6.89E-06,1.61E-05,1.90E-05,,,,
YDR441C,2.44E-05,2.45E-05,2.36E-05,2.47E-05,,,1.17E-05,1.29E-05,,
YDR458C,4.07E-05,4.50E-05,2.81E-05,3.56E-05,1.69E-05,1.21E-05,,,,
YDR470C,2.85E-05,3.03E-05,3.05E-05,3.19E-05,1.93E-05,1.72E-05,,,,
YDR508C,,,,,2.10E-05,1.61E-05,1.71E-05,1.65E-05,3.31E-05,3.46E-05
YDR513W,0.000216033,0.000241159,0.000236348,0.000258375,6.47E-05,6.03E-05,,,,
YDR519W,7.08E-05,6.15E-05,4.98E-05,6.51E-05,3.69E-05,3.58E-05,,,,
YDR527W,,,1.43E-05,1.52E-05,1.52E-05,9.49E-06,,,1.97E-05,1.99E-05
YEL003W,,,1.44E-05,1.38E-05,1.91E-05,1.53E-05,,,2.15E-05,1.98E-05
YEL011W,0.000436043,0.000304673,0.000176686,0.000159329,6.82E-05,3.58E-05,,,,
YEL032W,,,,,2.85E-05,2.66E-05,3.66E-05,3.51E-05,4.21E-05,3.90E-05
YEL052W,1.95E-05,1.91E-05,2.31E-05,2.17E-05,2.65E-05,2.29E-05,,,,
YER001W,,,,,4.11E-05,4.09E-05,5.95E-05,4.97E-05,4.60E-05,4.78E-05
YER008C,,,9.60E-06,1.12E-05,1.15E-05,1.38E-05,,,8.83E-06,1.06E-05
YER010C,5.68E-05,4.78E-05,4.54E-05,4.54E-05,,,,,2.00E-05,1.97E-05
YER015W,0.000634755,0.000476145,0.000486517,0.000434813,9.66E-05,8.49E-05,,,,
YER022W,1.91E-06,5.00E-06,,,5.57E-06,6.33E-06,,,4.58E-06,4.82E-06
YER024W,0.000385534,0.000342804,0.000363548,0.000453417,0.000225683,0.00019568,,,,
YER030W,8.38E-05,7.95E-05,8.43E-05,8.54E-05,1.66E-05,1.63E-05,,,,
YER034W,1.71E-05,2.04E-05,2.11E-05,2.26E-05,1.15E-05,1.18E-05,,,,
YER061C,2.79E-05,3.46E-05,5.02E-05,2.86E-05,1.47E-05,1.86E-05,,,,
YER065C,0.001142962,0.000726412,0.000732539,0.00057759,0.00080088,0.000490287,,,,
YER112W,2.21E-05,1.64E-05,2.45E-05,2.22E-05,,,1.92E-05,2.05E-05,,
YER126C,,,2.03E-05,2.06E-05,,,3.60E-05,2.24E-05,4.55E-05,3.54E-05
YER146W,2.26E-05,2.22E-05,2.39E-05,2.13E-05,,,,,2.07E-05,1.95E-05
YER154W,,,1.87E-05,1.69E-05,2.00E-05,2.01E-05,1.85E-05,1.71E-05,,
YFL001W,,,1.64E-05,1.64E-05,2.69E-05,1.67E-05,,,1.47E-05,1.70E-05
YFL007W,,,,,1.19E-05,9.84E-06,1.82E-05,1.15E-05,1.01E-05,1.93E-05
YFL008W,,,3.29E-05,3.97E-05,,,3.10E-05,9.65E-05,2.82E-05,2.36E-05
YFL023W,,,1.19E-05,1.14E-05,8.74E-06,8.81E-06,,,1.81E-05,1.80E-05
YFL026W,,,,,1.09E-05,1.05E-05,2.99E-05,3.50E-05,3.32E-05,3.68E-05
YFL044C,5.85E-05,6.06E-05,5.97E-05,6.19E-05,2.45E-05,1.90E-05,,,,
YFR028C,,,,,1.73E-05,1.59E-05,1.40E-05,1.62E-05,1.46E-05,1.45E-05
YFR049W,7.34E-05,6.52E-05,6.61E-05,7.17E-05,4.43E-05,5.39E-05,,,,
YGL016W,,,,,1.45E-05,1.63E-05,3.13E-06,1.09E-05,9.10E-06,1.11E-05
YGL018C,2.68E-05,2.47E-05,2.79E-05,2.41E-05,1.37E-05,1.53E-05,,,,
YGL023C,2.22E-05,2.41E-05,2.97E-05,2.59E-05,2.77E-05,2.71E-05,,,,
YGL065C,,,1.92E-05,2.60E-05,3.73E-05,3.11E-05,,,2.64E-05,2.65E-05
YGL067W,,,1.11E-05,1.50E-05,1.75E-05,1.69E-05,,,1.10E-05,1.01E-05
YGL068W,,,6.19E-05,5.85E-05,0.000138117,0.000134346,0.00013069,0.000105315,,
YGL077C,,,,,2.44E-05,3.35E-05,5.63E-05,4.99E-05,7.51E-05,6.77E-05
YGL153W,1.97E-05,1.54E-05,2.10E-05,1.67E-05,1.04E-05,1.16E-05,,,,
YGL156W,0.000668918,0.00052777,0.000442967,0.000482585,1.43E-05,8.90E-06,,,,
YGL159W,9.56E-06,1.01E-05,9.99E-06,9.05E-06,,,,,7.47E-06,8.51E-06
YGL196W,7.75E-05,7.47E-05,5.62E-05,6.46E-05,4.76E-05,4.49E-05,,,,
YGL203C,,,,,1.82E-05,1.42E-05,1.48E-05,1.08E-05,1.72E-05,1.82E-05
YGL205W,0.001066721,0.000891993,0.000952643,0.000972325,1.62E-05,1.87E-05,,,,
YGL246C,1.65E-05,1.66E-05,,,,,1.65E-05,1.80E-05,1.55E-05,1.87E-05
YGR001C,,,,,3.72E-05,4.59E-05,4.87E-05,4.65E-05,3.68E-05,4.74E-05
YGR019W,0.000259155,0.000282195,0.000358126,0.000302437,0.000101109,8.16E-05,,,,
YGR028W,7.13E-06,1.01E-05,9.48E-06,7.78E-06,1.80E-05,1.97E-05,,,,
YGR029W,3.74E-05,3.44E-05,3.39E-05,3.96E-05,,,,,1.72E-05,1.73E-05
YGR031W,1.29E-05,9.82E-06,1.19E-05,1.03E-05,9.22E-06,8.12E-06,,,,
YGR033C,2.58E-05,2.53E-05,2.23E-05,2.61E-05,1.75E-05,1.55E-05,,,,
YGR037C,0.000682092,0.000694282,0.00067327,0.000659525,0.000113055,0.000112556,,,,
YGR043C,0.000999545,0.000731046,0.000561071,0.000649391,5.56E-05,5.18E-05,,,,
YGR088W,0.000146316,9.94E-05,5.01E-05,7.39E-05,8.26E-06,3.08E-06,,,,
YGR095C,8.79E-06,9.33E-06,9.44E-06,9.71E-06,,,,,8.65E-06,8.44E-06
YGR112W,1.34E-05,1.12E-05,1.30E-05,1.60E-05,1.15E-05,1.45E-05,,,,
YGR123C,1.71E-05,1.94E-05,2.44E-05,1.85E-05,2.07E-05,2.04E-05,,,,
YGR158C,9.00E-06,9.55E-06,1.08E-05,8.80E-06,,,9.08E-06,1.12E-05,,
YGR191W,,,,,2.29E-05,2.13E-05,2.76E-05,2.81E-05,4.13E-05,4.28E-05
YGR194C,3.76E-05,5.52E-05,3.29E-05,5.67E-05,3.44E-05,4.27E-05,,,,
YGR199W,,,,,1.89E-05,1.82E-05,1.22E-05,1.20E-05,1.12E-05,1.03E-05
YGR205W,8.59E-05,6.87E-05,7.65E-05,7.38E-05,1.02E-05,1.46E-05,,,,
YGR233C,1.14E-05,1.17E-05,1.13E-05,5.87E-06,5.46E-06,1.03E-05,,,,
YGR250C,3.80E-05,3.23E-05,4.16E-05,3.59E-05,4.68E-05,3.97E-05,,,,
YGR284C,4.09E-05,2.90E-05,3.20E-05,3.20E-05,5.89E-05,5.43E-05,,,,
YHL002W,2.45E-05,1.65E-05,1.95E-05,1.94E-05,1.42E-05,1.56E-05,,,,
YHL024W,5.39E-05,3.77E-05,2.97E-05,3.26E-05,3.05E-05,3.22E-05,,,,
YHR003C,,,9.05E-06,9.25E-06,1.00E-05,1.25E-05,,,1.21E-05,1.27E-05
YHR043C,6.42E-05,7.20E-05,7.00E-05,6.42E-05,3.59E-05,5.00E-05,,,,
YHR045W,,,1.03E-05,1.33E-05,1.28E-05,1.37E-05,,,8.57E-06,9.73E-06
YHR049W,,,,,4.72E-05,4.31E-05,0.000158522,0.000127378,8.33E-05,7.67E-05
YHR072W,3.06E-05,3.56E-05,3.39E-05,3.54E-05,,,,,2.65E-05,3.10E-05
YHR076W,,,,,2.58E-05,2.38E-05,2.16E-05,9.19E-06,1.35E-05,1.64E-05
YHR089C,6.47E-05,8.05E-05,7.22E-05,6.85E-05,6.55E-05,6.73E-05,,,,
YHR091C,,,1.28E-05,1.26E-05,2.45E-05,1.18E-05,1.13E-05,7.96E-06,,
YHR092C,0,0,,,0,0,,,0.00010231,0.000104598
YHR094C,0,0,,,0,6.27E-06,,,3.10E-05,5.97E-05
YHR097C,3.47E-05,2.94E-05,3.93E-05,2.94E-05,2.76E-05,2.88E-05,,,,
YHR106W,2.78E-05,2.22E-05,1.51E-05,2.10E-05,1.01E-05,1.24E-05,,,,
YHR138C,4.33E-05,4.03E-05,3.57E-05,3.45E-05,2.12E-05,1.92E-05,,,,
YHR147C,,,2.32E-05,2.18E-05,3.56E-05,3.80E-05,,,1.80E-05,1.86E-05
YHR148W,,,1.33E-05,1.33E-05,,,1.45E-05,1.61E-05,1.61E-05,1.52E-05
YHR199C,2.19E-05,1.83E-05,2.04E-05,1.86E-05,1.60E-05,1.77E-05,,,,
YHR205W,,,1.58E-05,1.49E-05,1.83E-05,1.26E-05,,,1.64E-05,1.44E-05
YIL015W,,,,,2.17E-05,2.00E-05,5.20E-05,6.97E-05,2.30E-05,2.89E-05
YIL048W,1.38E-05,1.22E-05,1.26E-05,1.17E-05,1.52E-05,1.54E-05,,,,
YIL105C,3.87E-05,3.34E-05,3.47E-05,3.39E-05,2.75E-05,2.45E-05,,,,
YIL143C,8.67E-05,9.99E-05,8.58E-05,7.89E-05,4.46E-05,4.17E-05,,,,
YIL160C,0.000551807,0.000507548,0.000444123,0.000442691,2.36E-05,2.74E-05,,,,
YIL162W,0.000702642,0.000813252,0.000519831,0.000668084,2.32E-05,2.50E-05,,,,
YIR008C,3.17E-05,2.86E-05,3.04E-05,3.17E-05,,,,,4.07E-05,3.03E-05
YJL042W,1.81E-05,1.84E-05,2.60E-05,2.76E-05,1.18E-05,1.39E-05,,,,
YJL154C,3.04E-05,2.63E-05,2.82E-05,2.57E-05,2.26E-05,2.03E-05,,,,
YJL155C,6.26E-05,6.54E-05,6.26E-05,5.49E-05,1.95E-05,1.99E-05,,,,
YJL158C,0.000872819,0.000907339,0.000793857,0.000807962,0.000667987,0.000686699,,,,
YJL166W,,,8.18E-05,7.72E-05,9.26E-05,0.000118797,4.83E-05,5.52E-05,,
YJL180C,,,2.13E-05,1.72E-05,3.28E-05,3.22E-05,2.68E-05,2.84E-05,,
YJL213W,,,,,3.65E-05,3.31E-05,2.54E-05,3.47E-05,1.62E-05,2.39E-05
YJR019C,0.00012552,9.30E-05,9.10E-05,9.24E-05,3.60E-05,4.62E-05,,,,
YJR032W,,,0.000266199,0.00058191,0.000699084,0.000393334,,,0.000423161,0.000226765
YJR041C,,,7.51E-06,1.11E-05,8.55E-06,1.16E-05,9.27E-06,1.15E-05,,
YJR060W,,,1.27E-05,1.19E-05,1.00E-05,9.27E-06,,,1.16E-05,9.19E-06
YJR063W,2.79E-05,2.96E-05,2.88E-05,3.38E-05,3.41E-05,3.60E-05,,,,
YJR085C,1.85E-05,2.48E-05,2.10E-05,1.53E-05,1.02E-05,1.60E-05,,,,
YJR095W,0.000501601,0.000421821,0.000384094,0.000370635,0.000134989,0.000120729,,,,
YJR101W,,,1.80E-05,2.06E-05,3.38E-05,3.72E-05,2.36E-05,2.43E-05,,
YJR111C,1.57E-05,1.87E-05,1.67E-05,1.56E-05,,,,,8.76E-06,9.27E-06
YJR135W-A,3.82E-05,4.60E-05,4.48E-05,5.41E-05,,,3.14E-05,2.89E-05,,
YKL047W,1.02E-05,9.03E-06,9.88E-06,1.68E-05,1.14E-05,9.34E-06,,,,
YKL079W,1.20E-05,1.26E-05,9.70E-06,1.39E-05,,,,,9.72E-06,6.77E-06
YKL100C,6.60E-05,5.84E-05,6.39E-05,5.68E-05,2.81E-05,2.92E-05,,,,
YKL113C,,,2.11E-05,2.06E-05,2.78E-05,2.08E-05,,,2.29E-05,2.15E-05
YKL130C,,,,,2.25E-05,2.61E-05,1.83E-05,1.86E-05,2.16E-05,2.14E-05
YKL141W,0.00016359,0.000152614,0.000109886,0.000148576,0.000157223,0.000167792,,,,
YKL143W,1.57E-05,1.85E-05,2.50E-05,1.91E-05,,,1.88E-05,1.68E-05,,
YKL151C,4.93E-05,4.75E-05,4.43E-05,4.94E-05,1.37E-05,1.06E-05,,,,
YKL179C,1.41E-05,1.71E-05,1.02E-05,1.89E-05,9.51E-06,8.09E-06,,,,
YKL192C,0.000193845,0.000218092,0.000228842,0.000224509,0.000219963,0.000170957,,,,
YKL205W,,,5.61E-06,4.68E-06,6.00E-06,8.32E-06,,,6.70E-06,5.51E-06
YKR009C,0.003427612,0.002771117,0.002778763,0.00287477,0.000106242,0.000107818,,,,
YKR026C,,,,,2.64E-05,2.37E-05,2.68E-05,2.75E-05,2.74E-05,2.91E-05
YKR038C,,,,,1.33E-05,1.27E-05,1.12E-05,1.17E-05,1.08E-05,1.03E-05
YKR049C,8.24E-05,7.56E-05,5.45E-05,6.78E-05,1.68E-05,1.63E-05,,,,
YKR067W,0.000269529,0.000257427,0.000264587,0.000251153,3.80E-05,6.49E-05,,,,
YKR074W,3.75E-05,3.52E-05,3.13E-05,3.42E-05,2.32E-05,2.57E-05,,,,
YKR076W,0.000301222,0.000270831,0.00030628,0.000306864,2.02E-05,2.29E-05,,,,
YKR084C,,,2.93E-05,2.90E-05,4.25E-05,3.78E-05,2.84E-05,3.54E-05,,
YLL023C,0.000251021,0.000240506,0.000196572,0.000278941,0.000158205,0.000185789,,,,
YLL028W,,,,,1.14E-05,1.21E-05,2.17E-05,2.12E-05,2.69E-05,2.62E-05
YLR003C,2.71E-05,2.94E-05,2.62E-05,2.79E-05,2.12E-05,1.75E-05,,,,
YLR033W,,,,,1.52E-05,1.58E-05,1.62E-05,1.55E-05,1.52E-05,1.35E-05
YLR066W,3.15E-05,2.63E-05,,,3.03E-05,3.06E-05,,,2.61E-05,2.58E-05
YLR088W,,,1.57E-05,1.87E-05,,,1.55E-05,1.35E-05,1.43E-05,1.54E-05
YLR114C,7.66E-06,7.64E-06,6.97E-06,7.43E-06,,,7.83E-06,7.10E-06,,
YLR143W,,,1.04E-05,1.09E-05,1.35E-05,1.42E-05,,,1.08E-05,1.11E-05
YLR178C,0.000413956,0.000418439,0.000411262,0.000391636,4.96E-05,3.76E-05,,,,
YLR225C,4.22E-05,3.22E-05,3.39E-05,3.48E-05,4.27E-05,3.68E-05,,,,
YLR274W,,,,,1.82E-05,1.47E-05,1.24E-05,1.37E-05,1.49E-05,1.26E-05
YLR312W-A,,,1.92E-05,1.61E-05,3.84E-05,4.52E-05,2.29E-05,1.38E-05,,
YLR357W,,,,,1.69E-05,1.56E-05,1.29E-05,1.56E-05,1.93E-05,1.49E-05
YLR364W,6.45E-05,8.78E-05,8.79E-05,8.49E-05,4.91E-05,4.67E-05,,,,
YLR430W,,,,,1.21E-05,9.55E-06,3.52E-06,5.19E-06,3.98E-06,3.67E-06
YLR439W,,,1.26E-05,1.24E-05,2.52E-05,2.56E-05,1.44E-05,1.70E-05,,
YML004C,0.000135494,0.000128886,0.000152352,0.000120675,3.17E-05,2.84E-05,,,,
YML034W,2.03E-05,1.57E-05,1.62E-05,1.45E-05,1.25E-05,1.15E-05,,,,
YML042W,0.001087395,0.000898875,0.000984134,0.001034475,4.36E-05,4.51E-05,,,,
YML055W,4.42E-05,4.08E-05,3.83E-05,4.31E-05,5.49E-05,5.17E-05,,,,
YML127W,,,9.99E-06,1.52E-05,1.93E-05,2.22E-05,,,1.80E-05,2.00E-05
YML128C,0.001518148,0.001238855,0.001172804,0.00113836,0.000109045,8.95E-05,,,,
YMR009W,5.45E-05,5.39E-05,9.15E-05,6.27E-05,1.98E-05,2.48E-05,,,,
YMR047C,2.55E-05,1.88E-05,2.72E-05,2.31E-05,1.04E-05,1.09E-05,,,,
YMR074C,,,2.35E-05,1.98E-05,2.14E-05,2.11E-05,1.93E-05,2.73E-05,,
YMR076C,,,1.04E-05,1.43E-05,1.90E-05,1.89E-05,1.40E-05,1.46E-05,,
YMR128W,6.02E-06,5.56E-06,1.21E-05,1.24E-05,,,,,1.41E-05,1.37E-05
YMR130W,,,1.19E-05,1.37E-05,,,1.21E-05,1.42E-05,1.21E-05,1.27E-05
YMR139W,2.78E-05,3.10E-05,3.03E-05,3.51E-05,1.62E-05,1.61E-05,,,,
YMR158W,,,3.79E-05,3.52E-05,6.90E-05,6.85E-05,4.78E-05,4.96E-05,,
YMR196W,0.000352271,0.000327459,0.000316568,0.000292336,2.26E-05,1.13E-05,,,,
YMR238W,2.62E-05,1.84E-05,2.13E-05,1.55E-05,3.63E-05,1.80E-05,,,,
YMR247C,,,2.77E-06,3.82E-06,3.16E-05,7.27E-06,,,9.84E-06,8.95E-06
YMR264W,,,9.59E-06,7.51E-06,,,1.12E-05,1.06E-05,1.14E-05,8.90E-06
YMR272C,,,,,5.01E-05,4.27E-05,5.08E-05,4.29E-05,6.21E-05,6.51E-05
YMR278W,3.73E-05,3.86E-05,3.39E-05,3.57E-05,2.27E-05,2.27E-05,,,,
YMR295C,2.32E-05,2.35E-05,3.78E-05,4.44E-05,,,,,0.000112496,0.000136896
YMR310C,,,,,1.04E-05,1.02E-05,1.06E-05,1.09E-05,1.21E-05,1.11E-05
YNL006W,1.44E-05,1.49E-05,1.28E-05,1.58E-05,1.43E-05,1.54E-05,,,,
YNL015W,0.000703282,0.000818829,0.000908192,0.000737669,0.000247795,0.000246762,,,,
YNL026W,2.85E-05,2.03E-05,2.85E-05,2.77E-05,2.48E-05,2.48E-05,,,,
YNL048W,9.34E-06,7.65E-06,9.12E-06,8.02E-06,9.54E-06,9.35E-06,,,,
YNL062C,,,1.51E-05,1.44E-05,1.85E-05,1.70E-05,,,1.72E-05,2.00E-05
YNL099C,1.06E-05,1.15E-05,1.35E-05,1.13E-05,1.06E-05,1.23E-05,,,,
YNL100W,3.49E-05,3.52E-05,3.74E-05,3.99E-05,4.56E-05,4.52E-05,,,,
YNL110C,1.31E-05,1.20E-05,1.45E-05,1.32E-05,,,,,1.78E-05,1.67E-05
YNL117W,0.000229084,0.000290736,0.000344133,0.000264523,0.000118428,0.000115337,,,,
YNL118C,,,3.25E-05,3.13E-05,3.76E-05,3.98E-05,,,3.25E-05,3.18E-05
YNL141W,,,,,3.79E-05,4.22E-05,4.52E-05,6.74E-05,3.70E-05,4.11E-05
YNL162W,,,,,0.000876449,0.000690277,0.00105301,0.000770662,0.000983575,0.00103387
YNL166C,,,1.44E-05,1.46E-05,2.08E-05,2.16E-05,,,2.08E-05,2.34E-05
YNL168C,2.40E-05,3.07E-05,2.68E-05,2.54E-05,2.70E-05,2.79E-05,,,,
YNL169C,,,,,2.80E-05,2.97E-05,2.50E-05,2.33E-05,2.03E-05,1.87E-05
YNL192W,,,,,2.32E-05,2.58E-05,1.17E-05,1.24E-05,9.02E-06,9.25E-06
YNL202W,0.000256522,0.000220132,0.000177374,0.000171278,1.10E-05,1.79E-05,,,,
YNL208W,0.00012196,0.000141269,0.000158381,0.000123549,8.06E-05,0.000109617,,,,
YNL246W,1.57E-05,1.18E-05,1.58E-05,1.24E-05,,,,,9.66E-06,1.04E-05
YNL315C,,,,,4.97E-05,5.15E-05,3.53E-05,3.57E-05,1.82E-05,2.17E-05
YNL316C,7.91E-06,1.03E-05,,,,,8.49E-06,8.65E-06,8.43E-06,8.94E-06
YNL330C,2.41E-05,1.84E-05,2.55E-05,2.40E-05,2.82E-05,2.68E-05,,,,
YNR022C,2.07E-05,2.17E-05,2.86E-05,2.53E-05,3.47E-05,4.06E-05,,,,
YNR033W,1.21E-05,1.36E-05,1.06E-05,1.45E-05,1.31E-05,1.68E-05,,,,
YNR040W,,,,,2.65E-05,1.96E-05,1.22E-05,1.23E-05,8.15E-06,9.20E-06
YNR067C,2.51E-05,2.59E-05,3.33E-05,2.75E-05,,,9.62E-06,4.68E-06,,
YOL052C,1.18E-05,1.29E-05,1.10E-05,9.62E-06,1.14E-05,1.28E-05,,,,
YOL124C,1.40E-05,1.63E-05,1.84E-05,1.86E-05,,,,,1.87E-05,1.91E-05
YOL126C,0.00013231,9.10E-05,7.61E-05,7.30E-05,1.96E-05,2.17E-05,,,,
YOL129W,,,1.28E-05,1.32E-05,1.26E-05,1.43E-05,1.50E-05,1.27E-05,,
YOL142W,,,,,1.64E-05,1.80E-05,1.74E-05,1.87E-05,1.91E-05,1.57E-05
YOR004W,1.17E-05,1.36E-05,,,,,1.45E-05,1.57E-05,1.79E-05,1.82E-05
YOR035C,5.30E-05,5.16E-05,5.58E-05,5.60E-05,3.83E-05,2.83E-05,,,,
YOR056C,,,2.20E-06,6.00E-06,,,9.83E-06,9.19E-06,9.70E-06,9.98E-06
YOR101W,,,2.01E-05,2.06E-05,1.49E-05,1.26E-05,,,2.20E-05,2.19E-05
YOR157C,4.13E-05,3.33E-05,4.41E-05,3.35E-05,3.07E-05,2.88E-05,,,,
YOR164C,3.06E-05,1.91E-05,3.84E-05,2.47E-05,3.42E-05,2.71E-05,,,,
YOR201C,,,8.54E-06,8.28E-06,1.14E-05,1.22E-05,1.09E-05,1.06E-05,,
YOR217W,,,1.19E-05,1.31E-05,1.55E-05,1.33E-05,,,1.10E-05,1.32E-05
YOR220W,2.26E-05,2.30E-05,2.35E-05,2.59E-05,3.46E-05,3.63E-05,,,,
YOR273C,,,,,1.51E-05,1.16E-05,1.56E-05,1.50E-05,1.41E-05,1.14E-05
YOR280C,2.93E-05,3.15E-05,3.39E-05,2.92E-05,4.57E-05,4.09E-05,,,,
YOR283W,,,,,3.93E-05,3.23E-05,3.34E-05,3.62E-05,3.79E-05,3.23E-05
YOR352W,2.56E-05,2.20E-05,2.58E-05,2.28E-05,1.24E-05,1.23E-05,,,,
YPL013C,,,3.18E-05,3.32E-05,,,3.67E-05,4.27E-05,2.66E-05,2.41E-05
YPL059W,7.85E-05,8.12E-05,8.72E-05,9.92E-05,3.60E-05,4.25E-05,,,,
YPL084W,4.63E-05,3.37E-05,4.46E-05,5.48E-05,3.02E-05,2.68E-05,,,,
YPL097W,1.55E-05,1.48E-05,2.30E-05,1.97E-05,2.87E-05,2.58E-05,,,,
YPL101W,,,9.34E-06,7.88E-06,9.66E-06,1.09E-05,,,1.03E-05,8.07E-06
YPL104W,9.35E-06,1.01E-05,9.62E-06,8.68E-06,1.78E-05,1.55E-05,,,,
YPL110C,3.73E-05,3.90E-05,4.42E-05,4.04E-05,3.43E-05,2.88E-05,,,,
YPL112C,,,,,0.000338294,0.000356386,0.000332936,0.000344253,0.00033598,0.000323432
YPL134C,7.84E-05,8.43E-05,8.62E-05,8.37E-05,9.23E-05,8.15E-05,,,,
YPL135W,3.41E-05,3.56E-05,4.46E-05,3.78E-05,2.52E-05,2.36E-05,,,,
YPL170W,5.11E-05,4.50E-05,3.70E-05,4.33E-05,7.47E-06,1.19E-05,,,,
YPL178W,3.49E-05,2.57E-05,3.69E-05,3.39E-05,2.81E-05,2.54E-05,,,,
YPL207W,1.47E-05,1.37E-05,,,3.12E-05,3.50E-05,,,2.73E-05,2.51E-05
YPL270W,3.56E-05,3.34E-05,3.07E-05,3.06E-05,2.81E-05,2.75E-05,,,,
YPR023C,,,1.22E-05,9.93E-06,1.57E-05,1.35E-05,,,7.77E-06,1.13E-05
YPR029C,2.12E-05,2.06E-05,2.37E-05,2.00E-05,2.35E-05,2.78E-05,,,,
YPR034W,,,2.12E-05,1.58E-05,2.10E-05,1.91E-05,1.64E-05,2.77E-05,,
YPR051W,,,,,1.17E-05,1.19E-05,1.25E-05,1.33E-05,1.27E-05,1.24E-05
YPR113W,,,,,2.32E-05,1.80E-05,2.77E-05,2.49E-05,3.07E-05,4.51E-05
YPR139C,6.34E-06,5.84E-06,6.17E-06,6.09E-06,,,,,9.58E-06,1.04E-05
YPR154W,3.40E-05,3.57E-05,3.53E-05,3.68E-05,2.74E-05,3.07E-05,,,,
YPR184W,0.00023028,0.000219217,0.000212755,0.000217736,4.53E-05,3.21E-05,,,,
YAL026C,,,1.09E-05,1.02E-05,1.34E-05,1.32E-05,,,,
YAL029C,,,,,1.37E-05,1.04E-05,,,1.21E-05,1.17E-05
YAL041W,,,4.89E-06,7.09E-06,7.90E-06,1.40E-05,,,,
YAL059W,,,,,,,1.98E-05,1.79E-05,2.22E-05,2.44E-05
YBL035C,,,,,0,1.82E-05,1.32E-05,0,,
YBL038W,,,7.35E-06,7.21E-06,1.05E-05,1.19E-05,,,,
YBL051C,1.44E-05,1.53E-05,,,,,,,1.30E-05,1.53E-05
YBR053C,0.000134794,0.000132806,0.000116628,0.000117599,,,,,,
YBR102C,,,,,1.01E-05,1.42E-05,,,8.49E-06,7.76E-06
YBR137W,,,3.48E-05,3.36E-05,2.99E-05,3.05E-05,,,,
YBR139W,1.56E-05,1.45E-05,1.82E-05,1.51E-05,,,,,,
YBR155W,1.74E-05,1.65E-05,1.39E-05,1.20E-05,,,,,,
YBR185C,,,1.51E-05,7.08E-06,1.28E-05,1.69E-05,,,,
YBR208C,3.16E-05,3.29E-05,2.99E-05,4.11E-05,,,,,,
YBR269C,3.53E-05,4.64E-05,5.00E-05,5.91E-05,,,,,,
YBR280C,1.12E-05,8.20E-06,1.61E-05,1.27E-05,,,,,,
YBR282W,,,1.12E-05,1.31E-05,2.19E-05,2.11E-05,,,,
YBR287W,,,,,2.16E-05,2.35E-05,,,1.70E-05,1.59E-05
YBR294W,,,0.000101528,8.62E-05,6.78E-05,0.000103172,,,,
YCL059C,,,2.01E-05,2.04E-05,1.92E-05,1.98E-05,,,,
YCR010C,0.001069947,0.000848046,0.000764729,0.000911875,,,,,,
YCR060W,1.12E-05,9.35E-06,1.17E-05,1.01E-05,,,,,,
YCR083W,0.000121881,0.000119084,0.000103143,0.000107037,,,,,,
YCR086W,,,5.01E-06,4.45E-06,4.70E-06,4.52E-06,,,,
YCR090C,,,1.94E-05,2.02E-05,,,,,1.24E-05,1.20E-05
YDL021W,4.32E-05,5.53E-05,5.62E-05,5.22E-05,,,,,,
YDL044C,,,3.24E-05,2.57E-05,2.02E-05,1.71E-05,,,,
YDL045C,1.18E-05,1.39E-05,1.02E-05,1.15E-05,,,,,,
YDL046W,2.15E-05,1.95E-05,1.99E-05,1.99E-05,,,,,,
YDL065C,,,2.27E-05,1.74E-05,1.07E-05,1.08E-05,,,,
YDL074C,,,1.07E-05,2.02E-05,,,,,1.46E-05,2.01E-05
YDL085W,0.00011051,6.04E-05,5.42E-05,6.15E-05,,,,,,
YDL102W,,,,,7.86E-06,1.01E-05,9.00E-06,5.67E-06,,
YDL130W-A,6.45E-05,4.46E-05,7.23E-05,6.51E-05,,,,,,
YDL165W,8.03E-06,8.27E-06,8.32E-06,7.69E-06,,,,,,
YDL204W,0.000222137,0.000286557,0.000243336,0.000231208,,,,,,
YDL222C,0.000263237,0.000164675,0.000106162,0.000156862,,,,,,
YDL223C,0.000208232,0.00021483,0.000202362,0.000199604,,,,,,
YDR005C,6.69E-06,7.26E-06,6.93E-06,9.92E-06,,,,,,
YDR070C,0.00019959,0.000186026,0.000150248,0.000152939,,,,,,
YDR083W,,,1.54E-05,1.58E-05,1.44E-05,1.40E-05,,,,
YDR092W,,,8.75E-05,0.000101766,7.42E-05,6.63E-05,,,,
YDR097C,,,2.76E-05,3.25E-05,7.88E-05,4.11E-05,,,,
YDR117C,,,1.13E-05,1.15E-05,,,,,3.79E-06,7.82E-06
YDR182W,,,,,1.94E-05,1.94E-05,1.20E-05,1.70E-05,,
YDR237W,,,,,4.03E-05,3.46E-05,2.50E-05,2.17E-05,,
YDR256C,0.000563775,0.000484813,0.000287925,0.0005551,,,,,,
YDR262W,1.95E-05,1.36E-05,1.20E-05,1.51E-05,,,,,,
YDR267C,,,1.32E-05,1.17E-05,1.25E-05,1.34E-05,,,,
YDR303C,,,1.11E-05,1.30E-05,1.70E-05,1.11E-05,,,,
YDR316W,,,9.06E-06,9.33E-06,1.05E-05,1.10E-05,,,,
YDR337W,,,,,3.21E-05,2.80E-05,,,0,0
YDR349C,5.79E-06,5.76E-06,7.61E-06,5.89E-06,,,,,,
YDR365C,,,,,,,3.37E-05,2.90E-05,4.73E-05,4.72E-05
YDR384C,0.00052802,0.00043684,0.00033974,0.000352959,,,,,,
YDR405W,,,,,4.78E-05,5.41E-05,3.51E-05,3.72E-05,,
YDR434W,,,2.03E-05,1.74E-05,2.07E-05,1.78E-05,,,,
YDR453C,1.77E-05,1.65E-05,1.85E-05,1.05E-05,,,,,,
YDR469W,5.75E-06,7.91E-06,8.94E-06,9.23E-06,,,,,,
YDR472W,3.91E-06,3.94E-06,4.67E-06,3.42E-06,,,,,,
YDR476C,,,1.81E-05,2.36E-05,2.57E-05,2.21E-05,,,,
YDR505C,1.00E-05,8.78E-06,1.55E-05,1.92E-05,,,,,,
YER014W,1.08E-05,9.96E-06,1.21E-05,9.15E-06,,,,,,
YER029C,,,,,2.10E-05,2.02E-05,1.79E-05,2.33E-05,,
YER048W-A,,,2.21E-05,2.40E-05,3.03E-05,3.16E-05,,,,
YER067W,7.29E-05,0.000115237,0.000141912,0.000103312,,,,,,
YER079W,8.78E-06,8.68E-06,1.12E-05,8.42E-06,,,,,,
YER087W,,,1.20E-05,9.95E-06,1.84E-05,1.53E-05,,,,
YER095W,,,,,,,1.64E-05,1.87E-05,1.74E-05,1.74E-05
YER142C,2.07E-05,1.47E-05,1.55E-05,1.40E-05,,,,,,
YER152C,,,7.38E-06,1.06E-05,1.57E-05,1.27E-05,,,,
YER164W,,,,,8.95E-06,8.62E-06,,,1.30E-05,1.58E-05
YER168C,,,,,4.30E-05,4.78E-05,,,3.28E-05,2.77E-05
YER172C,2.24E-05,2.75E-05,2.24E-05,2.32E-05,,,,,,
YER175C,5.80E-05,2.44E-05,4.88E-05,5.57E-05,,,,,,
YFL017C,1.51E-05,1.26E-05,1.16E-05,1.43E-05,,,,,,
YFR007W,,,9.09E-06,1.22E-05,8.49E-06,1.09E-05,,,,
YFR014C,2.83E-05,2.39E-05,2.04E-05,2.56E-05,,,,,,
YFR040W,2.04E-05,1.37E-05,1.99E-05,2.12E-05,,,,,,
YGL050W,,,,,1.35E-05,1.26E-05,,,1.13E-05,1.49E-05
YGL060W,,,7.22E-06,6.23E-06,9.35E-06,8.67E-06,,,,
YGL080W,2.01E-05,2.48E-05,1.73E-05,1.96E-05,,,,,,
YGL095C,1.56E-05,1.83E-05,1.36E-05,1.47E-05,,,,,,
YGL101W,,,1.13E-05,1.18E-05,1.58E-05,1.41E-05,,,,
YGL151W,,,1.07E-05,1.12E-05,,,,,8.83E-06,7.99E-06
YGL169W,,,1.16E-05,9.98E-06,7.27E-06,1.01E-05,,,,
YGL185C,7.93E-06,8.48E-06,7.14E-06,8.60E-06,,,,,,
YGL213C,,,,,1.35E-05,1.65E-05,,,1.64E-05,1.51E-05
YGL231C,,,2.01E-05,1.90E-05,2.10E-05,2.10E-05,,,,
YGL236C,,,,,0.000146351,0.000115192,0.000104136,7.32E-05,,
YGL250W,1.02E-05,9.66E-06,9.54E-06,1.07E-05,,,,,,
YGR005C,,,1.10E-05,1.21E-05,,,1.14E-05,1.27E-05,,
YGR065C,,,,,1.30E-05,1.32E-05,,,1.52E-05,1.38E-05
YGR078C,9.93E-06,9.91E-06,,,,,,,1.23E-05,1.14E-05
YGR100W,1.09E-05,1.16E-05,1.55E-05,1.17E-05,,,,,,
YGR111W,,,7.08E-06,7.22E-06,,,,,6.55E-06,5.79E-06
YGR127W,3.83E-05,3.06E-05,2.82E-05,2.77E-05,,,,,,
YGR169C-A,,,4.45E-05,4.44E-05,,,3.53E-05,3.95E-05,,
YGR201C,2.06E-05,1.94E-05,1.56E-05,1.59E-05,,,,,,
YGR220C,,,1.66E-05,1.49E-05,3.40E-05,3.78E-05,,,,
YGR235C,,,5.50E-05,5.48E-05,6.24E-05,6.61E-05,,,,
YGR248W,0.000156335,0.000151254,0.000130809,0.000137528,,,,,,
YGR287C,,,4.62E-06,1.53E-05,,,0.010006294,0.006620069,,
YHL003C,,,,,1.57E-05,2.73E-05,1.60E-05,1.74E-05,,
YHL013C,,,1.40E-05,1.43E-05,1.14E-05,1.25E-05,,,,
YHL014C,,,,,1.14E-05,1.13E-05,8.79E-06,8.39E-06,,
YHR034C,,,1.12E-05,1.26E-05,8.64E-06,1.13E-05,,,,
YHR070W,,,1.74E-05,1.93E-05,2.57E-05,2.75E-05,,,,
YHR073W,,,1.02E-05,1.29E-05,1.10E-05,1.81E-05,,,,
YHR088W,,,1.27E-05,1.15E-05,,,1.64E-05,1.94E-05,,
YHR123W,,,,,,,1.23E-05,1.54E-05,1.17E-05,1.14E-05
YHR137W,4.18E-05,2.72E-05,3.80E-05,3.06E-05,,,,,,
YHR165C,8.64E-06,1.07E-05,1.76E-05,1.43E-05,,,,,,
YHR187W,,,1.34E-05,1.73E-05,1.76E-05,2.12E-05,,,,
YHR198C,,,1.48E-05,1.93E-05,1.28E-05,1.03E-05,,,,
YHR209W,1.43E-05,1.77E-05,1.97E-05,1.74E-05,,,,,,
YIL005W,2.57E-05,1.79E-05,1.30E-05,2.14E-05,,,,,,
YIL027C,1.93E-05,1.97E-05,1.77E-05,1.80E-05,,,,,,
YIL055C,2.78E-05,1.72E-05,1.95E-05,2.30E-05,,,,,,
YIL057C,7.11E-05,0.00013207,9.47E-05,0.000127573,,,,,,
YIL063C,1.83E-05,1.56E-05,2.27E-05,1.64E-05,,,,,,
YIL065C,4.27E-05,3.68E-05,,,3.49E-05,3.77E-05,,,,
YIL087C,2.62E-05,2.97E-05,2.52E-05,2.59E-05,,,,,,
YIL093C,,,,,3.25E-05,2.89E-05,2.22E-05,2.16E-05,,
YIL107C,4.57E-05,4.71E-05,4.94E-05,4.77E-05,,,,,,
YIR001C,1.31E-05,1.43E-05,,,1.57E-05,1.48E-05,,,,
YIR029W,1.56E-05,2.16E-05,2.38E-05,2.70E-05,,,,,,
YJL029C,,,1.18E-05,1.19E-05,1.26E-05,1.21E-05,,,,
YJL036W,2.60E-05,1.43E-05,2.37E-05,2.18E-05,,,,,,
YJL053W,,,1.65E-05,1.83E-05,1.30E-05,1.27E-05,,,,
YJL062W-A,,,1.38E-05,1.40E-05,,,1.41E-05,1.29E-05,,
YJL069C,,,1.34E-05,1.52E-05,1.50E-05,1.74E-05,,,,
YJL074C,1.48E-05,6.34E-06,1.30E-05,1.26E-05,,,,,,
YJL097W,2.29E-05,2.25E-05,2.09E-05,2.25E-05,,,,,,
YJL104W,,,,,,,3.42E-05,2.36E-05,2.17E-05,2.05E-05
YJL122W,,,,,,,3.27E-05,3.82E-05,4.91E-05,3.94E-05
YJL137C,3.16E-05,3.16E-05,2.58E-05,2.70E-05,,,,,,
YJL146W,1.31E-05,1.36E-05,1.21E-05,1.20E-05,,,,,,
YJL179W,,,,,,,1.22E-05,1.06E-05,1.26E-05,1.44E-05
YJR005W,,,5.30E-06,5.82E-06,7.75E-06,7.44E-06,,,,
YJR008W,0.000118659,0.000108602,8.93E-05,8.49E-05,,,,,,
YJR033C,3.39E-05,2.94E-05,3.06E-05,3.09E-05,,,,,,
YJR073C,,,,,4.94E-05,5.26E-05,3.58E-05,3.69E-05,,
YJR096W,0.000252424,0.000224857,0.000183555,0.000178859,,,,,,
YJR099W,4.39E-05,3.50E-05,3.03E-05,3.05E-05,,,,,,
YJR130C,2.01E-05,1.77E-05,1.81E-05,1.97E-05,,,,,,
YJR131W,,,1.87E-05,1.52E-05,1.68E-05,1.44E-05,,,,
YJR142W,,,2.11E-05,2.09E-05,2.84E-05,2.54E-05,,,,
YKL018W,,,1.64E-05,1.59E-05,1.66E-05,1.95E-05,,,,
YKL025C,,,,,9.53E-06,7.86E-06,8.62E-06,8.12E-06,,
YKL039W,2.19E-05,1.72E-05,1.77E-05,1.94E-05,,,,,,
YKL046C,,,,,1.83E-05,1.55E-05,,,1.42E-05,1.56E-05
YKL106W,,,7.64E-06,7.03E-06,,,,,8.27E-06,9.22E-06
YKL107W,0.000449851,0.00041955,0.000251076,0.000348525,,,,,,
YKL140W,4.29E-05,4.00E-05,3.60E-05,4.15E-05,,,,,,
YKL155C,,,,,1.90E-05,1.83E-05,1.23E-05,1.35E-05,,
YKL165C,,,,,4.96E-05,5.07E-05,,,2.42E-05,2.39E-05
YKL170W,,,,,1.40E-05,1.30E-05,1.21E-05,1.23E-05,,
YKL187C,0.00026612,0.000189125,0.00015697,0.00016089,,,,,,
YKL206C,,,1.52E-05,2.01E-05,,,1.00E-05,1.06E-05,,
YKL217W,0.000269204,0.000271369,0.000189964,0.000180773,,,,,,
YKR003W,,,,,1.53E-05,1.61E-05,,,6.72E-06,7.48E-06
YKR039W,6.15E-05,5.70E-05,4.00E-05,3.97E-05,,,,,,
YKR042W,1.35E-05,1.28E-05,1.49E-05,9.79E-06,,,,,,
YKR058W,1.96E-05,1.64E-05,1.59E-05,1.61E-05,,,,,,
YKR065C,,,2.00E-05,2.18E-05,,,,,1.69E-05,1.80E-05
YKR085C,,,,,1.68E-05,2.09E-05,1.54E-05,1.14E-05,,
YKR097W,3.56E-05,4.25E-05,3.51E-05,2.57E-05,,,,,,
YLL010C,,,1.02E-05,1.10E-05,1.18E-05,1.27E-05,,,,
YLL013C,,,1.73E-05,1.58E-05,3.83E-05,3.71E-05,,,,
YLR008C,,,1.97E-05,2.08E-05,3.24E-05,3.25E-05,,,,
YLR022C,,,,,,,1.79E-05,1.56E-05,1.98E-05,2.69E-05
YLR074C,,,,,,,1.98E-05,2.00E-05,2.04E-05,2.56E-05
YLR077W,,,1.51E-05,1.90E-05,1.23E-05,1.30E-05,,,,
YLR080W,1.94E-05,1.63E-05,1.62E-05,1.41E-05,,,,,,
YLR144C,,,8.76E-06,1.05E-05,1.12E-05,8.30E-06,,,,
YLR147C,,,2.47E-05,2.32E-05,2.05E-05,1.90E-05,,,,
YLR181C,2.35E-05,1.46E-05,2.26E-05,1.85E-05,,,,,,
YLR205C,,,,,2.27E-05,2.32E-05,1.46E-05,1.49E-05,,
YLR206W,,,1.40E-05,1.26E-05,1.21E-05,6.27E-06,,,,
YLR219W,4.19E-05,4.31E-05,3.67E-05,2.97E-05,,,,,,
YLR253W,,,4.66E-06,5.04E-06,9.32E-06,1.22E-05,,,,
YLR292C,1.23E-05,1.08E-05,,,,,,,1.83E-05,1.42E-05
YLR299W,2.44E-05,2.42E-05,2.57E-05,2.48E-05,,,,,,
YLR319C,6.44E-06,1.07E-05,6.84E-06,8.09E-06,,,,,,
YLR327C,1.54E-05,2.85E-05,4.59E-05,4.25E-05,,,,,,
YLR337C,1.20E-05,1.27E-05,1.21E-05,1.33E-05,,,,,,
YLR345W,3.28E-05,3.12E-05,3.22E-05,3.82E-05,,,,,,
YLR348C,2.26E-05,2.04E-05,1.48E-05,1.66E-05,,,,,,
YLR350W,,,9.90E-06,1.01E-05,1.41E-05,1.27E-05,,,,
YLR387C,,,1.14E-05,1.07E-05,1.59E-05,1.91E-05,,,,
YLR399C,,,8.27E-06,7.52E-06,,,,,9.47E-06,7.52E-06
YLR414C,,,,,8.09E-05,7.05E-05,,,1.94E-05,1.65E-05
YLR418C,1.69E-05,1.43E-05,,,1.82E-05,1.63E-05,,,,
YLR435W,,,,,1.67E-05,1.36E-05,1.68E-05,1.68E-05,,
YML030W,3.39E-05,3.91E-05,3.82E-05,3.95E-05,,,,,,
YML031W,,,8.29E-06,7.70E-06,1.11E-05,1.10E-05,,,,
YML094W,,,,,2.35E-05,2.30E-05,,,2.21E-05,2.08E-05
YMR006C,4.13E-05,3.92E-05,2.79E-05,3.40E-05,,,,,,
YMR008C,1.46E-05,1.52E-05,1.31E-05,1.28E-05,,,,,,
YMR028W,1.06E-05,9.77E-06,9.68E-06,1.34E-05,,,,,,
YMR041C,4.25E-05,4.78E-05,4.41E-05,4.17E-05,,,,,,
YMR090W,0.000108254,0.000206545,0.000145745,0.000234269,,,,,,
YMR095C,3.46E-05,2.68E-05,3.71E-05,3.07E-05,,,,,,
YMR107W,0.000122613,0.000140105,0.000135199,0.000156698,,,,,,
YMR135C,1.90E-05,2.02E-05,1.59E-05,2.28E-05,,,,,,
YMR147W,6.72E-05,4.81E-05,3.25E-05,3.86E-05,,,,,,
YMR149W,,,,,2.99E-05,3.06E-05,,,2.96E-05,3.50E-05
YMR153W,2.02E-05,2.14E-05,1.92E-05,2.23E-05,,,,,,
YMR157C,,,2.19E-05,2.37E-05,4.03E-05,5.12E-05,,,,
YMR174C,0.000187722,0.00015959,0.000128839,0.000141512,,,,,,
YMR212C,,,,,8.01E-06,1.15E-05,,,1.18E-05,1.18E-05
YMR214W,,,1.02E-05,9.26E-06,1.96E-05,1.69E-05,,,,
YMR250W,8.40E-05,7.68E-05,6.40E-05,6.39E-05,,,,,,
YMR275C,,,5.06E-06,6.81E-06,5.61E-06,5.21E-06,,,,
YMR286W,,,6.62E-05,6.31E-05,9.42E-05,0.000108137,,,,
YNL102W,,,,,2.18E-05,1.26E-05,9.70E-06,1.39E-05,,
YNL139C,,,8.45E-06,1.05E-05,1.20E-05,1.45E-05,,,,
YNL160W,0.000851976,0.000673753,0.000338999,0.000558493,,,,,,
YNL161W,,,,,1.23E-05,1.17E-05,,,9.29E-06,1.05E-05
YNL194C,4.16E-05,2.60E-05,3.26E-05,3.13E-05,,,,,,
YNL200C,0.00013362,0.000109083,0.000100706,8.46E-05,,,,,,
YNL240C,1.09E-05,1.27E-05,1.12E-05,1.21E-05,,,,,,
YNL288W,1.39E-05,1.21E-05,1.17E-05,1.14E-05,,,,,,
YNR002C,5.27E-05,5.17E-05,6.71E-05,5.74E-05,,,,,,
YNR003C,,,,,1.09E-05,9.86E-06,,,1.16E-05,1.32E-05
YNR006W,,,2.29E-05,1.68E-05,1.35E-05,9.54E-06,,,,
YNR034W-A,0.000125155,0.000130589,0.000151726,0.000114525,,,,,,
YOL016C,,,,,4.97E-05,6.89E-05,,,2.32E-05,1.63E-05
YOL023W,,,,,8.34E-06,7.03E-06,7.10E-06,5.63E-06,,
YOL032W,5.76E-05,5.79E-05,6.24E-05,5.38E-05,,,,,,
YOL055C,1.49E-05,1.69E-05,2.55E-05,1.68E-05,,,,,,
YOL060C,1.62E-05,1.65E-05,,,1.44E-05,1.25E-05,,,,
YOL071W,3.38E-05,3.20E-05,3.69E-05,3.38E-05,,,,,,
YOL076W,,,,,,,2.29E-05,2.56E-05,3.23E-05,7.39E-05
YOL084W,3.93E-05,2.19E-05,1.96E-05,2.21E-05,,,,,,
YOL087C,,,2.75E-06,9.08E-06,3.14E-06,3.84E-06,,,,
YOL088C,,,1.48E-05,1.61E-05,1.33E-05,1.30E-05,,,,
YOL090W,,,,,1.67E-05,1.88E-05,1.29E-05,1.44E-05,,
YOR006C,,,,,,,7.55E-06,6.87E-06,8.38E-06,8.43E-06
YOR016C,,,2.72E-05,2.01E-05,1.14E-05,1.53E-05,,,,
YOR020W-A,3.81E-05,2.77E-05,2.57E-05,2.73E-05,,,,,,
YOR039W,2.58E-05,2.39E-05,2.80E-05,2.61E-05,,,,,,
YOR078W,,,1.04E-05,9.35E-06,8.15E-06,8.64E-06,,,,
YOR098C,,,4.60E-06,4.82E-06,,,5.67E-06,4.73E-06,,
YOR100C,1.75E-05,2.59E-05,2.70E-05,1.89E-05,,,,,,
YOR111W,1.05E-05,8.66E-06,8.30E-06,1.04E-05,,,,,,
YOR138C,,,2.06E-05,1.51E-05,9.32E-06,1.37E-05,,,,
YOR141C,,,1.23E-05,1.23E-05,1.18E-05,1.01E-05,,,,
YOR161C,2.66E-05,2.01E-05,1.59E-05,1.85E-05,,,,,,
YOR173W,0.000443695,0.000378815,0.000344414,0.00034318,,,,,,
YOR180C,2.75E-05,2.63E-05,2.46E-05,3.09E-05,,,,,,
YOR227W,8.82E-06,1.29E-05,1.66E-05,1.14E-05,,,,,,
YOR278W,1.16E-05,1.08E-05,1.02E-05,1.06E-05,,,,,,
YOR289W,7.29E-05,5.92E-05,7.10E-05,5.83E-05,,,,,,
YOR294W,,,1.43E-05,1.60E-05,,,,,3.49E-05,3.10E-05
YOR320C,,,7.99E-06,7.55E-06,8.11E-06,1.02E-05,,,,
YOR336W,,,,,1.03E-05,1.24E-05,,,4.49E-06,5.55E-06
YOR370C,,,9.68E-06,1.04E-05,,,,,1.18E-05,1.45E-05
YOR388C,0.001822515,0.001449036,0.001152488,0.001098141,,,,,,
YPL006W,1.92E-05,1.91E-05,2.51E-05,1.82E-05,,,,,,
YPL019C,,,,,1.64E-05,1.66E-05,7.31E-06,6.99E-06,,
YPL049C,,,,,5.48E-06,6.64E-06,,,6.28E-06,7.02E-06
YPL082C,,,,,,,1.18E-05,6.04E-06,1.05E-05,2.18E-05
YPL088W,1.61E-05,2.27E-05,1.54E-05,1.70E-05,,,,,,
YPL094C,,,2.45E-05,2.75E-05,4.89E-05,3.81E-05,,,,
YPL113C,2.77E-05,2.17E-05,2.06E-05,1.98E-05,,,,,,
YPL123C,8.86E-05,6.72E-05,6.35E-05,5.85E-05,,,,,,
YPL147W,2.55E-05,2.02E-05,2.24E-05,2.13E-05,,,,,,
YPL171C,9.17E-05,0.000124745,0.000131108,0.000136361,,,,,,
YPL186C,0.000106878,8.38E-05,7.67E-05,7.80E-05,,,,,,
YPL188W,3.43E-05,3.58E-05,3.94E-05,2.84E-05,,,,,,
YPL199C,,,,,9.71E-06,1.17E-05,,,1.26E-05,1.36E-05
YPL203W,4.99E-05,4.93E-05,5.49E-05,3.56E-05,,,,,,
YPL222W,6.14E-05,4.57E-05,3.58E-05,3.53E-05,,,,,,
YPL259C,,,1.35E-05,1.55E-05,1.73E-05,1.54E-05,,,,
YPL263C,,,,,1.43E-05,1.67E-05,,,1.55E-05,1.44E-05
YPL274W,,,,,2.28E-05,1.96E-05,1.62E-05,1.88E-05,,
YPR001W,0.000216195,0.000121858,0.000265854,0.00029688,,,,,,
YPR006C,0.00037016,0.000294247,0.00030016,0.000305784,,,,,,
YPR026W,1.43E-05,1.37E-05,1.13E-05,1.20E-05,,,,,,
YPR089W,,,,,8.37E-06,9.38E-06,7.30E-06,7.53E-06,,
YPR091C,,,1.15E-05,1.29E-05,1.43E-05,1.27E-05,,,,
YPR127W,0.000140886,9.44E-05,8.31E-05,8.49E-05,,,,,,
YPR133W-A,,,,,,,5.45E-05,6.32E-05,4.63E-05,4.83E-05
YPR143W,1.66E-05,1.99E-05,2.30E-05,2.04E-05,,,,,,
YPR144C,,,1.43E-05,1.56E-05,,,,,1.55E-05,1.71E-05
YAL017W,,,2.45E-06,2.22E-06,,,,,,
YAL039C,,,,,1.22E-05,1.23E-05,,,,
YBL020W,,,,,9.19E-06,9.85E-06,,,,
YBL055C,,,,,1.35E-05,1.12E-05,,,,
YBL069W,,,,,1.03E-05,1.73E-05,,,,
YBL080C,,,,,2.64E-06,6.91E-06,,,,
YBR001C,5.20E-06,4.87E-06,,,,,,,,
YBR002C,,,,,,,,,6.31E-06,5.26E-06
YBR018C,,,,,0.004151846,0.007264627,,,,
YBR019C,,,,,0.012604757,0.012958296,,,,
YBR020W,,,,,0.020357375,0.022764814,,,,
YBR024W,,,1.42E-05,1.31E-05,,,,,,
YBR036C,,,,,8.25E-06,9.33E-06,,,,
YBR037C,,,1.40E-05,1.31E-05,,,,,,
YBR068C,,,,,1.83E-06,2.45E-06,,,,
YBR095C,,,5.99E-06,6.03E-06,,,,,,
YBR122C,,,,,1.65E-05,1.83E-05,,,,
YBR151W,,,,,5.56E-06,1.17E-05,,,,
YBR171W,,,,,3.15E-05,3.25E-05,,,,
YBR176W,,,9.13E-06,9.82E-06,,,,,,
YBR179C,,,,,1.48E-05,2.05E-05,,,,
YBR199W,,,8.38E-06,1.04E-05,,,,,,
YBR233W,,,,,6.91E-06,6.19E-06,,,,
YBR241C,3.35E-05,3.14E-05,,,,,,,,
YBR251W,,,,,4.74E-05,3.94E-05,,,,
YBR261C,,,1.00E-05,1.15E-05,,,,,,
YBR262C,,,,,4.02E-05,4.06E-05,,,,
YBR288C,,,,,1.29E-05,1.19E-05,,,,
YBR298C,,,,,,,0.000648324,0.000524389,,
YCL001W,2.34E-05,2.31E-05,,,,,,,,
YCL039W,,,1.81E-05,3.02E-05,,,,,,
YCL052C,,,,,1.11E-05,9.87E-06,,,,
YCR016W,,,,,1.39E-05,5.44E-06,,,,
YCR024C,,,,,1.13E-05,1.20E-05,,,,
YCR072C,,,1.40E-05,1.60E-05,,,,,,
YDL006W,1.19E-05,1.38E-05,,,,,,,,
YDL027C,,,7.64E-06,7.14E-06,,,,,,
YDL119C,,,4.30E-06,4.68E-06,,,,,,
YDL121C,,,1.86E-05,1.81E-05,,,,,,
YDL128W,,,,,,,,,1.90E-05,2.01E-05
YDL148C,,,1.99E-05,1.62E-05,,,,,,
YDL164C,,,,,3.83E-06,6.70E-06,,,,
YDL167C,,,,,,,,,9.98E-06,1.11E-05
YDL173W,,,1.31E-05,1.21E-05,,,,,,
YDL218W,5.27E-05,3.26E-05,,,,,,,,
YDL235C,3.28E-05,3.51E-05,,,,,,,,
YDR009W,,,,,9.80E-05,5.00E-05,,,,
YDR040C,,,,,9.33E-06,1.03E-05,,,,
YDR057W,,,,,7.13E-06,7.16E-06,,,,
YDR059C,3.78E-05,3.53E-05,,,,,,,,
YDR084C,,,,,1.35E-05,1.13E-05,,,,
YDR093W,,,,,,,,,3.73E-06,3.20E-06
YDR107C,,,,,4.09E-06,4.47E-06,,,,
YDR115W,,,,,1.41E-05,1.34E-05,,,,
YDR186C,,,1.07E-05,8.62E-06,,,,,,
YDR216W,,,,,4.22E-05,3.01E-05,,,,
YDR229W,,,4.44E-06,5.02E-06,,,,,,
YDR251W,,,,,1.78E-05,1.65E-05,,,,
YDR266C,,,6.10E-06,5.12E-06,,,,,,
YDR287W,,,8.38E-06,7.24E-06,,,,,,
YDR329C,,,1.31E-05,9.96E-06,,,,,,
YDR331W,,,3.40E-05,3.45E-05,,,,,,
YDR375C,,,,,1.26E-05,1.42E-05,,,,
YDR411C,,,,,1.75E-05,1.88E-05,,,,
YDR462W,,,,,2.60E-05,2.10E-05,,,,
YDR484W,,,5.10E-06,5.64E-06,,,,,,
YDR486C,,,1.37E-05,1.15E-05,,,,,,
YDR493W,,,,,,,1.46E-05,1.44E-05,,
YDR518W,,,,,5.20E-06,5.91E-06,,,,
YDR530C,,,1.22E-05,1.52E-05,,,,,,
YDR531W,,,,,,,,,1.41E-05,1.24E-05
YEL017W,,,1.09E-05,9.20E-06,,,,,,
YEL063C,,,,,,,,,1.10E-05,9.02E-06
YER019W,,,,,9.45E-06,1.04E-05,,,,
YER072W,,,,,,,,,2.80E-05,2.87E-05
YER078C,,,,,9.84E-06,1.03E-05,,,,
YER101C,,,1.07E-05,1.00E-05,,,,,,
YER159C,,,,,2.12E-05,0.000115665,,,,
YFL002C,,,,,1.00E-05,1.49E-05,,,,
YFL029C,,,5.59E-06,5.22E-06,,,,,,
YFL042C,,,1.59E-05,1.40E-05,,,,,,
YGL013C,,,,,,,,,0.000310892,0.000710263
YGL038C,,,,,5.32E-06,8.59E-06,,,,
YGL044C,,,,,,,,,4.42E-06,5.30E-06
YGL064C,,,,,8.27E-06,7.82E-06,,,,
YGL084C,,,,,1.00E-05,1.05E-05,,,,
YGL086W,,,6.21E-05,5.86E-05,,,,,,
YGL143C,,,,,1.42E-05,1.47E-05,,,,
YGL145W,,,1.29E-05,1.47E-05,,,,,,
YGL150C,,,7.10E-06,7.20E-06,,,,,,
YGL157W,,,,,,,,,1.15E-05,2.32E-05
YGL164C,,,7.50E-06,7.05E-06,,,,,,
YGL172W,,,,,,,,,1.19E-05,1.23E-05
YGL197W,,,3.59E-06,4.67E-06,,,,,,
YGL208W,,,8.80E-06,6.10E-06,,,,,,
YGL241W,,,8.37E-06,1.06E-05,,,,,,
YGR008C,,,1.51E-05,1.60E-05,,,,,,
YGR009C,,,5.86E-06,6.77E-06,,,,,,
YGR030C,,,5.73E-06,5.59E-06,,,,,,
YGR074W,,,6.48E-06,7.33E-06,,,,,,
YGR076C,,,,,2.88E-05,2.85E-05,,,,
YGR097W,,,,,3.30E-06,5.79E-06,,,,
YGR106C,,,,,,,,,1.19E-05,1.15E-05
YGR121C,,,1.29E-05,1.30E-05,,,,,,
YGR152C,,,,,2.82E-05,2.79E-05,,,,
YGR174C,,,2.57E-05,2.61E-05,,,,,,
YGR198W,,,,,5.90E-06,6.19E-06,,,,
YGR202C,,,,,,,,,2.46E-05,1.95E-05
YGR241C,,,6.32E-06,7.59E-06,,,,,,
YGR243W,,,9.27E-06,7.55E-06,,,,,,
YGR271W,,,,,6.15E-06,6.90E-06,,,,
YGR286C,,,,,,,2.50E-05,2.22E-05,,
YGR289C,,,,,,,0.000539538,0.000493158,,
YHL038C,,,,,1.01E-05,1.49E-05,,,,
YHR011W,,,1.57E-05,1.08E-05,,,,,,
YHR017W,,,0.000237904,0.000149784,,,,,,
YHR077C,,,6.09E-06,5.12E-06,,,,,,
YHR083W,,,,,1.11E-05,1.13E-05,,,,
YHR133C,,,,,9.41E-06,1.01E-05,,,,
YHR210C,,,,,,,0.000587237,0.00068066,,
YIL004C,,,1.56E-05,1.58E-05,,,,,,
YIL026C,,,,,1.05E-05,6.27E-06,,,,
YIL064W,,,,,1.24E-05,1.25E-05,,,,
YIL068C,,,4.01E-06,3.66E-06,,,,,,
YIL106W,,,5.66E-06,5.16E-06,,,,,,
YIL145C,,,,,,,,,1.64E-05,1.61E-05
YIL149C,,,,,5.18E-06,5.82E-06,,,,
YIL153W,,,7.36E-06,8.19E-06,,,,,,
YIL157C,,,,,2.27E-05,2.34E-05,,,,
YJL005W,,,1.09E-05,9.39E-06,,,,,,
YJL006C,,,,,,,,,6.22E-06,6.00E-06
YJL030W,,,,,8.63E-06,1.01E-05,,,,
YJL031C,,,1.60E-05,1.78E-05,,,,,,
YJL102W,,,,,1.64E-05,1.45E-05,,,,
YJL112W,,,,,2.30E-05,2.82E-05,,,,
YJL134W,,,1.50E-05,1.03E-05,,,,,,
YJL164C,1.09E-05,1.04E-05,,,,,,,,
YJL216C,,,,,,,2.30E-05,2.90E-05,,
YJR003C,,,6.67E-06,7.14E-06,,,,,,
YJR034W,,,6.99E-06,6.25E-06,,,,,,
YJR075W,,,1.71E-05,1.58E-05,,,,,,
YJR078W,,,,,,,,,8.46E-06,8.33E-06
YJR122W,,,7.34E-06,7.96E-06,,,,,,
YJR134C,,,1.01E-05,1.06E-05,,,,,,
YKL003C,,,,,1.21E-05,1.18E-05,,,,
YKL010C,,,1.24E-05,1.29E-05,,,,,,
YKL019W,,,,,,,,,9.67E-06,8.01E-06
YKL026C,1.66E-05,1.87E-05,,,,,,,,
YKL028W,,,6.66E-06,7.25E-06,,,,,,
YKL033W-A,,,1.98E-05,1.56E-05,,,,,,
YKL063C,,,1.34E-05,1.27E-05,,,,,,
YKL122C,,,,,3.83E-05,3.71E-05,,,,
YKL167C,,,,,2.33E-05,2.41E-05,,,,
YKL188C,,,2.12E-05,1.82E-05,,,,,,
YKL190W,,,2.43E-05,2.25E-05,,,,,,
YKL194C,,,,,6.81E-06,9.07E-06,,,,
YKR007W,6.82E-06,7.79E-06,,,,,,,,
YKR028W,,,6.52E-06,5.66E-06,,,,,,
YLL015W,,,,,,,,,3.46E-06,8.44E-06
YLL019C,8.09E-05,0.000106836,,,,,,,,
YLR021W,,,,,4.77E-06,5.14E-06,,,,
YLR045C,,,2.74E-06,5.78E-06,,,,,,
YLR050C,,,,,,,,,1.28E-05,1.37E-05
YLR055C,,,,,,,,,6.56E-06,7.02E-06
YLR059C,,,3.05E-05,1.40E-05,,,,,,
YLR081W,,,,,0.001863888,0.001876901,,,,
YLR096W,,,1.06E-05,9.23E-06,,,,,,
YLR108C,,,,,,,,,5.03E-06,6.56E-06
YLR148W,,,4.45E-06,4.92E-06,,,,,,
YLR188W,,,,,8.02E-06,9.75E-06,,,,
YLR212C,,,,,9.35E-06,1.17E-05,,,,
YLR215C,,,,,,,,,6.89E-06,5.70E-06
YLR286C,,,,,,,2.23E-05,2.49E-05,,
YLR290C,,,3.90E-06,6.93E-06,,,,,,
YLR310C,,,3.13E-06,6.56E-06,,,,,,
YLR321C,,,,,,,,,8.84E-06,8.72E-06
YLR332W,,,,,2.28E-05,2.36E-05,,,,
YLR356W,6.64E-05,5.37E-05,,,,,,,,
YLR361C-A,1.72E-05,1.92E-05,,,,,,,,
YLR373C,,,,,1.12E-05,7.34E-06,,,,
YLR433C,,,9.78E-06,9.47E-06,,,,,,
YLR452C,,,,,,,2.47E-05,2.56E-05,,
YML049C,,,,,7.61E-06,3.91E-06,,,,
YML051W,,,,,6.84E-05,6.97E-05,,,,
YML059C,,,,,,,7.42E-06,7.71E-06,,
YML071C,,,6.34E-06,7.88E-06,,,,,,
YML080W,,,,,,,1.11E-05,1.15E-05,,
YML091C,,,,,5.34E-06,1.11E-05,,,,
YML116W,,,,,,,,,1.68E-05,1.50E-05
YML129C,,,4.74E-05,4.93E-05,,,,,,
YMR014W,,,,,,,,,1.21E-05,1.16E-05
YMR061W,,,,,1.65E-05,2.63E-05,,,,
YMR113W,,,,,8.18E-06,7.05E-06,,,,
YMR114C,7.61E-06,7.29E-06,,,,,,,,
YMR140W,,,6.12E-06,7.88E-06,,,,,,
YMR175W,,,2.74E-05,2.28E-05,,,,,,
YMR225C,,,,,8.66E-06,1.07E-05,,,,
YMR231W,,,9.00E-06,1.03E-05,,,,,,
YMR256C,,,,,4.48E-05,4.05E-05,,,,
YMR267W,1.36E-05,1.31E-05,,,,,,,,
YMR289W,,,1.25E-05,1.39E-05,,,,,,
YMR316W,,,,,9.54E-06,1.13E-05,,,,
YNL027W,,,8.26E-06,9.93E-06,,,,,,
YNL035C,,,1.84E-05,1.82E-05,,,,,,
YNL073W,,,,,2.24E-05,1.91E-05,,,,
YNL083W,,,,,4.85E-06,4.40E-06,,,,
YNL108C,,,,,,,8.80E-06,9.06E-06,,
YNL142W,,,1.45E-05,1.44E-05,,,,,,
YNL153C,,,7.92E-06,9.43E-06,,,,,,
YNL156C,,,,,,,,,1.46E-05,1.29E-05
YNL157W,,,6.95E-06,8.44E-06,,,,,,
YNL186W,,,,,,,,,6.60E-06,6.64E-06
YNL195C,,,1.89E-05,1.71E-05,,,,,,
YNL197C,,,,,1.01E-05,1.23E-05,,,,
YNL222W,,,6.52E-06,6.77E-06,,,,,,
YNL258C,,,1.12E-05,8.43E-06,,,,,,
YNL263C,,,,,1.92E-05,1.91E-05,,,,
YNL265C,,,,,2.40E-05,2.40E-05,,,,
YNL268W,,,,,1.86E-05,1.66E-05,,,,
YNL321W,,,7.71E-06,8.06E-06,,,,,,
YNL333W,,,,,1.80E-05,1.65E-05,,,,
YNL335W,,,2.62E-05,2.53E-05,,,,,,
YNR007C,,,1.63E-05,1.73E-05,,,,,,
YNR020C,,,,,6.37E-06,6.33E-06,,,,
YNR029C,,,,,1.35E-05,1.61E-05,,,,
YNR046W,,,,,,,,,2.77E-05,3.06E-05
YOL005C,,,2.00E-05,2.63E-05,,,,,,
YOL006C,,,,,7.33E-06,7.99E-06,,,,
YOL019W,,,,,1.85E-05,1.69E-05,,,,
YOL083W,1.22E-05,1.19E-05,,,,,,,,
YOL133W,1.73E-05,1.81E-05,,,,,,,,
YOL149W,,,3.14E-06,7.15E-06,,,,,,
YOL158C,,,,,,,2.01E-05,1.82E-05,,
YOR008C,,,9.08E-06,9.01E-06,,,,,,
YOR040W,1.62E-05,1.57E-05,,,,,,,,
YOR054C,,,7.20E-06,8.36E-06,,,,,,
YOR084W,3.55E-05,1.85E-05,,,,,,,,
YOR103C,,,,,,,,,3.01E-05,3.11E-05
YOR126C,,,1.83E-05,1.68E-05,,,,,,
YOR130C,,,7.37E-06,8.13E-06,,,,,,
YOR132W,,,1.44E-05,1.23E-05,,,,,,
YOR160W,,,,,7.23E-06,5.98E-06,,,,
YOR175C,,,1.69E-05,1.73E-05,,,,,,
YOR181W,,,8.74E-06,1.10E-05,,,,,,
YOR194C,,,1.29E-05,1.49E-05,,,,,,
YOR212W,,,,,,,,,1.12E-05,1.15E-05
YOR253W,,,,,,,,,1.37E-05,1.54E-05
YOR257W,,,1.46E-05,1.51E-05,,,,,,
YOR281C,,,1.17E-05,1.32E-05,,,,,,
YOR291W,,,,,1.55E-05,1.46E-05,,,,
YPL030W,,,,,,,,,1.38E-05,1.26E-05
YPL051W,,,7.64E-06,7.13E-06,,,,,,
YPL058C,,,1.53E-05,1.33E-05,,,,,,
YPL067C,,,,,3.56E-05,4.40E-05,,,,
YPL103C,,,,,8.36E-06,7.99E-06,,,,
YPL109C,,,1.75E-05,1.64E-05,,,,,,
YPL116W,,,7.28E-06,7.03E-06,,,,,,
YPL132W,,,,,1.21E-05,1.14E-05,,,,
YPL156C,,,7.79E-06,9.77E-06,,,,,,
YPL184C,,,,,1.28E-05,1.21E-05,,,,
YPL214C,,,9.80E-06,8.25E-06,,,,,,
YPL246C,,,,,3.86E-05,3.47E-05,,,,
YPL273W,,,1.01E-05,9.80E-06,,,,,,
YPR011C,,,9.97E-06,1.25E-05,,,,,,
YPR040W,,,1.13E-05,1.27E-05,,,,,,
YPR062W,,,2.72E-05,1.96E-05,,,,,,
YPR063C,,,,,2.90E-05,2.06E-05,,,,
YPR098C,,,1.19E-05,1.02E-05,,,,,,
YPR128C,,,8.03E-06,9.03E-06,,,,,,
YPR169W,,,5.94E-06,6.76E-06,,,,,,
Q0085,,,,,,,,,,
Q0275,,,,,,,,,,
YAL008W,,,,,,,,,,
YAL010C,,,,,,,,,,
YAL013W,,,,,,,,,,
YAL019W,,,,,,,,,,
YAL022C,,,,,,,,,,
YAL030W,,,,,,,,,,
YAL031C,,,,,,,,,,
YAL033W,,,,,,,,,,
YAL044W-A,,,,,,,,,,
YAL046C,,,,,,,,,,
YAL048C,,,,,,,,,,
YAR014C,,,,,,,,,,
YBL011W,,,,,,,,,,
YBL018C,,,,,,,,,,
YBL028C,,,,,,,,,,
YBL029C-A,,,,,,,,,,
YBL042C,,,,,,,,,,
YBL046W,,,,,,,,,,
YBL054W,,,,,,,,,,
YBL059C-A,,,,,,,,,,
YBL061C,,,,,,,,,,
YBL066C,,,,,,,,,,
YBL067C,,,,,,,,,,
YBL085W,,,,,,,,,,
YBL090W,,,,,,,,,,
YBL095W,,,,,,,,,,
YBL103C,,,,,,,,,,
YBR005W,,,,,,,,,,
YBR014C,,,,,,,,,,
YBR016W,,,,,,,,,,
YBR028C,,,,,,,,,,
YBR038W,,,,,,,,,,
YBR042C,,,,,,,,,,
YBR044C,,,,,,,,,,
YBR060C,,,,,,,,,,
YBR061C,,,,,,,,,,
YBR073W,,,,,,,,,,
YBR074W,,,,,,,,,,
YBR081C,,,,,,,,,,
YBR089C-A,,,,,,,,,,
YBR104W,,,,,,,,,,
YBR108W,,,,,,,,,,
YBR110W,,,,,,,,,,
YBR119W,,,,,,,,,,
YBR123C,,,,,,,,,,
YBR125C,,,,,,,,,,
YBR126W-A,,,,,,,,,,
YBR129C,,,,,,,,,,
YBR133C,,,,,,,,,,
YBR140C,,,,,,,,,,
YBR183W,,,,,,,,,,
YBR187W,,,,,,,,,,
YBR192W,,,,,,,,,,
YBR195C,,,,,,,,,,
YBR200W,,,,,,,,,,
YBR210W,,,,,,,,,,
YBR215W,,,,,,,,,,
YBR220C,,,,,,,,,,
YBR223C,,,,,,,,,,
YBR225W,,,,,,,,,,
YBR233W-A,,,,,,,,,,
YBR236C,,,,,,,,,,
YBR242W,,,,,,,,,,
YBR244W,,,,,,,,,,
YBR246W,,,,,,,,,,
YBR252W,,,,,,,,,,
YBR254C,,,,,,,,,,
YBR255C-A,,,,,,,,,,
YBR265W,,,,,,,,,,
YBR268W,,,,,,,,,,
YBR276C,,,,,,,,,,
YBR289W,,,,,,,,,,
YCL005W-A,,,,,,,,,,
YCL014W,,,,,,,,,,
YCL016C,,,,,,,,,,
YCL025C,,,,,,,,,,
YCL029C,,,,,,,,,,
YCL031C,,,,,,,,,,
YCL033C,,,,,,,,,,
YCL061C,,,,,,,,,,
YCR003W,,,,,,,,,,
YCR019W,,,,,,,,,,
YCR020W-B,,,,,,,,,,
YCR027C,,,,,,,,,,
YCR034W,,,,,,,,,,
YCR036W,,,,,,,,,,
YCR043C,,,,,,,,,,
YCR054C,,,,,,,,,,
YCR071C,,,,,,,,,,
YCR075W-A,,,,,,,,,,
YCR076C,,,,,,,,,,
YCR081W,,,,,,,,,,
YCR091W,,,,,,,,,,
YCR094W,,,,,,,,,,
YCR095C,,,,,,,,,,
YDL002C,,,,,,,,,,
YDL003W,,,,,,,,,,
YDL010W,,,,,,,,,,
YDL030W,,,,,,,,,,
YDL036C,,,,,,,,,,
YDL042C,,,,,,,,,,
YDL045W-A,,,,,,,,,,
YDL054C,,,,,,,,,,
YDL057W,,,,,,,,,,
YDL059C,,,,,,,,,,
YDL064W,,,,,,,,,,
YDL077C,,,,,,,,,,
YDL088C,,,,,,,,,,
YDL091C,,,,,,,,,,
YDL101C,,,,,,,,,,
YDL106C,,,,,,,,,,
YDL108W,,,,,,,,,,
YDL113C,,,,,,,,,,
YDL115C,,,,,,,,,,
YDL117W,,,,,,,,,,
YDL120W,,,,,,,,,,
YDL150W,,,,,,,,,,
YDL156W,,,,,,,,,,
YDL157C,,,,,,,,,,
YDL159W,,,,,,,,,,
YDL170W,,,,,,,,,,
YDL175C,,,,,,,,,,
YDL183C,,,,,,,,,,
YDL189W,,,,,,,,,,
YDL199C,,,,,,,,,,
YDL203C,,,,,,,,,,
YDL207W,,,,,,,,,,
YDL212W,,,,,,,,,,
YDL217C,,,,,,,,,,
YDL219W,,,,,,,,,,
YDL224C,,,,,,,,,,
YDL230W,,,,,,,,,,
YDL238C,,,,,,,,,,
YDR006C,,,,,,,,,,
YDR007W,,,,,,,,,,
YDR017C,,,,,,,,,,
YDR018C,,,,,,,,,,
YDR020C,,,,,,,,,,
YDR021W,,,,,,,,,,
YDR031W,,,,,,,,,,
YDR045C,,,,,,,,,,
YDR046C,,,,,,,,,,
YDR054C,,,,,,,,,,
YDR063W,,,,,,,,,,
YDR067C,,,,,,,,,,
YDR079W,,,,,,,,,,
YDR080W,,,,,,,,,,
YDR081C,,,,,,,,,,
YDR089W,,,,,,,,,,
YDR096W,,,,,,,,,,
YDR100W,,,,,,,,,,
YDR103W,,,,,,,,,,
YDR108W,,,,,,,,,,
YDR109C,,,,,,,,,,
YDR110W,,,,,,,,,,
YDR111C,,,,,,,,,,
YDR119W-A,,,,,,,,,,
YDR121W,,,,,,,,,,
YDR132C,,,,,,,,,,
YDR137W,,,,,,,,,,
YDR138W,,,,,,,,,,
YDR140W,,,,,,,,,,
YDR143C,,,,,,,,,,
YDR144C,,,,,,,,,,
YDR156W,,,,,,,,,,
YDR162C,,,,,,,,,,
YDR166C,,,,,,,,,,
YDR167W,,,,,,,,,,
YDR169C,,,,,,,,,,
YDR179C,,,,,,,,,,
YDR180W,,,,,,,,,,
YDR183W,,,,,,,,,,
YDR195W,,,,,,,,,,
YDR196C,,,,,,,,,,
YDR197W,,,,,,,,,,
YDR200C,,,,,,,,,,
YDR201W,,,,,,,,,,
YDR202C,,,,,,,,,,
YDR204W,,,,,,,,,,
YDR205W,,,,,,,,,,
YDR221W,,,,,,,,,,
YDR228C,,,,,,,,,,
YDR236C,,,,,,,,,,
YDR243C,,,,,,,,,,
YDR261C,,,,,,,,,,
YDR268W,,,,,,,,,,
YDR270W,,,,,,,,,,
YDR279W,,,,,,,,,,
YDR282C,,,,,,,,,,
YDR283C,,,,,,,,,,
YDR284C,,,,,,,,,,
YDR295C,,,,,,,,,,
YDR297W,,,,,,,,,,
YDR301W,,,,,,,,,,
YDR302W,,,,,,,,,,
YDR305C,,,,,,,,,,
YDR307W,,,,,,,,,,
YDR308C,,,,,,,,,,
YDR310C,,,,,,,,,,
YDR311W,,,,,,,,,,
YDR325W,,,,,,,,,,
YDR330W,,,,,,,,,,
YDR333C,,,,,,,,,,
YDR339C,,,,,,,,,,
YDR352W,,,,,,,,,,
YDR356W,,,,,,,,,,
YDR363W-A,,,,,,,,,,
YDR381C-A,,,,,,,,,,
YDR389W,,,,,,,,,,
YDR397C,,,,,,,,,,
YDR400W,,,,,,,,,,
YDR412W,,,,,,,,,,
YDR424C,,,,,,,,,,
YDR425W,,,,,,,,,,
YDR448W,,,,,,,,,,
YDR456W,,,,,,,,,,
YDR460W,,,,,,,,,,
YDR468C,,,,,,,,,,
YDR473C,,,,,,,,,,
YDR475C,,,,,,,,,,
YDR479C,,,,,,,,,,
YDR490C,,,,,,,,,,
YDR503C,,,,,,,,,,
YDR511W,,,,,,,,,,
YDR512C,,,,,,,,,,
YDR514C,,,,,,,,,,
YDR525W-A,,,,,,,,,,
YEL001C,,,,,,,,,,
YEL007W,,,,,,,,,,
YEL012W,,,,,,,,,,
YEL020C,,,,,,,,,,
YEL027W,,,,,,,,,,
YEL038W,,,,,,,,,,
YEL044W,,,,,,,,,,
YEL053C,,,,,,,,,,
YEL061C,,,,,,,,,,
YEL066W,,,,,,,,,,
YER002W,,,,,,,,,,
YER005W,,,,,,,,,,
YER016W,,,,,,,,,,
YER019C-A,,,,,,,,,,
YER027C,,,,,,,,,,
YER047C,,,,,,,,,,
YER050C,,,,,,,,,,
YER053C,,,,,,,,,,
YER054C,,,,,,,,,,
YER058W,,,,,,,,,,
YER068W,,,,,,,,,,
YER074W-A,,,,,,,,,,
YER077C,,,,,,,,,,
YER087C-B,,,,,,,,,,
YER113C,,,,,,,,,,
YER114C,,,,,,,,,,
YER118C,,,,,,,,,,
YER139C,,,,,,,,,,
YER148W,,,,,,,,,,
YER149C,,,,,,,,,,
YER157W,,,,,,,,,,
YER163C,,,,,,,,,,
YER171W,,,,,,,,,,
YER176W,,,,,,,,,,
YER183C,,,,,,,,,,
YFL010C,,,,,,,,,,
YFL013C,,,,,,,,,,
YFL021W,,,,,,,,,,
YFL034C-B,,,,,,,,,,
YFL036W,,,,,,,,,,
YFL046W,,,,,,,,,,
YFR003C,,,,,,,,,,
YFR013W,,,,,,,,,,
YFR017C,,,,,,,,,,
YFR020W,,,,,,,,,,
YFR021W,,,,,,,,,,
YFR031C,,,,,,,,,,
YFR039C,,,,,,,,,,
YFR041C,,,,,,,,,,
YFR042W,,,,,,,,,,
YFR045W,,,,,,,,,,
YGL004C,,,,,,,,,,
YGL005C,,,,,,,,,,
YGL028C,,,,,,,,,,
YGL035C,,,,,,,,,,
YGL039W,,,,,,,,,,
YGL041W-A,,,,,,,,,,
YGL054C,,,,,,,,,,
YGL057C,,,,,,,,,,
YGL059W,,,,,,,,,,
YGL073W,,,,,,,,,,
YGL083W,,,,,,,,,,
YGL094C,,,,,,,,,,
YGL098W,,,,,,,,,,
YGL108C,,,,,,,,,,
YGL110C,,,,,,,,,,
YGL117W,,,,,,,,,,
YGL119W,,,,,,,,,,
YGL121C,,,,,,,,,,
YGL122C,,,,,,,,,,
YGL126W,,,,,,,,,,
YGL133W,,,,,,,,,,
YGL136C,,,,,,,,,,
YGL139W,,,,,,,,,,
YGL141W,,,,,,,,,,
YGL160W,,,,,,,,,,
YGL161C,,,,,,,,,,
YGL178W,,,,,,,,,,
YGL181W,,,,,,,,,,
YGL198W,,,,,,,,,,
YGL211W,,,,,,,,,,
YGL212W,,,,,,,,,,
YGL224C,,,,,,,,,,
YGL233W,,,,,,,,,,
YGL248W,,,,,,,,,,
YGR002C,,,,,,,,,,
YGR004W,,,,,,,,,,
YGR010W,,,,,,,,,,
YGR017W,,,,,,,,,,
YGR021W,,,,,,,,,,
YGR026W,,,,,,,,,,
YGR036C,,,,,,,,,,
YGR040W,,,,,,,,,,
YGR047C,,,,,,,,,,
YGR063C,,,,,,,,,,
YGR081C,,,,,,,,,,
YGR092W,,,,,,,,,,
YGR102C,,,,,,,,,,
YGR104C,,,,,,,,,,
YGR113W,,,,,,,,,,
YGR120C,,,,,,,,,,
YGR122W,,,,,,,,,,
YGR134W,,,,,,,,,,
YGR136W,,,,,,,,,,
YGR147C,,,,,,,,,,
YGR150C,,,,,,,,,,
YGR154C,,,,,,,,,,
YGR156W,,,,,,,,,,
YGR163W,,,,,,,,,,
YGR166W,,,,,,,,,,
YGR169C,,,,,,,,,,
YGR171C,,,,,,,,,,
YGR183C,,,,,,,,,,
YGR195W,,,,,,,,,,
YGR196C,,,,,,,,,,
YGR203W,,,,,,,,,,
YGR215W,,,,,,,,,,
YGR222W,,,,,,,,,,
YGR223C,,,,,,,,,,
YGR227W,,,,,,,,,,
YGR252W,,,,,,,,,,
YGR255C,,,,,,,,,,
YGR257C,,,,,,,,,,
YGR262C,,,,,,,,,,
YGR268C,,,,,,,,,,
YGR270W,,,,,,,,,,
YGR274C,,,,,,,,,,
YGR276C,,,,,,,,,,
YGR278W,,,,,,,,,,
YGR280C,,,,,,,,,,
YGR281W,,,,,,,,,,
YGR283C,,,,,,,,,,
YHL017W,,,,,,,,,,
YHL018W,,,,,,,,,,
YHL020C,,,,,,,,,,
YHL023C,,,,,,,,,,
YHL029C,,,,,,,,,,
YHR012W,,,,,,,,,,
YHR026W,,,,,,,,,,
YHR038W,,,,,,,,,,
YHR041C,,,,,,,,,,
YHR046C,,,,,,,,,,
YHR050W,,,,,,,,,,
YHR055C,,,,,,,,,,
YHR057C,,,,,,,,,,
YHR059W,,,,,,,,,,
YHR060W,,,,,,,,,,
YHR067W,,,,,,,,,,
YHR072W-A,,,,,,,,,,
YHR081W,,,,,,,,,,
YHR082C,,,,,,,,,,
YHR085W,,,,,,,,,,
YHR086W,,,,,,,,,,
YHR102W,,,,,,,,,,
YHR105W,,,,,,,,,,
YHR109W,,,,,,,,,,
YHR110W,,,,,,,,,,
YHR115C,,,,,,,,,,
YHR116W,,,,,,,,,,
YHR127W,,,,,,,,,,
YHR132W-A,,,,,,,,,,
YHR144C,,,,,,,,,,
YHR156C,,,,,,,,,,
YHR161C,,,,,,,,,,
YHR168W,,,,,,,,,,
YHR171W,,,,,,,,,,
YHR172W,,,,,,,,,,
YHR176W,,,,,,,,,,
YHR178W,,,,,,,,,,
YHR181W,,,,,,,,,,
YHR186C,,,,,,,,,,
YHR192W,,,,,,,,,,
YHR195W,,,,,,,,,,
YHR202W,,,,,,,,,,
YHR206W,,,,,,,,,,
YHR207C,,,,,,,,,,
YIL002W-A,,,,,,,,,,
YIL003W,,,,,,,,,,
YIL007C,,,,,,,,,,
YIL008W,,,,,,,,,,
YIL016W,,,,,,,,,,
YIL020C,,,,,,,,,,
YIL044C,,,,,,,,,,
YIL046W,,,,,,,,,,
YIL061C,,,,,,,,,,
YIL079C,,,,,,,,,,
YIL084C,,,,,,,,,,
YIL088C,,,,,,,,,,
YIL090W,,,,,,,,,,
YIL097W,,,,,,,,,,
YIL098C,,,,,,,,,,
YIL103W,,,,,,,,,,
YIL104C,,,,,,,,,,
YIL123W,,,,,,,,,,
YIL127C,,,,,,,,,,
YIL131C,,,,,,,,,,
YIL135C,,,,,,,,,,
YIL146C,,,,,,,,,,
YIL154C,,,,,,,,,,
YIL156W,,,,,,,,,,
YIL156W-B,,,,,,,,,,
YIL164C,,,,,,,,,,
YIR009W,,,,,,,,,,
YIR024C,,,,,,,,,,
YIR032C,,,,,,,,,,
YJL003W,,,,,,,,,,
YJL011C,,,,,,,,,,
YJL024C,,,,,,,,,,
YJL048C,,,,,,,,,,
YJL049W,,,,,,,,,,
YJL057C,,,,,,,,,,
YJL061W,,,,,,,,,,
YJL062W,,,,,,,,,,
YJL070C,,,,,,,,,,
YJL071W,,,,,,,,,,
YJL073W,,,,,,,,,,
YJL084C,,,,,,,,,,
YJL085W,,,,,,,,,,
YJL098W,,,,,,,,,,
YJL116C,,,,,,,,,,
YJL126W,,,,,,,,,,
YJL127C-B,,,,,,,,,,
YJL133C-A,,,,,,,,,,
YJL139C,,,,,,,,,,
YJL141C,,,,,,,,,,
YJL143W,,,,,,,,,,
YJL151C,,,,,,,,,,
YJL165C,,,,,,,,,,
YJL168C,,,,,,,,,,
YJL174W,,,,,,,,,,
YJL182C,,,,,,,,,,
YJL184W,,,,,,,,,,
YJL192C,,,,,,,,,,
YJL201W,,,,,,,,,,
YJL204C,,,,,,,,,,
YJL207C,,,,,,,,,,
YJL218W,,,,,,,,,,
YJR001W,,,,,,,,,,
YJR010C-A,,,,,,,,,,
YJR022W,,,,,,,,,,
YJR024C,,,,,,,,,,
YJR040W,,,,,,,,,,
YJR049C,,,,,,,,,,
YJR050W,,,,,,,,,,
YJR052W,,,,,,,,,,
YJR066W,,,,,,,,,,
YJR084W,,,,,,,,,,
YJR086W,,,,,,,,,,
YJR091C,,,,,,,,,,
YJR092W,,,,,,,,,,
YJR093C,,,,,,,,,,
YJR097W,,,,,,,,,,
YJR100C,,,,,,,,,,
YJR102C,,,,,,,,,,
YJR118C,,,,,,,,,,
YJR129C,,,,,,,,,,
YJR149W,,,,,,,,,,
YJR158W,,,,,,,,,,
YKL002W,,,,,,,,,,
YKL006C-A,,,,,,,,,,
YKL008C,,,,,,,,,,
YKL011C,,,,,,,,,,
YKL012W,,,,,,,,,,
YKL017C,,,,,,,,,,
YKL020C,,,,,,,,,,
YKL032C,,,,,,,,,,
YKL034W,,,,,,,,,,
YKL038W,,,,,,,,,,
YKL041W,,,,,,,,,,
YKL045W,,,,,,,,,,
YKL052C,,,,,,,,,,
YKL053C-A,,,,,,,,,,
YKL055C,,,,,,,,,,
YKL058W,,,,,,,,,,
YKL059C,,,,,,,,,,
YKL064W,,,,,,,,,,
YKL065W-A,,,,,,,,,,
YKL069W,,,,,,,,,,
YKL074C,,,,,,,,,,
YKL078W,,,,,,,,,,
YKL082C,,,,,,,,,,
YKL088W,,,,,,,,,,
YKL091C,,,,,,,,,,
YKL092C,,,,,,,,,,
YKL093W,,,,,,,,,,
YKL095W,,,,,,,,,,
YKL099C,,,,,,,,,,
YKL101W,,,,,,,,,,
YKL116C,,,,,,,,,,
YKL128C,,,,,,,,,,
YKL134C,,,,,,,,,,
YKL137W,,,,,,,,,,
YKL138C,,,,,,,,,,
YKL139W,,,,,,,,,,
YKL144C,,,,,,,,,,
YKL146W,,,,,,,,,,
YKL154W,,,,,,,,,,
YKL160W,,,,,,,,,,
YKL166C,,,,,,,,,,
YKL186C,,,,,,,,,,
YKL189W,,,,,,,,,,
YKL197C,,,,,,,,,,
YKL198C,,,,,,,,,,
YKL207W,,,,,,,,,,
YKR013W,,,,,,,,,,
YKR023W,,,,,,,,,,
YKR025W,,,,,,,,,,
YKR027W,,,,,,,,,,
YKR030W,,,,,,,,,,
YKR055W,,,,,,,,,,
YKR062W,,,,,,,,,,
YKR068C,,,,,,,,,,
YKR079C,,,,,,,,,,
YKR087C,,,,,,,,,,
YKR089C,,,,,,,,,,
YKR093W,,,,,,,,,,
YKR095W-A,,,,,,,,,,
YLL009C,,,,,,,,,,
YLL012W,,,,,,,,,,
YLL014W,,,,,,,,,,
YLL022C,,,,,,,,,,
YLL031C,,,,,,,,,,
YLL032C,,,,,,,,,,
YLL038C,,,,,,,,,,
YLL055W,,,,,,,,,,
YLL060C,,,,,,,,,,
YLR001C,,,,,,,,,,
YLR005W,,,,,,,,,,
YLR011W,,,,,,,,,,
YLR015W,,,,,,,,,,
YLR018C,,,,,,,,,,
YLR026C,,,,,,,,,,
YLR034C,,,,,,,,,,
YLR039C,,,,,,,,,,
YLR051C,,,,,,,,,,
YLR052W,,,,,,,,,,
YLR057W,,,,,,,,,,
YLR063W,,,,,,,,,,
YLR071C,,,,,,,,,,
YLR072W,,,,,,,,,,
YLR078C,,,,,,,,,,
YLR079W,,,,,,,,,,
YLR084C,,,,,,,,,,
YLR086W,,,,,,,,,,
YLR092W,,,,,,,,,,
YLR095C,,,,,,,,,,
YLR103C,,,,,,,,,,
YLR107W,,,,,,,,,,
YLR115W,,,,,,,,,,
YLR117C,,,,,,,,,,
YLR118C,,,,,,,,,,
YLR132C,,,,,,,,,,
YLR139C,,,,,,,,,,
YLR146C,,,,,,,,,,
YLR151C,,,,,,,,,,
YLR182W,,,,,,,,,,
YLR187W,,,,,,,,,,
YLR191W,,,,,,,,,,
YLR201C,,,,,,,,,,
YLR207W,,,,,,,,,,
YLR214W,,,,,,,,,,
YLR221C,,,,,,,,,,
YLR226W,,,,,,,,,,
YLR239C,,,,,,,,,,
YLR241W,,,,,,,,,,
YLR243W,,,,,,,,,,
YLR245C,,,,,,,,,,
YLR260W,,,,,,,,,,
YLR262C-A,,,,,,,,,,
YLR271W,,,,,,,,,,
YLR272C,,,,,,,,,,
YLR275W,,,,,,,,,,
YLR284C,,,,,,,,,,
YLR285W,,,,,,,,,,
YLR309C,,,,,,,,,,
YLR326W,,,,,,,,,,
YLR336C,,,,,,,,,,
YLR352W,,,,,,,,,,
YLR363W-A,,,,,,,,,,
YLR371W,,,,,,,,,,
YLR377C,,,,,,,,,,
YLR386W,,,,,,,,,,
YLR390W,,,,,,,,,,
YLR392C,,,,,,,,,,
YLR393W,,,,,,,,,,
YLR395C,,,,,,,,,,
YLR396C,,,,,,,,,,
YLR403W,,,,,,,,,,
YLR404W,,,,,,,,,,
YLR407W,,,,,,,,,,
YLR412W,,,,,,,,,,
YLR413W,,,,,,,,,,
YLR422W,,,,,,,,,,
YLR431C,,,,,,,,,,
YLR438C-A,,,,,,,,,,
YLR450W,,,,,,,,,,
YLR455W,,,,,,,,,,
YLR459W,,,,,,,,,,
YML007W,,,,,,,,,,
YML011C,,,,,,,,,,
YML013W,,,,,,,,,,
YML014W,,,,,,,,,,
YML018C,,,,,,,,,,
YML019W,,,,,,,,,,
YML029W,,,,,,,,,,
YML032C,,,,,,,,,,
YML046W,,,,,,,,,,
YML050W,,,,,,,,,,
YML058W,,,,,,,,,,
YML062C,,,,,,,,,,
YML065W,,,,,,,,,,
YML067C,,,,,,,,,,
YML077W,,,,,,,,,,
YML097C,,,,,,,,,,
YML101C,,,,,,,,,,
YML102W,,,,,,,,,,
YML109W,,,,,,,,,,
YML111W,,,,,,,,,,
YML114C,,,,,,,,,,
YML117W,,,,,,,,,,
YML121W,,,,,,,,,,
YML123C,,,,,,,,,,
YMR002W,,,,,,,,,,
YMR003W,,,,,,,,,,
YMR005W,,,,,,,,,,
YMR016C,,,,,,,,,,
YMR020W,,,,,,,,,,
YMR040W,,,,,,,,,,
YMR044W,,,,,,,,,,
YMR060C,,,,,,,,,,
YMR073C,,,,,,,,,,
YMR087W,,,,,,,,,,
YMR088C,,,,,,,,,,
YMR098C,,,,,,,,,,
YMR112C,,,,,,,,,,
YMR117C,,,,,,,,,,
YMR123W,,,,,,,,,,
YMR124W,,,,,,,,,,
YMR132C,,,,,,,,,,
YMR134W,,,,,,,,,,
YMR160W,,,,,,,,,,
YMR161W,,,,,,,,,,
YMR165C,,,,,,,,,,
YMR192W,,,,,,,,,,
YMR194C-B,,,,,,,,,,
YMR198W,,,,,,,,,,
YMR200W,,,,,,,,,,
YMR211W,,,,,,,,,,
YMR213W,,,,,,,,,,
YMR216C,,,,,,,,,,
YMR218C,,,,,,,,,,
YMR219W,,,,,,,,,,
YMR221C,,,,,,,,,,
YMR228W,,,,,,,,,,
YMR233W,,,,,,,,,,
YMR236W,,,,,,,,,,
YMR239C,,,,,,,,,,
YMR240C,,,,,,,,,,
YMR244C-A,,,,,,,,,,
YMR244W,,,,,,,,,,
YMR258C,,,,,,,,,,
YMR265C,,,,,,,,,,
YMR269W,,,,,,,,,,
YMR271C,,,,,,,,,,
YMR273C,,,,,,,,,,
YMR277W,,,,,,,,,,
YMR280C,,,,,,,,,,
YMR282C,,,,,,,,,,
YMR285C,,,,,,,,,,
YMR287C,,,,,,,,,,
YMR288W,,,,,,,,,,
YMR293C,,,,,,,,,,
YMR294W,,,,,,,,,,
YMR298W,,,,,,,,,,
YMR306W,,,,,,,,,,
YMR312W,,,,,,,,,,
YMR313C,,,,,,,,,,
YNL020C,,,,,,,,,,
YNL021W,,,,,,,,,,
YNL022C,,,,,,,,,,
YNL024C-A,,,,,,,,,,
YNL032W,,,,,,,,,,
YNL040W,,,,,,,,,,
YNL041C,,,,,,,,,,
YNL070W,,,,,,,,,,
YNL072W,,,,,,,,,,
YNL074C,,,,,,,,,,
YNL080C,,,,,,,,,,
YNL090W,,,,,,,,,,
YNL116W,,,,,,,,,,
YNL119W,,,,,,,,,,
YNL124W,,,,,,,,,,
YNL127W,,,,,,,,,,
YNL129W,,,,,,,,,,
YNL130C,,,,,,,,,,
YNL133C,,,,,,,,,,
YNL147W,,,,,,,,,,
YNL149C,,,,,,,,,,
YNL151C,,,,,,,,,,
YNL155W,,,,,,,,,,
YNL191W,,,,,,,,,,
YNL193W,,,,,,,,,,
YNL199C,,,,,,,,,,
YNL201C,,,,,,,,,,
YNL207W,,,,,,,,,,
YNL215W,,,,,,,,,,
YNL218W,,,,,,,,,,
YNL221C,,,,,,,,,,
YNL223W,,,,,,,,,,
YNL224C,,,,,,,,,,
YNL225C,,,,,,,,,,
YNL233W,,,,,,,,,,
YNL236W,,,,,,,,,,
YNL238W,,,,,,,,,,
YNL253W,,,,,,,,,,
YNL259C,,,,,,,,,,
YNL261W,,,,,,,,,,
YNL262W,,,,,,,,,,
YNL264C,,,,,,,,,,
YNL272C,,,,,,,,,,
YNL273W,,,,,,,,,,
YNL278W,,,,,,,,,,
YNL286W,,,,,,,,,,
YNL298W,,,,,,,,,,
YNL305C,,,,,,,,,,
YNR008W,,,,,,,,,,
YNR012W,,,,,,,,,,
YNR013C,,,,,,,,,,
YNR015W,,,,,,,,,,
YNR018W,,,,,,,,,,
YNR023W,,,,,,,,,,
YNR027W,,,,,,,,,,
YNR030W,,,,,,,,,,
YNR032C-A,,,,,,,,,,
YNR036C,,,,,,,,,,
YNR041C,,,,,,,,,,
YNR047W,,,,,,,,,,
YNR048W,,,,,,,,,,
YNR054C,,,,,,,,,,
YNR064C,,,,,,,,,,
YNR066C,,,,,,,,,,
YOL009C,,,,,,,,,,
YOL018C,,,,,,,,,,
YOL025W,,,,,,,,,,
YOL031C,,,,,,,,,,
YOL033W,,,,,,,,,,
YOL042W,,,,,,,,,,
YOL045W,,,,,,,,,,
YOL051W,,,,,,,,,,
YOL053W,,,,,,,,,,
YOL065C,,,,,,,,,,
YOL066C,,,,,,,,,,
YOL069W,,,,,,,,,,
YOL070C,,,,,,,,,,
YOL080C,,,,,,,,,,
YOL093W,,,,,,,,,,
YOL102C,,,,,,,,,,
YOL107W,,,,,,,,,,
YOL115W,,,,,,,,,,
YOL119C,,,,,,,,,,
YOL125W,,,,,,,,,,
YOL135C,,,,,,,,,,
YOL141W,,,,,,,,,,
YOL144W,,,,,,,,,,
YOR002W,,,,,,,,,,
YOR017W,,,,,,,,,,
YOR022C,,,,,,,,,,
YOR026W,,,,,,,,,,
YOR036W,,,,,,,,,,
YOR038C,,,,,,,,,,
YOR045W,,,,,,,,,,
YOR052C,,,,,,,,,,
YOR059C,,,,,,,,,,
YOR067C,,,,,,,,,,
YOR075W,,,,,,,,,,
YOR076C,,,,,,,,,,
YOR081C,,,,,,,,,,
YOR090C,,,,,,,,,,
YOR093C,,,,,,,,,,
YOR106W,,,,,,,,,,
YOR110W,,,,,,,,,,
YOR115C,,,,,,,,,,
YOR118W,,,,,,,,,,
YOR119C,,,,,,,,,,
YOR125C,,,,,,,,,,
YOR127W,,,,,,,,,,
YOR131C,,,,,,,,,,
YOR137C,,,,,,,,,,
YOR149C,,,,,,,,,,
YOR150W,,,,,,,,,,
YOR152C,,,,,,,,,,
YOR163W,,,,,,,,,,
YOR195W,,,,,,,,,,
YOR205C,,,,,,,,,,
YOR214C,,,,,,,,,,
YOR216C,,,,,,,,,,
YOR221C,,,,,,,,,,
YOR223W,,,,,,,,,,
YOR229W,,,,,,,,,,
YOR238W,,,,,,,,,,
YOR245C,,,,,,,,,,
YOR250C,,,,,,,,,,
YOR262W,,,,,,,,,,
YOR264W,,,,,,,,,,
YOR266W,,,,,,,,,,
YOR274W,,,,,,,,,,
YOR275C,,,,,,,,,,
YOR287C,,,,,,,,,,
YOR288C,,,,,,,,,,
YOR290C,,,,,,,,,,
YOR296W,,,,,,,,,,
YOR299W,,,,,,,,,,
YOR301W,,,,,,,,,,
YOR304W,,,,,,,,,,
YOR311C,,,,,,,,,,
YOR322C,,,,,,,,,,
YOR327C,,,,,,,,,,
YOR348C,,,,,,,,,,
YOR350C,,,,,,,,,,
YOR353C,,,,,,,,,,
YOR357C,,,,,,,,,,
YOR360C,,,,,,,,,,
YOR367W,,,,,,,,,,
YOR385W,,,,,,,,,,
YPL007C,,,,,,,,,,
YPL011C,,,,,,,,,,
YPL040C,,,,,,,,,,
YPL044C,,,,,,,,,,
YPL045W,,,,,,,,,,
YPL055C,,,,,,,,,,
YPL065W,,,,,,,,,,
YPL070W,,,,,,,,,,
YPL087W,,,,,,,,,,
YPL092W,,,,,,,,,,
YPL096W,,,,,,,,,,
YPL098C,,,,,,,,,,
YPL099C,,,,,,,,,,
YPL100W,,,,,,,,,,
YPL122C,,,,,,,,,,
YPL124W,,,,,,,,,,
YPL137C,,,,,,,,,,
YPL144W,,,,,,,,,,
YPL146C,,,,,,,,,,
YPL161C,,,,,,,,,,
YPL175W,,,,,,,,,,
YPL180W,,,,,,,,,,
YPL206C,,,,,,,,,,
YPL208W,,,,,,,,,,
YPL213W,,,,,,,,,,
YPL221W,,,,,,,,,,
YPL223C,,,,,,,,,,
YPL224C,,,,,,,,,,
YPL227C,,,,,,,,,,
YPL234C,,,,,,,,,,
YPL236C,,,,,,,,,,
YPR008W,,,,,,,,,,
YPR010C-A,,,,,,,,,,
YPR030W,,,,,,,,,,
YPR032W,,,,,,,,,,
YPR037C,,,,,,,,,,
YPR047W,,,,,,,,,,
YPR048W,,,,,,,,,,
YPR049C,,,,,,,,,,
YPR052C,,,,,,,,,,
YPR055W,,,,,,,,,,
YPR057W,,,,,,,,,,
YPR067W,,,,,,,,,,
YPR070W,,,,,,,,,,
YPR073C,,,,,,,,,,
YPR079W,,,,,,,,,,
YPR105C,,,,,,,,,,
YPR115W,,,,,,,,,,
YPR131C,,,,,,,,,,
YPR161C,,,,,,,,,,
YPR166C,,,,,,,,,,
YPR170W-B,,,,,,,,,,
YPR175W,,,,,,,,,,
YPR178W,,,,,,,,,,
YPR182W,,,,,,,,,,
YPR193C,,,,,,,,,,