Protein,MW,Rxn,0.05213,0.39457,0.28828,0.18299
AOX1,40814.0,AOX1_translation_Ribosome,0.0,0.0,0.0,0.0
GFP,26886.0,GFP_translation_Ribosome,0.0,0.0,0.0,0.0
HBA,15258.0,HBA_translation_Ribosome,0.0,0.0,0.0,0.0
HBB,15998.0,HBB_translation_Ribosome,0.0,0.0,0.0,0.0
mCherry,26722.0,mCherry_translation_Ribosome,0.0,0.0,0.0,0.0
mCherry1,26722.0,mCherry1_translation_Ribosome,0.0,0.0,0.0,0.0
NOX1,50255.0,NOX1_translation_Ribosome,0.0,0.0,0.0,0.0
Q0045,58795.3,Q0045_translation_mitochondrion_Ribosome,4.5092321541292494e-05,5.8034468472584944e-05,7.30296898430739e-05,0.00011937022788211817
Q0080,5825.3,Q0080_translation_mitochondrion_Ribosome,0.00011159975240235502,0.0001420768281078337,0.00017975106044029683,0.0002951454885880447
Q0085,29100.1,Q0085_translation_mitochondrion_Ribosome,0.0005574929969072444,0.000709740254685728,0.0008979406784060361,0.0014743898567388734
Q0105,43661.2,Q0105_translation_mitochondrion_Ribosome,0.0009141526736847677,0.0011765276815811339,0.0014805244872407104,0.0024199821443407206
Q0130,7760.5,Q0130_translation_mitochondrion_Ribosome,0.0014867386718597773,0.001892756123342735,0.0023946545320359873,0.003931946104385219
Q0140,47155.2,Q0140_translation_mitochondrion_Ribosome,1.3697454179332463e-05,8.162519257696366e-05,7.771304389116832e-05,8.655006992498317e-05
Q0250,28550.2,Q0250_translation_mitochondrion_Ribosome,2.189621956973106e-05,2.8180750532542478e-05,3.5462226588821355e-05,5.7964563155219034e-05
Q0275,30356.9,Q0275_translation_mitochondrion_Ribosome,2.328184558624349e-05,2.9964071209355405e-05,3.7706330124979546e-05,6.163264871162615e-05
YAL003W,22603.0,YAL003W_translation_Ribosome,0.0005164767743702394,0.002358755889043622,0.0017840232917638093,0.001216204269111008
YAL005C,69636.8,YAL005C_translation_Ribosome,9.603533122284731e-05,0.0012154572556901007,0.0008908094791717635,0.00035468984171603047
YAL012W,42535.4,YAL012W_translation_Ribosome,7.826409895335404e-05,0.0,0.0,0.0
YAL022C,58298.6,YAL022C_translation_Ribosome,0.0,0.0,0.0,0.0
YAL023C,86871.5,YAL023C_translation_Ribosome,0.0,0.0,0.0,0.0
YAL025C,35680.9,YAL025C_translation_Ribosome,3.4472109522635756e-06,3.7064895637018376e-05,2.3052470164530944e-05,1.2349820685872174e-05
YAL033W,19574.8,YAL033W_translation_Ribosome,0.0,0.0,0.0,0.0
YAL035W,112251.6,YAL035W_translation_Ribosome,0.0018968490771043615,0.00208498648310142,0.001468726912430698,0.0018877541661169832
YAL038W,54546.3,YAL038W_translation_Ribosome,0.0,0.010847761736126863,0.0,0.0017498952763761548
YAL044C,18782.1,YAL044C_translation_Ribosome,0.0,0.0,0.0,0.0
YAL054C,79132.4,YAL054C_translation_Ribosome,0.0,6.357507518314656e-06,5.424663270130868e-06,0.0
YAL060W,41574.4,YAL060W_translation_Ribosome,0.0,0.0,0.0,0.0
YAL062W,49619.6,YAL062W_translation_Ribosome,0.0,0.0,0.0,0.0
YAR002W,59053.1,YAR002W_translation_Ribosome,0.0,0.0,0.0,0.0
YAR008W,31313.3,YAR008W_translation_Ribosome,0.0,0.0,0.0,0.0
YAR015W,34597.6,YAR015W_translation_Ribosome,2.077771393792634e-06,2.0613706092106866e-05,1.4192891985370663e-05,8.346168317171095e-06
YAR035W,77761.4,YAR035W_translation_Ribosome,0.0,0.0,0.0,0.0
YAR071W,52741.1,YAR071W_translation_Ribosome,0.0,0.0,0.0,0.0
YBL004W,287550.5,YBL004W_translation_Ribosome,2.7780892099943313e-05,0.0002987040481846717,0.00018577864689640547,9.952655659282379e-05
YBL011W,85693.2,YBL011W_translation_Ribosome,4.1192586317399763e-05,0.0,0.0,0.0
YBL013W,44635.5,YBL013W_translation_Ribosome,0.0,0.0,0.0,0.0
YBL015W,58705.5,YBL015W_translation_Ribosome,0.0,0.0,0.0,0.0
YBL018C,15503.5,YBL018C_translation_Ribosome,0.0,0.0,0.0,0.0
YBL024W,77878.6,YBL024W_translation_Ribosome,0.0,0.0,0.0,0.0
YBL027W,21736.8,YBL027W_translation_Ribosome,0.0,0.0,0.0,0.0
YBL030C,34446.7,YBL030C_translation_Ribosome,0.0,0.0,0.0014946498153050416,0.0
YBL033C,38325.5,YBL033C_translation_Ribosome,2.8101743775709363e-09,1.5177209975973135e-08,1.217098414954276e-08,8.552617720160692e-09
YBL038W,26545.5,YBL038W_translation_Ribosome,7.710830829208018e-06,4.5950002323217565e-05,4.374770134816539e-05,4.8722407734324973e-05
YBL039C,64693.8,YBL039C_translation_Ribosome,1.713301865964744e-05,0.00015601094253034386,0.00011515737730712792,6.809078723574044e-05
YBL041W,26866.3,YBL041W_translation_Ribosome,0.00019298839602844629,0.00022131577904754913,0.00021087133520597033,0.0002032719531473602
YBL042C,72166.6,YBL042C_translation_Ribosome,0.0,0.0,0.0,0.0
YBL045C,50227.3,YBL045C_translation_Ribosome,0.0010516298358031143,0.0013534627729214976,0.001703176907139184,0.002783917280295656
YBL064C,29501.1,YBL064C_translation_Ribosome,0.0,0.0,0.0,0.0
YBL068W,35714.4,YBL068W_translation_Ribosome,0.0,0.0,0.0,0.0
YBL072C,22517.2,YBL072C_translation_Ribosome,0.0013720805876752298,0.0032073676092109924,0.0026348169493235025,0.0020691537426163415
YBL075C,70527.4,YBL075C_translation_Ribosome,9.044973904329037e-05,0.0011577389732797614,0.0008566363761110048,0.00033481520625418926
YBL076C,122966.3,YBL076C_translation_Ribosome,1.8953300026748423e-05,9.632449606301828e-05,7.173030500363152e-05,4.702889545047246e-05
YBL079W,169454.3,YBL079W_translation_Ribosome,0.0,0.0,0.0,0.0
YBL087C,14485.3,YBL087C_translation_Ribosome,0.0,0.0,0.0,0.0
YBL090W,20413.2,YBL090W_translation_Ribosome,5.929544814857099e-06,3.533505066486993e-05,3.3641505232915934e-05,3.74670001907036e-05
YBL092W,14794.7,YBL092W_translation_Ribosome,0.0009015117630290942,0.002107368658980418,0.0017311800010727989,0.0013595166750699904
YBL098W,52435.1,YBL098W_translation_Ribosome,0.0,0.0,0.0,0.0
YBL099W,58614.7,YBL099W_translation_Ribosome,0.003368780667333005,0.004288770015188352,0.005426014702619538,0.008909342490485467
YBR002C,32695.0,YBR002C_translation_Ribosome,0.0,0.0,0.0,0.0
YBR003W,52567.2,YBR003W_translation_Ribosome,0.0,0.0,0.0,0.0
YBR004C,50779.0,YBR004C_translation_Ribosome,0.0,0.0,0.0,0.0
YBR006W,54186.7,YBR006W_translation_Ribosome,0.0,0.0,0.0,0.0
YBR011C,32291.7,YBR011C_translation_Ribosome,0.00010280979394535202,0.0004868786444657326,0.00038660494891465315,0.00027171363266145326
YBR018C,42385.5,YBR018C_translation_Ribosome,0.0026306296737940776,0.0018206102373795206,0.013835240105219415,0.011918201413424957
YBR019C,78182.9,YBR019C_translation_Ribosome,0.0,0.0,0.0,0.005544664566858503
YBR020W,57940.9,YBR020W_translation_Ribosome,0.0,0.0,0.0,0.0037590148701119913
YBR021W,71740.4,YBR021W_translation_Ribosome,0.0,0.0,0.0,0.0
YBR023C,131593.5,YBR023C_translation_Ribosome,0.0,4.591171478242081e-08,3.681775199656505e-08,0.0
YBR026C,42074.3,YBR026C_translation_Ribosome,0.0,0.0,0.0,0.0
YBR029C,51832.3,YBR029C_translation_Ribosome,3.15266993501312e-05,0.0001359906503559357,0.00011827624571461194,9.003610303652632e-05
YBR031W,39126.9,YBR031W_translation_Ribosome,0.0023841889731365334,0.00557326629016208,0.004578376498609319,0.0035954546556399257
YBR034C,39771.3,YBR034C_translation_Ribosome,0.0,0.0,0.0,0.0
YBR035C,26908.5,YBR035C_translation_Ribosome,0.0,0.0,0.0,0.0
YBR036C,45442.5,YBR036C_translation_Ribosome,2.5849791913764896e-07,1.0942022833141456e-06,9.526101172105057e-07,7.217111206137574e-07
YBR038W,109894.8,YBR038W_translation_Ribosome,3.5495847520934555e-09,0.0,0.0,1.0802974253935016e-08
YBR039W,34360.0,YBR039W_translation_Ribosome,0.0006582609466542356,0.0008380271940990448,0.0010602452125604862,0.0017408887075146715
YBR041W,77147.6,YBR041W_translation_Ribosome,3.7426796915408834e-07,1.5842482128519769e-06,1.3792430328004244e-06,1.0449343512285745e-06
YBR042C,45529.6,YBR042C_translation_Ribosome,0.0,0.0,0.0,0.0
YBR048W,17775.3,YBR048W_translation_Ribosome,0.0,0.0,0.0,0.0
YBR058CA,9581.3,YBR058CA_translation_Ribosome,0.0,0.0,0.0,0.0
YBR061C,34703.0,YBR061C_translation_Ribosome,0.0,0.0,0.0,0.0
YBR068C,67775.0,YBR068C_translation_Ribosome,0.0,0.0,0.0,0.0
YBR069C,68760.1,YBR069C_translation_Ribosome,0.0,0.0,0.0,0.0
YBR079C,110332.4,YBR079C_translation_Ribosome,0.0018644180672231774,0.0020493388303430785,0.0014436156383790405,0.001855478654715705
YBR082C,16453.9,YBR082C_translation_Ribosome,0.00011819311812242297,0.00013554183854384372,0.00012914528097823357,0.00012449114280311583
YBR084CA,21736.8,YBR084CA_translation_Ribosome,0.0013245270867682896,0.003096206821802777,0.0025434995942681645,0.0019974411149034023
YBR084W,106228.6,YBR084W_translation_Ribosome,0.0,0.0,0.0,0.0
YBR085W,33333.4,YBR085W_translation_Ribosome,0.0,0.0010577309466533646,0.0,0.002525063128426968
YBR091C,12283.1,YBR091C_translation_Ribosome,0.0,0.0,0.0,0.0
YBR092C,52745.8,YBR092C_translation_Ribosome,0.0,0.0,0.0,0.0
YBR093C,52832.8,YBR093C_translation_Ribosome,0.0,0.0,0.0,0.0
YBR097W,166364.6,YBR097W_translation_Ribosome,0.0,0.0,0.0,0.0
YBR110W,51938.5,YBR110W_translation_Ribosome,0.0,0.0,0.0,0.0
YBR115C,155321.8,YBR115C_translation_Ribosome,1.8942114176741272e-05,0.0001795910867713046,0.00012675617258957127,7.776126467819762e-05
YBR117C,75016.0,YBR117C_translation_Ribosome,0.0,0.0,0.0,0.0
YBR121C,75325.4,YBR121C_translation_Ribosome,1.132067699963557e-05,6.668870761150225e-05,6.373296626130002e-05,7.124042737989162e-05
YBR122C,20101.0,YBR122C_translation_Ribosome,5.8388582056435325e-06,3.479463550127126e-05,3.312699119622808e-05,3.689397893683172e-05
YBR126C,56136.2,YBR126C_translation_Ribosome,5.1236666825409284e-05,0.0,2.305250207495115e-05,6.883926018817944e-05
YBR127C,57728.7,YBR127C_translation_Ribosome,0.0,0.0,0.0,0.0
YBR132C,67261.4,YBR132C_translation_Ribosome,0.0,0.0,0.0,0.0
YBR142W,87054.1,YBR142W_translation_Ribosome,8.410489840767709e-06,9.043076635607739e-05,5.6243313452017546e-05,3.0131037192727336e-05
YBR143C,48988.8,YBR143C_translation_Ribosome,0.00019893089746521808,0.0010271620389602932,0.0007461282372452473,0.0004930726782714772
YBR145W,37642.5,YBR145W_translation_Ribosome,0.0,0.00010625242995498637,7.515321015242343e-05,4.3402178732560135e-06
YBR146W,31952.8,YBR146W_translation_Ribosome,9.281521738882972e-06,5.530998603278545e-05,5.26590778714908e-05,5.8647128509666006e-05
YBR149W,38874.8,YBR149W_translation_Ribosome,0.0,0.0,0.0,0.0
YBR153W,27114.5,YBR153W_translation_Ribosome,5.301742654687134e-12,2.863368983469022e-11,2.2962071795319758e-11,1.613557455299386e-11
YBR159W,38722.7,YBR159W_translation_Ribosome,2.0833484138816499e-10,1.732371918186495e-09,7.677503878401871e-10,5.81658731887434e-10
YBR161W,44393.4,YBR161W_translation_Ribosome,0.0,0.0,0.0,0.0
YBR166C,50917.7,YBR166C_translation_Ribosome,5.350751814172843e-07,8.73100905642401e-06,6.190091446647722e-06,3.6314558071807714e-06
YBR167C,15820.5,YBR167C_translation_Ribosome,0.0,0.0,0.0,0.0
YBR169C,77607.4,YBR169C_translation_Ribosome,5.880476285488569e-05,0.0008917645011451852,0.0005414673669485649,0.0002527896449108101
YBR176W,34468.3,YBR176W_translation_Ribosome,0.0,0.0,0.0,0.0
YBR180W,63416.4,YBR180W_translation_Ribosome,0.0,0.0,0.0,0.0
YBR181C,27023.9,YBR181C_translation_Ribosome,0.001646695352587206,0.003849305488007254,0.0031621618032803105,0.002483284059522932
YBR183W,36422.9,YBR183W_translation_Ribosome,0.0,0.0,0.0,0.0
YBR189W,22313.1,YBR189W_translation_Ribosome,0.0013596437994446986,0.003178295445307844,0.0026109344888329915,0.002050398556408998
YBR191W,18262.6,YBR191W_translation_Ribosome,0.0,0.0026013390519237147,0.0021369712050661447,0.0016781894347390079
YBR192W,42120.2,YBR192W_translation_Ribosome,3.272284974273893e-08,1.385133660826737e-07,1.2058943388361675e-07,9.136028884220869e-08
YBR196C,61289.6,YBR196C_translation_Ribosome,1.001647039084743e-05,0.00023652205694994917,0.00017454793226232872,3.571360035895041e-05
YBR199W,54525.2,YBR199W_translation_Ribosome,0.0,0.0,0.0,0.0
YBR204C,43282.2,YBR204C_translation_Ribosome,0.0,0.0,0.0,0.0
YBR205W,47490.8,YBR205W_translation_Ribosome,0.0,0.0,0.0,0.0
YBR208C,201800.7,YBR208C_translation_Ribosome,0.0,0.0,0.0,0.0
YBR213W,31914.1,YBR213W_translation_Ribosome,0.0,0.0,0.0,0.0
YBR218C,130152.0,YBR218C_translation_Ribosome,0.0005895670042979736,0.005000923903510628,0.0035963943300767196,0.0022544791855028425
YBR221C,40044.9,YBR221C_translation_Ribosome,3.109566580751761e-05,3.835305591212541e-05,4.936727415761844e-05,8.244816475293713e-05
YBR244W,18410.3,YBR244W_translation_Ribosome,0.0,0.0,0.0,0.0
YBR247C,55107.9,YBR247C_translation_Ribosome,5.324096545665774e-06,5.7245432774264245e-05,3.560373254542219e-05,1.9073865383860137e-05
YBR248C,61054.6,YBR248C_translation_Ribosome,8.214780354060635e-07,8.458250083658925e-06,6.2418921527688025e-06,3.8095791123748374e-06
YBR249C,39747.7,YBR249C_translation_Ribosome,0.0,0.0,0.0,0.0
YBR251W,34898.6,YBR251W_translation_Ribosome,1.0137205958682224e-05,6.0409137182461826e-05,5.7513835876856144e-05,6.405393827794215e-05
YBR252W,15307.5,YBR252W_translation_Ribosome,0.0,5.47392586195402e-06,0.0,0.0
YBR256C,26188.0,YBR256C_translation_Ribosome,2.4886028162958163e-06,1.34404639766047e-05,1.0778244109472273e-05,7.573931609002487e-06
YBR257W,32894.6,YBR257W_translation_Ribosome,0.0,0.0,0.0,0.0
YBR263W,53693.0,YBR263W_translation_Ribosome,0.0,0.0,0.0,0.0
YBR265W,35968.9,YBR265W_translation_Ribosome,1.467729857868242e-05,6.212790289088109e-05,5.4088416518072116e-05,4.0978161991173025e-05
YBR267W,45854.0,YBR267W_translation_Ribosome,4.43005672516932e-06,4.763259123340052e-05,2.962503655805771e-05,1.587091911162506e-05
YBR268W,11955.9,YBR268W_translation_Ribosome,3.472902085510845e-06,2.0695546619056216e-05,1.9703646288392782e-05,2.1944217838459096e-05
YBR282W,16509.4,YBR282W_translation_Ribosome,4.795584580879127e-06,2.8577610832530117e-05,2.7207937339187502e-05,3.0301848458272197e-05
YBR291C,32187.7,YBR291C_translation_Ribosome,1.960026970102105e-06,2.6680146083945944e-05,1.9219121427444732e-05,1.1194283194556445e-05
YBR293W,51697.6,YBR293W_translation_Ribosome,0.0,0.0,0.0,0.0
YBR294W,95946.6,YBR294W_translation_Ribosome,2.451869114639521e-06,2.4555799316377496e-05,1.790515960591488e-05,1.1117847493927979e-05
YBR296C,62649.9,YBR296C_translation_Ribosome,0.0,7.602988109740615e-05,0.0,3.5217287467932134e-05
YBR298C,68258.5,YBR298C_translation_Ribosome,0.0,0.0,0.0,0.0
YBR299W,68126.7,YBR299W_translation_Ribosome,0.0,0.0,0.0,0.0
YCL004W,59398.0,YCL004W_translation_Ribosome,4.008301136462311e-07,1.6966837761674896e-06,1.477129188567992e-06,1.1190943101618148e-06
YCL009C,33982.2,YCL009C_translation_Ribosome,1.0664623160174881e-05,0.00010050582895859582,1.1150689342551743e-05,4.4935545114346785e-05
YCL018W,38946.2,YCL018W_translation_Ribosome,1.8946098559126312e-05,0.00017715265767001296,0.00012847905795164926,7.971608476218384e-05
YCL025C,69669.0,YCL025C_translation_Ribosome,0.0,0.0,0.0,0.0
YCL030C,87696.9,YCL030C_translation_Ribosome,1.3957065093441842e-05,0.00014370724706702997,0.00010605091229173837,6.472545991293529e-05
YCL031C,34476.8,YCL031C_translation_Ribosome,3.330880178442832e-06,3.581409084127238e-05,2.2274533528260228e-05,1.1933059362927442e-05
YCL035C,12374.3,YCL035C_translation_Ribosome,0.0,0.0,0.0,0.0
YCL038C,58848.1,YCL038C_translation_Ribosome,0.0,0.0,0.0,0.0
YCL040W,55367.0,YCL040W_translation_Ribosome,8.442491035298842e-05,0.00131991724252442,0.0009842701281355503,0.0
YCL050C,36475.7,YCL050C_translation_Ribosome,2.7578519629242845e-05,0.00033786950388636777,0.00024110980813588556,0.0001449790075416569
YCL052C,47911.7,YCL052C_translation_Ribosome,0.0,0.0,0.0,0.0
YCL054W,96489.0,YCL054W_translation_Ribosome,9.322016473041884e-06,0.00010023162854973575,6.23389486729714e-05,3.339663091903847e-05
YCL059C,37173.7,YCL059C_translation_Ribosome,3.5914336739308834e-06,3.861559856791253e-05,2.4016928108742314e-05,1.2866506428660889e-05
YCL064C,39309.9,YCL064C_translation_Ribosome,3.874349649853104e-07,7.680429422299492e-06,5.438205788317531e-06,3.1788386670355632e-06
YCL069W,50236.8,YCL069W_translation_Ribosome,0.0,0.0,0.0,0.0
YCR003W,21455.4,YCR003W_translation_Ribosome,6.232278908778879e-06,3.713908872861924e-05,3.5359078996644544e-05,3.93798853629819e-05
YCR005C,51405.7,YCR005C_translation_Ribosome,0.0,0.0,0.0,0.0
YCR010C,30719.3,YCR010C_translation_Ribosome,0.0,0.0,0.0,0.0
YCR012W,44738.8,YCR012W_translation_Ribosome,2.7272405523757046e-05,0.0005521090154790926,0.00040584464198722265,9.985747785453374e-05
YCR024C,56791.5,YCR024C_translation_Ribosome,1.7234564315107786e-07,1.1316736415976905e-06,1.0463237720938185e-06,1.1310631080172175e-06
YCR024CA,4505.7,YCR024CA_translation_Ribosome,1.6446602482354153e-06,0.0002065001645507404,0.00031531422662468497,5.179284653005565e-06
YCR028C,58256.0,YCR028C_translation_Ribosome,0.0,0.0,0.0,0.0
YCR031C,14549.0,YCR031C_translation_Ribosome,0.0,0.0020723709584855457,0.0017024297779345407,0.0013369387757503222
YCR034W,40017.5,YCR034W_translation_Ribosome,3.4944811274795707e-07,3.5873756323752765e-06,1.2877775138551742e-06,1.463458138593748e-06
YCR036W,36913.3,YCR036W_translation_Ribosome,0.0,0.0,0.0,0.0
YCR037C,102531.5,YCR037C_translation_Ribosome,0.0,0.0,9.085916927521185e-05,0.0
YCR046C,19412.1,YCR046C_translation_Ribosome,5.638749284800397e-06,3.3602156301389374e-05,3.1991665379846726e-05,3.5629551192461614e-05
YCR048W,71619.6,YCR048W_translation_Ribosome,0.0,0.0,0.0,0.0
YCR053W,57465.6,YCR053W_translation_Ribosome,1.4893140162432689e-07,1.5860392516989253e-06,1.1370668724740394e-06,6.942110128863359e-07
YCR057C,103944.0,YCR057C_translation_Ribosome,1.0042260571400528e-05,0.00010797579411097362,6.715542373600453e-05,3.597694456620481e-05
YCR071C,16394.5,YCR071C_translation_Ribosome,4.762208887738067e-06,2.8378720050026946e-05,2.7018579034205327e-05,3.0090957548375082e-05
YCR072C,57039.7,YCR072C_translation_Ribosome,5.510732031810539e-06,5.9252163697295676e-05,3.6851816586571396e-05,1.9742497161673136e-05
YCR075C,30121.6,YCR075C_translation_Ribosome,0.0,0.0,0.0,0.0
YCR083W,14437.3,YCR083W_translation_Ribosome,0.0,0.0,0.0,0.0
YCR098C,57329.2,YCR098C_translation_Ribosome,0.0,0.0,0.0,0.0
YCR105W,39347.9,YCR105W_translation_Ribosome,0.0,0.0,0.0,0.0
YDL004W,17019.6,YDL004W_translation_Ribosome,0.00032605756716171206,0.0004151015026975583,0.0005251731495836569,0.0008623175042612544
YDL007W,48822.7,YDL007W_translation_Ribosome,0.0003507075616209907,0.00040218541018691725,0.00038320527714499317,0.00036939532376723346
YDL014W,34487.0,YDL014W_translation_Ribosome,3.3318656230844498e-06,3.582468648026964e-05,2.228112347402051e-05,1.1936589771941672e-05
YDL015C,36783.1,YDL015C_translation_Ribosome,9.84937183136275e-07,8.190072797587863e-06,3.6296660669551064e-06,2.7498871965655396e-06
YDL022W,42854.2,YDL022W_translation_Ribosome,5.814731602571733e-07,2.4613322295276913e-06,2.1428304614411376e-06,1.623439165375172e-06
YDL031W,112966.8,YDL031W_translation_Ribosome,1.0913973307908964e-05,0.00011734857171337964,7.298481222678053e-05,3.9099902845970375e-05
YDL042C,63270.6,YDL042C_translation_Ribosome,0.0,0.0,0.0,0.0
YDL045C,35535.4,YDL045C_translation_Ribosome,0.0,0.0,0.0,0.0
YDL045WA,10701.8,YDL045WA_translation_Ribosome,3.1086161258223946e-06,1.8524711716208386e-05,1.7636855598417675e-05,1.9642405043837896e-05
YDL052C,33904.4,YDL052C_translation_Ribosome,0.0,0.0,0.0,0.0
YDL055C,39562.2,YDL055C_translation_Ribosome,4.6267175615887275e-06,2.3314901796754097e-05,2.102339237058642e-05,1.4958234008394049e-05
YDL061C,6735.9,YDL061C_translation_Ribosome,0.0004104505724744453,0.000959466873273956,0.0007881914043019639,0.0006189762801276098
YDL066W,48196.9,YDL066W_translation_Ribosome,9.367721878884059e-06,9.565492218058607e-05,6.791396162672756e-05,4.1206602827527356e-05
YDL067C,6967.3,YDL067C_translation_Ribosome,5.343483779734896e-06,6.8771407270486085e-06,8.654088984045471e-06,1.4145487627804977e-05
YDL075W,12962.3,YDL075W_translation_Ribosome,0.0,0.0,0.0,0.0
YDL078C,37193.6,YDL078C_translation_Ribosome,0.0,0.0,0.0,0.0
YDL080C,68359.0,YDL080C_translation_Ribosome,0.0,0.0,0.0,0.0
YDL081C,10889.9,YDL081C_translation_Ribosome,0.0,0.0,0.0,0.0
YDL082W,22580.6,YDL082W_translation_Ribosome,0.0,0.0,0.0,0.0
YDL083C,15863.7,YDL083C_translation_Ribosome,0.0009666510409244284,0.002259637856493721,0.0018562674594968848,0.0014577493749996827
YDL085W,61664.8,YDL085W_translation_Ribosome,0.0004047061873849119,0.0014059026520221098,0.0012188635971395662,0.001206748536364714
YDL088C,58795.0,YDL088C_translation_Ribosome,0.0,0.0,0.0,0.0
YDL090C,48184.5,YDL090C_translation_Ribosome,0.0,0.0,0.0,0.0
YDL093W,84779.5,YDL093W_translation_Ribosome,2.6911923498679818e-05,0.00013600308727795967,0.00012269952071615142,8.721928797126191e-05
YDL095W,92666.0,YDL095W_translation_Ribosome,0.0,0.0,0.0,0.0
YDL097C,49767.3,YDL097C_translation_Ribosome,0.00035749289636706564,0.00040996671557278424,0.0003906193633137459,0.00037654222106768033
YDL100C,39337.1,YDL100C_translation_Ribosome,0.0,0.0,0.0,0.0
YDL103C,53476.5,YDL103C_translation_Ribosome,4.893151272705079e-10,2.642696656220955e-09,2.1192445229283717e-09,1.4892048200417385e-09
YDL112W,165023.2,YDL112W_translation_Ribosome,0.0,0.0,0.0,0.0
YDL116W,83590.5,YDL116W_translation_Ribosome,0.0,0.0,0.0,0.0
YDL119C,34222.1,YDL119C_translation_Ribosome,1.5657981483607212e-08,1.5178228781100687e-07,1.3998333681679257e-07,1.4559931075247693e-07
YDL130W,10650.6,YDL130W_translation_Ribosome,0.0006489919486922797,0.0015170798082649083,0.00124626425134852,0.0009787064488972698
YDL131W,48586.7,YDL131W_translation_Ribosome,0.0,0.0,0.0,0.0
YDL133CA,3354.4,YDL133CA_translation_Ribosome,0.00020439961999261852,0.0004778033640211639,0.00039251016888470846,0.0003082430015380357
YDL136W,13932.9,YDL136W_translation_Ribosome,0.0,0.0,0.0,0.0
YDL141W,76359.6,YDL141W_translation_Ribosome,1.9819592495392835e-08,8.389484694949459e-08,7.303867045848688e-08,5.533514682700886e-08
YDL142C,32035.0,YDL142C_translation_Ribosome,2.040643536596843e-07,8.637890875975147e-07,7.520128924314534e-07,5.697357791059147e-07
YDL143W,57606.3,YDL143W_translation_Ribosome,1.532306985275286e-05,0.0002475555446517078,0.00012609165051959782,5.6134586755989934e-05
YDL147W,51759.9,YDL147W_translation_Ribosome,0.00037180631793707274,0.00042638110167470916,0.00040625911357825624,0.00039161834594685725
YDL148C,94302.2,YDL148C_translation_Ribosome,9.110744870856682e-06,9.796000665177263e-05,6.092611598781503e-05,3.2639738915869684e-05
YDL153C,70198.8,YDL153C_translation_Ribosome,6.782061892938808e-06,7.292168067072091e-05,4.535355729776643e-05,2.4297105520415784e-05
YDL168W,41039.5,YDL168W_translation_Ribosome,0.0,0.0,0.0,0.0
YDL171C,238081.4,YDL171C_translation_Ribosome,0.0,0.0,0.0,0.0
YDL174C,65288.3,YDL174C_translation_Ribosome,0.0,0.0,0.0,0.0
YDL178W,59259.9,YDL178W_translation_Ribosome,0.0,0.0,0.0,0.0
YDL182W,47098.4,YDL182W_translation_Ribosome,0.00037909331361836695,0.003594201763605358,0.00253680328606429,0.0015562558235558178
YDL184C,3354.4,YDL184C_translation_Ribosome,0.0,0.0,0.0,0.0
YDL185W,118621.8,YDL185W_translation_Ribosome,0.0,0.0,0.0,0.0
YDL191W,13932.9,YDL191W_translation_Ribosome,0.0008489981711767095,0.001984613191798973,0.001630337745067301,0.0012803240269882235
YDL198C,33234.9,YDL198C_translation_Ribosome,0.0,0.0,0.0,0.0
YDL202W,28528.4,YDL202W_translation_Ribosome,8.286815702396941e-06,4.938238293788703e-05,4.7015574132753265e-05,5.236188193132231e-05
YDL205C,36670.0,YDL205C_translation_Ribosome,0.0,0.0,0.0,0.0
YDL210W,61871.5,YDL210W_translation_Ribosome,0.0,0.0,0.0,0.0
YDL213C,25238.4,YDL213C_translation_Ribosome,2.438337847352758e-06,2.6217350516531944e-05,1.6305851674158935e-05,8.735477927919876e-06
YDL215C,124306.9,YDL215C_translation_Ribosome,0.0,0.0,0.0,0.0
YDL217C,21863.2,YDL217C_translation_Ribosome,0.0,0.0,0.0,0.0
YDL229W,66590.2,YDL229W_translation_Ribosome,0.00038007046227489104,0.004438025970533692,0.002913179880795281,0.001421291539554642
YDL238C,55192.1,YDL238C_translation_Ribosome,0.0,0.0,0.0,0.0
YDL245C,62937.0,YDL245C_translation_Ribosome,0.0,0.0,0.0,0.0
YDL247W,68201.9,YDL247W_translation_Ribosome,0.0,0.0,0.0,0.0
YDR001C,85881.1,YDR001C_translation_Ribosome,0.0,0.0,0.0,0.0
YDR007W,24139.7,YDR007W_translation_Ribosome,3.4126136027262654e-07,3.611599147636318e-06,2.3451304899080402e-06,1.3219197713163228e-06
YDR012W,39096.8,YDR012W_translation_Ribosome,0.0,0.0,0.0,0.0
YDR017C,119538.6,YDR017C_translation_Ribosome,0.0,0.0,0.0,0.0
YDR019C,44475.5,YDR019C_translation_Ribosome,0.0,0.0,0.0,0.0
YDR021W,45223.0,YDR021W_translation_Ribosome,4.369094414496712e-06,4.697711591896175e-05,2.921736442327919e-05,1.565251831868583e-05
YDR023W,53302.0,YDR023W_translation_Ribosome,0.0,0.0,0.0,0.0
YDR025W,17775.3,YDR025W_translation_Ribosome,0.0010831339629307156,0.002531927658146135,0.002079950514242892,0.001633410393882377
YDR035W,41070.5,YDR035W_translation_Ribosome,1.8449507240025162e-06,2.5113713017686036e-05,1.8090736777162444e-05,1.0537049336321237e-05
YDR037W,67946.3,YDR037W_translation_Ribosome,0.00010264056228336953,0.0005087548001887061,0.00037867441921090477,0.0002537619152009359
YDR041W,23430.2,YDR041W_translation_Ribosome,6.80591092631556e-06,4.0557448322067856e-05,3.8613602762343325e-05,4.3004492576775006e-05
YDR044W,37707.9,YDR044W_translation_Ribosome,0.0,0.0,0.0,0.0
YDR046C,67369.6,YDR046C_translation_Ribosome,0.0,0.0,0.0,0.0
YDR047W,41348.5,YDR047W_translation_Ribosome,0.0,0.0,0.0,0.0
YDR050C,26792.7,YDR050C_translation_Ribosome,2.942520348083664e-05,0.0006218220444979517,0.0004569250709454508,0.00010786527481217668
YDR058C,37505.6,YDR058C_translation_Ribosome,0.0,0.0,0.0,0.0
YDR060W,116623.2,YDR060W_translation_Ribosome,1.1267226228262893e-05,0.0001211467966574588,7.53471139599092e-05,4.036545064201318e-05
YDR062W,63116.6,YDR062W_translation_Ribosome,2.3963404407048682e-05,0.00010143529164817751,8.830934329032427e-05,6.690442811310464e-05
YDR064W,17045.2,YDR064W_translation_Ribosome,0.0010386454813672136,0.002427931642145703,0.001994518939504422,0.0015663199409182342
YDR072C,60874.6,YDR072C_translation_Ribosome,2.147798182752969e-08,9.091468447816492e-08,7.915012567382589e-08,5.996527316343565e-08
YDR074W,102982.4,YDR074W_translation_Ribosome,9.399415916433657e-05,0.0,4.229003726086641e-05,0.0001262862863607293
YDR087C,33193.7,YDR087C_translation_Ribosome,3.2069170392605412e-06,3.448122178270438e-05,2.144555711600297e-05,1.1488954676048954e-05
YDR091C,68353.2,YDR091C_translation_Ribosome,0.00027756473766696766,0.0014331808960713613,0.0010410594386078414,0.0006879755248633552
YDR098C,28233.4,YDR098C_translation_Ribosome,0.0,0.0,0.0,0.0
YDR101C,65211.3,YDR101C_translation_Ribosome,6.300208446853799e-06,6.77407248374984e-05,4.213126764292034e-05,2.2570839348015773e-05
YDR115W,12053.6,YDR115W_translation_Ribosome,3.501281591340972e-06,2.0864664368843504e-05,1.9864658528573446e-05,2.212353935192253e-05
YDR116C,31016.5,YDR116C_translation_Ribosome,9.009549054044207e-06,5.3689259839071694e-05,5.1116030169534266e-05,5.692861537705789e-05
YDR120C,64071.2,YDR120C_translation_Ribosome,0.0,0.0,0.0,0.0
YDR127W,174730.6,YDR127W_translation_Ribosome,3.604552939224803e-05,0.000490656508572556,0.00035344585399763875,0.0002058664855481618
YDR135C,171136.0,YDR135C_translation_Ribosome,0.0,0.0,0.0,0.0
YDR147W,61643.5,YDR147W_translation_Ribosome,0.0,0.0,0.0,0.0
YDR148C,50436.3,YDR148C_translation_Ribosome,6.0526413313501625e-05,0.0,4.8826529138475504e-05,0.00014842429494706682
YDR158W,39541.1,YDR158W_translation_Ribosome,3.0775480172258272e-06,3.1365124160728826e-05,2.2435674833754786e-05,1.363305172982008e-05
YDR172W,76548.8,YDR172W_translation_Ribosome,0.0003108449581105372,0.001605020361551287,0.0011658832469307063,0.000770464306830697
YDR173C,40326.2,YDR173C_translation_Ribosome,0.0,0.0,0.0,0.0
YDR175C,37401.9,YDR175C_translation_Ribosome,1.0864354545627523e-05,6.474232513581402e-05,6.163934192439198e-05,6.8648570260061e-05
YDR178W,20252.8,YDR178W_translation_Ribosome,2.50682938432867e-05,2.4216149745381346e-06,2.169257867778282e-05,6.185538527705459e-05
YDR188W,59915.4,YDR188W_translation_Ribosome,1.5937282197530978e-05,0.00025747860008410416,0.0001311459280936618,5.83846943705782e-05
YDR191W,41780.0,YDR191W_translation_Ribosome,0.0,0.0,0.0,0.0
YDR192C,42786.8,YDR192C_translation_Ribosome,0.0,0.0,0.0,0.0
YDR196C,27344.1,YDR196C_translation_Ribosome,0.0,0.0,0.0,0.0
YDR204W,38643.8,YDR204W_translation_Ribosome,0.0,0.0,0.0,0.0
YDR208W,89341.7,YDR208W_translation_Ribosome,0.0,0.0,0.0,0.0
YDR211W,81114.8,YDR211W_translation_Ribosome,0.001370693455768157,0.0015066445518769893,0.0010613255379561053,0.0013641213277471847
YDR212W,60476.4,YDR212W_translation_Ribosome,1.6086506191909963e-05,0.0002598894242569743,0.0001323738739249597,5.8931362064391376e-05
YDR226W,24252.0,YDR226W_translation_Ribosome,8.986867906541228e-06,4.625253644667685e-05,3.521800315414557e-05,2.386538995746985e-05
YDR232W,59362.0,YDR232W_translation_Ribosome,0.0,0.0,0.0,0.0
YDR234W,75150.5,YDR234W_translation_Ribosome,6.0488364923823765e-05,0.0005734930690591809,0.0004047739102618071,0.000248317147225752
YDR236C,24530.2,YDR236C_translation_Ribosome,0.0,0.0,0.0,0.0
YDR237W,33114.5,YDR237W_translation_Ribosome,9.61896771557548e-06,5.7320877434299155e-05,5.4573590864508966e-05,6.07793475699574e-05
YDR256C,58555.1,YDR256C_translation_Ribosome,0.0,0.0,0.0,0.0
YDR258C,91340.3,YDR258C_translation_Ribosome,0.0011746721860981977,0.007563796376821343,0.006852993525219765,0.007361713000038586
YDR261C,63492.5,YDR261C_translation_Ribosome,0.0,0.0,0.0,0.0
YDR268W,43023.9,YDR268W_translation_Ribosome,2.4281449762721655e-08,1.4491082102954592e-07,1.378130495792696e-07,1.5335434076201726e-07
YDR272W,31320.9,YDR272W_translation_Ribosome,0.0,0.0,0.0,0.0
YDR284C,33509.2,YDR284C_translation_Ribosome,0.0,0.0,0.0,0.0
YDR287W,32085.9,YDR287W_translation_Ribosome,0.0,0.0,5.413468435028947e-07,0.0
YDR294C,65569.3,YDR294C_translation_Ribosome,0.0,0.0,0.0,0.0
YDR296W,26907.1,YDR296W_translation_Ribosome,7.815866953140197e-06,4.6575928406360674e-05,4.434362791980641e-05,4.9386099231442444e-05
YDR297W,40736.6,YDR297W_translation_Ribosome,0.0,0.0,0.0,0.0
YDR298C,22823.7,YDR298C_translation_Ribosome,0.0004372511748589138,0.0005566612709533868,0.0007042700424306392,0.0011563888705967
YDR300C,47158.6,YDR300C_translation_Ribosome,5.021423895177879e-07,5.268777697655954e-06,3.7869382519547176e-06,2.3160160755215405e-06
YDR302W,25272.2,YDR302W_translation_Ribosome,0.0,0.0,0.0,0.0
YDR305C,24788.6,YDR305C_translation_Ribosome,0.0,0.0,0.0,0.0
YDR312W,51864.8,YDR312W_translation_Ribosome,5.010773455741305e-06,5.38765389672018e-05,3.350845283020787e-05,1.7951368376599896e-05
YDR315C,32920.4,YDR315C_translation_Ribosome,0.0,0.0,0.0,0.0
YDR321W,41385.6,YDR321W_translation_Ribosome,0.0,0.0,0.0,0.0
YDR322CA,10874.6,YDR322CA_translation_Ribosome,0.00020833307597456784,0.00026522731446302304,0.00033555711840833126,0.0005509740494394369
YDR322W,42838.6,YDR322W_translation_Ribosome,1.2443585449892095e-05,7.415319995944277e-05,7.059917044220368e-05,7.862725267814332e-05
YDR324C,87796.4,YDR324C_translation_Ribosome,8.48220509150032e-06,9.12018587901628e-05,5.6722893524356836e-05,3.0387960978145382e-05
YDR337W,33076.9,YDR337W_translation_Ribosome,9.608045817732976e-06,5.725579219999002e-05,5.4511625048431253e-05,6.071033540100935e-05
YDR339C,21630.1,YDR339C_translation_Ribosome,2.0897319747695928e-06,2.2469091281841858e-05,1.3974626057801807e-05,7.486578433208906e-06
YDR341C,69520.6,YDR341C_translation_Ribosome,2.3096767476979782e-05,0.0001392848328123473,9.973122065688295e-05,6.302545317818907e-05
YDR342C,62737.6,YDR342C_translation_Ribosome,0.0,0.0,0.0,0.0
YDR343C,62707.6,YDR343C_translation_Ribosome,0.0,0.0,0.0,0.0
YDR345C,62558.2,YDR345C_translation_Ribosome,0.0,0.0,0.0,0.0
YDR347W,36736.3,YDR347W_translation_Ribosome,1.0671013715734664e-05,6.35901780093205e-05,6.054241513765453e-05,6.742690803527839e-05
YDR353W,34233.4,YDR353W_translation_Ribosome,2.7674504765287913e-06,3.09202868732035e-05,2.2273043897850387e-05,1.358408101031588e-05
YDR354W,41367.7,YDR354W_translation_Ribosome,1.3914503589104793e-05,0.00014725842170366672,9.561975194811398e-05,5.3899619305845525e-05
YDR363WA,10372.1,YDR363WA_translation_Ribosome,7.450579136117173e-05,8.544196230441424e-05,8.140974290802399e-05,7.847589825319211e-05
YDR365C,72384.6,YDR365C_translation_Ribosome,6.993236882904244e-06,7.519226378054704e-05,4.6765743909809055e-05,2.5053651405053767e-05
YDR367W,25486.0,YDR367W_translation_Ribosome,1.1210432574394665e-08,4.745291939201314e-08,4.131240794626055e-08,3.129887421462362e-08
YDR368W,34754.3,YDR368W_translation_Ribosome,0.0,0.0,0.0,0.0
YDR373W,22001.1,YDR373W_translation_Ribosome,0.0,0.0,0.0,0.0
YDR376W,56246.8,YDR376W_translation_Ribosome,0.0,0.0,0.0,0.0
YDR377W,11322.3,YDR377W_translation_Ribosome,0.00021691000920556606,0.00027614654539428443,0.0003493717802728053,0.0005736572821039978
YDR380W,71378.1,YDR380W_translation_Ribosome,0.0,0.0,0.0,0.0
YDR382W,11035.1,YDR382W_translation_Ribosome,0.0,0.0,0.0,0.0
YDR384C,30020.7,YDR384C_translation_Ribosome,0.0001807592739649967,0.0015838548432801239,0.0007581769906898645,0.0007081664464552205
YDR385W,93279.1,YDR385W_translation_Ribosome,0.0021314201072494374,0.00973422229127493,0.007362389374630162,0.005019087715738292
YDR394W,47886.3,YDR394W_translation_Ribosome,0.00034398112984433986,0.00039447165371505016,0.0003758555520884401,0.00036231046813295603
YDR399W,25184.9,YDR399W_translation_Ribosome,0.0,0.0,0.0,0.0
YDR400W,37949.6,YDR400W_translation_Ribosome,0.0,0.0,0.0,0.0
YDR402C,56079.7,YDR402C_translation_Ribosome,0.0,0.0,0.0,0.0
YDR403W,61382.2,YDR403W_translation_Ribosome,0.0,0.0,0.0,0.0
YDR405W,30576.6,YDR405W_translation_Ribosome,8.881768658807023e-06,5.2927797217460365e-05,5.039106308196545e-05,5.612120970896615e-05
YDR408C,23536.4,YDR408C_translation_Ribosome,1.9435446565452693e-06,1.928203384000743e-05,1.327601268431185e-05,7.806994977371513e-06
YDR412W,27983.9,YDR412W_translation_Ribosome,2.7035866967214585e-06,2.9069343346629674e-05,1.8079645407969457e-05,9.685746354250546e-06
YDR418W,17828.9,YDR418W_translation_Ribosome,0.0010864000670422122,0.0,0.0,0.0
YDR427W,45773.7,YDR427W_translation_Ribosome,0.0003288057135998366,0.00037706874692044676,0.00035927393188930093,0.00034632641643178716
YDR428C,29983.6,YDR428C_translation_Ribosome,0.0,5.223810923554035e-07,0.0,0.0
YDR429C,30500.9,YDR429C_translation_Ribosome,0.0005154100611113999,0.0005665305815010931,0.00039908110604532554,0.0005129388003851839
YDR447C,15820.7,YDR447C_translation_Ribosome,0.0009640308454618471,0.00225351290280516,0.0018512358779138767,0.0014537980128883855
YDR449C,52430.0,YDR449C_translation_Ribosome,5.065378682353284e-06,5.446366202222684e-05,3.38736133541014e-05,1.814699457021202e-05
YDR450W,17049.9,YDR450W_translation_Ribosome,0.0010389318748247516,0.002428601113827941,0.001995068903072797,0.0015667518339862133
YDR453C,21615.0,YDR453C_translation_Ribosome,0.0,0.0,0.0,0.0
YDR454C,20637.5,YDR454C_translation_Ribosome,2.5750433697931446e-08,1.3907312739208134e-07,1.115262180463994e-07,7.83700888187531e-08
YDR462W,17358.6,YDR462W_translation_Ribosome,5.042256805556131e-06,3.0047567773362877e-05,2.8607441887410817e-05,3.1860495635684136e-05
YDR471W,15525.5,YDR471W_translation_Ribosome,0.0009460428989373358,0.0,0.0,0.0014266714525336193
YDR481C,62976.5,YDR481C_translation_Ribosome,0.0,0.0,0.0,0.0
YDR483W,51372.0,YDR483W_translation_Ribosome,0.0,0.0,0.0,0.0
YDR487C,22561.0,YDR487C_translation_Ribosome,3.24838600872323e-08,1.7543906503062282e-07,1.4068897268197696e-07,9.886291741134865e-08
YDR494W,41242.8,YDR494W_translation_Ribosome,1.1980043838799814e-05,7.139088567990799e-05,6.79692489183521e-05,7.569827344390643e-05
YDR496C,75101.3,YDR496C_translation_Ribosome,7.2557033003436704e-06,7.801433951229953e-05,4.852093073794347e-05,2.5993951617697193e-05
YDR497C,63566.2,YDR497C_translation_Ribosome,2.0863815173858628e-05,1.4887479633366242e-05,1.6340244132296223e-05,0.0
YDR500C,9890.7,YDR500C_translation_Ribosome,0.0,0.0,0.0,0.0
YDR502C,42245.2,YDR502C_translation_Ribosome,0.00022701816374302676,0.0,0.0,0.0
YDR503C,31591.6,YDR503C_translation_Ribosome,0.0,0.0,0.0,0.0
YDR508C,73600.7,YDR508C_translation_Ribosome,0.0,0.0,0.0,0.0
YDR513W,15861.6,YDR513W_translation_Ribosome,0.0,0.0,0.0,0.0
YDR529C,14561.9,YDR529C_translation_Ribosome,0.00030488854678593853,0.00039239595903035906,0.0004937850890665053,0.0008071133635281473
YDR530C,36827.1,YDR530C_translation_Ribosome,0.0,0.0,0.0,0.0
YDR531W,40897.5,YDR531W_translation_Ribosome,0.0,0.0,0.0,0.0
YDR536W,63528.3,YDR536W_translation_Ribosome,0.0,0.0,0.0,0.0
YDRUMD1,48870.68,YDRUMD1_translation_Ribosome,0.7580442904278603,0.24810021964359688,0.3443023456278486,0.49620043928719876
YEL003W,12995.1,YEL003W_translation_Ribosome,4.905309346503385e-06,7.465507759282085e-05,3.7333441427734375e-05,1.981172072311558e-05
YEL006W,36977.2,YEL006W_translation_Ribosome,0.0,0.0,0.0,0.0
YEL017CA,4853.1,YEL017CA_translation_Ribosome,1.7714673970107407e-06,0.0002224218098366954,0.0003396256903993295,5.578619603946403e-06
YEL020WA,10203.8,YEL020WA_translation_Ribosome,0.0,0.0,0.0,0.0
YEL021W,29239.8,YEL021W_translation_Ribosome,3.2055303401106875e-07,3.1895021968536166e-06,2.1947739650840846e-06,1.28962718427819e-06
YEL024W,23367.3,YEL024W_translation_Ribosome,0.0004892508628208587,0.0006296729199795432,0.0007923707971997988,0.0012951647861591737
YEL026W,13570.1,YEL026W_translation_Ribosome,1.3110374834522658e-06,1.4096458897726883e-05,8.767276760947768e-06,4.6968630749043326e-06
YEL027W,16352.8,YEL027W_translation_Ribosome,0.0,0.0,0.0,0.0
YEL029C,35556.5,YEL029C_translation_Ribosome,0.0,0.0,0.0,0.0
YEL034W,17103.4,YEL034W_translation_Ribosome,0.0,0.0,0.0,0.0
YEL037C,42328.0,YEL037C_translation_Ribosome,0.00030405425485057765,0.00034868419899743017,0.00033222892160804856,0.0003202560543439724
YEL038W,25182.6,YEL038W_translation_Ribosome,0.0,0.0,0.0,0.0
YEL039C,12541.6,YEL039C_translation_Ribosome,0.000262588686803956,0.0,0.0,2.546281165342082e-05
YEL041W,55864.1,YEL041W_translation_Ribosome,0.0,0.0,0.0,0.0
YEL042W,56807.0,YEL042W_translation_Ribosome,0.0,0.0,0.0,0.0
YEL046C,42807.5,YEL046C_translation_Ribosome,0.0,0.0,0.0,0.0
YEL047C,50838.6,YEL047C_translation_Ribosome,0.0,0.0,0.0,0.0
YEL050C,43835.0,YEL050C_translation_Ribosome,1.2733015742718484e-05,7.587795866863469e-05,7.224126456826317e-05,8.04560751552668e-05
YEL051W,29192.4,YEL051W_translation_Ribosome,0.0,0.0,0.0,0.0
YEL054C,17828.9,YEL054C_translation_Ribosome,0.0,0.0025395624841393185,0.002086222439192875,0.00163833581270018
YEL055C,115864.0,YEL055C_translation_Ribosome,1.1193878231016227e-05,0.00012035814870385828,7.485661525194747e-05,4.0102677453424463e-05
YEL058W,62053.2,YEL058W_translation_Ribosome,6.817375638971425e-10,3.681933134953349e-09,2.9526342388446932e-09,2.074832371977494e-09
YEL063C,65789.8,YEL063C_translation_Ribosome,0.0,0.0,0.0,0.0
YEL069C,62734.7,YEL069C_translation_Ribosome,0.0,0.0,0.0,0.0
YEL071W,55221.5,YEL071W_translation_Ribosome,0.0,0.0,0.0,0.0
YER002W,26908.8,YER002W_translation_Ribosome,2.5997188992505823e-06,2.795254222055498e-05,1.7385052203372956e-05,9.313634321779917e-06
YER003C,48179.1,YER003C_translation_Ribosome,5.518772739052953e-05,0.00027810135962879175,0.00025076811617038934,0.00017842259219634195
YER005W,71840.6,YER005W_translation_Ribosome,0.002572460646967797,1.22189149377927e-07,3.133186086432437e-08,0.0
YER006W,57716.4,YER006W_translation_Ribosome,5.576109520926474e-06,5.995511162959476e-05,3.728901426264846e-05,1.9976715571470245e-05
YER012W,22513.9,YER012W_translation_Ribosome,0.0001617238491844741,0.0001854621335241033,0.00017670971267698553,0.00017034144731371102
YER014W,59720.7,YER014W_translation_Ribosome,0.0,0.0,0.0,0.0
YER015W,83440.7,YER015W_translation_Ribosome,0.0,0.0,0.0,0.0
YER019W,53941.1,YER019W_translation_Ribosome,0.0,0.0,0.0,0.0
YER021W,60377.3,YER021W_translation_Ribosome,0.0004337075921704258,0.0004973684201504333,0.0004738963633671714,0.0004568180842454716
YER023W,30126.1,YER023W_translation_Ribosome,1.1355654064975289e-07,1.191503010476643e-06,8.563937570758832e-07,5.23753379749523e-07
YER024W,103316.9,YER024W_translation_Ribosome,0.0,0.0,0.0,0.0
YER025W,57863.5,YER025W_translation_Ribosome,0.0009777885266047718,0.0010747696724584686,0.0007570999406461349,0.0009731002782241862
YER026C,30798.8,YER026C_translation_Ribosome,6.581241207294762e-06,2.9121064675886802e-05,2.5294602648615377e-05,1.9376519569753495e-05
YER037W,37708.1,YER037W_translation_Ribosome,0.0,0.0,0.0,0.0
YER043C,49115.0,YER043C_translation_Ribosome,1.484784108377242e-08,6.768175857396446e-08,5.870121739706666e-08,4.528753730296162e-08
YER050C,15855.8,YER050C_translation_Ribosome,4.6057294630636635e-06,2.7446235589326745e-05,2.6130786876730175e-05,2.9102211393792164e-05
YER052C,58105.3,YER052C_translation_Ribosome,3.2872287421028246e-06,3.350210526811283e-05,2.396427115001533e-05,1.4561904229600433e-05
YER053C,33545.8,YER053C_translation_Ribosome,0.000971118542763408,0.0,0.0,0.0
YER055C,32264.7,YER055C_translation_Ribosome,2.2188129629211504e-05,0.0002284574160278614,0.00016859356701939393,0.00010289676842829616
YER056C,58191.5,YER056C_translation_Ribosome,0.0,0.0,0.0,0.0
YER056CA,13664.5,YER056CA_translation_Ribosome,0.0008326432767079466,0.0019463820855196738,0.0015989313149073151,0.0012556601760423589
YER060W,58041.4,YER060W_translation_Ribosome,0.0,0.0,0.0,0.0
YER060WA,57317.6,YER060WA_translation_Ribosome,0.0,0.0,0.0,0.0
YER061C,47559.9,YER061C_translation_Ribosome,0.0,0.0,0.0,0.0
YER062C,27809.9,YER062C_translation_Ribosome,0.0,0.0,0.0,0.0
YER065C,62399.4,YER065C_translation_Ribosome,0.0,0.0,0.0,0.0
YER069W,94875.2,YER069W_translation_Ribosome,0.0001619272201246516,0.003496962368254689,0.002372737422337322,0.0013208807924693035
YER070W,99549.2,YER070W_translation_Ribosome,0.0,0.0,0.0,0.0
YER073W,56696.4,YER073W_translation_Ribosome,0.0,0.0,0.0,0.0
YER074W,15348.1,YER074W_translation_Ribosome,0.0009352330692847332,0.0021861953885443674,0.0017959352859108614,0.0014103697865209652
YER081W,51180.7,YER081W_translation_Ribosome,4.902912388007623e-07,3.6487142412327335e-06,0.0,0.0
YER082C,62335.5,YER082C_translation_Ribosome,6.0223710252495354e-06,6.475337791315126e-05,4.027329058238773e-05,2.1575471677120944e-05
YER086W,63836.9,YER086W_translation_Ribosome,0.0,0.0,0.0,0.0
YER090W,56756.1,YER090W_translation_Ribosome,1.4455000495004782e-07,1.3219530477693901e-06,9.93340188452348e-07,5.599330358839569e-07
YER091C,85853.6,YER091C_translation_Ribosome,0.00029626632090361016,0.0023576613411556142,0.0017907072289712557,0.0011802500038506107
YER094C,22599.0,YER094C_translation_Ribosome,0.0001623351470744709,0.00018616315944866102,0.00017737765543895975,0.00017098531875164028
YER099C,34759.3,YER099C_translation_Ribosome,0.0003218601583986715,0.0,0.0,0.0
YER102W,22517.2,YER102W_translation_Ribosome,0.0,0.0,0.0,0.0
YER103W,69631.6,YER103W_translation_Ribosome,8.930089651917948e-05,0.0011430340136149506,0.0008457558549841771,0.0003305625688145205
YER105C,156636.6,YER105C_translation_Ribosome,0.0,0.0,0.0,0.0
YER117W,14485.3,YER117W_translation_Ribosome,0.0008826585426541491,0.0020632974805794677,0.0016949760163801775,0.0013310852462970746
YER119C,48849.8,YER119C_translation_Ribosome,0.0,0.0,0.0,0.0
YER126C,29752.3,YER126C_translation_Ribosome,2.8744357461563913e-06,3.090633628807742e-05,1.9222161102331325e-05,1.0297822364129677e-05
YER127W,40792.9,YER127W_translation_Ribosome,3.9410926197095034e-06,4.237518059329577e-05,2.635519592203936e-05,1.4119178615357656e-05
YER131W,13470.2,YER131W_translation_Ribosome,0.0,0.0,0.0,0.0
YER143W,47342.6,YER143W_translation_Ribosome,0.00034007557563997727,0.000389992831209973,0.0003715880963929597,0.00035819680302364733
YER152C,49486.8,YER152C_translation_Ribosome,0.0,0.0,0.0,1.0618018695880243e-06
YER168C,62488.6,YER168C_translation_Ribosome,0.0,0.0,0.0,0.0
YER170W,25197.2,YER170W_translation_Ribosome,6.996245378767803e-07,4.169606507468719e-06,3.969621213333023e-06,4.4208685497160245e-06
YER174C,27475.0,YER174C_translation_Ribosome,0.0,0.0,0.0,0.0
YER175C,34763.6,YER175C_translation_Ribosome,0.0,0.0,0.0,0.0
YER178W,46346.6,YER178W_translation_Ribosome,3.598906190088365e-05,4.43885174176215e-05,5.713599755458195e-05,9.542269084299064e-05
YER183C,24057.0,YER183C_translation_Ribosome,0.0,0.0,0.0,0.0
YFL001W,50907.5,YFL001W_translation_Ribosome,0.0,0.0,0.0,0.0
YFL002C,69436.1,YFL002C_translation_Ribosome,6.708375752922961e-06,7.212939695864095e-05,4.486079733390656e-05,2.403312091696927e-05
YFL007W,245943.3,YFL007W_translation_Ribosome,0.0017666817902332282,0.002026000343963444,0.0019303883324448296,0.0018608209896601748
YFL011W,60675.6,YFL011W_translation_Ribosome,0.0,0.0,0.0,0.0
YFL017C,18130.0,YFL017C_translation_Ribosome,3.0820847422414496e-11,1.6645745427789112e-10,1.3348639445568136e-10,9.380162594862223e-11
YFL018C,54012.7,YFL018C_translation_Ribosome,0.00010676023752408798,5.173073482677833e-05,0.00011887553209536797,0.00027015532033580904
YFL022C,57498.9,YFL022C_translation_Ribosome,7.584878635158855e-07,3.889446787090046e-06,2.941100995775142e-06,1.905878959587143e-06
YFL030W,41909.6,YFL030W_translation_Ribosome,0.0,0.0,0.0,0.0
YFL034CA,13825.7,YFL034CA_translation_Ribosome,0.0,0.001969343539812606,0.0016177938951673367,0.0012704731893526172
YFL045C,29054.1,YFL045C_translation_Ribosome,0.0003025509836038683,0.0015246114285855305,0.0013747647129397841,0.0009781510005686272
YFL053W,62123.1,YFL053W_translation_Ribosome,0.0,0.0,0.0,0.0
YFL055W,61052.2,YFL055W_translation_Ribosome,0.0,0.0,0.0,0.0
YFP,28131.0,YFP_translation_Ribosome,0.0,0.0,0.0,0.0
YFR001W,23622.0,YFR001W_translation_Ribosome,2.2821738553223207e-06,2.4538253371906207e-05,1.526153909308761e-05,8.176011934723408e-06
YFR002W,96169.7,YFR002W_translation_Ribosome,0.0,0.0,0.0,0.0
YFR004W,34392.7,YFR004W_translation_Ribosome,0.00024705270201283924,0.00028331579689233876,0.0002699454175058857,0.00026021712342269744
YFR010W,57110.3,YFR010W_translation_Ribosome,0.00041023978715727053,0.00047045594429226373,0.00044825395439690365,0.0004320997765167399
YFR015C,80492.9,YFR015C_translation_Ribosome,0.00020146050801391426,0.0,0.00017056571943053136,0.0003075751460554082
YFR019W,257439.9,YFR019W_translation_Ribosome,0.0,0.0,0.0,0.0
YFR025C,38568.1,YFR025C_translation_Ribosome,3.3463481569812005e-08,3.4455272519547163e-07,2.542678367677647e-07,1.5518586611105286e-07
YFR030W,114799.0,YFR030W_translation_Ribosome,3.338351576494351e-06,4.089875766037943e-05,2.9186095516352492e-05,1.7549560487361246e-05
YFR031CA,27437.1,YFR031CA_translation_Ribosome,0.0,0.003908162019730824,0.0032105117918872625,0.0025212538926482346
YFR032CA,6685.0,YFR032CA_translation_Ribosome,0.0004073489922640875,0.000952216637396101,0.0007822354158699844,0.0006142989700935392
YFR033C,17210.9,YFR033C_translation_Ribosome,0.00036035175972078576,0.0004637779143707626,0.0005836110527757172,0.0009539378369818904
YFR047C,32358.3,YFR047C_translation_Ribosome,0.0,0.0,0.0,0.0
YFR049W,13695.2,YFR049W_translation_Ribosome,3.978127003528646e-06,2.3706258002935686e-05,2.2570059690094168e-05,2.5136581281314245e-05
YFR050C,29440.7,YFR050C_translation_Ribosome,0.00021148105511196847,0.00024252284297447652,0.00023107758487020587,0.00022275000990182824
YFR052W,31905.3,YFR052W_translation_Ribosome,0.00022918498906832676,0.0002628254104676032,0.00025042202354425604,0.0002413973136141736
YFR053C,53724.8,YFR053C_translation_Ribosome,0.0,0.0,0.0,0.0
YGL001C,38702.7,YGL001C_translation_Ribosome,3.3171569919105905e-09,1.4041276489840012e-08,1.2224304634293883e-08,9.261308941558322e-09
YGL008C,99588.0,YGL008C_translation_Ribosome,3.635138264892659e-05,0.004564204981973752,0.0069692862820647464,0.00011447601926970685
YGL009C,85778.3,YGL009C_translation_Ribosome,1.5093251117756492e-09,1.4112718457824582e-08,1.0235176804265789e-08,6.350515287805436e-09
YGL011C,27998.1,YGL011C_translation_Ribosome,0.00020111844246673498,0.00023063917671399425,0.00021975473847274388,0.0002118352162901146
YGL012W,56050.0,YGL012W_translation_Ribosome,1.8377374934604547e-07,7.779004829844062e-07,6.772384609081796e-07,5.130855947405316e-07
YGL019W,32234.9,YGL019W_translation_Ribosome,3.1142852429485e-06,3.3485231716961274e-05,2.082610221453602e-05,1.1157096228711184e-05
YGL026C,76616.8,YGL026C_translation_Ribosome,1.5502124393137075e-06,1.6406035303873494e-05,1.0652980033734285e-05,6.004947268662901e-06
YGL029W,14439.3,YGL029W_translation_Ribosome,1.395012824873236e-06,1.4999373546395957e-05,9.3288435114224e-06,4.997709301881793e-06
YGL030W,11423.5,YGL030W_translation_Ribosome,0.0006960884387627231,0.0016271722897972113,0.0013367040049649614,0.0010497298855442854
YGL031C,17647.1,YGL031C_translation_Ribosome,0.0,0.0025136667497072146,0.0020649493803140168,0.0016216298212621836
YGL037C,24985.5,YGL037C_translation_Ribosome,0.0,0.0,0.0,0.0
YGL040C,37733.6,YGL040C_translation_Ribosome,0.0,0.0,0.0,0.0
YGL048C,45280.4,YGL048C_translation_Ribosome,0.00032526219715876245,0.0003730051031062946,0.0003554020615663646,0.00034259408058771515
YGL049C,103900.1,YGL049C_translation_Ribosome,0.0017557238275093705,0.0038597276848238407,0.0027189077585395797,0.0017473055763567843
YGL050W,30808.6,YGL050W_translation_Ribosome,0.0,0.0,0.0,0.0
YGL055W,58412.6,YGL055W_translation_Ribosome,0.0002595225277641322,0.0010985393747009724,0.000956385979495987,0.000724571768167411
YGL062W,130079.8,YGL062W_translation_Ribosome,0.0,0.0,0.0,0.0
YGL063W,41900.9,YGL063W_translation_Ribosome,0.0,0.0,0.0,0.0
YGL067W,43512.9,YGL067W_translation_Ribosome,0.0,0.0,0.0,0.0
YGL068W,20654.2,YGL068W_translation_Ribosome,5.9995495324114535e-06,3.5752219320947064e-05,3.403867974554172e-05,3.790933882678024e-05
YGL076C,27662.7,YGL076C_translation_Ribosome,0.0,0.0,0.0,0.0
YGL077C,62052.5,YGL077C_translation_Ribosome,4.2825779411119274e-08,3.055854902150953e-08,3.3540543035980774e-08,0.0
YGL078C,58840.3,YGL078C_translation_Ribosome,5.684691994721951e-06,6.112260561675442e-05,3.801513583519613e-05,2.0365718188244256e-05
YGL080W,15002.5,YGL080W_translation_Ribosome,6.860241243529087e-05,0.0001295544910396067,0.00013753796669954652,0.00019001193759775973
YGL084C,65359.4,YGL084C_translation_Ribosome,0.0,0.0,0.0,0.0
YGL092W,145645.6,YGL092W_translation_Ribosome,0.0,0.0,0.0,0.0
YGL099W,72736.4,YGL099W_translation_Ribosome,7.027225061818068e-06,7.555770944713904e-05,4.699303243122757e-05,2.517541590419167e-05
YGL100W,39110.1,YGL100W_translation_Ribosome,0.0,0.0,0.0,0.0
YGL103W,16741.9,YGL103W_translation_Ribosome,0.001020163963139286,0.0023847293525238273,0.001959028737315437,0.00153844905421227
YGL111W,51908.0,YGL111W_translation_Ribosome,5.014947103635212e-06,5.392141461471963e-05,3.353636318872203e-05,1.7966320697130754e-05
YGL119W,56759.4,YGL119W_translation_Ribosome,0.0,0.0,0.0,0.0
YGL120C,87549.7,YGL120C_translation_Ribosome,8.458370856883945e-06,9.094558975676814e-05,5.6563507287193826e-05,3.030257353659529e-05
YGL123w,27470.3,YGL123w_translation_Ribosome,0.0016738966375754916,0.003912891053741528,0.003214396640923446,0.0025243047117667243
YGL125W,68543.7,YGL125W_translation_Ribosome,0.0,1.1764418706619189e-05,0.0,0.0
YGL129C,50893.5,YGL129C_translation_Ribosome,1.4783340634243027e-05,8.809615351892686e-05,8.387386331253339e-05,9.34114579882416e-05
YGL135W,24502.1,YGL135W_translation_Ribosome,0.0,0.0,0.0,0.0
YGL141W,105556.4,YGL141W_translation_Ribosome,0.0007582421221581344,0.0008695390470386587,0.0008285033297303867,0.0007986457232742884
YGL142C,72570.0,YGL142C_translation_Ribosome,0.0,0.0,0.0,0.0
YGL143C,46775.7,YGL143C_translation_Ribosome,0.0,0.0,0.0,0.0
YGL147C,21580.3,YGL147C_translation_Ribosome,0.0013149907939800577,0.0030739148391920835,0.0025251869775765184,0.001983059994661123
YGL148W,40839.9,YGL148W_translation_Ribosome,0.0008952808765592924,0.012186681579958447,0.008778711793626926,0.005113209064849432
YGL154C,30671.4,YGL154C_translation_Ribosome,3.7404997930779986e-06,3.546385670779886e-05,2.5030544791289933e-05,1.5355519015687888e-05
YGL164C,50268.5,YGL164C_translation_Ribosome,0.0,0.0,0.0,0.0
YGL171W,63670.5,YGL171W_translation_Ribosome,6.151348338637703e-06,6.614016007602888e-05,4.1135798189248785e-05,2.2037539915748316e-05
YGL172W,49138.7,YGL172W_translation_Ribosome,0.0,0.0,0.0,0.0
YGL173C,175458.4,YGL173C_translation_Ribosome,1.6951425500664035e-05,0.00018226410445471456,0.00011335895482222519,6.0729403625750296e-05
YGL184C,51832.1,YGL184C_translation_Ribosome,0.0,0.0,0.0,0.0
YGL186C,64557.9,YGL186C_translation_Ribosome,0.0,0.0,0.0,0.0
YGL187C,17141.8,YGL187C_translation_Ribosome,1.3146689572066604e-05,1.6919979176283758e-05,2.1291843690771268e-05,3.480245142570398e-05
YGL189C,13527.3,YGL189C_translation_Ribosome,0.0008242830251389663,0.0019268392100296597,0.0015828770592517638,0.0012430525741430568
YGL191W,15022.3,YGL191W_translation_Ribosome,1.1521165499449073e-05,1.4827906239711556e-05,1.865921102077222e-05,3.0499297976429125e-05
YGL202W,56169.2,YGL202W_translation_Ribosome,2.072386778709972e-06,1.4263156763327878e-05,1.0590834359703007e-05,6.788175555591002e-06
YGL205W,84050.0,YGL205W_translation_Ribosome,0.0,0.0,0.0,0.0
YGL224C,31963.0,YGL224C_translation_Ribosome,0.0,0.0,0.0,0.0
YGL225W,37030.0,YGL225W_translation_Ribosome,0.0,0.0,0.0,0.0
YGL232W,33555.7,YGL232W_translation_Ribosome,0.0,0.0,0.0,0.0
YGL234W,86041.7,YGL234W_translation_Ribosome,5.6839919881413076e-05,0.0005639125681654695,0.0003882635239584643,0.00022831940986484627
YGL245W,80843.6,YGL245W_translation_Ribosome,0.0006327666884063853,0.0027081383363703696,0.0020667206049369367,0.0014428255594474402
YGL246C,44505.9,YGL246C_translation_Ribosome,4.299813791702213e-06,4.6232200945928395e-05,2.8754065393406482e-05,1.5404316720244117e-05
YGL248W,42006.4,YGL248W_translation_Ribosome,0.0,0.0,0.0,0.0
YGL253W,53930.9,YGL253W_translation_Ribosome,0.0,0.0,0.0,0.0
YGL256W,41133.5,YGL256W_translation_Ribosome,0.0,0.0,0.0,0.0
YGR007W,36856.2,YGR007W_translation_Ribosome,0.0,0.0,0.0,0.0
YGR010W,44897.5,YGR010W_translation_Ribosome,0.0,0.0,0.0,0.0
YGR019W,52942.7,YGR019W_translation_Ribosome,0.0,0.0,0.0,0.0
YGR020C,13454.3,YGR020C_translation_Ribosome,0.0,0.0,0.0,0.0
YGR024C,27760.1,YGR024C_translation_Ribosome,0.0,0.0,0.0,0.0
YGR027C,12055.5,YGR027C_translation_Ribosome,0.0007345992185848475,0.0017171948649407176,0.0014106565528826623,0.0011078057193661425
YGR030C,18216.2,YGR030C_translation_Ribosome,0.0,0.0,0.0,0.0
YGR032W,216982.7,YGR032W_translation_Ribosome,0.0065040658637855985,0.03689002494328565,0.032526459302888,0.022405388047654722
YGR033C,27228.0,YGR033C_translation_Ribosome,1.8930190774216994e-05,9.841017705735669e-05,9.122942580643642e-05,0.00010212950260202884
YGR034W,14252.0,YGR034W_translation_Ribosome,0.0008684424589001905,0.002030066045799436,0.0016676767609542285,0.0013096468095397343
YGR055W,63222.6,YGR055W_translation_Ribosome,0.0,0.0,0.0,0.0
YGR060W,36481.4,YGR060W_translation_Ribosome,1.1844637440668587e-06,5.013746097393673e-06,4.364956398222787e-06,3.3069537229107174e-06
YGR061C,148864.3,YGR061C_translation_Ribosome,0.0004917055080298124,0.0048782425519369845,0.0033587540886008686,0.00197512437833982
YGR065C,69098.4,YGR065C_translation_Ribosome,0.0,0.0,0.0,0.0
YGR076C,18608.2,YGR076C_translation_Ribosome,5.40523562321556e-06,3.221061321997692e-05,3.066681645578088e-05,3.4154048995191874e-05
YGR078C,23104.3,YGR078C_translation_Ribosome,8.721267149496208e-06,0.00013273105318372395,6.637602102167766e-05,3.522373349209159e-05
YGR081C,24083.8,YGR081C_translation_Ribosome,2.326789378410452e-06,2.5017965733566786e-05,1.5559895657019025e-05,8.33584947225009e-06
YGR082W,20315.4,YGR082W_translation_Ribosome,1.4124066113881399e-05,7.34234088417855e-05,6.806629674739961e-05,7.620004050097793e-05
YGR083C,70873.3,YGR083C_translation_Ribosome,0.00119763062349526,0.0013164166258012526,0.0009273232905613334,0.0011918882879304955
YGR084C,38999.5,YGR084C_translation_Ribosome,1.1328419013531412e-05,6.750775519784233e-05,6.427222989688558e-05,7.158085326834329e-05
YGR085C,19762.0,YGR085C_translation_Ribosome,0.00120419308677979,0.002814914762636013,0.0023124212847303862,0.0018159725126385225
YGR087C,61571.8,YGR087C_translation_Ribosome,0.0,0.0,0.0,0.0
YGR088W,64575.9,YGR088W_translation_Ribosome,0.0,0.0,0.0,0.0
YGR090W,140495.8,YGR090W_translation_Ribosome,1.3573611105858676e-05,0.00014594537033649395,9.077055897530345e-05,4.8628199880556804e-05
YGR094W,125764.8,YGR094W_translation_Ribosome,4.247319299681007e-05,0.00020429893255428924,0.0001504430643478121,0.00010159046770679393
YGR096W,35154.3,YGR096W_translation_Ribosome,0.0,0.0,0.0,0.0
YGR103W,69865.8,YGR103W_translation_Ribosome,6.749890023756591e-06,7.257576422110423e-05,4.513841495088649e-05,2.4181848049657046e-05
YGR110W,52063.3,YGR110W_translation_Ribosome,0.0,0.0,0.0,0.0
YGR118W,16061.2,YGR118W_translation_Ribosome,0.0009786856596188426,0.0022877699112260667,0.001879377630721166,0.0014758980730690133
YGR119C,57512.4,YGR119C_translation_Ribosome,0.0,0.0,0.0,0.0
YGR121C,54192.5,YGR121C_translation_Ribosome,0.0,0.0,0.0,0.0
YGR124W,64574.7,YGR124W_translation_Ribosome,0.0,0.0,0.00034062593225569007,0.0
YGR128C,80168.5,YGR128C_translation_Ribosome,7.745256740344062e-06,8.32780867600399e-05,5.179471241995573e-05,2.774780343700252e-05
YGR135W,28706.5,YGR135W_translation_Ribosome,0.00020620708436184338,0.00023647474386977247,0.0002253149106535023,0.00021719501096260728
YGR138C,67588.1,YGR138C_translation_Ribosome,0.0,0.0,0.0,0.0
YGR143W,86200.7,YGR143W_translation_Ribosome,0.0,0.0,0.0,0.0
YGR148C,17581.0,YGR148C_translation_Ribosome,0.0010712943355265403,0.0,0.0,0.0
YGR155W,56019.3,YGR155W_translation_Ribosome,2.169351216667996e-06,0.0,0.0,0.0
YGR157W,101210.2,YGR157W_translation_Ribosome,0.0,0.0,6.395955716507738e-07,9.205132150920928e-07
YGR159C,44513.6,YGR159C_translation_Ribosome,4.300557705794414e-06,4.624019961458319e-05,2.8759040156382384e-05,1.540698183293133e-05
YGR162W,107088.7,YGR162W_translation_Ribosome,0.0036192108043592392,0.001989089616476763,0.0014011742880031752,0.003601857605041742
YGR165W,39597.8,YGR165W_translation_Ribosome,1.1502210808190214e-05,6.85434066788836e-05,6.525824446495202e-05,7.267899105242898e-05
YGR169C,46821.4,YGR169C_translation_Ribosome,0.0,0.0,0.0,0.0
YGR170W,130069.4,YGR170W_translation_Ribosome,0.0,1.0879877119332215e-06,0.0,0.0
YGR171C,66745.1,YGR171C_translation_Ribosome,8.888077848165557e-08,5.367975694676377e-07,5.089493922877919e-07,5.644885202184927e-07
YGR175C,55120.4,YGR175C_translation_Ribosome,2.8156805431748263e-05,0.00011918564333914491,0.00010376276069104078,7.86121593119331e-05
YGR177C,61883.4,YGR177C_translation_Ribosome,0.0,0.0,0.0,0.0
YGR180C,40041.8,YGR180C_translation_Ribosome,0.0,3.1743461821732672e-06,5.942858714571441e-06,5.7919830262949045e-06
YGR183C,7475.4,YGR183C_translation_Ribosome,0.00015651555378375106,0.00020143777612368895,0.0002534862246552822,0.0004143343408290341
YGR185C,44024.4,YGR185C_translation_Ribosome,0.00012732823467895342,0.0006322218342507405,0.00047290515271605077,0.0003140358982183922
YGR191W,66006.9,YGR191W_translation_Ribosome,0.0,0.0,0.0,0.0
YGR192C,35745.0,YGR192C_translation_Ribosome,0.0018654056019860074,0.03776371136328714,0.0,0.006830152860105308
YGR193C,45356.1,YGR193C_translation_Ribosome,3.5219918839411494e-05,4.3439864733235716e-05,5.5914911097801655e-05,9.3383357315181e-05
YGR194C,68316.7,YGR194C_translation_Ribosome,0.0,0.0,0.0,0.0
YGR202C,49412.8,YGR202C_translation_Ribosome,9.21687573995572e-08,6.576747767291544e-08,7.218526356417165e-08,0.0
YGR204W,102199.2,YGR204W_translation_Ribosome,1.532470954974859e-05,7.658534269474347e-05,5.451408983071096e-05,3.6740240555415564e-05
YGR208W,34197.6,YGR208W_translation_Ribosome,1.1518960768574488e-06,8.57233270235494e-06,6.2752352953692245e-06,4.035058615154215e-06
YGR209C,11201.0,YGR209C_translation_Ribosome,7.2881815873849834e-06,4.423886991622993e-07,1.263485904349855e-07,8.87858517108393e-08
YGR214W,28006.5,YGR214W_translation_Ribosome,0.001706569865646098,0.003989267801830052,0.0032771392931283056,0.0025735772783731805
YGR215W,12408.9,YGR215W_translation_Ribosome,3.6044877164325165e-06,2.1479685213259287e-05,2.0450202529967395e-05,2.2775667639881153e-05
YGR220C,29814.0,YGR220C_translation_Ribosome,8.660251656288556e-06,5.16077440343715e-05,4.913427767396369e-05,5.472151077173775e-05
YGR240C,107957.4,YGR240C_translation_Ribosome,0.0001676572437483423,0.0035159390853069868,0.002584489639413611,0.0006131903080938297
YGR243W,16242.1,YGR243W_translation_Ribosome,7.427077107250377e-05,2.931353683032282e-05,0.00014890221022700913,0.00020571190745919505
YGR244C,46901.2,YGR244C_translation_Ribosome,7.436420659902368e-05,0.0,5.9989447607940246e-05,0.00018235765725268876
YGR245C,86615.5,YGR245C_translation_Ribosome,8.368115721178159e-06,8.99751538791949e-05,5.59599457843252e-05,2.9979229605115372e-05
YGR247W,26731.9,YGR247W_translation_Ribosome,0.0,0.0,0.0,0.0
YGR248W,28439.9,YGR248W_translation_Ribosome,0.0,0.0,0.0,0.0
YGR251W,22333.8,YGR251W_translation_Ribosome,2.157717993819221e-06,2.3200086493839592e-05,1.442926770795022e-05,7.730142043337806e-06
YGR253C,28596.3,YGR253C_translation_Ribosome,0.00020541548591909784,0.00023556695236699612,0.0002244499600968682,0.00021636123149774462
YGR254W,46811.5,YGR254W_translation_Ribosome,0.00022795828638603346,0.004755970459608479,0.0034962717278136358,0.0008364130338193469
YGR255C,53526.0,YGR255C_translation_Ribosome,0.0,0.0,0.0,0.0
YGR256W,53922.4,YGR256W_translation_Ribosome,0.00013572127380985928,0.0011239632613518774,0.0008276437709991726,0.0005255689483955494
YGR260W,60133.4,YGR260W_translation_Ribosome,0.0,0.0,0.0,0.0
YGR262C,29940.7,YGR262C_translation_Ribosome,0.0,0.0,0.0,0.0
YGR264C,85668.8,YGR264C_translation_Ribosome,1.355891726370369e-05,6.993113558939508e-05,5.1614143080615794e-05,3.3629617011045574e-05
YGR267C,27768.4,YGR267C_translation_Ribosome,0.0,0.0,0.0,0.0
YGR276C,62847.8,YGR276C_translation_Ribosome,6.071865465435871e-06,6.528554907572969e-05,4.06042738385637e-05,2.175278820045339e-05
YGR277C,34299.8,YGR277C_translation_Ribosome,0.0,0.0,0.0,0.0
YGR280C,31339.3,YGR280C_translation_Ribosome,3.0277593389256966e-06,3.255489306147575e-05,2.0247479133858292e-05,1.0847112472520416e-05
YGR282C,34099.7,YGR282C_translation_Ribosome,0.0,0.0,0.0,0.0
YGR285C,49022.5,YGR285C_translation_Ribosome,1.5788398916301066e-05,0.0001514337709390883,0.00013231675851089865,7.436839332548274e-05
YGR286C,41891.9,YGR286C_translation_Ribosome,0.0,0.0,0.0,0.0
YGR287C,68571.9,YGR287C_translation_Ribosome,0.0,0.0,0.0,0.0
YGR289C,67975.9,YGR289C_translation_Ribosome,0.0,0.0,0.0041420760310517364,0.0
YGR292W,68078.6,YGR292W_translation_Ribosome,0.0,0.0,0.016653334285072874,0.0
YHL001W,15172.4,YHL001W_translation_Ribosome,0.0,0.0,0.0,0.0
YHL003C,48462.9,YHL003C_translation_Ribosome,0.0,0.0,0.0,0.0
YHL004W,44155.3,YHL004W_translation_Ribosome,1.2826055207584292e-05,7.643239485345422e-05,7.27691276238401e-05,8.104396339234294e-05
YHL011C,35127.2,YHL011C_translation_Ribosome,0.0,0.0032773318333189526,0.0022750681950695815,0.001342812585864876
YHL015W,13912.2,YHL015W_translation_Ribosome,0.0008477368212679788,0.0019816646675814564,0.001627915565095946,0.0012784218596462733
YHL016C,80606.4,YHL016C_translation_Ribosome,0.0,0.0,0.0,0.0
YHL030W,210421.0,YHL030W_translation_Ribosome,0.0015115148450177988,0.001733379272284026,0.001651576779287639,0.001592057248419793
YHL032C,79829.2,YHL032C_translation_Ribosome,0.0,0.0,0.0,0.0
YHL033C,28150.2,YHL033C_translation_Ribosome,0.0017153261932733755,0.004009736542412524,0.0032939541366975677,0.002586782179196283
YHL036W,60629.0,YHL036W_translation_Ribosome,0.0,0.0,0.0,0.0
YHR001WA,8594.0,YHR001WA_translation_Ribosome,0.00017993614645605007,0.00023158041683481593,0.0002914172639173148,0.00047633428647092063
YHR002W,40842.8,YHR002W_translation_Ribosome,1.3908979529111882e-06,5.887566604054439e-06,5.125702622174958e-06,3.88330599953671e-06
YHR005CA,10303.8,YHR005CA_translation_Ribosome,0.0,0.0,0.0,0.0
YHR007C,60726.8,YHR007C_translation_Ribosome,9.858269268349532e-07,4.172931363988927e-06,3.6329449283553938e-06,2.7523713091031187e-06
YHR010W,15551.6,YHR010W_translation_Ribosome,0.0,0.0022151820879774426,0.0018197475382862604,0.0
YHR011W,50399.6,YHR011W_translation_Ribosome,0.00014060015874449655,0.0006189471681392332,0.0004730130956649522,0.0003275242098050547
YHR018C,51975.6,YHR018C_translation_Ribosome,1.5138019133632362e-07,3.269189898985535e-06,2.21819064582087e-06,1.2348460434419387e-06
YHR019C,62196.4,YHR019C_translation_Ribosome,7.08905544193624e-05,0.0003008581798732433,0.00023354469577025697,0.00016316852394041568
YHR020W,77378.9,YHR020W_translation_Ribosome,0.0001234086877982613,0.0006117766154494667,0.0004590552221877145,0.00030806637260969084
YHR021C,8871.5,YHR021C_translation_Ribosome,0.0,0.0,0.0,0.0
YHR024C,53331.2,YHR024C_translation_Ribosome,3.707836749735277e-05,0.00019275498878659105,0.00017869012610431255,0.00020003999299138093
YHR025W,38705.8,YHR025W_translation_Ribosome,2.0062468736252875e-05,0.00021365449162926594,0.0001531736647290977,9.351679088823925e-05
YHR026W,22597.9,YHR026W_translation_Ribosome,0.0,0.0,0.0,0.0
YHR027C,109406.5,YHR027C_translation_Ribosome,0.0007858985029604453,0.0009012549096960015,0.0008587224416913381,0.0008277757987522162
YHR037W,64433.7,YHR037W_translation_Ribosome,0.0,0.0,0.0,0.0
YHR039CA,12715.8,YHR039CA_translation_Ribosome,0.0,0.0,0.0,0.0
YHR042W,76748.2,YHR042W_translation_Ribosome,1.2459151831829497e-06,5.273865425309664e-06,4.591415716790699e-06,3.478522558496545e-06
YHR046C,32815.5,YHR046C_translation_Ribosome,2.4595395109628397e-08,6.656329218999161e-07,0.0,5.141287536839748e-07
YHR051W,17339.8,YHR051W_translation_Ribosome,1.3298543200931083e-05,1.7115416987768213e-05,2.1537779651450585e-05,3.520444452924558e-05
YHR052W,42535.1,YHR052W_translation_Ribosome,4.109410428986556e-06,4.4184957285554465e-05,2.748078450082088e-05,1.4722186319729645e-05
YHR062C,32238.8,YHR062C_translation_Ribosome,0.0,0.0,0.0,0.0
YHR063C,42818.8,YHR063C_translation_Ribosome,0.0,0.0,0.0,0.0
YHR064C,58215.1,YHR064C_translation_Ribosome,1.87490075323037e-05,0.00017983032523017224,0.00015712852931588182,8.831380395292589e-05
YHR065C,55981.6,YHR065C_translation_Ribosome,5.408506642075693e-06,5.8153021969549766e-05,3.61682066249087e-05,1.9376269144226226e-05
YHR066W,51776.8,YHR066W_translation_Ribosome,5.002271580401859e-06,5.378512561114696e-05,3.345159839619756e-05,1.792090994588887e-05
YHR067W,33062.6,YHR067W_translation_Ribosome,0.0,0.0,0.0,0.0
YHR068W,42883.6,YHR068W_translation_Ribosome,0.0,0.0,0.0,0.0
YHR070W,56525.0,YHR070W_translation_Ribosome,0.0,0.0,0.0,0.0
YHR072W,83452.0,YHR072W_translation_Ribosome,1.1808658589012598e-07,4.998516519622087e-07,4.351697561088834e-07,3.2969086372737937e-07
YHR074W,80678.6,YHR074W_translation_Ribosome,0.0,0.0,0.0,0.0
YHR075C,44886.3,YHR075C_translation_Ribosome,1.3038393168298956e-05,7.769774874387903e-05,7.397383537790421e-05,8.238566274077455e-05
YHR083W,37403.6,YHR083W_translation_Ribosome,0.0,0.0,0.0,0.0
YHR085W,37883.4,YHR085W_translation_Ribosome,3.659999366299111e-06,3.935282650873218e-05,2.4475446197573246e-05,1.3112146749974634e-05
YHR088W,35132.8,YHR088W_translation_Ribosome,3.3942577946096027e-06,3.649553585913583e-05,2.2698357490882588e-05,1.2160113119136845e-05
YHR091C,73715.0,YHR091C_translation_Ribosome,4.1535225517736915e-08,2.467493093877303e-07,2.3508256071587824e-07,2.620192056005271e-07
YHR092C,63908.6,YHR092C_translation_Ribosome,0.0,0.0,0.0,0.0
YHR094C,63263.0,YHR094C_translation_Ribosome,0.0,0.0,0.0,0.0
YHR096C,66254.1,YHR096C_translation_Ribosome,0.0,0.0,0.0,0.0
YHR100C,20949.4,YHR100C_translation_Ribosome,9.045702837102644e-10,3.828978094517623e-09,3.333499963425776e-09,2.525507498508612e-09
YHR104W,37117.1,YHR104W_translation_Ribosome,0.0,0.0,0.0,0.0
YHR106W,37085.8,YHR106W_translation_Ribosome,0.0,0.0,0.0,0.0
YHR117W,71849.9,YHR117W_translation_Ribosome,4.995287997655803e-05,0.00025967810542452534,0.00024073149505650815,0.0002694982766763743
YHR123W,44555.0,YHR123W_translation_Ribosome,5.19227565513069e-07,0.0,3.061579954668661e-07,0.0
YHR128W,24591.7,YHR128W_translation_Ribosome,0.0,0.0,0.0,0.0
YHR137W,58518.0,YHR137W_translation_Ribosome,6.70003615659198e-07,3.2937133491649456e-06,2.5115648192607487e-06,1.7095450113672125e-06
YHR141C,12239.0,YHR141C_translation_Ribosome,0.0,0.0,0.0,0.0
YHR144C,35649.7,YHR144C_translation_Ribosome,3.2174495707058405e-09,1.1762029020064598e-08,1.3934910245983648e-08,9.79213832129802e-09
YHR147C,23902.2,YHR147C_translation_Ribosome,6.943015601359774e-06,4.1374475731480326e-05,3.939147151736147e-05,4.387081554867613e-05
YHR148W,21897.8,YHR148W_translation_Ribosome,2.115595066001063e-06,2.274717486611327e-05,1.414757983035365e-05,7.579234363905945e-06
YHR162W,14565.1,YHR162W_translation_Ribosome,0.0,9.949040318840444e-05,0.0,0.0
YHR163W,27777.7,YHR163W_translation_Ribosome,0.001921409108235748,0.01591197302428334,0.011716971373259175,0.007440491354861823
YHR169W,47895.3,YHR169W_translation_Ribosome,4.627271249378509e-06,4.975306945743203e-05,3.0943865605162945e-05,1.657745086856143e-05
YHR170W,59076.8,YHR170W_translation_Ribosome,5.707540784696709e-06,6.136827901115184e-05,3.816793212659886e-05,2.044757522078012e-05
YHR174W,46905.6,YHR174W_translation_Ribosome,0.0,0.0,0.0,0.0
YHR183W,53539.8,YHR183W_translation_Ribosome,0.0,0.0,0.0,0.0
YHR190W,51707.2,YHR190W_translation_Ribosome,1.600804061907375e-05,6.776083403382759e-05,5.899243406414646e-05,4.4693516189857975e-05
YHR196W,65235.8,YHR196W_translation_Ribosome,6.302575446238077e-06,6.776617514685458e-05,4.21470964342073e-05,2.2579319252020543e-05
YHR197W,86717.5,YHR197W_translation_Ribosome,8.377970167594333e-06,9.008111026916757e-05,5.602584524192807e-05,3.0014533695257693e-05
YHR200W,29730.4,YHR200W_translation_Ribosome,0.00021356205392198102,0.000244909296680051,0.0002333514158707221,0.00022494189657125388
YHR203C,29432.7,YHR203C_translation_Ribosome,0.0,0.0,0.0,0.0
YHR208W,43603.5,YHR208W_translation_Ribosome,3.850097654321014e-07,2.6666683539316673e-06,1.9214568120013597e-06,1.2528060844650344e-06
YHR216W,56536.7,YHR216W_translation_Ribosome,0.00010797513307440589,0.001077741482136674,0.0,0.00043512347156401943
YIL002C,108423.4,YIL002C_translation_Ribosome,0.0,0.0,0.0,0.0
YIL006W,41959.8,YIL006W_translation_Ribosome,0.0,0.0,0.0,0.0
YIL009W,77964.4,YIL009W_translation_Ribosome,0.0,0.0,0.0,0.0
YIL010W,24128.0,YIL010W_translation_Ribosome,0.0,0.0,0.0,0.0
YIL013C,160528.8,YIL013C_translation_Ribosome,0.0,0.0,0.0,0.0
YIL018W,27437.1,YIL018W_translation_Ribosome,0.001671873602939266,0.0,0.0,0.0
YIL020C,29550.9,YIL020C_translation_Ribosome,1.71465750930748e-06,1.765476543067575e-05,1.3028598198297559e-05,7.951671439523708e-06
YIL022W,48869.1,YIL022W_translation_Ribosome,3.397610496416512e-05,0.0001766276180267985,0.0001637395303612943,0.0001833031025271341
YIL035C,44672.0,YIL035C_translation_Ribosome,4.315861081405415e-06,4.640474365548192e-05,2.8861378137600954e-05,1.5461807008211162e-05
YIL052C,13666.5,YIL052C_translation_Ribosome,0.0,0.0,0.0,0.0
YIL053W,27939.0,YIL053W_translation_Ribosome,0.0,0.0,0.0,0.0
YIL066C,97498.6,YIL066C_translation_Ribosome,0.0,0.0,0.0,0.0
YIL069C,15348.1,YIL069C_translation_Ribosome,0.0,0.0,0.0,0.0
YIL074C,51181.7,YIL074C_translation_Ribosome,0.0,0.0,2.671033492400572e-06,1.7175095749524772e-06
YIL075C,104223.0,YIL075C_translation_Ribosome,0.0007486639246666923,0.0008585549346085136,0.000818037584973437,0.0007885571430705874
YIL078W,84517.4,YIL078W_translation_Ribosome,0.00034259156096609774,0.0015921474081588517,0.0011936702216987453,0.000808898837339401
YIL083C,41869.3,YIL083C_translation_Ribosome,0.0,0.0,0.0,0.0
YIL091C,83980.0,YIL091C_translation_Ribosome,8.113494215983764e-06,8.723742774416574e-05,5.425722009302759e-05,2.9067034217173472e-05
YIL093C,30508.7,YIL093C_translation_Ribosome,8.862045337969098e-06,5.2810262977843614e-05,5.027916204708043e-05,5.59965840102541e-05
YIL094C,40071.4,YIL094C_translation_Ribosome,1.8972543849712827e-05,0.00017987959195019153,0.0001269598008035625,7.788618472840605e-05
YIL099W,61439.2,YIL099W_translation_Ribosome,0.0,0.0,0.0,0.0
YIL107C,93425.2,YIL107C_translation_Ribosome,0.0,0.0,0.0,0.0
YIL111W,17205.0,YIL111W_translation_Ribosome,1.3195160023300115e-05,0.0,2.137034446205881e-05,3.4930764375925334e-05
YIL115C,158830.7,YIL115C_translation_Ribosome,0.0,0.0,0.0,0.0
YIL116W,42643.6,YIL116W_translation_Ribosome,1.931197346829115e-05,0.00019884341901247492,0.00014673947500814225,8.955868273114875e-05
YIL124W,32823.3,YIL124W_translation_Ribosome,0.0,0.0,0.0,0.0
YIL125W,114412.3,YIL125W_translation_Ribosome,0.00013730123260327068,0.0,0.0001107606128869485,0.00033669331336303994
YIL133C,22228.6,YIL133C_translation_Ribosome,0.0,0.0,0.0,0.0
YIL134W,34427.7,YIL134W_translation_Ribosome,0.0,0.0,0.0,0.0
YIL142W,57197.0,YIL142W_translation_Ribosome,1.521419751603393e-05,0.0002457966314004498,0.0001251957534986527,5.573574346351624e-05
YIL145C,35024.5,YIL145C_translation_Ribosome,0.0,0.0,0.0,0.0
YIL148W,14568.3,YIL148W_translation_Ribosome,0.0,0.0,0.0,0.0
YIL149C,195121.7,YIL149C_translation_Ribosome,0.0,0.0,0.0,0.0
YIL155C,72391.7,YIL155C_translation_Ribosome,0.0,0.0,0.0,0.0
YIL160C,44731.9,YIL160C_translation_Ribosome,0.0,0.0,0.0,0.0
YIL162W,60616.5,YIL162W_translation_Ribosome,0.0,0.0,0.0,0.0
YIL172C,68681.1,YIL172C_translation_Ribosome,0.0,0.0,0.0,0.0
YIR012W,47125.1,YIR012W_translation_Ribosome,4.552860517714414e-06,4.895299483432466e-05,3.044626009294992e-05,1.6310870376133862e-05
YIR015W,16359.4,YIR015W_translation_Ribosome,0.0,0.0,0.0,0.0
YIR026C,41188.6,YIR026C_translation_Ribosome,3.979322075071074e-06,4.2786229059101514e-05,2.6610847053151658e-05,1.4256137717997991e-05
YIR027C,50113.8,YIR027C_translation_Ribosome,0.0,0.0,0.0,0.0
YIR028W,71759.6,YIR028W_translation_Ribosome,0.0,0.0,0.0,0.0
YIR029W,38706.1,YIR029W_translation_Ribosome,0.0,0.0,0.0,0.0
YIR031C,62786.6,YIR031C_translation_Ribosome,0.0,0.0,0.0,0.0
YIR032C,21718.9,YIR032C_translation_Ribosome,0.0,0.0,0.0,0.0
YIR034C,41473.3,YIR034C_translation_Ribosome,3.551245614008025e-05,0.000336695288213731,0.00023764100340493256,0.00014578591785031366
YIR037W,18643.6,YIR037W_translation_Ribosome,0.0,0.0,0.0,0.0
YJL001W,23543.8,YJL001W_translation_Ribosome,0.00016912191847833657,0.0001939461123690157,0.0001847933113909368,0.00017813372926345718
YJL005W,227830.7,YJL005W_translation_Ribosome,0.0,0.0,0.0,0.0
YJL008C,61651.0,YJL008C_translation_Ribosome,1.639894559261863e-05,0.0002649371142274791,0.00013494489918956305,6.0075953638639095e-05
YJL010C,77726.0,YJL010C_translation_Ribosome,7.509281393564586e-06,8.074084673544923e-05,5.0216678839612555e-05,2.6902408925506376e-05
YJL014W,58807.9,YJL014W_translation_Ribosome,1.564269115693431e-05,0.0002527192635930994,0.0001287217747814294,5.7305488540100295e-05
YJL026W,46129.7,YJL026W_translation_Ribosome,2.1924440928998203e-06,0.0,2.649165395405239e-06,0.0
YJL033W,87192.6,YJL033W_translation_Ribosome,8.423870633205359e-06,9.057463851305008e-05,5.6332794578272416e-05,3.0178974609244106e-05
YJL035C,28251.8,YJL035C_translation_Ribosome,0.0,0.0,0.0,0.0
YJL039C,191493.4,YJL039C_translation_Ribosome,0.0,0.0,0.0,0.0
YJL041W,86513.9,YJL041W_translation_Ribosome,0.0,0.0,0.0,0.0
YJL045W,69381.4,YJL045W_translation_Ribosome,0.0,8.295891787526669e-06,0.0,0.0002119022173754461
YJL050W,122040.2,YJL050W_translation_Ribosome,1.1790574622737577e-05,0.00012677391199551722,7.884689201711246e-05,4.224037472339479e-05
YJL052W,35752.3,YJL052W_translation_Ribosome,0.0,0.0,0.0,0.0
YJL054W,54176.2,YJL054W_translation_Ribosome,0.0,0.0,0.0,0.0
YJL060W,50079.7,YJL060W_translation_Ribosome,5.234931017732756e-07,4.963263033235377e-06,3.5030927033108474e-06,0.0
YJL063C,26958.8,YJL063C_translation_Ribosome,7.83088456267364e-06,4.666542060353573e-05,4.4428830916913266e-05,4.948099096374602e-05
YJL068C,33929.4,YJL068C_translation_Ribosome,0.0,0.0,0.0,0.0
YJL069C,66390.0,YJL069C_translation_Ribosome,6.414085270292475e-06,6.896514441456494e-05,4.2892794022101706e-05,2.2978809260278007e-05
YJL071W,65619.9,YJL071W_translation_Ribosome,0.0,0.0,0.0,0.0
YJL088W,37839.6,YJL088W_translation_Ribosome,5.6321797065466877e-08,1.2163193112238877e-06,8.252895065304523e-07,4.594309708019467e-07
YJL091C,55484.7,YJL091C_translation_Ribosome,0.0,0.0,0.0,0.0
YJL096W,18406.9,YJL096W_translation_Ribosome,5.346762803117255e-06,3.186216487778469e-05,3.0335068615981834e-05,3.378457693111625e-05
YJL097W,24526.9,YJL097W_translation_Ribosome,4.548368024435007e-11,3.7821158413093976e-10,1.676153297994762e-10,1.2698778368621496e-10
YJL100W,70209.5,YJL100W_translation_Ribosome,0.0,0.0,0.0,0.0
YJL101C,78241.2,YJL101C_translation_Ribosome,0.0,0.0,0.0,0.0
YJL104W,16222.3,YJL104W_translation_Ribosome,1.127850866007714e-05,5.8632268814365994e-05,5.435401477375325e-05,6.084822352214237e-05
YJL109C,200069.9,YJL109C_translation_Ribosome,1.9329197147445227e-05,0.0002078302386881694,0.000129259783261372,6.924789984670726e-05
YJL111W,59725.2,YJL111W_translation_Ribosome,1.5886689677511573e-05,0.0002566612404447461,0.0001307296084909651,5.819935355887896e-05
YJL121C,25961.4,YJL121C_translation_Ribosome,1.4813770625553567e-06,1.1854628047958241e-05,8.789340387014327e-06,5.638567912658713e-06
YJL122W,19301.4,YJL122W_translation_Ribosome,1.864751098599536e-06,2.0050065347240304e-05,1.2470115597803796e-05,6.680572210518601e-06
YJL125C,43920.2,YJL125C_translation_Ribosome,0.0,0.0,0.0,0.0
YJL129C,141084.1,YJL129C_translation_Ribosome,0.0,0.0,0.0,0.0
YJL130C,244996.8,YJL130C_translation_Ribosome,1.8356704251880596e-06,2.5371780502042115e-05,1.2568533846846907e-05,1.0145766054144862e-05
YJL134W,47386.3,YJL134W_translation_Ribosome,0.0,0.0,0.0,0.0
YJL136C,9759.0,YJL136C_translation_Ribosome,0.0005946625004495482,0.001390079605736507,0.0011419349922924724,0.0008967754149802319
YJL137C,44536.3,YJL137C_translation_Ribosome,0.0,0.0,9.437311924746127e-05,0.00017017971743181666
YJL138C,44684.5,YJL138C_translation_Ribosome,0.0,0.0,0.0,0.0
YJL139C,50820.4,YJL139C_translation_Ribosome,0.0,0.0,0.0,0.0
YJL143W,16590.5,YJL143W_translation_Ribosome,1.153449867928776e-05,5.996305429962083e-05,5.5587696079098104e-05,6.222930486701041e-05
YJL153C,59633.6,YJL153C_translation_Ribosome,4.9910205515826535e-06,0.0001350735606484301,0.0001123507468178177,0.00010432957731960839
YJL155C,52593.4,YJL155C_translation_Ribosome,0.0,0.0,0.0,0.0
YJL166W,10980.7,YJL166W_translation_Ribosome,0.0002299074753770013,0.0002958942382054996,0.0003723487956593972,0.0006086204211602557
YJL167W,40474.7,YJL167W_translation_Ribosome,8.270174039436444e-05,0.00035007025772373847,0.00030477040153131454,0.00023089843792880297
YJL177W,20574.9,YJL177W_translation_Ribosome,0.001253726967978216,0.0,0.0,0.0
YJL179W,12784.9,YJL179W_translation_Ribosome,4.825964360729131e-06,7.3447507254e-05,3.6729560781328444e-05,1.9491259649634127e-05
YJL184W,13598.2,YJL184W_translation_Ribosome,0.0,0.0,0.0,0.0
YJL189W,6358.9,YJL189W_translation_Ribosome,0.0003874781610932095,0.0009057666979114535,0.000744077305306753,0.0005843329425471663
YJL190C,14635.3,YJL190C_translation_Ribosome,0.0008917987593840836,0.0020846635980977047,0.001712528045158113,0.0013448690676155534
YJL191W,14661.1,YJL191W_translation_Ribosome,0.0008933708766616325,0.0,0.0,0.0
YJL196C,36249.2,YJL196C_translation_Ribosome,0.0,0.0,0.0,0.0
YJL198W,97687.3,YJL198W_translation_Ribosome,1.562605470742258e-05,0.0,0.0,0.0
YJL212C,91630.2,YJL212C_translation_Ribosome,0.0,0.0,0.0,0.0
YJL214W,63486.0,YJL214W_translation_Ribosome,0.0,0.0,0.0,0.0
YJL216C,67538.3,YJL216C_translation_Ribosome,0.0,0.0,0.0,0.0
YJL219W,62863.3,YJL219W_translation_Ribosome,0.0,0.0,0.0,0.0
YJL221C,68681.1,YJL221C_translation_Ribosome,0.0,0.0,0.0,0.0
YJR001W,65351.8,YJR001W_translation_Ribosome,0.0,0.0,0.0,0.0
YJR002W,66896.9,YJR002W_translation_Ribosome,6.4630580044920725e-06,6.949170612120363e-05,4.3220288483463405e-05,2.3154256743544084e-05
YJR007W,34703.9,YJR007W_translation_Ribosome,0.0005864331616379816,0.0006445980494790576,0.0004540741681749186,0.0005836213631298545
YJR009C,35845.2,YJR009C_translation_Ribosome,0.0,0.0,0.027837187451052365,0.0
YJR010W,57710.9,YJR010W_translation_Ribosome,0.0,0.0,0.0,0.0
YJR013W,47177.6,YJR013W_translation_Ribosome,0.0,0.0,0.0,0.0
YJR016C,62863.9,YJR016C_translation_Ribosome,1.8782814484568007e-05,0.00017165011567282535,0.00012307241033998059,7.597160952137612e-05
YJR019C,40264.0,YJR019C_translation_Ribosome,0.0,0.0,0.0,0.0
YJR025C,20229.2,YJR025C_translation_Ribosome,0.0,0.0,0.0,0.0
YJR041C,135099.7,YJR041C_translation_Ribosome,1.3052281906777112e-05,0.00014033996567049855,8.728428384617765e-05,4.676050967646906e-05
YJR042W,84849.2,YJR042W_translation_Ribosome,0.0,0.0,0.0,0.0
YJR045C,70620.5,YJR045C_translation_Ribosome,0.00020046660627081944,0.0012299122216197617,0.0011196938687757188,0.0012135185293842214
YJR047C,17120.5,YJR047C_translation_Ribosome,0.0002893054943053392,0.00031800002034659515,0.00022400873666183607,0.00028791834772070793
YJR048W,12190.2,YJR048W_translation_Ribosome,9.349121750423313e-06,0.00034051879358602,0.0004285036554280184,0.0006756586244982332
YJR049C,59468.0,YJR049C_translation_Ribosome,0.0,0.0,0.0,0.0
YJR057W,24683.6,YJR057W_translation_Ribosome,0.0,0.0,0.0,0.0
YJR064W,61900.8,YJR064W_translation_Ribosome,1.6465391499563144e-05,0.0002660105970766467,0.00013549167435651172,6.0319371802479615e-05
YJR073C,23156.6,YJR073C_translation_Ribosome,2.0136326445072106e-07,9.401371540205313e-07,6.681039093736241e-07,4.2122150369432234e-07
YJR077C,32821.4,YJR077C_translation_Ribosome,0.0,0.0010140074257031233,0.0014042939214394814,0.002474684560846566
YJR078W,50779.0,YJR078W_translation_Ribosome,0.0,5.934750314004428e-06,0.0,0.0
YJR080C,44447.4,YJR080C_translation_Ribosome,0.0,0.0,0.0,0.0
YJR094WA,10108.2,YJR094WA_translation_Ribosome,0.0,0.001439819927318963,0.0,0.0
YJR095W,35359.8,YJR095W_translation_Ribosome,1.227545629181883e-06,1.2214077127962778e-05,8.40480326817973e-06,4.938578161391439e-06
YJR101W,30227.8,YJR101W_translation_Ribosome,8.780450627757403e-06,5.232402780982675e-05,4.9816231256223235e-05,5.5481011716171415e-05
YJR103W,64490.1,YJR103W_translation_Ribosome,0.0,0.0,0.0,0.0
YJR105W,36359.5,YJR105W_translation_Ribosome,2.8733742197504048e-06,1.3097865146627085e-05,1.1359938713315e-05,8.764105261372636e-06
YJR109C,123885.1,YJR109C_translation_Ribosome,1.562036852277777e-06,0.0,1.564271719634637e-05,0.0
YJR110W,80152.6,YJR110W_translation_Ribosome,0.0,0.0,0.0,0.0
YJR113C,27828.6,YJR113C_translation_Ribosome,8.083540593083509e-06,4.817103594401659e-05,4.586228482181747e-05,5.107744799967737e-05
YJR121W,54785.2,YJR121W_translation_Ribosome,0.0031486866369011893,0.004008569915671273,0.005071514495270844,0.008327264495250241
YJR123W,25040.9,YJR123W_translation_Ribosome,0.0015258616874174703,0.0035668454144161593,0.002930123982836005,0.0023010619416926415
YJR130C,72341.2,YJR130C_translation_Ribosome,0.0,0.0,0.0,0.0
YJR133W,23666.4,YJR133W_translation_Ribosome,0.0,0.0,0.0,0.0
YJR137C,161180.1,YJR137C_translation_Ribosome,4.6871126136509655e-06,5.7422676587563685e-05,4.097786386584592e-05,2.4639935141498917e-05
YJR139C,38502.4,YJR139C_translation_Ribosome,4.379594428382931e-05,0.0004463505435203321,0.0003192774115917667,0.0001940091172049292
YJR143C,87959.7,YJR143C_translation_Ribosome,0.0,0.0,0.0,0.0
YJR145C,29432.7,YJR145C_translation_Ribosome,0.0017934750463143166,0.004192416847193451,0.003444023982748914,0.0027046338514692767
YJR148W,41625.1,YJR148W_translation_Ribosome,7.969845198984412e-07,8.291758891158931e-06,5.963159310793107e-06,3.6190062576451652e-06
YJR152W,60857.7,YJR152W_translation_Ribosome,0.0,0.0,0.0,0.0
YJR153W,37291.3,YJR153W_translation_Ribosome,0.0,0.0,0.0,0.0
YJR158W,62924.9,YJR158W_translation_Ribosome,0.0,0.0,0.0,0.0
YJR159W,38164.0,YJR159W_translation_Ribosome,0.0,0.0,0.0,0.0
YJR160C,67262.5,YJR160C_translation_Ribosome,0.0,0.0,0.0,0.0
YKL001C,23062.7,YKL001C_translation_Ribosome,1.188901960098315e-05,0.0001456545604434883,0.00010394173702772928,6.250002848471116e-05
YKL003C,15028.9,YKL003C_translation_Ribosome,4.365534853330484e-06,2.601487973160816e-05,2.4768033331127416e-05,2.7584494305942497e-05
YKL004W,45186.5,YKL004W_translation_Ribosome,1.9876018658199973e-08,8.41336946600958e-08,7.324661075350004e-08,5.549268538409675e-08
YKL006W,15186.4,YKL006W_translation_Ribosome,0.0009253799156498633,0.0021631627138597085,0.001777014198888247,0.0013955108271396445
YKL008C,49007.5,YKL008C_translation_Ribosome,0.0,0.0,0.0,0.0
YKL009W,27061.3,YKL009W_translation_Ribosome,2.6144522627649613e-06,2.8110957411445486e-05,1.748357835322038e-05,9.36641739772799e-06
YKL010C,167753.9,YKL010C_translation_Ribosome,0.0012050247368828744,0.0013819016785625354,0.001316686290222652,0.0012692355441980081
YKL014C,203286.5,YKL014C_translation_Ribosome,1.9639960013545885e-05,0.00021117160460960166,0.00013133794203907186,7.03612247129011e-05
YKL016C,19812.8,YKL016C_translation_Ribosome,0.0003795690478425797,0.00048322657716081357,0.0006113628156990221,0.0010038381776556078
YKL019W,37491.9,YKL019W_translation_Ribosome,0.0,0.0,0.0,0.0
YKL021C,53679.0,YKL021C_translation_Ribosome,5.18604734484154e-06,5.576110840532356e-05,3.4680558673179665e-05,1.8579296615189983e-05
YKL024C,22932.5,YKL024C_translation_Ribosome,1.959119532434912e-07,1.9048782788330143e-06,1.3167969501937954e-06,7.786017975229496e-07
YKL026C,19488.8,YKL026C_translation_Ribosome,0.0,0.0,0.0,0.0
YKL029C,74380.9,YKL029C_translation_Ribosome,4.1601004722504696e-06,2.5746257723355458e-05,1.7429793050882683e-05,1.1682116642812397e-05
YKL035W,55987.5,YKL035W_translation_Ribosome,0.0008819434181738106,0.0,0.005358511277320156,0.0033415833556414897
YKL055C,31192.5,YKL055C_translation_Ribosome,0.0,0.0,0.0,0.0
YKL057C,120404.6,YKL057C_translation_Ribosome,0.0,0.0,0.0,0.0
YKL060C,39609.1,YKL060C_translation_Ribosome,0.00034046571252192745,0.00713990448071274,0.005248387047978028,0.0012452207282500445
YKL067W,17168.9,YKL067W_translation_Ribosome,2.8356912749505332e-05,0.00012538111115327074,9.7953078646241e-05,6.807119262831679e-05
YKL068W,100005.5,YKL068W_translation_Ribosome,0.0,0.0,0.0,0.0
YKL078W,82730.5,YKL078W_translation_Ribosome,7.992777247385626e-06,8.593946196700053e-05,5.344995173739246e-05,2.86345591129301e-05
YKL080W,44185.8,YKL080W_translation_Ribosome,0.0,0.0,0.0,0.0
YKL081W,46521.5,YKL081W_translation_Ribosome,0.0010630126203984025,0.004854791934351319,0.003671877165322747,0.002503191917243187
YKL082C,50507.5,YKL082C_translation_Ribosome,4.879641689852345e-06,5.246659182886939e-05,3.2631537792910105e-05,1.7481581694735526e-05
YKL085W,35652.3,YKL085W_translation_Ribosome,0.00018181726054625482,0.00014104508404363077,0.0002352913805095792,0.0004687371831417996
YKL088W,65205.8,YKL088W_translation_Ribosome,0.0,0.0,0.0,0.0
YKL094W,35566.0,YKL094W_translation_Ribosome,0.0,0.0,0.0,0.0
YKL099C,29764.8,YKL099C_translation_Ribosome,2.8756433989034717e-06,3.091932113978976e-05,1.9230237016253243e-05,1.0302148845764767e-05
YKL104C,80035.5,YKL104C_translation_Ribosome,7.282067190655916e-11,3.9329040821752267e-10,3.1538941163497707e-10,2.21625879843225e-10
YKL106W,51807.0,YKL106W_translation_Ribosome,1.0371847797438738e-09,1.0270217318222152e-08,9.405574762707351e-09,9.7166938465573e-09
YKL120W,35166.5,YKL120W_translation_Ribosome,0.0,0.0,0.0,0.0
YKL127W,63111.4,YKL127W_translation_Ribosome,0.0,0.0,0.0,0.000380529078670882
YKL132C,48143.0,YKL132C_translation_Ribosome,0.0,0.0,0.0,0.0
YKL138C,15544.8,YKL138C_translation_Ribosome,4.515391425057836e-06,2.6907897614057083e-05,2.5618250472470338e-05,2.8531392655950525e-05
YKL140W,62973.6,YKL140W_translation_Ribosome,0.0,0.0,0.0,0.0
YKL141W,22083.3,YKL141W_translation_Ribosome,2.7334030525628713e-05,2.6404867458928143e-06,2.365320956682935e-05,6.744603361948864e-05
YKL143W,53343.5,YKL143W_translation_Ribosome,5.153633945109907e-06,5.5412594985364434e-05,3.4463801143515316e-05,1.846317384810423e-05
YKL145W,51974.5,YKL145W_translation_Ribosome,0.0003733478517466299,0.00042814890618011564,0.0004079434909780174,0.0003932420217468529
YKL146W,75467.2,YKL146W_translation_Ribosome,0.0,0.0,0.0,0.0
YKL148C,70229.3,YKL148C_translation_Ribosome,8.692767068298382e-05,0.0,7.522192564660754e-05,0.0
YKL152C,27611.8,YKL152C_translation_Ribosome,0.000116702324693616,0.0024347998820738654,0.0017899022003764952,0.000428198276966598
YKL155C,72213.4,YKL155C_translation_Ribosome,2.0976260044147982e-05,0.00012500069306539484,0.00011900963464751488,0.00013254264258280698
YKL156W,8885.6,YKL156W_translation_Ribosome,0.0005414420651700487,0.001265671825466985,0.0010397353793948144,0.000816516818049836
YKL165C,105683.8,YKL165C_translation_Ribosome,0.0,0.0,0.0,0.0
YKL167C,16026.0,YKL167C_translation_Ribosome,4.655168479361386e-06,2.7740850133992007e-05,2.641128107610324e-05,2.9414601584083628e-05
YKL170W,14919.0,YKL170W_translation_Ribosome,4.333611540221673e-06,2.5824643900475896e-05,2.4586915161261962e-05,2.7382780546171456e-05
YKL172W,49728.0,YKL172W_translation_Ribosome,4.804332464544423e-06,5.1656856476088044e-05,3.212792380073917e-05,1.721178229997145e-05
YKL174C,69225.0,YKL174C_translation_Ribosome,0.0,0.0,0.0,0.0
YKL180W,20572.9,YKL180W_translation_Ribosome,0.0,0.0029304199939396034,0.002407307552303905,0.001890487850686219
YKL181W,47035.0,YKL181W_translation_Ribosome,0.0,0.004388317394502179,0.003046295536083086,0.0017980137892047883
YKL182W,228654.9,YKL182W_translation_Ribosome,0.008485523108817082,0.035918582214346365,0.03127063919991467,0.023691085840413732
YKL184W,52270.7,YKL184W_translation_Ribosome,0.0,0.0,0.0,0.0
YKL186C,20784.9,YKL186C_translation_Ribosome,2.008075326623017e-06,2.1591107548460474e-05,1.3428565062057266e-05,7.194039050970815e-06
YKL188C,97142.6,YKL188C_translation_Ribosome,0.0,0.0,0.0,0.0
YKL192C,13937.8,YKL192C_translation_Ribosome,0.0,0.0,0.0,0.0
YKL194C,54097.6,YKL194C_translation_Ribosome,1.1608894036758228e-06,6.889329440720212e-06,6.567755165191812e-06,7.324033019795152e-06
YKL205W,126791.6,YKL205W_translation_Ribosome,0.0,0.0,0.0,0.0
YKL211C,53485.9,YKL211C_translation_Ribosome,4.8364634251325945e-06,5.098886258694888e-05,3.3235927538185184e-05,1.873466313274809e-05
YKL212W,71125.2,YKL212W_translation_Ribosome,0.0,0.0,0.0,0.0
YKL216W,34798.2,YKL216W_translation_Ribosome,2.558221848009261e-05,0.00025454303464751194,0.00017515724741903839,0.00010292064303135596
YKL217W,69367.7,YKL217W_translation_Ribosome,0.0,0.0,0.0,0.0
YKR006C,30277.7,YKR006C_translation_Ribosome,8.794945380479239e-06,5.241040422450828e-05,4.9898467804688076e-05,5.55725996744296e-05
YKR009C,98719.1,YKR009C_translation_Ribosome,0.0,0.0,0.0,0.0
YKR024C,83331.5,YKR024C_translation_Ribosome,8.050841191465241e-06,8.65637736373297e-05,5.3838241678758374e-05,2.884257634994512e-05
YKR026C,34015.4,YKR026C_translation_Ribosome,0.0005747987565196014,0.0006318096955169286,0.00044506566870401097,0.0005720427420378474
YKR031C,195204.3,YKR031C_translation_Ribosome,0.0,0.0,0.0,0.0
YKR038C,42748.0,YKR038C_translation_Ribosome,0.0,0.0,0.0,0.0
YKR039W,65661.0,YKR039W_translation_Ribosome,0.0,0.0,0.0,0.0
YKR043C,31014.3,YKR043C_translation_Ribosome,0.0,0.0,0.0,0.0
YKR053C,46489.5,YKR053C_translation_Ribosome,0.0,0.0,0.0,0.0
YKR056W,72866.2,YKR056W_translation_Ribosome,0.0,0.0,0.0,0.0
YKR057W,9745.0,YKR057W_translation_Ribosome,0.0,0.0,0.0,0.0
YKR058W,69655.1,YKR058W_translation_Ribosome,0.00017433527468584188,0.0,0.0,0.0
YKR059W,44684.5,YKR059W_translation_Ribosome,0.000755087255645976,0.000829979960233488,0.0005846627372661906,0.000751466803465201
YKR060W,31632.3,YKR060W_translation_Ribosome,3.0560667193172565e-06,3.285925798561293e-05,2.04367785561881e-05,1.0948525202046872e-05
YKR061W,50643.7,YKR061W_translation_Ribosome,0.0,0.0,0.0,0.0
YKR066C,40348.3,YKR066C_translation_Ribosome,0.0,0.0,0.0,0.0
YKR067W,83674.9,YKR067W_translation_Ribosome,3.335691063735879e-05,0.00031145566652446754,0.00027115262279935076,0.0002054291254337728
YKR069W,66120.8,YKR069W_translation_Ribosome,0.0,0.0,0.0,0.0
YKR072C,62438.6,YKR072C_translation_Ribosome,0.0,0.0,0.0,0.0
YKR080W,36239.0,YKR080W_translation_Ribosome,0.0,0.0,0.0,0.0
YKR081C,39606.2,YKR081C_translation_Ribosome,3.826442898512695e-06,4.1142450711133326e-05,2.5588500957947952e-05,1.3708439754848965e-05
YKR082W,133274.2,YKR082W_translation_Ribosome,0.0,0.0,0.0,0.0
YKR084C,68709.1,YKR084C_translation_Ribosome,0.0002790099558884361,0.0014406431521312357,0.0010464800049339322,0.0006915576613148874
YKR085C,22413.3,YKR085C_translation_Ribosome,6.5105258753569555e-06,3.879720431225527e-05,3.69377240823053e-05,4.113804378413463e-05
YKR089C,102720.8,YKR089C_translation_Ribosome,0.0,8.305475881539304e-08,7.230729156438313e-08,6.339601093686606e-09
YKR094C,14568.3,YKR094C_translation_Ribosome,0.0008877161292447128,0.0020751200656062255,0.001704688138970635,0.0013387122940933
YKR095W,218385.3,YKR095W_translation_Ribosome,0.0,0.0,0.0,0.0
YKR095WA,9990.6,YKR095WA_translation_Ribosome,0.0,0.0,0.0,0.0
YKR097W,60973.8,YKR097W_translation_Ribosome,0.0,0.0,0.0,0.0
YLL008W,84831.1,YLL008W_translation_Ribosome,8.195720876226964e-06,8.812154032755535e-05,5.480709292014327e-05,2.936161569874333e-05
YLL011W,56806.7,YLL011W_translation_Ribosome,5.4882213846049635e-06,5.901012606137771e-05,3.670128155106681e-05,1.9661851543995094e-05
YLL012W,66499.4,YLL012W_translation_Ribosome,0.0,0.0,0.0,0.0
YLL015W,176877.6,YLL015W_translation_Ribosome,0.0,0.0,0.0,0.0
YLL018C,63510.1,YLL018C_translation_Ribosome,0.00022558105655311664,0.0010839153564123996,0.0008171209889001675,0.0005425750705629688
YLL024C,69447.5,YLL024C_translation_Ribosome,9.577426971225971e-05,0.001212153168504846,0.000888387911345453,0.0003537256562991698
YLL026W,102009.9,YLL026W_translation_Ribosome,0.0,0.0,0.0,0.0
YLL028W,64269.7,YLL028W_translation_Ribosome,0.0,0.0,0.0,0.0
YLL031C,115622.1,YLL031C_translation_Ribosome,0.0,0.0,0.0,0.0
YLL034C,93053.3,YLL034C_translation_Ribosome,8.990085869590401e-06,9.666266414748961e-05,6.0119235276048154e-05,3.2207471482744805e-05
YLL041C,30244.8,YLL041C_translation_Ribosome,3.7436084572574535e-05,3.6163523355738947e-06,3.239491347338668e-05,9.237259819024829e-05
YLL043W,73873.3,YLL043W_translation_Ribosome,0.0,0.0,0.0,0.0
YLL045C,28137.3,YLL045C_translation_Ribosome,0.0,0.0,0.0,0.0
YLL048C,189169.9,YLL048C_translation_Ribosome,0.0,0.0,0.0,0.0
YLL052C,17014.3,YLL052C_translation_Ribosome,0.0,0.0001102078139356465,5.072448459628261e-05,9.736812974090612e-05
YLL057C,46975.0,YLL057C_translation_Ribosome,0.0,0.0,0.0,0.0
YLL061W,64222.3,YLL061W_translation_Ribosome,0.0,0.0,0.0,0.0
YLL062C,36705.1,YLL062C_translation_Ribosome,0.0,0.0,0.0,0.0
YLR002C,75572.8,YLR002C_translation_Ribosome,7.301255961963536e-06,7.850412811888888e-05,4.882555421107829e-05,2.61571465049727e-05
YLR008C,17916.6,YLR008C_translation_Ribosome,1.2456465991822251e-05,6.475597834089307e-05,6.003089211119431e-05,6.720337323048002e-05
YLR009W,23989.0,YLR009W_translation_Ribosome,2.3176305399765955e-06,2.4919488618180425e-05,1.5498647925835183e-05,8.303037435529584e-06
YLR011W,21276.8,YLR011W_translation_Ribosome,0.0,0.0,0.0,0.0
YLR017W,37858.0,YLR017W_translation_Ribosome,0.0,0.0,0.0,0.0
YLR018C,34246.8,YLR018C_translation_Ribosome,0.0,0.0,0.0,0.0
YLR020C,62450.2,YLR020C_translation_Ribosome,0.0,0.0,0.0,0.0
YLR022C,28293.7,YLR022C_translation_Ribosome,2.7335171624050943e-06,2.9391159911468236e-05,1.827979885861032e-05,9.792973875094561e-06
YLR027C,46061.1,YLR027C_translation_Ribosome,6.245352388836593e-06,6.405612881221816e-05,4.5555806996723224e-05,2.7447386390759327e-05
YLR028C,65277.0,YLR028C_translation_Ribosome,0.0,0.0,0.0,0.0
YLR029C,24463.9,YLR029C_translation_Ribosome,0.0014907023203963217,0.003484657082362674,0.002862607178803547,0.0022480401756875597
YLR038C,9784.0,YLR038C_translation_Ribosome,7.503716690960088e-06,9.657391654363039e-06,1.2152714339830479e-05,1.9864144065914185e-05
YLR043C,11232.1,YLR043C_translation_Ribosome,9.080103202550445e-07,9.932342595831422e-05,7.094716766738473e-05,4.272321354775993e-05
YLR044C,61486.9,YLR044C_translation_Ribosome,8.900074983577107e-05,0.01699645247838051,0.012083246111307816,0.0009273701089392981
YLR048W,27945.6,YLR048W_translation_Ribosome,0.0,0.0,0.0,0.0
YLR056W,42730.6,YLR056W_translation_Ribosome,0.0,0.0,0.0,0.0
YLR058C,52218.0,YLR058C_translation_Ribosome,5.685044442754116e-06,3.548318141590038e-05,2.6039955891847866e-05,1.7059065210564694e-05
YLR059C,30868.7,YLR059C_translation_Ribosome,2.9822936283036202e-06,3.206603936420968e-05,1.994343712652585e-05,1.0684229091922636e-05
YLR060W,67349.5,YLR060W_translation_Ribosome,8.884305328252041e-07,4.555779265118482e-06,3.4449647126285534e-06,2.2323904455339894e-06
YLR061W,13692.5,YLR061W_translation_Ribosome,0.0008343494504975344,0.0,0.0,0.0
YLR068W,18215.7,YLR068W_translation_Ribosome,1.7598592115991365e-06,1.892225306691355e-05,1.1768674018201508e-05,6.30479132162142e-06
YLR069C,84570.6,YLR069C_translation_Ribosome,0.0,0.0,0.0,0.0
YLR070C,38593.7,YLR070C_translation_Ribosome,0.0,0.0,0.0,0.0
YLR074C,18521.2,YLR074C_translation_Ribosome,1.789374244737777e-06,1.923960284276307e-05,1.1966049354453233e-05,6.410530532782965e-06
YLR075W,25382.9,YLR075W_translation_Ribosome,0.0015467013815617212,0.00361556016235774,0.002970142608449698,0.0023324890542987735
YLR081W,63626.5,YLR081W_translation_Ribosome,0.0,0.0,0.0,0.0020081545012657002
YLR089C,66418.2,YLR089C_translation_Ribosome,4.306287263256431e-07,4.163065609061069e-06,3.842796374301063e-06,4.000353538905478e-06
YLR092W,99644.5,YLR092W_translation_Ribosome,0.0,0.0,0.0,0.0
YLR100W,39727.0,YLR100W_translation_Ribosome,2.029349223494501e-05,8.59008289659402e-05,7.478507401929191e-05,5.6658247272972726e-05
YLR105C,44113.8,YLR105C_translation_Ribosome,0.0,0.0,0.0,0.0
YLR106C,559077.9,YLR106C_translation_Ribosome,5.4013756941347336e-05,0.0005807634901715875,0.0003612051996838256,0.00019350722135467365
YLR109W,19108.8,YLR109W_translation_Ribosome,0.0,0.0,0.0,0.0
YLR129W,106322.1,YLR129W_translation_Ribosome,1.0272014091227047e-05,0.00011044613617954234,6.869185020782196e-05,3.6800049044316975e-05
YLR133W,66306.2,YLR133W_translation_Ribosome,1.6151113188567514e-06,1.1524707568933195e-06,1.2649322777754142e-06,0.0
YLR134W,61904.6,YLR134W_translation_Ribosome,0.0,0.0,0.0,0.0
YLR138W,109347.2,YLR138W_translation_Ribosome,0.0,0.0,0.0,0.0
YLR142W,53281.0,YLR142W_translation_Ribosome,0.0,0.0,0.0,0.0
YLR146C,34078.0,YLR146C_translation_Ribosome,0.0,0.0,0.0,0.0
YLR153C,75483.3,YLR153C_translation_Ribosome,4.43050415804355e-07,0.0,0.0,1.2818693774524246e-06
YLR155C,38672.8,YLR155C_translation_Ribosome,0.0,0.0,0.0,0.0
YLR157C,38672.8,YLR157C_translation_Ribosome,0.0,0.0,0.0,0.0
YLR158C,38672.8,YLR158C_translation_Ribosome,0.0,0.0,0.0,0.0
YLR160C,38672.8,YLR160C_translation_Ribosome,0.0,0.0,0.0,0.0
YLR163C,51082.3,YLR163C_translation_Ribosome,3.551482606823068e-05,0.0001846267881407746,0.00017115502048891315,0.0001916045941959607
YLR167W,17234.5,YLR167W_translation_Ribosome,0.0010501804348803912,0.0024548956824537176,0.0020166695998221763,0.0015837151234221545
YLR172C,33830.6,YLR172C_translation_Ribosome,0.0,0.0,0.0,0.0
YLR174W,46555.6,YLR174W_translation_Ribosome,0.0,0.0,0.0,0.0
YLR175W,54718.6,YLR175W_translation_Ribosome,5.286485408510706e-06,5.684103255253522e-05,3.535221628223791e-05,1.8939121439816966e-05
YLR180W,41803.6,YLR180W_translation_Ribosome,0.0,0.0010240124652432115,0.0008881385414041391,0.0006851920472443956
YLR185W,9872.7,YLR185W_translation_Ribosome,0.0006015907847308386,0.0014062751228153308,0.0011552394301061475,0.0009072235515396389
YLR186W,27899.8,YLR186W_translation_Ribosome,2.6954616090391023e-06,2.8981981264309065e-05,1.8025310659102776e-05,9.656637785809675e-06
YLR189C,136054.6,YLR189C_translation_Ribosome,0.0,0.0,0.0,0.0
YLR192C,29554.5,YLR192C_translation_Ribosome,0.0004994176123037966,0.0005489519348928739,0.00038669818099192397,0.0004970230313198599
YLR197W,56874.8,YLR197W_translation_Ribosome,5.494800676771058e-06,5.908086753350652e-05,3.674527913011342e-05,1.9685422215943057e-05
YLR200W,13276.0,YLR200W_translation_Ribosome,5.0113417275880095e-06,7.626880979155911e-05,3.814043511743669e-05,2.02399677047566e-05
YLR201C,29962.8,YLR201C_translation_Ribosome,0.0,0.0,0.0,0.0
YLR208W,33031.2,YLR208W_translation_Ribosome,0.0,0.0,0.0,0.0
YLR209C,33754.3,YLR209C_translation_Ribosome,0.0,0.0,0.0,0.0
YLR221C,24642.5,YLR221C_translation_Ribosome,2.3807666255939498e-06,2.559833666570141e-05,1.5920856705673162e-05,8.529225895411972e-06
YLR222C,91005.6,YLR222C_translation_Ribosome,8.79225302717471e-06,9.453553767938141e-05,5.879627136101491e-05,3.149872456721127e-05
YLR231C,51014.4,YLR231C_translation_Ribosome,0.0,8.943393718429331e-06,0.0,0.0
YLR237W,66902.4,YLR237W_translation_Ribosome,0.0,0.0,0.0,0.0
YLR240W,100924.3,YLR240W_translation_Ribosome,0.0,0.0,0.0,0.0
YLR245C,15536.3,YLR245C_translation_Ribosome,0.0,0.0,0.0,0.0
YLR249W,115924.9,YLR249W_translation_Ribosome,0.0026488748582574285,0.0,0.009149790810750364,0.0
YLR258W,80064.6,YLR258W_translation_Ribosome,0.0,0.0,0.0,0.0
YLR259C,60741.2,YLR259C_translation_Ribosome,0.0,0.0,0.0,0.0
YLR260W,77561.5,YLR260W_translation_Ribosome,0.0,0.0,0.0,0.0
YLR264W,7570.0,YLR264W_translation_Ribosome,0.00046127627097070187,0.0010782767307537001,0.000885792385659803,0.0006956235158725644
YLR276C,68077.4,YLR276C_translation_Ribosome,6.577108729926329e-06,7.071799551691674e-05,4.398297779424953e-05,2.3562849669161773e-05
YLR284C,31701.8,YLR284C_translation_Ribosome,0.0,0.0,0.0,0.0
YLR285W,29614.7,YLR285W_translation_Ribosome,0.0,0.0,0.0,0.0
YLR287CA,7134.7,YLR287CA_translation_Ribosome,0.00043475136202043147,0.0010162722577157757,0.0008348563981462348,0.0006556228664063388
YLR291C,42571.1,YLR291C_translation_Ribosome,0.0007193746168991576,0.0007907251929661481,0.0005570105037414029,0.0007159253977776951
YLR295C,14117.9,YLR295C_translation_Ribosome,0.0002704674685323001,0.0003443301549351253,0.00043563550309684763,0.0007152995542439286
YLR299W,73164.1,YLR299W_translation_Ribosome,0.0,0.0,0.0,0.0
YLR300W,51280.2,YLR300W_translation_Ribosome,0.0,0.0,0.0,0.0
YLR303W,48663.0,YLR303W_translation_Ribosome,3.679308418216376e-05,0.0003736027918600114,0.00026538421442974313,0.00015835534552651113
YLR304C,85372.2,YLR304C_translation_Ribosome,0.009312765854338404,0.007222775812318225,0.012050355559000862,0.024007734354489003
YLR305C,214607.9,YLR305C_translation_Ribosome,0.0,0.0,0.0,0.0
YLR307W,34625.5,YLR307W_translation_Ribosome,0.0,0.0,0.0,0.0
YLR308W,35676.4,YLR308W_translation_Ribosome,0.0,0.0,0.0,0.0
YLR312WA,28177.9,YLR312WA_translation_Ribosome,8.185003862136356e-06,4.877567084678731e-05,4.643794066107136e-05,5.171856370748472e-05
YLR316C,37104.9,YLR316C_translation_Ribosome,0.0,0.0,0.0,0.0
YLR325C,8840.7,YLR325C_translation_Ribosome,0.0005387060936288883,0.0012592762342898594,0.0010344814721139526,0.0008123908608685047
YLR328W,45853.5,YLR328W_translation_Ribosome,0.0,0.0,0.0,0.0
YLR333C,12025.5,YLR333C_translation_Ribosome,0.0,0.0,0.0,0.0
YLR335W,77881.6,YLR335W_translation_Ribosome,0.0,0.0,0.0,0.0
YLR336C,102841.0,YLR336C_translation_Ribosome,9.93569729299817e-06,0.00010683001079587697,6.644280509153429e-05,3.559517582672467e-05
YLR340W,33701.4,YLR340W_translation_Ribosome,0.002053587334014797,0.004800453819527443,0.003943519617711397,0.0030968938385505466
YLR342W,214847.9,YLR342W_translation_Ribosome,0.0,0.0,0.0,0.0
YLR344W,14252.0,YLR344W_translation_Ribosome,0.0,0.0,0.0,0.0
YLR348C,33006.0,YLR348C_translation_Ribosome,0.0,0.0,0.0,0.0
YLR354C,37034.7,YLR354C_translation_Ribosome,0.00022693556543548375,0.0019036206753602362,0.0014069169072673774,0.000893527370593794
YLR355C,44377.0,YLR355C_translation_Ribosome,0.0010050472821083966,0.009184804671967814,0.006585466284424715,0.004065155396684179
YLR359W,54504.0,YLR359W_translation_Ribosome,0.00019048871783434052,0.0019067594663888642,0.001340771935892196,0.0007979468738637469
YLR367W,14635.3,YLR367W_translation_Ribosome,0.0,0.0,0.0,0.0
YLR372W,39478.6,YLR372W_translation_Ribosome,3.4343917884990713e-07,2.1833862500497704e-06,1.2656335397604446e-06,4.77612058923929e-07
YLR377C,38255.9,YLR377C_translation_Ribosome,0.0,0.0,0.0,0.0
YLR382C,101929.3,YLR382C_translation_Ribosome,3.177812771740345e-07,1.8839097654116996e-06,1.7967715600719437e-06,2.004457491125303e-06
YLR386W,99751.4,YLR386W_translation_Ribosome,0.0,0.0,0.0,0.0
YLR387C,49691.5,YLR387C_translation_Ribosome,4.800806118522948e-06,5.161894070908802e-05,3.210434213208716e-05,1.7199148973596997e-05
YLR388W,6669.9,YLR388W_translation_Ribosome,0.0,0.0,0.0,0.0
YLR395C,8917.9,YLR395C_translation_Ribosome,6.839472105305905e-06,8.802499288066652e-06,1.1076930826980192e-05,1.8105728778149638e-05
YLR397C,84731.5,YLR397C_translation_Ribosome,8.186098299138227e-06,8.801807702911144e-05,5.4742744038013416e-05,2.932714229307495e-05
YLR401C,76596.5,YLR401C_translation_Ribosome,0.0,0.0,0.0,0.0
YLR405W,41700.1,YLR405W_translation_Ribosome,0.0,0.0,0.0,0.0
YLR406C,12976.4,YLR406C_translation_Ribosome,0.0007907140558288263,0.0018483685824243477,0.0015184143082266665,0.0011924291930473902
YLR409C,104793.0,YLR409C_translation_Ribosome,1.0124284345982217e-05,0.00010885772523927555,6.770393980958131e-05,3.627079919885997e-05
YLR410W,129769.8,YLR410W_translation_Ribosome,0.0,0.0,0.0,0.0
YLR420W,40307.6,YLR420W_translation_Ribosome,6.458366435258334e-07,6.426073612714839e-06,4.42193740352757e-06,2.5982860984717367e-06
YLR421C,17889.1,YLR421C_translation_Ribosome,0.00012850257442939585,0.00014736454602827745,0.00014041004539639342,0.00013534994759413992
YLR430W,252527.1,YLR430W_translation_Ribosome,2.439720368217616e-05,0.0002623221557477223,0.0001631509698041675,8.740430884095722e-05
YLR432W,56585.5,YLR432W_translation_Ribosome,0.0,0.0,0.0007417977778465523,0.0
YLR438W,46081.4,YLR438W_translation_Ribosome,0.0,0.0,0.0,0.0
YLR439W,36965.3,YLR439W_translation_Ribosome,1.0737532721211623e-05,6.39865747821075e-05,6.0919813326000194e-05,6.784722151105245e-05
YLR441C,28763.9,YLR441C_translation_Ribosome,0.0,0.004097152451218804,0.0033657653371043606,0.0026431763868172862
YLR447C,39765.8,YLR447C_translation_Ribosome,0.0,0.0,0.0,0.0
YLR448W,20004.8,YLR448W_translation_Ribosome,0.0,0.0,0.0,0.0
YLR449W,43868.6,YLR449W_translation_Ribosome,4.238242824045075e-06,4.557018126622659e-05,2.8342322998011306e-05,1.5183735380560804e-05
YLR450W,115694.0,YLR450W_translation_Ribosome,0.0,0.0,0.0,0.0
YML004C,37205.3,YML004C_translation_Ribosome,0.0,0.0,0.0,0.0
YML005W,52728.0,YML005W_translation_Ribosome,0.0,0.0,0.0,0.0
YML008C,43422.2,YML008C_translation_Ribosome,0.0,0.0,0.0,0.0
YML009C,7987.8,YML009C_translation_Ribosome,2.3202642443181637e-06,1.3826804112086693e-05,1.3164110257063365e-05,1.4661047955406416e-05
YML022W,20580.9,YML022W_translation_Ribosome,0.0,0.0,0.0,0.0
YML024W,15805.7,YML024W_translation_Ribosome,0.0,0.0,0.0,0.0
YML025C,31979.0,YML025C_translation_Ribosome,9.289132210251953e-06,5.535533797796895e-05,5.2702256179502414e-05,5.869521677632662e-05
YML026C,17049.9,YML026C_translation_Ribosome,0.0,0.0,0.0,0.0
YML031W,74139.3,YML031W_translation_Ribosome,0.0,0.0,0.0,0.0
YML035C,93288.5,YML035C_translation_Ribosome,0.0,0.0,0.0,0.0
YML036W,20661.0,YML036W_translation_Ribosome,0.0,0.0,0.0,0.0
YML042W,77246.6,YML042W_translation_Ribosome,0.0,0.0,0.0,0.0
YML054C,65546.1,YML054C_translation_Ribosome,0.0,0.0,0.0,0.0
YML056C,56398.6,YML056C_translation_Ribosome,0.0,0.0,0.0,0.0
YML059C,187138.8,YML059C_translation_Ribosome,0.0,0.0,0.0,0.0
YML063W,28832.9,YML063W_translation_Ribosome,0.001756926366350218,0.0,0.0,0.0
YML070W,62192.1,YML070W_translation_Ribosome,0.0,0.0,0.0,0.0
YML073C,19980.8,YML073C_translation_Ribosome,0.0012175256162498546,0.002846080806055948,0.0023380238440411346,0.0018360785133350772
YML074C,46495.0,YML074C_translation_Ribosome,4.491985158039595e-06,4.829845442920917e-05,3.0039169423973774e-05,1.6092781089872358e-05
YML075C,115631.8,YML075C_translation_Ribosome,0.00035440479620459846,0.0015001688931122797,0.0013060437607339578,0.0009894775303143906
YML080W,48140.0,YML080W_translation_Ribosome,0.0,0.0,0.0,0.0
YML081CA,6691.9,YML081CA_translation_Ribosome,0.00012820187511395457,0.00016321286903933055,0.00020649170366511982,0.00033905276897023954
YML086C,59491.2,YML086C_translation_Ribosome,0.0,0.0,0.0,0.0
YML092C,27158.1,YML092C_translation_Ribosome,0.00019508447974526252,0.00022371953186524544,0.0002131616489303426,0.0002054797285361707
YML093W,102977.5,YML093W_translation_Ribosome,9.948884860996286e-06,0.00010697180537657571,6.653099407156167e-05,3.5642421006179824e-05
YML094W,18359.1,YML094W_translation_Ribosome,6.930078631437257e-06,0.00010547052620098016,5.2743602166656524e-05,2.7989423854202837e-05
YML100W,123007.1,YML100W_translation_Ribosome,0.00011227111560561282,0.0,0.0,0.0
YML103C,188543.0,YML103C_translation_Ribosome,0.0,0.0,0.0,0.0
YML106W,24662.7,YML106W_translation_Ribosome,0.00011854892422676118,0.0011795616142657732,0.0008116850095782807,0.0004769379763365066
YML110C,34681.9,YML110C_translation_Ribosome,0.0,0.0,0.0,0.0
YML120C,57264.4,YML120C_translation_Ribosome,0.00015926667056728714,0.00010091533728713361,0.00019156237363623102,0.0004056111690619815
YML123C,64372.6,YML123C_translation_Ribosome,0.0,0.0,0.0,0.0
YML126C,55018.1,YML126C_translation_Ribosome,3.6658106308099355e-05,0.00015517101165884312,0.0001350915437283636,0.00010234729575950893
YMR006C,75429.1,YMR006C_translation_Ribosome,0.0,0.0,0.0,0.0
YMR008C,71639.9,YMR008C_translation_Ribosome,0.0,0.0,0.0,0.0
YMR009W,20870.5,YMR009W_translation_Ribosome,0.0,0.0,0.0,0.0
YMR011W,59847.2,YMR011W_translation_Ribosome,0.006661135000477516,0.0031242486033396044,0.0,0.0
YMR013C,58916.6,YMR013C_translation_Ribosome,0.0,0.0,0.0,0.0
YMR015C,61337.9,YMR015C_translation_Ribosome,0.0,0.0,0.0,0.0
YMR020W,57792.2,YMR020W_translation_Ribosome,0.0,0.0,0.0,0.0
YMR024W,44015.4,YMR024W_translation_Ribosome,1.2785417614281993e-05,7.619022931409656e-05,7.253856864327434e-05,8.078718673181546e-05
YMR041C,38210.7,YMR041C_translation_Ribosome,0.0,0.0,0.0,0.0
YMR047C,116252.9,YMR047C_translation_Ribosome,0.0,0.0,0.0,0.0
YMR049C,91666.3,YMR049C_translation_Ribosome,8.856084720774382e-06,9.522186500148869e-05,5.922313186727191e-05,3.1727405080515466e-05
YMR054W,101631.5,YMR054W_translation_Ribosome,0.0,0.0,0.0,0.0
YMR056C,34137.0,YMR056C_translation_Ribosome,0.0009903786234968083,0.0,0.0,0.0
YMR059W,14889.2,YMR059W_translation_Ribosome,0.0,0.0,0.0,0.0
YMR060C,37493.2,YMR060C_translation_Ribosome,0.0,0.0,0.0,0.0
YMR062C,47849.3,YMR062C_translation_Ribosome,1.0208284322339362e-05,0.00022045698118071044,0.000149583116481764,8.3271525782161e-05
YMR083W,40375.0,YMR083W_translation_Ribosome,0.0,0.0,0.0,0.0
YMR088C,62649.9,YMR088C_translation_Ribosome,0.0,0.0,0.0,0.0
YMR093W,57700.2,YMR093W_translation_Ribosome,5.5745444029662576e-06,5.993828326177556e-05,3.7278547878205644e-05,1.9971108451271173e-05
YMR101C,40216.5,YMR101C_translation_Ribosome,0.0,0.0,0.0,0.0
YMR105C,63084.0,YMR105C_translation_Ribosome,6.916821919626308e-05,0.00019069653263447645,0.00019527033040565872,0.0
YMR108W,74941.7,YMR108W_translation_Ribosome,2.805412449562836e-05,0.00022164773564002332,0.0002938707939515872,9.90973551240309e-05
YMR113W,47847.7,YMR113W_translation_Ribosome,0.0,0.0,0.0,0.0
YMR116C,34800.6,YMR116C_translation_Ribosome,0.0021205668422117577,0.004957024728701085,0.0040721408845961074,0.00319790168117236
YMR120C,65257.9,YMR120C_translation_Ribosome,0.000156613152816665,0.0015749211178442564,0.0011130537444990233,0.0006640715445195425
YMR121C,24463.9,YMR121C_translation_Ribosome,0.0,0.0,0.0,0.0
YMR128W,144939.1,YMR128W_translation_Ribosome,1.40028881819468e-05,0.00015056101766556816,9.364125564164486e-05,5.016610834849164e-05
YMR129W,151642.6,YMR129W_translation_Ribosome,0.0,0.0,0.0,0.0
YMR142C,22550.5,YMR142C_translation_Ribosome,0.0013741097157892752,0.0032121108873000414,0.0026387134997122043,0.0020722137509490437
YMR143W,15863.7,YMR143W_translation_Ribosome,0.0,0.0,0.0,0.0
YMR145C,62789.8,YMR145C_translation_Ribosome,0.0,0.0,0.0,0.0
YMR146C,38742.7,YMR146C_translation_Ribosome,0.0006546815790557206,0.0007196156297001859,0.0005069187980414425,0.0006515425466685591
YMR153W,52634.5,YMR153W_translation_Ribosome,0.0,0.0,0.0,0.0
YMR158W,17481.9,YMR158W_translation_Ribosome,5.078072497151369e-06,3.026099887416915e-05,2.8810643619389078e-05,3.208680415779306e-05
YMR165C,94989.7,YMR165C_translation_Ribosome,0.0,0.0,0.0,0.0
YMR169C,55379.7,YMR169C_translation_Ribosome,0.0,0.0,0.0,0.0
YMR170C,55181.2,YMR170C_translation_Ribosome,0.0,0.0,0.0,0.0
YMR186W,80858.0,YMR186W_translation_Ribosome,2.7700077522140534e-05,0.0004801716587234374,0.0002245459008219997,0.00012128130107447215
YMR188C,27645.3,YMR188C_translation_Ribosome,8.030296341101295e-06,4.785374542675958e-05,4.5560201468438596e-05,5.074101367605561e-05
YMR189W,114448.5,YMR189W_translation_Ribosome,0.0,0.0,0.0,0.0
YMR193W,30079.7,YMR193W_translation_Ribosome,8.737431131202215e-06,5.206766815022084e-05,4.957215845406606e-05,5.520918452943719e-05
YMR194W,11144.5,YMR194W_translation_Ribosome,0.0006790876356450446,0.0,0.0,0.0
YMR202W,24888.7,YMR202W_translation_Ribosome,0.0,0.0,0.0,0.0
YMR203W,42032.8,YMR203W_translation_Ribosome,2.9222857839449583e-05,0.00015191389089877638,0.0001408299633738001,0.00015765877424857527
YMR205C,104610.9,YMR205C_translation_Ribosome,0.0001624601477993492,0.0034069508163325594,0.0025043747554103126,0.0005941824275220856
YMR207C,241795.9,YMR207C_translation_Ribosome,0.0,0.0,0.0,0.0
YMR208W,48447.9,YMR208W_translation_Ribosome,1.0420351344801235e-05,4.4108564867578675e-05,3.840082020412787e-05,2.909301348086097e-05
YMR217W,58473.7,YMR217W_translation_Ribosome,7.32291493557703e-05,0.0007309284065240317,0.0005026562270569103,0.0002951024071941222
YMR220W,50447.3,YMR220W_translation_Ribosome,4.547589759610472e-05,0.00019249606012851868,0.00016758664937728714,0.00012696605498602445
YMR225C,11481.6,YMR225C_translation_Ribosome,3.3351293156517976e-06,1.987453793201314e-05,1.8921987071220953e-05,2.1073673377499976e-05
YMR226C,29157.7,YMR226C_translation_Ribosome,0.0,0.0,0.0,0.0
YMR229C,193111.0,YMR229C_translation_Ribosome,1.86568823713127e-05,0.00020060141592169076,0.00012476382507007206,6.683929560267428e-05
YMR230W,12741.6,YMR230W_translation_Ribosome,0.0,0.0,0.0,0.0
YMR241W,34203.1,YMR241W_translation_Ribosome,2.0827520593611626e-06,2.8350696213889502e-05,2.042250710970448e-05,1.1895201817207613e-05
YMR242C,20457.1,YMR242C_translation_Ribosome,0.001246548851106307,0.0029139253512155236,0.002393757386087339,0.0018798467406283533
YMR246W,77260.8,YMR246W_translation_Ribosome,0.0,0.0,0.0,0.0
YMR250W,65979.6,YMR250W_translation_Ribosome,0.0,0.0,0.0,0.0
YMR256C,6941.5,YMR256C_translation_Ribosome,5.323696791731343e-06,6.851674587976392e-06,8.62204278310847e-06,1.4093106708252586e-05
YMR259C,163565.5,YMR259C_translation_Ribosome,0.0,0.0,0.0,0.0
YMR260C,17423.3,YMR260C_translation_Ribosome,0.0002944222668105614,0.00032362429569842186,0.0002279706446353885,0.0002930105865974831
YMR261C,118818.2,YMR261C_translation_Ribosome,0.0,0.0,4.8793056923018665e-05,0.00014570556939891096
YMR267W,35572.9,YMR267W_translation_Ribosome,2.3191035790708283e-07,1.3490945412577463e-06,1.2777928072714795e-06,1.3979410440441495e-06
YMR271C,24813.8,YMR271C_translation_Ribosome,0.0,0.0,0.0,0.0
YMR272C,44871.7,YMR272C_translation_Ribosome,0.0,0.0,0.0,0.0
YMR276W,39334.2,YMR276W_translation_Ribosome,0.00028254892437969175,0.00032402225524959174,0.00030873083652228553,0.0002976047933466423
YMR278W,71056.6,YMR278W_translation_Ribosome,0.0,0.0,0.0,0.0
YMR281W,35451.3,YMR281W_translation_Ribosome,0.0,0.0,0.0,0.0
YMR282C,67554.4,YMR282C_translation_Ribosome,0.0,0.0,0.0,0.0
YMR283C,58883.2,YMR283C_translation_Ribosome,0.0,0.0,0.0,0.0
YMR285C,59542.3,YMR285C_translation_Ribosome,5.7525137729979776e-06,6.185183488891927e-05,3.846867916105117e-05,2.060869339687078e-05
YMR286W,9540.4,YMR286W_translation_Ribosome,2.771257291931822e-06,1.651433961177694e-05,1.5722837013506512e-05,1.7510736612554065e-05
YMR289W,42634.3,YMR289W_translation_Ribosome,0.0,0.0,0.0,0.0
YMR290C,56734.2,YMR290C_translation_Ribosome,5.481216998671898e-06,5.893481392144616e-05,3.665444125031967e-05,1.9636757950511592e-05
YMR293C,50925.1,YMR293C_translation_Ribosome,0.0,0.0,0.0,0.0
YMR296C,62198.6,YMR296C_translation_Ribosome,2.361486843955882e-05,9.995996506637452e-05,8.702492719154014e-05,6.593133601042753e-05
YMR298W,17204.8,YMR298W_translation_Ribosome,0.0,0.0,0.0,0.0
YMR300C,56713.0,YMR300C_translation_Ribosome,6.459502968764763e-05,0.0006408515205137997,0.0004412373189310024,0.00025947079252144927
YMR303C,36728.3,YMR303C_translation_Ribosome,0.0,0.0,0.0,0.0
YMR309C,93169.0,YMR309C_translation_Ribosome,0.0015743876404856257,0.001730541975740891,0.0012190455878068167,0.0015668388504302229
YMR313C,73621.3,YMR313C_translation_Ribosome,0.0,0.0,0.0,0.0
YMR314W,25604.3,YMR314W_translation_Ribosome,0.00018392308536832936,0.00021091983642954783,0.00020096600306012468,0.0001937235894027445
YMR318C,39613.9,YMR318C_translation_Ribosome,0.0,0.0,0.0,0.0
YMR319C,62778.5,YMR319C_translation_Ribosome,0.0,0.0,0.0,0.0
YNL001W,44050.1,YNL001W_translation_Ribosome,0.00017887610895618185,0.0009236109178507089,0.0006709089315001973,0.00044336462181409616
YNL002C,36570.5,YNL002C_translation_Ribosome,3.533157182967781e-06,3.798900156368198e-05,2.3627216806526145e-05,1.2657727730878097e-05
YNL003C,31040.3,YNL003C_translation_Ribosome,0.0,0.0,0.0,0.0
YNL005C,43253.3,YNL005C_translation_Ribosome,1.2564045849766746e-05,7.487104162614479e-05,7.128260724878426e-05,7.938840550959969e-05
YNL007C,37595.5,YNL007C_translation_Ribosome,2.0640819884073362e-05,0.000349063085772046,0.00018748991095838928,9.257032942207202e-05
YNL009W,47868.0,YNL009W_translation_Ribosome,0.0,0.0,0.0,0.0
YNL014W,115852.8,YNL014W_translation_Ribosome,0.0,0.012089920553120848,0.0,0.006233715433723576
YNL026W,54411.6,YNL026W_translation_Ribosome,0.0,0.0,0.0,0.0
YNL029C,61710.3,YNL029C_translation_Ribosome,0.0,0.0,0.0,0.0
YNL037C,39328.5,YNL037C_translation_Ribosome,0.0017152134738833535,0.00010414758317284655,0.0014454691555132483,0.0041850978582811385
YNL045W,77343.3,YNL045W_translation_Ribosome,0.0,0.0,0.0,0.0
YNL052W,17147.8,YNL052W_translation_Ribosome,0.0,1.692590153420753e-05,0.0,0.0
YNL061W,69780.8,YNL061W_translation_Ribosome,6.741677985076445e-06,7.248746722946036e-05,4.508349873621743e-05,2.415242797453845e-05
YNL062C,54389.9,YNL062C_translation_Ribosome,0.0,0.0,0.0,0.0
YNL064C,44666.2,YNL064C_translation_Ribosome,2.4522801641313392e-05,0.0004147124416941219,0.00022275170860474276,0.0001099803127510514
YNL067W,21667.5,YNL067W_translation_Ribosome,0.0,0.0,0.0,0.0
YNL069C,22277.6,YNL069C_translation_Ribosome,0.001357480614818614,0.003173238797495195,0.002606780508688881,0.0020471363853636244
YNL070W,6871.0,YNL070W_translation_Ribosome,4.776989784522041e-06,2.4832995764390962e-05,2.3021132980467165e-05,2.577209792975868e-05
YNL071W,51819.7,YNL071W_translation_Ribosome,4.0239033521018154e-05,4.9630386177754594e-05,6.388322449714047e-05,0.00010669121818378308
YNL073W,66141.0,YNL073W_translation_Ribosome,2.5663685315424193e-08,1.5977684075110638e-07,1.5011243223218358e-07,1.6496179473435685e-07
YNL075W,33487.6,YNL075W_translation_Ribosome,3.2353113706498912e-06,3.4786521616164855e-05,2.1635438004135157e-05,1.1590678912253135e-05
YNL081C,16106.3,YNL081C_translation_Ribosome,4.6784937026792895e-06,2.7879848653008567e-05,2.6543617646077726e-05,2.9561986615108334e-05
YNL096C,21646.6,YNL096C_translation_Ribosome,0.0013190307697746888,0.0030833586631351436,0.002532944974296366,0.0019891524436838905
YNL101W,80040.6,YNL101W_translation_Ribosome,0.0,0.0,0.0,0.0
YNL104C,68398.6,YNL104C_translation_Ribosome,2.5140176278646153e-06,2.350694539118961e-05,1.7048291789145038e-05,1.0577778939081045e-05
YNL106C,133346.6,YNL106C_translation_Ribosome,0.0,0.0,0.0,0.0
YNL110C,25455.4,YNL110C_translation_Ribosome,2.459302699042071e-06,2.6442767542258116e-05,1.6446049539843468e-05,8.810585649104997e-06
YNL112W,61007.3,YNL112W_translation_Ribosome,5.894050674955778e-06,6.337365950960518e-05,3.941517627270019e-05,2.1115757044503065e-05
YNL117W,62789.8,YNL117W_translation_Ribosome,0.0,0.0,0.0,0.0
YNL121C,70110.7,YNL121C_translation_Ribosome,4.874371964571234e-05,0.0002533923324317399,0.00023490434406252936,0.00026297479643777204
YNL122C,13269.0,YNL122C_translation_Ribosome,3.854326129579824e-06,2.296850994808061e-05,2.186767057274516e-05,2.4354321004567932e-05
YNL129W,27687.8,YNL129W_translation_Ribosome,0.0,0.0,0.0,0.0
YNL130C,44824.7,YNL130C_translation_Ribosome,0.0,3.7274011773939427e-07,1.0110197717467583e-07,0.0
YNL131W,16770.5,YNL131W_translation_Ribosome,1.165951203337606e-05,6.061152022510824e-05,5.6189187985580654e-05,6.290364842541376e-05
YNL137C,56383.7,YNL137C_translation_Ribosome,1.6378112004852653e-05,9.759963632222419e-05,9.2921861276094e-05,0.0001034883359126729
YNL141W,39618.2,YNL141W_translation_Ribosome,0.0,0.0,0.0,0.0
YNL142W,53397.1,YNL142W_translation_Ribosome,0.0,0.0,0.0,0.0
YNL153C,15169.2,YNL153C_translation_Ribosome,5.7259750628297715e-06,8.71449856500541e-05,4.357938297555142e-05,2.3126251740508727e-05
YNL162W,12239.0,YNL162W_translation_Ribosome,0.0007457807503844677,0.0017433327487046942,0.0014321285347543367,0.0011246679274457484
YNL163C,124416.7,YNL163C_translation_Ribosome,1.2020173563012468e-05,0.00012924259200306675,8.03822847719479e-05,4.3062925411857674e-05
YNL169C,56605.5,YNL169C_translation_Ribosome,1.0672939225494303e-07,0.0,4.1121712881627417e-07,3.1520404443082205e-07
YNL177C,34920.9,YNL177C_translation_Ribosome,1.0143683573626051e-05,6.0447738265576025e-05,5.7550586879476714e-05,6.409486836750442e-05
YNL178W,26510.1,YNL178W_translation_Ribosome,0.0016153870635482695,0.003776119413468119,0.003102040254039622,0.002436069876900035
YNL182C,61760.5,YNL182C_translation_Ribosome,5.966818998883845e-06,6.415607473438378e-05,3.9901798541979404e-05,2.1376453521906912e-05
YNL185C,16681.0,YNL185C_translation_Ribosome,4.845430263585879e-06,2.8874648763579224e-05,2.7490738776393247e-05,3.061680825059896e-05
YNL192W,129855.9,YNL192W_translation_Ribosome,0.0,0.0,0.0,0.0
YNL202W,31117.3,YNL202W_translation_Ribosome,0.0,0.0,0.0,0.0
YNL209W,66584.2,YNL209W_translation_Ribosome,0.0003800362166535586,0.004437626089532836,0.00291291739353312,0.0014211634764276753
YNL220W,48281.8,YNL220W_translation_Ribosome,5.16168187422912e-05,0.0005213320061454637,0.0003742088708462887,0.0002252462723891413
YNL221C,100455.3,YNL221C_translation_Ribosome,0.0,0.0,0.0,0.0
YNL224C,86927.4,YNL224C_translation_Ribosome,8.398249072523303e-06,9.029915189912114e-05,5.616145598850496e-05,3.008718397487408e-05
YNL227C,68775.5,YNL227C_translation_Ribosome,6.644553720545266e-06,7.144317351534735e-05,4.443400143496092e-05,2.3804475015518152e-05
YNL241C,57515.0,YNL241C_translation_Ribosome,2.0266925505675564e-06,1.6783868180347043e-05,1.2359001784477893e-05,7.848192421293848e-06
YNL244C,12313.3,YNL244C_translation_Ribosome,0.0002080725062369635,0.00022871000558007828,0.00016111017652160778,0.00020707485125956557
YNL247W,87526.0,YNL247W_translation_Ribosome,3.144829309194442e-06,1.3254674002274901e-05,1.0180795453927976e-05,7.112825642988448e-06
YNL252C,32218.0,YNL252C_translation_Ribosome,9.358555975793408e-06,5.576904465349772e-05,5.309613463808152e-05,5.913388455235282e-05
YNL256W,93108.8,YNL256W_translation_Ribosome,0.0,0.0,0.0,0.0
YNL267W,119912.6,YNL267W_translation_Ribosome,0.0,0.0,0.0,0.0
YNL268W,68088.1,YNL268W_translation_Ribosome,0.0,0.0,0.0,0.0
YNL270C,64015.9,YNL270C_translation_Ribosome,0.0,0.0,0.0,0.0
YNL277W,53649.0,YNL277W_translation_Ribosome,9.974482447523197e-07,8.036572792788336e-06,5.668597478729571e-06,3.3423817533953524e-06
YNL280C,50624.8,YNL280C_translation_Ribosome,1.9862017282925736e-07,8.407442788980251e-07,7.319501323277692e-07,5.545359436057227e-07
YNL282W,22624.0,YNL282W_translation_Ribosome,0.0,0.0,0.0,0.0
YNL284C,36383.1,YNL284C_translation_Ribosome,1.0568417590256661e-05,6.297879224448049e-05,5.99603319930096e-05,6.67786341503727e-05
YNL292W,45269.8,YNL292W_translation_Ribosome,0.0,0.0,0.0,0.0
YNL301C,20593.7,YNL301C_translation_Ribosome,0.0,0.002933382762235465,0.0024097414336277786,0.0018923992072423816
YNL302C,15897.3,YNL302C_translation_Ribosome,0.0,0.002264423866817806,0.001860199113943142,0.001460836950975022
YNL306W,24580.8,YNL306W_translation_Ribosome,7.140132619336477e-06,4.254912573153816e-05,4.0509822655402385e-05,4.511633836378653e-05
YNL316C,38217.6,YNL316C_translation_Ribosome,5.369277997677142e-08,7.212399282761877e-07,5.2064002256175e-07,3.040169360645772e-07
YNL318C,60980.0,YNL318C_translation_Ribosome,0.0,0.0,0.0,0.0
YNL325C,101720.8,YNL325C_translation_Ribosome,0.0,0.0,0.0,0.0
YNR001C,53362.5,YNR001C_translation_Ribosome,0.0,0.0,0.0,0.0
YNR008W,75385.0,YNR008W_translation_Ribosome,5.43805668233499e-07,2.3018885639202484e-06,2.0040191545199986e-06,1.5182737235426824e-06
YNR012W,56297.7,YNR012W_translation_Ribosome,0.0,0.0,0.0,0.0
YNR013C,99494.3,YNR013C_translation_Ribosome,0.0,0.0,0.0,0.0
YNR015W,42827.0,YNR015W_translation_Ribosome,0.0,0.0,0.0,0.0
YNR016C,250318.7,YNR016C_translation_Ribosome,6.497172101446957e-08,2.750204168840126e-07,2.394321740671355e-07,1.8139725742468503e-07
YNR017W,23243.8,YNR017W_translation_Ribosome,1.6160186878130783e-05,8.401008055993048e-05,7.788006932421208e-05,8.718516720218298e-05
YNR019W,74024.5,YNR019W_translation_Ribosome,0.0,0.0,0.0,0.0
YNR022C,16286.0,YNR022C_translation_Ribosome,4.7306922410382855e-06,2.8190907605278533e-05,2.6839768102172556e-05,2.9891813390639333e-05
YNR033W,88526.9,YNR033W_translation_Ribosome,0.0,0.0,0.0,0.0
YNR036C,16940.2,YNR036C_translation_Ribosome,4.920721644457617e-06,2.932332144264641e-05,2.7917907380843884e-05,3.10925517131345e-05
YNR037C,10284.2,YNR037C_translation_Ribosome,2.9873133455290388e-06,1.7801850177711256e-05,1.6948639513469423e-05,1.887592946530843e-05
YNR038W,70354.4,YNR038W_translation_Ribosome,6.797094754334462e-06,7.308331610483608e-05,4.545408627426648e-05,2.4350961563809353e-05
YNR041C,41026.1,YNR041C_translation_Ribosome,0.0,0.0,0.0,0.0
YNR043W,44108.3,YNR043W_translation_Ribosome,5.517934044045187e-05,0.00023357000514019646,0.00020334553616498728,0.0001540575017271362
YNR046W,15058.4,YNR046W_translation_Ribosome,0.0,0.0,0.0,0.0
YNR050C,48906.1,YNR050C_translation_Ribosome,1.9682171142204983e-07,1.8660760211168293e-06,1.3170845972949453e-06,8.079935034442332e-07
YNR053C,55510.4,YNR053C_translation_Ribosome,5.3629829641217565e-06,5.76635449994015e-05,3.586377697370801e-05,1.921317809250996e-05
YNR054C,36409.2,YNR054C_translation_Ribosome,3.517573631919457e-06,3.782144503718598e-05,2.3523005213277684e-05,1.2601898811858922e-05
YNR056C,62428.6,YNR056C_translation_Ribosome,0.0,0.0,0.0,0.0
YNR057C,26245.0,YNR057C_translation_Ribosome,0.0,0.0,0.0,0.0
YNR058W,53699.2,YNR058W_translation_Ribosome,0.0,0.0,0.0,0.0
YNR067C,121005.9,YNR067C_translation_Ribosome,0.0,0.0,0.0,0.0
YNR072W,62827.8,YNR072W_translation_Ribosome,0.0,0.0,0.0,0.0
YOL010W,40177.1,YOL010W_translation_Ribosome,3.881598814777343e-06,4.1735494858539196e-05,2.5957344098589885e-05,1.3906038824086692e-05
YOL011W,75056.6,YOL011W_translation_Ribosome,0.0,0.0,0.0,0.0
YOL020W,65412.0,YOL020W_translation_Ribosome,0.0,0.0,0.0,0.0
YOL023W,75668.6,YOL023W_translation_Ribosome,0.0,0.0,0.0,0.0
YOL033W,61621.1,YOL033W_translation_Ribosome,2.945953130610443e-07,1.7404827530260762e-06,1.6614337531459347e-06,1.8552157865858126e-06
YOL038W,28439.4,YOL038W_translation_Ribosome,0.00020428842788219426,0.00023427446156131917,0.00022321846515734116,0.00021517411717799015
YOL039W,10728.7,YOL039W_translation_Ribosome,0.0006537509548696657,0.0015282044334527373,0.0012554030076655652,0.0009858832251970913
YOL040C,16017.2,YOL040C_translation_Ribosome,0.0009760045293780616,0.0022815025167540505,0.0018742290356129716,0.0014718548188155929
YOL041C,51963.7,YOL041C_translation_Ribosome,5.020328404276203e-06,5.39792751139498e-05,3.35723494611581e-05,1.7985599499296703e-05
YOL049W,55808.6,YOL049W_translation_Ribosome,0.0,0.0,0.0,0.0
YOL052C,46218.7,YOL052C_translation_Ribosome,0.0,0.0,0.0,0.0
YOL055C,61259.8,YOL055C_translation_Ribosome,0.0,0.0,0.0,0.0
YOL058W,46922.1,YOL058W_translation_Ribosome,1.1122748948073289e-09,2.4020565827669186e-08,1.629828675379007e-08,9.073104221549896e-09
YOL059W,49418.2,YOL059W_translation_Ribosome,0.0,0.0,0.0,0.0
YOL061W,53504.4,YOL061W_translation_Ribosome,0.0004954338740718563,0.0,0.0,0.0
YOL064C,39141.6,YOL064C_translation_Ribosome,6.72594347324487e-06,8.240076751847714e-05,5.8802682746151604e-05,3.535797507050952e-05
YOL065C,43800.4,YOL065C_translation_Ribosome,0.0,0.0,0.0,0.0
YOL066C,67027.6,YOL066C_translation_Ribosome,1.2489360133935832e-08,6.745262597623525e-08,5.409194726181266e-08,3.801070981484735e-08
YOL068C,57710.7,YOL068C_translation_Ribosome,0.0,0.0,0.0,0.0
YOL077C,33540.8,YOL077C_translation_Ribosome,3.240451140741466e-06,3.484178514505257e-05,2.166980909378685e-05,1.1609092418092071e-05
YOL086C,36845.5,YOL086C_translation_Ribosome,0.0,0.0,0.0,0.0
YOL093W,34531.0,YOL093W_translation_Ribosome,0.0,0.0,0.0,0.0
YOL096C,36329.3,YOL096C_translation_Ribosome,0.0,0.0,0.0,0.0
YOL097C,49347.7,YOL097C_translation_Ribosome,7.13820290796198e-06,3.975863932973229e-05,3.091484105460293e-05,1.8630705145369117e-05
YOL103W,66715.8,YOL103W_translation_Ribosome,0.0,0.0,0.0,0.0
YOL120C,20593.7,YOL120C_translation_Ribosome,0.0012548725418083677,0.0,0.0,0.0
YOL121C,15923.4,YOL121C_translation_Ribosome,0.0009702888471829424,0.0,0.0,0.0
YOL124C,50074.3,YOL124C_translation_Ribosome,0.0,0.0,0.0,0.0
YOL125W,54103.8,YOL125W_translation_Ribosome,0.0,0.0,0.0,0.0
YOL126C,40728.2,YOL126C_translation_Ribosome,1.889822767498415e-05,0.00012267232836619707,8.99508947749849e-05,6.015811823016358e-05
YOL127W,15775.9,YOL127W_translation_Ribosome,0.0009613009673985066,0.0022471315557063797,0.0018459936719855332,0.0014496812449212664
YOL136C,45304.9,YOL136C_translation_Ribosome,0.0,0.0,0.0,0.0
YOL139C,24245.3,YOL139C_translation_Ribosome,0.0004097017319050986,0.00045033765914017135,0.00031723133220333603,0.00040773731584900426
YOL140W,46681.9,YOL140W_translation_Ribosome,6.425309743168252e-05,0.0013876027982783184,0.000941507725877581,0.0005241285695439884
YOL141W,78954.4,YOL141W_translation_Ribosome,0.0,0.0,0.0,0.0
YOL143C,18552.7,YOL143C_translation_Ribosome,5.8767758095172585e-06,3.1739333030237016e-05,2.5452564723003704e-05,1.7885657675569023e-05
YOL144W,56955.2,YOL144W_translation_Ribosome,5.502568299240277e-06,5.916438609972028e-05,3.679722340845921e-05,1.9713250145819944e-05
YOL151W,38162.8,YOL151W_translation_Ribosome,0.0,0.0,0.0,0.0
YOL156W,62740.3,YOL156W_translation_Ribosome,0.0,0.0,0.0,0.0
YOR004W,28828.8,YOR004W_translation_Ribosome,2.7852143612021045e-06,2.994701544356996e-05,1.862551258177987e-05,9.978181900929396e-06
YOR011W,157749.2,YOR011W_translation_Ribosome,0.0,0.0,0.0,0.0
YOR020C,11374.4,YOR020C_translation_Ribosome,0.0,0.0,0.0,0.0
YOR025W,50540.8,YOR025W_translation_Ribosome,0.0,0.0,0.0,0.0
YOR039W,29836.3,YOR039W_translation_Ribosome,2.8825511726167705e-06,3.099359449158433e-05,1.9276431243886626e-05,1.0326896320717467e-05
YOR040W,32339.3,YOR040W_translation_Ribosome,0.0,0.0,0.0,0.0
YOR045W,6407.6,YOR045W_translation_Ribosome,4.454815855523713e-06,2.3158187113944338e-05,2.1468521566823088e-05,2.4033953528557953e-05
YOR048C,115928.3,YOR048C_translation_Ribosome,1.1200090396747208e-05,0.00012042494278106654,7.489815775316182e-05,4.012493287495537e-05
YOR054C,73595.7,YOR054C_translation_Ribosome,0.0,0.0,0.0,0.0
YOR061W,39409.0,YOR061W_translation_Ribosome,3.807390968774758e-06,4.09376016905195e-05,2.5461095339915744e-05,1.3640185180573822e-05
YOR063W,43798.5,YOR063W_translation_Ribosome,0.002668851882973618,0.006238692654150057,0.005125016882869336,0.00402473798678263
YOR065W,34056.9,YOR065W_translation_Ribosome,0.0007130634566254423,0.0009177229576566956,0.001154848570573144,0.0018876505888889335
YOR071C,67196.0,YOR071C_translation_Ribosome,0.0,0.0,0.0,0.0
YOR074C,35046.6,YOR074C_translation_Ribosome,1.8450824430424106e-07,9.964934519558752e-07,7.991130140571481e-07,5.615411244038917e-07
YOR078W,24383.2,YOR078W_translation_Ribosome,2.355715077008518e-06,2.5328978901780685e-05,1.5753329947276853e-05,8.439477360373711e-06
YOR081C,84730.9,YOR081C_translation_Ribosome,1.61848016943479e-08,0.0,0.0,3.9957701128546236e-08
YOR095C,28253.3,YOR095C_translation_Ribosome,1.4034275392346351e-07,1.2219191041143394e-06,8.911148538907549e-07,5.576359359047203e-07
YOR096W,21632.5,YOR096W_translation_Ribosome,0.0,0.0,0.0,0.0
YOR098C,113615.1,YOR098C_translation_Ribosome,0.0,0.0,0.0,0.0
YOR099W,46016.4,YOR099W_translation_Ribosome,0.0,0.0,0.0,0.0
YOR100C,34771.7,YOR100C_translation_Ribosome,0.0,0.0,0.0,0.0
YOR108W,67195.9,YOR108W_translation_Ribosome,0.0,0.0,0.0,0.0
YOR109W,124575.1,YOR109W_translation_Ribosome,0.0,0.0,0.0,0.0
YOR117W,48240.3,YOR117W_translation_Ribosome,0.0003465240141341032,0.00039738778975845137,0.000378634068395595,0.00036498885225783235
YOR120W,35080.5,YOR120W_translation_Ribosome,0.0,0.0,0.0,0.0
YOR125C,26061.0,YOR125C_translation_Ribosome,0.0,0.0,0.0,0.0
YOR126C,27340.4,YOR126C_translation_Ribosome,0.0,0.0,0.0,0.0
YOR128C,62339.0,YOR128C_translation_Ribosome,2.6741365810440935e-06,2.65302841768241e-05,1.8266557987213815e-05,1.0741698569523143e-05
YOR130C,31530.0,YOR130C_translation_Ribosome,7.474095282753998e-07,1.614097365496712e-05,1.0951874281454086e-05,6.096806264243539e-06
YOR133W,93279.1,YOR133W_translation_Ribosome,0.0,0.0,0.0,0.0
YOR136W,39743.9,YOR136W_translation_Ribosome,0.0017333300986478667,0.00010524762273830164,0.001460736655855245,0.004229302179583247
YOR142W,35035.8,YOR142W_translation_Ribosome,5.555101936756575e-05,0.0,4.4812889403731115e-05,0.00013622351683909478
YOR143C,36612.4,YOR143C_translation_Ribosome,0.0,0.0,0.0,0.0
YOR150W,18479.8,YOR150W_translation_Ribosome,5.36793850398743e-06,3.1988354068772334e-05,3.045520978598357e-05,3.391837977995436e-05
YOR155C,51315.4,YOR155C_translation_Ribosome,0.0,0.0,0.0,0.0
YOR157C,28264.2,YOR157C_translation_Ribosome,0.00020302991565743,0.00023283122135000863,0.00022184333505278315,0.00021384854401788184
YOR158W,36018.8,YOR158W_translation_Ribosome,1.0462597181107071e-05,6.23481924875971e-05,5.9359955748405574e-05,6.610998699218717e-05
YOR163W,21574.8,YOR163W_translation_Ribosome,0.0,0.0,0.0,0.0
YOR168W,93140.8,YOR168W_translation_Ribosome,0.0002315573568615078,0.000730661469247281,0.0006025954562350755,0.0004621144216688814
YOR171C,69633.0,YOR171C_translation_Ribosome,0.0,0.0,0.0,0.0
YOR175C,72257.8,YOR175C_translation_Ribosome,8.294831868155683e-06,3.5111400509998094e-05,3.0567908571661626e-05,2.3158687013191244e-05
YOR176W,44604.6,YOR176W_translation_Ribosome,0.0,0.0,0.0,0.0
YOR180C,30062.2,YOR180C_translation_Ribosome,0.0,0.0,0.0,0.0
YOR182C,7134.7,YOR182C_translation_Ribosome,0.0,0.0,0.0,0.0
YOR184W,43409.9,YOR184W_translation_Ribosome,4.198599738067179e-05,0.00031245695303454236,0.0002287289782193407,0.00014707573352356154
YOR187W,47966.7,YOR187W_translation_Ribosome,0.0,0.0,0.0,0.0
YOR190W,51796.8,YOR190W_translation_Ribosome,0.0,0.0,0.0,0.0
YOR192C,67185.0,YOR192C_translation_Ribosome,0.0,0.0,0.0,0.0
YOR202W,23826.4,YOR202W_translation_Ribosome,4.706378199669208e-11,4.845865876548402e-10,3.576079199482947e-10,2.1825684086043138e-10
YOR206W,81608.2,YOR206W_translation_Ribosome,7.884349353141774e-06,8.477363004086004e-05,5.272486388182679e-05,2.8246110285805387e-05
YOR209C,49016.0,YOR209C_translation_Ribosome,0.0,0.0,0.0,0.0
YOR221C,40705.7,YOR221C_translation_Ribosome,0.0,0.0,0.0,0.0
YOR222W,34026.5,YOR222W_translation_Ribosome,0.0,0.0,0.0,0.0
YOR232W,26067.8,YOR232W_translation_Ribosome,1.8123564972239377e-05,9.421686548757758e-05,8.734208998226176e-05,9.777770853272981e-05
YOR234C,12184.4,YOR234C_translation_Ribosome,0.0,0.0,0.0,0.0
YOR236W,24262.3,YOR236W_translation_Ribosome,1.4062397844978619e-08,7.594829935194124e-08,6.090484015577028e-08,4.2798167244295056e-08
YOR239W,71433.2,YOR239W_translation_Ribosome,0.0,0.0,0.0,0.0
YOR241W,62160.1,YOR241W_translation_Ribosome,0.0,0.0,0.0,0.0
YOR243C,77004.3,YOR243C_translation_Ribosome,0.0,0.0,0.0,0.0
YOR245C,47732.9,YOR245C_translation_Ribosome,1.3454643932573777e-06,5.695249757260685e-06,4.958271995535562e-06,3.756458149616472e-06
YOR259C,49397.7,YOR259C_translation_Ribosome,0.00035483795276961764,0.00040692207183933455,0.00038771840391508926,0.00037374580645594497
YOR260W,65671.0,YOR260W_translation_Ribosome,0.0011097211598099315,0.0012197879347087559,0.0008592551470645972,0.0011044003278623058
YOR261C,38302.9,YOR261C_translation_Ribosome,0.0002751407984812935,0.0003155267436632647,0.0003006362493257636,0.00028980191891730625
YOR267C,85692.1,YOR267C_translation_Ribosome,0.0,0.0,0.0,0.0
YOR270C,95502.3,YOR270C_translation_Ribosome,0.0,0.0,0.0,0.0
YOR272W,51356.3,YOR272W_translation_Ribosome,4.961646141990081e-06,5.334831519954393e-05,3.317992465186417e-05,1.7775367103684523e-05
YOR273C,73226.5,YOR273C_translation_Ribosome,0.0,0.0,0.0,0.0
YOR274W,50249.3,YOR274W_translation_Ribosome,0.0,0.0,0.0,0.0
YOR278W,30913.9,YOR278W_translation_Ribosome,0.0,0.0,0.0,0.0
YOR287C,36129.0,YOR287C_translation_Ribosome,3.4905028879409074e-06,3.7530376601202244e-05,2.3341975526803925e-05,1.25049163995268e-05
YOR293W,12741.6,YOR293W_translation_Ribosome,0.0007764065699075687,0.001814923486469134,0.0014909395325129384,0.0011708529180768645
YOR294W,22971.7,YOR294W_translation_Ribosome,2.2193469288082194e-06,2.386272944642358e-05,1.4841397747213643e-05,7.950931054139603e-06
YOR297C,21976.6,YOR297C_translation_Ribosome,0.0,0.0,0.0,0.0
YOR303W,45361.0,YOR303W_translation_Ribosome,5.719457275828348e-07,0.0,5.7276403275572895e-06,0.0
YOR310C,56965.9,YOR310C_translation_Ribosome,5.5036020499917784e-06,5.917550113278604e-05,3.680413639077638e-05,1.9716953614099574e-05
YOR311C,32844.3,YOR311C_translation_Ribosome,6.570785769624355e-07,3.1403551772007828e-06,2.7174650861910733e-06,2.1193151643837594e-06
YOR312C,20457.1,YOR312C_translation_Ribosome,0.0,0.0,0.0,0.0
YOR317W,77868.1,YOR317W_translation_Ribosome,0.0,0.0,0.0,0.0
YOR321W,86317.3,YOR321W_translation_Ribosome,0.0,0.0,0.0,0.0
YOR323C,49728.9,YOR323C_translation_Ribosome,8.718526872346861e-07,9.147998834662813e-06,6.575131596695419e-06,4.021219640630753e-06
YOR332W,26467.6,YOR332W_translation_Ribosome,0.0,0.0,0.0,0.0
YOR335C,107252.8,YOR335C_translation_Ribosome,2.071160618496122e-05,8.630042555652883e-05,6.608664141673272e-05,4.65803326057037e-05
YOR347C,55192.9,YOR347C_translation_Ribosome,0.0005224821019854551,0.0,0.008071179671843317,0.0001251258589425891
YOR348C,68789.1,YOR348C_translation_Ribosome,0.0,0.0,0.0,0.0
YOR360C,60989.3,YOR360C_translation_Ribosome,0.0,0.0,0.0,0.0
YOR361C,88116.6,YOR361C_translation_Ribosome,0.0014890112157650687,0.0016366975609866995,0.0011529387719363539,0.0014818717840464081
YOR362C,31521.3,YOR362C_translation_Ribosome,0.00022642660610993934,0.0002596621442510323,0.00024740803975344404,0.00023849194778379924
YOR369C,15461.8,YOR369C_translation_Ribosome,0.0009421613535660235,0.002202390905623191,0.0018092397237245363,0.0014208179230803717
YOR374W,56721.1,YOR374W_translation_Ribosome,0.0,0.0,0.0,0.0
YOR375C,49564.4,YOR375C_translation_Ribosome,0.003501436828531076,0.03075108907963297,0.022167227761192166,0.013770781061797003
YOR377W,61032.6,YOR377W_translation_Ribosome,0.0,0.0,0.0,0.0
YOR388C,41709.7,YOR388C_translation_Ribosome,2.4964219545046205e-05,0.0,6.0235210077174594e-06,1.9634126343647172e-05
YPL005W,70350.1,YPL005W_translation_Ribosome,0.0,0.0,0.0,0.0
YPL012W,137506.0,YPL012W_translation_Ribosome,1.328475989120104e-05,0.0001428396015645303,8.883892957980294e-05,4.7593374697149986e-05
YPL013C,13652.3,YPL013C_translation_Ribosome,3.965665582851957e-06,2.3631998520173404e-05,2.2499359330792723e-05,2.5057841333232555e-05
YPL015C,39967.6,YPL015C_translation_Ribosome,0.0,0.0,0.0,0.0
YPL023C,73917.1,YPL023C_translation_Ribosome,1.5942216799474033e-06,0.0,9.635871799931367e-06,6.350975494473498e-06
YPL028W,41729.2,YPL028W_translation_Ribosome,0.00012180721943966764,0.0005156008144269007,0.000448880942541448,0.0003400786556964251
YPL030W,64862.8,YPL030W_translation_Ribosome,0.0,0.0,0.0,0.0
YPL036W,102138.6,YPL036W_translation_Ribosome,0.0,0.0,0.0,0.0
YPL040C,115800.7,YPL040C_translation_Ribosome,1.2838517978645244e-07,7.640205771067879e-07,7.277547405485548e-07,8.108804579163984e-07
YPL043W,77842.3,YPL043W_translation_Ribosome,7.5205173947234225e-06,8.086165779578083e-05,5.029181714274209e-05,2.6942662510639235e-05
YPL053C,52115.4,YPL053C_translation_Ribosome,0.0,0.0,0.0,0.0
YPL057C,44819.4,YPL057C_translation_Ribosome,2.5495343867520376e-07,1.0791987636413058e-06,9.39548085763427e-07,7.118151377947129e-07
YPL059W,16925.6,YPL059W_translation_Ribosome,0.0,0.0,0.0,0.0
YPL061W,54405.6,YPL061W_translation_Ribosome,0.002878339737381541,0.01218379805076017,0.010607187311738816,0.008036157190552144
YPL063W,55098.2,YPL063W_translation_Ribosome,3.830686930057158e-05,0.00019914145796759403,0.00018461059016336838,0.00020666783312278187
YPL069C,38641.7,YPL069C_translation_Ribosome,0.0,0.0,0.0,0.0
YPL078C,26930.4,YPL078C_translation_Ribosome,0.0005159263852670905,0.000656822105586872,0.0008309903280657425,0.001364459524122617
YPL079W,18294.7,YPL079W_translation_Ribosome,0.0011147834867275693,0.0,0.0,0.0
YPL081W,22456.2,YPL081W_translation_Ribosome,0.0,0.0,0.0,0.0
YPL083C,54658.4,YPL083C_translation_Ribosome,0.0,0.0,0.0,0.0
YPL087W,37230.0,YPL087W_translation_Ribosome,1.009647815914513e-07,4.2737633989563545e-07,3.720729077697099e-07,2.8188778427299035e-07
YPL090C,27023.9,YPL090C_translation_Ribosome,0.0,0.0,0.0,0.0
YPL091W,53442.5,YPL091W_translation_Ribosome,0.0,0.0,0.0,0.0
YPL092W,52552.6,YPL092W_translation_Ribosome,0.0,0.0,0.0,0.0
YPL093W,74421.2,YPL093W_translation_Ribosome,7.1899973296805305e-06,7.73078597003347e-05,4.808153641327965e-05,2.5758556404895343e-05
YPL097W,55301.1,YPL097W_translation_Ribosome,3.0124221245612724e-07,1.8294758663620563e-06,1.7309511171785351e-06,1.916122175317442e-06
YPL104W,75471.5,YPL104W_translation_Ribosome,1.3786371296868333e-07,8.295986782353154e-07,7.872820355239702e-07,8.740633851915072e-07
YPL106C,77339.9,YPL106C_translation_Ribosome,5.8602072466292826e-05,0.0008886907349314435,0.0005396010175971017,0.0002519183203977656
YPL110C,138002.7,YPL110C_translation_Ribosome,0.0,0.0,0.0,0.0
YPL111W,35651.2,YPL111W_translation_Ribosome,0.0,0.0,0.0,0.0
YPL117C,33331.8,YPL117C_translation_Ribosome,1.138907908791599e-09,4.82091166707113e-09,4.197075164493859e-09,3.179764486584613e-09
YPL118W,39467.1,YPL118W_translation_Ribosome,1.1464245594147249e-05,6.83171662500484e-05,6.504284733300101e-05,7.243910034813348e-05
YPL126W,101223.0,YPL126W_translation_Ribosome,9.779378721416104e-06,0.00010514925159023207,6.539745879348097e-05,3.503515604387891e-05
YPL131W,33713.1,YPL131W_translation_Ribosome,0.0020543002709197313,0.004802120376693865,0.003944888675956076,0.0030979689766133882
YPL134C,34225.7,YPL134C_translation_Ribosome,1.853968085480627e-05,0.00015051960668814699,0.00010786350035589846,6.838034527525201e-05
YPL143W,12170.4,YPL143W_translation_Ribosome,0.0007416006245999777,0.0017335613109596868,0.0014241014069265607,0.0011183641264960974
YPL146C,52574.4,YPL146C_translation_Ribosome,5.0793294868875536e-06,5.4613663029207763e-05,3.396690631172743e-05,1.819697408606055e-05
YPL147W,100057.5,YPL147W_translation_Ribosome,0.0,0.0,0.0,0.0
YPL148C,19977.4,YPL148C_translation_Ribosome,0.0,0.0,0.0,0.0
YPL160W,124120.4,YPL160W_translation_Ribosome,0.0,0.0,0.0,0.0
YPL169C,67361.6,YPL169C_translation_Ribosome,6.507953703017528e-06,6.997443096846148e-05,4.352051865942471e-05,2.331509802481011e-05
YPL172C,52176.4,YPL172C_translation_Ribosome,0.0,0.0,0.0,0.0
YPL173W,33762.4,YPL173W_translation_Ribosome,9.807167120154181e-06,5.8442386032939705e-05,5.564134757293324e-05,6.196852268329371e-05
YPL183WA,10716.3,YPL183WA_translation_Ribosome,3.112828027915913e-06,1.854981107518398e-05,1.7660751990256154e-05,1.9669018779203508e-05
YPL188W,46254.4,YPL188W_translation_Ribosome,0.0,0.0,0.0,0.0
YPL189W,71314.3,YPL189W_translation_Ribosome,0.0,0.0,0.0,0.0
YPL198W,27720.8,YPL198W_translation_Ribosome,0.0016891607995144827,0.003948572469996983,0.003243708528982598,0.002547323693368584
YPL206C,37076.1,YPL206C_translation_Ribosome,0.0,0.0,0.0,0.0
YPL207W,89816.3,YPL207W_translation_Ribosome,0.0,0.0,0.0,0.0
YPL211W,20385.9,YPL211W_translation_Ribosome,1.9695270509362162e-06,2.1176631081802676e-05,1.3170781889669578e-05,7.055937757178814e-06
YPL212C,62146.2,YPL212C_translation_Ribosome,0.0,0.0,0.0,0.0
YPL214C,58052.3,YPL214C_translation_Ribosome,0.0,0.0,0.0,0.0
YPL217C,135565.0,YPL217C_translation_Ribosome,1.3097235572634426e-05,0.0001408233137906386,8.758490166600719e-05,4.6921558628853564e-05
YPL220W,24502.1,YPL220W_translation_Ribosome,0.0014930300289235446,0.0034900983202906513,0.0028670770954656614,0.002251550455516666
YPL231W,206899.6,YPL231W_translation_Ribosome,0.007678170627460907,0.03250111977795087,0.028295403869353624,0.021437004778586708
YPL234C,17038.6,YPL234C_translation_Ribosome,0.0,0.0,0.0,0.0
YPL237W,31590.7,YPL237W_translation_Ribosome,0.0005338257106364698,0.0005867727719846491,0.0004133403111628203,0.0005312661515341589
YPL240C,81368.7,YPL240C_translation_Ribosome,2.7875031510497367e-05,0.0004832044280982681,0.00022596413515317028,0.00012204731507999707
YPL244C,38096.0,YPL244C_translation_Ribosome,0.0,0.0,0.0,0.0
YPL249CA,11155.6,YPL249CA_translation_Ribosome,0.0,0.00158901240390964,0.001305356081567569,0.001025111980669482
YPL252C,18926.7,YPL252C_translation_Ribosome,0.0,0.0,0.0,0.0
YPL258C,61321.8,YPL258C_translation_Ribosome,0.0,0.0,0.0,0.0
YPL262W,53156.5,YPL262W_translation_Ribosome,6.053037755851532e-05,2.064652025577316e-05,6.184207634967839e-05,0.00015278860248233757
YPL265W,68111.0,YPL265W_translation_Ribosome,0.0,0.0,0.0,0.0
YPL268W,100571.8,YPL268W_translation_Ribosome,0.0,0.0,0.0,0.0
YPL271W,6746.7,YPL271W_translation_Ribosome,0.0001292517208612378,0.00016454941997753276,0.00020818266517991357,0.00034182927366092073
YPL273W,36658.8,YPL273W_translation_Ribosome,0.0,0.0,0.0,0.0
YPL274W,64357.2,YPL274W_translation_Ribosome,0.0,0.0,0.0,0.0
YPR001W,53817.9,YPR001W_translation_Ribosome,0.0016908189066209632,0.0013113618545518375,0.0021878536762708236,0.00435882655986602
YPR002W,57696.3,YPR002W_translation_Ribosome,0.0,0.0,0.0,0.0
YPR006C,64976.6,YPR006C_translation_Ribosome,0.0,0.0,0.0,0.0
YPR016C,26442.9,YPR016C_translation_Ribosome,2.5547072660614084e-06,2.7468570827532756e-05,1.7084046739675154e-05,9.152377698276929e-06
YPR020W,12932.3,YPR020W_translation_Ribosome,0.0,0.0,0.0,0.0
YPR021C,104308.2,YPR021C_translation_Ribosome,1.755075162571252e-05,0.0001939173767398425,0.00013514456093033456,8.104545348601628e-05
YPR026W,136884.5,YPR026W_translation_Ribosome,0.0,0.0,0.0,0.0
YPR033C,59954.2,YPR033C_translation_Ribosome,7.1995945138203035e-06,3.236254426270368e-05,2.502659969857226e-05,1.6959285665078775e-05
YPR035W,41759.5,YPR035W_translation_Ribosome,0.0014099114757339351,0.013241240025363374,0.009501528058631964,0.005824375852740132
YPR036W,54409.3,YPR036W_translation_Ribosome,0.0,0.0,0.0,0.0
YPR041W,45240.4,YPR041W_translation_Ribosome,0.0007644809605193347,0.0008403053719510589,0.000591936266468627,0.000760815467902451
YPR043W,10108.2,YPR043W_translation_Ribosome,0.0006159409249968361,0.0,0.0011827961152875062,0.0009288641510096507
YPR047W,54831.5,YPR047W_translation_Ribosome,6.044297814315218e-09,3.559386103567021e-08,3.401209734457157e-08,3.8017346761198897e-08
YPR060C,29744.4,YPR060C_translation_Ribosome,7.423709879571092e-07,1.0823264551838953e-05,7.750902359083204e-06,4.535287741935613e-06
YPR062W,17504.2,YPR062W_translation_Ribosome,0.0,0.0,0.0,0.0
YPR069C,33312.2,YPR069C_translation_Ribosome,0.0,0.0,0.0,0.0
YPR074C,73802.2,YPR074C_translation_Ribosome,0.00020412509737057204,0.0016510361333126342,0.0012232258161772082,0.0007829172949968808
YPR080W,50045.3,YPR080W_translation_Ribosome,0.0011435311735783255,0.005222521173912944,0.003950005788758455,0.00269279774848211
YPR081C,71019.2,YPR081C_translation_Ribosome,0.0029324639053827086,0.011785358460613456,0.009094127223311373,0.006469630779861368
YPR100W,16138.1,YPR100W_translation_Ribosome,4.687730839684388e-06,2.7934894143727464e-05,2.6596024905420053e-05,2.9620353289910145e-05
YPR102C,19732.0,YPR102C_translation_Ribosome,0.0,0.0,0.0,0.0
YPR103W,31631.9,YPR103W_translation_Ribosome,0.00022722107786826655,0.0002605732308227843,0.0002482761298765269,0.00023932875367140187
YPR108W,48946.9,YPR108W_translation_Ribosome,0.0003515997261090942,0.0004032085291038394,0.00038418011252733394,0.0003703350280279952
YPR112C,101112.9,YPR112C_translation_Ribosome,9.768741716019824e-06,0.0001050348810163498,6.53263261436567e-05,3.499704839363705e-05
YPR113W,24829.0,YPR113W_translation_Ribosome,7.005729027268574e-06,2.9654724972216748e-05,2.581733877036401e-05,1.9559587032087434e-05
YPR121W,63287.7,YPR121W_translation_Ribosome,0.0,0.0,0.0,0.0
YPR128C,36382.8,YPR128C_translation_Ribosome,0.0,0.0,0.0,0.0
YPR132W,16061.2,YPR132W_translation_Ribosome,0.0,0.0,0.0,0.0
YPR133WA,5986.0,YPR133WA_translation_Ribosome,4.161702932637016e-06,2.1634450974478867e-05,2.0055960125320398e-05,2.2452594703468987e-05
YPR137W,65043.6,YPR137W_translation_Ribosome,6.28400657759897e-06,6.756652006692568e-05,4.202292118174386e-05,2.2512795270399438e-05
YPR138C,53685.2,YPR138C_translation_Ribosome,0.0,0.0,0.0006844841399150682,0.0
YPR140W,44192.0,YPR140W_translation_Ribosome,0.0,0.0,0.0,0.0
YPR143W,28207.7,YPR143W_translation_Ribosome,2.7252085115051826e-06,2.9301824131687355e-05,1.822423657082751e-05,9.763207681445158e-06
YPR144C,63625.5,YPR144C_translation_Ribosome,6.1470007887482135e-06,6.609341460986447e-05,4.110672489912988e-05,2.2021964581862e-05
YPR145W,64455.8,YPR145W_translation_Ribosome,4.493407954100241e-05,0.00045948408807878956,0.0,0.0002137279593752299
YPR156C,68065.3,YPR156C_translation_Ribosome,0.0,0.0,0.0,0.0
YPR159W,80077.2,YPR159W_translation_Ribosome,0.0,0.0,0.0,0.0
YPR160W,103252.0,YPR160W_translation_Ribosome,0.0,0.0,0.0,0.0
YPR163C,48512.6,YPR163C_translation_Ribosome,0.000819775224031845,0.0009010839512319286,0.0006347505176940503,0.0008158446094235339
YPR166C,13555.3,YPR166C_translation_Ribosome,3.9374894102263445e-06,2.3464092463578048e-05,2.2339500709528405e-05,2.4879804620786774e-05
YPR167C,30371.5,YPR167C_translation_Ribosome,1.9682794899814543e-05,0.00024113753157533238,0.00017208011763039514,0.00010347154628253853
YPR183W,30363.5,YPR183W_translation_Ribosome,9.638417178116935e-06,4.870905986192804e-05,4.394443110970063e-05,3.123730206377026e-05
YPR184W,174929.9,YPR184W_translation_Ribosome,0.0,0.0,0.0,0.0
YPR191W,40479.4,YPR191W_translation_Ribosome,0.0008475340059172718,0.0010907884949061262,0.0013726316026314352,0.0022436264970643453
YPR192W,32711.2,YPR192W_translation_Ribosome,0.0006295635815672993,0.0,0.0,0.0
YBL022C,127085.0,YBL022C_translation_Ribosome,1.4795549508047307e-06,1.8934463999055301e-06,2.3911792406810638e-06,3.919525782638361e-06
