,Chemostats_C_limit,Chemostats_C_limit,Chemostats_C_limit,Chemostats_C_limit,Chemostats_C_limit,Chemostats_C_limit,Chemostats_C_limit,Chemostats_C_limit,Chemostats_C_limit,Chemostats_C_limit,Chemostats_C_limit,Chemostats_C_limit,Chemostats_C_limit,Chemostats_C_limit
Protein,0.196,0.202,0.229,0.225,0.268,0.273,0.303,0.302,0.3,0.301,0.316,0.32,0.337,0.34
Q0045,0.000199549,0.000176863,0.000164542,0.000156832,0.000152479,0.000179864,0.000212375,0.000213791,0.000214279,0.000229217,0.000204646,0.000196449,0.000184683,0.000200698
Q0110,6.17E-05,6.49E-05,6.11E-05,6.10E-05,6.68E-05,7.10E-05,7.43E-05,7.73E-05,7.75E-05,7.50E-05,7.78E-05,7.66E-05,6.42E-05,6.96E-05
Q0140,3.85E-05,3.88E-05,4.04E-05,3.93E-05,4.29E-05,4.52E-05,5.19E-05,5.39E-05,5.40E-05,5.11E-05,4.78E-05,5.21E-05,5.49E-05,5.10E-05
Q0250,0.00078446,0.000765398,0.000696099,0.000680117,0.00067174,0.000740669,0.000827955,0.000891435,0.000893473,0.000919574,0.000759817,0.000800658,0.000770359,0.000769667
YAL003W,0.003141705,0.003373819,0.003409099,0.003233345,0.003512341,0.003819281,0.003606114,0.003556672,0.003564787,0.003977545,0.003777893,0.003851007,0.003783481,0.003943253
YAL007C,5.87E-05,6.27E-05,5.66E-05,6.20E-05,5.49E-05,5.60E-05,4.31E-05,4.66E-05,4.67E-05,4.54E-05,4.83E-05,4.72E-05,4.36E-05,4.87E-05
YAL012W,0.001499156,0.001535829,0.001675207,0.001742224,0.001788243,0.001754013,0.001733978,0.001708548,0.001712441,0.001709381,0.001815615,0.001764017,0.001825838,0.001906293
YAL016W,0.000105663,0.000108242,0.000100434,9.90E-05,9.08E-05,7.76E-05,8.80E-05,8.17E-05,8.19E-05,7.68E-05,7.83E-05,7.32E-05,7.02E-05,7.48E-05
YAL019W,1.25E-05,1.05E-05,1.35E-05,9.40E-06,1.53E-05,1.74E-05,1.52E-05,1.57E-05,1.58E-05,1.52E-05,1.61E-05,1.69E-05,1.63E-05,1.51E-05
YAL023C,0.000191176,0.000188379,0.000198108,0.000189456,0.000199885,0.000176891,0.000187208,0.000196799,0.000197249,0.000177538,0.00018395,0.000188348,0.000195924,0.000196923
YAL025C,2.88E-05,2.84E-05,2.96E-05,3.25E-05,3.41E-05,3.44E-05,3.42E-05,2.95E-05,2.96E-05,3.68E-05,3.65E-05,3.29E-05,3.56E-05,3.37E-05
YAL029C,1.65E-05,1.51E-05,2.13E-05,1.89E-05,1.91E-05,1.32E-05,1.75E-05,1.72E-05,1.73E-05,2.04E-05,1.80E-05,1.68E-05,1.63E-05,2.04E-05
YAL035W,0.000624922,0.000625437,0.000642917,0.000661464,0.000719213,0.000708049,0.000714504,0.000731521,0.000733188,0.000702655,0.000709001,0.000694899,0.000709482,0.000712749
YAL036C,7.13E-05,7.46E-05,7.56E-05,7.79E-05,8.74E-05,8.33E-05,8.03E-05,7.98E-05,8.00E-05,7.44E-05,8.07E-05,7.86E-05,7.71E-05,8.14E-05
YAL038W,0.011340088,0.011191705,0.01062765,0.01040734,0.009495639,0.00972898,0.010141235,0.010001909,0.010024756,0.010535587,0.010751379,0.010761104,0.01119981,0.011690214
YAL039C,2.95E-05,2.97E-05,2.66E-05,1.91E-05,3.20E-05,2.84E-05,3.34E-05,3.99E-05,4.00E-05,3.58E-05,3.72E-05,3.18E-05,3.09E-05,3.29E-05
YAL042W,4.13E-05,4.26E-05,4.10E-05,4.20E-05,4.43E-05,3.59E-05,3.68E-05,3.92E-05,3.93E-05,3.83E-05,3.88E-05,3.92E-05,3.42E-05,3.73E-05
YAL043C,1.69E-05,1.71E-05,1.79E-05,2.10E-05,1.59E-05,1.47E-05,1.67E-05,1.49E-05,1.50E-05,1.22E-05,1.38E-05,1.08E-05,1.15E-05,1.53E-05
YAL044C,0.000316862,0.000324367,0.000355048,0.000363833,0.00033931,0.000372902,0.000355016,0.000329362,0.000330112,0.000348481,0.000349833,0.000386937,0.000386287,0.000386412
YAL049C,7.77E-05,8.15E-05,7.62E-05,7.58E-05,7.55E-05,6.97E-05,7.59E-05,7.19E-05,7.21E-05,8.51E-05,7.10E-05,7.78E-05,7.22E-05,6.85E-05
YAL054C,0.004714221,0.004643189,0.003904711,0.003785302,0.002399451,0.00098857,5.11E-05,2.87E-05,2.87E-05,2.31E-05,4.88E-06,3.10E-06,7.66E-06,4.06E-06
YAL060W,0.000274313,0.000268668,0.000310426,0.000299377,0.000354144,0.000348469,0.000336274,0.000306361,0.000307059,0.00028356,0.00025862,0.000263221,0.000246262,0.000241148
YAL062W,1.53E-05,1.95E-05,1.12E-05,1.22E-05,1.13E-05,1.93E-05,2.36E-06,2.55E-06,2.56E-06,2.31E-06,0,0,0,0
YAR002C-A,0.000124344,0.000125514,0.000135849,0.000122439,0.000130774,0.000110111,9.05E-05,9.48E-05,9.50E-05,8.64E-05,9.61E-05,8.87E-05,9.15E-05,9.19E-05
YAR002W,3.59E-05,3.70E-05,3.87E-05,3.85E-05,4.16E-05,3.56E-05,3.91E-05,4.01E-05,4.02E-05,3.95E-05,3.94E-05,4.28E-05,4.20E-05,4.00E-05
YAR007C,0.000180226,0.000181308,0.000183897,0.00017624,0.000175717,0.000166502,0.000155076,0.000153773,0.000154125,0.000145207,0.000140653,0.000144111,0.000142361,0.000135443
YAR015W,0.000809292,0.000840325,0.000838073,0.000848773,0.000879712,0.000904478,0.000802662,0.000798964,0.000800787,0.0007456,0.000783015,0.000725764,0.000764614,0.000751244
YBL004W,1.51E-05,1.55E-05,1.65E-05,2.06E-05,1.84E-05,2.07E-05,1.99E-05,2.03E-05,2.04E-05,1.83E-05,2.04E-05,1.94E-05,2.15E-05,2.04E-05
YBL007C,0.000103232,0.000100436,9.55E-05,0.000105123,9.67E-05,9.74E-05,9.17E-05,9.28E-05,9.30E-05,8.63E-05,8.85E-05,8.21E-05,8.88E-05,8.68E-05
YBL011W,9.17E-06,7.61E-06,9.56E-06,8.74E-06,4.07E-06,9.58E-06,8.51E-06,8.72E-06,8.74E-06,9.12E-06,7.76E-06,8.15E-06,7.85E-06,7.81E-06
YBL015W,0.001799675,0.001822051,0.001675051,0.001718602,0.001916147,0.002122027,0.002303293,0.002231,0.002236095,0.002375437,0.001832182,0.001867747,0.001625668,0.00153256
YBL017C,7.45E-05,7.57E-05,6.77E-05,7.47E-05,6.82E-05,6.77E-05,7.22E-05,7.04E-05,7.06E-05,6.77E-05,7.71E-05,7.45E-05,7.29E-05,7.36E-05
YBL022C,0.000557661,0.000542887,0.000567643,0.000578763,0.000603941,0.000647331,0.000687575,0.000695583,0.000697168,0.000671185,0.000658417,0.000648262,0.000643947,0.000630905
YBL023C,1.86E-05,1.44E-05,2.00E-05,1.64E-05,1.79E-05,1.92E-05,1.62E-05,1.24E-05,1.25E-05,1.10E-05,1.28E-05,1.44E-05,1.29E-05,1.54E-05
YBL024W,0.000259052,0.000268228,0.000274754,0.000279733,0.000291982,0.00027674,0.000259355,0.000251943,0.00025252,0.000247393,0.000251134,0.000248861,0.000257321,0.000259399
YBL026W,4.86E-05,4.36E-05,4.96E-05,4.30E-05,4.64E-05,4.74E-05,4.41E-05,4.19E-05,4.20E-05,4.51E-05,4.26E-05,4.19E-05,4.08E-05,3.84E-05
YBL027W,0.002410317,0.002425654,0.002658449,0.002673985,0.002664998,0.002801252,0.003037752,0.00301359,0.003020453,0.003104633,0.003292347,0.003335448,0.003319809,0.00352099
YBL030C,0.006277305,0.006233663,0.006570423,0.006403074,0.007631486,0.007352659,0.007575893,0.00762238,0.007639762,0.007639616,0.00728896,0.007420813,0.006914047,0.006684507
YBL032W,4.15E-05,4.18E-05,4.14E-05,3.83E-05,4.22E-05,3.92E-05,3.89E-05,4.11E-05,4.12E-05,3.48E-05,3.86E-05,3.87E-05,3.92E-05,3.90E-05
YBL033C,2.85E-05,2.78E-05,2.89932E-05,3.50E-05,3.22E-05,3.11E-05,3.54E-05,3.22E-05,3.22E-05,3.25E-05,3.51E-05,3.50E-05,3.44E-05,3.45E-05
YBL036C,8.87E-05,8.41E-05,8.42E-05,8.72E-05,8.43E-05,8.18E-05,7.57E-05,8.30E-05,8.32E-05,7.91E-05,8.01E-05,7.86E-05,7.84E-05,7.35E-05
YBL037W,1.50E-05,1.74E-05,1.85E-05,1.56E-05,1.74E-05,1.60E-05,1.58E-05,1.69E-05,1.70E-05,1.71E-05,1.44E-05,1.44E-05,1.50E-05,1.48E-05
YBL038W,3.18E-05,3.26E-05,3.02E-05,3.24E-05,3.86E-05,3.81E-05,4.03E-05,4.05E-05,4.06E-05,3.83E-05,3.54E-05,3.31E-05,3.44E-05,3.34E-05
YBL039C,0.000286093,0.000304844,0.000303062,0.000317997,0.000326903,0.000338089,0.000346788,0.000339322,0.000340095,0.000324794,0.00035762,0.00035416,0.000353499,0.00036031
YBL041W,0.000226767,0.000245922,0.000234147,0.000236987,0.000216856,0.000194742,0.000177705,0.000189927,0.000190362,0.000184018,0.000181349,0.00016616,0.000165893,0.00017777
YBL045C,0.003614525,0.003572432,0.003485846,0.003458666,0.00379397,0.004269718,0.004859338,0.004837982,0.004849022,0.0049697,0.004765578,0.004588642,0.004289866,0.004436176
YBL047C,0.000414928,0.000403474,0.00040764,0.00041248,0.000430576,0.000407197,0.000394715,0.000396243,0.000397147,0.000376078,0.00035753,0.000351743,0.000365529,0.000351123
YBL050W,0.000213405,0.000219793,0.000216323,0.000227625,0.000201223,0.000195492,0.000176589,0.000184015,0.000184434,0.000176023,0.000172427,0.000175675,0.000162523,0.000153643
YBL051C,2.58E-05,2.51E-05,2.52E-05,1.75E-05,2.84E-05,2.85E-05,3.51E-05,3.64E-05,3.65E-05,3.59E-05,3.30E-05,3.09E-05,3.22E-05,3.39E-05
YBL056W,7.76E-05,7.17E-05,8.16E-05,8.23E-05,7.26E-05,6.75E-05,7.53E-05,7.99E-05,8.01E-05,7.89E-05,7.49E-05,7.82E-05,7.78E-05,7.35E-05
YBL058W,0.000200037,0.000196564,0.000200284,0.000191269,0.000187386,0.000181514,0.000190591,0.000184835,0.000185257,0.000185166,0.000190317,0.000186179,0.000198273,0.000189711
YBL064C,0.000366122,0.000362646,0.000320345,0.000313351,0.000229582,0.000257702,0.000354414,0.000385057,0.000385935,0.000401637,0.000384452,0.000378274,0.000341677,0.000348613
YBL066C,0.000105307,5.92E-05,5.98E-05,5.24E-05,6.93E-05,8.39E-05,8.94E-05,0.000125606,0.0001259,0.000111828,8.97E-05,0.00013086,0.000111986,8.86E-05
YBL068W,2.26E-05,2.07E-05,2.30E-05,2.03E-05,2.35E-05,2.51E-05,2.20E-05,2.33E-05,2.34E-05,2.02E-05,2.12E-05,2.08E-05,2.12E-05,2.02E-05
YBL069W,2.46E-05,2.49E-05,2.48E-05,2.59E-05,2.71E-05,2.55E-05,2.73E-05,2.50E-05,2.50E-05,2.61E-05,2.62E-05,2.56E-05,2.27E-05,2.23E-05
YBL075C,0.0017089,0.001600508,0.001499676,0.001516599,0.001498944,0.001503758,0.001591752,0.001612015,0.001615706,0.001509519,0.001579981,0.001459054,0.001598166,0.001431076
YBL076C,0.001260667,0.001280542,0.001321445,0.001343414,0.00130282,0.001362172,0.001421627,0.001453169,0.001456485,0.001441132,0.001524615,0.001503449,0.001554294,0.001574596
YBL079W,5.03E-05,5.22E-05,5.57E-05,5.08E-05,5.26E-05,5.19E-05,5.30E-05,5.34E-05,5.35E-05,5.35E-05,4.79E-05,4.42E-05,4.94E-05,4.81E-05
YBL091C,5.02E-05,5.13E-05,5.32E-05,5.63E-05,4.85E-05,5.00E-05,4.97E-05,5.11E-05,5.12E-05,4.55E-05,5.11E-05,4.61E-05,5.11E-05,5.06E-05
YBL092W,0.002179268,0.002093738,0.002405572,0.00237262,0.002459894,0.002340531,0.002659616,0.00271056,0.002716716,0.002763491,0.002968927,0.002944014,0.002978579,0.003039713
YBL098W,8.46E-05,8.38E-05,8.83E-05,8.52E-05,8.21E-05,7.57E-05,7.68E-05,7.69E-05,7.71E-05,8.02E-05,7.62E-05,7.46E-05,7.06E-05,7.11E-05
YBL099W,0.009451673,0.009657809,0.009878102,0.009783486,0.010337049,0.011212299,0.011868041,0.011755369,0.011782196,0.012457476,0.011329708,0.011469439,0.010667956,0.010804914
YBL101C,4.11E-05,3.68E-05,3.56E-05,3.68E-05,2.70E-05,2.41E-05,2.13E-05,2.06E-05,2.07E-05,2.02E-05,1.85E-05,2.23E-05,2.08E-05,2.05E-05
YBL102W,2.52E-05,2.23E-05,2.29E-05,2.36E-05,2.58E-05,2.27E-05,1.92E-05,2.18E-05,2.18E-05,2.10E-05,1.88E-05,1.91E-05,1.97E-05,1.95E-05
YBL105C,1.49E-05,1.67E-05,1.84E-05,1.74E-05,1.63E-05,1.08E-05,1.27E-05,1.36E-05,1.36E-05,1.33E-05,1.33E-05,1.23E-05,1.46E-05,1.44E-05
YBR003W,3.04E-05,3.06E-05,2.76E-05,3.04E-05,3.27E-05,3.92E-05,4.28E-05,4.30E-05,4.31E-05,4.65E-05,4.11E-05,4.08E-05,4.16E-05,4.13E-05
YBR006W,4.04E-05,4.45E-05,3.70E-05,3.62E-05,3.07E-05,2.72E-05,2.70E-05,2.46E-05,2.46E-05,2.20E-05,2.15E-05,1.28E-05,2.14E-05,1.97E-05
YBR011C,0.003461356,0.00337965,0.00354372,0.003561028,0.003442608,0.003577831,0.003682817,0.003684424,0.003692825,0.003764712,0.003624851,0.003543215,0.003468507,0.003534213
YBR015C,8.20E-05,7.84E-05,7.98E-05,8.59E-05,8.66E-05,7.96E-05,8.04E-05,7.94E-05,7.96E-05,8.11E-05,8.35E-05,8.30E-05,8.43E-05,8.08E-05
YBR017C,3.51E-05,3.50E-05,3.43E-05,3.74E-05,3.65E-05,3.48E-05,3.56E-05,3.37E-05,3.38E-05,3.33E-05,3.56E-05,3.01E-05,3.25E-05,3.42E-05
YBR023C,1.29E-05,9.91E-06,1.46E-05,1.36E-05,1.56E-05,1.61E-05,1.62E-05,1.44E-05,1.45E-05,1.16E-05,1.46E-05,1.48E-05,1.40E-05,1.37E-05
YBR025C,0.000987839,0.001008708,0.001037523,0.001014521,0.001137672,0.001128485,0.001168523,0.001188928,0.001191642,0.001187586,0.00123398,0.00127163,0.001292088,0.001286532
YBR026C,9.73E-05,9.59E-05,7.66E-05,7.81E-05,5.62E-05,4.74E-05,2.74E-05,2.70E-05,2.71E-05,2.98E-05,2.57E-05,2.28E-05,2.08E-05,1.98E-05
YBR029C,0.000522939,0.000494427,0.000519995,0.000517653,0.000587477,0.000623479,0.000571284,0.000587376,0.000588708,0.000510025,0.000523961,0.00052753,0.000533343,0.000500391
YBR034C,9.17E-05,9.08E-05,8.94E-05,9.45E-05,0.000108331,0.000116855,0.000101803,9.93E-05,9.95E-05,0.000101194,0.000110469,9.99E-05,9.49E-05,9.30E-05
YBR035C,0.000330234,0.000325804,0.000324752,0.000315931,0.000284379,0.00026607,0.00025099,0.000254829,0.000255412,0.000265128,0.000260071,0.000260501,0.000263057,0.00026609
YBR037C,2.67E-05,2.53E-05,2.64E-05,2.48E-05,2.85E-05,3.01E-05,3.75E-05,4.00E-05,4.01E-05,4.48E-05,3.41E-05,3.39E-05,2.96E-05,3.39E-05
YBR039W,0.001267964,0.001220174,0.001272567,0.001239871,0.00130614,0.001277111,0.001352511,0.001365206,0.00136832,0.00133104,0.001287746,0.001241936,0.001256605,0.001204994
YBR049C,4.19E-05,4.24E-05,3.60E-05,4.32E-05,3.91E-05,4.06E-05,3.58E-05,3.61E-05,3.62E-05,3.76E-05,3.88E-05,3.58E-05,3.49E-05,3.43E-05
YBR052C,8.78E-05,8.90E-05,9.18E-05,8.88E-05,9.28E-05,9.15E-05,9.73E-05,0.000100938,0.000101169,0.000106845,9.63E-05,0.000101191,9.78E-05,9.63E-05
YBR056W,4.78E-05,4.37E-05,3.98E-05,3.94E-05,2.59E-05,2.13E-05,2.29E-05,2.66E-05,2.67E-05,2.57E-05,2.22E-05,1.12E-05,1.99E-05,1.88E-05
YBR059C,2.20E-05,2.27E-05,2.14E-05,1.95E-05,2.19E-05,2.12E-05,2.13E-05,2.19E-05,2.20E-05,2.00E-05,2.07E-05,1.89E-05,2.18E-05,1.87E-05
YBR072W,0.007427928,0.006539977,0.003804292,0.003468918,0.000118901,0.000242633,0.000154119,0.000146265,0.000146596,0.000158421,6.89E-05,7.20E-05,3.72E-05,4.51E-05
YBR074W,1.45E-05,1.40E-05,1.38E-05,1.72E-05,1.68E-05,1.07E-05,1.54E-05,1.68E-05,1.68E-05,1.52E-05,1.49E-05,1.73E-05,1.69E-05,1.66E-05
YBR078W,0.000981968,0.000970794,0.000920554,0.000962677,0.000950029,0.00094063,0.000908202,0.000927452,0.000929566,0.000833898,0.000869802,0.000841565,0.000811472,0.000837006
YBR079C,0.000791348,0.000790032,0.000840799,0.000847408,0.000900344,0.000871911,0.00088891,0.000910326,0.000912402,0.000842542,0.000893822,0.000890289,0.00087547,0.000884987
YBR080C,0.000170265,0.000167986,0.000172749,0.000178537,0.000177398,0.00017005,0.000177594,0.00017551,0.000175911,0.000161486,0.000161546,0.000166452,0.000164961,0.000166501
YBR082C,4.54E-05,4.42E-05,4.38E-05,4.22E-05,4.26E-05,4.46E-05,3.86E-05,3.26E-05,3.27E-05,4.72E-05,2.90E-05,3.56E-05,4.09E-05,4.05E-05
YBR084W,0.000255387,0.000254656,0.000273014,0.000272149,0.000302158,0.000304866,0.000311385,0.000313187,0.000313903,0.000324669,0.000320215,0.000323783,0.00032348,0.000327292
YBR085C-A,7.71E-05,8.44E-05,7.52E-05,6.95E-05,4.61E-05,5.74E-05,7.25E-05,6.46E-05,6.48E-05,5.97E-05,6.07E-05,4.86E-05,6.12E-05,5.35E-05
YBR086C,0.000103358,0.000101493,0.000104041,9.68E-05,8.36E-05,7.83E-05,8.21E-05,8.23E-05,8.25E-05,7.76E-05,7.69E-05,6.99E-05,7.14E-05,7.60E-05
YBR087W,1.81E-05,1.63E-05,1.61E-05,1.65E-05,1.71E-05,1.43E-05,1.24E-05,1.25E-05,1.26E-05,1.42E-05,1.37E-05,1.29E-05,1.31E-05,1.39E-05
YBR088C,0.000460756,0.000442089,0.000466473,0.000458211,0.000437183,0.000403441,0.000418381,0.000398713,0.00039962,0.000393026,0.000397659,0.00039263,0.000391402,0.000384594
YBR094W,4.94E-05,4.90E-05,4.77E-05,4.64E-05,4.86E-05,4.11E-05,3.78E-05,4.27E-05,4.28E-05,3.65E-05,3.49E-05,3.41E-05,3.77E-05,3.52E-05
YBR096W,2.45E-05,2.61E-05,2.63E-05,2.69E-05,2.53E-05,2.26E-05,1.62E-05,2.16E-05,2.16E-05,1.89E-05,1.74E-05,1.52E-05,1.74E-05,1.48E-05
YBR101C,0.000104432,0.000104655,0.0001066,0.000110832,0.000103328,0.000102757,8.85E-05,9.10E-05,9.12E-05,9.17E-05,8.70E-05,8.63E-05,8.43E-05,8.76E-05
YBR106W,0.000370574,0.000396556,0.000383163,0.000372226,0.000401197,0.000379476,0.000329831,0.000356332,0.000357144,0.000330782,0.000337804,0.000345368,0.000341425,0.000364613
YBR109C,0.000383473,0.000381121,0.000349649,0.000348274,0.000359352,0.000358388,0.000339678,0.000330865,0.00033162,0.000317574,0.000335149,0.000316075,0.00031271,0.000313646
YBR111C,6.07E-05,6.04E-05,5.74E-05,6.12E-05,4.97E-05,5.10E-05,4.59E-05,4.61E-05,4.62E-05,4.59E-05,4.51E-05,4.82E-05,4.12E-05,4.27E-05
YBR112C,0.000152695,0.000150711,0.000156403,0.000153226,0.000152462,0.000149527,0.000144124,0.000143479,0.000143806,0.000136914,0.000138364,0.000137371,0.000143877,0.000138557
YBR115C,0.000881101,0.000855269,0.000874723,0.000854434,0.000840559,0.000824816,0.000962219,0.000975444,0.00097767,0.00099022,0.001089916,0.001086905,0.001128077,0.001157927
YBR120C,5.92E-05,6.29E-05,6.29E-05,5.98E-05,6.85E-05,7.65E-05,8.98E-05,9.49E-05,9.51E-05,8.94E-05,9.07E-05,9.05E-05,8.49E-05,8.11E-05
YBR121C,0.001663246,0.001694849,0.001752412,0.001778798,0.001861259,0.001878838,0.001954045,0.001905551,0.001909891,0.001920042,0.001967249,0.00197524,0.00190536,0.001914357
YBR125C,1.67E-05,1.82E-05,1.79E-05,1.49E-05,1.89E-05,1.82E-05,1.97E-05,1.74E-05,1.75E-05,1.90E-05,1.92E-05,1.82E-05,1.67E-05,1.75E-05
YBR126C,0.000304736,0.000300069,0.000266726,0.000267349,0.000180878,0.000168907,0.000187102,0.000199348,0.000199804,0.000209131,0.000182035,0.000171733,0.000182511,0.000177088
YBR127C,0.001664294,0.001656795,0.001721116,0.001804669,0.001809158,0.001851242,0.002018702,0.002046476,0.002051135,0.001989709,0.002127479,0.002119435,0.002148466,0.002154647
YBR130C,3.36E-05,3.52E-05,4.07E-05,4.28E-05,5.04E-05,4.59E-05,4.24E-05,4.09E-05,4.10E-05,3.46E-05,4.17E-05,4.03E-05,3.82E-05,4.48E-05
YBR142W,3.43E-05,3.35E-05,3.63E-05,3.65E-05,3.76E-05,3.73E-05,3.29E-05,3.17E-05,3.18E-05,3.47E-05,3.37E-05,3.81E-05,3.66E-05,3.65E-05
YBR143C,0.000583734,0.000590131,0.000616394,0.000621585,0.000651121,0.000636521,0.000621629,0.000619639,0.000621051,0.000570716,0.000612128,0.000622761,0.000605374,0.000631808
YBR146W,4.01E-05,4.40E-05,4.33E-05,4.10E-05,5.01E-05,5.54E-05,5.62E-05,5.30E-05,5.31E-05,6.08E-05,5.65E-05,5.30E-05,5.22E-05,5.60E-05
YBR149W,0.0010076,0.001011447,0.000976716,0.000918012,0.000737631,0.000669608,0.000493719,0.000476505,0.000477596,0.000500266,0.000423603,0.00042529,0.000403275,0.0004058
YBR151W,1.31E-05,1.34E-05,1.35E-05,1.31E-05,1.35E-05,1.16E-05,1.46E-05,1.34E-05,1.34E-05,1.34E-05,1.30E-05,1.19E-05,1.18E-05,1.03E-05
YBR154C,9.90E-05,9.67E-05,0.000106982,0.00010367,0.000114939,0.000108554,0.000107865,0.000107651,0.000107896,9.94E-05,9.98E-05,0.000107078,0.000106909,0.000108512
YBR155W,3.28E-05,3.93E-05,3.39E-05,4.24E-05,3.57E-05,3.78E-05,2.89E-05,3.43E-05,3.44E-05,3.50E-05,3.20E-05,3.66E-05,3.59E-05,3.43E-05
YBR159W,6.34E-05,6.13E-05,6.11E-05,6.08E-05,6.55E-05,6.14E-05,5.53E-05,5.74E-05,5.75E-05,5.70E-05,5.70E-05,5.50E-05,5.54E-05,5.49E-05
YBR160W,4.60E-05,4.16E-05,4.47E-05,4.10E-05,4.19E-05,3.88E-05,3.64E-05,3.64E-05,3.65E-05,3.17E-05,3.33E-05,3.47E-05,3.15E-05,3.37E-05
YBR162C,7.48E-05,7.61E-05,7.43E-05,7.60E-05,6.05E-05,5.63E-05,6.10E-05,5.94E-05,5.95E-05,6.12E-05,6.35E-05,6.15E-05,6.23E-05,6.28E-05
YBR164C,6.47E-05,7.06E-05,6.42E-05,6.24E-05,6.29E-05,6.22E-05,5.31E-05,5.11E-05,5.12E-05,5.75E-05,5.77E-05,5.80E-05,5.40E-05,5.78E-05
YBR166C,2.47E-05,2.19E-05,2.12E-05,2.16E-05,1.96E-05,1.92E-05,1.78E-05,1.86E-05,1.86E-05,1.84E-05,2.00E-05,2.00E-05,1.96E-05,1.98E-05
YBR169C,0.000139295,0.00011211,6.22E-05,5.98E-05,1.15E-05,7.89E-06,4.23E-06,3.58E-06,3.59E-06,1.66E-06,0,0,0,3.13E-06
YBR170C,7.04E-05,6.84E-05,7.24E-05,6.83E-05,5.81E-05,5.33E-05,4.75E-05,4.74E-05,4.75E-05,4.85E-05,4.25E-05,4.75E-05,4.67E-05,4.28E-05
YBR171W,5.84E-05,5.60E-05,5.66E-05,6.32E-05,6.00E-05,5.76E-05,5.64E-05,5.41E-05,5.42E-05,5.32E-05,5.44E-05,5.33E-05,5.67E-05,5.66E-05
YBR172C,2.39E-05,2.35E-05,2.81E-05,2.58E-05,3.54E-05,4.00E-05,4.13E-05,4.16E-05,4.17E-05,4.14E-05,3.77E-05,3.91E-05,3.86E-05,3.94E-05
YBR177C,0.000247451,0.000238863,0.000228074,0.000229716,0.000228629,0.000263265,0.000363272,0.000383335,0.000384212,0.000375432,0.000347029,0.000361347,0.000346965,0.000347004
YBR185C,2.89E-05,3.17E-05,2.67E-05,2.58E-05,3.28E-05,3.67E-05,3.22E-05,3.38E-05,3.38E-05,3.56E-05,3.40E-05,2.76E-05,3.07E-05,2.97E-05
YBR189W,0.000148428,0.000178134,0.000155275,0.000136721,0.000156629,0.000170323,0.000170807,0.000194904,0.000195345,0.000171669,0.0002347,0.000208227,0.000224818,0.000220391
YBR191W,0.000180559,0.000176772,0.000168307,0.000219377,0.000211658,0.0002239,0.000231965,0.000239172,0.000239714,0.000270787,0.000235148,0.000238511,0.000236418,0.000255575
YBR196C,0.002998856,0.002874651,0.002996652,0.002943568,0.002756845,0.002847555,0.002818982,0.002766065,0.002772366,0.00276003,0.002663935,0.002696674,0.002609653,0.002612694
YBR198C,7.41E-05,7.08E-05,7.22E-05,7.23E-05,7.01E-05,6.87E-05,7.16E-05,7.02E-05,7.04E-05,7.31E-05,6.97E-05,7.08E-05,7.24E-05,7.53E-05
YBR200W,1.29E-05,9.90E-06,1.48E-05,1.31E-05,1.48E-05,1.43E-05,1.37E-05,1.39E-05,1.39E-05,1.06E-05,1.08E-05,1.28E-05,1.22E-05,1.23E-05
YBR207W,1.82E-05,1.75E-05,2.45E-05,2.57E-05,2.62E-05,2.37E-05,2.17E-05,2.24E-05,2.24E-05,1.77E-05,1.87E-05,1.95E-05,2.08E-05,1.94E-05
YBR212W,2.16E-05,2.13E-05,2.43E-05,2.61E-05,2.13E-05,1.86E-05,1.78E-05,1.80E-05,1.80E-05,1.95E-05,1.94E-05,1.39E-05,1.55E-05,1.65E-05
YBR214W,0.000147798,0.000134042,0.00011411,0.000117367,5.00E-05,3.79E-05,1.88E-05,2.14E-05,2.15E-05,2.45E-05,1.07E-05,9.43E-06,1.04E-05,1.54E-05
YBR221C,0.000982943,0.0010222,0.001001212,0.001052657,0.000998071,0.000978179,0.000906482,0.000896815,0.000898859,0.000930646,0.000899984,0.000886203,0.000807303,0.000832327
YBR222C,0.000180366,0.000191016,0.000166922,0.000159622,0.000106748,0.000102543,0.000106019,0.000111046,0.0001113,0.000113659,9.96E-05,0.000103891,9.91E-05,9.22E-05
YBR227C,2.68E-05,2.51E-05,2.47E-05,2.89E-05,2.32E-05,1.63E-05,1.85E-05,2.26E-05,2.27E-05,1.95E-05,2.14E-05,1.84E-05,1.74E-05,2.27E-05
YBR230C,0.000101891,9.44E-05,7.63E-05,7.75E-05,7.38E-05,8.00E-05,7.62E-05,8.37E-05,8.39E-05,7.37E-05,6.89E-05,5.50E-05,4.62E-05,3.99E-05
YBR234C,0.000190416,0.000199345,0.000192822,0.00020125,0.000185052,0.000175277,0.00014587,0.000149673,0.000150016,0.000149067,0.000147042,0.000137691,0.000146786,0.000138316
YBR245C,8.14E-05,8.01E-05,8.62E-05,8.69E-05,8.62E-05,8.02E-05,7.84E-05,7.80E-05,7.82E-05,7.86E-05,7.48E-05,7.74E-05,7.83E-05,7.69E-05
YBR247C,0.000103729,0.000100285,0.000105541,0.000112618,0.000126555,0.00011588,0.000115637,0.000113085,0.000113343,0.00011106,0.000118942,0.000114261,0.000117405,0.000117057
YBR248C,0.000497941,0.000505645,0.000489795,0.000504392,0.000472064,0.000442346,0.000417132,0.000416021,0.000416973,0.000409028,0.000422142,0.000431384,0.000446958,0.000446112
YBR249C,0.001090301,0.001073885,0.0010083,0.001047303,0.000981686,0.000991738,0.000958082,0.000952792,0.00095497,0.000996627,0.000986107,0.001021342,0.000996821,0.001002895
YBR251W,6.41E-05,6.66E-05,6.64E-05,6.37E-05,7.82E-05,7.59E-05,8.07E-05,8.40E-05,8.41705E-05,8.10E-05,8.36E-05,8.42E-05,8.41E-05,8.30E-05
YBR256C,0.000112743,0.0001098,9.41E-05,9.30E-05,6.92E-05,6.20E-05,6.29E-05,6.15E-05,6.17E-05,6.25E-05,6.31E-05,5.83E-05,6.12E-05,6.08E-05
YBR261C,2.93E-05,3.38E-05,3.14E-05,3.40E-05,3.22E-05,3.05E-05,2.91E-05,2.94E-05,2.94E-05,2.87E-05,3.04E-05,3.06E-05,3.21E-05,2.86E-05
YBR262C,5.53E-05,5.06E-05,5.69E-05,5.34E-05,6.04E-05,6.05E-05,7.20E-05,7.53E-05,7.55E-05,7.65E-05,7.28E-05,7.21E-05,6.33E-05,6.71E-05
YBR263W,0.000657072,0.00063648,0.000638569,0.000646009,0.000644819,0.000639631,0.000500226,0.000506025,0.000507183,0.000502198,0.000501612,0.00050817,0.000503607,0.000501351
YBR265W,1.87E-05,1.92E-05,2.16E-05,2.24E-05,2.49E-05,2.49E-05,2.60E-05,2.76E-05,2.76E-05,2.92E-05,2.34E-05,2.43E-05,2.71E-05,2.48E-05
YBR267W,9.61E-06,9.60E-06,1.11E-05,1.23E-05,1.11E-05,1.26E-05,1.15E-05,9.81E-06,9.84E-06,1.05E-05,1.40E-05,1.06E-05,1.14E-05,1.46E-05
YBR279W,4.48E-05,4.29E-05,4.71E-05,4.91E-05,4.54E-05,4.73E-05,4.39E-05,4.59E-05,4.60E-05,4.78E-05,4.40E-05,4.51E-05,4.80E-05,4.66E-05
YBR281C,5.17E-05,5.40E-05,5.45E-05,5.51E-05,5.61E-05,5.52E-05,5.55E-05,5.88E-05,5.90E-05,5.49E-05,5.29E-05,5.14E-05,5.58E-05,5.20E-05
YBR283C,8.75E-05,8.58E-05,9.57E-05,8.84E-05,0.000107468,9.32E-05,9.05E-05,9.03E-05,9.05E-05,8.78E-05,9.09E-05,8.70E-05,9.42E-05,9.02E-05
YBR286W,0.000599305,0.000582117,0.000535399,0.000549142,0.00043895,0.000415313,0.00034362,0.000339057,0.000339831,0.000350555,0.000330233,0.000337698,0.000315521,0.000309579
YBR287W,1.49E-05,1.56E-05,1.36E-05,1.55E-05,1.27E-05,1.43E-05,1.31E-05,1.35E-05,1.35E-05,1.47E-05,1.39E-05,1.46E-05,1.59E-05,1.35E-05
YBR288C,2.53E-05,2.35E-05,2.77E-05,2.86E-05,2.07E-05,2.39E-05,2.56E-05,2.67E-05,2.67E-05,2.65E-05,2.75E-05,2.73E-05,2.65E-05,2.70E-05
YBR291C,0.000142233,0.000137634,0.000150415,0.000143929,0.000178658,0.00015562,0.000137512,0.000137728,0.000138043,0.000120366,0.00012229,0.000114367,0.0001208,0.000119158
YBR294W,2.94E-05,3.30E-05,3.69E-05,3.50E-05,4.90E-05,5.04E-05,4.11E-05,4.18E-05,4.19E-05,3.87E-05,3.70E-05,4.11E-05,3.41E-05,3.43E-05
YBR299W,0.000170122,0.000174162,0.000187572,0.000182247,0.000230521,0.000269655,0.000407041,0.000400981,0.000401898,0.000466968,0.000444876,0.000459479,0.000417522,0.000412464
YCL001W,3.29E-05,2.94E-05,2.83E-05,3.30E-05,3.01E-05,2.96E-05,2.57E-05,2.04E-05,2.04E-05,2.58E-05,2.10E-05,2.35E-05,2.39E-05,2.59E-05
YCL009C,0.000741492,0.000759458,0.000647483,0.000707817,0.000608725,0.00062385,0.000654103,0.000657582,0.000659085,0.000755456,0.000670888,0.000643336,0.000666753,0.000685414
YCL018W,0.000123715,0.000124873,0.000125446,0.000127645,0.000143522,0.000135636,0.000135883,0.000126735,0.000127025,0.000124169,0.000121443,0.000121016,0.000118987,0.000122867
YCL026C-B,4.87E-05,5.63E-05,5.78E-05,6.44E-05,4.81E-05,4.60E-05,3.87E-05,3.67E-05,3.68E-05,3.15E-05,3.33E-05,3.32E-05,3.85E-05,3.76E-05
YCL028W,0.000110778,0.000108699,0.000110141,8.80E-05,9.55E-05,9.63E-05,8.83049E-05,8.55E-05,8.57E-05,8.51E-05,8.36E-05,7.84E-05,8.08E-05,7.92E-05
YCL030C,0.001663857,0.001624158,0.001559679,0.001554445,0.001395993,0.001482675,0.001922039,0.001914693,0.001919071,0.001964039,0.002083148,0.002105024,0.00220262,0.002268586
YCL034W,2.23E-05,2.26E-05,2.25E-05,2.39E-05,2.29E-05,2.03E-05,2.14E-05,2.21E-05,2.21E-05,1.97E-05,2.30E-05,1.89E-05,2.13E-05,2.01E-05
YCL035C,0.000235296,0.000230459,0.000214482,0.000222409,0.000175982,0.000169355,0.000155214,0.000164006,0.00016438,0.000162727,0.000160976,0.000160887,0.000145512,0.000127709
YCL037C,0.000133248,0.00012418,0.000136034,0.000138887,0.00016535,0.000154816,0.000183849,0.000192571,0.000193009,0.000174547,0.000202691,0.000184537,0.000196815,0.000191222
YCL040W,0.00175995,0.001751025,0.001646269,0.001649649,0.001132517,0.001071305,0.001056211,0.001059452,0.001061865,0.001093353,0.000900045,0.00088629,0.00077964,0.000750902
YCL043C,0.0015856,0.001583682,0.001676098,0.001606244,0.001442293,0.001324693,0.001288088,0.001313097,0.001316092,0.001304306,0.001337514,0.001374487,0.001394543,0.00139101
YCL044C,3.31E-05,3.24E-05,3.50E-05,3.50E-05,3.37E-05,3.23E-05,3.08E-05,3.08E-05,3.08E-05,2.74E-05,3.08E-05,2.78E-05,2.89E-05,2.60E-05
YCL045C,7.88E-05,8.41E-05,7.99E-05,8.20E-05,7.95E-05,6.25393E-05,5.61E-05,5.81E-05,5.83E-05,4.97E-05,4.25E-05,5.69E-05,5.61E-05,6.11E-05
YCL050C,0.00028292,0.000291698,0.000297838,0.000283254,0.000284623,0.000251588,0.000225752,0.000229384,0.00022991,0.000231868,0.000227914,0.000228197,0.000246442,0.000243097
YCL054W,3.32E-05,3.28E-05,3.52E-05,3.59E-05,3.96E-05,4.46E-05,4.20E-05,4.24E-05,4.25E-05,4.28E-05,4.64E-05,4.42E-05,4.42E-05,4.52E-05
YCL057W,0.000254694,0.000255081,0.000262998,0.000252819,0.000265299,0.00026001,0.000282423,0.000283906,0.000284555,0.000265773,0.000276218,0.000269536,0.000280901,0.000276926
YCL059C,1.63E-05,1.61E-05,1.82E-05,1.82E-05,1.84E-05,1.74E-05,1.76E-05,1.76E-05,1.76E-05,1.54E-05,1.73E-05,1.73E-05,1.88E-05,1.78E-05
YCR002C,0.000137154,0.000135166,0.000150648,0.000149619,0.000136018,0.000123225,0.000120987,0.000121453,0.00012173,0.000124506,0.000114554,0.000113693,0.000119916,0.000110245
YCR004C,0.000890833,0.000928948,0.000877077,0.000897416,0.000767901,0.000652705,0.000474115,0.000503326,0.000504475,0.000530971,0.000451404,0.000433685,0.000422583,0.000410277
YCR005C,7.58E-05,7.79E-05,8.65E-05,8.68E-05,0.000128048,0.000120132,0.000113819,0.000112488,0.000112745,0.00010571,8.98E-05,8.05E-05,6.58E-05,6.74E-05
YCR009C,0.000155068,0.000150213,0.000147364,0.000147155,0.000140945,0.000129059,0.000128185,0.000128338,0.000128631,0.000120113,0.000120567,0.000117367,0.000114452,0.000114988
YCR012W,0.017618229,0.016827534,0.015934583,0.015350108,0.013849475,0.014774022,0.016625194,0.016037703,0.016074272,0.015614507,0.015279952,0.015473629,0.015096447,0.014999753
YCR016W,1.55E-05,1.68E-05,1.72E-05,2.02E-05,1.51E-05,1.48E-05,1.57E-05,1.39E-05,1.39E-05,1.29E-05,1.51E-05,1.33E-05,1.30E-05,1.43E-05
YCR017C,2.57E-05,2.31E-05,2.74E-05,2.63E-05,2.44E-05,2.32E-05,2.28E-05,1.99E-05,2.00E-05,1.82E-05,1.82E-05,1.99E-05,1.64E-05,1.72E-05
YCR028C-A,0.000414356,0.000383777,0.000387736,0.000391329,0.000382102,0.000326953,0.000351109,0.000326668,0.00032741,0.000350688,0.000313426,0.000339714,0.000334754,0.000326423
YCR030C,0.00014406,0.00014378,0.000144943,0.000140242,0.00012316,0.000109691,0.000110067,0.000112182,0.000112439,0.000109478,0.000108899,0.000108973,0.000106487,0.000103971
YCR031C,0.002599122,0.00263268,0.002784055,0.002757191,0.003142582,0.003041034,0.003428012,0.003473511,0.003481455,0.003442179,0.003652603,0.003714658,0.003762696,0.003833543
YCR035C,2.28E-05,2.25E-05,2.34E-05,2.40E-05,2.29E-05,2.00E-05,2.04E-05,1.98E-05,1.99E-05,2.19E-05,2.39E-05,2.29E-05,2.48E-05,2.27E-05
YCR046C,6.10E-05,6.16E-05,7.19E-05,6.91E-05,7.07E-05,7.98E-05,8.38E-05,7.88E-05,7.90E-05,8.39E-05,8.02E-05,8.40E-05,8.42E-05,8.54E-05
YCR051W,9.14E-05,0.000102446,9.78E-05,9.89E-05,0.00010216,8.60E-05,6.86E-05,7.03E-05,7.05E-05,6.89E-05,6.67E-05,6.90E-05,6.46E-05,6.58E-05
YCR052W,1.89E-05,2.07E-05,1.85E-05,1.91E-05,1.92E-05,1.74E-05,1.83E-05,1.70E-05,1.71E-05,1.91E-05,2.04E-05,2.03E-05,1.84E-05,1.87E-05
YCR053W,0.000882766,0.0008743,0.000850708,0.000874035,0.000843065,0.000835086,0.000772468,0.000786659,0.000788448,0.000763842,0.000786175,0.00078144,0.000792869,0.000763693
YCR054C,1.21E-05,1.22E-05,1.13E-05,1.29E-05,1.23E-05,1.06E-05,1.05E-05,1.09E-05,1.09E-05,8.78E-06,1.15E-05,1.01E-05,1.03E-05,9.39E-06
YCR057C,3.46E-05,3.55E-05,3.45E-05,3.62E-05,4.00E-05,4.26E-05,4.23E-05,4.49E-05,4.50E-05,4.22E-05,4.25E-05,4.05E-05,4.20E-05,4.15E-05
YCR060W,1.57E-05,1.49E-05,1.57E-05,1.69E-05,1.59E-05,1.28E-05,1.20E-05,1.53E-05,1.53E-05,1.20E-05,1.24E-05,1.28E-05,1.21E-05,1.26E-05
YCR067C,3.21E-05,2.80E-05,2.85E-05,2.97E-05,2.65E-05,3.30E-05,2.78E-05,2.77E-05,2.78E-05,2.61E-05,2.67E-05,2.76E-05,2.60E-05,2.79E-05
YCR072C,2.68E-05,2.65E-05,3.11E-05,3.01E-05,2.95E-05,2.66E-05,2.76E-05,2.98E-05,2.99E-05,2.75E-05,2.58E-05,2.57E-05,2.84E-05,2.98E-05
YCR073W-A,0.000127264,0.000128587,0.000126514,0.000130934,0.000112023,0.000107269,0.000105688,0.000104641,0.000104878,0.000104965,9.58E-05,0.00010096,9.90E-05,9.11E-05
YCR077C,7.41E-05,8.01E-05,7.90E-05,7.84E-05,7.50E-05,7.32E-05,7.52E-05,7.50E-05,7.51E-05,7.34E-05,7.08E-05,7.10E-05,6.74E-05,7.27E-05
YCR083W,8.87E-05,8.33E-05,7.94E-05,7.64E-05,6.63E-05,5.39E-05,4.05E-05,3.80E-05,3.81E-05,4.92E-05,3.92E-05,4.23E-05,3.58E-05,3.72E-05
YCR084C,0.000343844,0.000352199,0.000363743,0.000357904,0.000340864,0.000325134,0.000319502,0.000327924,0.000328672,0.000313952,0.000317928,0.000327906,0.000331988,0.000315307
YCR088W,0.000612492,0.000621186,0.000635488,0.000660003,0.000615571,0.000610366,0.000562589,0.00057701,0.000578326,0.000541804,0.000529349,0.000528904,0.000521647,0.000509437
YCR093W,0.000133054,0.000135056,0.000145549,0.000141744,0.000131794,0.000132693,0.000125621,0.000125369,0.000125655,0.000124238,0.000129681,0.000125026,0.000120714,0.000123401
YDL007W,0.000288256,0.000297957,0.000311819,0.000308032,0.000276092,0.00025287,0.000268402,0.000274369,0.000274997,0.000265477,0.000258746,0.000253615,0.000258994,0.00026464
YDL014W,0.000841175,0.000854135,0.000921281,0.000887107,0.000997936,0.000971733,0.001002617,0.001008968,0.001011278,0.001048764,0.001056019,0.001062389,0.001075913,0.001102229
YDL019C,5.03E-05,5.12E-05,5.23E-05,5.25E-05,4.12E-05,4.06E-05,4.33E-05,4.68E-05,4.70E-05,4.63E-05,4.49E-05,4.38E-05,4.39E-05,4.24E-05
YDL022W,0.000311868,0.000297166,0.00025782,0.00024876,0.000132092,0.000138161,0.000179651,0.000200922,0.00020138,0.000222517,0.000199075,0.000195152,0.000195189,0.000200405
YDL025C,3.94E-05,3.62E-05,3.24E-05,3.34E-05,3.04E-05,3.17E-05,3.24E-05,3.33E-05,3.34E-05,3.34E-05,2.86E-05,2.99E-05,2.97E-05,2.62E-05
YDL029W,0.000217743,0.000219447,0.000231633,0.000235082,0.000203106,0.000197327,0.000191051,0.000194734,0.000195179,0.000196253,0.000183053,0.0001894,0.000181016,0.00017686
YDL031W,3.73E-05,3.63E-05,3.62E-05,3.88E-05,4.14E-05,3.92E-05,3.66E-05,3.62E-05,3.63E-05,3.83E-05,3.54E-05,3.45E-05,3.30E-05,3.43E-05
YDL040C,0.000157129,0.000155525,0.000162267,0.00016253,0.000168335,0.000161696,0.000161996,0.000161366,0.000161733,0.000152661,0.000165706,0.000161617,0.000160535,0.000151971
YDL047W,4.50E-05,4.64E-05,4.46E-05,4.51E-05,4.10E-05,4.31E-05,4.74E-05,4.62E-05,4.63E-05,4.55E-05,4.48E-05,4.36E-05,4.21E-05,4.36E-05
YDL051W,0.000115963,0.000116336,0.000122497,0.000126475,0.000121485,0.000118525,0.000112517,0.000115292,0.000115555,0.00011167,0.000122205,0.000115161,0.0001157,0.000121085
YDL052C,9.60E-05,9.45E-05,9.26E-05,9.98E-05,0.00011571,0.000131138,0.000118579,0.000124635,0.000124918,0.00011684,0.000119543,0.000112007,0.000119726,0.000110104
YDL053C,3.54E-05,3.55E-05,3.73E-05,3.88E-05,4.17E-05,4.34E-05,4.29E-05,4.46E-05,4.47E-05,4.22E-05,4.34E-05,4.13E-05,4.26E-05,4.12E-05
YDL055C,0.001444583,0.001419761,0.001507301,0.001543947,0.001489405,0.00164027,0.002050738,0.002090634,0.002095398,0.002066515,0.002108886,0.002094737,0.002043384,0.002167845
YDL058W,2.38E-05,2.67E-05,2.43E-05,2.54E-05,2.31E-05,2.58E-05,2.45E-05,2.79E-05,2.80E-05,2.36E-05,2.90E-05,2.70E-05,2.74E-05,2.67E-05
YDL060W,4.72E-05,4.74E-05,5.03E-05,5.13E-05,5.62E-05,5.20E-05,4.90E-05,4.71E-05,4.72E-05,4.86E-05,4.48E-05,5.24E-05,5.19E-05,5.13E-05
YDL061C,0.000347487,0.000346348,0.000391424,0.000374405,0.00041285,0.000262466,0.000536765,0.000496002,0.000497132,0.000481777,0.000541092,0.000549568,0.00053007,0.000492982
YDL063C,1.74E-05,1.69E-05,1.94E-05,1.65E-05,2.17E-05,1.98E-05,1.81E-05,1.66E-05,1.67E-05,1.61E-05,1.52E-05,1.52E-05,1.34E-05,1.52E-05
YDL064W,3.97E-05,4.24E-05,3.88E-05,4.04E-05,3.96E-05,3.70E-05,3.28E-05,3.39E-05,3.40E-05,3.19E-05,3.45E-05,3.23E-05,3.62E-05,3.68E-05
YDL065C,2.95E-05,3.27E-05,3.22E-05,3.09E-05,2.74E-05,2.72E-05,3.08E-05,2.90E-05,2.91E-05,2.74E-05,2.98E-05,3.04E-05,2.75E-05,2.50E-05
YDL066W,0.000888873,0.000912441,0.000958867,0.000950517,0.001042118,0.001079572,0.001061577,0.001033915,0.001036276,0.001063955,0.001045545,0.001048003,0.00107131,0.001070977
YDL067C,0.000200264,0.000198544,0.000204884,0.000185921,0.000197916,0.000208394,0.000265989,0.000256083,0.000256668,0.000247507,0.000238006,0.000251099,0.000220864,0.000217273
YDL072C,0.000107659,0.000101676,0.000102739,9.53E-05,8.36E-05,6.37E-05,5.37E-05,5.11E-05,5.12E-05,5.16E-05,5.57E-05,5.17E-05,5.06E-05,5.11E-05
YDL074C,3.02E-05,3.11E-05,2.99E-05,2.92E-05,2.59E-05,2.61E-05,2.16E-05,2.39E-05,2.39E-05,2.52E-05,2.33E-05,2.26E-05,2.29E-05,2.12E-05
YDL075W,0.000277823,0.000280239,0.000273576,0.000277052,0.000286892,0.000259599,0.000339859,0.000316247,0.000316963,0.000344226,0.000339339,0.000303943,0.000360343,0.000368346
YDL078C,0.000455064,0.000447022,0.00045694,0.000432679,0.000427707,0.000414724,0.000325938,0.000339424,0.0003402,0.000342886,0.000313153,0.000306242,0.000292151,0.000283237
YDL081C,0.000149618,0.000168539,0.0001694,0.000160542,0.000155805,0.000185545,0.000181003,0.000211094,0.000211576,0.000209642,0.00023375,0.0002038,0.000208156,0.000198715
YDL082W,0.004044148,0.004036448,0.004372716,0.004310164,0.004676967,0.004698978,0.005088853,0.004923928,0.004935139,0.004861812,0.005258158,0.005403082,0.00521946,0.005448216
YDL084W,0.000946126,0.000935637,0.000965498,0.00093021,0.000962631,0.00091563,0.000945002,0.000987209,0.000989461,0.000980678,0.00097681,0.000982796,0.001011488,0.000977408
YDL086W,0.000138331,0.00014548,0.000142328,0.000155683,0.000126529,0.000128892,0.000113742,0.000118418,0.000118689,0.000134521,0.000109283,0.00011409,0.000108389,0.000110273
YDL088C,2.10E-05,2.00E-05,1.97E-05,2.02E-05,2.00E-05,2.09E-05,2.13E-05,2.27E-05,2.27E-05,1.85E-05,1.96E-05,1.99E-05,2.00E-05,1.77E-05
YDL095W,0.000177454,0.000194247,0.000184342,0.000190726,0.00017693,0.000171381,0.000163981,0.000176913,0.00017732,0.000180033,0.000168265,0.000166427,0.000183101,0.000171429
YDL097C,0.000331039,0.000320123,0.000331389,0.000337121,0.000283106,0.000260336,0.000247829,0.000259501,0.000260095,0.00024663,0.000254874,0.000246249,0.000246712,0.000247942
YDL099W,3.33E-05,3.31E-05,3.50E-05,3.24E-05,2.80E-05,2.81E-05,2.43E-05,2.35E-05,2.36E-05,2.26E-05,2.51E-05,2.24E-05,2.30E-05,2.15E-05
YDL100C,0.000313624,0.000295988,0.000312922,0.000310884,0.000290946,0.000268785,0.000275095,0.000270064,0.000270681,0.000260471,0.000259186,0.000266157,0.000281669,0.000264193
YDL103C,0.0001318,0.000130328,0.000133249,0.000132284,0.00012003,0.00011651,0.000111014,0.000106767,0.00010701,0.000108278,0.000101736,0.000106131,0.000101152,0.000101384
YDL110C,0.000145656,0.000151988,0.000131322,0.000128229,8.72E-05,6.93E-05,6.03E-05,6.27E-05,6.28E-05,6.64E-05,5.87E-05,6.50E-05,5.70E-05,5.70E-05
YDL111C,2.28E-05,2.50E-05,2.28E-05,2.47E-05,2.38E-05,2.58E-05,2.43E-05,2.24E-05,2.24E-05,2.67E-05,2.50E-05,2.50E-05,2.62E-05,2.47E-05
YDL112W,6.02E-05,6.27E-05,6.86E-05,6.02E-05,6.80E-05,5.85E-05,5.43E-05,5.50E-05,5.51E-05,5.66E-05,5.31E-05,5.88E-05,5.92E-05,5.87E-05
YDL116W,2.16E-05,2.13E-05,2.18E-05,2.35E-05,2.24E-05,2.00E-05,1.79E-05,2.17E-05,2.17E-05,1.79E-05,1.63E-05,2.02E-05,2.05E-05,1.90E-05
YDL121C,3.78E-05,3.76E-05,4.32E-05,4.27E-05,3.68E-05,3.68E-05,3.65E-05,3.56E-05,3.57E-05,3.65E-05,3.39E-05,3.12E-05,3.26E-05,3.02E-05
YDL122W,6.14E-05,6.00E-05,6.13E-05,6.21E-05,6.22E-05,6.81E-05,6.43E-05,6.44E-05,6.45394E-05,6.60E-05,5.95E-05,6.21E-05,5.89E-05,5.41E-05
YDL124W,0.000717645,0.00070203,0.000643885,0.000663423,0.000371884,0.00032295,0.000326079,0.00028649,0.000287144,0.000279566,0.000226776,0.000232181,0.000235625,0.00021602
YDL125C,0.000486728,0.000480286,0.000514428,0.000486056,0.000506468,0.000449434,0.000383617,0.000405129,0.000406059,0.000423852,0.000373509,0.000360682,0.000372923,0.000371181
YDL126C,0.002376872,0.002346652,0.0023646,0.002338426,0.002074052,0.001998894,0.001950796,0.001962532,0.001967006,0.00199184,0.00192583,0.00190795,0.001927745,0.001920173
YDL130W,0.001625737,0.001495447,0.001687666,0.001632259,0.001836504,0.001948644,0.001745795,0.001664389,0.001668176,0.001768745,0.001968551,0.00185311,0.001892592,0.001512771
YDL131W,0.000622844,0.000621108,0.000614926,0.00061278,0.000492086,0.000556317,0.000639864,0.000591973,0.000593326,0.000613041,0.000687168,0.000671698,0.000718253,0.000733716
YDL132W,6.91E-05,6.55E-05,6.97E-05,6.86E-05,6.30E-05,6.50E-05,6.63E-05,6.86E-05,6.88E-05,6.30E-05,6.12079E-05,5.78E-05,6.01252E-05,6.03E-05
YDL134C,2.79E-05,2.37E-05,2.29E-05,2.24E-05,9.93E-06,2.16E-05,2.03E-05,2.14E-05,2.15E-05,2.38E-05,1.95E-05,2.21E-05,2.43E-05,2.29E-05
YDL135C,0.000158561,0.000155658,0.000161618,0.000176066,0.000148116,0.000142597,0.000114853,0.000114514,0.000114776,0.000116291,0.000107845,0.000109644,0.000104687,0.000102769
YDL137W,8.61E-05,9.02E-05,9.26E-05,9.43E-05,7.45E-05,8.73E-05,7.39E-05,7.90E-05,7.92E-05,7.91E-05,6.59E-05,7.63E-05,7.27E-05,6.72E-05
YDL140C,0.000242938,0.000248161,0.000248065,0.000249859,0.000252735,0.000232647,0.000243894,0.000247548,0.000248112,0.000239519,0.000238268,0.000235811,0.000242891,0.000236013
YDL141W,5.66E-05,5.04E-05,5.13E-05,5.48E-05,5.26E-05,5.24E-05,5.28E-05,5.21E-05,5.22E-05,5.22E-05,4.73E-05,4.86E-05,4.74E-05,4.98E-05
YDL143W,0.001037792,0.001032548,0.001032098,0.001042883,0.001092585,0.001047573,0.000989329,0.00100136,0.001003645,0.000996923,0.000959591,0.000951189,0.000994466,0.001038689
YDL144C,6.30E-05,6.54E-05,6.52E-05,7.23E-05,6.32E-05,5.67E-05,5.37E-05,5.02E-05,5.03E-05,6.05E-05,4.99E-05,5.81E-05,5.33E-05,5.23E-05
YDL145C,0.000594079,0.000592376,0.000615975,0.000608907,0.000602243,0.000557794,0.000573599,0.000573998,0.000575309,0.000559727,0.000565674,0.000551905,0.000561665,0.0005577
YDL147W,0.000307847,0.000313143,0.000311555,0.000299999,0.000254457,0.000232368,0.000216121,0.000221765,0.000222271,0.000206816,0.000209817,0.000205723,0.000206675,0.000198758
YDL148C,1.26E-05,1.16E-05,1.27E-05,1.48E-05,1.56E-05,1.50E-05,1.30E-05,1.46E-05,1.46E-05,1.25E-05,1.45E-05,1.38E-05,1.49E-05,1.47E-05
YDL153C,2.47E-05,2.60E-05,2.90E-05,2.61E-05,2.95E-05,3.06E-05,2.90E-05,2.64E-05,2.65E-05,2.93E-05,2.83E-05,3.05E-05,3.11E-05,3.05E-05
YDL160C,0.000198036,0.000198114,0.000192057,0.000207555,0.000210365,0.000207104,0.000217448,0.000225782,0.000226298,0.000215433,0.000222176,0.000221292,0.000217077,0.000224799
YDL164C,1.09E-05,9.86E-06,1.23E-05,1.08E-05,1.02E-05,9.84E-06,1.13E-05,9.57E-06,9.60E-06,8.51E-06,8.63E-06,9.84E-06,1.23E-05,8.99E-06
YDL166C,1.04E-05,1.28E-05,1.16E-05,1.46E-05,1.37E-05,1.26E-05,1.19E-05,1.37E-05,1.37E-05,1.08E-05,1.47E-05,1.23E-05,1.32E-05,1.33E-05
YDL168W,0.000103697,9.84E-05,0.000100038,0.000102908,9.01E-05,8.07E-05,8.57E-05,8.86E-05,8.88E-05,8.71E-05,9.44E-05,9.95E-05,9.26E-05,9.52E-05
YDL171C,0.001519073,0.001535501,0.001303689,0.001372554,0.001256573,0.001349637,0.001234084,0.001253479,0.001256338,0.001356194,0.001379047,0.001351046,0.001266148,0.001246204
YDL173W,2.93E-05,2.82E-05,2.82E-05,2.56E-05,2.81E-05,2.17E-05,2.87E-05,2.98E-05,2.99E-05,2.59E-05,2.55E-05,2.58E-05,2.64E-05,2.68E-05
YDL174C,0.000794193,0.000803805,0.00081029,0.00084231,0.000969824,0.00097227,0.000935987,0.000926182,0.000928294,0.000918311,0.000857825,0.000835043,0.000813377,0.000778405
YDL178W,0.000256238,0.000262018,0.000256717,0.000252105,0.000270566,0.000275993,0.000236063,0.000228451,0.000228971,0.000237057,0.000235624,0.000224692,0.000219993,0.0002178
YDL182W,0.000312633,0.000315399,0.000337933,0.000350217,0.000371875,0.000382158,0.000424063,0.000415139,0.000416087,0.00036578,0.000404899,0.000422547,0.000450053,0.000473617
YDL185W,0.002151681,0.002136883,0.002213947,0.002272423,0.002244218,0.00212383,0.002372031,0.002383242,0.002388679,0.002429992,0.002464783,0.002470823,0.002527331,0.002499332
YDL188C,2.66E-05,2.33E-05,2.53E-05,2.66E-05,2.56E-05,2.68E-05,2.17E-05,2.12E-05,2.13E-05,1.33E-05,2.09E-05,1.88E-05,2.25E-05,2.22E-05
YDL190C,4.96E-05,4.65E-05,5.33E-05,5.54E-05,5.14E-05,4.86E-05,4.98E-05,5.17E-05,5.19E-05,5.09E-05,4.26E-05,4.44E-05,4.73E-05,4.76E-05
YDL191W,0.002138871,0.002165035,0.002457025,0.00241925,0.002633558,0.002695695,0.002774323,0.002845072,0.002851556,0.002745012,0.003018181,0.003016144,0.00306623,0.002935585
YDL192W,0.00018557,0.000174503,0.00018711,0.00018982,0.000212356,0.000199932,0.000234251,0.000233632,0.000234165,0.000217297,0.000219236,0.000229264,0.000226036,0.000230978
YDL195W,0.0006271,0.000608765,0.000624318,0.00062728,0.000648287,0.000637409,0.000650514,0.000676712,0.000678256,0.000622466,0.000654007,0.000648245,0.000643661,0.000642067
YDL198C,0.000297659,0.000307129,0.000291906,0.000292358,0.000295323,0.000303949,0.000315582,0.000325253,0.000325997,0.000320992,0.000325548,0.000325057,0.000311456,0.000312611
YDL201W,2.30E-05,2.81E-05,2.83E-05,2.74E-05,2.95E-05,2.94E-05,2.55E-05,2.41E-05,2.42E-05,2.62E-05,2.20E-05,2.58E-05,2.42E-05,2.61E-05
YDL202W,6.11E-05,6.07E-05,6.08E-05,6.05E-05,7.57E-05,7.90E-05,8.99E-05,8.47E-05,8.49E-05,8.85E-05,8.68E-05,8.94E-05,8.94E-05,9.03E-05
YDL205C,6.52E-05,7.68E-05,8.02E-05,7.70E-05,8.91E-05,9.49E-05,9.52E-05,0.000100649,0.000100879,9.95E-05,9.52E-05,8.69E-05,9.02E-05,8.92E-05
YDL213C,4.60E-05,4.54E-05,4.80E-05,5.11E-05,5.11E-05,4.64E-05,4.04E-05,4.15E-05,4.15E-05,3.39E-05,3.67E-05,3.67E-05,3.66E-05,3.59E-05
YDL215C,0.000611361,0.000622403,0.000566215,0.000561492,0.000462359,0.000272037,0.000100034,8.90E-05,8.92E-05,7.97E-05,5.76E-05,3.83E-05,1.76E-05,5.27E-05
YDL225W,6.53E-05,7.05E-05,7.09E-05,7.20E-05,7.05E-05,6.38E-05,6.20E-05,6.04E-05,6.05E-05,5.25E-05,5.69E-05,5.32E-05,5.29E-05,5.32E-05
YDL226C,0.000185138,0.000186999,0.000184286,0.000187419,0.000190589,0.000186506,0.000191056,0.000200219,0.000200676,0.000178178,0.000192807,0.0001844,0.000192234,0.000189008
YDL236W,0.000125731,0.000122356,0.000119584,0.000133247,0.000134707,0.000142058,0.000142201,0.000146299,0.000146632,0.000133172,0.000136228,0.000134486,0.000128297,0.000131781
YDL237W,4.93E-05,5.24E-05,5.47E-05,5.11E-05,4.05E-05,4.68E-05,3.28E-05,3.85E-05,3.86E-05,3.66E-05,3.62E-05,3.95E-05,3.29E-05,4.08E-05
YDR001C,3.42E-05,3.85E-05,3.08E-05,3.18E-05,1.81E-05,1.26E-05,1.89E-05,1.82E-05,1.82E-05,2.19E-05,1.75E-05,1.57E-05,9.93E-06,1.84E-05
YDR002W,0.000335786,0.000310153,0.000332512,0.000329382,0.000361012,0.000366273,0.000347529,0.000340158,0.000340938,0.00033236,0.000350356,0.000343444,0.0003597,0.000363373
YDR011W,3.83E-05,3.17E-05,3.36E-05,3.40E-05,3.56E-05,2.14E-05,1.96E-05,2.07E-05,2.07E-05,1.66E-05,1.93E-05,1.75E-05,2.10E-05,2.13E-05
YDR019C,0.000313395,0.000309783,0.000320097,0.000335567,0.000314029,0.000308619,0.000314066,0.000320058,0.000320785,0.000295737,0.000325271,0.000345686,0.000324369,0.000323185
YDR023W,0.001324047,0.001314618,0.001345153,0.001410053,0.001507426,0.001501547,0.001486536,0.001489338,0.001492739,0.001504407,0.001520424,0.001510366,0.001494125,0.001411672
YDR025W,0.003764491,0.003775908,0.004046605,0.004038281,0.004302588,0.004391067,0.005006666,0.005038322,0.005049823,0.004998074,0.005119375,0.005429061,0.005422497,0.005405856
YDR028C,7.49E-05,6.94E-05,7.09E-05,6.43E-05,6.61E-05,6.01E-05,6.72E-05,6.63E-05,6.65E-05,6.06E-05,6.70E-05,6.16E-05,7.22E-05,6.24E-05
YDR032C,0.001314427,0.001231939,0.001183327,0.001234233,0.001015061,0.000917357,0.000751888,0.000731446,0.000733115,0.000767608,0.000703282,0.000743216,0.000704273,0.000695738
YDR033W,1.88E-05,2.30E-05,2.48E-05,3.12E-05,1.78E-05,1.64E-05,3.75E-05,3.59E-05,3.60E-05,4.97E-05,4.62E-05,5.20E-05,4.87E-05,4.73E-05
YDR035W,0.000476507,0.00045918,0.000413198,0.000403189,0.000303326,0.000287984,0.000286221,0.000299126,0.000299807,0.000308023,0.000324517,0.000327937,0.000326359,0.00033608
YDR036C,0.000426507,0.000431103,0.000426684,0.000432644,0.000427117,0.00037974,0.000328738,0.000340029,0.000340804,0.000328713,0.000319477,0.000332137,0.000302414,0.000300808
YDR037W,0.0013591,0.001373072,0.001435465,0.001425955,0.001424706,0.001443197,0.001442371,0.001422331,0.00142558,0.001469059,0.001482735,0.001503112,0.001511561,0.001556623
YDR044W,6.46E-05,6.17E-05,5.97E-05,3.62E-05,6.13E-05,5.90E-05,9.10E-05,9.48E-05,9.50E-05,0.000109299,9.86E-05,9.95E-05,9.76E-05,0.000101871
YDR047W,3.81E-05,4.50E-05,4.67E-05,5.03E-05,4.21E-05,3.75E-05,3.71E-05,4.01E-05,4.01E-05,4.28E-05,4.09E-05,3.95E-05,2.96E-05,3.76E-05
YDR050C,0.004572157,0.004605022,0.004620565,0.004573992,0.004354446,0.004736556,0.005084336,0.005156969,0.00516875,0.005274749,0.005349726,0.005525821,0.005440371,0.005328468
YDR051C,3.18E-05,3.37E-05,3.44E-05,3.41E-05,3.33E-05,3.33E-05,3.31E-05,3.07E-05,3.07E-05,3.20E-05,3.11E-05,3.29E-05,2.89E-05,3.19E-05
YDR060W,9.48E-05,9.68884E-05,9.96E-05,0.000105999,0.000102892,0.000102341,9.23E-05,9.23E-05,9.25E-05,8.90E-05,9.30E-05,8.96E-05,8.74E-05,8.68E-05
YDR061W,5.14E-05,5.05E-05,5.16E-05,4.89E-05,4.87E-05,5.85E-05,5.73E-05,6.07E-05,6.08E-05,6.23E-05,5.28E-05,5.58E-05,5.28E-05,5.35E-05
YDR062W,6.18E-05,6.04E-05,6.96E-05,6.43E-05,6.26E-05,6.64E-05,5.70E-05,5.81E-05,5.82E-05,6.24E-05,5.75E-05,6.21E-05,6.06E-05,5.82E-05
YDR064W,0.002753616,0.002817208,0.002976229,0.003058918,0.003281803,0.003422698,0.003643047,0.003661122,0.003669472,0.003668148,0.003986708,0.003989709,0.003966225,0.004080063
YDR068W,2.38E-05,2.38E-05,2.42E-05,2.55E-05,2.19E-05,2.07E-05,2.26E-05,2.15E-05,2.16E-05,1.89E-05,2.21E-05,1.75E-05,2.16E-05,1.75E-05
YDR071C,0.000496554,0.000499012,0.000502355,0.000494319,0.000486401,0.000486188,0.000460889,0.000455538,0.000456579,0.000476668,0.000429316,0.000449268,0.000425578,0.000446171
YDR074W,0.000228289,0.000204399,0.000186526,0.000190079,0.000104884,0.00011495,0.000118221,0.000126663,0.000126951,0.000125257,0.000107121,0.000106212,9.64E-05,9.48E-05
YDR079W,1.65E-05,1.66E-05,2.07E-05,1.70E-05,2.11E-05,1.99E-05,2.23E-05,2.19E-05,2.20E-05,2.21E-05,1.99E-05,2.04E-05,1.76E-05,1.82E-05
YDR092W,0.000102263,0.000102534,0.000100668,9.53E-05,8.57E-05,8.80E-05,7.39E-05,7.80E-05,7.82E-05,7.37E-05,7.20E-05,8.09E-05,7.22E-05,7.77E-05
YDR093W,6.37E-06,3.86E-06,1.64E-06,7.06E-06,2.58E-06,4.46E-06,5.28E-06,6.99E-06,7.00E-06,1.08E-05,4.03E-06,5.40E-06,5.38E-06,4.59E-06
YDR097C,0.000328011,0.000307803,0.000349062,0.000362972,0.000338432,0.000336775,0.000342222,0.000320176,0.000320905,0.000324654,0.000330619,0.000306624,0.000335835,0.000336622
YDR098C,5.63E-05,5.82E-05,7.50E-05,6.98E-05,6.21E-05,6.18E-05,4.87E-05,5.71E-05,5.72E-05,6.71E-05,5.69E-05,5.23E-05,6.19E-05,6.40E-05
YDR099W,0.000500924,0.000496898,0.00051946,0.000497179,0.000443757,0.000372251,0.000395642,0.000392224,0.000393115,0.000368658,0.000379641,0.000372105,0.00033348,0.000359967
YDR101C,0.000251536,0.000249151,0.000261727,0.000261524,0.000286188,0.000288706,0.000248877,0.000251479,0.000252054,0.000259701,0.000273924,0.000263534,0.000246693,0.000264474
YDR116C,9.78E-05,9.38E-05,9.22E-05,8.63E-05,0.000111152,0.000121515,0.000131143,0.00013974,0.000140059,0.000121001,0.000137486,0.000131043,0.000127096,0.000128676
YDR117C,1.89E-05,1.81E-05,1.76E-05,1.75E-05,1.67E-05,1.43E-05,1.62E-05,1.43E-05,1.43E-05,1.58E-05,1.38E-05,1.49E-05,1.69E-05,1.39E-05
YDR119W,3.09E-05,3.10E-05,3.09E-05,2.91E-05,3.06E-05,3.15E-05,2.98E-05,2.82E-05,2.83E-05,3.01E-05,3.00E-05,2.88E-05,3.01E-05,2.78E-05
YDR120C,8.34E-05,8.46E-05,8.73E-05,9.28E-05,9.72E-05,9.99E-05,8.93E-05,8.62E-05,8.64E-05,8.48E-05,8.03E-05,8.90E-05,8.85E-05,8.48E-05
YDR127W,0.001187173,0.001215259,0.00120061,0.001199822,0.001175405,0.001220041,0.001326115,0.001337038,0.001340092,0.001337274,0.001385218,0.001380466,0.00134503,0.001362667
YDR129C,0.000717422,0.00068753,0.000715128,0.000713401,0.000691457,0.000678199,0.000734818,0.000728877,0.000730537,0.000727671,0.000709339,0.000705317,0.000688751,0.000669234
YDR135C,6.67E-05,6.73E-05,7.03E-05,6.88E-05,6.81E-05,7.08E-05,7.62E-05,8.21E-05,8.23E-05,8.33E-05,8.12E-05,8.57E-05,9.27E-05,9.41E-05
YDR141C,0.00029378,0.00031109,0.000299495,0.00028798,0.000330689,0.000202358,0.00024865,0.000162383,0.00016276,0.000263595,0.000234802,0.000187302,0.000199442,0.000226857
YDR145W,3.69E-05,3.65E-05,3.79E-05,3.92E-05,3.81E-05,3.38E-05,3.57E-05,3.66E-05,3.67E-05,3.34E-05,3.49E-05,3.24E-05,3.56E-05,3.11E-05
YDR148C,0.000776256,0.000738779,0.000745885,0.000709521,0.000749605,0.000876593,0.000986436,0.00098479,0.000987036,0.00101575,0.000897143,0.000916579,0.000853837,0.000814619
YDR152W,2.25E-05,2.38E-05,2.30E-05,2.32E-05,2.42E-05,2.30E-05,2.37E-05,2.05E-05,2.05E-05,2.19E-05,2.04E-05,2.00E-05,1.98E-05,2.10E-05
YDR153C,4.63E-05,5.16E-05,4.85E-05,4.97E-05,5.81E-05,5.36E-05,5.19E-05,5.36E-05,5.37E-05,5.29E-05,5.14E-05,5.06E-05,5.36E-05,4.73E-05
YDR155C,0.0023392,0.002202573,0.002084539,0.002042505,0.001588089,0.00159463,0.001887443,0.001885614,0.001889909,0.001880161,0.001935193,0.001990365,0.001886057,0.001908112
YDR158W,0.001880577,0.00182804,0.001782689,0.001772252,0.00164124,0.001633886,0.001916466,0.001848683,0.001852899,0.001884076,0.001854307,0.001970824,0.001866299,0.001917464
YDR161W,2.29E-05,2.48E-05,2.43E-05,2.34E-05,2.24E-05,2.13E-05,2.21E-05,2.11E-05,2.12E-05,2.11E-05,2.27E-05,2.31E-05,2.15E-05,2.12E-05
YDR164C,3.07E-05,2.93E-05,2.96E-05,2.94E-05,2.78E-05,2.91E-05,2.45E-05,2.68E-05,2.68E-05,2.65E-05,2.51E-05,2.03E-05,2.33E-05,2.35E-05
YDR165W,9.27E-05,9.17E-05,9.69E-05,0.000101009,0.000103558,0.000106089,9.74E-05,9.13E-05,9.15E-05,9.07E-05,9.13E-05,9.27E-05,9.93E-05,9.94E-05
YDR166C,8.10E-06,7.04E-06,1.05E-05,8.49E-06,8.80E-06,8.16E-06,7.85E-06,7.13E-06,7.14E-06,7.31E-06,5.49E-06,8.16E-06,6.58E-06,7.80E-06
YDR168W,0.000185231,0.000186454,0.000185836,0.00019035,0.000167218,0.000163169,0.000151588,0.000151006,0.000151351,0.000139966,0.00013866,0.000130542,0.000127787,0.00013354
YDR169C,1.63E-05,1.81E-05,1.87E-05,1.99E-05,1.70E-05,1.74E-05,2.37E-05,2.04E-05,2.04E-05,2.06E-05,1.88E-05,1.99E-05,1.95E-05,1.92E-05
YDR170C,0.00011958,0.000126607,0.000126239,0.000128789,0.0001139,0.000108724,0.000111658,0.000108014,0.000108261,0.000104167,0.000106243,0.00010774,0.000108229,0.000108524
YDR172W,0.00051391,0.000511116,0.000515275,0.000516461,0.000498446,0.000490023,0.000526339,0.000534276,0.000535491,0.000507661,0.000508104,0.000513191,0.000502702,0.000497998
YDR174W,0.000141068,0.000142887,0.000153209,0.000151164,0.000157675,0.000157177,0.000179666,0.000187431,0.000187858,0.0001767,0.000187738,0.000180858,0.000194985,0.000203047
YDR175C,6.78E-05,6.39E-05,6.90E-05,6.54E-05,7.28E-05,8.35E-05,8.78E-05,9.64E-05,9.66E-05,8.64E-05,9.12E-05,9.33E-05,9.18E-05,8.91E-05
YDR177W,0.00027191,0.00029215,0.000278302,0.000296523,0.000284084,0.000279142,0.000255735,0.000259684,0.000260278,0.000291209,0.000261381,0.000259785,0.000248741,0.00026289
YDR178W,0.00015311,0.000142405,0.000146875,0.000126826,0.000147154,0.000133622,0.000117563,0.000150455,0.000150798,0.000119075,0.000119302,0.000122767,0.000116192,0.00011837
YDR188W,0.000280813,0.000275338,0.000299523,0.000283022,0.000292368,0.00027197,0.000271493,0.000282898,0.000283544,0.000261205,0.00027671,0.000272771,0.000274234,0.000263284
YDR189W,9.68E-05,8.72E-05,9.63E-05,9.79E-05,9.00E-05,7.82E-05,7.75E-05,7.59E-05,7.61E-05,7.27E-05,7.59E-05,7.17E-05,7.38E-05,7.06E-05
YDR190C,0.000298138,0.000307742,0.000308278,0.000303968,0.000285175,0.000286762,0.000267212,0.000268996,0.000269609,0.00025406,0.000257248,0.000253435,0.000252951,0.000249809
YDR194C,0.000279452,0.000292137,0.000289376,0.000304756,0.000388453,0.000431495,0.000463892,0.000484059,0.000485164,0.000467477,0.00048706,0.000477644,0.000456876,0.000446612
YDR195W,1.30E-05,1.26E-05,1.14E-05,1.27E-05,9.89E-06,1.16E-05,9.84E-06,1.17E-05,1.17E-05,1.04E-05,1.11E-05,9.86E-06,1.05E-05,1.02E-05
YDR211W,8.79E-05,9.11E-05,9.43E-05,0.000102788,0.000101029,0.000102904,9.74E-05,0.000100075,0.000100304,0.000104352,0.000102558,0.000101313,0.000105185,0.000107143
YDR212W,0.000242791,0.00024031,0.000255492,0.000236965,0.000257478,0.000253625,0.000255597,0.000257887,0.000258478,0.00023338,0.000253189,0.000246685,0.000245653,0.000234926
YDR214W,0.000367573,0.000360711,0.000352134,0.000368595,0.000364921,0.000351127,0.000341636,0.000339617,0.00034039,0.000317402,0.000327398,0.000311299,0.000307623,0.000307475
YDR224C,0.00120127,0.001178191,0.001296664,0.001131622,0.001141061,0.001092572,0.001168147,0.00115843,0.001161078,0.001065452,0.001155698,0.001137049,0.001133706,0.001068742
YDR225W,0.001229711,0.001123918,0.001245457,0.001217531,0.001256478,0.001158826,0.001163121,0.001159586,0.001162241,0.001117092,0.001035106,0.00110902,0.001098777,0.00117051
YDR226W,0.001360045,0.001362285,0.001446887,0.001453279,0.001525308,0.00164654,0.001951733,0.001941837,0.001946265,0.00188722,0.001815941,0.001881454,0.001787286,0.00182117
YDR231C,3.01E-05,3.13E-05,2.94E-05,3.21E-05,3.14E-05,2.50E-05,3.01E-05,3.11E-05,3.12E-05,2.94E-05,2.80E-05,2.49E-05,2.54E-05,2.47E-05
YDR233C,0.001001626,0.000963694,0.000983726,0.000994274,0.00088319,0.000819,0.000839087,0.000851553,0.000853492,0.000812809,0.000801758,0.000765027,0.00076412,0.00072177
YDR234W,0.000857877,0.000834259,0.000815239,0.000838129,0.00079768,0.000819315,0.000812577,0.000820146,0.000822016,0.000854261,0.000872927,0.000888684,0.000874249,0.000888105
YDR238C,0.000341726,0.000340376,0.000344237,0.000354738,0.000332549,0.000318816,0.000325807,0.000329474,0.000330223,0.000320463,0.000321085,0.000308806,0.000309161,0.000304617
YDR245W,2.25E-05,2.08E-05,2.16E-05,2.49E-05,2.24E-05,1.79E-05,2.20E-05,2.41E-05,2.41E-05,2.10E-05,2.14E-05,2.12E-05,2.13E-05,2.44E-05
YDR251W,1.80E-05,1.85E-05,2.16E-05,2.06E-05,2.01E-05,1.90E-05,2.01E-05,1.78E-05,1.78E-05,2.01E-05,1.47E-05,1.85E-05,1.79E-05,1.71E-05
YDR258C,0.000747791,0.000698641,0.000716182,0.000676808,0.000594363,0.000590778,0.00059573,0.000601441,0.000602812,0.00053191,0.000467591,0.000479172,0.000455527,0.000446318
YDR264C,1.65E-05,1.82E-05,2.36E-05,2.54E-05,2.31E-05,2.32E-05,2.01E-05,2.13E-05,2.14E-05,1.41E-05,1.32E-05,1.75E-05,1.95E-05,1.93E-05
YDR272W,6.62E-05,6.52E-05,5.78E-05,5.64E-05,5.32E-05,5.09E-05,5.38E-05,5.09E-05,5.10E-05,5.70E-05,5.72E-05,5.82E-05,5.42E-05,5.69E-05
YDR289C,2.48E-05,2.65E-05,2.66E-05,2.63E-05,2.39E-05,2.15E-05,2.05E-05,1.99E-05,2.00E-05,1.90E-05,2.04E-05,1.96E-05,1.99E-05,1.73E-05
YDR292C,4.23E-05,4.70E-05,4.50E-05,4.70E-05,4.89E-05,4.03E-05,3.58E-05,3.67E-05,3.68E-05,3.70E-05,3.66E-05,3.65E-05,3.62E-05,3.38E-05
YDR293C,0.000264841,0.000261147,0.000273572,0.000269962,0.000233056,0.00022728,0.00023476,0.000232093,0.000232622,0.000229112,0.000218086,0.000207384,0.000215083,0.000215385
YDR294C,0.000123105,0.000117108,0.000118017,0.00012573,0.000121356,0.000105145,7.27E-05,7.79E-05,7.81E-05,7.41E-05,6.88E-05,6.43E-05,7.14E-05,6.99E-05
YDR296W,6.18E-05,6.50E-05,6.15E-05,6.14E-05,7.05E-05,8.54E-05,8.30E-05,8.17E-05,8.19E-05,8.51E-05,8.05E-05,8.39E-05,8.62E-05,8.93E-05
YDR298C,0.001299828,0.001259117,0.001307356,0.001290041,0.001418125,0.001447718,0.001499393,0.001504414,0.001507847,0.001467316,0.001347215,0.001382061,0.001286729,0.001309113
YDR299W,4.91E-05,5.34E-05,5.27E-05,5.25E-05,5.88E-05,5.59E-05,5.43E-05,5.58E-05,5.60E-05,5.78E-05,6.08E-05,6.19E-05,6.12E-05,5.76E-05
YDR300C,8.04E-05,7.89E-05,8.37E-05,7.83E-05,8.30E-05,8.17E-05,8.56E-05,8.85E-05,8.87E-05,8.33E-05,8.24E-05,8.52E-05,8.24E-05,8.32E-05
YDR303C,2.63E-05,2.65E-05,2.79E-05,2.60E-05,2.84E-05,2.68E-05,2.64E-05,2.53E-05,2.54E-05,2.21E-05,2.46E-05,2.52E-05,2.55E-05,2.33E-05
YDR304C,8.86E-05,9.03E-05,9.21E-05,8.86E-05,8.18E-05,7.71E-05,4.99E-05,4.43E-05,4.44E-05,5.35E-05,4.65E-05,4.68E-05,4.89E-05,5.36E-05
YDR305C,2.35E-05,1.82E-05,2.18E-05,2.02E-05,1.92E-05,1.73E-05,1.94E-05,1.73E-05,1.73E-05,1.80E-05,1.63E-05,1.94E-05,1.58E-05,1.78E-05
YDR310C,1.96E-05,2.21E-05,2.13E-05,2.09E-05,1.96E-05,2.01E-05,1.91E-05,2.29E-05,2.30E-05,1.98E-05,2.22E-05,2.24E-05,2.43E-05,2.04E-05
YDR312W,3.01E-06,2.85E-06,3.82E-06,3.98E-06,4.06E-06,3.36E-06,3.42E-06,3.39E-06,3.40E-06,3.43E-06,3.42E-06,4.00E-06,3.71E-06,3.39E-06
YDR316W,3.78E-05,3.64E-05,3.85E-05,3.68E-05,4.41E-05,4.33E-05,4.54E-05,4.33E-05,4.34E-05,4.81E-05,4.97E-05,4.36E-05,4.30E-05,4.59E-05
YDR321W,5.83E-05,5.66E-05,6.29E-05,6.56E-05,7.45E-05,7.20E-05,7.97E-05,7.76E-05,7.78E-05,7.19E-05,7.61E-05,8.14E-05,8.56E-05,8.26E-05
YDR322C-A,0.000403744,0.000400028,0.000400581,0.000384684,0.000445821,0.000472292,0.000532892,0.000500135,0.000501276,0.000488822,0.000452374,0.000457694,0.0004436,0.000433896
YDR322W,8.75E-05,8.96E-05,9.08E-05,9.25E-05,9.84E-05,0.000111576,9.84E-05,9.71E-05,9.73E-05,0.00010329,9.80E-05,9.99E-05,9.39E-05,9.57E-05
YDR324C,6.23E-05,5.99E-05,6.92E-05,6.78E-05,7.55E-05,7.25E-05,7.22E-05,7.44E-05,7.45E-05,7.46E-05,7.36E-05,7.38E-05,7.84E-05,7.70E-05
YDR328C,9.83E-05,0.000104967,0.000102943,0.000112894,9.12E-05,8.77E-05,7.47E-05,7.04E-05,7.06E-05,8.26E-05,7.64E-05,7.52E-05,7.92E-05,7.66E-05
YDR330W,1.64E-05,1.73E-05,2.07E-05,1.70E-05,1.67E-05,1.45E-05,1.71E-05,1.47E-05,1.48E-05,1.54E-05,1.36E-05,1.82E-05,1.90E-05,1.86E-05
YDR335W,2.59E-05,2.67E-05,2.98E-05,2.97E-05,3.00E-05,2.97E-05,2.46E-05,2.62E-05,2.63E-05,2.61E-05,2.88E-05,2.42E-05,2.43E-05,2.54E-05
YDR337W,5.11E-05,4.69E-05,5.04E-05,5.51E-05,5.92E-05,6.26E-05,6.24E-05,6.54E-05,6.55E-05,7.08E-05,7.36E-05,6.65E-05,6.89E-05,7.08E-05
YDR341C,0.000739739,0.00072726,0.000742448,0.000769762,0.00070941,0.000698977,0.000675323,0.000665781,0.000667299,0.000671808,0.000677059,0.000669829,0.000670318,0.000659553
YDR343C,0.003429206,0.003449347,0.003778008,0.003485209,0.003728449,0.004011029,0.003832206,0.004011855,0.004020998,0.003562511,0.004120547,0.003489776,0.003658784,0.003613435
YDR346C,0.000225628,0.00021716,0.000208997,0.000233713,0.000227643,0.000220692,0.000193968,0.00019722,0.00019767,0.000188048,0.0001934,0.000196858,0.000189276,0.000180827
YDR347W,9.09E-05,9.94E-05,9.53E-05,9.86E-05,0.000118009,0.000138767,0.00014799,0.000147875,0.000148214,0.000147062,0.000146194,0.000145048,0.000138077,0.000135147
YDR348C,4.32E-05,3.51E-05,3.94E-05,4.20E-05,3.89E-05,4.07E-05,4.31E-05,4.28E-05,4.29E-05,4.34E-05,4.19E-05,4.26E-05,4.41E-05,4.29E-05
YDR353W,0.000489849,0.000483035,0.00050679,0.000518086,0.000506384,0.000499972,0.000474301,0.000467768,0.00046884,0.000474473,0.000477452,0.000489013,0.00050634,0.000506279
YDR354W,9.21E-05,9.66E-05,9.50E-05,9.67E-05,7.90E-05,6.44E-05,7.01E-05,6.59E-05,6.60E-05,6.38E-05,7.13E-05,6.82E-05,7.12E-05,7.43E-05
YDR358W,3.92E-05,4.34E-05,3.32E-05,3.22E-05,2.46E-05,2.12E-05,2.34E-05,2.14E-05,2.14E-05,2.11E-05,2.04E-05,1.82E-05,2.04E-05,1.96E-05
YDR361C,9.71E-05,9.82E-05,0.000101477,9.92E-05,0.000115524,0.000108432,0.000104663,0.000105102,0.000105342,9.05E-05,0.000112332,0.000104527,9.66E-05,9.85E-05
YDR368W,0.000112305,0.000116394,0.000106243,0.000114007,7.71E-05,8.05E-05,9.13E-05,0.000109447,0.000109698,0.000109911,0.000123502,0.000124672,0.000139645,0.000142244
YDR372C,3.81E-05,3.66E-05,3.38E-05,3.92E-05,3.38E-05,3.49E-05,3.68E-05,3.68E-05,3.69E-05,4.14E-05,3.88E-05,3.81E-05,3.66E-05,3.28E-05
YDR375C,3.20E-05,3.07E-05,3.28E-05,3.50E-05,3.72E-05,4.43E-05,4.92E-05,4.75E-05,4.76E-05,4.54E-05,4.73E-05,4.31E-05,4.35E-05,4.17E-05
YDR377W,0.00023457,0.000225625,0.000244355,0.000220951,0.000255946,0.000255217,0.000249448,0.000256111,0.000256695,0.000244581,0.000235226,0.000247186,0.000206122,0.000212705
YDR381C-A,2.17E-05,2.15E-05,2.22E-05,2.24E-05,2.85E-05,2.84E-05,2.84E-05,3.11E-05,3.12E-05,2.88E-05,2.78E-05,2.86E-05,2.40E-05,2.43E-05
YDR381W,0.00032389,0.000336789,0.000347518,0.000352595,0.000353521,0.00032256,0.000335754,0.000318582,0.000319311,0.000332219,0.000302249,0.000323021,0.000325373,0.000316766
YDR382W,0.002970683,0.003052252,0.003109901,0.003166214,0.003441329,0.003571741,0.003646466,0.003743271,0.003751811,0.003586633,0.003973432,0.003868089,0.003924407,0.003943138
YDR390C,2.34E-05,2.15E-05,1.94E-05,3.35E-05,2.39E-05,2.03E-05,2.00E-05,2.27E-05,2.28E-05,2.51E-05,2.66E-05,1.44E-05,2.37E-05,2.12E-05
YDR394W,0.000193621,0.000196983,0.000197668,0.000205038,0.000193063,0.000185444,0.000172979,0.000177303,0.000177707,0.00018243,0.000182838,0.000175492,0.000172001,0.000175667
YDR395W,4.24E-05,4.03E-05,4.13E-05,4.08999E-05,4.46E-05,4.55E-05,4.03E-05,4.37E-05,4.38E-05,4.18E-05,3.77E-05,3.90E-05,4.04E-05,4.08E-05
YDR397C,2.36E-05,2.16E-05,2.64E-05,2.54E-05,2.50E-05,2.46E-05,2.29E-05,2.18E-05,2.19E-05,2.18E-05,2.00E-05,1.94E-05,1.95E-05,1.86E-05
YDR399W,0.000537173,0.000566967,0.00057374,0.000612695,0.00065746,0.000642196,0.000519347,0.000496989,0.000498124,0.00058598,0.000518548,0.000532301,0.000528973,0.000520971
YDR404C,4.05E-05,3.76E-05,4.22E-05,3.83E-05,3.93E-05,4.07E-05,4.02E-05,3.28E-05,3.29E-05,4.02E-05,3.24E-05,4.25E-05,3.36E-05,3.74E-05
YDR405W,5.29E-05,5.24E-05,5.72E-05,5.15E-05,6.41E-05,6.41E-05,6.74E-05,6.68E-05,6.70E-05,6.53E-05,6.92E-05,7.16E-05,6.78E-05,6.66E-05
YDR406W,0,0,0,0,0,0,0,0,0,1.01E-06,1.18E-06,4.29E-06,4.45E-06,6.32E-06
YDR408C,0.000102351,0.000116073,0.000110788,0.000109142,0.000123879,0.000125954,0.000113782,0.000109424,0.000109675,0.000112872,0.000112213,0.000112809,0.000109253,0.000115529
YDR427W,0.000310899,0.000307839,0.000309964,0.000321765,0.000261736,0.000254242,0.000236871,0.000227342,0.00022786,0.000230336,0.000231883,0.00021757,0.0002208,0.000214397
YDR429C,0.000186424,0.00019345,0.000195129,0.00020085,0.000207658,0.000211855,0.000197104,0.000196177,0.000196626,0.000198609,0.000197072,0.000183942,0.00018988,0.000196832
YDR430C,0.000138172,0.000133405,0.000143944,0.000133682,0.000155944,0.000162399,0.0001588,0.000160094,0.000160458,0.000159659,0.000151072,0.000162695,0.00014747,0.000149817
YDR432W,0.000264544,0.000261501,0.000272774,0.000270697,0.000259544,0.000258258,0.000246302,0.000257329,0.000257916,0.00026872,0.000277854,0.000268693,0.00028917,0.000277743
YDR436W,2.43E-06,1.26E-06,2.94E-06,1.25E-06,1.26E-06,0,1.26E-06,1.74E-06,1.74E-06,0,9.38E-07,0,0,0
YDR449C,2.79E-05,2.94E-05,2.67E-05,3.28E-05,3.28E-05,3.41E-05,3.11E-05,3.10E-05,3.10E-05,3.12E-05,3.40E-05,3.31E-05,3.43E-05,3.33E-05
YDR452W,2.02E-05,2.22E-05,2.32E-05,2.36E-05,2.03E-05,1.92E-05,1.47E-05,1.41E-05,1.41E-05,1.40E-05,1.36E-05,1.26E-05,1.29E-05,1.47E-05
YDR453C,2.95E-05,3.05E-05,2.65E-05,2.26E-05,0,0,0,0,0,0,6.76E-06,0,1.44E-05,0
YDR454C,0.000363303,0.000353267,0.000349834,0.00036719,0.000381689,0.000373611,0.000372646,0.000374298,0.000375153,0.000382379,0.000381766,0.000394398,0.000364065,0.000373122
YDR457W,3.64E-05,3.44E-05,3.76E-05,3.25E-05,3.57E-05,3.40E-05,3.20E-05,3.08E-05,3.08E-05,2.89E-05,3.00E-05,2.76E-05,2.54E-05,2.78E-05
YDR458C,2.31E-05,1.96E-05,2.17E-05,2.19E-05,2.08E-05,2.00E-05,1.62E-05,1.63E-05,1.64E-05,1.61E-05,1.80E-05,1.72E-05,1.60E-05,1.41E-05
YDR465C,2.98E-05,2.73E-05,3.15E-05,3.16E-05,3.34E-05,3.10E-05,2.78E-05,2.73E-05,2.73E-05,2.80E-05,2.57E-05,2.46E-05,2.88E-05,2.63E-05
YDR469W,1.71E-05,1.66E-05,1.79E-05,1.93E-05,1.94E-05,1.93E-05,1.70E-05,1.69E-05,1.69E-05,1.42E-05,1.55E-05,1.70E-05,1.64E-05,1.57E-05
YDR470C,3.22E-05,3.16E-05,3.10E-05,3.07E-05,3.88E-05,3.53E-05,3.48E-05,3.44E-05,3.45E-05,3.41E-05,2.94E-05,2.91E-05,2.98E-05,2.62E-05
YDR476C,3.30E-05,3.51E-05,3.96E-05,4.06E-05,3.63E-05,3.10E-05,2.57E-05,2.64E-05,2.65E-05,2.27E-05,1.87E-05,2.19E-05,2.19E-05,1.95E-05
YDR477W,0.000133852,0.000136876,0.000128446,0.000135146,0.000139058,0.000151207,0.000145633,0.000153141,0.00015349,0.000153678,0.000144652,0.000143706,0.0001397,0.000144855
YDR481C,3.58E-05,3.20E-05,3.31E-05,3.50E-05,2.84E-05,2.86E-05,2.82E-05,3.29E-05,3.30E-05,2.30E-05,2.57E-05,2.77E-05,2.63E-05,2.56E-05
YDR483W,9.13E-05,9.84E-05,9.53E-05,0.000102781,8.65E-05,8.67E-05,7.55E-05,8.34E-05,8.36E-05,7.92E-05,8.23E-05,8.20E-05,8.76E-05,8.44E-05
YDR487C,0.000115118,0.000110858,0.000114946,0.000123825,0.000116022,0.000112377,0.000122448,0.000118496,0.000118765,0.000139268,0.000119655,0.000132741,0.000123666,0.000126224
YDR493W,1.76E-05,1.95E-05,1.95E-05,1.56E-05,2.66E-05,3.28E-05,3.92E-05,3.81E-05,3.82E-05,4.12E-05,3.47E-05,4.37E-05,3.49E-05,3.92E-05
YDR494W,5.78E-05,5.65E-05,5.77E-05,5.77E-05,6.47E-05,7.20E-05,7.77E-05,8.15E-05,8.17E-05,7.51E-05,7.54E-05,7.66E-05,7.49E-05,7.46E-05
YDR496C,9.93E-05,0.000109985,0.000114353,0.000116556,0.000126556,0.000107261,0.000101237,0.000100618,0.000100849,0.00010242,9.97E-05,0.000101597,0.000103275,9.55E-05
YDR502C,0.002768207,0.002804193,0.002982017,0.002854635,0.003074365,0.003405487,0.003287915,0.003452503,0.003460415,0.003522727,0.003372336,0.003469504,0.003682293,0.0036121
YDR505C,1.58E-05,1.21E-05,1.53E-05,1.60E-05,1.12E-05,1.48E-05,1.59E-05,1.42E-05,1.42E-05,1.76E-05,1.72E-05,1.66E-05,1.67E-05,1.56E-05
YDR507C,3.77E-05,3.66E-05,3.85E-05,3.90E-05,3.93E-05,3.74E-05,3.11E-05,3.08E-05,3.09E-05,2.73E-05,2.93E-05,2.15E-05,2.67E-05,2.53E-05
YDR510W,0.000193701,0.000179561,0.000186854,0.000176877,0.000180796,0.000190728,0.000194297,0.000186161,0.000186587,0.000183567,0.000182881,0.000172821,0.000174053,0.000169295
YDR513W,0.000145134,0.000142695,0.000141243,0.000139663,0.000109129,0.000106925,0.000102122,0.000104787,0.000105026,0.000101057,9.27E-05,8.92E-05,8.53E-05,8.21E-05
YDR515W,4.00E-05,3.75E-05,3.83E-05,3.96E-05,4.73E-05,5.49E-05,5.03E-05,5.63E-05,5.64E-05,4.95E-05,5.26E-05,5.00E-05,4.88E-05,4.31E-05
YDR516C,0.000158064,0.000159523,0.000175479,0.000169896,0.00015987,0.000144925,0.00015394,0.000155116,0.00015547,0.000163937,0.000161256,0.000168931,0.000162109,0.000168986
YDR517W,6.33E-05,6.83E-05,6.37E-05,6.46E-05,6.80E-05,6.36E-05,6.75E-05,6.45E-05,6.47E-05,6.99E-05,6.03E-05,5.86E-05,6.56802E-05,6.32E-05
YDR529C,0.000689915,0.00069867,0.000694917,0.000668304,0.000686444,0.00080378,0.00084522,0.000817737,0.000819596,0.000842338,0.000789813,0.000795408,0.000777773,0.000770303
YEL002C,0.000109776,0.000106773,0.00011358,0.000109088,0.000104724,0.00010294,9.18E-05,9.17E-05,9.19E-05,9.19E-05,8.53E-05,8.90E-05,8.65E-05,9.59E-05
YEL011W,0.00012211,0.000123395,9.95E-05,9.34E-05,4.74E-05,4.01E-05,5.69E-05,5.34E-05,5.35E-05,5.49E-05,4.64E-05,5.38E-05,4.97E-05,4.91E-05
YEL013W,0.000142169,0.000150075,0.000148769,0.000152736,0.000145923,0.000137671,0.000155678,0.000143894,0.000144223,0.000141446,0.00013705,0.000143997,0.00013135,0.000130693
YEL015W,4.41E-05,4.99E-05,4.49E-05,4.71E-05,4.77E-05,4.22E-05,4.18E-05,4.28E-05,4.29E-05,4.03E-05,3.62E-05,3.83E-05,4.48E-05,3.84E-05
YEL020W-A,0.000197977,0.000195383,0.000183539,0.000189381,0.000193367,0.00022545,0.00025965,0.000270654,0.000271274,0.000280352,0.000277388,0.000277128,0.000271408,0.000262477
YEL021W,8.23E-05,8.33E-05,8.49E-05,9.05E-05,8.29E-05,8.81E-05,9.26E-05,8.87E-05,8.89E-05,9.52E-05,9.60E-05,8.52E-05,9.26E-05,9.18E-05
YEL022W,1.38E-05,1.38E-05,1.89E-05,1.36E-05,2.01E-05,1.65E-05,1.33E-05,1.51E-05,1.51E-05,9.25E-06,1.49E-05,1.38E-05,1.42E-05,1.51E-05
YEL024W,0.000896648,0.000845439,0.000818906,0.000854232,0.000939432,0.000999625,0.001056913,0.001064733,0.001067152,0.001067346,0.00100525,0.001027581,0.000924282,0.000952309
YEL026W,0.000282934,0.000269908,0.000301661,0.000299619,0.000338172,0.000335419,0.000341693,0.000338164,0.000338939,0.00031955,0.000354277,0.000361389,0.000353836,0.000355219
YEL031W,0.000427927,0.000413881,0.000443394,0.00043884,0.000460924,0.000426644,0.000421451,0.000413567,0.000414511,0.000409101,0.000414866,0.000417605,0.000414728,0.000411778
YEL032W,5.19E-05,5.07E-05,5.13E-05,5.86E-05,6.21E-05,6.78E-05,6.64E-05,6.69E-05,6.71E-05,6.96E-05,6.66E-05,6.53E-05,6.77E-05,6.24E-05
YEL034W,0.007673498,0.007493568,0.007017355,0.007064856,0.006789043,0.006817569,0.006004502,0.005747622,0.005760739,0.005565428,0.005637859,0.005267944,0.005200557,0.005395393
YEL036C,1.76E-05,1.77E-05,1.73E-05,1.94E-05,1.88E-05,1.92E-05,1.47E-05,1.66E-05,1.66E-05,1.73E-05,1.23E-05,1.80E-05,1.76E-05,2.07E-05
YEL037C,0.000246786,0.000240684,0.000239045,0.000243469,0.000243587,0.000234858,0.000219957,0.000229608,0.000230132,0.00020061,0.000218425,0.000219405,0.000212343,0.00020631
YEL040W,6.04E-05,6.31E-05,7.12E-05,6.98E-05,0.000102385,0.000109637,0.00011697,0.000135146,0.000135454,0.000121019,0.000124669,0.000126216,0.000123723,0.000125136
YEL042W,5.84E-05,6.24E-05,6.40E-05,6.95E-05,6.18E-05,6.75E-05,6.15E-05,5.67E-05,5.68E-05,5.78E-05,7.14E-05,6.23E-05,6.74E-05,6.40E-05
YEL046C,0.000120418,0.000131514,0.000140118,0.000143151,0.000175673,0.000182251,0.000168208,0.000161396,0.000161764,0.000165607,0.000169959,0.000177075,0.000192791,0.000189077
YEL047C,0.000160255,0.000149479,0.000166237,0.00015916,0.000146686,0.000142343,0.000111181,0.00011087,0.000111123,0.000109363,9.55E-05,9.64E-05,9.80E-05,1.00E-04
YEL050C,4.87E-05,4.63E-05,4.78E-05,4.64E-05,5.74E-05,6.21E-05,6.17E-05,5.60E-05,5.61E-05,6.18E-05,5.70E-05,5.64E-05,6.02E-05,6.03E-05
YEL051W,5.67E-05,5.75E-05,5.96E-05,6.12E-05,6.01E-05,5.74E-05,5.96E-05,6.01E-05,6.02E-05,6.82E-05,5.54E-05,5.87E-05,5.87E-05,5.97E-05
YEL052W,1.76E-05,1.75E-05,1.07E-05,1.42E-05,1.21E-05,1.84E-05,1.64E-05,1.69E-05,1.69E-05,2.12E-05,1.19E-05,1.43E-05,1.70E-05,1.55E-05
YEL054C,0.003112902,0.003194196,0.00334161,0.003373097,0.003807299,0.003658896,0.00397387,0.004037666,0.004046865,0.003787248,0.004090928,0.004173683,0.00404813,0.004190066
YEL055C,5.28E-05,5.45E-05,5.96E-05,6.12E-05,6.40E-05,6.35E-05,6.29E-05,5.89E-05,5.90E-05,6.07E-05,6.05E-05,5.72E-05,5.71E-05,5.69E-05
YEL056W,1.94E-05,1.93E-05,1.98E-05,1.81E-05,1.91E-05,1.54E-05,1.72E-05,1.70E-05,1.70E-05,1.67E-05,1.77E-05,1.75E-05,1.56E-05,1.63E-05
YEL058W,0.00017262,0.000167468,0.000179353,0.000175993,0.000173397,0.000171151,0.000170633,0.000157872,0.000158233,0.000162136,0.000161763,0.000166771,0.000153883,0.000156906
YEL060C,0.000548372,0.000539709,0.000527833,0.000503784,0.000318283,0.000264494,0.000231641,0.000232025,0.000232556,0.000233612,0.000217102,0.00022165,0.000219585,0.00021116
YEL066W,1.34E-05,1.63E-05,1.68E-05,1.77E-05,1.86E-05,1.46E-05,1.68E-05,1.51E-05,1.51E-05,1.65E-05,1.75E-05,1.51E-05,1.53E-05,1.36E-05
YEL071W,0.00088259,0.000850401,0.00094226,0.000942801,0.001051684,0.001050962,0.001106162,0.001041137,0.001043511,0.001071618,0.001126673,0.001168788,0.001235168,0.001254298
YER002W,3.02E-05,3.13E-05,3.44E-05,3.44E-05,3.54E-05,3.41E-05,3.54E-05,3.62E-05,3.63E-05,3.72E-05,3.77E-05,3.92E-05,3.71E-05,3.60E-05
YER003C,0.000637611,0.000639365,0.000652689,0.000644769,0.000597647,0.000575369,0.000632933,0.000632141,0.000633584,0.000660366,0.000662352,0.000645796,0.000634492,0.000634515
YER004W,0.000333311,0.000328747,0.000324122,0.000316944,0.000274913,0.000252927,0.000225245,0.000213706,0.000214194,0.000215577,0.000210058,0.000205147,0.000180667,0.00018808
YER006W,0.000171126,0.000174363,0.000171893,0.000179645,0.000196876,0.000181953,0.000166857,0.00016902,0.000169405,0.000163688,0.000177389,0.000165571,0.000167051,0.000165741
YER007C-A,6.37E-05,6.33E-05,7.12E-05,7.00E-05,7.24E-05,7.20E-05,7.40E-05,7.37E-05,7.38E-05,7.16E-05,6.90E-05,7.18E-05,6.97E-05,7.30E-05
YER008C,1.15E-05,1.30E-05,1.32E-05,1.51E-05,1.02E-05,1.29E-05,7.27E-06,1.35E-05,1.36E-05,1.08E-05,1.16E-05,7.18E-06,7.55E-06,1.46E-05
YER012W,0.000134305,0.000135587,0.000127165,0.000125256,0.000125094,0.000111561,0.000107442,0.000107178,0.000107423,9.43E-05,0.000102452,0.000105869,0.000109741,0.000103373
YER015W,0.000420447,0.000426233,0.000404078,0.000425953,0.000390227,0.000298217,0.000128711,0.00010119,0.000101422,0.000112317,7.17E-05,7.36E-05,8.00E-05,7.67E-05
YER021W,0.000396206,0.0003992,0.000400627,0.000391096,0.000370003,0.000344555,0.000355973,0.000355612,0.000356424,0.000345091,0.000337635,0.000343942,0.000342453,0.000344125
YER023W,0.000495842,0.000471846,0.000495232,0.000534944,0.000526011,0.000517501,0.000501617,0.000498092,0.000499232,0.000499404,0.000494161,0.000491645,0.000476428,0.000467505
YER024W,0.000155744,0.000164348,0.000158502,0.000145623,0.000130849,0.000107047,7.22E-05,6.93E-05,6.94956E-05,5.76E-05,3.82E-05,2.96E-05,1.87E-05,2.84E-05
YER025W,0.000762638,0.000769439,0.000827109,0.00081139,0.000889951,0.000894881,0.000893425,0.000895862,0.000897908,0.000871345,0.000882592,0.000900302,0.0008826,0.000883122
YER030W,4.11E-05,3.79E-05,3.74E-05,3.89E-05,3.79E-05,3.28E-05,2.80E-05,2.79E-05,2.80E-05,2.58E-05,2.74E-05,2.73E-05,2.41E-05,2.63E-05
YER031C,2.56E-05,3.45E-05,2.66E-05,2.84E-05,2.80E-05,2.87E-05,2.65E-05,3.00E-05,3.01E-05,2.86E-05,2.66E-05,2.76E-05,2.64E-05,2.71E-05
YER036C,0.000440678,0.000454281,0.000484724,0.000465636,0.000497761,0.00048499,0.000439514,0.000426808,0.00042778,0.000419567,0.000443613,0.000432044,0.00044606,0.000442021
YER042W,0.000193785,0.00018647,0.000197027,0.000203975,0.000188593,0.000188436,0.000164099,0.000159619,0.000159983,0.000155652,0.000163926,0.000155716,0.000145395,0.000149103
YER043C,0.007541586,0.007465532,0.007870381,0.007746139,0.00898332,0.0092276,0.008935616,0.008754519,0.008774488,0.008452868,0.008312546,0.008772138,0.008450125,0.008284187
YER048C,0.000115612,0.000113421,0.000118151,0.000118069,0.00011724,0.000104959,0.000108114,0.000104879,0.000105118,9.99E-05,9.82E-05,9.37E-05,9.71E-05,9.41E-05
YER049W,9.90E-05,0.00010509,0.000106489,0.000107645,0.000108798,0.000101644,0.00010726,9.94E-05,9.97E-05,9.64E-05,0.000100937,9.93E-05,0.000105561,0.00010753
YER052C,0.000497309,0.000489901,0.00047065,0.000472534,0.000489107,0.000528114,0.000737588,0.000747305,0.000749013,0.000738642,0.000820066,0.000799456,0.000794672,0.000816064
YER055C,0.000684607,0.000632942,0.000640085,0.00065703,0.000618697,0.000629513,0.000670079,0.000676154,0.000677691,0.000648284,0.000766764,0.000756317,0.000785091,0.000800913
YER056C,4.90E-05,5.75E-05,5.77E-05,5.98E-05,6.49E-05,7.54E-05,5.89E-05,6.14E-05,6.16E-05,6.76E-05,6.59E-05,7.14E-05,6.15E-05,6.58E-05
YER057C,0.000321273,0.000324241,0.000322995,0.000329946,0.000330012,0.000319372,0.000279906,0.000274158,0.000274782,0.000274019,0.000265095,0.000265145,0.000251514,0.000249312
YER063W,0.000119116,0.00011579,0.00012135,0.000124343,0.000118284,0.000113216,0.000110877,0.000116652,0.000116917,0.000107503,0.000115156,0.000112012,0.000112096,0.000112007
YER065C,0.000436501,0.000423064,0.000385713,0.000367061,0.000244659,0.000214024,0.000213286,0.000210626,0.000211107,0.000188464,0.000129069,0.000133013,8.43E-05,7.66E-05
YER068W,2.09E-05,2.40E-05,1.96E-05,2.10E-05,2.32E-05,2.36E-05,2.21E-05,2.56E-05,2.57E-05,2.20E-05,1.96E-05,2.00E-05,2.19E-05,2.25E-05
YER069W,0.001904557,0.001886309,0.001822274,0.001804705,0.001653556,0.001428196,0.001505588,0.001483115,0.001486497,0.001434185,0.001508297,0.001565377,0.001566411,0.001577569
YER070W,0.000168498,0.000157507,0.000182829,0.000176517,0.000200398,0.000186522,0.000219529,0.000219897,0.000220398,0.000205177,0.000209958,0.000210483,0.000230731,0.000223708
YER073W,0.000457262,0.000451255,0.000436156,0.000467178,0.000451103,0.000385373,0.000306713,0.000309137,0.000309842,0.000307096,0.000341286,0.000333635,0.00035041,0.000353508
YER080W,0.000274751,0.000278113,0.000264294,0.000277315,0.000277394,0.000276313,0.000268638,0.000270554,0.000271172,0.000246127,0.000253612,0.00024656,0.000235689,0.00022939
YER081W,0.000360179,0.000372867,0.000385609,0.000427023,0.000417918,0.000417131,0.000379712,0.000360867,0.000361692,0.000356074,0.000334462,0.000328609,0.000318902,0.000311707
YER082C,3.23328E-05,3.07E-05,3.09E-05,3.55E-05,3.64E-05,3.47E-05,3.42E-05,3.37E-05,3.37E-05,3.06E-05,3.40E-05,3.63E-05,3.27E-05,3.37E-05
YER083C,5.99E-05,5.91E-05,5.69E-05,5.82E-05,6.16E-05,5.41E-05,5.49E-05,5.46E-05,5.47E-05,5.38E-05,5.31E-05,5.32E-05,5.35E-05,4.95E-05
YER086W,0.000796503,0.000797564,0.000795182,0.000776786,0.000712344,0.000729317,0.000724491,0.00072731,0.000728971,0.000739822,0.000776409,0.000755707,0.000766619,0.0007818
YER087W,2.25E-05,2.29E-05,2.51E-05,2.29E-05,2.57E-05,3.09E-05,2.66E-05,2.44E-05,2.44E-05,2.81E-05,2.82E-05,2.31E-05,2.38E-05,2.26E-05
YER089C,7.89E-05,8.01E-05,8.01E-05,8.51E-05,7.68E-05,7.45E-05,7.98E-05,7.50E-05,7.52E-05,7.63E-05,8.21E-05,7.67E-05,7.90E-05,7.51E-05
YER090W,0.000402627,0.000398548,0.000396042,0.000410743,0.000363157,0.000336102,0.000351706,0.000344274,0.000345058,0.000351481,0.000362377,0.000358742,0.000357038,0.000369599
YER091C,0.019676229,0.020075125,0.019592839,0.020049404,0.023806912,0.026323761,0.029105632,0.028645003,0.028710349,0.028942481,0.030026269,0.03007536,0.030245976,0.030569
YER094C,0.000148961,0.000144804,0.000157123,0.000148067,0.000139609,0.00013708,0.000127673,0.000134067,0.000134372,0.000133382,0.000122396,0.000130601,0.000131342,0.000124973
YER099C,2.16E-05,1.96E-05,2.09E-05,2.12E-05,2.21E-05,1.91E-05,1.96E-05,1.69E-05,1.70E-05,1.86E-05,1.46E-05,1.46E-05,1.73E-05,1.70E-05
YER102W,0.003127688,0.003052574,0.003141818,0.003195561,0.003682562,0.003631334,0.003881971,0.003843841,0.003852662,0.00382077,0.003987526,0.004019835,0.004101521,0.00417997
YER103W,0.000691498,0.000601653,0.000546287,0.000533431,0.000554751,0.000570872,0.00056795,0.000553544,0.000554813,0.000538841,0.000492211,0.000562219,0.000586907,0.000501117
YER105C,6.45E-05,6.21E-05,6.71E-05,6.38E-05,6.34E-05,6.14E-05,5.34E-05,5.78E-05,5.80E-05,5.14E-05,5.39E-05,5.22E-05,5.33E-05,5.55E-05
YER107C,3.83E-05,3.79E-05,3.84E-05,4.12E-05,3.82E-05,3.27E-05,3.56E-05,3.13E-05,3.14E-05,3.09E-05,3.15E-05,3.02E-05,3.37E-05,3.05E-05
YER110C,0.000926798,0.000967785,0.000971985,0.001026183,0.001060919,0.001081628,0.001103511,0.001096487,0.001098993,0.00111987,0.001117986,0.001116699,0.001144666,0.001123397
YER117W,0.00199153,0.002094451,0.002164913,0.002054011,0.002204395,0.002280277,0.00229941,0.002329442,0.002334766,0.002415678,0.002416457,0.00240642,0.002501201,0.002589071
YER120W,0.000442168,0.000439558,0.00045837,0.000450152,0.000443571,0.00041887,0.000394742,0.000428916,0.000429892,0.000387883,0.000397664,0.00039707,0.000398474,0.000387719
YER125W,0.000280328,0.000276702,0.000280655,0.000272423,0.000264825,0.00024693,0.000272063,0.000269291,0.000269906,0.000260458,0.000253605,0.000251591,0.000248557,0.000243929
YER126C,3.41E-05,3.40E-05,3.92E-05,3.68E-05,4.10E-05,4.08E-05,4.28E-05,4.06E-05,4.07E-05,4.18E-05,4.09E-05,4.86E-05,4.64E-05,4.54E-05
YER127W,1.77E-05,2.23E-05,1.98E-05,2.08E-05,1.97E-05,2.21E-05,2.07E-05,2.14E-05,2.14E-05,2.15E-05,2.25E-05,2.08E-05,2.26E-05,2.34E-05
YER133W,0.000309449,0.000304373,0.000302786,0.000297812,0.000279336,0.000269875,0.000282671,0.000271995,0.000272616,0.000256552,0.000266225,0.000265585,0.000258819,0.000253401
YER136W,0.000327621,0.000319288,0.000328689,0.000331888,0.000285914,0.000257775,0.000236317,0.000221553,0.00022206,0.000229471,0.000206384,0.000217216,0.000214746,0.000207548
YER141W,0.000127706,0.000128547,0.000123835,0.000113413,0.000114604,0.000124857,0.000136409,0.000149112,0.000149452,0.000149409,0.000145083,0.000144522,0.000139516,0.000136213
YER143W,7.83E-05,7.53E-05,7.57E-05,7.62E-05,6.55E-05,6.15E-05,5.28E-05,5.14E-05,5.16E-05,5.18E-05,5.32E-05,4.76E-05,4.42E-05,4.51E-05
YER145C,2.01E-05,2.73E-05,7.18E-05,7.13E-05,8.67E-05,8.84E-05,9.41E-05,8.72E-05,8.74E-05,4.25E-05,3.75E-05,5.14E-05,9.17E-05,8.92E-05
YER151C,5.01E-05,5.37E-05,5.74E-05,5.34E-05,5.62E-05,5.81E-05,6.09E-05,6.28E-05,6.30E-05,5.79E-05,6.69E-05,6.42E-05,6.68E-05,6.53E-05
YER154W,3.14E-05,3.46E-05,3.25E-05,3.18E-05,3.68E-05,3.93E-05,3.84E-05,3.83E-05,3.84E-05,3.43E-05,3.46E-05,3.56E-05,3.42E-05,3.58E-05
YER155C,4.61E-05,4.79E-05,4.42E-05,4.91E-05,4.51E-05,4.49E-05,4.21E-05,4.63E-05,4.64E-05,4.53E-05,4.14E-05,4.09E-05,3.92E-05,4.03E-05
YER156C,0.000192038,0.000193283,0.000201808,0.000202356,0.000216429,0.000206915,0.000200162,0.000195015,0.000195462,0.00019876,0.000205821,0.000206833,0.000183539,0.000193099
YER164W,2.61E-05,2.67E-05,2.42E-05,2.68E-05,2.50E-05,2.55E-05,2.14E-05,2.49E-05,2.49E-05,2.96E-05,2.47E-05,2.42E-05,2.23E-05,2.07E-05
YER165W,0.002357265,0.002373331,0.002398679,0.002461316,0.002572193,0.00258364,0.002675059,0.00265852,0.002664584,0.002609657,0.002751604,0.002710913,0.002697437,0.002726246
YER166W,2.73E-05,2.79E-05,2.82E-05,2.52E-05,3.10E-05,2.50E-05,2.97E-05,3.09E-05,3.10E-05,2.99E-05,2.64E-05,3.37E-05,3.40E-05,2.70E-05
YER168C,1.59E-05,1.42E-05,1.79E-05,1.87E-05,1.72E-05,8.97E-06,1.61E-05,1.54E-05,1.54E-05,1.36E-05,1.55E-05,1.75E-05,1.66E-05,1.64E-05
YER174C,2.66E-05,2.58E-05,2.16E-05,1.98E-05,2.06E-05,2.01E-05,2.05E-05,2.20E-05,2.21E-05,2.50E-05,2.14E-05,2.53E-05,2.18E-05,2.05E-05
YER177W,0.000993465,0.000913208,0.000969571,0.001001163,0.000924196,0.000916839,0.0009316,0.000969876,0.000972084,0.001027819,0.000954148,0.000967525,0.000924235,0.000949383
YER178W,0.000880768,0.00087131,0.00087117,0.000901225,0.000842837,0.000802423,0.000746279,0.000707689,0.000709304,0.000735404,0.000677704,0.00067534,0.00065528,0.00066773
YER182W,4.83E-05,4.85E-05,4.93E-05,4.91E-05,4.69E-05,3.98E-05,4.02E-05,4.22E-05,4.23E-05,3.97E-05,4.04E-05,4.17E-05,3.54E-05,3.57E-05
YFL004W,7.88E-05,7.56E-05,7.42E-05,7.59E-05,8.64E-05,7.72E-05,8.99E-05,8.96E-05,8.98E-05,8.73E-05,8.79E-05,8.69E-05,8.72E-05,8.56E-05
YFL005W,0.000260489,0.00026464,0.000286907,0.000264887,0.000271275,0.000250693,0.000264184,0.000259,0.000259591,0.000241269,0.000253434,0.000252045,0.000221796,0.00022163
YFL008W,2.24E-05,2.16E-05,2.31E-05,1.97E-05,1.81E-05,2.11E-05,1.93E-05,1.79E-05,1.79E-05,1.60E-05,1.62E-05,1.75E-05,1.61E-05,1.72E-05
YFL013C,8.90E-06,8.50E-06,8.94E-06,9.28E-06,8.75E-06,7.02E-06,8.08E-06,8.36E-06,8.38E-06,8.06E-06,7.68E-06,7.21E-06,7.65E-06,6.67E-06
YFL014W,0.001008205,0.000897949,0.000532588,0.000510497,3.34E-05,6.15E-05,0.000111276,0.000120453,0.000120728,0.000136933,0.000112085,0.000108719,8.32E-05,6.34E-05
YFL016C,0.00027198,0.000264552,0.000271701,0.000280495,0.000316837,0.000320773,0.000320923,0.000335946,0.000336713,0.000340561,0.000329001,0.000317518,0.000319068,0.000309711
YFL018C,0.001908966,0.00195133,0.001888525,0.001902817,0.001859837,0.001990322,0.002046421,0.002047153,0.002051832,0.00212873,0.001884332,0.001906105,0.001753426,0.001767295
YFL022C,0.000618878,0.000609058,0.000667934,0.000658868,0.000690411,0.000669448,0.000690671,0.000666853,0.000668375,0.000658047,0.000710033,0.000700654,0.00069799,0.000691911
YFL026W,9.30E-06,8.39E-06,1.15E-05,1.27E-05,1.58E-05,1.66E-05,2.04E-05,1.81E-05,1.82E-05,2.10E-05,2.17E-05,1.97E-05,2.31E-05,2.19E-05
YFL028C,4.65E-05,4.82E-05,4.98E-05,4.87E-05,4.92E-05,4.33E-05,3.83E-05,4.08E-05,4.09E-05,3.97E-05,3.85E-05,3.85E-05,3.78E-05,3.83E-05
YFL030W,0.000910294,0.000981449,0.000846055,0.000857374,0.000946942,0.001096061,0.001022451,0.001014442,0.001016759,0.001102183,0.000879398,0.000860053,0.00070754,0.000662313
YFL034C-A,9.76E-05,0.000103284,8.80E-05,9.61E-05,9.35E-05,0.000106919,9.83E-05,9.84E-05,9.86E-05,9.18E-05,9.93E-05,9.44E-05,9.63E-05,8.78E-05
YFL036W,1.19E-05,7.54E-06,1.46E-05,8.24E-06,2.04E-05,2.42E-05,3.49E-05,4.16E-05,4.17E-05,4.40E-05,4.10E-05,3.59E-05,3.79E-05,3.91E-05
YFL037W,0.000599893,0.000621899,0.000609585,0.000607877,0.00056865,0.000563739,0.000503604,0.000513152,0.000514326,0.000517155,0.000485095,0.000478961,0.000482038,0.00049892
YFL038C,0.000333391,0.000335054,0.000359962,0.000310797,0.000339869,0.000335186,0.000328344,0.00032815,0.000328898,0.000335643,0.000315017,0.000314259,0.000305066,0.000279361
YFL039C,0.007159557,0.007182187,0.007338445,0.007005304,0.007189479,0.006870334,0.006781625,0.006815474,0.006831036,0.006892247,0.006133934,0.006417557,0.006234994,0.006088045
YFL041W,5.65E-05,5.87E-05,6.72E-05,6.96E-05,6.75E-05,7.02E-05,6.86E-05,6.30E-05,6.31E-05,5.48E-05,5.54E-05,5.42E-05,5.50E-05,5.93E-05
YFL044C,2.92E-05,2.52E-05,2.53E-05,2.40E-05,2.23E-05,1.81E-05,2.17E-05,1.75E-05,1.76E-05,2.47E-05,1.84E-05,2.20E-05,2.08E-05,2.32E-05
YFL045C,0.000767993,0.000770203,0.000794447,0.000822366,0.000827097,0.000788564,0.000753539,0.000743426,0.000745124,0.000754367,0.000782313,0.000786513,0.000786651,0.000781634
YFL047W,2.03E-05,2.32E-05,2.26E-05,1.64E-05,2.23E-05,1.94E-05,2.02E-05,2.26E-05,2.26E-05,2.37E-05,2.26E-05,2.11E-05,2.76E-05,2.02E-05
YFL048C,5.07E-05,5.20E-05,4.92E-05,5.95E-05,4.98E-05,4.74E-05,3.84E-05,3.94E-05,3.95E-05,3.67E-05,3.81E-05,3.20E-05,3.43E-05,3.69E-05
YFR001W,3.95E-05,3.92E-05,4.21E-05,3.71E-05,4.18E-05,3.63E-05,3.19E-05,3.18E-05,3.19E-05,3.18E-05,2.29E-05,3.28E-05,3.34E-05,2.78E-05
YFR002W,7.19E-05,7.67E-05,7.42E-05,7.51E-05,7.58E-05,6.92E-05,6.71E-05,6.91E-05,6.92E-05,6.68E-05,4.99E-05,6.07E-05,6.58E-05,6.35E-05
YFR004W,0.000110084,0.000106065,0.000101628,0.000103253,0.000103675,9.47E-05,9.22E-05,9.13E-05,9.15E-05,8.57E-05,8.93E-05,9.16E-05,9.01E-05,8.41E-05
YFR006W,7.40E-05,6.71E-05,7.90E-05,7.36E-05,5.26E-05,5.67E-05,5.73E-05,5.51E-05,5.52E-05,6.28E-05,5.73E-05,6.03E-05,5.24E-05,5.37E-05
YFR007W,3.76E-05,4.00E-05,4.24E-05,3.95E-05,4.17E-05,3.86E-05,4.12E-05,4.09E-05,4.10E-05,4.01E-05,3.73E-05,3.79E-05,3.53E-05,3.07E-05
YFR009W,4.13E-05,3.64E-05,3.70E-05,4.65E-05,4.74E-05,4.27E-05,4.87E-05,4.69E-05,4.70E-05,5.15E-05,4.60E-05,4.83E-05,4.99E-05,4.56E-05
YFR010W,0.000187011,0.000187184,0.000180382,0.000184063,0.000170893,0.000152964,0.000147287,0.000151838,0.000152184,0.000147658,0.000137152,0.000139286,0.000140411,0.00013562
YFR011C,0.000168838,0.000166334,0.000158278,0.000172154,0.00019189,0.000214377,0.000213069,0.000232701,0.000233235,0.000217824,0.000202932,0.000193649,0.000183262,0.000180023
YFR015C,3.67E-05,3.17E-05,2.65E-05,2.73E-05,2.61E-05,2.52E-05,3.50E-05,3.60E-05,3.61E-05,4.06E-05,3.99E-05,3.60E-05,3.48E-05,3.96E-05
YFR024C-A,0.000124932,0.000123297,0.000130552,0.00013251,0.000123226,0.000131076,0.000128892,0.000132724,0.000133026,0.000123823,0.00013048,0.000122025,0.000128602,0.000119515
YFR028C,2.36E-05,1.76E-05,1.50E-05,2.09E-05,2.37E-05,2.09E-05,2.51E-05,2.41E-05,2.41E-05,2.78E-05,2.10E-05,2.26E-05,2.09E-05,2.41E-05
YFR030W,0.001696148,0.00170919,0.001737291,0.001717755,0.001947657,0.001998858,0.001941769,0.001969549,0.001974044,0.002063671,0.002077101,0.002099485,0.002046317,0.002078211
YFR033C,0.00061709,0.00063213,0.000609739,0.000604631,0.000679417,0.000657088,0.000793386,0.000703635,0.000705237,0.000793877,0.00075499,0.000771243,0.000647158,0.00067047
YFR037C,0.000118642,0.000124803,0.000118845,0.000129257,0.000122062,0.000115256,0.000117795,0.000125144,0.000125429,0.000117035,0.000120826,0.000110563,0.000117566,0.00011179
YFR040W,2.11E-05,1.80E-05,2.65E-05,1.78E-05,2.61E-05,1.96E-05,2.18E-05,2.18E-05,2.18E-05,2.61E-05,2.47E-05,2.25E-05,2.07E-05,2.37E-05
YFR044C,0.000601913,0.000595052,0.000613937,0.000621682,0.000596863,0.00059556,0.000602887,0.000598155,0.000599519,0.000622257,0.000597941,0.000565485,0.000559879,0.000538559
YFR047C,7.60E-05,7.49E-05,7.79E-05,7.46E-05,7.92E-05,7.63E-05,7.17E-05,7.30E-05,7.31876E-05,7.14E-05,6.53E-05,7.52E-05,6.64E-05,6.68E-05
YFR049W,8.30E-05,8.39E-05,7.52E-05,8.49E-05,8.24E-05,9.65E-05,9.93E-05,9.90E-05,9.92E-05,0.000107646,8.97E-05,9.05E-05,8.67E-05,8.82E-05
YFR050C,0.000160631,0.000169714,0.000171614,0.000171453,0.00014474,0.000136689,0.00012534,0.000129292,0.000129587,0.000142245,0.000136487,0.000141959,0.000131228,0.000136461
YFR051C,6.93E-05,6.85E-05,7.49E-05,6.62E-05,6.84E-05,6.20E-05,6.56E-05,6.20E-05,6.21E-05,5.88E-05,6.59E-05,6.41E-05,6.89E-05,6.64E-05
YFR052W,0.000178791,0.000179717,0.000177007,0.000182744,0.000158613,0.00015524,0.000143354,0.000148536,0.000148874,0.000133973,0.000138767,0.000144719,0.000126195,0.00014202
YFR053C,0.004287287,0.004179157,0.004185917,0.00420343,0.004069982,0.004010237,0.004026964,0.004176688,0.004186236,0.004299155,0.003953978,0.004066312,0.004025301,0.004067422
YGL001C,0.000243262,0.000249201,0.000251561,0.000245679,0.000183177,0.000172811,0.000164556,0.000163231,0.000163603,0.00016531,0.000173696,0.0001527,0.000151656,0.000153427
YGL006W,6.23E-05,6.22E-05,6.03E-05,5.71E-05,4.84E-05,4.71E-05,4.41E-05,4.54E-05,4.55E-05,4.47E-05,4.18E-05,4.18E-05,3.72E-05,3.78E-05
YGL008C,0.001302764,0.001350512,0.001316543,0.001318339,0.001200363,0.001341796,0.001606958,0.001651371,0.00165514,0.001736977,0.001803124,0.00168851,0.001826784,0.001840144
YGL009C,0.002176669,0.002157657,0.002151587,0.00216784,0.002273265,0.002336869,0.002281233,0.002281954,0.00228716,0.00233935,0.002359194,0.002356376,0.002250853,0.002271714
YGL011C,0.000459449,0.000446103,0.000463768,0.000460947,0.000419542,0.000388767,0.000378399,0.000373746,0.000374599,0.000378382,0.000373594,0.000381243,0.000370007,0.000360675
YGL019W,2.90E-05,3.39E-05,2.99E-05,3.25E-05,3.32E-05,3.25E-05,2.87E-05,2.73E-05,2.74E-05,3.57E-05,3.22E-05,2.81E-05,2.72E-05,3.10E-05
YGL022W,6.03E-05,6.09E-05,6.32E-05,6.71E-05,5.91E-05,6.04E-05,5.60E-05,5.75E-05,5.77E-05,5.49E-05,5.55E-05,5.82E-05,5.62E-05,5.76E-05
YGL026C,0.00155831,0.001548777,0.001498592,0.001512825,0.001340872,0.001246532,0.001365962,0.001357699,0.001360802,0.001405019,0.001419512,0.001450433,0.001470121,0.001511921
YGL030W,0.002552304,0.002560563,0.002979378,0.002689807,0.002708423,0.00289616,0.002920372,0.003147252,0.00315441,0.003179292,0.003474853,0.003510851,0.003454696,0.003510254
YGL031C,0.000252804,0.000236052,0.000273137,0.000278159,0.000290274,0.000282704,0.000331327,0.000305499,0.000306195,0.000287143,0.000336596,0.000313467,0.000327146,0.000315431
YGL037C,0.00035948,0.000325727,0.000301703,0.00029784,0.000133648,0.000114697,0.000167162,0.000174371,0.00017477,0.000183104,0.000157578,0.000175302,0.000166129,0.000158908
YGL040C,0.000353984,0.000329859,0.000372276,0.00038145,0.000416677,0.000438976,0.000509168,0.00051539,0.000516566,0.000535691,0.000485112,0.000489663,0.000479906,0.0004551
YGL043W,5.76E-05,5.42E-05,6.03E-05,5.84E-05,6.12E-05,5.27E-05,5.52E-05,5.19E-05,5.20E-05,5.15E-05,5.00E-05,5.05E-05,5.00E-05,5.18E-05
YGL044C,7.93E-06,7.53E-06,8.65E-06,9.12E-06,8.84E-06,7.60E-06,9.11E-06,8.35E-06,8.36E-06,8.76E-06,9.42E-06,8.49E-06,8.31E-06,1.03E-05
YGL048C,0.000300095,0.000289906,0.000299317,0.00029236,0.000278708,0.000261388,0.000255426,0.000270234,0.000270851,0.000248058,0.000237381,0.000243661,0.000250303,0.000246237
YGL049C,7.49E-05,7.55E-05,7.54E-05,8.12E-05,7.32E-05,7.45E-05,8.17E-05,8.49E-05,8.51E-05,7.86E-05,7.82E-05,8.00E-05,7.68E-05,8.26E-05
YGL055W,0.00017574,0.000177049,0.000181802,0.000196198,0.000193483,0.000209909,0.000224381,0.000227748,0.000228268,0.000220617,0.000226528,0.000244196,0.00023995,0.000239569
YGL056C,0.0001613,0.000169775,0.000176339,0.000183731,0.000180037,0.000178465,0.000157774,0.00015559,0.000155944,0.000166294,0.00014522,0.000144296,0.000143823,0.000149311
YGL057C,3.70E-05,3.85E-05,4.18E-05,3.86E-05,4.16E-05,4.79E-05,3.83E-05,3.21E-05,3.22E-05,3.97E-05,4.13E-05,3.64E-05,4.13E-05,3.68E-05
YGL062W,0.002725454,0.002839145,0.002823368,0.002781095,0.002994496,0.003184762,0.003384456,0.003596323,0.003604532,0.003891833,0.003784144,0.003793881,0.003505287,0.003563622
YGL067W,1.16E-05,1.21E-05,1.43E-05,1.39E-05,1.17E-05,1.37E-05,1.24E-05,1.36E-05,1.37E-05,1.63E-05,1.21E-05,1.21E-05,1.18E-05,1.11E-05
YGL068W,0.000104913,0.000107432,0.000104471,9.60E-05,0.000127704,0.000134806,0.000160723,0.000174791,0.000175189,0.000165444,0.000152033,0.000150045,0.000152813,0.00015312
YGL076C,8.38E-07,1.01E-06,6.10E-07,1.41E-06,0,1.45E-06,2.70E-06,3.57E-06,3.58E-06,1.68E-06,1.44E-06,0,1.75E-06,3.23E-06
YGL077C,3.78E-05,3.59E-05,4.05E-05,3.88E-05,4.44E-05,4.69E-05,4.67E-05,5.43E-05,5.44E-05,5.33E-05,5.21E-05,4.88E-05,5.41E-05,5.44E-05
YGL078C,0.000157405,0.000162054,0.000181016,0.000175289,0.000223829,0.000217974,0.00023233,0.000231804,0.000232332,0.000226217,0.000231474,0.000233891,0.000237181,0.00023872
YGL082W,2.77E-05,3.16E-05,3.04E-05,2.94E-05,2.67E-05,2.19E-05,2.12E-05,2.08E-05,2.08E-05,2.18E-05,2.16E-05,2.21E-05,1.43E-05,2.04E-05
YGL087C,9.74E-05,9.68E-05,0.000100405,0.000100211,8.62E-05,8.59E-05,8.05E-05,7.95E-05,7.96E-05,8.20E-05,8.01E-05,8.05E-05,8.31E-05,7.76E-05
YGL092W,6.93E-05,6.48E-05,7.36E-05,7.48E-05,6.53E-05,6.69E-05,6.55E-05,6.26E-05,6.27E-05,6.42E-05,6.03E-05,5.68E-05,5.80E-05,5.57E-05
YGL097W,0.000105644,0.000107709,0.000114924,0.000110348,0.000117005,0.000108784,0.000109184,0.000107959,0.000108206,0.00010694,0.000110751,0.000106902,0.000110601,0.000102028
YGL099W,2.96E-05,3.05E-05,3.16E-05,2.78E-05,3.32E-05,2.96E-05,2.46E-05,2.69E-05,2.70E-05,2.63E-05,2.50E-05,2.65E-05,2.77E-05,2.84E-05
YGL100W,5.25E-05,5.49E-05,5.80E-05,5.60E-05,4.87E-05,4.91E-05,5.01E-05,4.92E-05,4.94E-05,5.33E-05,5.12E-05,5.03E-05,4.99E-05,4.83E-05
YGL103W,0.002697667,0.002572622,0.00283651,0.002697199,0.003152471,0.00323376,0.003275061,0.003236713,0.003244097,0.003212613,0.003380432,0.003520842,0.003520709,0.003525367
YGL105W,0.000832015,0.000826003,0.000861665,0.00086226,0.000901702,0.000930656,0.000966566,0.000959562,0.000961751,0.000930495,0.000949101,0.00092519,0.000940902,0.00095307
YGL106W,0.000171053,0.000166017,0.000179385,0.000169668,0.000169087,0.000171113,0.00018222,0.00018362,0.000184039,0.000162293,0.000174565,0.000170118,0.000166445,0.000172043
YGL107C,4.80E-05,4.83E-05,5.26E-05,4.87E-05,5.81E-05,5.64E-05,5.92E-05,5.64E-05,5.65E-05,5.79E-05,5.55E-05,5.34E-05,5.70E-05,5.78E-05
YGL112C,5.43E-05,5.17E-05,5.22E-05,5.62E-05,5.20E-05,5.09E-05,5.23E-05,5.63E-05,5.64E-05,5.16E-05,5.38E-05,5.41E-05,5.32E-05,5.27E-05
YGL115W,8.54E-05,8.28E-05,7.99E-05,8.34E-05,9.59E-05,0.000104845,0.000102144,0.000107553,0.000107799,9.95E-05,9.66E-05,9.45E-05,9.56E-05,9.69E-05
YGL120C,0.000105801,0.000111148,0.000113897,0.000114531,0.000125578,0.000114626,0.000120537,0.000121118,0.000121395,0.000116822,0.000127751,0.000134954,0.000139341,0.000134312
YGL122C,4.61E-05,4.89E-05,5.25E-05,4.87E-05,4.63E-05,4.23E-05,4.34E-05,4.03E-05,4.04E-05,3.97E-05,4.01E-05,3.93E-05,3.02E-05,4.11E-05
YGL123W,0.00287103,0.002978466,0.003104829,0.003191758,0.003372126,0.003256922,0.00375619,0.003806097,0.00381479,0.003798253,0.004142994,0.004015887,0.004261953,0.004311894
YGL125W,0.000150525,0.000145397,0.000154344,0.000157121,0.000178547,0.000191416,0.000182924,0.000177537,0.000177943,0.000189837,0.000184804,0.00018916,0.000186084,0.000187005
YGL129C,7.18E-05,6.58E-05,6.94E-05,7.23E-05,8.74E-05,9.01E-05,0.000100101,9.48E-05,9.50E-05,0.00011216,9.92E-05,9.79E-05,9.82E-05,9.66E-05
YGL130W,2.23E-05,1.90E-05,1.93E-05,2.31E-05,2.42E-05,1.60E-05,1.37E-05,1.72E-05,1.73E-05,1.73E-05,1.49E-05,1.75E-05,1.82E-05,1.55E-05
YGL135W,0.001852366,0.001971472,0.002052813,0.002008396,0.002157897,0.00211744,0.002177516,0.002201795,0.002206846,0.002516304,0.002338736,0.002342826,0.002307224,0.002463897
YGL137W,0.000452223,0.000452549,0.000463168,0.000482515,0.000447551,0.000439486,0.000449342,0.000467237,0.000468303,0.000457556,0.000454278,0.000448173,0.000468773,0.000450017
YGL147C,0.00031932,0.000343668,0.000351493,0.000348023,0.000381435,0.000442301,0.000435627,0.00045471,0.000455742,0.00048801,0.00050773,0.000475131,0.00050042,0.00051013
YGL148W,0.000344643,0.000353287,0.000366919,0.000356078,0.000343153,0.000333353,0.000364047,0.000359629,0.000360449,0.000366424,0.000389356,0.00040606,0.000415574,0.000418748
YGL150C,1.22E-05,1.43E-05,1.43E-05,1.42E-05,1.41E-05,1.14E-05,1.24E-05,1.40E-05,1.40E-05,1.29E-05,1.30E-05,1.02E-05,1.46E-05,1.20E-05
YGL153W,2.87E-05,3.01E-05,2.88E-05,2.88E-05,2.93E-05,2.53E-05,1.96E-05,1.91E-05,1.92E-05,1.67E-05,1.95E-05,1.91E-05,1.81E-05,1.87E-05
YGL167C,8.60E-05,7.92E-05,8.31E-05,8.32E-05,7.28E-05,7.46E-05,6.14E-05,6.00E-05,6.01E-05,5.82E-05,6.28E-05,5.57E-05,6.00E-05,6.08E-05
YGL171W,2.31E-05,2.35E-05,2.43E-05,2.13E-05,3.28E-05,3.08E-05,2.80E-05,2.91E-05,2.91E-05,2.27E-05,3.04E-05,3.06E-05,2.64E-05,2.68E-05
YGL172W,1.86E-05,2.03E-05,1.79E-05,1.96E-05,1.62E-05,2.05E-05,1.90E-05,1.74E-05,1.75E-05,1.66E-05,1.80E-05,1.48E-05,1.63E-05,1.40E-05
YGL173C,0.000231346,0.000224588,0.000230233,0.000236723,0.000237625,0.000232843,0.000228618,0.000221965,0.000222471,0.000207958,0.000228527,0.000222551,0.000220534,0.000223815
YGL184C,0.000152377,0.000142885,0.000119014,0.000122091,9.03E-05,7.24E-05,7.70E-05,7.78E-05,7.80E-05,7.86E-05,8.56E-05,7.70E-05,7.71E-05,7.46E-05
YGL187C,0.001297968,0.001267552,0.001258729,0.001296316,0.001265978,0.001359211,0.001546108,0.001566866,0.001570449,0.001516449,0.001405589,0.001408432,0.001334979,0.001269023
YGL189C,0.001239753,0.001176795,0.001240849,0.001252226,0.001287183,0.001399398,0.001443524,0.001510259,0.001513691,0.001624049,0.001487818,0.001643297,0.001714303,0.001743417
YGL190C,4.51E-05,4.53E-05,4.21E-05,4.44E-05,4.05E-05,3.85E-05,3.85E-05,4.04E-05,4.05E-05,3.20E-05,3.61E-05,3.71E-05,3.70E-05,3.42E-05
YGL191W,0.000332376,0.000331697,0.000322998,0.000321148,0.000309935,0.000333053,0.000388525,0.000411687,0.000412625,0.000393003,0.000372599,0.000358436,0.000336408,0.000349155
YGL195W,0.000361972,0.000346068,0.000362824,0.000373587,0.000371083,0.000386137,0.000380643,0.000383993,0.000384868,0.00036904,0.000391366,0.000382889,0.000388857,0.000380022
YGL196W,4.15E-05,4.69E-05,4.21E-05,4.38E-05,3.34E-05,2.52E-05,1.60E-05,1.99E-05,2.00E-05,1.95E-05,1.55E-05,2.13E-05,1.71E-05,2.03E-05
YGL200C,0.000139679,0.000143035,0.000130432,0.000133045,0.000138808,0.000128053,0.000119818,0.000118368,0.000118637,0.000127289,0.000117285,0.000123217,0.000129755,0.000125331
YGL201C,3.87E-05,4.23E-05,4.38E-05,4.09E-05,4.14E-05,4.51E-05,4.25E-05,3.98E-05,3.99E-05,4.37E-05,3.61E-05,4.08E-05,3.95E-05,3.90E-05
YGL202W,0.001110636,0.001082776,0.00110632,0.001085184,0.001000206,0.000956983,0.000983165,0.00099686,0.000999131,0.001010252,0.001050296,0.001033417,0.001068716,0.001070543
YGL203C,1.89E-05,2.13E-05,2.07E-05,2.15E-05,2.27E-05,2.10E-05,2.01E-05,2.05E-05,2.06E-05,2.22E-05,2.03E-05,2.26E-05,2.21E-05,2.06E-05
YGL205W,0.000646215,0.000692203,0.000570654,0.000657168,0.000547806,0.0004347,0.000154253,0.000142654,0.00014298,0.000138864,8.26E-05,6.69E-05,4.77E-05,6.93E-05
YGL206C,0.001483809,0.00150503,0.001492018,0.001496092,0.001455117,0.001373669,0.001381561,0.001354832,0.001357918,0.001325073,0.001246587,0.001235063,0.001224939,0.001160672
YGL207W,0.00031998,0.00032362,0.00033215,0.000337661,0.000320158,0.000297572,0.00028769,0.000299038,0.000299721,0.000297907,0.000284843,0.000295869,0.000288387,0.000285862
YGL210W,3.17E-05,2.98E-05,3.03E-05,2.89E-05,2.58E-05,2.52E-05,2.52E-05,2.42E-05,2.43E-05,2.06E-05,2.17E-05,2.23E-05,2.12E-05,2.15E-05
YGL213C,2.17E-05,1.77E-05,2.60E-05,1.99E-05,2.34E-05,2.01E-05,2.40E-05,2.36E-05,2.37E-05,2.39E-05,2.42E-05,2.61E-05,2.53E-05,2.29E-05
YGL221C,0.000108651,0.000102035,0.000113621,0.000112338,0.000103514,9.33E-05,9.57E-05,9.31E-05,9.33E-05,8.73E-05,9.31E-05,9.48E-05,9.01E-05,9.44E-05
YGL228W,5.02E-05,4.79E-05,4.77E-05,4.83E-05,4.26E-05,4.31E-05,3.53E-05,3.10E-05,3.11E-05,3.48E-05,3.48E-05,3.52E-05,3.37E-05,3.15E-05
YGL234W,0.001804707,0.001891135,0.001938458,0.00193439,0.002114303,0.002107279,0.002051006,0.002052768,0.002057459,0.002083837,0.002066966,0.002027317,0.002081254,0.002119136
YGL236C,1.38E-05,1.54E-05,1.60E-05,1.55E-05,2.22E-05,2.82E-05,3.95E-05,4.21E-05,4.22E-05,4.25E-05,3.90E-05,3.78E-05,4.39E-05,3.68E-05
YGL238W,7.14E-05,7.18E-05,7.44E-05,7.59E-05,7.56E-05,7.16E-05,7.78E-05,7.11E-05,7.12E-05,7.06E-05,7.34E-05,7.33E-05,7.72E-05,7.46E-05
YGL242C,7.95E-05,7.80E-05,8.38E-05,8.09E-05,7.72E-05,7.82E-05,5.86E-05,6.02E-05,6.04E-05,6.85E-05,6.33E-05,5.99E-05,6.11E-05,6.48E-05
YGL244W,0.000169937,0.000145505,0.000157239,0.000222717,0.000157489,0.000138189,0.000126965,0.000137414,0.000137723,9.23E-05,0.000130236,0.00014096,0.00012677,0.000141469
YGL245W,0.001518927,0.001549411,0.00160986,0.001612302,0.001737074,0.001748298,0.001837669,0.00184536,0.001849571,0.001792795,0.001850457,0.001794192,0.001774352,0.001775633
YGL252C,9.24E-05,9.78E-05,9.92E-05,0.000101375,8.88E-05,8.25E-05,7.74E-05,7.97E-05,7.99E-05,7.42E-05,7.50E-05,7.88E-05,7.45E-05,6.92E-05
YGL253W,0.00180301,0.001838147,0.001988112,0.001998386,0.002264291,0.002471343,0.003029553,0.002939451,0.002946159,0.00279504,0.002909849,0.002934054,0.003094619,0.003075909
YGR001C,9.37E-05,9.62E-05,9.92E-05,0.000105568,8.97E-05,9.24E-05,8.72E-05,9.28E-05,9.30E-05,9.40E-05,9.21E-05,9.40E-05,9.02E-05,8.53E-05
YGR009C,1.60E-05,1.24E-05,1.27E-05,1.19E-05,1.52E-05,1.28E-05,1.41E-05,1.43E-05,1.43E-05,1.22E-05,1.36E-05,1.37E-05,1.25E-05,1.22E-05
YGR012W,5.72E-05,5.37E-05,5.74E-05,6.04E-05,5.22E-05,5.47E-05,4.81E-05,5.04E-05,5.05E-05,4.67E-05,4.42E-05,4.57E-05,4.74E-05,4.40E-05
YGR019W,9.50E-05,8.90E-05,8.06E-05,8.65E-05,5.46E-05,5.56E-05,3.73E-05,4.19E-05,4.20E-05,4.22E-05,3.74E-05,3.26E-05,2.91E-05,3.04E-05
YGR020C,6.54E-05,6.19E-05,6.38E-05,6.07E-05,7.18E-05,6.98E-05,7.48E-05,7.52E-05,7.54E-05,6.87E-05,7.03E-05,7.29E-05,7.79E-05,7.40E-05
YGR028W,3.73E-05,3.72E-05,3.68E-05,2.91E-05,3.35E-05,3.05E-05,4.37E-05,4.14E-05,4.15E-05,4.11E-05,3.73E-05,3.22E-05,3.50E-05,3.04E-05
YGR031W,2.51E-05,2.95E-05,3.07E-05,2.43E-05,2.44E-05,2.46E-05,1.87E-05,2.15E-05,2.15E-05,2.62E-05,1.35E-05,2.12E-05,2.26E-05,2.17E-05
YGR032W,4.11E-05,4.94E-05,4.50E-05,3.50E-05,1.74E-05,1.55E-05,9.17E-06,1.24E-05,1.24E-05,6.45E-06,9.60E-06,9.30E-06,8.71E-06,9.47E-06
YGR033C,3.36E-05,3.16E-05,3.16E-05,3.15E-05,2.84E-05,2.65E-05,2.63E-05,2.59E-05,2.59E-05,2.10E-05,2.50E-05,2.64E-05,2.37E-05,2.21E-05
YGR034W,0.00025593,0.000231666,0.000269664,0.000295436,0.00031369,0.000308401,0.000322086,0.000340162,0.000340934,0.000354079,0.000366131,0.00038633,0.000379156,0.000421266
YGR037C,0.000789536,0.000782289,0.000812615,0.000778726,0.000751321,0.000634747,0.000659836,0.000647101,0.000648579,0.000685866,0.000629849,0.000647575,0.000615357,0.000662302
YGR048W,3.05E-05,3.06E-05,3.35E-05,3.38E-05,2.88E-05,2.81E-05,3.02E-05,2.77E-05,2.77848E-05,2.66E-05,2.52E-05,2.78E-05,2.69E-05,2.65E-05
YGR054W,0.000280109,0.000278183,0.000294391,0.000289847,0.000337159,0.000349897,0.000368245,0.000369122,0.000369965,0.000368076,0.00036408,0.000358807,0.000363444,0.000363151
YGR060W,0.000234612,0.000251871,0.000193706,0.000185758,7.95E-05,6.01E-05,6.16E-05,5.67E-05,5.68E-05,6.28E-05,7.11E-05,6.73E-05,7.59865E-05,7.36E-05
YGR061C,0.0013831,0.00135309,0.001420471,0.001442706,0.001546726,0.001553687,0.001587046,0.001566616,0.001570191,0.001567244,0.001624152,0.001623312,0.001586555,0.001638556
YGR076C,3.61E-05,3.55E-05,3.30E-05,3.76E-05,4.36E-05,4.70E-05,4.77E-05,4.43E-05,4.44E-05,4.61E-05,4.62E-05,4.73E-05,4.42E-05,4.64E-05
YGR078C,1.91E-05,1.92E-05,1.90E-05,1.91E-05,2.02E-05,1.77E-05,2.12E-05,1.95E-05,1.95E-05,2.06E-05,1.89E-05,1.88E-05,1.77E-05,1.77E-05
YGR080W,0.000112581,0.000116482,0.000109905,0.000112226,0.000102451,9.44E-05,8.41E-05,9.12E-05,9.14E-05,8.01E-05,8.07E-05,7.88E-05,8.11E-05,7.64E-05
YGR082W,0.000143893,0.000146565,0.000154053,0.000156565,0.0001648,0.000186504,0.000211877,0.000208607,0.000209082,0.000201027,0.000186294,0.000208105,0.000188009,0.000188647
YGR083C,3.35E-05,3.56E-05,4.04E-05,3.39E-05,3.94E-05,3.26E-05,3.07E-05,3.42E-05,3.43E-05,3.59E-05,2.74E-05,3.38E-05,3.49E-05,3.46E-05
YGR084C,0.000103149,0.000102257,0.000102114,0.000103111,0.000103321,0.000119255,0.000104155,9.83E-05,9.85E-05,0.000109563,0.000110825,0.000111524,0.000109906,0.000113652
YGR085C,0.002243735,0.002326231,0.00235751,0.002306369,0.002584345,0.002531101,0.002643094,0.00266431,0.002670401,0.002557646,0.002851119,0.002863645,0.002819523,0.002859628
YGR086C,0.001545997,0.001560353,0.001350625,0.001402929,0.001171903,0.001137493,0.001153381,0.00118051,0.001183201,0.001166637,0.001112749,0.00115769,0.001172238,0.001115155
YGR087C,0,9.30E-07,0,0,0,0,0,0,0,0,0,0,0,0
YGR090W,9.90E-05,9.80E-05,0.000105114,0.000105686,0.000113724,0.000116504,0.000111737,0.000107501,0.000107746,0.000101061,0.000108225,0.000107307,0.000106446,0.000107421
YGR094W,0.001659415,0.001628978,0.00168922,0.001722482,0.001778127,0.001828456,0.001933069,0.001919413,0.001923792,0.001893593,0.00202822,0.002049086,0.002051733,0.002076927
YGR103W,0.000146421,0.000141424,0.000149757,0.000154916,0.000170573,0.000163493,0.00016505,0.000161385,0.000161752,0.000156365,0.000167196,0.00015893,0.000157559,0.000160117
YGR106C,2.82E-05,3.19E-05,3.21E-05,3.19E-05,3.13E-05,3.13E-05,3.14E-05,3.12E-05,3.12E-05,2.82E-05,3.18E-05,2.91E-05,3.20E-05,3.53E-05
YGR112W,1.50E-05,1.37E-05,1.37E-05,1.29E-05,1.53E-05,1.40E-05,1.76E-05,1.62E-05,1.62E-05,1.80E-05,1.51E-05,1.70E-05,1.40E-05,1.47E-05
YGR116W,0.000192714,0.000195931,0.000195875,0.00019386,0.000192716,0.000180102,0.000184127,0.000193747,0.000194188,0.000178407,0.000187007,0.000182561,0.000181006,0.00017979
YGR117C,1.40E-05,1.12E-05,1.17E-05,1.26E-05,1.11E-05,1.44E-05,1.38E-05,9.21E-06,9.23E-06,3.21E-05,1.25E-05,1.13E-05,9.80E-06,1.16E-05
YGR119C,4.70E-05,4.80E-05,4.55E-05,4.75E-05,4.23E-05,4.11E-05,4.31E-05,4.16E-05,4.17E-05,4.11E-05,4.20E-05,4.26E-05,3.83E-05,3.90E-05
YGR123C,5.40E-05,5.57E-05,5.40E-05,5.42E-05,5.84E-05,5.63E-05,5.30E-05,5.37E-05,5.38E-05,5.31E-05,5.60E-05,5.22E-05,5.50E-05,5.44E-05
YGR124W,0.00055318,0.000569456,0.000601686,0.000601998,0.000620078,0.000628557,0.000692835,0.000692256,0.000693835,0.000673352,0.000697038,0.000694278,0.000726948,0.000701059
YGR128C,7.33E-05,7.54E-05,8.15E-05,7.91E-05,8.79E-05,8.74E-05,8.82E-05,8.31E-05,8.33E-05,7.87E-05,8.24E-05,8.72E-05,8.61E-05,8.57E-05
YGR130C,0.000160326,0.000150677,0.000150272,0.000148219,0.000122597,0.000111869,9.97E-05,9.97E-05,9.99E-05,9.20E-05,9.66E-05,9.17E-05,8.75E-05,8.75E-05
YGR132C,0.000320231,0.000343138,0.0003081,0.00030151,0.000355026,0.000370565,0.000375823,0.000386311,0.000387195,0.000398799,0.000379094,0.000387498,0.000376409,0.000378728
YGR135W,0.000271307,0.000282319,0.000287395,0.000294578,0.000266641,0.000254186,0.000239664,0.000238216,0.00023876,0.000237894,0.00025164,0.000238508,0.000234369,0.000225833
YGR145W,2.71E-05,3.07E-05,2.88E-05,3.06E-05,2.27E-05,3.23E-05,3.30E-05,3.07E-05,3.07E-05,3.10E-05,3.34E-05,3.62E-05,3.61E-05,3.70E-05
YGR148C,0.000153959,0.000150597,0.000179234,0.000205176,0.000178856,0.00024724,0.000197967,0.000211402,0.000211882,0.000196413,0.000209218,0.000199334,0.000201229,0.000189745
YGR155W,0.001341606,0.001314118,0.001376296,0.001385316,0.001423521,0.001467796,0.001529712,0.00150371,0.001507145,0.001489706,0.001557313,0.001537145,0.001595277,0.001616837
YGR157W,0.000112619,0.000118768,0.000124849,0.000122387,0.000157913,0.000168047,0.000190427,0.000187736,0.000188165,0.000180332,0.000176904,0.000184046,0.000190415,0.000177579
YGR159C,0.00061913,0.000635294,0.000621215,0.000633642,0.000693201,0.000727395,0.000640194,0.000675037,0.000676575,0.000661179,0.000722236,0.00073561,0.000677959,0.000703653
YGR162W,0.000261138,0.00027775,0.00028715,0.000289531,0.000311073,0.00031534,0.000355805,0.000342775,0.000343554,0.000322359,0.000346656,0.000341074,0.000335652,0.000339195
YGR165W,6.59E-05,7.15E-05,7.46E-05,7.43E-05,7.71E-05,7.67E-05,8.65E-05,8.62E-05,8.64E-05,8.35E-05,8.43E-05,8.84E-05,9.29E-05,8.87E-05
YGR167W,0.000174561,0.000181845,0.000174787,0.000185445,0.000178951,0.000173093,0.000166645,0.000168307,0.000168693,0.00015305,0.000163296,0.000166829,0.000155434,0.000152465
YGR169C-A,3.50E-05,3.70E-05,3.88E-05,4.00E-05,3.63E-05,3.39E-05,3.17E-05,3.34E-05,3.35E-05,3.17E-05,3.44E-05,3.16E-05,3.67E-05,3.29E-05
YGR173W,8.12E-05,8.05E-05,8.11E-05,8.30E-05,8.77E-05,9.06E-05,8.18E-05,6.48E-05,6.50E-05,7.84E-05,8.30E-05,7.82E-05,7.76E-05,7.92E-05
YGR175C,0.001241824,0.001180176,0.001063453,0.000990887,0.000313867,0.000163029,0.000179346,0.000179495,0.000179903,0.00018598,0.000203534,0.000206032,0.000221441,0.000216167
YGR178C,0.000147903,0.000144298,0.000148574,0.0001556,0.000151852,0.000158287,0.000165855,0.000172741,0.000173135,0.000168786,0.000163373,0.000157609,0.000169763,0.000163248
YGR180C,0.001484245,0.001482432,0.001320639,0.001286509,0.000993989,0.000863782,0.000714685,0.000733018,0.000734695,0.000784906,0.000756169,0.000752323,0.000754476,0.000793815
YGR181W,8.47E-05,8.75E-05,8.13E-05,8.32E-05,9.57E-05,9.34E-05,9.16E-05,9.52E-05,9.54E-05,8.85E-05,7.51E-05,8.04E-05,7.76E-05,7.43E-05
YGR184C,1.64E-05,1.20E-05,1.34E-05,1.88E-05,1.78E-05,1.84E-05,9.99E-06,1.58E-05,1.58E-05,1.36E-05,1.57E-05,1.47E-05,1.54E-05,1.42E-05
YGR185C,0.000362285,0.000359125,0.000377504,0.000366625,0.00035928,0.000345696,0.000360082,0.000343686,0.000344469,0.000351753,0.000365184,0.000348831,0.000359086,0.000359256
YGR186W,3.11E-05,2.93E-05,3.39E-05,3.33E-05,3.02E-05,3.49E-05,2.97E-05,3.09726E-05,3.10E-05,3.06E-05,3.06E-05,3.29E-05,2.95E-05,2.97E-05
YGR187C,3.45E-05,3.32E-05,3.36E-05,2.93E-05,3.23E-05,3.50E-05,2.91E-05,3.06E-05,3.06E-05,3.02E-05,2.99E-05,2.84E-05,2.81E-05,2.83E-05
YGR189C,0.00038949,0.00036175,0.000413193,0.000380595,0.00029694,0.000263294,0.000268985,0.00028646,0.000287112,0.00029509,0.00026763,0.000268194,0.000289297,0.000263174
YGR192C,0.009815426,0.009152967,0.008169881,0.007527322,0.008091941,0.007573145,0.008874254,0.008826412,0.0088467,0.009278928,0.009522787,0.00990991,0.010157876,0.010086473
YGR193C,7.60E-05,7.95E-05,8.44E-05,8.14E-05,7.12E-05,6.63E-05,7.33E-05,6.74E-05,6.76E-05,6.39E-05,6.06E-05,6.44E-05,5.56E-05,5.90E-05
YGR194C,2.63E-05,2.93E-05,2.72E-05,2.68E-05,2.46E-05,2.39E-05,2.82E-05,2.64E-05,2.65E-05,3.32E-05,2.58E-05,2.61E-05,2.77E-05,2.51E-05
YGR199W,1.92E-05,2.10E-05,2.21E-05,2.26E-05,2.44E-05,1.87E-05,1.98E-05,1.79E-05,1.80E-05,1.97E-05,2.17E-05,1.72E-05,1.97E-05,1.64E-05
YGR200C,6.94E-05,7.10E-05,6.94E-05,6.98E-05,7.48E-05,7.68E-05,8.00E-05,7.45E-05,7.47E-05,7.56E-05,8.10E-05,7.41E-05,8.24E-05,7.56E-05
YGR202C,2.88E-05,2.74E-05,2.92E-05,3.38E-05,3.02E-05,2.96E-05,3.89E-05,4.12E-05,4.13E-05,4.22E-05,4.48E-05,3.67E-05,3.69E-05,3.72E-05
YGR204W,0.001802338,0.001772055,0.001851068,0.001899458,0.001902909,0.001837319,0.001948637,0.001911685,0.001916049,0.001985595,0.002047582,0.001961344,0.00206352,0.002063916
YGR205W,7.75E-05,7.52E-05,7.55E-05,8.00E-05,6.35E-05,6.28E-05,4.68E-05,4.96E-05,4.97E-05,4.76E-05,4.47E-05,4.67E-05,4.42E-05,4.41E-05
YGR207C,0.000231814,0.000230744,0.000226836,0.000223835,0.000249414,0.000250597,0.000253117,0.000242953,0.000243508,0.000249796,0.000241939,0.000229743,0.000231799,0.000220519
YGR208W,4.63E-05,4.15E-05,3.82E-05,5.08E-05,4.34E-05,4.99E-05,4.34E-05,4.09E-05,4.10E-05,3.53E-05,4.33E-05,4.02E-05,3.82E-05,4.26E-05
YGR209C,0.000546634,0.000541772,0.000490895,0.000502913,0.000382546,0.000383421,0.000361595,0.000370258,0.000371102,0.000333779,0.000363891,0.000325698,0.000306346,0.000314966
YGR210C,1.95E-05,2.21E-05,2.02E-05,2.29E-05,2.60E-05,2.54E-05,2.31E-05,2.29E-05,2.30E-05,2.43E-05,2.50E-05,2.18E-05,2.53E-05,2.48E-05
YGR211W,0.000222108,0.000224833,0.000222863,0.000232105,0.000243641,0.000233405,0.000217463,0.000213619,0.000214108,0.00021319,0.000231527,0.000215108,0.000223466,0.000221758
YGR214W,0.000192295,0.000190052,0.000177465,0.000182311,0.000217726,0.000225357,0.00024841,0.000223502,0.000224015,0.000204598,0.000223052,0.000205663,0.000200752,0.000202023
YGR218W,0.000148178,0.000146765,0.000148265,0.000156831,0.000136547,0.000132819,0.000135759,0.000138063,0.000138378,0.000129065,0.000123962,0.000127214,0.00013089,0.000127723
YGR220C,1.79E-05,1.98E-05,2.12E-05,2.08E-05,2.23E-05,1.89E-05,2.45E-05,2.98E-05,2.99E-05,2.50E-05,2.36E-05,2.59E-05,2.65E-05,2.66E-05
YGR229C,0.000108299,0.000112073,0.000121657,0.000106886,0.000117744,0.000104839,0.00010837,0.000113554,0.000113812,0.000101862,0.000105632,9.36E-05,9.80E-05,9.60E-05
YGR231C,0.000161397,0.000165465,0.000161799,0.000156609,0.000160077,0.000196845,0.000193206,0.000208808,0.000209282,0.000212199,0.000213753,0.000218705,0.000194635,0.000190886
YGR232W,4.90E-05,5.44E-05,5.07E-05,5.31E-05,5.27E-05,4.62E-05,4.45E-05,4.38E-05,4.39E-05,4.68E-05,4.11E-05,4.24E-05,3.80E-05,3.96E-05
YGR234W,0.005200881,0.005548283,0.005468616,0.005584713,0.006308344,0.006939809,0.007179381,0.007550487,0.007567754,0.008138905,0.006939764,0.007051983,0.006588804,0.006762476
YGR235C,5.73E-05,6.18E-05,6.51E-05,6.35E-05,6.81E-05,6.50E-05,7.49E-05,7.29E-05,7.31E-05,7.22E-05,6.59E-05,6.79E-05,6.79E-05,6.63E-05
YGR240C,0.001712727,0.001713766,0.001693407,0.001717184,0.001742392,0.001859678,0.001959092,0.001933491,0.001937911,0.001984894,0.001978801,0.001983236,0.002004429,0.002026375
YGR244C,0.001340268,0.001359085,0.001369362,0.001350979,0.00137315,0.001315214,0.001188828,0.001169282,0.00117195,0.001204698,0.001072958,0.001090802,0.000989412,0.000956371
YGR250C,5.64E-05,5.99E-05,5.47E-05,5.67E-05,5.06E-05,5.20E-05,4.43E-05,4.65E-05,4.66E-05,4.91E-05,3.95E-05,4.04E-05,3.79E-05,3.94E-05
YGR253C,0.000424143,0.000420222,0.000433609,0.000437027,0.000380267,0.000358099,0.000362644,0.000360226,0.000361048,0.000353452,0.0003556,0.000355096,0.000345102,0.000343739
YGR254W,0.014582463,0.015391138,0.012047246,0.012297863,0.009545137,0.010144394,0.011485711,0.011367887,0.011393818,0.01239593,0.012239665,0.01238869,0.011829677,0.011875872
YGR256W,6.47E-05,6.08E-05,4.30E-05,3.76E-05,0,0,0,0,0,0,0,0,0,0
YGR261C,1.47E-05,1.30E-05,1.37E-05,1.54E-05,1.34E-05,1.59E-05,1.51E-05,1.20E-05,1.21E-05,1.13E-05,1.59E-05,1.34E-05,1.52E-05,1.33E-05
YGR264C,0.000458027,0.000473397,0.000507422,0.000492017,0.000543344,0.000522361,0.000536516,0.000529304,0.000530513,0.00051317,0.000556583,0.000558897,0.000592777,0.00058309
YGR266W,8.22E-05,8.05E-05,7.99E-05,8.70E-05,8.21E-05,7.37E-05,6.15E-05,6.15E-05,6.17E-05,6.30E-05,5.05E-05,4.72E-05,5.54E-05,5.23E-05
YGR267C,2.70E-05,2.65E-05,3.00E-05,2.80E-05,2.54E-05,2.79E-05,2.30E-05,2.71E-05,2.72E-05,2.77E-05,2.76E-05,2.75E-05,2.75E-05,2.71E-05
YGR270W,9.99E-06,1.12E-05,9.08E-06,8.94E-06,1.31E-05,1.07E-05,1.30E-05,1.44E-05,1.44E-05,1.74E-05,1.24E-05,1.43E-05,1.58E-05,1.43E-05
YGR275W,2.70E-05,2.85E-05,2.72E-05,2.57E-05,2.95E-05,2.13E-05,2.65E-05,2.62E-05,2.63E-05,2.14E-05,2.14E-05,2.70E-05,2.52E-05,2.41E-05
YGR277C,2.60E-05,2.24E-05,2.66E-05,2.82E-05,2.34E-05,2.25E-05,2.24E-05,2.52E-05,2.53E-05,2.60E-05,2.15E-05,1.85E-05,2.32E-05,2.44E-05
YGR279C,0.000275611,0.000270621,0.000279526,0.000286222,0.000270175,0.000261224,0.000247746,0.000275106,0.000275735,0.00027801,0.00026608,0.000274726,0.000272853,0.000260513
YGR282C,0.000997013,0.000975297,0.000994517,0.000976025,0.000891729,0.000845788,0.000665131,0.000709143,0.000710754,0.000674713,0.0006736,0.000669111,0.000666413,0.000677672
YGR285C,0.000575004,0.000566708,0.000637581,0.000616288,0.0006407,0.000614106,0.000582758,0.000615177,0.000616589,0.000614717,0.000625311,0.000646548,0.000662887,0.000669017
YGR286C,4.46E-05,5.34E-05,4.31E-05,4.47E-05,6.01E-05,5.88E-05,5.23E-05,4.91E-05,4.92E-05,5.97E-05,6.44E-05,6.21E-05,6.23E-05,5.74E-05
YHL001W,4.39E-05,2.45E-05,0,3.91E-05,3.76E-05,2.25E-05,6.78E-05,5.86E-05,5.88E-05,8.33E-05,7.63E-05,3.92E-05,3.48E-05,5.91E-05
YHL002W,1.28E-05,1.38E-05,1.30E-05,1.49E-05,1.25E-05,1.06E-05,9.99E-06,1.06E-05,1.07E-05,8.64E-06,1.00E-05,9.36E-06,9.17E-06,9.95E-06
YHL004W,0.000110937,0.000119117,0.00011848,0.000121931,0.000140639,0.000146782,0.000175319,0.000181187,0.000181602,0.000187445,0.000182831,0.000175606,0.000175959,0.00018055
YHL007C,4.42E-05,5.13E-05,5.11E-05,5.14E-05,5.64E-05,4.95E-05,5.38E-05,4.82E-05,4.83E-05,5.15E-05,5.69E-05,5.06E-05,3.93E-05,5.38E-05
YHL011C,0.000162452,0.000157987,0.00016601,0.000172157,0.000177957,0.000172841,0.000161114,0.000157317,0.000157676,0.000166122,0.000160337,0.000165351,0.00015486,0.000165896
YHL015W,0.00221895,0.002314042,0.002566599,0.00274509,0.002394028,0.002779838,0.002965812,0.003005843,0.003012682,0.003214288,0.003323879,0.003227486,0.003413221,0.003549812
YHL021C,0.000239679,0.000237763,0.000213811,0.000223112,0.000148695,0.00013751,8.82E-05,9.51E-05,9.53E-05,0.000111801,8.70E-05,8.45E-05,6.94E-05,7.13E-05
YHL024W,6.24E-05,6.31E-05,5.21E-05,5.42E-05,4.87E-05,4.16E-05,4.01E-05,3.91E-05,3.92E-05,3.94E-05,3.93E-05,3.00E-05,3.13E-05,2.81E-05
YHL030W,6.08E-05,6.23E-05,6.03E-05,6.64E-05,5.94E-05,5.90E-05,5.16E-05,5.98E-05,6.00E-05,5.67E-05,5.72E-05,5.29E-05,5.72E-05,5.40E-05
YHL031C,5.11E-05,4.61E-05,5.07E-05,5.34E-05,5.28E-05,5.06E-05,5.52E-05,5.63E-05,5.64E-05,5.21E-05,5.25E-05,5.39E-05,5.55E-05,5.22E-05
YHL033C,0.000462516,0.000482053,0.000469503,0.000472682,0.000503699,0.000497073,0.000535736,0.00050311,0.00050426,0.000538676,0.000495855,0.000531132,0.00053661,0.000533938
YHL034C,0.000854946,0.000837415,0.000876054,0.000860443,0.000833617,0.000836263,0.000793942,0.000803466,0.000805294,0.000818165,0.000773926,0.000779229,0.000818305,0.000789026
YHL038C,1.76E-05,1.64E-05,1.54E-05,1.62E-05,1.79713E-05,1.56E-05,1.86E-05,1.48E-05,1.48E-05,1.83E-05,1.69E-05,1.27E-05,1.75E-05,1.82E-05
YHL039W,3.28E-05,2.85E-05,3.33E-05,3.27E-05,3.40E-05,3.99E-05,3.36E-05,3.84E-05,3.85E-05,3.70E-05,3.21E-05,3.31E-05,3.19E-05,3.13E-05
YHR001W,7.78E-05,7.40E-05,7.65E-05,8.13E-05,7.62E-05,6.99E-05,7.72E-05,7.00E-05,7.02E-05,7.68E-05,6.12E-05,6.56E-05,6.99E-05,6.68E-05
YHR001W-A,0.00033547,0.000341759,0.00032809,0.000324469,0.000348898,0.00037628,0.000424003,0.000420538,0.000421493,0.000408885,0.000396341,0.000416107,0.000374707,0.000388412
YHR005C,3.82E-05,3.52E-05,3.76E-05,3.75E-05,3.96E-05,3.80E-05,3.83E-05,3.72E-05,3.72E-05,3.28E-05,2.64E-05,3.17E-05,3.18E-05,2.99E-05
YHR005C-A,0.000131127,0.000131164,0.000132861,0.00011881,0.000153188,0.000159931,0.00020026,0.000198189,0.000198643,0.000192389,0.000190081,0.000196624,0.000187804,0.000192381
YHR007C,0.000471288,0.000492398,0.000460442,0.000460782,0.000337954,0.000311262,0.000276764,0.00028285,0.000283494,0.000285384,0.000290173,0.000278085,0.000278035,0.000270916
YHR008C,0.000868554,0.000843471,0.000794272,0.000796775,0.000688477,0.000874761,0.000986902,0.001033394,0.001035748,0.001159668,0.000984132,0.001033205,0.001050067,0.000987736
YHR009C,8.28E-05,7.35E-05,7.12E-05,7.53E-05,7.85E-05,7.30E-05,9.63E-05,9.38E-05,9.40E-05,0.000105515,0.000101386,9.02E-05,8.99E-05,8.73E-05
YHR010W,0.002762515,0.002677234,0.003022354,0.003086145,0.003176696,0.003225546,0.003466959,0.003218747,0.00322606,0.003250941,0.003330282,0.003433939,0.003639975,0.003738232
YHR011W,1.79E-05,1.64E-05,1.75E-05,1.92E-05,1.79E-05,1.85E-05,1.57E-05,1.78E-05,1.78E-05,1.72E-05,1.61E-05,1.62E-05,1.55E-05,1.46E-05
YHR012W,1.87E-05,2.01E-05,2.05E-05,2.09E-05,1.77E-05,1.79E-05,2.06E-05,1.89E-05,1.89E-05,2.15E-05,1.99E-05,2.04E-05,2.04E-05,1.90E-05
YHR016C,1.92E-05,1.58E-05,1.35E-05,1.55E-05,1.56E-05,9.64E-06,1.25E-05,1.36E-05,1.37E-05,1.36E-05,1.16E-05,9.30E-06,1.34E-05,1.15E-05
YHR018C,0.000689822,0.000649937,0.000558839,0.000541994,0.000416382,0.000407729,0.000560068,0.00055712,0.000558389,0.00056606,0.000583932,0.000575538,0.000589505,0.000609617
YHR019C,0.001013564,0.001023254,0.001030395,0.001014932,0.0010212,0.001024772,0.001047519,0.001059994,0.00106242,0.0010028,0.001060924,0.001048119,0.00107857,0.001080464
YHR020W,0.000757372,0.000763592,0.00081139,0.000805264,0.000890806,0.000914007,0.000879906,0.000926561,0.000928677,0.000901528,0.000947505,0.000912504,0.000979144,0.000972724
YHR021C,0.0021401,0.002173713,0.002365562,0.002345202,0.002543426,0.00244063,0.002683025,0.002935231,0.002941887,0.002807742,0.003156029,0.003162613,0.003180756,0.003209803
YHR024C,0.000120398,0.000117343,0.000119352,0.000132592,0.00014976,0.000161853,0.000184993,0.000192318,0.000192756,0.000182264,0.000180207,0.000186408,0.000184644,0.000175888
YHR025W,0.000228552,0.000230665,0.000229032,0.000241446,0.000241727,0.000228696,0.000217499,0.000224777,0.000225291,0.000219045,0.00022835,0.000228256,0.000231642,0.000230741
YHR027C,0.000766911,0.000777764,0.000774682,0.000776897,0.000732031,0.000708899,0.000693279,0.000723107,0.000724757,0.000681789,0.000678086,0.00068873,0.000698148,0.000685873
YHR029C,8.37E-05,8.36E-05,7.92E-05,7.64E-05,5.52E-05,5.15E-05,4.38E-05,4.44E-05,4.45E-05,4.86E-05,4.71E-05,4.87E-05,4.97E-05,4.73E-05
YHR030C,4.10E-05,4.20E-05,4.11E-05,3.75E-05,3.05E-05,2.29E-05,2.38E-05,2.34E-05,2.34E-05,2.41E-05,1.71E-05,1.70E-05,1.80E-05,2.28E-05
YHR037W,0.00042028,0.000452174,0.000434999,0.000449408,0.000443828,0.00048614,0.000444577,0.000443991,0.000445006,0.00046315,0.000459461,0.000432756,0.00044293,0.000427692
YHR039C,0.000169485,0.000160026,0.000160108,0.000157596,9.92E-05,8.56E-05,8.74E-05,8.87E-05,8.89E-05,8.72E-05,8.81E-05,8.14E-05,8.35E-05,8.30E-05
YHR039C-A,0.000149142,0.000152633,0.000153218,0.000140192,0.000167017,0.000149672,0.000183796,0.000189347,0.000189778,0.000170826,0.000147919,0.000178662,0.000161282,0.000181562
YHR042W,0.000351844,0.000348795,0.000395775,0.000385087,0.00029695,0.000265234,0.00024489,0.000253772,0.000254351,0.000223671,0.000237608,0.000241365,0.000257882,0.000259259
YHR043C,6.74E-05,6.75E-05,7.37E-05,7.00E-05,7.00E-05,6.81E-05,6.33E-05,6.13E-05,6.15E-05,5.93E-05,6.55E-05,6.31E-05,6.25E-05,6.28E-05
YHR047C,0.000199023,0.000211201,0.000212667,0.000204989,0.00020759,0.000203637,0.000196439,0.00019304,0.00019348,0.000188318,0.000198269,0.000194073,0.000190018,0.000190185
YHR051W,0.000855849,0.000832329,0.000806166,0.000796574,0.000876371,0.00095489,0.001044658,0.001029053,0.001031397,0.00104625,0.000993032,0.000981083,0.000892476,0.000916077
YHR052W,6.22E-05,6.31E-05,6.59E-05,6.34E-05,7.10E-05,6.81E-05,6.63E-05,6.86E-05,6.88E-05,6.43E-05,6.67E-05,6.81E-05,6.53E-05,6.76558E-05
YHR059W,1.54E-05,1.47E-05,1.78E-05,1.77E-05,1.59E-05,1.51E-05,2.11E-05,2.05E-05,2.05E-05,2.37E-05,2.24E-05,2.22E-05,2.05E-05,2.25E-05
YHR062C,1.09E-05,1.01E-05,1.14E-05,1.45E-05,1.18E-05,1.33E-05,1.16E-05,1.15E-05,1.15E-05,1.11E-05,1.10E-05,1.14E-05,1.12E-05,9.58E-06
YHR063C,0.000100373,0.000100437,0.000101254,0.000103342,0.000109398,0.000105668,0.000107895,0.000100192,0.00010042,9.87E-05,0.000106286,0.000106868,0.000105542,9.73E-05
YHR064C,0.001413864,0.001402349,0.001508639,0.001501596,0.001573232,0.001580774,0.001567887,0.001520044,0.001523513,0.001492745,0.001559665,0.001515526,0.001578405,0.001567507
YHR065C,3.17E-05,2.78E-05,3.34E-05,3.31E-05,3.39E-05,3.09E-05,3.30E-05,3.60E-05,3.61E-05,3.43E-05,3.45E-05,3.48E-05,3.44E-05,3.29E-05
YHR066W,6.97E-06,7.71E-06,8.07E-06,7.72E-06,8.29E-06,5.89E-06,7.58E-06,9.83E-06,9.85E-06,6.50E-06,8.38E-06,8.70E-06,8.46E-06,9.72E-06
YHR068W,0.000135467,0.000144169,0.000148811,0.000159021,0.000171703,0.000164979,0.000175459,0.000178306,0.000178714,0.000173581,0.00019683,0.000192991,0.000217545,0.000210682
YHR070W,3.31E-05,3.08E-05,3.55E-05,3.28E-05,3.60E-05,3.48E-05,3.22E-05,2.97E-05,2.97E-05,3.23E-05,3.03E-05,3.20E-05,3.42E-05,3.22E-05
YHR072W,9.40E-05,8.72E-05,8.09E-05,9.54E-05,6.20E-05,5.84E-05,5.29E-05,5.27E-05,5.28E-05,5.19E-05,5.65E-05,5.23E-05,5.76E-05,4.96E-05
YHR073W,2.60E-05,2.48E-05,2.61E-05,2.87E-05,2.59E-05,2.58E-05,2.41E-05,2.79E-05,2.79E-05,2.37E-05,2.68E-05,2.49E-05,2.10E-05,2.26E-05
YHR074W,0.000135372,0.000131476,0.000138482,0.00013588,0.000121141,0.000107384,0.000112414,0.000103564,0.000103801,0.000106941,9.72E-05,0.000103647,0.000104471,0.000100249
YHR076W,2.78E-05,2.50E-05,2.42E-05,2.29E-05,2.95E-05,2.73E-05,2.17E-05,2.12E-05,2.13E-05,2.61E-05,2.48E-05,2.28E-05,2.46E-05,2.36E-05
YHR088W,2.17E-05,2.08E-05,2.25E-05,2.03E-05,2.21E-05,2.40E-05,2.15E-05,2.24E-05,2.24E-05,2.14E-05,2.32E-05,2.32E-05,2.50E-05,2.38E-05
YHR089C,0.000131509,0.000126667,0.000132929,0.000141077,0.00014841,0.000146737,0.000135778,0.000139318,0.000139635,0.00014224,0.000145878,0.000139603,0.000141014,0.000144516
YHR091C,9.73E-06,8.22E-06,9.33E-06,1.53E-05,1.46E-05,1.46E-05,1.23E-05,1.57E-05,1.57E-05,1.37E-05,1.43E-05,1.43E-05,1.40E-05,1.41E-05
YHR096C,0.000104446,9.44E-05,7.22E-05,6.66E-05,0,0,0,0,0,0,0,0,0,0
YHR098C,9.17E-05,9.80E-05,9.57E-05,0.000100044,9.91E-05,9.89E-05,0.000102807,0.000113245,0.000113503,0.000101871,0.000103925,9.70E-05,0.000106027,0.000101357
YHR099W,3.45E-05,2.82E-05,2.86E-05,3.31E-05,2.52E-05,2.92E-05,2.26E-05,3.23E-05,3.24E-05,3.00E-05,2.34214E-05,1.90E-05,2.94E-05,2.83E-05
YHR104W,0.000227034,0.000216649,0.000208327,0.000205688,0.000130359,0.000136167,0.000146683,0.00015236,0.000152709,0.000153041,0.000136546,0.000144677,0.000145278,0.000145783
YHR106W,0,3.20E-06,0,2.49E-06,0,0,0,2.67E-06,2.67E-06,0,1.90E-06,0,0,0
YHR107C,0.000166487,0.00016096,0.000160021,0.000153947,0.000154803,0.000148929,0.000134725,0.000132996,0.000133299,0.00012326,0.000121052,0.000121339,0.000122831,0.000114463
YHR108W,0.00011202,0.000108983,0.000120882,0.000114847,0.000112697,0.000116942,0.000115017,0.000121874,0.000122152,0.000108973,0.000109491,0.000107565,0.000109746,0.0001061
YHR111W,4.49E-05,4.50E-05,4.53E-05,5.01E-05,4.02E-05,3.81E-05,3.51E-05,3.50E-05,3.51E-05,3.19E-05,3.65E-05,3.41E-05,3.70E-05,3.23E-05
YHR112C,7.14E-05,6.04E-05,7.55E-05,7.70E-05,6.31E-05,6.89E-05,7.49E-05,7.49E-05,7.51E-05,7.67E-05,7.55E-05,7.86E-05,7.87E-05,7.84E-05
YHR113W,0.000138721,0.000130235,0.000139965,0.000143589,0.000118734,0.000114432,0.000102967,0.000102033,0.000102266,0.000103856,0.000108091,0.000106083,9.66E-05,9.38E-05
YHR114W,2.14E-05,2.14E-05,2.29E-05,2.25E-05,2.10E-05,2.12E-05,2.00E-05,2.16E-05,2.16E-05,1.90E-05,2.07E-05,2.05E-05,1.91E-05,1.95E-05
YHR117W,3.61E-05,3.19E-05,3.92E-05,3.33E-05,3.49E-05,3.56E-05,3.38E-05,3.67E-05,3.67E-05,3.32E-05,3.48E-05,3.67E-05,3.38E-05,3.19E-05
YHR121W,9.86E-05,9.69E-05,0.000104006,0.000101602,0.000109153,0.000102656,0.000111489,0.000113954,0.000114214,0.000107717,0.000100794,0.000107589,0.00010768,0.000103656
YHR122W,1.34E-05,1.55E-05,1.61E-05,1.26E-05,1.61E-05,1.44E-05,1.47E-05,1.59E-05,1.59E-05,1.61E-05,1.58E-05,1.61E-05,1.21E-05,1.23E-05
YHR127W,1.65E-05,1.65E-05,1.68E-05,1.67E-05,1.56E-05,1.57E-05,1.58E-05,1.61E-05,1.61E-05,1.38E-05,1.48E-05,1.55E-05,1.56E-05,1.54E-05
YHR128W,0.000140252,0.000128083,0.000133187,0.00014488,0.000145699,0.000170001,0.000188964,0.00018029,0.000180703,0.000184662,0.000191481,0.000197642,0.00019242,0.000196237
YHR132C,3.82E-05,3.24E-05,3.19E-05,3.17E-05,2.86E-05,2.08E-05,1.86E-05,2.23E-05,2.24E-05,1.57E-05,1.97E-05,1.91E-05,1.97E-05,2.06E-05
YHR132W-A,0.00026909,0.000241724,0.000203724,0.000241509,0.000247655,0.000223992,0.000229097,0.000217385,0.000217882,0.000187749,0.000197772,0.000193248,0.000201581,0.000173457
YHR135C,8.31E-05,8.14E-05,8.56E-05,8.59E-05,8.66E-05,7.78E-05,7.73E-05,8.00E-05,8.02E-05,7.45E-05,6.91E-05,7.62E-05,7.37E-05,6.85E-05
YHR146W,0.000153613,0.000148411,0.000148838,0.000137575,0.000131773,0.000120254,0.000117404,0.000117177,0.000117445,0.000106978,0.000113922,0.000114902,0.000107953,0.000107872
YHR147C,3.83E-05,3.49E-05,3.60E-05,3.41E-05,4.36E-05,4.81E-05,4.66E-05,4.47E-05,4.48E-05,4.49E-05,4.59E-05,4.73E-05,4.41E-05,4.40E-05
YHR158C,4.76E-05,4.52E-05,5.02E-05,4.80E-05,4.43E-05,4.43E-05,4.99E-05,4.61E-05,4.62E-05,4.65002E-05,4.67E-05,4.58E-05,4.64E-05,4.11E-05
YHR163W,0.000233265,0.000235441,0.000230902,0.000235275,0.000222367,0.000217397,0.000153922,0.000140041,0.000140361,0.000135826,0.000142886,0.000138122,0.000146201,0.000147911
YHR170W,0.000140265,0.0001506,0.000157638,0.000159642,0.000165279,0.000164815,0.000137287,0.000142172,0.000142496,0.000145328,0.000146959,0.000155294,0.000146201,0.000154302
YHR179W,0.00061915,0.000578746,0.000551864,0.00055935,0.00051629,0.000557411,0.001007227,0.001023878,0.001026212,0.001074945,0.001230652,0.001225082,0.001351169,0.001425278
YHR183W,0.006108527,0.006155876,0.006664825,0.006573161,0.007127534,0.007189104,0.005913741,0.00538319,0.005395485,0.0049912,0.00541429,0.005392489,0.005848541,0.005839576
YHR190W,0.000388017,0.000380102,0.000375223,0.000383535,0.000323782,0.000308683,0.000316481,0.000321742,0.000322476,0.00032362,0.000309185,0.000313217,0.000310248,0.000316301
YHR193C,0.001367483,0.001395405,0.001380017,0.00143858,0.001473677,0.001464651,0.001401302,0.001407481,0.001410692,0.00130626,0.001404014,0.001351,0.001342463,0.001390003
YHR196W,0.000728686,0.000695957,0.000724307,0.000743993,0.000753309,0.000748882,0.000758243,0.000785822,0.000787613,0.000730524,0.00079001,0.000826231,0.000814442,0.000755756
YHR197W,3.97E-05,4.13E-05,4.11E-05,4.28E-05,4.29E-05,4.37E-05,4.07E-05,4.03E-05,4.04E-05,3.70E-05,3.86E-05,3.64E-05,4.06E-05,3.84E-05
YHR200W,0.000183847,0.000174434,0.000191294,0.000185563,0.000166977,0.000160314,0.000161214,0.00016575,0.000166128,0.000163339,0.000164133,0.000162904,0.000166126,0.000166077
YHR201C,2.28E-05,2.35E-05,2.62E-05,2.92E-05,2.37E-05,2.01E-05,2.18E-05,2.16E-05,2.16E-05,1.83E-05,1.74E-05,1.58E-05,2.09E-05,1.97E-05
YHR203C,0.004437384,0.004369714,0.004681724,0.004465128,0.005118797,0.004746004,0.005534285,0.005412619,0.005424984,0.005517705,0.005711132,0.005891289,0.006210711,0.006160632
YHR205W,2.26E-05,2.35E-05,2.48E-05,2.52E-05,2.29E-05,2.24E-05,2.35E-05,2.21E-05,2.21E-05,2.52E-05,2.25E-05,2.22E-05,2.35E-05,2.47E-05
YHR208W,0.000762608,0.00075832,0.000769984,0.000819456,0.000794954,0.000830611,0.000832802,0.000861966,0.000863935,0.000940793,0.000952701,0.000922571,0.000970584,0.001004007
YIL005W,3.91E-05,3.45E-05,3.20E-05,4.32E-05,3.43E-05,3.05E-05,3.01E-05,2.93E-05,2.94E-05,2.66E-05,2.94E-05,2.44E-05,3.03E-05,2.72E-05
YIL009W,3.30E-05,2.96E-05,3.03E-05,3.30E-05,3.05E-05,2.59E-05,2.71E-05,2.91E-05,2.91E-05,2.83E-05,2.64E-05,2.89E-05,2.91E-05,2.87E-05
YIL010W,2.81E-05,2.24E-05,2.74E-05,2.54E-05,3.06E-05,2.75E-05,2.35E-05,2.37E-05,2.37E-05,1.98E-05,2.05E-05,1.84E-05,1.78E-05,1.95E-05
YIL015W,1.85E-05,1.90E-05,1.32E-05,1.99E-05,2.69E-05,2.26E-05,3.29E-05,3.71E-05,3.71E-05,2.77E-05,3.13E-05,3.49E-05,3.52E-05,3.10E-05
YIL018W,0.003898893,0.003893794,0.004241222,0.004225445,0.00449011,0.004458158,0.004717196,0.004538313,0.004548681,0.004834914,0.004770914,0.005360011,0.005204826,0.005338168
YIL021W,3.86E-05,4.04E-05,4.31E-05,4.09E-05,4.10E-05,3.86E-05,3.92E-05,3.68E-05,3.68E-05,3.82E-05,3.61E-05,3.68E-05,3.72E-05,3.84E-05
YIL022W,0.000228123,0.000225265,0.000221519,0.000222571,0.000250932,0.000249821,0.000241512,0.000238052,0.000238594,0.000231007,0.00022571,0.000225669,0.000217224,0.000209407
YIL027C,3.50E-05,3.33E-05,3.84E-05,4.08E-05,3.34E-05,3.26E-05,2.96E-05,3.14E-05,3.14E-05,2.89E-05,2.93E-05,2.93E-05,2.92E-05,2.76E-05
YIL030C,2.28E-05,2.45E-05,2.57E-05,2.50E-05,2.40E-05,2.16E-05,2.29E-05,2.18E-05,2.18E-05,2.31E-05,2.36E-05,2.33E-05,2.37E-05,2.10E-05
YIL033C,0.000342167,0.000342965,0.000341741,0.000339683,0.000266652,0.000253943,0.00023557,0.000227704,0.000228228,0.00024006,0.000201545,0.000205956,0.00021111,0.000199423
YIL034C,9.01E-05,8.66E-05,9.43E-05,8.23E-05,7.83E-05,7.53E-05,6.99E-05,7.81E-05,7.82E-05,8.01E-05,7.48E-05,7.28E-05,7.43E-05,7.54E-05
YIL035C,3.44E-05,2.65E-05,3.28E-05,3.46E-05,3.92E-05,2.37E-05,3.95E-05,3.90E-05,3.91E-05,3.45E-05,3.49E-05,3.55E-05,3.44E-05,3.49E-05
YIL036W,3.37E-05,3.35E-05,2.92E-05,3.21E-05,3.04E-05,2.57E-05,2.59E-05,2.41E-05,2.41E-05,2.59E-05,2.39E-05,2.38E-05,2.35E-05,2.44E-05
YIL038C,5.58E-05,5.13E-05,5.86E-05,5.62E-05,5.46E-05,5.49E-05,5.26E-05,5.24E-05,5.26E-05,5.18E-05,5.25E-05,5.60E-05,5.47E-05,5.10E-05
YIL039W,3.56E-05,3.56E-05,3.41E-05,3.36E-05,3.36E-05,2.61E-05,2.94E-05,3.17E-05,3.18E-05,2.95E-05,2.63E-05,2.76E-05,2.80E-05,2.79E-05
YIL041W,0.001017902,0.000984049,0.001002319,0.000984915,0.000964103,0.000916863,0.000898675,0.0009182,0.000920291,0.000914481,0.000891791,0.000882054,0.000856564,0.000831096
YIL043C,0.00019148,0.000203247,0.000208395,0.000199216,0.000190062,0.000180355,0.000172407,0.000169015,0.0001694,0.000179897,0.000161883,0.00017141,0.000157445,0.000163402
YIL044C,1.65E-05,1.58E-05,1.31E-05,1.84E-05,1.36E-05,1.66E-05,1.74E-05,1.54E-05,1.54E-05,1.58E-05,1.78E-05,1.50E-05,1.52E-05,1.51E-05
YIL051C,0.000577227,0.000547695,0.000570269,0.000570842,0.000528464,0.000512579,0.000631891,0.000620195,0.000621613,0.000640926,0.000694684,0.000715657,0.000712272,0.000724636
YIL052C,0.001158158,0.001164594,0.001284552,0.001258648,0.001400278,0.001373013,0.001447395,0.00139541,0.001398592,0.001433562,0.001555077,0.001537807,0.001576294,0.001613576
YIL053W,8.87E-05,7.89E-05,7.64E-05,7.55E-05,4.75E-05,4.33E-05,6.02E-05,6.36E-05,6.37E-05,6.63E-05,8.72E-05,8.68E-05,9.56E-05,0.000103414
YIL062C,8.23E-05,7.37E-05,7.76E-05,7.57E-05,7.90E-05,6.57E-05,6.23E-05,6.19E-05,6.20E-05,5.65E-05,5.68E-05,5.85E-05,5.31E-05,5.04E-05
YIL063C,6.14E-05,5.83E-05,5.95E-05,6.04E-05,4.94E-05,4.44E-05,4.47E-05,4.11E-05,4.12E-05,4.16E-05,4.33E-05,3.98E-05,4.18E-05,4.07E-05
YIL064W,1.63E-05,1.51E-05,1.86E-05,1.92E-05,2.09E-05,2.23E-05,2.16E-05,2.34E-05,2.34E-05,2.45E-05,2.39E-05,2.51E-05,2.31E-05,2.03E-05
YIL065C,3.56E-05,3.35E-05,3.40E-05,3.43E-05,3.36E-05,3.53E-05,3.87E-05,3.67E-05,3.67E-05,3.54E-05,3.41E-05,3.38E-05,3.13E-05,2.92E-05
YIL066C,0,0,0,0,0,1.12E-06,0,0,0,0,0,0,0,9.46E-07
YIL069C,0.002252353,0.002243234,0.002374737,0.002404172,0.002522226,0.002591143,0.002960881,0.003008195,0.003015038,0.002943608,0.003329979,0.003161771,0.003248822,0.003299047
YIL070C,0.000292506,0.000302493,0.000285553,0.000291749,0.000336729,0.000364734,0.00034689,0.000346895,0.000347689,0.000336591,0.000349882,0.000348809,0.000335922,0.000351439
YIL074C,0.000296605,0.00031851,0.000351329,0.000334752,0.000373388,0.00039674,0.000382786,0.000394506,0.000395405,0.000373539,0.000388791,0.000392016,0.000413763,0.000408796
YIL075C,0.000500696,0.000505769,0.000496641,0.000508584,0.000469484,0.000436265,0.000429227,0.000448603,0.000449628,0.000434952,0.000441242,0.000434488,0.000435601,0.000429656
YIL076W,7.57E-05,7.26E-05,7.71E-05,7.19E-05,6.91E-05,6.80E-05,6.86E-05,6.82E-05,6.84E-05,6.37E-05,6.19E-05,6.16E-05,6.44E-05,7.03E-05
YIL078W,0.001222934,0.001225913,0.00125171,0.001270586,0.001320384,0.001304968,0.001314152,0.001282011,0.001284937,0.001270002,0.001338179,0.001319488,0.001298896,0.001283929
YIL083C,9.04E-05,9.10E-05,8.39E-05,8.95E-05,9.25E-05,9.80E-05,8.71E-05,8.41E-05,8.43E-05,8.65E-05,7.33E-05,7.66E-05,7.42E-05,6.83E-05
YIL093C,6.59E-05,6.67E-05,6.40E-05,6.69E-05,8.01E-05,7.98E-05,9.35E-05,0.000102519,0.000102754,9.37E-05,9.78E-05,0.000102008,9.06E-05,9.11E-05
YIL094C,0.001104316,0.001048027,0.001216276,0.001229886,0.001303154,0.001272096,0.001346619,0.001357196,0.001360293,0.001227577,0.001315439,0.001325874,0.001357336,0.001398892
YIL108W,2.50E-05,2.36E-05,3.02E-05,2.51E-05,2.02E-05,1.24E-05,1.98E-05,1.42E-05,1.42E-05,2.24E-05,1.54E-05,1.64E-05,1.41E-05,1.82E-05
YIL109C,0.000355443,0.000355038,0.000348655,0.00038279,0.000329241,0.000339695,0.000361915,0.000369169,0.000370012,0.000342434,0.000357841,0.000357992,0.000358468,0.000342437
YIL115C,6.72E-05,7.05825E-05,7.09E-05,7.60E-05,6.85E-05,6.46E-05,6.24E-05,6.70E-05,6.71E-05,6.59E-05,6.14E-05,6.07E-05,5.87E-05,5.94E-05
YIL116W,0.000128692,0.000119324,0.000120813,0.00011276,9.83E-05,8.49E-05,0.000101801,0.000115276,0.000115539,9.93E-05,0.000104744,0.000113616,0.000114602,0.000116078
YIL118W,0.000102532,9.86E-05,0.000101611,0.000103082,0.000111776,0.000108019,0.000107298,0.000103979,0.000104216,0.000109629,0.000113783,0.000113312,0.000105944,0.000106
YIL124W,0.000151024,0.000141372,0.00012408,0.000136222,0.000101083,7.73E-05,6.30E-05,5.50E-05,5.51E-05,6.97E-05,3.87E-05,6.22E-05,5.95E-05,5.53E-05
YIL125W,0.001513958,0.001539267,0.001433406,0.001421107,0.001460983,0.001688187,0.001962381,0.001894535,0.001898871,0.001984835,0.001650977,0.001687313,0.00156841,0.001551205
YIL126W,6.10E-05,6.55E-05,6.46E-05,6.87E-05,6.82E-05,6.63E-05,6.18E-05,6.56E-05,6.57E-05,6.42E-05,6.67E-05,6.54E-05,6.59E-05,6.47E-05
YIL128W,3.08E-05,3.31E-05,2.90E-05,2.82E-05,3.16E-05,2.81E-05,2.86E-05,3.00E-05,3.01E-05,3.42E-05,2.75E-05,2.83E-05,2.85E-05,2.75E-05
YIL133C,0.000575279,0.00054849,0.000619391,0.000627868,0.000640667,0.00069766,0.000710608,0.000751449,0.000753158,0.000675679,0.000810262,0.000767375,0.000784248,0.000763833
YIL135C,1.20E-05,1.13E-05,1.23E-05,1.13E-05,1.21E-05,1.18E-05,1.37E-05,1.42E-05,1.42E-05,1.24E-05,1.30E-05,1.15E-05,1.35E-05,1.38E-05
YIL137C,0.000103425,9.80E-05,0.000109576,0.000111939,0.000105869,0.000105364,0.000113139,0.000111485,0.000111739,0.000114303,0.000119691,0.000118903,0.000118427,0.000118242
YIL138C,0.000123996,0.00012681,0.000122007,0.000126215,0.000104366,8.38E-05,8.94E-05,9.32E-05,9.34E-05,8.74E-05,8.84E-05,9.00E-05,8.90E-05,8.55E-05
YIL142W,0.000407902,0.000412174,0.000420233,0.000417698,0.000421699,0.000410165,0.000407222,0.000399308,0.00040022,0.000385099,0.000413403,0.000407738,0.000405005,0.00040745
YIL155C,0.002610402,0.002577744,0.002472204,0.002478528,0.002328838,0.002165292,0.002030577,0.002149221,0.002154135,0.002236501,0.001806403,0.001817082,0.001554774,0.001430658
YIL157C,2.45E-05,2.84E-05,2.56E-05,2.91E-05,3.06E-05,3.01E-05,2.18E-05,2.97E-05,2.97E-05,3.70E-05,2.76E-05,2.67E-05,3.03E-05,2.95E-05
YIL162W,0.000226036,0.000225607,0.000194973,0.000201118,0.000138317,0.000125296,0.000105231,0.000114211,0.000114471,0.00012496,0.000125629,0.000122666,0.000113645,0.000127889
YIR003W,4.86E-05,4.96E-05,5.00E-05,4.86E-05,4.30E-05,4.22E-05,4.36E-05,4.46E-05,4.47E-05,3.93E-05,3.71E-05,3.95E-05,3.48E-05,3.52E-05
YIR004W,7.20E-05,7.57E-05,7.59E-05,7.73E-05,8.01E-05,8.64E-05,8.20E-05,8.24E-05,8.26E-05,8.02E-05,7.42E-05,7.81E-05,6.87E-05,7.06E-05
YIR006C,0.000177383,0.000171061,0.000180712,0.000182526,0.000177634,0.000173578,0.000173331,0.000174263,0.000174659,0.000165983,0.000170037,0.000162465,0.000167099,0.000158993
YIR008C,6.41E-05,5.63E-05,5.24E-05,6.57E-05,6.34E-05,5.73E-05,5.35E-05,5.82E-05,5.83E-05,5.47E-05,5.27E-05,4.79E-05,5.46E-05,4.89E-05
YIR012W,4.63E-05,4.72E-05,4.86E-05,4.99E-05,4.63E-05,4.93E-05,4.32E-05,4.42E-05,4.43E-05,4.10E-05,4.25E-05,4.53E-05,4.47E-05,4.69E-05
YIR026C,2.31E-05,2.63E-05,2.87E-05,2.70E-05,2.76E-05,2.55E-05,2.41E-05,2.31E-05,2.32E-05,2.09E-05,2.32E-05,2.53E-05,2.62E-05,2.43E-05
YIR034C,0.000874158,0.000867132,0.00086436,0.000858546,0.000859885,0.000818363,0.000788286,0.000755041,0.000756767,0.000790311,0.000812634,0.000822782,0.000870537,0.000893483
YIR036C,0.00010046,9.56E-05,9.75E-05,9.54E-05,7.72E-05,7.38E-05,7.10E-05,7.69E-05,7.71E-05,7.11E-05,6.80E-05,6.52E-05,6.52E-05,6.23E-05
YIR037W,0.000118102,0.000113951,0.000107058,0.0001128,8.29E-05,9.46E-05,8.08E-05,8.51E-05,8.53E-05,8.39E-05,7.85E-05,7.21E-05,7.30E-05,7.43E-05
YJL001W,0.00017307,0.000171793,0.000180226,0.000186147,0.000151523,0.000128003,0.000143973,0.000152677,0.000153025,0.000140203,0.000142001,0.000145081,0.000144697,0.000141615
YJL002C,3.71E-05,2.21E-05,3.70E-05,2.96E-05,3.57E-05,3.61E-05,3.34E-05,3.49E-05,3.49E-05,3.66E-05,3.35E-05,3.59E-05,3.57E-05,3.66E-05
YJL008C,0.000520991,0.000509308,0.00052644,0.000548524,0.000520467,0.000511431,0.000492907,0.000508107,0.000509267,0.000486376,0.000498654,0.000496842,0.000506075,0.000497385
YJL010C,0.000175369,0.000186656,0.000174937,0.000180183,0.000187346,0.00019247,0.000150811,0.000147956,0.000148294,0.00015402,0.000139096,0.000145686,0.000156037,0.000148613
YJL012C,4.07E-05,3.89E-05,4.45E-05,4.04E-05,4.49E-05,4.32E-05,5.03E-05,5.03E-05,5.04E-05,5.59E-05,5.68E-05,5.36E-05,5.44E-05,5.25E-05
YJL014W,0.000401332,0.000394639,0.000417987,0.000421421,0.000427727,0.000402997,0.000388414,0.000406862,0.000407792,0.000374982,0.000408948,0.000396555,0.0003935,0.000385886
YJL020C,0.000311776,0.000305159,0.000298811,0.000301379,0.000258533,0.000240028,0.000223001,0.000225447,0.000225961,0.000206438,0.000203909,0.000189931,0.000192531,0.000184991
YJL026W,0.001237208,0.001212729,0.001037864,0.000952545,0.000803665,0.000635239,0.000456638,0.000447592,0.000448613,0.000459095,0.000465665,0.000447892,0.000433069,0.000440694
YJL033W,3.81E-05,4.10E-05,4.71E-05,4.72E-05,5.15E-05,4.65E-05,3.73E-05,3.43E-05,3.44E-05,4.23E-05,4.00E-05,4.05E-05,3.66E-05,4.11E-05
YJL034W,0.000870339,0.000854356,0.000907824,0.000922913,0.000762046,0.000697942,0.000859313,0.000854922,0.000856864,0.000823124,0.00083493,0.000834743,0.000901412,0.000852473
YJL039C,2.80E-05,3.18E-05,3.48E-05,2.73E-05,3.67E-05,3.15E-05,2.58E-05,2.82E-05,2.82E-05,2.88E-05,2.79E-05,2.18E-05,2.51E-05,2.62E-05
YJL042W,1.92E-05,1.48E-05,9.29E-06,2.19E-05,1.54E-05,1.44E-05,2.04E-05,2.39E-05,2.40E-05,2.12E-05,2.22E-05,1.86E-05,1.81E-05,1.75E-05
YJL045W,0,0,0,0,0,0,0,0,0,0,0,0,0,0
YJL050W,9.39E-05,0.000101915,0.000100865,0.000104474,0.000107644,0.000111346,0.000107137,0.000113504,0.000113763,0.000104295,0.000119073,0.000113523,0.000117754,0.000113932
YJL052W,0.001473408,0.001415711,0.000838746,0.000853278,0.000236023,0.00025206,0.000311487,0.000317909,0.000318632,0.000391775,0.000296065,0.000290525,0.0002396,0.000211522
YJL054W,4.52E-05,4.46E-05,4.93E-05,4.36E-05,5.04E-05,5.43E-05,5.53E-05,5.50E-05,5.51E-05,5.46E-05,5.36E-05,5.34E-05,5.11E-05,5.11E-05
YJL055W,9.89E-05,0.000103968,9.67E-05,9.37E-05,9.48E-05,9.03E-05,8.42E-05,8.51E-05,8.53E-05,8.07E-05,7.71E-05,7.68E-05,7.49E-05,8.31E-05
YJL060W,0.00029877,0.000292389,0.000299825,0.000294222,0.000287897,0.000275375,0.00027647,0.000274256,0.000274884,0.000264599,0.000292081,0.000287268,0.000295033,0.000285269
YJL061W,1.87E-05,1.96E-05,1.94E-05,2.12E-05,2.00E-05,1.72E-05,1.50E-05,1.79E-05,1.79E-05,1.82E-05,1.61E-05,1.50E-05,1.62E-05,1.53E-05
YJL063C,7.52E-05,7.85E-05,7.94E-05,8.48E-05,9.56E-05,0.000102362,0.000103364,0.000108663,0.000108912,0.000115947,0.000111656,0.000116732,0.000122622,0.000121501
YJL066C,7.63E-05,7.50E-05,6.85E-05,6.76E-05,6.68E-05,7.10E-05,7.04E-05,7.04E-05,7.06E-05,7.20E-05,5.61E-05,6.17E-05,5.43E-05,5.27E-05
YJL068C,0.000113881,0.000111787,0.000113366,0.000111229,0.000102285,8.90E-05,8.44E-05,8.69E-05,8.71E-05,0.00010074,8.29E-05,8.23E-05,8.59E-05,8.22E-05
YJL074C,2.43E-05,3.25E-05,3.67E-05,3.05E-05,3.95E-05,3.45E-05,2.93E-05,2.65E-05,2.65E-05,2.16E-05,2.35E-05,2.57E-05,2.28E-05,2.66E-05
YJL076W,5.60E-05,4.95E-05,5.73E-05,5.60E-05,5.23E-05,5.22E-05,5.46E-05,5.63E-05,5.64E-05,5.33E-05,5.41E-05,5.11E-05,5.66E-05,5.37E-05
YJL080C,0.000933191,0.000924184,0.000955322,0.000963761,0.001023769,0.001030062,0.001110799,0.001127092,0.001129663,0.001077915,0.001137605,0.001111239,0.001142609,0.001168828
YJL081C,3.47E-05,3.30E-05,3.51E-05,3.35E-05,2.99E-05,2.95E-05,2.75E-05,2.89E-05,2.89E-05,2.58E-05,2.53E-05,2.51E-05,2.57E-05,2.76E-05
YJL082W,2.63E-05,2.49E-05,2.88E-05,3.00E-05,2.62E-05,2.24E-05,1.90E-05,1.94E-05,1.94E-05,1.65E-05,1.86E-05,1.64E-05,1.74E-05,1.71E-05
YJL088W,0.000826971,0.000859143,0.000841911,0.000832487,0.000831208,0.000835159,0.000760469,0.000735476,0.000737158,0.000714806,0.00077542,0.000760271,0.00073504,0.000752662
YJL101C,5.74E-05,5.74E-05,5.98E-05,6.11E-05,5.54E-05,5.91E-05,6.67E-05,7.26E-05,7.28E-05,7.52E-05,8.12E-05,8.48E-05,8.92E-05,9.25E-05
YJL104W,4.18E-05,3.95E-05,4.17E-05,4.97E-05,5.43E-05,5.54E-05,6.16E-05,5.74E-05,5.75E-05,6.51E-05,6.46E-05,5.94E-05,5.92E-05,6.00E-05
YJL109C,0.000107852,0.00010644,0.000115431,0.000119749,0.000132789,0.000131362,0.000133621,0.00013138,0.00013168,0.000120797,0.000131446,0.000122999,0.00012842,0.00012758
YJL111W,0.000383048,0.000386174,0.000393291,0.000386356,0.000415802,0.00038898,0.000369254,0.000374194,0.000375049,0.000343184,0.000356396,0.000338914,0.000348222,0.000342156
YJL112W,2.14E-05,2.23E-05,2.27E-05,9.42E-06,2.36E-05,2.88E-05,3.78E-05,3.63E-05,3.64E-05,3.43E-05,3.09E-05,3.62E-05,3.31E-05,2.91E-05
YJL117W,5.75E-05,5.46E-05,5.93E-05,5.57E-05,5.25E-05,5.17E-05,4.81E-05,5.43E-05,5.44E-05,4.71E-05,4.55E-05,4.72E-05,4.72E-05,4.55E-05
YJL121C,0.000154936,0.000158835,0.000153289,0.000152616,0.00014777,0.000152857,0.000133344,0.000142504,0.00014283,0.000146882,0.000141327,0.000135151,0.000135294,0.000147665
YJL123C,0.000139331,0.000135687,0.000131054,0.000145744,0.000122966,0.000124916,0.000109617,0.000112528,0.000112784,0.000104989,0.000110206,1.00E-04,0.000101787,9.77E-05
YJL124C,2.12E-05,2.30E-05,2.44E-05,2.35E-05,2.37E-05,2.46E-05,2.13E-05,2.20E-05,2.20E-05,2.28E-05,2.29E-05,1.89E-05,1.93E-05,2.14E-05
YJL125C,2.63E-05,2.77E-05,2.87E-05,2.82E-05,2.65E-05,2.90E-05,2.68E-05,2.51E-05,2.52E-05,2.14E-05,2.68E-05,2.65E-05,2.74E-05,2.79E-05
YJL128C,2.72E-05,2.72E-05,2.86E-05,2.85E-05,2.57E-05,2.61E-05,3.37E-05,3.04E-05,3.05E-05,2.46E-05,2.98E-05,2.64E-05,2.79E-05,2.84E-05
YJL130C,0.004923831,0.004900565,0.005080789,0.004960094,0.004994109,0.005299922,0.005655904,0.00577282,0.005785988,0.00574271,0.005896447,0.005859259,0.005826925,0.005948279
YJL136C,0.000105721,0.000103816,0.000118973,0.000111616,0.000120627,0.000121763,0.000121167,0.000140996,0.000141318,0.000146957,0.000149319,0.000154075,0.000166188,0.00017028
YJL137C,1.51E-05,1.32E-05,1.24E-05,1.19E-05,1.25E-05,1.41E-05,1.54E-05,1.48E-05,1.48E-05,1.32E-05,1.21E-05,1.28E-05,1.07E-05,1.03E-05
YJL140W,4.59E-05,5.07E-05,4.89E-05,4.96E-05,4.85E-05,5.29E-05,3.81E-05,4.77E-05,4.78E-05,3.62E-05,4.73E-05,4.46E-05,4.94E-05,4.84E-05
YJL145W,7.60E-05,7.80E-05,9.17E-05,8.88E-05,9.03E-05,7.94E-05,7.38E-05,7.58E-05,7.60E-05,6.56E-05,6.13E-05,6.09E-05,6.92E-05,6.57E-05
YJL148W,4.69E-05,5.18E-05,4.86E-05,4.75E-05,5.26E-05,5.02E-05,4.67E-05,4.58E-05,4.60E-05,4.50E-05,4.74E-05,4.16E-05,4.63E-05,4.79E-05
YJL153C,0.000858039,0.000877085,0.000895108,0.000860837,0.000931539,0.001277153,0.001621375,0.001547511,0.001551042,0.001326015,0.00126389,0.001232945,0.001202891,0.00110794
YJL154C,1.65E-05,1.77E-05,1.52E-05,1.67E-05,1.48E-05,1.13E-05,1.55E-05,1.37E-05,1.37E-05,1.30E-05,1.12E-05,1.27E-05,1.40E-05,1.33E-05
YJL155C,3.44E-05,3.43E-05,2.58E-05,3.65E-05,2.85E-05,2.86E-05,2.34E-05,2.36E-05,2.37E-05,1.90E-05,1.95E-05,2.15E-05,1.94E-05,1.78E-05
YJL158C,0.000555608,0.000568688,0.000495567,0.000540701,0.000438497,0.000401519,0.000458447,0.000504567,0.000505716,0.000510904,0.000533461,0.000532402,0.000471498,0.000435659
YJL165C,1.79E-05,1.57E-05,1.64E-05,1.39E-05,1.22E-05,1.57E-05,1.71E-05,1.69E-05,1.69E-05,1.63E-05,1.26E-05,1.21E-05,1.39E-05,1.53E-05
YJL166W,0.000253968,0.000258508,0.000238817,0.000246055,0.000252175,0.000256554,0.000230522,0.000220275,0.00022078,0.000320663,0.000177141,0.000220016,0.00023157,0.00026226
YJL167W,0.001374557,0.001343178,0.001372597,0.001401945,0.001232474,0.001171912,0.001205852,0.001190111,0.001192825,0.001292695,0.001193213,0.001247415,0.001227893,0.001250508
YJL171C,2.30E-05,2.53E-05,2.59E-05,2.53E-05,2.44E-05,2.41E-05,2.05E-05,2.29E-05,2.29E-05,2.42E-05,2.19E-05,2.22E-05,2.23E-05,2.62E-05
YJL172W,0.000151494,0.000151098,0.000141975,0.00014198,0.000124096,9.80E-05,8.02E-05,7.45E-05,7.47E-05,7.77E-05,7.24E-05,7.01E-05,7.41E-05,7.51E-05
YJL173C,6.87E-05,6.57E-05,6.42E-05,7.19E-05,6.19E-05,6.05E-05,5.19E-05,5.16E-05,5.17E-05,4.79E-05,4.94E-05,5.25E-05,5.24E-05,5.02E-05
YJL176C,3.27E-05,2.83E-05,3.16E-05,3.40E-05,3.05E-05,2.93E-05,2.93E-05,2.80E-05,2.81E-05,2.62E-05,2.87E-05,2.40E-05,2.35E-05,2.43E-05
YJL177W,0.000202431,0.000190923,0.000213031,0.000219318,0.000251484,0.000232492,0.000243879,0.000224738,0.000225255,0.00022242,0.000241346,0.000252496,0.000230413,0.000252758
YJL178C,3.69E-05,3.55E-05,3.40E-05,3.41E-05,3.11E-05,2.72E-05,2.64E-05,2.34E-05,2.34E-05,2.84E-05,2.77E-05,2.92E-05,2.85E-05,2.76E-05
YJL180C,4.23E-05,4.38E-05,4.77E-05,4.81E-05,5.54E-05,5.95E-05,6.67E-05,6.53E-05,6.55E-05,6.54E-05,6.97E-05,6.26E-05,6.28E-05,6.30E-05
YJL183W,6.83E-05,7.02E-05,6.70E-05,6.72E-05,7.38E-05,7.58E-05,7.60E-05,7.41E-05,7.43E-05,7.10E-05,6.58E-05,6.81E-05,6.96E-05,6.81E-05
YJL186W,0.000101969,9.93E-05,0.000103479,0.000105584,0.000105372,9.57E-05,7.80E-05,6.97E-05,6.99E-05,6.63E-05,6.89E-05,6.84E-05,6.54E-05,6.90E-05
YJL200C,0.001076498,0.001053603,0.001015677,0.001047629,0.001016332,0.00107789,0.001175498,0.001196456,0.001199193,0.001279668,0.001373247,0.001354608,0.001347919,0.001368815
YJL201W,1.29E-05,1.29E-05,1.33E-05,1.66E-05,1.38E-05,2.00E-05,1.81E-05,1.79E-05,1.79E-05,1.90E-05,1.76E-05,1.68E-05,1.66E-05,1.73E-05
YJL207C,1.70E-05,1.93E-05,2.01E-05,2.28E-05,1.90E-05,1.68E-05,1.64E-05,1.99E-05,1.99E-05,1.77E-05,2.05E-05,2.31E-05,2.23E-05,1.90E-05
YJL208C,6.91E-05,7.12E-05,7.27E-05,6.48E-05,8.60E-05,9.06E-05,9.73E-05,9.88E-05,9.90E-05,9.10E-05,8.92E-05,9.04E-05,9.22E-05,8.77E-05
YJL213W,3.65E-05,3.95E-05,3.92E-05,4.26E-05,4.36E-05,4.07E-05,3.27E-05,3.29E-05,3.29E-05,3.87E-05,3.94E-05,4.01E-05,4.01E-05,3.93E-05
YJL217W,0.000236438,0.000246315,0.000205626,0.000214233,0.000221587,0.000186234,0.000137921,0.000138662,0.000138979,0.000137229,0.000130733,0.000121709,0.000125143,0.000119035
YJR002W,4.39E-05,4.17E-05,4.79E-05,5.82E-05,5.26E-05,5.00E-05,4.51E-05,4.82E-05,4.83E-05,5.10E-05,4.96E-05,5.24E-05,5.44E-05,5.47E-05
YJR005W,1.55E-05,1.60E-05,1.50E-05,1.52E-05,1.69E-05,1.67E-05,1.53E-05,1.45E-05,1.45E-05,1.37E-05,1.38E-05,1.22E-05,1.28E-05,1.16E-05
YJR007W,0.000431965,0.000427774,0.000460342,0.000447014,0.000439041,0.000439036,0.000382426,0.000395124,0.000396025,0.000375663,0.000397167,0.000368821,0.000381593,0.000373774
YJR009C,0.000263718,0.000266909,0.000237303,0.000227505,0.000200696,0.000162188,0.000378179,0.000449663,0.000450684,0.000434155,0.000492816,0.000449118,0.000429745,0.000420392
YJR010W,0.001249613,0.001275286,0.001362854,0.00133905,0.001545513,0.00154038,0.001553297,0.001560421,0.001563997,0.00165723,0.001530955,0.001597365,0.001549639,0.001549257
YJR014W,6.07E-05,5.82E-05,6.93E-05,5.98E-05,7.31E-05,6.87E-05,6.61E-05,6.45E-05,6.47E-05,5.71E-05,5.39E-05,5.76E-05,6.27E-05,6.03E-05
YJR016C,0.001554387,0.001552774,0.00145361,0.001429014,0.001415372,0.001425846,0.001609748,0.00163115,0.001634875,0.0016866,0.001766252,0.001773573,0.001791417,0.001804056
YJR017C,6.15E-05,5.82E-05,5.85E-05,5.78E-05,5.68E-05,4.81E-05,5.21E-05,5.09E-05,5.10E-05,4.64E-05,5.05E-05,4.61E-05,5.01E-05,4.08E-05
YJR019C,0.000141342,0.000140542,0.000122176,0.000120289,0.000122857,0.000112626,7.09E-05,7.11E-05,7.12E-05,6.99E-05,5.75E-05,5.52E-05,4.43E-05,4.78E-05
YJR024C,2.00E-05,1.77E-05,2.30E-05,2.18E-05,2.11E-05,1.95E-05,1.63E-05,1.58E-05,1.58E-05,1.68E-05,1.54E-05,1.45E-05,1.50E-05,1.71E-05
YJR025C,0.00027146,0.000264264,0.000246286,0.00025682,0.000207648,0.000199789,0.00019747,0.000201225,0.000201685,0.000182496,0.00019156,0.000197341,0.000185599,0.0001737
YJR042W,1.76E-05,1.70E-05,1.83E-05,1.61E-05,1.90E-05,1.54E-05,1.70E-05,1.73E-05,1.73E-05,1.49E-05,1.61E-05,1.55E-05,1.44E-05,1.53E-05
YJR045C,0.004700017,0.004717014,0.004912278,0.004963289,0.005545763,0.006347331,0.007418992,0.007573492,0.00759076,0.007466344,0.007453928,0.007525517,0.007052097,0.006929507
YJR048W,0.000878174,0.000910863,0.000893385,0.000873273,0.001149696,0.00126887,0.001684144,0.001600865,0.001604517,0.001915652,0.001595052,0.00166788,0.001565281,0.001579212
YJR051W,2.51E-05,2.54E-05,2.56E-05,2.80E-05,2.28E-05,2.30E-05,1.89E-05,1.96E-05,1.96E-05,2.07E-05,2.05E-05,1.93E-05,1.81E-05,1.88E-05
YJR059W,2.67E-05,2.62E-05,2.41E-05,2.60E-05,2.09E-05,2.00E-05,2.37E-05,2.84E-05,2.85E-05,2.74E-05,2.70E-05,2.61E-05,2.62E-05,2.62E-05
YJR060W,1.64E-05,1.41E-05,1.56E-05,1.47E-05,1.72E-05,1.56E-05,1.40E-05,1.27E-05,1.27E-05,1.19E-05,1.37E-05,1.24E-05,1.17E-05,1.24E-05
YJR064W,0.000475136,0.000499953,0.000491335,0.00051573,0.000507895,0.000484328,0.000456167,0.00048503,0.000486135,0.000480119,0.000480291,0.000459441,0.000488312,0.000460434
YJR065C,0.000347032,0.000338621,0.00033462,0.000342877,0.000318425,0.000300129,0.00029375,0.000307621,0.000308324,0.000293061,0.000276086,0.000273385,0.000279694,0.000274823
YJR068W,3.55E-05,3.73E-05,3.69E-05,3.48E-05,3.84E-05,3.48E-05,3.48E-05,3.14E-05,3.15E-05,2.84E-05,2.82041E-05,2.96E-05,2.97E-05,2.87E-05
YJR069C,0.000134015,0.000138906,0.000134446,0.00014702,0.000142454,0.000144511,0.000131965,0.000135914,0.000136224,0.000137206,0.000136482,0.000129416,0.000127368,0.00013265
YJR070C,0.000462187,0.000462487,0.000464365,0.000490619,0.000536727,0.000563874,0.000577462,0.000577448,0.000578766,0.000566761,0.000574829,0.000589358,0.000606478,0.000582926
YJR072C,5.88E-05,5.68E-05,6.57E-05,6.34E-05,6.21E-05,5.31E-05,5.28E-05,5.63E-05,5.65E-05,4.99E-05,5.28E-05,5.11E-05,5.42E-05,5.41E-05
YJR075W,1.92E-05,1.99E-05,1.73E-05,2.07E-05,1.70E-05,1.88E-05,2.01E-05,1.67E-05,1.68E-05,1.87E-05,2.01E-05,1.82E-05,1.87E-05,2.01E-05
YJR076C,8.52E-05,8.66E-05,8.30E-05,8.88E-05,8.46E-05,8.10E-05,8.44E-05,8.34E-05,8.36E-05,7.75E-05,8.64E-05,8.06E-05,8.97E-05,8.04E-05
YJR077C,0.003867529,0.003862944,0.004015073,0.003869957,0.00447397,0.004484845,0.004080715,0.004123166,0.004132571,0.004038552,0.00377525,0.00389248,0.003729075,0.003611521
YJR080C,9.75E-05,9.73E-05,0.000101246,9.89E-05,0.0001114,0.000116403,0.000122026,0.000126385,0.000126674,0.000115942,0.000109357,0.000114638,0.000103223,9.56E-05
YJR088C,3.82E-05,3.38E-05,3.64E-05,3.18E-05,2.93E-05,2.94E-05,2.75E-05,2.72E-05,2.73E-05,2.66E-05,2.61E-05,2.51E-05,2.43E-05,2.66E-05
YJR093C,1.49E-05,1.32E-05,1.50E-05,1.34E-05,1.57E-05,1.38E-05,1.70E-05,1.68E-05,1.68E-05,1.46E-05,1.51E-05,1.34E-05,1.42E-05,1.30E-05
YJR095W,0.000458754,0.000453059,0.000446095,0.000426266,0.000415177,0.000350558,0.000216591,0.000190308,0.000190742,0.000147526,6.46E-05,6.97E-05,1.88E-05,1.59E-05
YJR101W,8.99E-05,9.44609E-05,8.97E-05,9.32E-05,0.000108495,0.000128594,0.000132841,0.000147255,0.000147591,0.000148263,0.000134393,0.000128122,0.00012568,0.000128509
YJR103W,4.61E-05,4.50E-05,4.68E-05,4.69E-05,3.92E-05,3.83E-05,4.03E-05,3.29E-05,3.30E-05,3.82E-05,3.61E-05,3.65E-05,3.38E-05,3.27E-05
YJR104C,0.002564787,0.002434227,0.002521204,0.002499962,0.002514141,0.003002826,0.003772062,0.003779512,0.003788116,0.003727215,0.003612367,0.00364473,0.003690781,0.003770997
YJR105W,0.001299637,0.00128373,0.001343696,0.001288291,0.001386632,0.001396211,0.001362484,0.001352201,0.001355296,0.001355154,0.00134666,0.001325616,0.001350489,0.001360573
YJR109C,0.001575922,0.001543521,0.001422469,0.001408193,0.001040437,0.000941528,0.001015762,0.001036923,0.00103929,0.001073022,0.001139839,0.001141859,0.001115351,0.001173871
YJR113C,4.95E-05,4.96E-05,5.32E-05,5.14E-05,5.92E-05,5.67E-05,7.20E-05,7.27E-05,7.29E-05,6.62E-05,7.42E-05,7.25E-05,7.67E-05,7.69E-05
YJR117W,0.000226972,0.000214363,0.00021678,0.000212293,0.000213061,0.000198776,0.000187772,0.000179523,0.000179934,0.000172192,0.000179126,0.00017099,0.000177608,0.00018435
YJR121W,0.009817992,0.010129666,0.010121359,0.009762273,0.010855811,0.011695502,0.012133982,0.01197285,0.012000234,0.011816982,0.011102102,0.010964588,0.010708276,0.010580326
YJR122W,2.37E-05,2.47E-05,2.50E-05,2.70E-05,2.76E-05,2.83E-05,2.13E-05,2.20E-05,2.21E-05,2.23E-05,2.42E-05,2.29E-05,2.16E-05,2.24E-05
YJR123W,0.002152439,0.002249776,0.002356515,0.002515168,0.002629157,0.002645973,0.002982144,0.002907715,0.002914338,0.003138965,0.003145049,0.003269403,0.003438024,0.003397168
YJR125C,9.28E-05,9.17E-05,8.94E-05,8.70E-05,9.20E-05,8.49E-05,8.78E-05,8.63E-05,8.65E-05,8.53E-05,7.88E-05,8.04E-05,8.39E-05,8.18E-05
YJR133W,0.000119594,0.000131949,0.000124584,0.000141201,0.000144627,0.000159001,0.000132116,0.000140792,0.000141115,0.000160148,0.000138793,0.00013025,0.000135273,0.000130843
YJR135W-A,8.10E-05,8.17E-05,8.21E-05,8.17E-05,9.19E-05,9.69E-05,9.56E-05,9.91E-05,9.93E-05,0.000101178,9.71E-05,9.77E-05,9.23E-05,8.74E-05
YJR137C,0.003329198,0.003358615,0.003384983,0.003318075,0.003805542,0.003860748,0.003942307,0.004051418,0.004060679,0.004078043,0.004240714,0.004178497,0.004244482,0.004181175
YJR139C,0.001464068,0.00148602,0.001518362,0.001551699,0.00155168,0.001485417,0.001449418,0.001459882,0.001463212,0.001395436,0.001452815,0.00141553,0.001454939,0.001439915
YJR143C,4.47E-05,4.69E-05,4.86E-05,3.99E-05,5.16E-05,4.31635E-05,4.75E-05,5.20E-05,5.21E-05,4.64E-05,4.48E-05,5.05E-05,4.89E-05,5.13E-05
YJR144W,9.13E-05,9.99E-05,9.70E-05,9.57E-05,9.05E-05,7.56E-05,7.71E-05,7.84E-05,7.86E-05,7.64E-05,7.59E-05,7.76E-05,7.35E-05,7.65E-05
YJR148W,0.000254739,0.000251643,0.000200604,0.000251084,0.000252164,0.000191728,3.65E-05,3.47E-05,3.48E-05,3.99E-05,2.58E-05,2.36E-05,2.32E-05,2.94E-05
YJR158W,7.29E-05,7.82E-05,7.78E-05,0,9.42E-05,8.81E-05,7.90E-05,8.07E-05,8.09E-05,3.73E-05,7.84E-05,6.98E-05,8.59E-05,7.25E-05
YKL001C,0.000608566,0.000596737,0.000635783,0.000609856,0.000726468,0.000679525,0.00067026,0.00070171,0.000703314,0.000700334,0.000730211,0.000674062,0.000717328,0.000737719
YKL003C,1.14E-05,1.24E-05,1.06E-05,1.32E-05,1.43E-05,1.55E-05,1.74E-05,1.79E-05,1.79E-05,1.86E-05,1.78E-05,1.78E-05,1.78E-05,1.87E-05
YKL006W,0,0,0,0,7.90E-05,8.34E-05,0,0,0,9.33E-05,0,0,0,0
YKL007W,9.13E-05,0.00010039,8.64E-05,8.78E-05,8.97E-05,8.14E-05,7.32E-05,7.47E-05,7.49E-05,6.88E-05,7.04E-05,7.34E-05,7.25E-05,7.58E-05
YKL009W,0.000132567,0.000137667,0.000140249,0.000148399,0.000159159,0.000153813,0.000139245,0.000136702,0.000137014,0.000136924,0.000143197,0.000144817,0.000138641,0.000143804
YKL013C,0.000128485,0.000127809,0.000119033,0.000131988,0.000117822,0.000107834,0.000105461,9.99E-05,0.000100178,0.000101588,9.87E-05,9.87E-05,9.45E-05,9.19E-05
YKL014C,2.38E-05,2.32E-05,2.13E-05,2.69E-05,2.66E-05,3.10E-05,3.83E-05,3.26E-05,3.27E-05,2.59E-05,3.02E-05,2.51E-05,2.56E-05,3.00E-05
YKL016C,0.000808178,0.000846423,0.000870078,0.000832701,0.0009176,0.000885217,0.000914837,0.000959625,0.000961822,0.000927395,0.000852656,0.00088898,0.000900602,0.000867958
YKL019W,1.24E-05,1.33E-05,1.35E-05,1.37E-05,1.42E-05,1.43E-05,1.32E-05,1.33E-05,1.33E-05,1.14E-05,1.30E-05,1.13E-05,1.07E-05,1.15E-05
YKL021C,6.52E-05,6.50E-05,6.92E-05,7.02E-05,7.11E-05,7.06E-05,6.75E-05,6.72E-05,6.73E-05,6.79E-05,6.75E-05,6.50E-05,6.40E-05,6.59E-05
YKL024C,6.81E-05,6.73E-05,7.25E-05,7.48E-05,7.16E-05,6.98E-05,6.31E-05,6.56E-05,6.58E-05,6.35E-05,6.58E-05,6.25E-05,6.47E-05,6.34E-05
YKL027W,6.35E-05,6.55E-05,6.62E-05,6.59E-05,7.38E-05,6.90E-05,6.29E-05,5.81E-05,5.82E-05,5.48E-05,5.97E-05,5.90E-05,5.79E-05,5.65E-05
YKL029C,0.00037482,0.000388684,0.000379233,0.000369783,0.000434458,0.00047125,0.000429441,0.000438006,0.000439006,0.000450281,0.000447277,0.00045052,0.000452153,0.000444254
YKL033W-A,6.62E-05,6.63E-05,6.79E-05,6.53E-05,6.13E-05,5.70E-05,5.13E-05,4.79E-05,4.80E-05,4.75E-05,4.33E-05,4.32E-05,3.77E-05,4.38E-05
YKL035W,0.00070291,0.000689632,0.000665527,0.00069482,0.000571917,0.000523284,0.000551542,0.000527899,0.000529103,0.000570061,0.000544061,0.000541286,0.000526929,0.000536966
YKL039W,3.81E-05,3.87E-05,4.18E-05,3.74E-05,4.00E-05,3.98E-05,3.64E-05,3.60E-05,3.60E-05,3.20E-05,3.23E-05,3.28E-05,3.53E-05,3.42E-05
YKL040C,8.95E-05,9.34E-05,8.86E-05,8.89E-05,9.14E-05,8.20E-05,7.37E-05,7.71E-05,7.73E-05,7.79E-05,8.05E-05,8.22E-05,7.92E-05,7.64E-05
YKL054C,0.000328695,0.000310585,0.000320424,0.000327324,0.000346464,0.000356466,0.000346307,0.000346281,0.00034707,0.000294216,0.000307677,0.000291315,0.000315284,0.000298084
YKL056C,0.00186218,0.001938726,0.002059653,0.002158509,0.002215008,0.002311468,0.002614306,0.002600558,0.00260648,0.002544876,0.002788608,0.002710083,0.002745013,0.002721415
YKL057C,4.20E-05,4.31E-05,4.28E-05,3.98E-05,4.28E-05,3.85E-05,3.60E-05,3.22E-05,3.22E-05,3.49E-05,3.37E-05,3.59E-05,3.55E-05,3.24E-05
YKL060C,0.016170369,0.016742791,0.014881792,0.015160286,0.015255024,0.015088863,0.013791956,0.013715469,0.013746822,0.014747069,0.014103924,0.014042607,0.0133793,0.013567293
YKL065C,0.000101345,0.000101276,9.48E-05,9.78E-05,8.03E-05,6.08E-05,5.12E-05,5.47E-05,5.48E-05,4.87E-05,5.23E-05,4.69E-05,4.83E-05,4.68E-05
YKL067W,0.000976605,0.000987615,0.000969071,0.000998689,0.000982337,0.001099426,0.001296815,0.001324999,0.001328026,0.001289824,0.001154516,0.001132368,0.001037097,0.000983748
YKL068W,3.02E-05,3.06E-05,2.86E-05,3.07E-05,3.43E-05,3.24E-05,3.34E-05,3.05E-05,3.06E-05,2.93E-05,2.72E-05,2.97E-05,2.85E-05,2.87E-05
YKL080W,0.000289193,0.000269475,0.00027128,0.000281146,0.000286414,0.00027922,0.000274287,0.000282858,0.000283503,0.000283515,0.000277266,0.000288936,0.000299929,0.000304254
YKL081W,0.001747246,0.001825967,0.001890867,0.001905919,0.00209101,0.002223937,0.002295693,0.002309534,0.00231481,0.002314793,0.002375025,0.002338874,0.002434224,0.002473787
YKL085W,0.002471325,0.002523521,0.002537942,0.002482563,0.002761839,0.003131239,0.00363801,0.003553338,0.003561444,0.003545272,0.003278218,0.003269784,0.003110099,0.002940066
YKL091C,9.09E-06,8.96E-06,8.33E-06,9.18E-06,7.24E-06,6.79E-06,7.79E-06,3.40E-06,3.41E-06,7.53E-06,5.65E-06,6.78E-06,5.60E-06,5.36E-06
YKL094W,7.30E-05,7.78E-05,7.69E-05,7.30E-05,6.81E-05,7.53E-05,7.39E-05,7.71E-05,7.73E-05,7.84E-05,6.83E-05,6.94E-05,6.85E-05,6.84E-05
YKL096W,5.86E-05,5.38E-05,6.15E-05,5.05E-05,3.90E-05,2.91E-05,3.15E-05,4.00E-05,4.01E-05,4.36E-05,3.62E-05,4.47E-05,4.19E-05,4.20E-05
YKL103C,0.000251636,0.000243532,0.000241016,0.000243332,0.00015671,0.00015938,0.00017253,0.000169642,0.000170028,0.000176781,0.000160845,0.000168701,0.000163567,0.00016457
YKL104C,0.000626352,0.000626165,0.000641715,0.000642273,0.000569354,0.000557569,0.00049527,0.000496439,0.000497572,0.000491076,0.00046181,0.000469088,0.000446842,0.000457086
YKL112W,8.46E-05,8.04E-05,8.10E-05,8.63E-05,9.02E-05,7.37E-05,7.72E-05,7.68E-05,7.70E-05,6.66E-05,7.09E-05,7.27E-05,7.40E-05,7.06E-05
YKL113C,1.90E-05,2.27E-05,2.29E-05,1.75E-05,1.78E-05,1.75E-05,1.62E-05,1.85E-05,1.86E-05,1.42E-05,1.67E-05,1.65E-05,1.44E-05,1.58E-05
YKL114C,3.14E-05,3.37E-05,3.41E-05,3.59E-05,3.39E-05,3.40E-05,2.86E-05,3.00E-05,3.00E-05,3.09E-05,3.26E-05,2.72E-05,2.76E-05,3.05E-05
YKL117W,0.000470259,0.000459459,0.000467443,0.000474368,0.000428842,0.000401921,0.000422703,0.000412058,0.000412997,0.000414149,0.000400413,0.000402243,0.000384291,0.000381577
YKL120W,0.00014129,0.000145132,0.00014308,0.000156766,0.000165537,0.00016081,0.000153502,0.000147002,0.000147339,0.000134274,0.00014687,0.000141326,0.000145829,0.000148565
YKL122C,2.40E-05,2.25E-05,2.46E-05,2.27E-05,2.38E-05,2.17E-05,1.93E-05,1.98E-05,1.98E-05,2.11E-05,1.94E-05,2.03E-05,1.95E-05,1.94E-05
YKL126W,0.000340172,0.000340248,0.000365268,0.000362587,0.000335291,0.000336063,0.000329898,0.000332944,0.0003337,0.000327726,0.000320503,0.000323455,0.000320295,0.000285127
YKL127W,7.88E-05,8.25E-05,8.76E-05,8.29E-05,8.91E-05,8.11E-05,8.14E-05,8.20E-05,8.22E-05,6.64E-05,8.41E-05,8.11E-05,7.49E-05,7.74E-05
YKL129C,1.02E-05,9.61E-06,1.08E-05,8.73E-06,8.14E-06,9.02E-06,9.70E-06,7.57E-06,7.58E-06,9.14E-06,1.01E-05,8.10E-06,7.98E-06,6.27E-06
YKL130C,2.40E-05,2.45E-05,2.61E-05,2.53E-05,2.33E-05,2.74E-05,2.53E-05,2.87E-05,2.87E-05,2.78E-05,2.89E-05,2.82E-05,2.63E-05,2.58E-05
YKL135C,2.11E-05,2.21E-05,2.18E-05,2.18E-05,2.19E-05,2.04E-05,2.03E-05,2.03E-05,2.04E-05,1.89E-05,1.91E-05,1.9135E-05,1.88E-05,1.82E-05
YKL141W,0.000176576,0.000177329,0.000175181,0.000156804,0.00016845,0.000154639,0.00014979,0.000162862,0.000163233,0.000155358,0.00014721,0.000160899,0.000140038,0.000143688
YKL142W,0.000637327,0.000621385,0.000622266,0.000642143,0.000471726,0.000453508,0.000405141,0.000394967,0.00039587,0.000371541,0.000344196,0.000351038,0.000351142,0.000340932
YKL143W,1.61E-05,1.55E-05,1.82E-05,1.56E-05,2.04E-05,1.89E-05,1.36E-05,1.56E-05,1.57E-05,1.54E-05,1.49E-05,1.32E-05,1.54E-05,1.53E-05
YKL145W,0.000360673,0.000361699,0.000367875,0.000378967,0.000331702,0.00031178,0.000313368,0.000320562,0.000321291,0.000302574,0.000305144,0.000314624,0.000310891,0.000318245
YKL148C,0.001723141,0.00169573,0.001616941,0.001611212,0.001773475,0.001884588,0.002065578,0.0021018,0.002106608,0.002204457,0.001909369,0.001922516,0.001761591,0.001661805
YKL150W,0.00081772,0.000910353,0.000782992,0.00081538,0.000730363,0.000818097,0.000893557,0.000917568,0.000919656,0.001000333,0.000872446,0.000891993,0.000753078,0.00079138
YKL152C,0.004993371,0.004815623,0.004567352,0.004653919,0.003699513,0.004006088,0.004105313,0.003961504,0.003970552,0.004044475,0.004233024,0.004245795,0.004402209,0.004372526
YKL155C,1.61E-05,1.68E-05,1.52E-05,1.67E-05,1.82E-05,2.02E-05,2.18E-05,2.04E-05,2.04E-05,2.33E-05,2.49E-05,2.04E-05,2.33E-05,2.33E-05
YKL157W,0.000448853,0.000457283,0.000463644,0.000460303,0.000382445,0.000346057,0.000319998,0.000313365,0.000314079,0.00031633,0.000305261,0.000307536,0.000294672,0.000282855
YKL170W,2.51E-05,2.24E-05,2.24E-05,2.73E-05,3.04E-05,3.10E-05,3.92E-05,3.51E-05,3.52E-05,3.83E-05,3.30E-05,3.12E-05,3.20E-05,3.25E-05
YKL172W,8.16E-05,7.62E-05,7.97E-05,8.32E-05,8.65E-05,8.05E-05,7.46E-05,7.96E-05,7.97E-05,7.45E-05,7.53E-05,7.76E-05,7.96E-05,8.08E-05
YKL180W,0.000344108,0.000359395,0.000356161,0.000356144,0.000449741,0.000404342,0.000453328,0.000414831,0.000415778,0.000415293,0.000476114,0.00042741,0.000494537,0.00042056
YKL181W,0.000196788,0.00019243,0.000207843,0.00021843,0.000219604,0.000220588,0.000188261,0.000186281,0.000186705,0.00018315,0.000179272,0.000170731,0.000183367,0.000167129
YKL182W,0.008981137,0.008968958,0.008484224,0.008339825,0.007169987,0.007497921,0.007104952,0.007176327,0.007192707,0.007340749,0.006936961,0.006859458,0.006617497,0.006578314
YKL190W,4.36E-05,4.59E-05,4.53E-05,4.20E-05,4.58E-05,2.75E-05,4.10E-05,4.58E-05,4.59E-05,3.63E-05,4.11E-05,3.59E-05,3.76E-05,3.72E-05
YKL191W,3.65E-05,3.69E-05,4.23E-05,4.27E-05,3.99E-05,4.48E-05,4.48E-05,4.24E-05,4.25E-05,4.52E-05,4.39E-05,4.40E-05,4.59E-05,4.28E-05
YKL192C,0.000213994,0.000224665,0.000211547,0.000226517,0.000237802,0.000213445,0.000283609,0.000295838,0.000296509,0.000265845,0.000266593,0.000263771,0.00026072,0.000233786
YKL193C,8.60E-05,8.97E-05,8.32E-05,8.26E-05,6.74E-05,6.81E-05,6.16E-05,5.31E-05,5.32E-05,6.61E-05,6.04E-05,5.52E-05,5.12E-05,5.52E-05
YKL194C,1.54E-05,9.72E-06,1.46E-05,1.37E-05,1.67E-05,1.60E-05,1.88E-05,1.72E-05,1.72E-05,1.57E-05,2.00E-05,1.72E-05,1.56E-05,1.65E-05
YKL195W,0.000372559,0.000376566,0.000360462,0.00036125,0.000382894,0.000426207,0.0004379,0.000448541,0.000449561,0.000432247,0.000409494,0.000397855,0.000399684,0.000373001
YKL196C,0.000232727,0.000232097,0.000234855,0.000235816,0.000237158,0.000227342,0.000212472,0.000199327,0.000199782,0.000198019,0.000190109,0.000202951,0.000191803,0.000201606
YKL204W,0.000104736,9.83E-05,0.00010875,0.000101118,0.000111157,0.000101955,9.59E-05,0.000101836,0.000102069,9.39E-05,9.56E-05,9.10E-05,9.35E-05,9.22E-05
YKL210W,0.001159129,0.001177002,0.001210714,0.00121408,0.001118497,0.001068996,0.001107635,0.001123631,0.001126197,0.001125141,0.001126083,0.001088878,0.001091205,0.001078952
YKL211C,0.000288942,0.000280103,0.00027673,0.000276512,0.000249688,0.000230373,0.000225044,0.00022308,0.000223591,0.000225565,0.000236464,0.000224904,0.00022842,0.000225083
YKL212W,0.0003038,0.000299119,0.000310558,0.000311247,0.000320943,0.00030885,0.000292847,0.000294101,0.000294771,0.000282429,0.000279624,0.000287248,0.000284818,0.000287874
YKL213C,9.38E-05,8.66013E-05,8.99E-05,9.16E-05,8.54E-05,8.13E-05,8.76E-05,8.19E-05,8.21E-05,7.89E-05,7.82E-05,7.88E-05,7.72E-05,7.54095E-05
YKL214C,3.40E-05,3.06E-05,3.24E-05,3.45E-05,3.31E-05,3.09E-05,3.24E-05,3.46E-05,3.47E-05,3.33E-05,3.20E-05,3.15E-05,3.18E-05,2.94E-05
YKL215C,5.33E-05,5.56E-05,5.86E-05,5.32E-05,4.92E-05,4.70E-05,4.74E-05,4.19E-05,4.20E-05,3.85E-05,4.31E-05,4.30E-05,4.25E-05,3.95E-05
YKL216W,7.81E-05,8.58E-05,8.76E-05,9.17E-05,0.000101786,9.06E-05,0.000101212,0.000104005,0.000104243,0.000124491,0.000106411,0.000107431,0.000112135,0.00012008
YKL217W,0.00060608,0.000628044,0.000558883,0.000599834,0.000637834,0.000435722,0.000151879,0.000147389,0.000147726,0.000125137,8.53E-05,7.02E-05,6.22E-05,5.15E-05
YKR001C,0.000590177,0.000565772,0.000580152,0.000576313,0.000538794,0.000507292,0.000481807,0.000488399,0.000489518,0.00045271,0.000433815,0.000441719,0.000432766,0.000436937
YKR002W,3.47E-05,3.67E-05,3.79E-05,3.87E-05,3.91E-05,3.53E-05,3.32E-05,3.37E-05,3.38E-05,3.28E-05,3.36E-05,3.04E-05,3.41E-05,2.92E-05
YKR006C,9.54E-05,9.48E-05,9.03E-05,9.02E-05,0.000111407,0.000122288,0.000131974,0.000139388,0.000139706,0.000115757,0.000134274,0.000121607,0.000129799,0.000122179
YKR007W,1.15E-05,1.28E-05,1.22E-05,1.21E-05,1.41E-05,1.12E-05,1.25E-05,1.26E-05,1.26E-05,1.18E-05,1.13E-05,1.20E-05,1.17E-05,1.03E-05
YKR008W,2.20E-05,2.25E-05,2.26E-05,2.45E-05,2.72E-05,2.08E-05,2.55E-05,2.32E-05,2.32E-05,2.21E-05,2.41E-05,2.43E-05,2.46E-05,2.21E-05
YKR009C,0.00128578,0.001285783,0.001122362,0.00118016,0.000979148,0.000614098,0.000185857,0.00015936,0.000159726,0.00014275,6.62E-05,5.65E-05,3.67E-05,4.92E-05
YKR014C,7.58E-05,7.50E-05,7.56E-05,7.24E-05,7.28E-05,6.33E-05,5.50E-05,5.81E-05,5.82E-05,5.59E-05,5.56E-05,5.67E-05,5.80E-05,5.41E-05
YKR016W,0.000474716,0.00045849,0.000463125,0.000479305,0.000504319,0.000542305,0.00056072,0.000563262,0.000564548,0.000542764,0.000495461,0.000500128,0.000464235,0.000464426
YKR018C,0.000151418,0.000164402,0.0001588,0.000152559,0.000133593,0.000134931,0.000122816,0.000138731,0.000139048,0.000130538,0.000129996,0.000125763,0.000122083,0.000122302
YKR038C,2.68E-05,2.63E-05,2.60E-05,2.86E-05,1.67E-05,2.49E-05,2.55E-05,2.25E-05,2.26E-05,2.57E-05,2.39E-05,2.52E-05,2.17E-05,2.22E-05
YKR043C,0.000139723,0.000141373,0.000146447,0.000132425,0.000136026,0.000142388,0.000134046,0.000131419,0.000131719,0.000137679,0.000138243,0.000141111,0.000143534,0.000140497
YKR046C,0.0002097,0.000193972,0.000164592,0.000161992,0.000113014,0.000130938,0.000119224,0.000121532,0.000121809,0.000117361,0.000125992,0.00011838,0.00012142,0.000116006
YKR048C,0.000383025,0.00037837,0.000369974,0.000388836,0.000378556,0.000371708,0.000365377,0.000378945,0.00037981,0.000362891,0.000368365,0.000364759,0.00035785,0.000349585
YKR057W,6.64E-05,7.23E-05,7.36E-05,7.91E-05,7.88E-05,8.29E-05,8.18E-05,8.49E-05,8.51E-05,0.000103748,9.67E-05,0.000110018,0.000117011,0.000117743
YKR059W,0.004621597,0.004659086,0.00479008,0.004681825,0.00513558,0.004945654,0.005185678,0.005225454,0.005237381,0.005034173,0.005160177,0.005151321,0.005316761,0.005333544
YKR060W,1.52E-05,1.87E-05,1.74E-05,1.68E-05,1.61E-05,1.58E-05,1.45E-05,1.57E-05,1.57E-05,1.38E-05,1.62E-05,1.37E-05,1.58E-05,1.76E-05
YKR065C,6.46E-05,6.73E-05,7.15E-05,6.61E-05,6.32E-05,6.46E-05,5.71E-05,5.82E-05,5.83E-05,5.00E-05,5.19E-05,5.22E-05,5.67E-05,5.34E-05
YKR066C,0.000249839,0.000245202,0.000228132,0.000237654,0.000199822,0.000188982,0.000174621,0.000164114,0.000164488,0.000168541,0.000152968,0.000159781,0.000141999,0.000141036
YKR067W,0.000209394,0.000226632,0.000204184,0.000202436,0.000188029,0.000178532,0.000120818,0.000124189,0.000124473,0.000120775,9.73E-05,0.000108153,9.10E-05,9.04E-05
YKR069W,5.35E-05,5.24E-05,6.22E-05,5.71E-05,6.71E-05,6.47E-05,6.09E-05,6.32E-05,6.34E-05,6.29E-05,6.32E-05,5.98E-05,5.93E-05,5.89E-05
YKR070W,1.98E-05,2.15E-05,2.21E-05,2.19E-05,2.01E-05,2.02E-05,1.99E-05,2.21E-05,2.22E-05,2.11E-05,1.98E-05,1.90E-05,2.00E-05,2.40E-05
YKR072C,2.41E-05,2.09E-05,2.40E-05,2.56E-05,2.60E-05,2.32E-05,2.55E-05,2.50E-05,2.50E-05,2.43E-05,2.56E-05,2.58E-05,2.44E-05,2.49E-05
YKR074W,3.61E-05,3.30E-05,3.60E-05,3.76E-05,3.45E-05,3.40E-05,3.58E-05,3.34E-05,3.35E-05,3.26E-05,3.13E-05,3.07E-05,3.09E-05,3.37E-05
YKR080W,0.000212934,0.000215727,0.000216276,0.000201047,0.000210835,0.000194619,0.000208735,0.000211356,0.000211843,0.000201924,0.000222005,0.00022218,0.000227426,0.000231756
YKR081C,4.34E-05,4.23E-05,4.88E-05,4.46E-05,4.94E-05,5.16E-05,3.85E-05,4.46E-05,4.48E-05,4.42E-05,3.91E-05,4.44E-05,4.21E-05,4.54E-05
YKR082W,7.14E-05,7.42E-05,7.34E-05,7.78E-05,7.63E-05,7.41E-05,7.04E-05,7.53361E-05,7.55E-05,6.52E-05,7.18E-05,6.50E-05,6.90E-05,7.33E-05
YKR084C,3.63E-05,3.64E-05,3.98E-05,4.09E-05,3.83E-05,3.92E-05,3.83E-05,4.00E-05,4.01E-05,4.28E-05,4.20E-05,3.71E-05,4.00E-05,3.99E-05
YKR085C,3.38E-05,3.68E-05,4.06E-05,3.23E-05,4.49E-05,4.20E-05,4.96E-05,5.13E-05,5.15E-05,5.15E-05,5.03E-05,4.98E-05,5.56E-05,5.21E-05
YKR094C,2.53E-05,3.24E-05,2.57E-05,4.48E-05,2.64E-05,7.04E-06,5.09E-05,4.89E-05,4.90E-05,3.99E-05,7.24E-05,4.56E-05,5.57E-05,5.84E-05
YKR095W,4.89E-05,4.72E-05,4.55E-05,4.76E-05,4.24E-05,3.98E-05,3.73E-05,3.75E-05,3.76E-05,3.62E-05,3.61E-05,3.43E-05,3.30E-05,3.47E-05
YLL001W,0.000368937,0.000386081,0.000390631,0.000386139,0.000431095,0.00048082,0.00053554,0.000534573,0.000535794,0.000511302,0.000492636,0.000473412,0.000459799,0.000425828
YLL008W,5.65E-05,5.70E-05,5.94E-05,6.15E-05,6.46E-05,6.56E-05,6.25E-05,6.42E-05,6.44E-05,6.35E-05,6.52E-05,6.42E-05,6.72E-05,6.62E-05
YLL010C,9.93E-06,9.12E-06,1.08E-05,1.06E-05,8.79E-06,9.45E-06,9.00E-06,9.48E-06,9.50E-06,9.28E-06,8.71E-06,8.13E-06,8.47E-06,8.51E-06
YLL011W,1.73E-05,1.80E-05,2.21E-05,1.84E-05,2.19E-05,2.12E-05,2.23E-05,2.47E-05,2.48E-05,1.95E-05,2.22E-05,2.28E-05,2.29E-05,2.15E-05
YLL013C,9.97E-05,0.000104377,0.000104487,0.000103572,0.000132888,0.000133868,0.000142317,0.000147446,0.000147783,0.000135423,0.000140767,0.000132023,0.000129854,0.000115552
YLL018C,0.001657346,0.001579505,0.001626972,0.001615424,0.00145688,0.001471214,0.001475053,0.001453168,0.001456481,0.001464503,0.001519972,0.001492453,0.001487189,0.001504388
YLL021W,6.43E-05,6.04E-05,6.76E-05,6.47E-05,7.02E-05,6.86E-05,6.69E-05,7.22E-05,7.24E-05,6.40E-05,6.71E-05,6.90E-05,6.78E-05,6.53E-05
YLL023C,0.000204269,0.000206604,0.000176655,0.000176624,0.000179022,0.000131548,0.000151672,0.000161623,0.00016199,0.000118564,0.000139908,0.000124832,0.000131093,0.000122911
YLL026W,0.002432995,0.002264105,0.00192296,0.001829419,0.000983328,0.001015093,0.001207165,0.001242082,0.001244912,0.001256376,0.00116829,0.0011568,0.001110419,0.001061102
YLL029W,5.90E-05,5.70E-05,6.28E-05,6.71E-05,6.24E-05,5.54E-05,5.22E-05,5.00E-05,5.01E-05,4.72E-05,4.09E-05,4.41E-05,4.89E-05,4.58E-05
YLL036C,2.13E-05,2.30E-05,2.44E-05,2.29E-05,2.21E-05,2.12E-05,2.30E-05,2.40E-05,2.41E-05,2.02E-05,2.27E-05,2.36E-05,2.07E-05,1.94E-05
YLL040C,4.94E-05,5.19E-05,4.98E-05,5.28E-05,4.40E-05,4.26E-05,4.30E-05,4.39E-05,4.40E-05,3.97E-05,3.62E-05,3.51E-05,3.64E-05,3.97E-05
YLL041C,0.00099251,0.001033667,0.000921909,0.000901512,0.000967022,0.001041563,0.001166023,0.00116898,0.001171647,0.001295456,0.001143816,0.001122167,0.001018376,0.000991629
YLL045C,0.000378417,0.000381991,0.000397805,0.000363882,0.000433254,0.00046146,0.000450536,0.000416663,0.000417617,0.000529262,0.000488291,0.000494706,0.000525505,0.000574016
YLL048C,5.51E-05,4.59E-05,5.33E-05,4.97E-05,5.78E-05,4.63E-05,5.30E-05,5.20E-05,5.21E-05,5.01E-05,4.64E-05,5.19E-05,5.42E-05,5.06E-05
YLL050C,0.001275282,0.001396834,0.001279588,0.001312493,0.001264147,0.001329007,0.001307832,0.001279784,0.001282703,0.001242549,0.001244023,0.001269753,0.001278412,0.001275926
YLL062C,0.000121287,0.000130409,0.000142078,0.000126683,0.000161959,0.000182088,0.000166975,0.000159034,0.000159396,0.000171808,0.000159856,0.000160205,0.000143941,0.00014723
YLR002C,1.37E-05,1.10E-05,1.56E-05,1.51E-05,1.52E-05,1.55E-05,1.46E-05,1.10E-05,1.10E-05,1.13E-05,1.27E-05,1.53E-05,1.21E-05,1.31E-05
YLR017W,8.84E-05,8.59E-05,9.05E-05,9.21E-05,9.48E-05,8.75E-05,8.99E-05,9.50E-05,9.52E-05,9.06E-05,9.64E-05,9.35E-05,9.62E-05,9.56E-05
YLR027C,0.001684379,0.00164401,0.001784874,0.001779499,0.001747174,0.001787553,0.001869118,0.001888919,0.001893237,0.001884109,0.001923825,0.00188871,0.001936319,0.001853296
YLR028C,0.000304294,0.000298196,0.000322313,0.00032479,0.000304667,0.000308869,0.000298293,0.000283846,0.000284493,0.000266394,0.000250711,0.000262683,0.000270868,0.000271706
YLR029C,0.002837453,0.00278543,0.00289796,0.003024828,0.003159653,0.003162848,0.003464687,0.003281853,0.003289331,0.003481613,0.003369167,0.003474493,0.003622444,0.00359038
YLR033W,2.65E-05,2.65E-05,2.83E-05,2.79883E-05,2.72E-05,2.54E-05,2.55E-05,2.73E-05,2.73E-05,2.44E-05,2.60E-05,2.55E-05,2.56E-05,2.41E-05
YLR038C,0.000486063,0.000472519,0.000468253,0.000448579,0.000493874,0.000593608,0.000628141,0.000683928,0.000685488,0.000672988,0.000633716,0.000655037,0.000577305,0.00055558
YLR043C,0.001034091,0.000994138,0.00103178,0.001022969,0.001046879,0.001052756,0.001040086,0.001041199,0.001043567,0.001012607,0.001070416,0.001064301,0.000964983,0.001030891
YLR044C,0.010401524,0.009959817,0.010041589,0.009924946,0.00884658,0.009803345,0.01173064,0.01183609,0.011863112,0.012471155,0.01417804,0.014187767,0.016021682,0.016934499
YLR048W,0.000117409,0.000119786,0.000118824,0.00013291,0.000140075,0.00014543,0.000160381,0.000152594,0.000152941,0.000161883,0.000186111,0.0001768,0.000180953,0.00016551
YLR056W,0.000339278,0.000341598,0.000367005,0.000355931,0.000168738,0.000128339,0.000130254,0.000131124,0.000131423,0.000113368,0.000122139,0.000123219,0.000131263,0.000128085
YLR058C,0.004584571,0.004745189,0.004819249,0.005291466,0.005340638,0.005562621,0.006400162,0.006278018,0.006292339,0.00684034,0.007149487,0.007192779,0.007386881,0.007501199
YLR060W,0.000691708,0.000682421,0.000761845,0.000753876,0.000795499,0.000774394,0.000785125,0.0007853,0.000787089,0.000778081,0.000806219,0.000816853,0.000802805,0.000810778
YLR061W,0.000801958,0.000869515,0.000817672,0.000883482,0.000956464,0.000928333,0.000968363,0.001002426,0.001004721,0.000992168,0.001078203,0.001041018,0.001108447,0.001084366
YLR066W,2.85E-05,2.85E-05,3.01E-05,2.93E-05,2.89E-05,2.65E-05,2.20E-05,2.11E-05,2.12E-05,2.15E-05,2.24E-05,2.13E-05,2.16E-05,2.11E-05
YLR069C,0.000258998,0.000261466,0.000262385,0.000265236,0.000337207,0.000351484,0.00033446,0.000320976,0.000321708,0.000352386,0.000335597,0.000317992,0.00031809,0.000329259
YLR074C,9.58E-06,1.02E-05,1.11E-05,1.22E-05,1.47E-05,1.52E-05,1.62E-05,1.68E-05,1.68E-05,1.69E-05,1.97E-05,1.89E-05,1.88E-05,1.97E-05
YLR075W,0.002630408,0.002701614,0.002817241,0.002702098,0.003033806,0.002868991,0.003029092,0.003038794,0.003045736,0.003422555,0.003255904,0.00340953,0.003550216,0.003597885
YLR077W,3.07E-05,3.11E-05,3.20E-05,3.33E-05,3.14E-05,2.73E-05,3.21E-05,3.35E-05,3.36E-05,3.02E-05,2.66E-05,2.61E-05,2.45E-05,2.37E-05
YLR083C,2.04E-05,2.09E-05,2.51E-05,2.13E-05,2.07E-05,2.06E-05,2.01E-05,2.27E-05,2.28E-05,2.10E-05,2.25E-05,2.19E-05,2.14E-05,2.22E-05
YLR089C,0.000343687,0.000328882,0.000331732,0.00033802,0.000301401,0.000233967,0.000170276,0.000173425,0.000173821,0.000174648,0.000168969,0.000162358,0.000167725,0.000163256
YLR090W,3.31E-05,3.61E-05,3.45E-05,3.44E-05,4.42E-05,4.03E-05,2.93E-05,3.08E-05,3.08E-05,3.08E-05,2.88E-05,2.88E-05,3.12E-05,2.84E-05
YLR100W,0.000109604,0.000107084,0.0001162,0.000112949,9.33E-05,7.98E-05,7.75E-05,7.38E-05,7.40E-05,6.60E-05,6.78E-05,6.58E-05,7.12E-05,6.76E-05
YLR106C,0.000230073,0.00022097,0.000239164,0.000241556,0.000254021,0.000248007,0.000194892,0.00020902,0.000209498,0.000193826,0.000211779,0.000201288,0.000201918,0.000202942
YLR109W,0.000652268,0.000700611,0.000561677,0.000522523,0.000309921,0.000338416,0.000468194,0.000486807,0.000487917,0.000492896,0.000460915,0.000497872,0.000468659,0.000497038
YLR113W,0.000176151,0.000191647,0.000193869,0.000202205,0.000213107,0.000210439,0.000206887,0.0002109,0.00021138,0.000221651,0.000201108,0.000212581,0.000196484,0.000197235
YLR114C,1.41E-05,1.25E-05,9.36E-06,1.18E-05,8.44E-06,1.10E-05,8.81E-06,1.19E-05,1.19E-05,1.14E-05,9.31E-06,4.48E-06,9.04E-06,1.03E-05
YLR129W,6.89E-05,6.87E-05,7.63E-05,7.38E-05,7.61E-05,7.88E-05,7.98E-05,7.85E-05,7.87E-05,7.63E-05,7.98E-05,8.00E-05,8.30E-05,7.93E-05
YLR133W,7.71E-05,7.59E-05,7.57E-05,7.73E-05,8.14E-05,7.67E-05,8.60E-05,8.80E-05,8.82E-05,8.84E-05,7.95E-05,8.16E-05,8.78E-05,8.27E-05
YLR150W,0.001815167,0.00179044,0.001956262,0.002127127,0.002210463,0.002053539,0.002293608,0.002401119,0.002406586,0.002389558,0.002634656,0.002621918,0.002659758,0.002534378
YLR153C,0.002636027,0.00263176,0.002764419,0.002737777,0.002627225,0.002763499,0.003312313,0.003305543,0.003313102,0.003338112,0.003229581,0.003342116,0.003180519,0.003202391
YLR163C,4.18E-05,4.12E-05,4.58E-05,4.63E-05,4.75E-05,4.71E-05,4.55E-05,4.27E-05,4.28E-05,4.43E-05,3.96E-05,4.26E-05,4.28E-05,4.21E-05
YLR167W,0.000953827,0.000927327,0.000988643,0.001004338,0.001156626,0.00109144,0.001226287,0.001220722,0.001223505,0.001230698,0.001339659,0.001280421,0.001372948,0.001232561
YLR172C,0.000131281,0.000141236,0.000140192,0.000155275,0.000139675,0.000156985,0.000150186,0.000151754,0.000152099,0.000172351,0.000161322,0.000157441,0.000153138,0.000156671
YLR174W,0.001567922,0.001537571,0.001513949,0.001536028,0.001390384,0.001501888,0.001166082,0.001044444,0.001046829,0.001014046,0.000686961,0.000654497,0.000458488,0.000382132
YLR175W,0.000437765,0.000458663,0.000460127,0.000466817,0.000516874,0.000489186,0.000469115,0.000465296,0.00046636,0.000479303,0.000464747,0.000487131,0.000495606,0.000487387
YLR179C,0.000129076,0.000126896,0.000151407,0.000149287,0.000178316,0.000178558,0.00014394,0.00014315,0.000143477,0.000144069,0.000130985,0.000125155,0.000122321,0.000122512
YLR180W,0.002041353,0.002077107,0.002282197,0.002331203,0.003021364,0.003315979,0.003490411,0.003503624,0.003511637,0.003394962,0.003602946,0.003721938,0.003919589,0.004011846
YLR181C,2.54E-05,2.64E-05,2.42E-05,2.64E-05,2.22E-05,2.00E-05,1.92E-05,1.87E-05,1.87E-05,1.66E-05,1.72E-05,1.49E-05,1.55E-05,1.45E-05
YLR186W,0.000112235,0.000106678,0.00011763,0.000122291,0.000124675,0.000116629,0.000113859,0.000112839,0.000113095,0.000100521,0.000103002,0.000107756,0.000111059,0.000109296
YLR187W,1.13E-05,1.10E-05,1.16E-05,1.20E-05,1.24E-05,1.06E-05,1.13E-05,1.26E-05,1.26E-05,1.49E-05,1.19E-05,1.03E-05,9.70E-06,1.14E-05
YLR192C,0.00017744,0.000183491,0.000194383,0.000190795,0.000210884,0.000188647,0.000194973,0.000201262,0.000201722,0.00017564,0.000174194,0.000181545,0.000196321,0.000188703
YLR195C,6.36E-05,6.49E-05,6.79E-05,6.79E-05,7.19E-05,7.05E-05,7.66E-05,7.27E-05,7.29E-05,7.00E-05,7.33E-05,7.58E-05,7.27E-05,7.35E-05
YLR196W,0.000142015,0.000134719,0.000148763,0.000155644,0.00015166,0.000151542,0.00013626,0.000142007,0.00014233,0.000133038,0.000142851,0.000136494,0.000143977,0.000139477
YLR197W,0.000669269,0.00067684,0.000716232,0.000700563,0.000805101,0.000803091,0.000794962,0.000801827,0.000803658,0.000806212,0.000828859,0.000811566,0.000808858,0.000812367
YLR199C,2.16E-05,2.26E-05,2.34E-05,2.35E-05,2.08E-05,1.79E-05,1.76E-05,1.84E-05,1.85E-05,1.85E-05,2.05E-05,1.59E-05,1.59E-05,1.79E-05
YLR200W,6.88E-05,6.33E-05,6.30E-05,6.92E-05,5.95E-05,6.22E-05,5.57E-05,5.49E-05,5.50E-05,6.28E-05,5.68E-05,5.97E-05,5.99E-05,6.17E-05
YLR203C,0.000116764,0.000123862,0.000122874,0.000130302,0.000139912,0.000138932,0.000135511,0.000132424,0.000132727,0.00014173,0.000132993,0.000135114,0.000132955,0.000135404
YLR205C,1.64E-05,1.20E-05,1.99E-05,2.08E-05,2.23E-05,2.26E-05,2.66E-05,2.80E-05,2.80E-05,2.17E-05,2.03E-05,2.19E-05,2.50E-05,2.40E-05
YLR206W,1.53E-05,1.25E-05,1.20E-05,1.39E-05,1.04E-05,9.47E-06,1.16E-05,9.38E-06,9.40E-06,9.97E-06,3.73E-06,1.17E-05,7.01E-06,7.86E-06
YLR208W,0.00043782,0.000421162,0.000441298,0.000475109,0.000438353,0.000410466,0.000408575,0.000402896,0.000403819,0.000438266,0.000417284,0.000412806,0.000423772,0.000411596
YLR209C,6.81E-05,6.96E-05,6.99E-05,7.29E-05,6.82E-05,6.69E-05,6.60E-05,7.15E-05,7.17E-05,6.88E-05,7.08E-05,6.05E-05,6.54E-05,6.88E-05
YLR212C,3.28E-05,2.96E-05,3.06E-05,3.74E-05,2.93E-05,2.81E-05,3.30E-05,2.67E-05,2.67E-05,3.08E-05,3.07E-05,3.26E-05,3.13E-05,3.18E-05
YLR215C,1.30E-05,1.25E-05,1.52E-05,1.37E-05,1.33E-05,1.44E-05,1.46E-05,1.21E-05,1.21E-05,1.44E-05,1.38E-05,1.44E-05,1.44E-05,1.44E-05
YLR219W,1.78E-05,1.60E-05,1.71E-05,1.73E-05,1.29E-05,1.07E-05,1.21E-05,7.35E-06,7.36E-06,1.18E-05,9.99E-06,9.68E-06,1.17E-05,1.01E-05
YLR220W,4.27E-05,4.30E-05,4.36E-05,4.46E-05,4.52E-05,3.58E-05,4.49E-05,4.51E-05,4.52E-05,4.06E-05,4.52E-05,4.17E-05,4.07E-05,4.03E-05
YLR222C,5.16E-05,5.24E-05,5.92E-05,5.66E-05,6.49E-05,5.96E-05,6.03E-05,6.01E-05,6.03E-05,5.58E-05,6.39E-05,6.15E-05,6.49E-05,6.17E-05
YLR229C,4.66E-05,4.50E-05,5.11E-05,5.22E-05,5.11E-05,4.79E-05,4.44E-05,4.28E-05,4.29E-05,4.25E-05,4.40E-05,3.98E-05,3.98E-05,3.76E-05
YLR231C,6.90E-05,6.38E-05,6.86E-05,5.87E-05,5.84E-05,5.34E-05,6.30E-05,6.39E-05,6.41E-05,6.71E-05,5.72E-05,5.73E-05,5.95E-05,5.78E-05
YLR244C,0.000187455,0.000180762,0.000194124,0.000206726,0.000207141,0.00020427,0.000229074,0.000239268,0.000239814,0.000239832,0.000265001,0.000270167,0.000281525,0.000281842
YLR248W,2.82E-05,2.76E-05,3.17E-05,3.20E-05,2.77E-05,2.82E-05,2.46E-05,2.51E-05,2.51E-05,2.51E-05,2.60E-05,2.39E-05,2.60E-05,2.51E-05
YLR249W,0.007653462,0.007845058,0.008180667,0.008546906,0.009806074,0.01011974,0.010978858,0.011384354,0.011410327,0.011085039,0.011772671,0.011463179,0.011897128,0.012141642
YLR250W,3.77E-05,4.07E-05,3.71E-05,3.66E-05,3.28E-05,3.44E-05,2.52E-05,2.62E-05,2.63E-05,2.37E-05,2.50E-05,2.36E-05,2.67E-05,2.69E-05
YLR257W,5.63E-05,5.51E-05,4.79E-05,5.15E-05,4.04E-05,3.94E-05,4.45E-05,4.09E-05,4.10E-05,4.63E-05,4.28E-05,4.23E-05,4.25E-05,3.89E-05
YLR258W,5.24E-05,3.13E-05,2.93E-05,2.51E-05,9.85E-06,6.26E-06,7.43E-06,9.38E-06,9.40E-06,1.16E-05,4.58E-06,8.20E-06,6.50E-06,5.31E-06
YLR259C,0.005327414,0.005218292,0.005514541,0.005515213,0.006077633,0.006757281,0.007596188,0.00739151,0.007408348,0.007083478,0.00688051,0.006835274,0.006430369,0.006308037
YLR270W,0.000228496,0.000226515,0.000208043,0.000210177,0.000140312,0.000139104,0.000136926,0.000143164,0.000143491,0.000142146,0.000137584,0.000138733,0.00013565,0.000132177
YLR276C,7.11E-05,6.95E-05,7.52E-05,8.20E-05,7.88E-05,7.26E-05,7.18E-05,7.26E-05,7.27E-05,6.82E-05,7.13E-05,7.65E-05,7.14E-05,7.23E-05
YLR285W,1.89E-05,1.87E-05,2.15E-05,1.82E-05,2.54E-05,2.37E-05,2.28E-05,2.45E-05,2.45E-05,2.10E-05,2.54E-05,2.58E-05,2.48E-05,2.68E-05
YLR287C,3.04E-05,3.36E-05,3.32E-05,3.09E-05,3.15E-05,2.87E-05,2.83E-05,2.69E-05,2.69752E-05,2.31E-05,2.68E-05,2.53E-05,2.31E-05,2.44E-05
YLR291C,2.86E-05,2.63E-05,2.71E-05,2.75E-05,2.66E-05,2.26E-05,2.57E-05,2.68E-05,2.68E-05,2.42E-05,2.48E-05,2.75E-05,3.08E-05,2.68E-05
YLR292C,1.54E-05,1.41E-05,1.49E-05,1.50E-05,1.58E-05,1.31E-05,1.37E-05,1.32E-05,1.32E-05,1.45E-05,1.29E-05,1.37E-05,1.26E-05,1.32E-05
YLR293C,0.000975026,0.000956,0.00102812,0.001020827,0.001054446,0.001022908,0.000996006,0.001067983,0.001070414,0.001112289,0.001092519,0.001077351,0.001102738,0.001118095
YLR295C,0.000993933,0.000998006,0.001014075,0.00100911,0.001126238,0.001119659,0.001158085,0.001187179,0.001189884,0.00107643,0.001106301,0.001065135,0.001069076,0.001003284
YLR300W,0.000178144,0.000173177,0.000174837,0.000170851,0.000163532,0.000152205,0.000172191,0.000181112,0.000181527,0.000203183,0.000217382,0.000219802,0.000226752,0.000237701
YLR301W,0.000238145,0.000224891,0.000241448,0.000236976,0.000229034,0.00021771,0.000221881,0.000216352,0.000216846,0.000223842,0.000222727,0.000234717,0.000261579,0.00025177
YLR303W,0.011109584,0.011345283,0.011739398,0.011773547,0.012434102,0.012308372,0.0118296,0.011233805,0.011259492,0.011996966,0.01086444,0.011242411,0.011297876,0.010989359
YLR304C,0.004259385,0.004146646,0.004150223,0.004193385,0.005106037,0.005718989,0.006598838,0.006528377,0.006543303,0.006694331,0.006351039,0.006025996,0.005780221,0.005423354
YLR305C,1.61E-05,1.59E-05,1.61E-05,1.73E-05,1.65E-05,1.57E-05,1.52E-05,1.59E-05,1.59E-05,1.45E-05,1.47E-05,1.64E-05,1.44E-05,1.35E-05
YLR309C,1.66E-05,1.67E-05,1.93E-05,1.57E-05,1.75E-05,2.00E-05,1.95E-05,1.81E-05,1.81E-05,1.59E-05,1.48E-05,1.66E-05,1.42E-05,1.79E-05
YLR312W-A,6.41E-05,6.38E-05,6.67E-05,6.35E-05,7.46E-05,8.92E-05,8.34E-05,8.19E-05,8.21E-05,8.54E-05,8.58E-05,8.46E-05,8.90E-05,8.68E-05
YLR314C,0.00019349,0.000191212,0.000200088,0.000202166,0.000197368,0.000194746,0.000177316,0.000193403,0.000193844,0.000175195,0.000176743,0.000169952,0.000177006,0.000176546
YLR324W,3.59E-05,3.38E-05,3.62E-05,3.67E-05,3.25E-05,3.05E-05,2.82E-05,2.77E-05,2.78E-05,2.44E-05,2.55E-05,2.84E-05,2.59E-05,2.58E-05
YLR325C,0.000874014,0.000822756,0.000902456,0.000875255,0.000997214,0.000994098,0.001049006,0.001049251,0.001051655,0.001004559,0.001140029,0.001122908,0.001141189,0.00119274
YLR328W,2.25E-05,2.01E-05,2.25E-05,1.91E-05,1.82E-05,2.52E-05,2.02E-05,2.06E-05,2.06E-05,1.60E-05,1.54E-05,1.45E-05,1.86E-05,1.63E-05
YLR333C,0.000844713,0.000865022,0.000855721,0.000882418,0.000990768,0.001033458,0.001161245,0.001206819,0.00120956,0.001243651,0.001214397,0.001264864,0.001241962,0.00125063
YLR335W,0.000127294,0.000121171,0.000125802,0.000137112,0.000129986,0.000130448,0.000130807,0.000133203,0.000133507,0.000127121,0.000133038,0.000129255,0.000129958,0.000130438
YLR337C,2.40E-05,2.16E-05,2.40E-05,2.27E-05,2.37E-05,2.06E-05,1.89E-05,2.38E-05,2.38E-05,2.05E-05,1.72E-05,2.03E-05,2.03E-05,1.90E-05
YLR340W,0.005417951,0.005378213,0.00576846,0.005805438,0.006474745,0.006388837,0.006502569,0.006520524,0.006535369,0.006312309,0.006976929,0.006798315,0.007020479,0.007037222
YLR342W,0.000234757,0.000234211,0.000260042,0.000253426,0.000280005,0.000276767,0.000301202,0.000308434,0.00030914,0.000298291,0.000317508,0.000308102,0.000320712,0.000313322
YLR344W,0.000129203,7.31E-05,7.60E-05,0.000146268,7.48E-05,8.09E-05,8.72E-05,8.36E-05,8.38E-05,8.88E-05,8.64E-05,8.34E-05,0.000167035,0.000172366
YLR347C,6.76E-05,7.04E-05,7.23E-05,6.99E-05,6.39E-05,5.98E-05,7.15E-05,6.85E-05,6.87E-05,6.73E-05,6.76E-05,6.48E-05,6.87E-05,6.85E-05
YLR348C,7.36E-05,8.33E-05,6.27E-05,6.68E-05,6.25E-05,4.68E-05,1.32E-05,1.25E-05,1.25E-05,1.92E-05,1.68E-05,1.56E-05,8.77E-06,2.12E-05
YLR351C,8.67E-05,8.49E-05,8.36214E-05,9.12E-05,8.67E-05,8.48E-05,9.26E-05,8.69E-05,8.71E-05,8.46E-05,8.57E-05,7.86E-05,8.38E-05,8.13E-05
YLR354C,0.003230003,0.003264329,0.003279345,0.003306651,0.003121639,0.003265485,0.002948886,0.002727459,0.002733658,0.002550378,0.002569514,0.002585892,0.002530426,0.002537293
YLR355C,0.011221817,0.011562871,0.01170666,0.011972504,0.011924893,0.011223636,0.009359052,0.009341477,0.009362827,0.009457759,0.009400477,0.009168063,0.009318619,0.009313906
YLR356W,5.40E-05,5.79E-05,5.27E-05,5.43E-05,4.10E-05,3.32E-05,2.70E-05,2.88E-05,2.88E-05,2.77E-05,2.61E-05,2.23E-05,2.54E-05,2.60E-05
YLR357W,1.39E-05,1.56E-05,1.24E-05,1.51E-05,1.38E-05,1.42E-05,1.57E-05,1.54E-05,1.54E-05,1.32E-05,1.53E-05,1.55E-05,1.23E-05,1.48E-05
YLR359W,0.001386933,0.00145388,0.001436561,0.001449419,0.001583243,0.001571485,0.001566716,0.001563033,0.001566595,0.001622315,0.001560774,0.001582649,0.001569385,0.001585028
YLR364W,6.06E-05,5.99E-05,6.66E-05,6.42E-05,7.70E-05,9.70E-05,9.57E-05,0.00010791,0.000108155,0.000114052,0.000117721,0.000108099,0.000113792,0.000114082
YLR367W,0.002113044,0.00210549,0.002240937,0.002184708,0.002286943,0.002466794,0.002503091,0.00253665,0.002542445,0.002697897,0.00280784,0.002729673,0.00278838,0.002939341
YLR369W,2.67E-05,2.67E-05,2.90E-05,2.68E-05,2.62E-05,2.79E-05,2.43E-05,2.52E-05,2.52E-05,1.84E-05,2.26E-05,2.22E-05,2.39E-05,2.35E-05
YLR370C,6.62E-05,6.70E-05,6.59E-05,6.75E-05,6.44E-05,5.94E-05,5.40E-05,5.75E-05,5.76E-05,6.02E-05,4.75E-05,5.09E-05,4.77E-05,5.25E-05
YLR372W,0.00012961,0.000119678,0.000143994,0.000143457,0.000148882,0.000141416,0.000139005,0.000147006,0.000147342,0.000150288,0.000143154,0.000148431,0.000147279,0.000143827
YLR373C,1.77E-05,2.02E-05,1.76E-05,1.69E-05,1.79E-05,1.45E-05,1.42E-05,1.40E-05,1.40E-05,1.34E-05,1.33E-05,1.36E-05,1.14E-05,1.30E-05
YLR378C,0.000150612,0.000156032,0.000163107,0.000164408,0.000162889,0.000149242,0.000152404,0.00014444,0.000144768,0.000142083,0.000144583,0.000144985,0.000139685,0.000141641
YLR380W,4.74E-05,4.60E-05,4.93E-05,4.79E-05,5.20E-05,4.62E-05,4.47E-05,4.22E-05,4.23E-05,3.76E-05,4.06E-05,4.32E-05,3.98E-05,4.11E-05
YLR382C,5.00E-05,4.02E-05,4.56E-05,3.75E-05,5.50E-05,6.59E-05,6.27E-05,6.15E-05,6.17E-05,6.56E-05,6.03E-05,5.76E-05,5.27E-05,5.67E-05
YLR386W,1.10E-05,9.51E-06,1.10E-05,8.15E-06,1.10E-05,8.54E-06,3.48E-06,1.01E-05,1.01E-05,7.31E-06,7.60E-06,7.32E-06,2.39E-06,6.58E-06
YLR388W,0.000311502,0.000339111,0.000386693,0.000349273,0.000398571,0.000364586,0.000410105,0.000389507,0.000390399,0.0003824,0.000452083,0.000446413,0.000440277,0.00043491
YLR389C,5.36E-05,5.41E-05,5.73E-05,5.67E-05,5.81E-05,6.45E-05,6.36E-05,6.27E-05,6.29E-05,6.76E-05,6.53E-05,6.92E-05,6.87E-05,6.52E-05
YLR390W-A,0.000628466,0.000638702,0.000613982,0.00063711,0.000589276,0.00050443,0.000463808,0.000513193,0.000514365,0.000514501,0.000480701,0.000482911,0.000485346,0.000480287
YLR397C,3.96E-05,3.81E-05,3.55E-05,4.46E-05,4.48E-05,4.31E-05,4.32E-05,3.74E-05,3.74E-05,4.02E-05,4.63E-05,4.22E-05,4.19E-05,4.27E-05
YLR398C,2.18E-05,1.81E-05,1.94E-05,2.13E-05,2.13E-05,2.36E-05,2.46E-05,2.27E-05,2.28E-05,2.08E-05,2.06E-05,1.85E-05,2.30E-05,2.02E-05
YLR399C,3.53E-05,3.80E-05,4.10E-05,3.28E-05,3.22E-05,3.07E-05,3.54E-05,3.44E-05,3.45E-05,3.23E-05,2.75E-05,2.83E-05,2.93E-05,3.28E-05
YLR401C,3.80E-05,3.37E-05,3.50E-05,4.26E-05,3.95E-05,4.44E-05,4.05E-05,3.75E-05,3.76E-05,3.96E-05,4.06E-05,4.06E-05,4.35E-05,3.99E-05
YLR406C,8.39E-05,7.85E-05,8.66E-05,7.38E-05,0.000106852,9.27E-05,0.000103934,0.000106099,0.000106341,0.000110788,0.000104065,0.000107949,9.86E-05,0.000101977
YLR409C,2.55E-05,2.87E-05,3.21E-05,2.85E-05,3.15E-05,3.28E-05,3.11E-05,2.94E-05,2.95E-05,3.08E-05,3.09E-05,3.49E-05,3.48E-05,3.34E-05
YLR410W,5.42E-05,5.70E-05,6.27E-05,5.26E-05,6.02E-05,5.68E-05,5.74E-05,6.27E-05,6.29E-05,5.92E-05,5.60E-05,5.51E-05,5.57E-05,6.05E-05
YLR418C,4.08E-05,4.27E-05,4.10E-05,3.82E-05,3.89E-05,3.50E-05,3.42E-05,3.28E-05,3.28E-05,3.19E-05,3.59E-05,3.21E-05,3.08E-05,2.90E-05
YLR419W,2.09E-05,2.45E-05,2.57E-05,2.50E-05,2.54E-05,2.31E-05,2.19E-05,2.25E-05,2.26E-05,2.15E-05,2.15E-05,2.16E-05,1.81E-05,2.17E-05
YLR420W,8.70E-05,9.21E-05,9.45E-05,8.52E-05,8.79E-05,7.87E-05,7.82E-05,7.42E-05,7.44E-05,7.52E-05,7.47E-05,7.24E-05,7.06E-05,7.79E-05
YLR421C,7.38E-05,7.44E-05,7.47E-05,7.01E-05,6.89E-05,5.81E-05,6.67E-05,6.70E-05,6.71234E-05,6.04E-05,6.00E-05,6.19E-05,6.46E-05,5.90E-05
YLR429W,0.000317776,0.000321344,0.000332401,0.000329046,0.000311316,0.000291766,0.000315062,0.000316368,0.00031709,0.000310944,0.000304962,0.000303301,0.000313048,0.000301322
YLR432W,0.000547914,0.000560408,0.000600242,0.000623556,0.000723392,0.000775435,0.000762732,0.000726611,0.000728266,0.000693836,0.000701439,0.000666662,0.000667928,0.00064662
YLR438W,0.000378625,0.000372826,0.000262555,0.000298788,0.000167118,9.55E-05,4.22E-05,2.71E-05,2.72E-05,4.06E-05,3.13E-05,3.81E-05,3.20E-05,3.68E-05
YLR439W,7.78E-05,7.04E-05,7.32E-05,8.07E-05,9.48E-05,0.000100853,0.000107554,0.000104205,0.000104444,0.000108669,0.000114466,0.000109801,0.000112197,0.000110353
YLR441C,0.000527544,0.000516241,0.000548729,0.000561099,0.000639128,0.000625915,0.000664858,0.000655433,0.000656929,0.00066304,0.000688964,0.000696243,0.000715136,0.000688174
YLR447C,0.000123712,0.000131049,0.00012997,0.000122327,0.000134015,0.000131835,0.000121969,0.000129273,0.000129569,0.00013794,0.000139067,0.000141248,0.000141097,0.000142162
YLR448W,0.00082399,0.000817535,0.000874825,0.000899692,0.000954705,0.001002004,0.001057021,0.000999464,0.001001744,0.000984373,0.001068003,0.001066089,0.001094898,0.001089098
YLR450W,7.33E-06,7.75E-06,6.87E-06,3.39E-06,5.93E-06,0,6.14E-06,1.87E-06,1.88E-06,2.50E-06,4.02E-06,4.72E-06,2.42E-06,4.15E-06
YML001W,0.000124577,0.000121524,0.00012806,0.00012114,0.000112326,0.000128241,0.000125363,0.00012286,0.00012314,0.000117807,0.000117601,0.000104599,0.000111995,0.000115839
YML004C,3.16E-05,3.29E-05,2.38E-05,2.52E-05,1.82E-05,2.16E-05,2.46E-05,2.60E-05,2.60E-05,2.57E-05,2.51E-05,2.56E-05,2.19E-05,2.16E-05
YML008C,0.002804244,0.00290031,0.002868433,0.002847317,0.001869317,0.001448868,0.00108888,0.001079291,0.001081752,0.00097001,0.000958701,0.000953023,0.000956082,0.000945695
YML010W,0.000102822,0.000102105,0.000108839,0.000111529,0.000108362,0.00010504,0.000123422,0.000118796,0.000119067,0.000118005,0.000122926,0.000118737,0.000125839,0.00012169
YML012W,0.000117571,0.000117258,0.000114917,0.000112054,0.000108436,0.000100662,8.25E-05,8.59E-05,8.61E-05,9.28E-05,9.08E-05,9.59E-05,9.49E-05,9.61E-05
YML016C,1.62E-05,1.22E-05,1.24E-05,1.66E-05,1.59E-05,2.21E-05,2.28E-05,2.27E-05,2.28E-05,2.51E-05,2.23E-05,2.44E-05,2.30E-05,2.18E-05
YML017W,6.64E-05,6.88E-05,7.32E-05,7.03E-05,6.19E-05,5.90E-05,5.19E-05,5.39E-05,5.40E-05,5.47E-05,5.08E-05,4.89E-05,5.50E-05,4.68E-05
YML022W,0.000177995,0.000159028,0.000186057,0.000186873,0.000205182,0.000194962,0.00017138,0.000167553,0.000167935,0.000158219,0.000160819,0.000175643,0.000151306,0.00016574
YML024W,0.003764485,0.003643936,0.003885546,0.003991567,0.004123918,0.004459564,0.004903622,0.00497595,0.004987277,0.004897316,0.005303028,0.005167703,0.005407449,0.005203051
YML025C,0.000113335,0.000106519,0.000110732,0.000115668,0.000129789,0.000133156,0.000148575,0.000146464,0.000146798,0.000148599,0.000155288,0.000162079,0.000151337,0.000149393
YML026C,0.004574981,0.004523743,0.004906441,0.004877007,0.005366151,0.005544229,0.00588203,0.00587795,0.005891345,0.005985364,0.006226159,0.006336087,0.006463375,0.006488804
YML028W,0.003185903,0.003142866,0.003007788,0.003072445,0.002875308,0.00298664,0.003255719,0.003167238,0.003174445,0.003163945,0.002981494,0.003079593,0.00306558,0.00299031
YML030W,4.70E-05,4.93E-05,4.40E-05,4.27E-05,4.60E-05,5.20E-05,5.81E-05,5.31E-05,5.33E-05,5.56E-05,4.93E-05,4.75E-05,4.35E-05,4.51E-05
YML035C,9.09E-05,8.57E-05,9.91E-05,0.000102293,0.00010151,0.000101837,9.83E-05,9.99E-05,0.000100173,9.54E-05,9.92E-05,8.77E-05,9.54E-05,9.31E-05
YML036W,4.96E-05,4.85E-05,5.32E-05,5.07E-05,5.08E-05,4.96E-05,4.79E-05,5.04E-05,5.06E-05,5.00E-05,4.74E-05,4.58E-05,4.94E-05,4.63E-05
YML042W,0.000408399,0.000423055,0.000353041,0.00035825,0.000290794,0.000165775,3.52E-05,1.94E-05,1.95E-05,3.17E-05,1.84E-05,1.29E-05,1.44E-05,1.78E-05
YML048W,0.000454315,0.000467053,0.000469179,0.000451526,0.000450408,0.00040704,0.000352489,0.000367615,0.000368453,0.000340641,0.000356613,0.000336632,0.000335314,0.000350748
YML052W,0.00011583,0.000109948,0.000120448,0.000118024,0.000118358,0.000106094,0.000118311,0.000123959,0.000124242,0.000129794,0.000125711,0.000117827,0.000124031,0.000127274
YML054C,0.001671447,0.001732972,0.001422204,0.001429194,0.00161063,0.001528005,0.00129013,0.001335257,0.001338306,0.001551074,0.00132101,0.001325888,0.001137032,0.001138283
YML056C,1.93E-05,1.38E-05,1.79E-05,2.04E-05,2.58E-05,2.90E-05,4.03E-05,4.60E-05,4.61E-05,4.65E-05,4.78E-05,4.29E-05,4.70E-05,4.41E-05
YML057W,6.18E-05,5.65E-05,6.02E-05,6.44E-05,5.69E-05,5.16E-05,4.74E-05,4.77E-05,4.78E-05,4.34E-05,4.59E-05,4.47E-05,4.49E-05,4.57E-05
YML063W,0.000171628,0.000180772,0.000172905,0.00017332,0.000231085,0.000258346,0.000281858,0.000269403,0.000270018,0.000212339,0.000264632,0.000242958,0.000252959,0.000245952
YML069W,0.000125468,0.000136449,0.000139034,0.000124999,0.000123732,0.000121892,0.000104237,0.000108418,0.000108667,0.000109971,0.000100295,0.000104037,0.000108528,0.000101058
YML070W,0.000320529,0.000313482,0.00031126,0.000312182,0.000275062,0.000250847,0.000248886,0.000244303,0.000244861,0.000222804,0.000245318,0.000237171,0.000228359,0.000238448
YML072C,0.000164407,0.000157077,0.000160154,0.000167583,0.000163422,0.000144444,0.000145257,0.000149767,0.000150109,0.000141662,0.000147339,0.000150008,0.000153978,0.000151096
YML073C,0.000670574,0.000698115,0.000730331,0.000737921,0.000821513,0.000819175,0.000852625,0.000809206,0.000811045,0.000842845,0.00094164,0.000859158,0.000905449,0.000924061
YML074C,6.09E-05,5.55E-05,5.33E-05,5.16E-05,6.03E-05,5.81E-05,4.95E-05,4.88E-05,4.89E-05,4.91E-05,5.04E-05,4.32E-05,4.41E-05,4.60E-05
YML075C,0.000309976,0.000299244,0.000276643,0.000273571,0.000197163,0.00016918,0.000159297,0.000158158,0.000158519,0.000143556,0.000146215,0.000139124,0.000139953,0.000138161
YML078W,0.000538216,0.000530589,0.000535746,0.000535147,0.000561814,0.000620871,0.000678792,0.000661012,0.000662514,0.000643801,0.000615037,0.000614058,0.000570372,0.000587607
YML081C-A,0.000180076,0.000171058,0.000178827,0.000184299,0.000180802,0.00019478,0.000201958,0.000205665,0.000206131,0.000196262,0.000191929,0.000189037,0.000187187,0.000178171
YML085C,0.000344864,0.000344532,0.000350907,0.000362572,0.000329361,0.000304433,0.000295853,0.000301367,0.000302056,0.000295804,0.000285837,0.000282231,0.000281069,0.000275617
YML086C,0.000349803,0.000350257,0.000351,0.000353096,0.000342459,0.000333274,0.00029937,0.000293015,0.000293683,0.000287911,0.000295864,0.000284736,0.00028911,0.000283186
YML092C,0.000319332,0.000309945,0.000324868,0.000335502,0.000290242,0.00027488,0.000266557,0.000260527,0.000261122,0.000255006,0.000261623,0.000254619,0.000249824,0.000241657
YML093W,2.00E-05,1.85E-05,2.68E-05,2.95E-05,2.84E-05,2.70E-05,2.79E-05,2.80E-05,2.81E-05,2.24E-05,2.46E-05,2.49E-05,3.29E-05,3.18E-05
YML100W,0.00013521,0.000116283,0.000100286,9.14E-05,3.32E-05,2.96E-05,5.93E-05,4.87E-05,4.88E-05,5.91E-05,3.36E-05,2.82E-05,3.69E-05,3.89E-05
YML103C,4.22E-05,4.09E-05,4.49E-05,4.28E-05,4.14E-05,3.91E-05,4.36E-05,4.10E-05,4.11E-05,3.99E-05,3.85E-05,4.03E-05,3.85E-05,3.58E-05
YML105C,4.88E-05,4.83E-05,5.77E-05,5.43E-05,5.31E-05,5.29E-05,5.09E-05,4.95E-05,4.96E-05,4.79E-05,4.69E-05,4.94E-05,5.00E-05,4.90E-05
YML106W,0.000278827,0.000282598,0.000291328,0.000286382,0.00029304,0.0003048,0.000301212,0.000284224,0.000284871,0.000280243,0.000281369,0.000268749,0.000278731,0.000265987
YML110C,2.32E-05,2.52E-05,2.84E-05,3.02E-05,3.06E-05,3.47E-05,3.23E-05,3.57E-05,3.58E-05,3.82E-05,3.51E-05,3.48E-05,3.57E-05,3.40E-05
YML115C,2.04E-05,1.92E-05,2.09E-05,2.00E-05,2.00E-05,2.27E-05,1.72E-05,2.13E-05,2.13E-05,1.89E-05,1.79E-05,1.72E-05,1.98E-05,1.58E-05
YML117W,9.53E-06,1.15E-05,1.25E-05,1.12E-05,1.43E-05,1.29E-05,1.13E-05,8.74E-06,8.76E-06,5.89E-06,1.35E-05,9.63E-06,9.00E-06,9.67E-06
YML120C,0.00152554,0.001513837,0.001437926,0.001420775,0.00160081,0.001777768,0.001851604,0.001914899,0.00191927,0.001977962,0.001657254,0.001671228,0.00150249,0.001460237
YML124C,8.27E-05,8.57E-05,8.69E-05,8.77E-05,8.77E-05,8.30E-05,8.62E-05,9.09E-05,9.11E-05,8.17E-05,8.86E-05,8.25E-05,8.88E-05,8.14E-05
YML125C,6.68E-05,6.17E-05,6.97E-05,6.85E-05,7.49E-05,6.57E-05,6.34E-05,6.48E-05,6.49E-05,6.35E-05,7.06E-05,6.71E-05,7.38E-05,6.79E-05
YML126C,0.001658562,0.001653982,0.001648814,0.001699684,0.001372353,0.001237141,0.001330844,0.001324901,0.001327918,0.001365986,0.001376966,0.001363517,0.001362611,0.001336168
YML127W,1.75E-05,1.92E-05,1.53E-05,1.87E-05,1.96E-05,1.86E-05,1.86E-05,1.70E-05,1.70E-05,1.69E-05,1.78E-05,1.83E-05,1.73E-05,1.82E-05
YML130C,3.53E-05,3.58683E-05,3.25E-05,3.34E-05,3.11E-05,3.08E-05,2.92E-05,3.05E-05,3.05E-05,2.93E-05,3.25E-05,2.71E-05,2.80E-05,2.96E-05
YML131W,0.000209981,0.000218358,0.000178578,0.000171297,0.0001048,7.38E-05,4.51E-05,4.91E-05,4.92E-05,4.59E-05,5.46E-05,4.95E-05,5.25E-05,5.03E-05
YMR004W,2.53E-05,2.83E-05,2.40E-05,2.81E-05,2.53E-05,2.35E-05,2.05E-05,1.92E-05,1.92E-05,1.79E-05,1.97E-05,1.97E-05,1.94E-05,1.96E-05
YMR008C,2.14E-05,2.53E-05,2.90E-05,2.59E-05,1.55E-05,1.58E-05,1.32E-05,1.63E-05,1.64E-05,1.44E-05,1.41E-05,1.50E-05,1.50E-05,1.48E-05
YMR009W,0.000153871,0.000148378,0.00013652,0.000137373,0.000154222,0.000152181,0.000107676,0.000109565,0.000109814,0.000130301,0.000118275,0.000116327,0.000111461,0.000107956
YMR011W,0.000506645,0.00052317,0.000641892,0.000605546,0.000604254,0.000404056,0.000170392,0.000173257,0.000173652,0.000145118,0.000157347,0.000148431,0.000157781,0.000165764
YMR012W,0.001113631,0.001129951,0.001110011,0.001107898,0.001340787,0.001451744,0.001588525,0.001603832,0.001607496,0.00155524,0.00154814,0.0015277,0.001454855,0.001461154
YMR015C,0.000165595,0.000156262,0.000147769,0.000139708,0.000103203,9.97E-05,0.000106825,0.000106354,0.000106597,0.000117205,0.000111686,0.000113491,0.000110107,0.000108571
YMR024W,6.75E-05,6.13E-05,6.67E-05,6.72E-05,7.56E-05,8.03E-05,8.09E-05,8.13E-05,8.14E-05,8.31E-05,8.71E-05,8.54E-05,8.30E-05,8.79E-05
YMR027W,0.000167105,0.000163161,0.0001783,0.000175168,0.000159332,0.000152735,0.000159713,0.000157075,0.000157434,0.000153812,0.000145763,0.000144756,0.00014182,0.000137781
YMR029C,2.31E-05,2.77E-05,1.94E-05,2.02E-05,2.00E-05,1.59E-05,1.50E-05,1.51E-05,1.51E-05,1.97E-05,1.59E-05,1.51E-05,1.37E-05,1.60E-05
YMR031C,0.000730769,0.000710329,0.000668339,0.000647717,0.000576635,0.000514715,0.000484909,0.000510207,0.000511371,0.000473998,0.000441,0.000443652,0.000440736,0.000420085
YMR033W,3.05E-05,2.96E-05,2.90E-05,2.90E-05,3.28E-05,3.40E-05,3.00E-05,3.06E-05,3.07E-05,3.09E-05,3.34E-05,3.13E-05,3.04E-05,3.03E-05
YMR038C,5.85E-05,6.05E-05,5.66E-05,6.17E-05,6.34E-05,5.99E-05,5.62E-05,5.97E-05,5.98E-05,6.16E-05,6.50E-05,6.34E-05,6.77E-05,6.87E-05
YMR039C,3.50E-05,3.52E-05,3.56E-05,3.44E-05,3.69E-05,3.49E-05,3.33E-05,4.02E-05,4.03E-05,3.40E-05,3.56E-05,3.84E-05,3.34E-05,3.30E-05
YMR047C,3.10E-05,2.86E-05,3.04E-05,2.90E-05,3.16E-05,2.66E-05,3.01E-05,2.93E-05,2.94E-05,2.55E-05,2.65E-05,2.75E-05,2.71E-05,2.59E-05
YMR049C,0.000135699,0.000124872,0.000143961,0.000140024,0.000147109,0.000140238,0.000123353,0.000123277,0.000123559,0.000124618,0.000133821,0.000129782,0.000129411,0.000125712
YMR054W,1.77E-05,1.89E-05,1.85E-05,1.83E-05,1.98E-05,1.58E-05,1.38E-05,1.44E-05,1.44E-05,1.39E-05,1.43E-05,1.23E-05,1.26E-05,1.39E-05
YMR056C,0.000523925,0.000555644,0.000556212,0.000552145,0.000621552,0.000655129,0.000585054,0.000597243,0.000598616,0.000689212,0.000582371,0.000641595,0.000631899,0.000656516
YMR061W,2.46E-05,2.79E-05,2.80E-05,3.11E-05,3.07E-05,2.89E-05,3.34E-05,3.07E-05,3.07E-05,3.07E-05,3.64E-05,3.60E-05,3.59E-05,3.34E-05
YMR062C,0.000382952,0.000372506,0.000333694,0.000326348,0.00022145,0.000196195,0.000235398,0.000239161,0.000239707,0.000235909,0.000261178,0.000262109,0.000271965,0.000266655
YMR067C,4.67E-05,4.77E-05,5.04E-05,4.36E-05,3.74E-05,3.84E-05,4.19E-05,4.63E-05,4.64E-05,3.88E-05,4.04E-05,4.25E-05,4.38E-05,4.41E-05
YMR072W,0.000343803,0.000343192,0.000338764,0.000351972,0.000294155,0.000246478,0.000270051,0.000281797,0.000282434,0.000263332,0.000273346,0.000261318,0.000252974,0.000239366
YMR074C,3.00E-05,3.30E-05,3.15E-05,2.99E-05,3.30E-05,3.63E-05,3.32E-05,3.52E-05,3.53E-05,2.93E-05,3.49E-05,3.18E-05,3.41E-05,3.45E-05
YMR079W,0.000343627,0.000342534,0.000342924,0.000335168,0.000349679,0.000308536,0.00029766,0.000309837,0.000310546,0.000304217,0.000307655,0.000302106,0.000308439,0.00033344
YMR080C,5.86E-05,6.22E-05,6.35E-05,6.43E-05,6.26E-05,6.62E-05,6.27E-05,6.33E-05,6.34E-05,5.95E-05,6.13E-05,6.11E-05,6.31E-05,5.90E-05
YMR083W,0.001610241,0.001548889,0.001688941,0.001662184,0.001714596,0.001826597,0.001920403,0.001912582,0.00191695,0.001898908,0.001829578,0.0018353,0.001717529,0.001717561
YMR086W,2.42E-05,2.31E-05,2.43E-05,2.37E-05,2.07E-05,2.02E-05,2.08E-05,1.95E-05,1.96E-05,1.98E-05,2.30E-05,1.91E-05,2.37E-05,2.16E-05
YMR089C,0.000113276,0.000111076,0.000109315,0.000112795,0.000127902,0.000135886,0.00015302,0.000152549,0.000152897,0.000148508,0.000146442,0.00014391,0.000137981,0.000132107
YMR091C,3.89E-05,3.87E-05,3.55E-05,3.90E-05,4.06E-05,3.99E-05,3.96E-05,4.26E-05,4.27E-05,3.99E-05,3.93E-05,4.22E-05,4.03E-05,3.91E-05
YMR092C,0.000280502,0.000275932,0.000287324,0.000290465,0.000258968,0.000269404,0.000255394,0.000257674,0.000258263,0.000255442,0.000260515,0.000249175,0.000253264,0.000244153
YMR093W,5.55E-05,5.84E-05,6.18E-05,6.24E-05,6.61E-05,6.83E-05,6.18E-05,6.92E-05,6.94E-05,6.35E-05,6.78E-05,7.02E-05,7.39E-05,6.97E-05
YMR099C,0.001220632,0.001238133,0.001243026,0.001270681,0.001093174,0.001014442,0.000936482,0.000940821,0.000942967,0.000935057,0.000883443,0.000857394,0.000860084,0.000882629
YMR104C,2.09E-05,1.81E-05,1.73E-05,1.47E-05,2.48E-05,1.40E-05,1.30E-05,1.27E-05,1.28E-05,1.34E-05,1.34E-05,1.24E-05,1.25E-05,1.29E-05
YMR105C,0.000230635,0.000228352,0.00017718,0.000177441,6.82E-05,6.78E-05,0.000104232,9.86E-05,9.88E-05,0.000108212,8.54E-05,7.89E-05,6.86E-05,7.17E-05
YMR108W,0.002025199,0.002051427,0.001970199,0.002010628,0.001984146,0.001954715,0.002072512,0.001980397,0.001984919,0.002009653,0.002044536,0.00204993,0.001991597,0.002026063
YMR109W,5.14E-05,5.41417E-05,5.73E-05,5.94E-05,5.72E-05,5.05E-05,4.68E-05,4.89E-05,4.90E-05,5.07E-05,4.70E-05,4.85E-05,5.00E-05,4.89E-05
YMR110C,0.000230336,0.000209798,0.000192994,0.000186125,0.000145459,0.000127198,0.000108345,0.00010862,0.000108867,9.95E-05,9.53E-05,9.64E-05,8.41E-05,8.17E-05
YMR116C,0.006049466,0.006197709,0.006170402,0.006351837,0.006980833,0.007519197,0.007280041,0.007676513,0.007694098,0.007804303,0.008213342,0.008028084,0.008151011,0.008200894
YMR120C,0.002044005,0.002016228,0.002047181,0.002112387,0.002192504,0.002349852,0.002654294,0.002752442,0.002758721,0.002831364,0.002847738,0.002842903,0.002884749,0.002905883
YMR125W,0.000106524,0.000115963,0.000113982,0.000113883,0.000110796,0.000110561,0.0001081,0.000108957,0.000109206,0.000102428,0.000104822,0.00010122,9.61E-05,9.95E-05
YMR129W,7.56E-05,7.31E-05,7.39E-05,7.49E-05,7.49E-05,7.24E-05,6.75E-05,7.17E-05,7.19E-05,6.76E-05,6.90E-05,6.77E-05,6.66E-05,6.62E-05
YMR130W,2.34E-05,2.15E-05,2.25E-05,2.33E-05,2.21E-05,2.08E-05,1.90E-05,1.95E-05,1.95E-05,2.07E-05,2.14E-05,2.08E-05,2.22E-05,2.14E-05
YMR131C,0.000117027,0.000108063,0.000117285,0.000117739,0.000122027,0.000110233,9.85E-05,0.000107462,0.000107708,0.000106155,0.000104935,0.000104398,0.000105701,0.000105513
YMR143W,0.002520093,0.002603913,0.002725336,0.002759965,0.00301052,0.002946072,0.003366319,0.003519734,0.003527752,0.003400796,0.003640417,0.003577959,0.003612763,0.003657611
YMR145C,0.000854662,0.000874232,0.000893729,0.000942183,0.00102698,0.001014064,0.000967872,0.001004516,0.001006808,0.000969744,0.001017949,0.000993562,0.001001255,0.001000735
YMR146C,0.000535159,0.000564357,0.000602753,0.000615465,0.000635707,0.000608582,0.0006262,0.000628737,0.000630174,0.000622946,0.000638643,0.000638923,0.00065062,0.000628621
YMR152W,5.52E-05,5.10E-05,5.29E-05,5.29E-05,4.25E-05,3.97E-05,3.14E-05,3.31E-05,3.32E-05,3.14E-05,3.05E-05,2.96E-05,3.05E-05,3.11E-05
YMR157C,6.42E-05,6.22451E-05,6.16E-05,6.56E-05,7.32E-05,8.87E-05,9.40E-05,9.76E-05,9.78E-05,9.06E-05,9.12E-05,0.000100458,8.63E-05,9.14E-05
YMR158W,6.04E-05,5.79E-05,6.05E-05,6.27E-05,6.77E-05,6.52E-05,6.82E-05,7.20E-05,7.21E-05,7.34E-05,7.60E-05,7.19E-05,6.98E-05,6.53E-05
YMR178W,4.78E-05,5.34E-05,5.15E-05,4.75E-05,4.92E-05,4.05E-05,4.03E-05,4.29E-05,4.30E-05,4.09E-05,3.79E-05,4.24E-05,4.02E-05,4.18E-05
YMR183C,0.000163286,0.000153669,0.000158079,0.00015654,0.000148904,0.000139585,0.000146107,0.000148705,0.000149046,0.000136276,0.00013576,0.000142287,0.000137558,0.000133339
YMR188C,6.81E-05,6.40E-05,6.31E-05,7.08E-05,7.73E-05,8.42E-05,9.44E-05,9.33E-05,9.35E-05,9.27E-05,8.81E-05,0.000101065,9.07E-05,9.12E-05
YMR189W,0.000355638,0.000360839,0.000367011,0.00038115,0.000367433,0.000334954,0.000297733,0.000291892,0.000292557,0.000293919,0.000316612,0.000322102,0.000305309,0.00030965
YMR193W,4.83E-05,5.17E-05,4.76E-05,5.30E-05,6.12E-05,5.97E-05,6.22E-05,6.28E-05,6.30E-05,6.19E-05,6.41E-05,6.23E-05,6.33E-05,6.31E-05
YMR194W,1.41E-05,1.50E-05,1.35E-05,1.54E-05,1.28E-05,7.61E-06,1.92E-05,2.00E-05,2.00E-05,1.26E-05,2.30E-05,1.66E-05,2.02E-05,2.13E-05
YMR196W,0.00013185,0.00012668,0.000101647,0.000109783,5.10E-05,4.33E-05,2.38E-05,2.28E-05,2.29E-05,2.81E-05,2.34E-05,2.19E-05,1.44E-05,2.20E-05
YMR197C,5.57E-05,5.40E-05,5.22E-05,5.44E-05,4.98E-05,4.15E-05,3.51E-05,3.72E-05,3.73E-05,3.67E-05,3.51E-05,3.82E-05,3.68E-05,3.19E-05
YMR202W,0.000274845,0.000264938,0.000266725,0.000270448,0.000199283,0.000168394,0.000144306,0.00013944,0.000139759,0.000143322,0.000141861,0.000140025,0.000145627,0.000143748
YMR203W,0.000357661,0.000353912,0.000362453,0.000364114,0.000410929,0.000428107,0.000436061,0.000443358,0.000444372,0.00043051,0.000408188,0.000411793,0.000379935,0.000368422
YMR205C,0.00146659,0.001439172,0.001479539,0.001438012,0.001485978,0.001537543,0.001671251,0.001647494,0.00165125,0.001683665,0.001621317,0.001618617,0.001657421,0.001650166
YMR207C,0,0,0,5.31E-07,0,0,0,0,0,0,0,0,0,0
YMR208W,0.000106805,0.000107031,0.000103148,0.000113235,9.45E-05,9.11E-05,8.73E-05,8.13E-05,8.15E-05,9.13E-05,8.32E-05,8.04E-05,8.57E-05,8.49E-05
YMR215W,0.000106477,0.000101538,0.000103404,0.000111207,9.56E-05,8.92E-05,7.71E-05,8.16E-05,8.18E-05,7.40E-05,7.76E-05,7.94E-05,7.93E-05,7.86E-05
YMR217W,0.000849016,0.000847263,0.000873386,0.000909486,0.0010757,0.001116324,0.001117735,0.001105442,0.001107965,0.001080923,0.001101227,0.001089508,0.001127776,0.001113547
YMR220W,5.56E-05,4.84E-05,5.36E-05,5.30E-05,4.72E-05,4.56E-05,4.45E-05,4.53E-05,4.54E-05,4.40E-05,4.40E-05,3.69E-05,4.18E-05,3.74E-05
YMR226C,0.000519458,0.000496877,0.00055989,0.000545811,0.000530054,0.000518971,0.00059338,0.000575215,0.000576526,0.00058525,0.000600844,0.000609415,0.000589643,0.000597234
YMR229C,0.000405587,0.000410562,0.000436169,0.000440881,0.000481307,0.000482434,0.000466646,0.000467645,0.000468711,0.000453927,0.000485271,0.000472884,0.000478485,0.00049179
YMR235C,0.000313312,0.00032147,0.000326186,0.000318091,0.000304573,0.000287398,0.000268,0.000268553,0.000269164,0.000271107,0.000256738,0.000263134,0.000251373,0.000255399
YMR237W,4.04E-05,4.37E-05,4.46E-05,4.77E-05,4.43E-05,4.82E-05,4.15E-05,4.69E-05,4.70E-05,4.45E-05,4.55E-05,4.28E-05,4.42E-05,4.39E-05
YMR241W,0.000488699,0.000491445,0.000513019,0.000513563,0.000533997,0.000511181,0.00044169,0.000470964,0.000472034,0.000466527,0.000451553,0.000463831,0.000452354,0.000455894
YMR243C,4.42E-05,4.41E-05,4.36E-05,4.12E-05,4.76E-05,4.59E-05,4.08E-05,4.35E-05,4.36E-05,4.74E-05,4.20E-05,4.20E-05,4.13E-05,4.19E-05
YMR244C-A,4.02E-05,3.96E-05,3.99E-05,3.72E-05,4.33E-05,4.32E-05,4.93E-05,4.82E-05,4.83E-05,4.68E-05,4.51E-05,4.22E-05,4.27E-05,4.14E-05
YMR246W,0.000380787,0.000376822,0.000375003,0.000392725,0.000370766,0.00030826,0.000239763,0.000235968,0.000236507,0.000224521,0.000221114,0.000214009,0.000224202,0.00020365
YMR260C,0.000203923,0.000214127,0.000230673,0.000202693,0.000243397,0.000224906,0.000229578,0.000239347,0.000239892,0.000211224,0.000220944,0.000218969,0.000222652,0.000222861
YMR261C,9.12E-05,8.41E-05,8.56E-05,8.68E-05,7.89E-05,7.68E-05,9.66E-05,9.87E-05,9.89E-05,9.92E-05,9.48E-05,9.20E-05,9.48E-05,9.28E-05
YMR266W,1.87E-05,2.28E-05,2.01E-05,2.31E-05,1.94E-05,2.67E-05,2.64E-05,2.55E-05,2.56E-05,2.18E-05,2.70E-05,2.73E-05,2.26E-05,2.35E-05
YMR272C,1.68E-05,1.39E-05,1.88E-05,1.83E-05,2.48E-05,3.23E-05,3.98E-05,4.36E-05,4.37E-05,4.09E-05,5.46E-05,5.29E-05,6.11E-05,5.95E-05
YMR276W,0.000146482,0.000140263,0.000147246,0.000152781,0.000151707,0.000153743,0.000161474,0.000166387,0.000166768,0.000179895,0.000158916,0.000171725,0.000168381,0.000172402
YMR285C,1.65E-05,1.44E-05,1.69E-05,1.79E-05,1.90E-05,1.90E-05,2.17E-05,2.25E-05,2.25E-05,2.30E-05,2.40E-05,2.55E-05,2.55E-05,2.35E-05
YMR290C,0.00014236,0.00014445,0.000151263,0.000154675,0.000170145,0.000178929,0.000174859,0.000176894,0.000177297,0.000168949,0.000180638,0.000180164,0.000180885,0.000187186
YMR295C,4.83E-05,5.11E-05,5.32E-05,4.84E-05,5.79E-05,4.94E-05,5.42E-05,5.13E-05,5.14E-05,5.70E-05,4.96E-05,6.10E-05,6.48E-05,6.32E-05
YMR296C,0.000113035,0.000110021,0.00012034,0.000116196,0.000117713,0.000117075,0.000108272,0.000106825,0.00010707,0.000102118,0.000104612,9.99E-05,9.82E-05,9.99E-05
YMR297W,0.000372622,0.000382285,0.000320536,0.000321225,0.00021553,0.000214438,0.00016562,0.000182134,0.000182551,0.000194424,0.000167235,0.000168277,0.000162562,0.000144786
YMR298W,1.66E-05,1.85E-05,2.00E-05,1.59E-05,1.86E-05,1.53E-05,1.26E-05,1.71E-05,1.72E-05,1.35E-05,1.37E-05,1.22E-05,1.49E-05,1.55E-05
YMR300C,0.000504391,0.000500501,0.000530653,0.000530931,0.00056585,0.000572924,0.000617596,0.000595659,0.000597014,0.000587388,0.00061116,0.000621069,0.000612815,0.000599089
YMR302C,0.000176495,0.000170767,0.000168023,0.000172708,0.000165175,0.000166495,0.000160757,0.000173242,0.000173637,0.000162934,0.000152539,0.000145748,0.000143608,0.000134028
YMR304W,6.00E-05,6.12E-05,5.99E-05,5.60E-05,4.40E-05,3.47E-05,3.07E-05,2.39E-05,2.39E-05,3.13E-05,3.01E-05,2.73E-05,2.86E-05,2.91E-05
YMR305C,3.53E-05,3.53E-05,3.57E-05,3.90E-05,3.79E-05,3.73E-05,3.68E-05,3.69E-05,3.69E-05,3.51E-05,3.46E-05,3.67E-05,3.42E-05,3.22E-05
YMR307W,0.000653879,0.000661298,0.000650196,0.000683229,0.000698667,0.000618657,0.000598745,0.000616894,0.000618303,0.000590951,0.000578356,0.000588237,0.000602403,0.000580019
YMR308C,7.55E-05,7.22E-05,7.45E-05,7.47E-05,8.11E-05,8.07E-05,8.43E-05,8.60E-05,8.62E-05,8.74E-05,8.22E-05,8.24E-05,8.37E-05,8.26E-05
YMR309C,0.000485761,0.000506584,0.000510108,0.000537711,0.000567034,0.000556083,0.000569661,0.000552247,0.00055351,0.000526533,0.000535667,0.000547426,0.000539698,0.000540037
YMR311C,4.60E-05,5.60E-05,5.78E-05,5.19E-05,2.93E-05,3.98E-05,4.54E-05,3.62E-05,3.62E-05,4.33E-05,3.89E-05,3.79E-05,4.68E-05,4.51E-05
YMR314W,0.000415714,0.000398077,0.000408327,0.000410022,0.000354997,0.000342213,0.000325451,0.000315265,0.000315987,0.000331497,0.000316415,0.000309859,0.000333806,0.000326407
YMR315W,0.000354793,0.000335783,0.000358896,0.000335115,0.00031496,0.000304845,0.000270356,0.000265222,0.000265825,0.000259501,0.000239576,0.000238383,0.000243648,0.000229399
YMR318C,0.001024487,0.001032014,0.001011872,0.001030542,0.001145581,0.001153238,0.000795918,0.000785723,0.000787524,0.000878504,0.000891589,0.000837661,0.000863113,0.000885523
YNL001W,3.24E-05,2.94E-05,3.33E-05,3.07E-05,3.42E-05,3.17E-05,3.33E-05,3.46E-05,3.47E-05,2.80E-05,2.77E-05,2.64E-05,2.89E-05,2.73E-05
YNL002C,7.31E-05,6.90E-05,7.84E-05,7.70E-05,9.09E-05,8.74E-05,8.69E-05,8.49E-05,8.51E-05,7.70E-05,8.25E-05,8.03E-05,8.33E-05,8.78E-05
YNL004W,3.64E-05,3.94E-05,4.06E-05,3.74E-05,4.21E-05,2.85E-05,3.42E-05,3.12E-05,3.13E-05,3.38E-05,3.40E-05,2.50E-05,3.22E-05,3.03E-05
YNL005C,0.000130743,0.000129192,0.000125628,0.00012898,0.00015331,0.00015829,0.000143848,0.000141492,0.000141815,0.000141384,0.000136044,0.000141203,0.000139175,0.00013986
YNL006W,1.97E-05,1.90E-05,1.83E-05,2.02E-05,1.95E-05,1.89E-05,2.10E-05,2.18E-05,2.18E-05,1.86E-05,1.98E-05,1.96E-05,1.97E-05,1.83E-05
YNL007C,0.000715372,0.000713837,0.000651354,0.000679276,0.000574657,0.000545245,0.000496382,0.000475014,0.000476098,0.000447826,0.000448834,0.000444176,0.000442956,0.000437432
YNL009W,3.60E-05,2.63E-05,3.09E-05,2.37E-05,9.48E-06,5.14E-06,1.32E-05,0,0,0,0,0,0,2.43E-05
YNL010W,0.000242529,0.000245819,0.0002455,0.000253883,0.000254784,0.000248091,0.000242793,0.000236556,0.000237097,0.000238083,0.000246836,0.00024434,0.000249061,0.000229762
YNL014W,4.61E-05,4.11E-05,2.18E-05,4.66E-05,2.27E-05,4.36E-05,4.97E-05,1.92E-05,1.93E-05,5.84E-05,5.01E-05,2.14E-05,6.36E-05,5.30E-05
YNL015W,0.000671557,0.000670269,0.000621846,0.000593702,0.000615162,0.000610509,0.000753358,0.000736912,0.000738592,0.000725467,0.000597441,0.000621209,0.000543841,0.000512015
YNL016W,0.000225157,0.000245178,0.00022167,0.000234561,0.000206305,0.000188939,0.000229627,0.000249629,0.000250201,0.000268928,0.000231089,0.000236461,0.000235558,0.00024568
YNL026W,3.65E-05,3.85E-05,3.46E-05,3.66E-05,3.41E-05,3.67E-05,3.70E-05,3.73E-05,3.73E-05,3.83E-05,3.73E-05,3.95E-05,3.43E-05,3.79E-05
YNL030W,0.000474062,0.000499348,0.000521503,0.000546567,0.000476651,0.000469594,0.000493631,0.00050464,0.000505773,0.000463246,0.000508001,0.000533317,0.000504601,0.000515621
YNL031C,0.000702934,0.000704615,0.000810397,0.000750515,0.000746534,0.000656833,0.000653412,0.00071993,0.00072157,0.000699731,0.000687947,0.000723499,0.000714408,0.000703574
YNL036W,5.51E-05,5.21E-05,6.24E-05,5.29E-05,4.84E-05,3.90E-05,3.52E-05,3.80E-05,3.81E-05,3.92E-05,3.48E-05,3.87E-05,3.67E-05,3.43E-05
YNL037C,0.001943522,0.00195237,0.002180322,0.002201679,0.002714923,0.003089481,0.003722314,0.003455847,0.003463736,0.003519268,0.003150149,0.003152558,0.002934525,0.002904588
YNL044W,0.00017231,0.000166828,0.000164366,0.000153719,0.00016462,0.000157841,0.000147786,0.000154644,0.000154997,0.000142209,0.000140603,0.000145669,0.000134748,0.000139268
YNL045W,7.00E-05,7.14E-05,6.58E-05,7.39E-05,6.57E-05,6.28E-05,5.84E-05,5.99E-05,6.00E-05,6.06E-05,6.48E-05,5.83E-05,5.85E-05,5.30E-05
YNL049C,1.47E-05,1.31E-05,1.57E-05,1.62E-05,1.64E-05,1.06E-05,1.34E-05,1.68E-05,1.68E-05,1.58E-05,1.74E-05,1.47E-05,1.50E-05,1.65E-05
YNL052W,0.000246577,0.000267527,0.000234124,0.000291723,0.00025304,0.000265705,0.000316223,0.00028811,0.000288769,0.000338117,0.000321147,0.000302247,0.000295716,0.000283656
YNL055C,0.008072621,0.007811758,0.00803796,0.00795775,0.007825521,0.008684628,0.010188802,0.010369874,0.010393505,0.009698972,0.0094934,0.009473291,0.009369092,0.009035314
YNL061W,0.000237766,0.000248039,0.00025666,0.000269713,0.00027432,0.000266261,0.000253228,0.000247965,0.000248529,0.000231619,0.000246738,0.000236611,0.00024358,0.000242402
YNL062C,1.83E-05,1.92E-05,2.19E-05,2.20E-05,2.01E-05,2.08E-05,1.86E-05,1.87E-05,1.88E-05,1.59E-05,1.78E-05,1.84E-05,1.83E-05,1.88E-05
YNL064C,0.00094217,0.000904821,0.000934757,0.00090557,0.000968397,0.000955775,0.000889811,0.000912704,0.000914785,0.000849989,0.000865457,0.000841035,0.000855074,0.000895669
YNL067W,0.000217906,0.000251721,0.000227824,0.00023157,0.000238561,0.000238938,0.000235131,0.000249299,0.000249868,0.000265192,0.000196342,0.00025453,0.000240444,0.000271641
YNL069C,0.001086224,0.001062853,0.001231832,0.001182967,0.001231059,0.001310251,0.001486737,0.001464561,0.001467884,0.001310255,0.001540711,0.001489842,0.001493493,0.001567916
YNL071W,0.000710752,0.000690328,0.000696433,0.000669083,0.000644381,0.000603307,0.000614651,0.000606566,0.000607949,0.000613289,0.000585453,0.000593089,0.000567129,0.000559631
YNL079C,0.000592297,0.000638821,0.000613897,0.000612338,0.000524622,0.000513883,0.00047625,0.00048188,0.00048298,0.000444164,0.000452269,0.000455554,0.000451142,0.000452955
YNL085W,0.000183352,0.000180511,0.000192556,0.000189611,0.000191178,0.000196509,0.000213486,0.000211258,0.000211739,0.000196581,0.00019688,0.000201646,0.000202868,0.00019834
YNL087W,2.38E-05,2.66E-05,2.70E-05,2.93E-05,3.10E-05,3.10E-05,1.76E-05,2.29E-05,2.29E-05,2.43E-05,2.28E-05,2.53E-05,2.54E-05,2.27E-05
YNL088W,4.25E-05,4.17E-05,4.88E-05,4.25E-05,4.42E-05,4.27E-05,3.56E-05,3.24E-05,3.25E-05,2.94E-05,3.30E-05,2.56E-05,2.72E-05,3.04E-05
YNL090W,4.39E-05,4.12E-05,4.90E-05,4.22E-05,4.30E-05,3.94E-05,4.02E-05,4.01E-05,4.02E-05,3.91E-05,3.83E-05,4.19E-05,4.01E-05,3.64E-05
YNL096C,0.000678382,0.000676204,0.000700328,0.000746774,0.000827277,0.000906762,0.001051579,0.001040744,0.001043118,0.001013724,0.001076645,0.001142462,0.001116117,0.001126093
YNL098C,0.000137813,0.000142723,0.000131331,0.000132493,0.000123351,0.000113938,0.000112321,0.000112961,0.000113219,0.000113006,0.000110349,0.000101107,0.000102466,0.000105126
YNL100W,6.45E-05,6.99E-05,7.77E-05,7.45E-05,7.52E-05,7.55E-05,7.83E-05,8.24E-05,8.25E-05,8.47E-05,7.55E-05,8.06E-05,7.22E-05,6.70E-05
YNL102W,1.50E-05,1.15E-05,1.47E-05,1.52E-05,1.47E-05,1.65E-05,1.24E-05,1.44E-05,1.44E-05,1.85E-05,1.93E-05,1.75E-05,1.49E-05,1.61E-05
YNL104C,0.001585296,0.001614814,0.0014457,0.001550266,0.001197487,0.001161278,0.000946101,0.000997907,0.001000181,0.001043039,0.000995191,0.000964849,0.000958263,0.000916971
YNL108C,1.62E-05,1.72E-05,1.68E-05,1.72E-05,1.74E-05,1.60E-05,1.72E-05,1.92E-05,1.93E-05,2.08E-05,1.86E-05,2.03E-05,2.27E-05,2.29E-05
YNL110C,2.04E-05,2.10E-05,2.32E-05,2.08E-05,2.38E-05,1.86E-05,1.85E-05,1.91E-05,1.91E-05,1.61E-05,1.60E-05,1.96E-05,1.92E-05,2.04E-05
YNL111C,0.000312499,0.000316667,0.000277234,0.00026656,0.000168968,0.000169119,0.00015829,0.000176883,0.000177287,0.000191739,0.000200458,0.000171851,0.000178385,0.000184747
YNL113W,0.000120745,0.000130856,0.000131745,0.000125927,0.000135984,0.000137159,0.000121394,0.000131249,0.000131548,0.000132713,0.000132848,0.000125309,0.000134458,0.000133516
YNL115C,3.07E-05,3.08E-05,2.67E-05,2.79E-05,2.18E-05,1.90E-05,1.82E-05,1.82E-05,1.82621E-05,1.56E-05,1.70E-05,1.59E-05,1.54E-05,1.60E-05
YNL117W,0.000265885,0.000283367,0.00022945,0.000260759,0.000314366,0.000382987,0.000272544,0.000238566,0.000239112,0.000257472,0.000151991,0.000143377,8.61E-05,6.43E-05
YNL118C,5.26E-05,5.46E-05,5.29E-05,5.51E-05,5.56E-05,5.20E-05,5.04E-05,5.55E-05,5.56E-05,5.40E-05,5.12E-05,5.16E-05,5.07E-05,5.01E-05
YNL121C,0.000704663,0.000708671,0.000685004,0.000689348,0.000791197,0.000843448,0.00096105,0.000956264,0.000958443,0.000942415,0.000965071,0.000914397,0.000879991,0.000902246
YNL123W,4.66E-05,4.89E-05,5.16E-05,5.37E-05,5.45E-05,5.35E-05,4.83E-05,5.23E-05,5.24E-05,5.41017E-05,5.20E-05,5.02E-05,5.42E-05,5.51E-05
YNL131W,0.00018555,0.000214145,0.000225574,0.000270912,0.00028262,0.000310006,0.000313677,0.000320938,0.000321674,0.000330541,0.000305547,0.000314201,0.000312786,0.000295716
YNL132W,0.000100761,0.000101843,0.000107976,0.000105205,0.000113851,0.000110733,9.98E-05,0.000108685,0.000108933,0.000102411,0.0001125,0.000103534,0.000109903,0.000108801
YNL135C,0.001101781,0.001085285,0.001167678,0.001106953,0.001147811,0.001057582,0.000958136,0.000938187,0.000940331,0.000935114,0.000805607,0.000838737,0.000716737,0.000741012
YNL137C,0.000119388,0.000113458,0.000120587,0.000120295,0.000136628,0.000139483,0.000154497,0.0001591,0.000159463,0.000145784,0.000147048,0.000149224,0.000142261,0.000149534
YNL138W,0.000339298,0.000353829,0.000368757,0.000362702,0.000310986,0.000308683,0.000277002,0.000290777,0.000291439,0.00026131,0.000274599,0.000261467,0.000267083,0.000268707
YNL139C,1.07E-05,7.70E-06,9.66E-06,1.02E-05,8.56E-06,8.34E-06,7.64E-06,8.26E-06,8.28E-06,7.24E-06,7.71E-06,8.69E-06,7.86E-06,7.99E-06
YNL141W,6.32E-05,5.70E-05,6.76E-05,7.17E-05,8.22E-05,8.77E-05,0.000106699,0.000107906,0.000108152,0.000113156,0.000121291,0.000121275,0.000122549,0.000120234
YNL156C,2.77E-05,2.41E-05,2.20E-05,2.32E-05,1.87E-05,2.31E-05,2.25E-05,2.11E-05,2.12E-05,1.92E-05,2.29E-05,1.94E-05,2.28E-05,2.09E-05
YNL157W,1.51E-05,1.33E-05,1.37E-05,1.16E-05,1.03E-05,8.95E-06,1.10E-05,7.28E-06,7.30E-06,8.56E-06,9.33E-06,9.74E-06,7.93E-06,8.71E-06
YNL161W,1.66E-05,1.59E-05,1.73E-05,1.50E-05,1.47E-05,1.55E-05,1.55E-05,1.58E-05,1.59E-05,1.49E-05,1.63E-05,1.52E-05,1.52E-05,1.56E-05
YNL163C,2.09E-05,2.14E-05,1.91E-05,2.02E-05,2.11E-05,1.50E-05,1.60E-05,1.73E-05,1.73E-05,1.03E-05,1.38E-05,1.55E-05,1.89E-05,1.77E-05
YNL166C,3.98E-05,3.76E-05,4.00E-05,4.15E-05,4.19E-05,4.39E-05,4.46E-05,4.16E-05,4.17E-05,4.33E-05,4.13E-05,4.26E-05,4.01E-05,3.83E-05
YNL169C,3.75E-05,4.48E-05,4.60E-05,4.26E-05,5.47E-05,6.57E-05,7.66E-05,8.44E-05,8.46E-05,7.55E-05,7.93E-05,7.82E-05,7.64E-05,7.35E-05
YNL173C,0.000105247,0.000108607,9.95E-05,0.000104237,9.53E-05,9.01E-05,7.73E-05,8.57E-05,8.59E-05,8.26E-05,8.17E-05,7.34E-05,7.92E-05,6.90E-05
YNL175C,5.75E-05,5.47E-05,6.12E-05,6.36E-05,7.12E-05,6.49E-05,6.66E-05,6.13E-05,6.14E-05,5.78E-05,6.29E-05,6.50E-05,6.67E-05,6.52E-05
YNL177C,8.18E-05,8.51E-05,0.000100302,0.0001003,0.000106464,8.93E-05,0.000110578,0.000117989,0.000118258,0.00011576,0.000114731,0.000124257,0.000121997,0.00011952
YNL178W,0.006517788,0.006668413,0.007244545,0.00710192,0.007531348,0.007307322,0.008356752,0.008567974,0.008587491,0.008625469,0.009264329,0.009562055,0.009609282,0.009919801
YNL180C,2.96E-05,2.85E-05,2.79E-05,3.02E-05,2.37E-05,2.16E-05,2.51E-05,2.40E-05,2.41E-05,2.42E-05,2.49E-05,2.40E-05,2.42E-05,2.53E-05
YNL181W,2.34E-05,2.48E-05,2.28E-05,2.35E-05,2.60E-05,2.11E-05,1.82E-05,1.89E-05,1.89E-05,1.44E-05,2.11E-05,1.67E-05,1.43E-05,1.87E-05
YNL182C,2.49E-05,2.75E-05,2.45E-05,2.90E-05,2.35E-05,2.81E-05,2.71E-05,2.64E-05,2.65E-05,2.73E-05,2.56E-05,2.42E-05,2.69E-05,2.69E-05
YNL183C,6.61E-05,6.84E-05,6.46E-05,6.28E-05,6.56E-05,6.75E-05,6.17E-05,6.03E-05,6.04E-05,6.35E-05,6.06E-05,5.97E-05,6.35E-05,6.07E-05
YNL185C,5.40E-05,5.89E-05,6.07E-05,6.28E-05,6.87E-05,8.00E-05,9.10E-05,8.27E-05,8.29E-05,8.78E-05,8.90E-05,8.48E-05,8.49E-05,7.95E-05
YNL186W,1.46E-05,1.39E-05,1.40E-05,1.59E-05,1.54E-05,1.56E-05,1.36E-05,1.51E-05,1.51E-05,1.22E-05,1.50E-05,1.24E-05,1.42E-05,1.41E-05
YNL189W,0.000218657,0.000222299,0.000215721,0.000218752,0.000211521,0.000195552,0.000192898,0.000184912,0.000185333,0.000185262,0.000178244,0.00017304,0.000171038,0.000172229
YNL197C,2.22E-05,2.34E-05,1.85E-05,1.96E-05,2.18E-05,2.41E-05,2.34E-05,2.79E-05,2.79E-05,2.63E-05,2.52E-05,2.80E-05,2.50E-05,2.58E-05
YNL200C,5.39E-05,5.65E-05,4.39E-05,4.65E-05,2.64E-05,2.65E-05,1.90E-05,1.98E-05,1.98E-05,2.31E-05,1.78E-05,1.70E-05,1.56E-05,1.47E-05
YNL208W,0.000189658,0.000190316,0.00019209,0.000198716,0.000152825,0.00015361,0.000123854,0.00012661,0.000126899,0.000121337,9.98E-05,0.000110614,0.000111666,0.000107509
YNL212W,6.65E-05,6.34E-05,6.37E-05,6.74E-05,6.40E-05,5.71E-05,6.19E-05,5.66E-05,5.67E-05,6.08E-05,5.60E-05,6.39E-05,5.75E-05,5.95E-05
YNL216W,9.13E-05,9.23E-05,9.92E-05,0.000109422,9.76E-05,8.51E-05,9.75E-05,9.72E-05,9.74E-05,9.22E-05,9.53E-05,9.99E-05,9.40E-05,9.34E-05
YNL219C,4.33E-05,4.30E-05,4.49E-05,4.59E-05,3.93E-05,3.78E-05,3.68E-05,3.57E-05,3.57E-05,3.18E-05,3.58E-05,3.57E-05,3.49E-05,3.45E-05
YNL220W,0.001395625,0.001410099,0.001504949,0.001526385,0.00169392,0.001762481,0.001762567,0.001774019,0.001778064,0.001773751,0.001742527,0.001744385,0.001735198,0.001715955
YNL229C,3.84E-05,4.07E-05,3.79E-05,4.11E-05,4.05E-05,4.22E-05,3.58E-05,3.81E-05,3.82E-05,3.63E-05,3.38E-05,3.45E-05,3.21E-05,2.92E-05
YNL231C,6.54E-05,6.34E-05,7.34E-05,6.80E-05,8.32E-05,7.83E-05,7.51E-05,7.03E-05,7.05E-05,6.55E-05,7.47E-05,6.97286E-05,6.83E-05,7.05E-05
YNL239W,0.000516502,0.000514016,0.00051559,0.000510673,0.00047866,0.000426736,0.000313081,0.000307252,0.000307953,0.000298386,0.000284375,0.000287732,0.000278301,0.00026985
YNL241C,0.000805338,0.000832254,0.000908399,0.000914264,0.000899195,0.000969612,0.001020436,0.0009843,0.000986542,0.000915958,0.000951437,0.000938326,0.00100855,0.00102772
YNL243W,0.000214127,0.000208786,0.00021875,0.000220548,0.000217959,0.000201128,0.000213883,0.000215512,0.000216003,0.000210512,0.00020442,0.000200503,0.000196285,0.00020173
YNL244C,0.000287349,0.000262309,0.000304739,0.000284293,0.000322658,0.000326177,0.000323694,0.000307598,0.000308302,0.000316988,0.0002875,0.000306692,0.000310232,0.000298891
YNL247W,0.000314254,0.000312754,0.000327928,0.000336813,0.000354899,0.000358117,0.000364147,0.000359165,0.000359986,0.000353905,0.000380474,0.000366099,0.000377512,0.000372894
YNL248C,8.41E-05,8.74E-05,8.77E-05,9.01E-05,0.000104023,0.00010438,8.75E-05,9.11E-05,9.13E-05,8.66E-05,9.52E-05,9.20E-05,0.000100846,9.19E-05
YNL251C,2.14E-05,2.09E-05,2.21E-05,2.20E-05,2.21E-05,1.91E-05,1.97E-05,2.03E-05,2.04E-05,2.14E-05,1.92E-05,2.19E-05,1.93E-05,2.08E-05
YNL252C,6.27E-05,6.27E-05,6.76E-05,6.64E-05,7.79E-05,7.43E-05,7.41E-05,7.50E-05,7.51E-05,7.71E-05,7.11E-05,7.50E-05,7.17E-05,7.20E-05
YNL255C,0.000112078,0.000106268,0.00012039,0.00012525,0.000126237,0.000117565,0.000111371,0.000113976,0.000114237,0.000118448,0.000121185,0.000121293,0.000119604,0.000108516
YNL268W,3.26E-05,3.29E-05,3.95E-05,4.07E-05,3.85E-05,4.66E-05,4.44E-05,4.13E-05,4.14E-05,3.96E-05,3.91E-05,3.81E-05,4.05E-05,4.53E-05
YNL272C,1.42E-05,1.33E-05,1.37E-05,1.37E-05,1.17E-05,1.20E-05,1.16E-05,1.22E-05,1.22E-05,1.27E-05,1.18E-05,1.04E-05,1.18E-05,1.12E-05
YNL274C,0.000135806,0.000143216,0.000132544,0.000130592,9.32E-05,8.80E-05,6.64E-05,5.70E-05,5.71E-05,5.87E-05,5.73E-05,4.07E-05,4.18E-05,5.22E-05
YNL277W,5.04E-05,5.16E-05,5.40E-05,5.54E-05,5.08E-05,4.75E-05,4.72E-05,4.75E-05,4.77E-05,4.72E-05,4.69E-05,4.90E-05,5.10E-05,4.65E-05
YNL281W,0.000163247,0.000151225,0.000162781,0.00016649,0.000170891,0.000180537,0.00016947,0.000162576,0.000162946,0.000156885,0.000165963,0.000152428,0.000156566,0.000148564
YNL284C,7.01E-05,6.96E-05,7.94E-05,7.34E-05,8.19E-05,9.09E-05,8.91E-05,8.51E-05,8.53E-05,8.84E-05,9.13E-05,9.18E-05,8.84E-05,9.38E-05
YNL287W,0.0004678,0.000456639,0.000468413,0.000490437,0.000472723,0.000447847,0.000476464,0.000473814,0.000474893,0.00045904,0.000454572,0.000463042,0.000457089,0.000462046
YNL290W,3.89E-05,3.89E-05,3.94E-05,4.05E-05,3.43E-05,3.83E-05,3.39E-05,3.71E-05,3.72E-05,3.46E-05,3.58E-05,3.58E-05,3.59E-05,3.58E-05
YNL292W,9.45E-05,8.73E-05,8.86E-05,0.000107829,9.32E-05,9.26E-05,8.26E-05,8.73E-05,8.75E-05,8.96E-05,9.12E-05,7.98E-05,8.27E-05,8.28E-05
YNL297C,4.62E-05,5.13E-05,5.03E-05,5.06E-05,4.76E-05,4.96E-05,4.54E-05,4.73E-05,4.74E-05,4.20E-05,4.79E-05,4.30E-05,4.33E-05,4.25E-05
YNL306W,4.19E-05,4.39E-05,4.60E-05,4.46E-05,5.13E-05,5.79E-05,6.10E-05,6.36E-05,6.37E-05,5.64E-05,6.69E-05,6.17E-05,5.79E-05,6.09E-05
YNL307C,0.000214788,0.000213618,0.000217074,0.000208363,0.000202136,0.000194597,0.000193962,0.000195801,0.000196249,0.000180264,0.000179484,0.000182224,0.000177087,0.000172335
YNL308C,6.99E-05,7.08E-05,7.25E-05,7.90E-05,7.91E-05,7.66E-05,6.51E-05,6.91E-05,6.93E-05,6.46E-05,7.11E-05,7.04E-05,7.10E-05,6.69E-05
YNL312W,6.21E-05,6.82E-05,6.64E-05,6.91E-05,5.64E-05,5.18E-05,5.28E-05,3.97E-05,3.98E-05,4.84E-05,5.01E-05,5.02E-05,4.66E-05,4.77E-05
YNL313C,4.57E-05,5.35E-05,5.23E-05,5.50E-05,5.13E-05,5.09E-05,4.74E-05,4.50E-05,4.51E-05,4.54E-05,4.51E-05,4.40E-05,4.27E-05,4.33E-05
YNL315C,6.81E-05,6.79E-05,6.78E-05,6.55E-05,8.30E-05,7.79E-05,9.11E-05,9.56E-05,9.58E-05,8.91E-05,9.03E-05,8.70E-05,8.71E-05,8.54E-05
YNL316C,1.56E-05,1.63E-05,1.67E-05,1.61E-05,1.32E-05,1.34E-05,1.49E-05,1.30E-05,1.30E-05,1.55E-05,1.43E-05,1.33E-05,1.40E-05,1.33E-05
YNL323W,1.96E-05,2.09E-05,2.11E-05,2.23E-05,2.22E-05,2.24E-05,2.69E-05,2.47E-05,2.48E-05,2.26E-05,1.96E-05,2.13E-05,2.39E-05,2.25E-05
YNL330C,3.51E-05,3.65E-05,3.33E-05,3.73E-05,3.59E-05,3.58E-05,3.45E-05,3.71E-05,3.72E-05,3.55E-05,3.63E-05,3.42E-05,3.54E-05,3.55E-05
YNR001C,0.004334836,0.004404847,0.004501491,0.00444818,0.005621821,0.006922638,0.007258951,0.007144623,0.007160896,0.007310696,0.006364562,0.006253612,0.005517054,0.005337226
YNR006W,2.42E-05,3.05E-05,2.99E-05,3.17E-05,2.86E-05,2.30E-05,1.90E-05,2.13E-05,2.13E-05,1.47E-05,1.88E-05,1.82E-05,1.99E-05,1.84E-05
YNR016C,0.004198091,0.004293751,0.004219934,0.004141951,0.004032984,0.004425773,0.004681585,0.004759843,0.004770716,0.004699528,0.004543644,0.004443386,0.004289702,0.004317459
YNR017W,0.000136922,0.000137364,0.000143431,0.000140354,0.000166659,0.000186526,0.000199906,0.000201554,0.000202014,0.000194244,0.000191214,0.000189734,0.000193802,0.00019277
YNR021W,0.000120311,0.000119681,0.000129131,0.000131757,0.000125099,0.000115645,0.000114063,0.000115684,0.000115948,0.000115845,0.00011085,0.000111078,0.000111187,0.000111091
YNR029C,1.46E-05,1.85E-05,1.72E-05,1.39E-05,1.49E-05,1.07E-05,1.16E-05,1.34E-05,1.35E-05,1.40E-05,1.17E-05,1.23E-05,1.62E-05,1.11E-05
YNR033W,2.11E-05,1.92E-05,2.35E-05,2.18E-05,2.01135E-05,2.38E-05,1.91E-05,2.07E-05,2.07E-05,2.32E-05,1.94E-05,2.03E-05,2.01E-05,1.70E-05
YNR034W,2.38E-05,1.79E-05,2.46E-05,2.26E-05,1.97E-05,2.13E-05,2.55E-05,2.69E-05,2.69E-05,2.77E-05,2.47E-05,2.65E-05,2.62E-05,1.96E-05
YNR035C,0.000224291,0.000222947,0.000223449,0.000236839,0.000216123,0.000194039,0.000173626,0.00018535,0.000185773,0.000175351,0.000169141,0.000175265,0.000175019,0.000171125
YNR037C,4.58E-05,4.68E-05,5.10E-05,4.75E-05,5.15E-05,5.72E-05,6.60E-05,6.25E-05,6.27E-05,6.63E-05,6.35E-05,6.49E-05,6.50E-05,6.90E-05
YNR040W,2.30E-05,2.14E-05,2.41E-05,2.53E-05,2.46E-05,2.41E-05,3.00E-05,3.48E-05,3.49E-05,2.94E-05,3.03E-05,2.97E-05,2.70E-05,2.81E-05
YNR043W,0.000812355,0.000821765,0.000824433,0.000839582,0.000732131,0.000729127,0.000738808,0.000730997,0.000732663,0.000769589,0.00077298,0.000749278,0.000694705,0.000712593
YNR046W,4.39E-05,4.32E-05,4.50E-05,4.63E-05,4.29E-05,4.67E-05,4.02E-05,4.26E-05,4.27E-05,4.21E-05,4.55E-05,3.89E-05,3.91E-05,4.19E-05
YNR050C,0.003003002,0.003006957,0.002961342,0.003022955,0.003264681,0.003178919,0.002976791,0.002907514,0.002914143,0.002999095,0.003039032,0.003012931,0.002977303,0.003028525
YNR051C,4.40E-05,4.19E-05,4.51E-05,4.57E-05,4.51E-05,4.54E-05,5.78E-05,5.87E-05,5.88E-05,4.68E-05,5.23E-05,5.13E-05,5.27E-05,5.10E-05
YNR053C,7.20E-05,7.37E-05,7.89E-05,7.97E-05,0.000100197,9.48E-05,0.000100892,0.000105618,0.000105858,0.000101405,0.000109983,0.000108815,0.000106629,0.000110566
YOL004W,5.50E-05,5.03E-05,5.15E-05,5.25E-05,5.10E-05,4.91E-05,4.91E-05,4.99E-05,5.00E-05,5.07E-05,4.77E-05,4.56E-05,4.74E-05,4.64E-05
YOL005C,4.67E-05,4.69E-05,5.17E-05,4.80E-05,4.61E-05,4.26E-05,4.71E-05,4.59E-05,4.60E-05,4.55E-05,3.89E-05,4.47E-05,4.38E-05,4.40E-05
YOL010W,4.37E-05,4.35E-05,4.71E-05,5.13E-05,5.42E-05,4.98E-05,4.17E-05,4.53E-05,4.54E-05,4.45E-05,4.31E-05,4.57E-05,4.56E-05,4.65E-05
YOL012C,7.23E-05,7.31E-05,7.60E-05,7.48E-05,6.28E-05,6.54E-05,6.54E-05,6.22E-05,6.23E-05,5.90E-05,6.22E-05,5.70E-05,5.72E-05,5.84E-05
YOL016C,2.64E-05,2.68E-05,2.46E-05,2.28E-05,2.20E-05,2.36E-05,2.78E-05,2.68E-05,2.68E-05,2.92E-05,2.82E-05,2.48E-05,2.63E-05,2.37E-05
YOL021C,7.78E-05,8.00E-05,8.49E-05,9.02E-05,8.08E-05,8.28E-05,8.20E-05,8.00E-05,8.02E-05,8.92E-05,8.36E-05,8.28E-05,8.19E-05,8.04E-05
YOL022C,2.06E-05,1.93E-05,2.03E-05,1.94E-05,1.76E-05,1.62E-05,1.54E-05,1.90E-05,1.91E-05,1.63E-05,1.58E-05,1.69E-05,1.91E-05,2.02E-05
YOL023W,1.54E-05,1.83E-05,1.80E-05,1.74E-05,2.45E-05,2.98E-05,2.84E-05,3.23E-05,3.23E-05,2.58E-05,2.73E-05,2.70E-05,2.40E-05,2.42E-05
YOL027C,0.00028009,0.000295622,0.00028607,0.000284063,0.000317618,0.000300431,0.000288543,0.000288369,0.000289026,0.000274347,0.000267598,0.000277593,0.000260215,0.000269551
YOL030W,0.000142023,0.00013551,0.000130194,0.000147416,0.000145306,0.00012374,0.00011094,0.00011059,0.000110842,0.000114851,0.000118523,0.000120578,0.000131416,0.000123065
YOL038W,0.000314979,0.000326235,0.000311894,0.000288382,0.000279377,0.000252048,0.000253657,0.000253922,0.000254503,0.000264488,0.000244691,0.000248139,0.000258337,0.000260272
YOL039W,0.001911315,0.001961519,0.002065991,0.002085829,0.00230534,0.002366613,0.002407321,0.002458079,0.002463691,0.002437071,0.002622267,0.00257128,0.00243789,0.002534016
YOL040C,0.000433471,0.000519275,0.000445344,0.000527346,0.000399132,0.000594658,0.000636462,0.00066584,0.000667336,0.000999408,0.000699502,0.00052857,0.0004171,0.000608389
YOL041C,9.11E-05,8.43E-05,9.33E-05,9.45E-05,9.68E-05,9.34E-05,9.67E-05,0.000102565,0.000102799,9.37E-05,0.000100504,9.87E-05,0.000103214,9.69E-05
YOL049W,0.000132121,0.000132244,0.00013315,0.000133062,0.000125365,0.000133108,0.000130743,0.000125504,0.000125791,0.000120297,0.000129809,0.000126063,0.000119088,0.000113979
YOL051W,1.12E-05,9.67E-06,1.07E-05,1.09E-05,1.06E-05,1.08E-05,1.23E-05,1.19E-05,1.19E-05,1.14E-05,9.81E-06,1.08E-05,1.14E-05,1.00E-05
YOL052C,3.56E-05,3.71E-05,3.56E-05,4.53E-05,3.91E-05,4.08E-05,3.48E-05,3.30E-05,3.31E-05,3.84E-05,3.42E-05,3.43E-05,3.89E-05,3.59E-05
YOL057W,9.08E-05,9.08E-05,9.83E-05,8.91E-05,7.65E-05,7.19E-05,7.31E-05,6.87E-05,6.89E-05,6.60E-05,6.48E-05,7.01E-05,7.07E-05,6.65E-05
YOL058W,0.002211694,0.002190937,0.001928518,0.001938869,0.001363673,0.00131069,0.001682528,0.001702614,0.001706496,0.001738024,0.001884433,0.001876067,0.001879154,0.001884468
YOL059W,0.000162618,0.000143762,0.000156339,0.000142907,0.000137064,0.00012614,0.000101926,9.82E-05,9.84E-05,9.42E-05,8.37E-05,8.74E-05,8.56E-05,8.76E-05
YOL060C,3.71E-05,3.49E-05,3.88E-05,3.68E-05,3.41E-05,3.38E-05,3.11E-05,3.59E-05,3.59E-05,3.24E-05,3.34E-05,2.93E-05,3.59E-05,3.45E-05
YOL061W,0.00022194,0.000215,0.00023229,0.000219896,0.000236983,0.000236127,0.000207463,0.000218674,0.000219174,0.000218931,0.000214984,0.000202347,0.000208676,0.00020431
YOL064C,0.00023609,0.000243512,0.000250993,0.000252069,0.000237544,0.000229816,0.000242368,0.000243816,0.000244371,0.000227241,0.000261863,0.000250355,0.000268105,0.00026447
YOL076W,1.73E-05,1.67E-05,1.30E-05,1.83E-05,1.60E-05,1.60E-05,1.88E-05,1.56E-05,1.57E-05,1.96E-05,1.89E-05,1.65E-05,2.03E-05,2.22E-05
YOL077C,6.54E-05,6.67E-05,7.24E-05,7.23E-05,7.39E-05,7.18E-05,6.69E-05,6.55E-05,6.57E-05,6.56E-05,7.31E-05,6.69E-05,6.89E-05,6.96E-05
YOL094C,2.32E-05,1.86E-05,2.30E-05,2.09E-05,2.70E-05,2.12E-05,2.60E-05,2.28E-05,2.28E-05,1.72E-05,2.92E-05,1.99E-05,1.94E-05,1.87E-05
YOL097C,0.000209679,0.000207652,0.000219622,0.00022151,0.000236349,0.000233425,0.00025169,0.000248431,0.000248999,0.000232048,0.000254355,0.000249072,0.000266639,0.000258051
YOL098C,0.000308165,0.000290978,0.000293375,0.000317831,0.000310491,0.000300577,0.000304226,0.00029852,0.0002992,0.000296362,0.000285817,0.000281716,0.000280417,0.000285693
YOL109W,0.001242103,0.001152342,0.001094487,0.001120936,0.001134743,0.001022441,0.001224965,0.001250581,0.001253411,0.001001616,0.001059158,0.000961965,0.000896274,0.000964993
YOL111C,8.74E-05,8.45E-05,8.97E-05,8.30E-05,7.97E-05,7.77E-05,7.73E-05,7.76E-05,7.78E-05,7.89E-05,7.54E-05,7.52E-05,7.50E-05,7.66E-05
YOL120C,0.002624923,0.002693556,0.002824593,0.002870253,0.003061537,0.003096127,0.003351506,0.003255761,0.003263135,0.003429438,0.003549797,0.003647982,0.003735833,0.003646374
YOL121C,0.002308106,0.002406493,0.002509935,0.002524546,0.002544451,0.002603286,0.003145007,0.003180324,0.003187552,0.002922338,0.00334054,0.003212211,0.003329985,0.003380832
YOL123W,9.19E-05,9.12E-05,8.86E-05,8.73E-05,8.88E-05,9.05E-05,8.73E-05,8.58E-05,8.60E-05,9.32E-05,8.97E-05,8.63E-05,9.31E-05,9.14E-05
YOL124C,2.06E-05,2.14E-05,2.46E-05,2.34E-05,2.45E-05,2.28E-05,1.69E-05,2.06E-05,2.07E-05,1.89E-05,1.92E-05,1.94E-05,2.07E-05,1.88E-05
YOL127W,0.002579994,0.002481534,0.002681011,0.002657472,0.002795696,0.002883338,0.002892943,0.003042203,0.003049151,0.002915967,0.003252909,0.003331704,0.003261463,0.003221324
YOL139C,0.000745032,0.000792699,0.000774589,0.000817348,0.000882943,0.00088705,0.000898453,0.000884498,0.000886524,0.000871313,0.000863736,0.000904589,0.000914528,0.000895198
YOL140W,0.00042815,0.000429073,0.000398891,0.000409837,0.000314316,0.000243278,0.000225374,0.000210731,0.000211213,0.000206691,0.000225352,0.000220157,0.00023705,0.000226406
YOL143C,0.000122493,0.000121876,0.000132057,0.000123673,0.000113648,9.93E-05,9.61E-05,9.79E-05,9.81E-05,9.11E-05,9.18E-05,9.94E-05,8.41E-05,9.25E-05
YOL145C,4.61E-05,4.57E-05,4.77E-05,4.64E-05,4.55E-05,4.48E-05,4.18E-05,4.59E-05,4.60E-05,4.45E-05,4.46E-05,4.12E-05,3.86E-05,4.23E-05
YOL147C,0.000230775,0.000196126,0.000207739,0.000194199,0.000206597,0.000170228,9.83157E-05,9.52E-05,9.54E-05,8.22E-05,7.39E-05,6.74E-05,6.53E-05,6.31E-05
YOR001W,3.96E-05,4.03E-05,4.41E-05,4.31E-05,4.57E-05,4.36E-05,3.88E-05,4.24E-05,4.25E-05,3.36E-05,3.82E-05,3.65E-05,4.16E-05,3.73E-05
YOR007C,0.00076592,0.000761178,0.000774276,0.00077122,0.000755207,0.000705207,0.000685588,0.000689003,0.000690576,0.000677304,0.000716124,0.000693261,0.000672957,0.000668196
YOR016C,3.16E-05,3.17E-05,3.18E-05,3.58E-05,3.05E-05,3.05E-05,2.38E-05,2.31E-05,2.32E-05,2.41E-05,2.53E-05,2.37E-05,2.51E-05,2.13E-05
YOR020C,0.000977393,0.000961377,0.001019566,0.000857192,0.001146437,0.001145711,0.001518291,0.00147511,0.001478477,0.00114282,0.000959946,0.001104493,0.00101013,0.001110403
YOR021C,0.000113595,0.000117856,0.000115543,0.000123986,0.000130356,0.000132099,0.000120488,0.000128705,0.000128999,0.000128001,0.00012484,0.000119157,0.00012523,0.000132706
YOR027W,0.00183013,0.001777606,0.00171252,0.001724008,0.001555253,0.001469707,0.001305679,0.00126664,0.001269522,0.001238088,0.001236998,0.001213012,0.001263793,0.001241032
YOR039W,3.69E-05,3.38E-05,4.25E-05,4.01E-05,4.34E-05,3.98E-05,3.95E-05,3.79E-05,3.79E-05,3.23E-05,3.43E-05,3.41E-05,3.48E-05,3.29E-05
YOR042W,0.000134269,0.000141619,0.000130159,0.000125861,0.000112701,0.000101325,0.000112066,0.000105982,0.000106224,0.000101223,0.000104701,9.34E-05,0.00010485,9.59E-05
YOR043W,2.61E-05,2.85E-05,2.68E-05,2.65E-05,2.39E-05,2.24E-05,2.49E-05,2.83E-05,2.84E-05,2.67E-05,2.44E-05,2.21E-05,2.49E-05,2.44E-05
YOR046C,0.000196157,0.000192146,0.000207006,0.000207551,0.000200205,0.000210157,0.000201225,0.00021279,0.000213276,0.000201162,0.000207856,0.00020752,0.000207775,0.000204064
YOR048C,1.73E-05,1.20E-05,1.28E-05,8.11E-06,1.22E-05,1.65E-05,1.00E-05,8.66E-06,8.68E-06,1.22E-05,1.12E-05,8.17E-06,1.62E-05,1.66E-05
YOR056C,1.63E-05,1.74E-05,1.82E-05,1.67E-05,2.01E-05,1.66E-05,1.72E-05,1.89E-05,1.89E-05,1.79E-05,2.02E-05,1.76E-05,1.88E-05,1.87E-05
YOR057W,3.29E-05,3.68E-05,4.10E-05,4.44E-05,3.88E-05,3.64E-05,3.78E-05,3.57E-05,3.58E-05,2.97E-05,3.33E-05,3.29E-05,3.45E-05,3.28E-05
YOR061W,0.000239702,0.000217907,0.000217267,0.000226651,0.000238152,0.000249157,0.000233026,0.000247886,0.000248448,0.000243624,0.000211606,0.000214813,0.000226488,0.000217726
YOR063W,0.005960584,0.006135385,0.006552159,0.006440928,0.007056027,0.006811121,0.007216396,0.007189817,0.007206205,0.007280145,0.007485253,0.007595385,0.007913489,0.008018166
YOR065W,0.000705099,0.000700648,0.00066889,0.000657448,0.000740551,0.000766929,0.000843586,0.000850122,0.00085206,0.000902954,0.000847072,0.000874821,0.000808466,0.000838631
YOR069W,3.97E-05,4.24E-05,4.25E-05,4.18E-05,3.50E-05,3.62E-05,3.40E-05,3.91E-05,3.92E-05,3.94E-05,3.46E-05,3.71E-05,3.39E-05,3.23E-05
YOR074C,4.86E-05,4.58E-05,5.14E-05,5.17E-05,5.29E-05,4.45E-05,4.86E-05,4.69E-05,4.70E-05,4.95E-05,5.04E-05,5.22E-05,5.18E-05,5.10E-05
YOR084W,4.91E-05,4.63E-05,4.59E-05,5.84E-05,5.11E-05,4.41E-05,1.97E-05,2.58E-05,2.58E-05,2.86E-05,1.98E-05,1.99E-05,1.31E-05,1.90E-05
YOR086C,8.03E-05,8.25E-05,8.41E-05,8.33E-05,7.94E-05,7.46E-05,7.02E-05,6.91E-05,6.92E-05,6.70E-05,6.79E-05,7.25E-05,6.69E-05,6.59E-05
YOR087W,4.12E-05,4.56E-05,4.40E-05,4.37E-05,4.20E-05,3.74E-05,3.43E-05,3.29E-05,3.29E-05,3.63E-05,3.40E-05,3.42E-05,3.69E-05,3.47E-05
YOR089C,9.68E-05,8.91E-05,9.88E-05,9.58E-05,8.29E-05,7.45E-05,7.71E-05,7.92E-05,7.93E-05,6.81E-05,7.15E-05,7.38E-05,7.37E-05,7.22E-05
YOR091W,3.83E-05,3.98E-05,4.35E-05,4.22E-05,3.77E-05,4.55E-05,4.42E-05,4.11E-05,4.12E-05,4.26E-05,3.95E-05,4.17E-05,4.41E-05,4.17E-05
YOR095C,0.000143904,0.00014705,0.000170527,0.000178771,0.000187195,0.000200075,0.000163463,0.00017038,0.00017077,0.000154006,0.000151255,0.000137862,0.000140345,0.000141168
YOR096W,0.001880265,0.00185191,0.001911706,0.00191003,0.002106482,0.002237032,0.002278802,0.002267993,0.002273186,0.00227849,0.002398327,0.002495655,0.002495059,0.002502285
YOR098C,1.74E-05,1.42E-05,1.71E-05,1.21E-05,1.95E-05,2.21E-05,1.96E-05,2.10E-05,2.10E-05,1.63E-05,2.38E-05,1.85E-05,2.09E-05,2.38E-05
YOR099W,8.22E-05,7.61E-05,8.22E-05,8.44E-05,7.10E-05,6.64E-05,6.86E-05,7.11E-05,7.13E-05,7.01E-05,7.03E-05,7.21E-05,7.07E-05,7.61E-05
YOR108W,2.49E-05,2.90E-05,2.49E-05,3.11E-05,3.01E-05,3.42E-05,3.44E-05,3.75E-05,3.76E-05,3.79E-05,3.94E-05,4.05E-05,4.24E-05,4.39E-05
YOR109W,5.83E-05,6.12E-05,6.17E-05,6.09E-05,5.90E-05,5.51E-05,6.37E-05,6.29E-05,6.31E-05,5.79E-05,5.90E-05,5.85E-05,5.95E-05,5.82E-05
YOR112W,4.41E-05,4.34E-05,4.97E-05,4.74E-05,4.42E-05,4.51E-05,4.67E-05,4.45E-05,4.46E-05,4.07E-05,3.90E-05,4.03E-05,4.21E-05,4.00E-05
YOR116C,6.48E-05,6.76E-05,7.09E-05,5.82E-05,7.39E-05,7.16E-05,6.61E-05,7.39E-05,7.41E-05,7.12E-05,7.53E-05,7.57E-05,7.80E-05,7.46E-05
YOR117W,0.000475502,0.000486104,0.000478235,0.000472502,0.000442983,0.000437409,0.000417956,0.000422262,0.000423224,0.000399339,0.000392362,0.000395475,0.000407981,0.000389827
YOR120W,0.000255595,0.000261697,0.000216408,0.000212254,0.00014169,0.00013823,7.66E-05,6.31E-05,6.32E-05,5.28E-05,4.11E-05,4.05E-05,2.66E-05,3.98E-05
YOR122C,0.000237849,0.000245524,0.000245044,0.000265917,0.000209032,0.000216213,0.000222366,0.000234567,0.000235097,0.00021421,0.000212327,0.000207137,0.000213928,0.000195749
YOR123C,4.13E-05,3.85E-05,3.68E-05,4.16E-05,3.74E-05,3.47E-05,3.57E-05,3.89E-05,3.90E-05,3.68E-05,3.67E-05,3.67E-05,3.92E-05,3.42E-05
YOR124C,2.06E-05,1.98E-05,2.09E-05,2.09E-05,2.24E-05,1.91E-05,2.00E-05,1.80E-05,1.81E-05,1.80E-05,2.06E-05,1.70E-05,1.57E-05,1.63E-05
YOR128C,0.000685183,0.00069045,0.000706345,0.000707121,0.000718931,0.000679304,0.000676294,0.000682411,0.000683971,0.000697875,0.00069532,0.0007012,0.000737959,0.000707625
YOR131C,3.75E-05,3.70E-05,4.28E-05,3.29E-05,3.97E-05,3.80E-05,4.01E-05,3.96E-05,3.97E-05,3.62E-05,3.74E-05,3.97E-05,3.69E-05,3.63E-05
YOR136W,0.001520318,0.001521854,0.001748022,0.001721747,0.002263726,0.002636304,0.003201474,0.003057377,0.003064363,0.00293541,0.0028459,0.002855496,0.002589005,0.002524765
YOR138C,1.73E-05,1.41E-05,1.70E-05,1.43E-05,1.32E-05,1.10E-05,1.42E-05,1.30E-05,1.30E-05,1.22E-05,1.25E-05,1.22E-05,1.46E-05,1.13E-05
YOR141C,2.12E-05,2.03E-05,2.20E-05,2.96E-05,2.96E-05,2.07E-05,1.74E-05,1.90E-05,1.90E-05,1.64E-05,1.72E-05,1.53E-05,1.03E-05,1.75E-05
YOR142W,0.001355271,0.001306503,0.001336994,0.001342655,0.001305646,0.001138114,0.000888883,0.000850612,0.000852555,0.000863809,0.000730333,0.000759069,0.000703717,0.000657885
YOR145C,1.72E-05,1.49E-05,1.86E-05,1.49E-05,1.94E-05,1.83E-05,1.91E-05,1.99E-05,1.99E-05,2.00E-05,2.03E-05,2.12E-05,1.97E-05,2.67E-05
YOR150W,5.16E-05,5.32E-05,5.83E-05,5.52E-05,6.44E-05,6.42E-05,7.04E-05,6.65E-05,6.67E-05,7.27E-05,7.12E-05,6.69E-05,6.78E-05,6.77E-05
YOR151C,0.000186774,0.000186986,0.000201642,0.000199386,0.000200002,0.000191811,0.000197137,0.000191348,0.000191784,0.000192667,0.000196699,0.000200956,0.000200318,0.000204049
YOR153W,4.46E-05,4.51E-05,5.81E-05,5.71E-05,5.72E-05,5.01E-05,4.28E-05,4.21E-05,4.22E-05,3.59E-05,3.02E-05,3.33E-05,3.46E-05,3.63E-05
YOR155C,4.79E-05,4.21E-05,4.87E-05,4.65E-05,4.09E-05,3.59E-05,3.58E-05,4.01E-05,4.02E-05,3.59E-05,3.83E-05,3.92E-05,3.85E-05,3.83E-05
YOR157C,4.13E-05,4.73E-05,4.28E-05,5.02E-05,3.93E-05,4.03E-05,4.27E-05,4.26E-05,4.27E-05,4.60E-05,4.84E-05,4.81E-05,4.79E-05,5.01E-05
YOR158W,6.94E-05,7.04E-05,6.92E-05,6.35E-05,8.20E-05,9.16E-05,9.45E-05,9.14E-05,9.16E-05,9.85E-05,9.02E-05,9.05E-05,9.07E-05,8.94E-05
YOR164C,4.01E-05,3.73E-05,4.17E-05,4.14E-05,3.74E-05,3.32E-05,3.66E-05,3.46E-05,3.47E-05,3.45E-05,3.39E-05,3.80E-05,3.74E-05,4.02E-05
YOR165W,0.00016534,0.000167511,0.000161211,0.000164818,0.00016212,0.00015201,0.000148705,0.000146324,0.000146657,0.000144677,0.000140062,0.000143284,0.000138196,0.000133005
YOR167C,0.000840621,0.000827165,0.000848146,0.000876245,0.000886829,0.000990068,0.001121559,0.001153482,0.001156098,0.001062064,0.00119542,0.001126839,0.001118366,0.001166833
YOR168W,0.000476245,0.000478192,0.000518668,0.000513564,0.00056052,0.000545288,0.000582101,0.000573892,0.0005752,0.000565049,0.000598031,0.000565275,0.000571025,0.000576323
YOR176W,7.09E-05,6.93E-05,7.11E-05,7.18E-05,6.44E-05,6.13E-05,6.22E-05,6.34E-05,6.35E-05,7.62E-05,6.49E-05,6.83E-05,6.97E-05,6.91E-05
YOR182C,0.000361993,0.000338003,0.000368029,0.000384089,0.000395925,0.000420037,0.000467705,0.000462286,0.00046334,0.000472497,0.000449028,0.000475138,0.000520494,0.000531046
YOR184W,0.000655087,0.000668131,0.000668049,0.000687591,0.000680555,0.000685757,0.000688769,0.000689253,0.00069083,0.000705674,0.000730379,0.000713245,0.000738183,0.000758453
YOR187W,0.001082232,0.001062912,0.001126129,0.001027282,0.001306313,0.001411561,0.001520121,0.001509122,0.001512575,0.00143325,0.001379051,0.001533658,0.001540174,0.001530242
YOR196C,2.67E-05,3.01E-05,3.53E-05,3.20E-05,3.69E-05,3.63E-05,4.07E-05,3.72E-05,3.73E-05,3.77E-05,3.93E-05,3.64E-05,4.02E-05,3.67E-05
YOR198C,0.000849646,0.000837356,0.000859948,0.000848056,0.000806163,0.000789313,0.000795421,0.000800058,0.000801881,0.000722713,0.000765541,0.000758768,0.000738824,0.000727268
YOR202W,0.000143988,0.000131972,0.000133533,0.000119416,0.000118706,0.000109587,0.000118779,0.000119479,0.000119751,0.000114341,0.000122252,0.000124832,0.000124986,0.000134206
YOR204W,0.000856828,0.000899127,0.000910536,0.000941007,0.001006594,0.001019186,0.001116888,0.001133805,0.001136397,0.001168472,0.001198099,0.001215963,0.001182186,0.001215935
YOR206W,7.25E-05,7.11E-05,7.67E-05,8.11E-05,7.44E-05,8.25E-05,7.00E-05,7.10E-05,7.11E-05,7.03E-05,7.36E-05,7.41E-05,4.32E-05,6.44E-05
YOR207C,5.09E-05,5.03E-05,5.55E-05,5.49E-05,5.48E-05,5.62E-05,5.10E-05,5.38E-05,5.39E-05,5.30E-05,5.42E-05,5.36E-05,5.52E-05,5.31E-05
YOR209C,0.000315167,0.000318603,0.00033106,0.00033637,0.000330487,0.000310678,0.000337709,0.00033675,0.00033752,0.00033284,0.000332773,0.000332009,0.000350392,0.000345008
YOR210W,2.86E-05,3.12E-05,3.19E-05,3.34E-05,3.52E-05,3.40E-05,3.27E-05,2.10E-05,2.11E-05,3.60E-05,3.29E-05,3.26E-05,3.50E-05,3.21E-05
YOR211C,5.58E-05,5.01E-05,5.62E-05,5.85E-05,6.48E-05,6.39E-05,6.23E-05,6.15E-05,6.17E-05,6.11E-05,6.45E-05,5.52E-05,5.91E-05,5.75E-05
YOR215C,8.44E-05,8.60E-05,7.86E-05,7.46E-05,7.18E-05,6.06E-05,5.37E-05,5.15E-05,5.16E-05,4.82E-05,4.69E-05,4.54E-05,3.46E-05,4.09E-05
YOR216C,1.42E-05,1.08E-05,1.24E-05,1.21E-05,1.23E-05,1.39E-05,1.23E-05,1.22E-05,1.22E-05,1.07E-05,1.41E-05,1.16E-05,1.51E-05,1.20E-05
YOR217W,2.40E-05,2.19E-05,2.06E-05,2.45E-05,2.23E-05,2.32E-05,1.80E-05,1.97E-05,1.98E-05,1.81E-05,1.92E-05,1.41E-05,1.79E-05,1.89E-05
YOR220W,5.24E-05,4.91E-05,4.84E-05,4.37E-05,2.67E-05,3.06E-05,3.82E-05,4.03E-05,4.04E-05,3.52E-05,3.41E-05,3.54E-05,3.22E-05,3.17E-05
YOR222W,0.000108851,0.000114351,0.000121865,0.000113935,0.000127113,0.000120882,0.000144396,0.000146566,0.0001469,0.000131912,0.00014843,0.000142343,0.000146995,0.000144582
YOR224C,3.81E-05,4.11E-05,3.81E-05,4.16E-05,3.89E-05,4.35E-05,4.01E-05,4.28E-05,4.29E-05,4.22E-05,4.68E-05,4.07E-05,4.41E-05,4.70E-05
YOR230W,0.001920819,0.001808491,0.001582613,0.001553422,0.000893694,0.000807224,0.000791013,0.000821679,0.000823548,0.000836978,0.000818945,0.000803371,0.00079174,0.000760806
YOR232W,0.000335587,0.000329114,0.000356118,0.000358153,0.00037541,0.000391447,0.000429239,0.000440487,0.00044149,0.000444933,0.000439458,0.000451084,0.000412515,0.000406155
YOR234C,0.00021738,0.000234955,0.000252723,0.000258215,0.000268636,0.000293057,0.000277886,0.000289117,0.000289778,0.000269449,0.000275043,0.000283812,0.000272225,0.000290618
YOR239W,6.84E-05,6.21E-05,6.68E-05,7.00E-05,6.75E-05,6.58E-05,6.69E-05,6.61E-05,6.63E-05,5.81E-05,6.59E-05,6.09E-05,6.87E-05,6.07E-05
YOR241W,4.71E-05,4.54E-05,4.85E-05,4.55E-05,4.84E-05,4.53E-05,4.68E-05,4.59E-05,4.60E-05,4.24E-05,4.31E-05,4.49E-05,4.51E-05,4.23E-05
YOR243C,7.58E-05,7.64E-05,8.22E-05,8.50E-05,9.14E-05,8.68E-05,8.36E-05,8.05E-05,8.06E-05,7.45E-05,8.73E-05,8.60E-05,8.48E-05,8.13E-05
YOR251C,0.000112176,0.00011678,0.00012044,0.000112768,0.000112399,9.86E-05,9.89E-05,0.000106042,0.000106286,0.000106951,0.00010182,9.96E-05,0.000104196,9.65559E-05
YOR254C,0.000154775,0.000152455,0.00016548,0.000172982,0.000172451,0.000170599,0.000155199,0.000155331,0.000155686,0.000152291,0.000144229,0.000150342,0.000155197,0.00014415
YOR259C,0.000226668,0.000234834,0.000230757,0.000227735,0.000212081,0.000195666,0.000183344,0.000196174,0.000196621,0.000200056,0.000193669,0.000197867,0.000191017,0.000196548
YOR260W,6.09E-05,6.04E-05,6.20E-05,6.19E-05,5.92E-05,6.35E-05,5.82E-05,6.48E-05,6.49E-05,6.02E-05,6.68E-05,6.16E-05,6.14E-05,6.17E-05
YOR261C,0.000267103,0.00024531,0.00026046,0.000262094,0.000235323,0.000228913,0.000191885,0.00020759,0.000208063,0.000193871,0.000195505,0.000190065,0.00019415,0.00018546
YOR265W,9.90E-05,0.00010112,9.70E-05,9.99E-05,8.92E-05,8.15E-05,7.42E-05,7.16E-05,7.18E-05,7.37E-05,7.01E-05,7.46E-05,7.20E-05,7.09E-05
YOR270C,0.000145929,0.000140665,0.000151675,0.000141148,0.000144618,0.000133693,0.000110894,0.000113369,0.000113628,0.000106455,0.00011905,0.000116471,0.000129799,0.000121853
YOR271C,0.000132608,0.000134141,0.000140818,0.000135986,0.000146462,0.00012939,0.000118662,0.000120207,0.00012048,0.000117431,0.000117971,0.000116334,0.00012164,0.000120817
YOR272W,8.74E-05,9.01E-05,9.69E-05,9.29E-05,9.45E-05,9.11E-05,8.35E-05,7.89E-05,7.91E-05,7.95E-05,8.95E-05,9.02E-05,8.75E-05,9.22E-05
YOR276W,0.00011221,0.000117606,0.000125528,0.000119877,0.000152565,0.000150828,0.000168009,0.000171882,0.000172274,0.000160535,0.000172254,0.000166506,0.000170832,0.000170652
YOR280C,3.13E-05,3.10E-05,3.07E-05,3.25E-05,2.40E-05,2.14E-05,2.82E-05,3.30E-05,3.31E-05,2.65E-05,2.59E-05,2.28855E-05,2.06E-05,2.52E-05
YOR283W,1.65E-05,1.60E-05,2.08E-05,2.03E-05,2.00E-05,2.12E-05,2.07E-05,2.50E-05,2.50E-05,1.68E-05,2.38E-05,2.35E-05,2.40E-05,2.18E-05
YOR285W,0.001449617,0.001471841,0.001383739,0.001434758,0.001451109,0.001268381,0.000863828,0.000884206,0.000886231,0.000769919,0.000671335,0.000707878,0.000674558,0.000656137
YOR286W,0.000142487,0.000140157,0.000140632,0.000132778,0.000148048,0.000166755,0.00019137,0.00019435,0.000194791,0.000188755,0.000192557,0.000178664,0.000157167,0.000179029
YOR290C,1.31E-05,1.17E-05,9.68E-06,1.58E-05,1.47E-05,1.27E-05,1.17E-05,1.37E-05,1.37E-05,1.20E-05,1.33E-05,1.30E-05,1.23E-05,1.19E-05
YOR293W,0.001305357,0.001236496,0.001272709,0.001319115,0.001624397,0.001626975,0.001629677,0.001676828,0.001680663,0.001587254,0.001717836,0.001731204,0.001780984,0.001810275
YOR298C-A,0.000426401,0.000421446,0.000473223,0.000456314,0.000418005,0.000406013,0.000456877,0.000461019,0.000462064,0.000467403,0.000481488,0.000489753,0.000503475,0.000484338
YOR303W,0.00016484,0.000163868,0.00020183,0.000196136,0.000285074,0.000250836,0.000220923,0.000210278,0.000210757,0.000199461,0.000231615,0.000228186,0.000248406,0.000268431
YOR304W,4.33E-06,7.07E-06,1.04E-05,5.08E-06,9.99E-06,9.58E-06,3.85E-06,0,0,3.09E-06,6.51E-06,3.91E-06,1.13E-05,7.95E-06
YOR310C,0.000566307,0.000568209,0.000587883,0.00059449,0.00064836,0.000686125,0.000671913,0.000650619,0.000652103,0.000629901,0.00068483,0.000656759,0.000673401,0.000671488
YOR312C,0.003468615,0.003429661,0.003771266,0.003755388,0.004104357,0.004224239,0.004427921,0.004356366,0.004366299,0.004220647,0.00441287,0.004621112,0.004629412,0.004756921
YOR317W,0.000599766,0.000600755,0.000551176,0.000563239,0.000400078,0.000283651,0.000216846,0.000215506,0.000215999,0.000219306,0.000245534,0.000241365,0.00030299,0.000308867
YOR320C,1.34E-05,1.32E-05,1.32E-05,1.30E-05,1.18E-05,9.81E-06,6.68E-06,1.00E-05,1.00E-05,6.00E-06,7.44E-06,7.32E-06,9.01E-06,7.22E-06
YOR323C,0.000431034,0.000441024,0.000446489,0.00045705,0.000423846,0.000388005,0.000426902,0.000417409,0.00041836,0.000406618,0.000423439,0.000442716,0.000428473,0.000443829
YOR326W,0.000128087,0.00012821,0.000135353,0.000130749,0.000134883,0.000123265,0.000130231,0.000127583,0.000127874,0.000120184,0.000123089,0.000115108,0.000128627,0.000127596
YOR332W,0.000665114,0.000664979,0.000690722,0.000698219,0.000692664,0.000681421,0.000739563,0.000764654,0.000766394,0.000731885,0.000760966,0.000790195,0.000768173,0.000800571
YOR335C,0.001393227,0.00131887,0.001400443,0.001414729,0.001509342,0.001539934,0.001638381,0.001632396,0.00163613,0.001557512,0.001625951,0.001632326,0.001594286,0.001588343
YOR340C,5.90E-05,6.09E-05,5.61E-05,6.20E-05,6.51606E-05,6.24E-05,5.69E-05,5.74E-05,5.75E-05,5.83E-05,5.94E-05,5.98E-05,6.13E-05,6.28E-05
YOR341W,0.000418393,0.000428011,0.000466905,0.000474851,0.00048814,0.000502068,0.000486257,0.000487303,0.000488415,0.000478328,0.00050056,0.000499187,0.000500431,0.000500384
YOR347C,2.34E-05,2.44E-05,2.71E-05,2.46E-05,2.12E-05,1.15E-05,1.69E-05,1.88E-05,1.89E-05,2.09E-05,1.83E-05,1.93E-05,1.61E-05,1.47E-05
YOR354C,0.000143455,0.000141411,0.000153024,0.000145135,0.000168722,0.000196747,0.000202837,0.000201497,0.000201958,0.000203218,0.000197974,0.000200208,0.000195296,0.000189623
YOR356W,0.000373607,0.000374959,0.000336169,0.000336983,0.000334833,0.000319888,0.000301712,0.000305467,0.000306164,0.000304837,0.000290187,0.000297078,0.000275991,0.000270948
YOR361C,0.000507671,0.000515664,0.000545437,0.000541622,0.000581343,0.000568986,0.000561616,0.000571753,0.000573061,0.000573611,0.000577428,0.000558542,0.000558761,0.000553671
YOR362C,0.000537988,0.000502273,0.000561312,0.000573863,0.000516142,0.000483039,0.00050339,0.000472547,0.000473624,0.000477958,0.000482662,0.000487458,0.000481258,0.000469206
YOR369C,0.001962613,0.002021721,0.00226557,0.002239013,0.002403366,0.002473637,0.002738542,0.00265831,0.002664368,0.002560791,0.002722559,0.002750688,0.002619918,0.002735957
YOR370C,2.55E-05,2.65E-05,3.17E-05,2.93E-05,3.17E-05,3.07E-05,2.88E-05,3.21E-05,3.22E-05,3.03E-05,2.95E-05,2.93E-05,2.76E-05,2.65E-05
YOR374W,0.039793442,0.040452407,0.038642955,0.038886803,0.035891863,0.026777264,0.006100413,0.005953468,0.005967025,0.005798811,0.00450688,0.004213362,0.003786862,0.0033043
YOR375C,0.007584986,0.007554356,0.007954326,0.008421207,0.0075985,0.007691803,0.006699309,0.006650946,0.006666103,0.006623172,0.007182234,0.006911281,0.007229373,0.007271999
YPL004C,0.001249781,0.001204644,0.001094004,0.001056646,0.000921759,0.000805326,0.000677392,0.000680667,0.000682222,0.000644918,0.000603414,0.000622899,0.000594416,0.000534242
YPL009C,4.24E-05,4.77E-05,4.60E-05,4.25E-05,4.17E-05,4.53E-05,4.49E-05,4.63E-05,4.64E-05,4.02E-05,3.85E-05,4.44E-05,4.30E-05,3.77E-05
YPL010W,5.54E-05,5.95E-05,4.98E-05,5.80E-05,5.74E-05,5.20E-05,5.14E-05,5.04E-05,5.06E-05,5.29E-05,5.07E-05,5.23E-05,5.18E-05,5.46E-05
YPL012W,0.000116301,0.000121524,0.000119441,0.000124366,0.000134956,0.000136722,0.000125474,0.000120433,0.000120708,0.000122468,0.000127604,0.000117842,0.000123422,0.00012154
YPL013C,2.95E-05,3.10E-05,3.32E-05,3.15E-05,3.77E-05,4.00E-05,3.68E-05,4.01E-05,4.02E-05,3.84E-05,4.17E-05,3.79E-05,3.99E-05,3.89E-05
YPL023C,5.20E-05,4.74E-05,4.53E-05,5.12E-05,5.14E-05,4.74E-05,4.66E-05,4.86E-05,4.87E-05,4.77E-05,4.94E-05,4.24E-05,4.43E-05,4.30E-05
YPL028W,0.001177409,0.001171124,0.001129272,0.001146712,0.000855399,0.000815789,0.000847981,0.000836909,0.000838818,0.000844803,0.000794625,0.000800164,0.000762128,0.000781407
YPL031C,5.83E-05,5.63E-05,5.90E-05,5.79E-05,5.65E-05,4.84E-05,5.45E-05,5.53E-05,5.54E-05,4.91E-05,5.02E-05,4.91E-05,4.98E-05,4.36E-05
YPL032C,6.03E-05,6.36E-05,6.04E-05,6.06E-05,5.60E-05,5.64E-05,7.19E-05,6.69E-05,6.70E-05,7.03E-05,7.02E-05,6.68E-05,6.83E-05,6.71E-05
YPL036W,2.75E-05,1.78E-05,1.41E-05,9.08E-06,1.45E-05,4.97E-06,7.02E-06,1.34E-05,1.34E-05,1.96E-05,5.20E-06,7.18E-06,5.21E-06,1.70E-05
YPL037C,0.000901542,0.000929909,0.000986965,0.000923098,0.000947639,0.000932171,0.000844202,0.000881096,0.000883112,0.000858997,0.000858279,0.000830049,0.000856816,0.000869357
YPL043W,1.99E-05,1.72E-05,2.02E-05,1.61E-05,2.47E-05,2.24E-05,2.35E-05,2.41E-05,2.41E-05,2.38E-05,2.52E-05,2.64E-05,2.74E-05,2.70E-05
YPL048W,0.000768365,0.000747404,0.000806208,0.000779779,0.000746636,0.000722906,0.000798361,0.000740936,0.000742629,0.000755797,0.000760363,0.000768706,0.000756696,0.000721745
YPL049C,1.51E-05,1.88E-05,1.70E-05,1.34E-05,1.55E-05,1.51E-05,1.75E-05,1.60E-05,1.60E-05,1.80E-05,1.57E-05,1.70E-05,1.88E-05,1.99E-05
YPL050C,5.35E-05,5.04E-05,5.98E-05,5.78E-05,5.78E-05,5.43E-05,5.02E-05,5.06E-05,5.07E-05,5.03E-05,5.17E-05,5.04E-05,5.09E-05,5.16E-05
YPL053C,2.09E-05,2.02E-05,2.07E-05,2.39E-05,2.00E-05,2.03E-05,2.03E-05,2.16E-05,2.16E-05,1.77E-05,2.09E-05,2.07E-05,2.10E-05,2.02E-05
YPL058C,0.000150686,0.000171404,0.000125378,0.000140148,0.000286027,0.000408109,0.000167681,0.000138926,0.000139243,0.000127826,0.000128429,9.97E-05,9.66E-05,7.64E-05
YPL059W,0.000128705,0.000130375,0.000130062,0.000127554,0.000130199,0.000127383,0.000143417,0.000153854,0.000154206,0.000151732,0.000155205,0.000155315,0.000143375,0.000156267
YPL061W,0.01425677,0.013949126,0.015905729,0.015448177,0.014075324,0.014113824,0.007695388,0.008164217,0.008182863,0.008080818,0.007854566,0.007650759,0.00784046,0.007796692
YPL063W,0.000196376,0.000194581,0.0002043,0.000201074,0.000225555,0.000230193,0.000231731,0.000236869,0.000237409,0.000235118,0.000222252,0.000221161,0.000217977,0.000218965
YPL078C,0.001159487,0.001181204,0.001164778,0.001152966,0.001229428,0.001260015,0.001334176,0.001316903,0.001319906,0.001236337,0.001195136,0.001250669,0.001185206,0.001124674
YPL079W,0.000116379,0.000106396,0.000112871,0.0001162,0.000139096,0.000106206,0.00011908,0.000103626,0.000103863,0.000120782,0.000131203,0.000116226,0.000131047,0.000129787
YPL081W,3.98E-05,4.22E-05,4.30E-05,4.49E-05,4.32E-05,4.16E-05,5.13E-05,5.07E-05,5.08E-05,4.44E-05,4.70E-05,4.60E-05,4.75E-05,3.88E-05
YPL082C,1.68E-05,1.13E-05,1.67E-05,1.31E-05,1.79E-05,1.47E-05,1.60E-05,1.93E-05,1.93E-05,1.87E-05,1.47E-05,1.50E-05,1.79E-05,1.70E-05
YPL084W,3.25E-05,3.48E-05,3.25E-05,3.59E-05,3.08E-05,2.45E-05,2.56E-05,2.42E-05,2.42E-05,2.09E-05,2.22E-05,2.12E-05,2.12E-05,2.19E-05
YPL086C,3.92E-05,3.67E-05,4.28E-05,4.16E-05,4.46E-05,4.54E-05,4.84E-05,4.62E-05,4.63E-05,4.79E-05,4.70E-05,4.75E-05,4.46E-05,4.86E-05
YPL091W,0.000348297,0.00034338,0.000352349,0.000353016,0.000330884,0.000326244,0.000329372,0.000319261,0.000319992,0.000338979,0.000329642,0.000339649,0.000337944,0.00035303
YPL093W,0.000190163,0.000194327,0.000205192,0.000209156,0.000220168,0.000220269,0.000229175,0.000235481,0.000236017,0.00022972,0.000258698,0.000242487,0.000241393,0.000250746
YPL094C,2.96E-05,3.04E-05,2.93E-05,3.01E-05,2.85E-05,2.77E-05,2.64E-05,2.49E-05,2.49E-05,2.34E-05,2.31E-05,2.45E-05,2.26E-05,2.29E-05
YPL097W,0.000118239,0.000136351,0.000120273,0.00014009,0.000150839,0.000178785,0.0001966,0.000200191,0.000200649,0.000195735,0.000190842,0.000197167,0.000174313,0.000165096
YPL104W,1.39E-05,1.64E-05,1.17E-05,1.58E-05,1.58E-05,1.87E-05,1.88E-05,2.28E-05,2.28E-05,1.96E-05,2.05E-05,1.78E-05,1.79E-05,1.93E-05
YPL105C,5.01E-05,5.00E-05,5.30E-05,5.16E-05,5.10E-05,5.05E-05,4.82E-05,4.70E-05,4.71E-05,3.99E-05,4.19E-05,4.68E-05,4.12E-05,4.03E-05
YPL106C,0.003301124,0.003261356,0.003422491,0.003340043,0.00351411,0.003538004,0.00332122,0.003314159,0.003321738,0.003195889,0.003296063,0.003216395,0.003337244,0.003313993
YPL111W,1.95E-05,1.99E-05,2.03E-05,2.04E-05,1.67E-05,1.93E-05,1.94E-05,1.93E-05,1.93E-05,1.79E-05,1.78E-05,1.76E-05,1.64E-05,1.88E-05
YPL112C,0.00032682,0.000315555,0.000337282,0.000326439,0.000349283,0.000334426,0.000373864,0.000383551,0.000384426,0.000343922,0.000344066,0.000327992,0.00032986,0.000330127
YPL116W,1.70E-05,1.84E-05,1.93E-05,1.39E-05,1.71E-05,1.65E-05,1.83E-05,1.65E-05,1.66E-05,1.83E-05,1.94E-05,1.83E-05,1.70E-05,1.44E-05
YPL117C,0.000189614,0.000186011,0.000210134,0.000202807,0.000196724,0.000188368,0.000183781,0.00018043,0.000180841,0.000191573,0.000190173,0.000181914,0.000179653,0.000175634
YPL118W,5.08E-05,5.00E-05,5.44E-05,5.14E-05,5.61E-05,5.69E-05,6.43E-05,7.08E-05,7.10E-05,6.47E-05,6.94E-05,6.37E-05,6.65E-05,6.43E-05
YPL119C,1.97E-05,1.49E-05,1.54E-05,1.57E-05,1.50E-05,1.79E-05,1.85E-05,1.78E-05,1.78E-05,3.23E-06,9.18E-06,1.09E-05,2.43E-05,2.15E-05
YPL126W,8.40E-05,7.95E-05,9.12E-05,9.11E-05,9.85E-05,0.000101384,9.79E-05,0.000108486,0.000108733,9.21E-05,0.00010004,0.000102179,9.94E-05,9.83E-05
YPL127C,5.75E-05,5.52E-05,5.64E-05,5.95E-05,6.05E-05,5.45E-05,4.17E-05,4.40E-05,4.41E-05,4.49E-05,3.77E-05,4.27E-05,4.14E-05,4.19E-05
YPL128C,2.96E-05,2.53E-05,2.92E-05,2.81E-05,2.87E-05,2.76E-05,2.85E-05,2.38E-05,2.38E-05,2.43E-05,2.67E-05,2.42E-05,2.72E-05,2.49E-05
YPL129W,0.000107251,0.000101309,0.000108403,0.000115879,9.98E-05,6.60E-05,9.50E-05,8.96E-05,8.98E-05,9.14E-05,8.88E-05,8.85E-05,8.43E-05,8.84E-05
YPL131W,0.003973539,0.004289465,0.004254474,0.004238124,0.004772398,0.004872222,0.00497221,0.005052395,0.005063912,0.005138846,0.005087742,0.00511631,0.005177977,0.005431246
YPL132W,1.39E-05,1.45E-05,1.52E-05,1.53E-05,1.77E-05,1.77E-05,1.97E-05,2.01E-05,2.01E-05,2.13E-05,1.82E-05,1.80E-05,1.86E-05,1.84E-05
YPL134C,0.000143416,0.000151295,0.000143024,0.000144272,0.000165135,0.000162278,0.000155358,0.000154329,0.000154682,0.000140548,0.000130024,0.000132444,0.000109356,0.000109634
YPL139C,4.32E-05,4.12E-05,4.21E-05,4.49E-05,3.99E-05,4.00E-05,3.72E-05,3.86E-05,3.87E-05,3.63E-05,3.58E-05,3.72E-05,3.27E-05,3.23E-05
YPL143W,0.000592979,0.000626101,0.000706187,0.000679993,0.000728494,0.000754817,0.000429334,0.00069802,0.000699576,0.000760865,0.000903218,0.000762476,0.00081232,0.000818025
YPL145C,0.000267675,0.000267708,0.000271238,0.000278995,0.000259969,0.000260349,0.000287269,0.000286121,0.000286774,0.000291994,0.000298534,0.000283221,0.000279724,0.000295504
YPL154C,0.000811998,0.000800152,0.000785335,0.000791475,0.00062398,0.000569194,0.000387468,0.000395928,0.000396833,0.000383053,0.00035127,0.000364274,0.000359507,0.000371162
YPL160W,0.001031478,0.001039571,0.001112444,0.001125165,0.001203301,0.001194545,0.001268399,0.001294423,0.00129738,0.001260054,0.00134837,0.001356188,0.001445143,0.00141008
YPL169C,5.16E-05,5.52E-05,5.46E-05,5.26E-05,5.59E-05,5.67E-05,5.40E-05,5.81E-05,5.82E-05,5.15E-05,5.61E-05,5.20E-05,5.71E-05,5.81E-05
YPL173W,7.81E-05,8.15E-05,8.74E-05,8.84E-05,0.000103028,0.000107258,0.000115939,0.000112313,0.000112569,0.00012047,0.000119484,0.000120807,0.000119138,0.000119411
YPL183C,2.32E-05,2.36E-05,2.36E-05,2.55E-05,2.63E-05,2.73E-05,2.57E-05,2.57E-05,2.57E-05,2.49E-05,3.00E-05,2.58E-05,2.67E-05,2.48E-05
YPL184C,1.63E-05,1.43E-05,1.60E-05,1.71E-05,1.89E-05,1.22E-05,2.09E-05,1.65E-05,1.65E-05,2.04E-05,1.86E-05,1.88E-05,1.90E-05,1.77E-05
YPL190C,8.10878E-05,8.09E-05,7.82E-05,6.76E-05,7.63E-05,6.77E-05,7.42E-05,6.76E-05,6.78E-05,5.63E-05,6.53E-05,5.89E-05,6.51E-05,5.99E-05
YPL195W,2.60E-05,2.58E-05,2.90E-05,2.71E-05,2.95E-05,2.98E-05,2.97E-05,3.07E-05,3.08E-05,2.89E-05,2.78E-05,2.65E-05,2.53E-05,2.80E-05
YPL198W,5.45E-05,5.04E-05,4.77E-05,5.41E-05,5.18E-05,2.68E-05,5.17E-05,1.84E-05,1.85E-05,4.64E-05,4.96E-05,5.72E-05,4.95E-05,5.16E-05
YPL199C,2.17E-05,2.21E-05,2.37E-05,2.31E-05,2.37E-05,2.07E-05,2.43E-05,2.33E-05,2.33E-05,2.39E-05,2.55E-05,2.69E-05,2.66E-05,2.54E-05
YPL203W,3.52E-05,3.21E-05,3.07E-05,3.23E-05,2.11E-05,2.21E-05,2.36E-05,2.26E-05,2.26E-05,1.88E-05,1.56E-05,1.63E-05,1.70E-05,1.93E-05
YPL204W,4.31E-05,4.55E-05,4.64E-05,4.73E-05,4.75E-05,4.49E-05,4.76E-05,5.09E-05,5.10E-05,4.61E-05,4.57E-05,4.22468E-05,4.68E-05,4.42E-05
YPL207W,3.40E-05,3.24E-05,3.35E-05,3.13E-05,3.89E-05,3.63E-05,4.15E-05,4.26E-05,4.27E-05,4.07E-05,4.30E-05,4.27E-05,3.82E-05,4.25E-05
YPL210C,0.000130364,0.000119685,0.000131429,0.000139865,0.000127109,0.000120052,0.000111474,0.00011553,0.000115793,0.000104106,0.00010925,0.0001059,0.000102205,0.00010408
YPL211W,4.66E-05,4.04E-05,4.66E-05,4.77E-05,5.47E-05,5.42E-05,4.96E-05,4.78E-05,4.79E-05,5.30E-05,4.95E-05,4.57E-05,4.91E-05,5.05E-05
YPL212C,4.83E-05,4.70E-05,5.34E-05,4.91E-05,4.73E-05,4.57E-05,4.35E-05,4.60E-05,4.61E-05,4.35E-05,4.93E-05,4.41E-05,4.70E-05,4.72E-05
YPL215W,0.000108149,0.000112593,0.000107057,0.00011241,0.000115959,0.000137971,0.000153831,0.000155312,0.000155667,0.000164156,0.000154147,0.00015535,0.000140983,0.000143198
YPL217C,5.51E-05,5.09E-05,6.19E-05,5.93E-05,6.60E-05,7.28E-05,6.18E-05,6.57E-05,6.58E-05,6.82E-05,7.12E-05,7.25E-05,7.03E-05,7.10E-05
YPL218W,0.001014661,0.001006129,0.001035532,0.00100357,0.001000605,0.00096803,0.00095616,0.000937797,0.000939945,0.000981004,0.000937254,0.000940034,0.000930656,0.000882047
YPL225W,0.000307816,0.000323039,0.000318327,0.000316089,0.000283641,0.000281046,0.000243004,0.000269568,0.000270183,0.000265554,0.000256971,0.000235702,0.000237737,0.000233376
YPL226W,0.000255097,0.000268889,0.000281666,0.000276564,0.000313071,0.000313892,0.000351862,0.000352507,0.000353312,0.000333515,0.000364362,0.000363539,0.000377699,0.00038188
YPL231W,0.007651855,0.007525708,0.007285483,0.007194411,0.006077451,0.006252272,0.006114773,0.006031283,0.006045041,0.006175919,0.00584792,0.005904786,0.005664982,0.005579882
YPL232W,3.96E-05,3.50E-05,3.87E-05,3.56E-05,3.67E-05,3.55E-05,3.55E-05,3.27E-05,3.27E-05,3.35E-05,2.05E-05,3.44E-05,3.26E-05,2.83E-05
YPL235W,0.000253145,0.000259542,0.000256198,0.000261981,0.000246119,0.000235633,0.00022666,0.000236489,0.000237027,0.000215818,0.000218962,0.000220283,0.000206418,0.000207188
YPL237W,0.000287845,0.000295203,0.000310547,0.000312405,0.000339163,0.000339557,0.000343848,0.000352791,0.000353595,0.000346197,0.000357349,0.00034727,0.000352792,0.000355242
YPL239W,0.000133873,0.000131013,0.000134496,0.000144221,0.000130795,0.000136137,0.000129561,0.000124405,0.000124689,0.000122189,0.000124693,0.000130629,0.000130835,0.000118008
YPL240C,0.011571164,0.011348684,0.011570624,0.011421591,0.01156387,0.011299613,0.011074231,0.011035811,0.011060973,0.010139208,0.011221757,0.010847674,0.011165325,0.010944959
YPL243W,0.000129882,0.00013828,0.000140252,0.000139662,0.000133996,0.000129109,0.000117644,0.000116075,0.000116339,0.000105658,0.000110371,0.000114192,0.000114077,0.000107326
YPL246C,3.61E-05,3.57E-05,3.80E-05,3.87E-05,3.64E-05,3.44E-05,2.85E-05,3.11E-05,3.12E-05,2.72E-05,2.59E-05,2.71E-05,2.82E-05,2.85E-05
YPL249C,4.46E-05,4.41E-05,4.78E-05,4.49E-05,4.48E-05,4.52E-05,3.47E-05,4.44E-05,4.45E-05,3.57E-05,3.57E-05,4.23E-05,4.01E-05,3.53E-05
YPL249C-A,5.06E-05,4.79E-05,5.41E-05,6.80E-05,6.08E-05,2.54E-05,6.19E-05,5.78E-05,5.79E-05,5.41E-05,6.09E-05,5.96E-05,5.14E-05,6.51E-05
YPL259C,2.72E-05,2.46E-05,2.68E-05,2.47E-05,2.48E-05,2.12E-05,2.26E-05,2.45E-05,2.46E-05,2.23E-05,2.19E-05,2.26E-05,2.01E-05,2.06E-05
YPL260W,0.000444483,0.000437401,0.000444109,0.000450355,0.000448145,0.000432668,0.000455259,0.000444825,0.000445838,0.000431228,0.000404674,0.000428152,0.000384866,0.000379906
YPL262W,0.001740203,0.001716046,0.001817885,0.001799981,0.002078374,0.002193105,0.002395288,0.002401836,0.002407313,0.002390913,0.002176268,0.002159197,0.002028004,0.00191037
YPL266W,2.88E-05,2.79E-05,2.74E-05,2.90E-05,3.07241E-05,2.94E-05,2.68E-05,2.72E-05,2.73E-05,2.78E-05,2.75E-05,2.76E-05,2.74E-05,2.64E-05
YPL270W,4.82E-05,4.71E-05,4.76E-05,4.42E-05,4.26E-05,4.16E-05,4.65E-05,4.41E-05,4.42E-05,4.14E-05,3.87E-05,3.92E-05,3.82E-05,3.68E-05
YPL271W,0.000254589,0.000262881,0.000238522,0.000262631,0.000252803,0.000264953,0.000279653,0.00029545,0.000296122,0.000271245,0.00028669,0.00025306,0.000255812,0.000252777
YPL273W,2.02E-05,2.03E-05,1.91E-05,1.76E-05,1.15E-05,1.00E-05,1.47E-05,1.46E-05,1.47E-05,1.65E-05,1.78E-05,1.77E-05,1.91E-05,1.96E-05
YPL274W,2.39E-05,1.89E-05,1.92E-05,2.05E-05,2.61E-05,3.21E-05,4.05E-05,4.45E-05,4.46E-05,4.93E-05,4.96E-05,4.89E-05,4.77E-05,4.21E-05
YPR002W,0.001062635,0.001078468,0.001091876,0.001129137,0.00133479,0.001221375,0.000703553,0.000664968,0.000666486,0.000632134,0.000562304,0.000488416,0.000450793,0.000405223
YPR004C,0.000261929,0.000249308,0.000261764,0.000274099,0.000287072,0.000277445,0.000282764,0.000286954,0.00028761,0.000287618,0.000277428,0.000280108,0.000276108,0.000259087
YPR006C,0.00041077,0.000464469,0.000386056,0.000409098,0.000509642,0.000374316,8.34E-05,6.25E-05,6.26E-05,6.27E-05,2.91E-05,1.06E-05,9.92E-06,9.58E-06
YPR008W,7.16E-06,7.69E-06,6.49E-06,7.45E-06,7.13E-06,6.56E-06,6.62E-06,6.85E-06,6.86E-06,6.06E-06,6.17E-06,6.41E-06,6.28E-06,6.15E-06
YPR010C-A,0.00049681,0.000483514,0.000501075,0.000475782,0.000487029,0.000431023,0.000513175,0.000557559,0.000558827,0.000569017,0.000555214,0.000539304,0.000529752,0.00057024
YPR011C,2.04E-05,2.32E-05,2.18E-05,2.26E-05,2.48E-05,2.56E-05,2.34E-05,2.10E-05,2.10E-05,2.38E-05,2.09E-05,2.07E-05,2.07E-05,1.98E-05
YPR016C,0.000223717,0.000221872,0.000228508,0.000218374,0.000254139,0.000251633,0.000248691,0.00022619,0.00022671,0.000237124,0.000252774,0.000248807,0.000270885,0.000258738
YPR019W,2.45E-05,2.75E-05,2.94E-05,2.91E-05,2.85E-05,2.48E-05,2.41E-05,2.63E-05,2.63E-05,2.29E-05,2.51E-05,2.64E-05,2.58E-05,2.59E-05
YPR020W,0.000287596,0.000264055,0.000310839,0.000292787,0.000324943,0.000337959,0.000366296,0.000355244,0.000356053,0.00035725,0.000324247,0.000334319,0.00031526,0.000297389
YPR024W,0.000179224,0.000181851,0.00019532,0.000192431,0.000232953,0.000231112,0.000256067,0.000262287,0.000262886,0.000237684,0.000250915,0.000241113,0.000247279,0.000237307
YPR028W,0.000112764,0.000120923,0.000105247,0.000108776,9.34E-05,8.42E-05,8.48E-05,7.94E-05,7.96E-05,8.69E-05,8.43E-05,8.00E-05,7.75E-05,8.47E-05
YPR029C,3.74E-05,3.73E-05,4.08E-05,3.63E-05,3.68E-05,3.40E-05,3.81E-05,3.66E-05,3.67E-05,3.30E-05,3.57E-05,3.58E-05,3.78E-05,3.62E-05
YPR033C,0.000574265,0.000578172,0.00060978,0.000589739,0.00067494,0.000669425,0.000642666,0.000630719,0.00063216,0.000647347,0.000643096,0.000645321,0.000648606,0.000643826
YPR034W,3.79E-05,3.69E-05,4.09E-05,3.76E-05,3.83E-05,3.83E-05,3.91E-05,4.13E-05,4.14E-05,3.83E-05,3.83E-05,3.84E-05,3.89E-05,3.82E-05
YPR035W,0.001427585,0.001443822,0.001388692,0.001436352,0.001507137,0.001587491,0.00177248,0.001826997,0.001831168,0.001930985,0.001957471,0.00200757,0.00192474,0.001956932
YPR036W,0.000378672,0.000375038,0.000390434,0.000402612,0.000375596,0.000355702,0.000366764,0.000376198,0.000377058,0.000379619,0.000375928,0.000390696,0.000374583,0.000393971
YPR041W,0.000429297,0.000424933,0.000455706,0.000444026,0.000494762,0.000483739,0.000475428,0.000480776,0.000481873,0.000447487,0.000468711,0.000459056,0.000464984,0.000463237
YPR043W,0.001089255,0.001084412,0.00110621,0.001122204,0.001269714,0.001316866,0.001308707,0.001257066,0.001259923,0.001333101,0.001410677,0.001412986,0.001354664,0.001395914
YPR058W,6.72E-05,6.76E-05,6.44E-05,6.70E-05,5.78E-05,5.35E-05,5.67E-05,5.63E-05,5.64E-05,5.34E-05,5.31E-05,5.27E-05,4.92E-05,5.24E-05
YPR060C,4.73E-05,4.18E-05,5.15E-05,5.33E-05,5.02E-05,4.40E-05,4.78E-05,4.59E-05,4.60E-05,4.37E-05,4.59E-05,4.44E-05,4.88E-05,4.84E-05
YPR062W,6.45E-05,6.27E-05,6.49E-05,7.40E-05,8.70E-05,8.59E-05,8.33E-05,8.73E-05,8.75E-05,8.88E-05,8.80E-05,8.41E-05,8.88E-05,8.44E-05
YPR063C,2.13E-05,2.09E-05,2.06E-05,2.09E-05,2.37E-05,2.05E-05,2.14E-05,2.02E-05,2.02E-05,1.99E-05,2.09E-05,2.15E-05,1.90E-05,1.99E-05
YPR069C,0.000604199,0.000615422,0.00073018,0.000703505,0.000855584,0.000810714,0.000668865,0.000636905,0.000638365,0.000558637,0.00059065,0.00060241,0.000678252,0.000632648
YPR072W,2.51E-05,2.59E-05,2.90E-05,2.89E-05,2.85E-05,2.27E-05,2.35E-05,2.28E-05,2.28E-05,2.34E-05,1.98E-05,2.14E-05,2.16E-05,2.25E-05
YPR074C,0.002566474,0.002618111,0.00265486,0.002815595,0.00300635,0.003027235,0.002790636,0.002549199,0.002555013,0.002513352,0.002605961,0.002544891,0.002723383,0.002559268
YPR088C,7.27E-05,6.82E-05,6.90E-05,7.42E-05,7.13E-05,7.06E-05,6.78E-05,7.36337E-05,7.38E-05,6.98E-05,7.75E-05,6.91E-05,7.30E-05,7.75E-05
YPR091C,1.42E-05,1.31E-05,1.68E-05,1.64E-05,1.41E-05,1.60E-05,1.17E-05,1.45E-05,1.46E-05,1.31E-05,1.12E-05,1.25E-05,1.40E-05,1.20E-05
YPR097W,2.29E-05,2.20E-05,2.34E-05,1.88E-05,2.37E-05,2.18E-05,2.11E-05,2.35E-05,2.36E-05,2.14E-05,1.27E-05,2.03E-05,1.95E-05,1.87E-05
YPR100W,3.42E-05,3.20E-05,3.82E-05,3.61E-05,4.54E-05,4.06E-05,4.23E-05,4.32E-05,4.33E-05,4.49E-05,4.21E-05,4.61E-05,4.63E-05,4.31E-05
YPR103W,0.000210159,0.000216622,0.000235275,0.000227329,0.000191727,0.000185055,0.000182962,0.000183016,0.000183433,0.000190105,0.000181234,0.000194262,0.00018917,0.000183701
YPR108W,0.000315978,0.00030857,0.000306574,0.000311414,0.000290798,0.000272596,0.000263037,0.000264586,0.00026519,0.000252803,0.000247123,0.00024657,0.000242605,0.000239437
YPR110C,0.000165455,0.000156911,0.000178895,0.000185361,0.000184874,0.000182145,0.000169995,0.000171438,0.000171829,0.000168033,0.000173234,0.000172078,0.000178775,0.000175438
YPR112C,2.85E-05,3.02E-05,3.29E-05,3.47E-05,3.34E-05,3.20E-05,3.43E-05,3.28E-05,3.29E-05,2.95E-05,3.08E-05,3.39E-05,3.23E-05,3.24E-05
YPR114W,9.93E-06,9.78E-06,9.48E-06,8.96E-06,8.26E-06,8.93E-06,8.90E-06,8.40E-06,8.42E-06,1.03E-05,9.41E-06,9.14E-06,8.52E-06,1.01E-05
YPR118W,0.000181126,0.00017782,0.000184772,0.000178369,0.000173995,0.000158811,0.000132588,0.000139408,0.000139726,0.000131546,0.000133666,0.000130884,0.000132901,0.000139794
YPR125W,7.56E-05,7.38E-05,7.90E-05,7.49E-05,8.02E-05,7.53E-05,6.54E-05,6.40E-05,6.41E-05,5.54E-05,6.16E-05,6.46E-05,6.15E-05,6.03E-05
YPR128C,1.94E-05,1.78E-05,1.82E-05,1.87E-05,1.76E-05,1.72E-05,1.45E-05,1.54E-05,1.55E-05,1.46E-05,1.63E-05,1.26E-05,1.35E-05,1.52E-05
YPR129W,7.47E-05,6.72E-05,7.06E-05,7.39E-05,6.95E-05,6.91E-05,6.48E-05,6.56E-05,6.57E-05,6.76E-05,6.44E-05,6.40E-05,6.94E-05,6.91E-05
YPR132W,0.000716888,0.000786784,0.000818106,0.000895669,0.00082049,0.000801629,0.00090146,0.000935236,0.000937368,0.001072003,0.001089272,0.001087427,0.001136001,0.001131685
YPR133C,0.000107681,0.000106772,0.000110131,0.000113812,0.000106904,9.90E-05,9.05E-05,9.68E-05,9.70E-05,8.46E-05,9.13E-05,8.96E-05,8.77E-05,8.49E-05
YPR135W,2.86E-05,3.15E-05,3.04E-05,3.34E-05,2.89E-05,2.74E-05,2.62E-05,2.76E-05,2.77E-05,2.53E-05,2.29E-05,2.15E-05,2.43E-05,2.19E-05
YPR137W,4.56E-05,4.46E-05,4.87E-05,5.08E-05,5.56E-05,5.22E-05,5.12E-05,5.08E-05,5.09E-05,4.91E-05,5.30E-05,5.77E-05,5.37E-05,5.23E-05
YPR145W,0.000446338,0.000450098,0.000420415,0.000431277,0.000413054,0.00040193,0.000373072,0.00037767,0.000378532,0.000390079,0.00043001,0.000407915,0.000453382,0.000448743
YPR148C,0.000171549,0.000167383,0.00017216,0.000169236,0.000152607,0.000137493,0.000114386,0.000120337,0.000120611,0.000114633,0.000107212,0.00011054,0.000113255,0.000105881
YPR155C,5.28E-05,5.51E-05,5.43E-05,5.54E-05,5.45E-05,4.71E-05,4.20E-05,2.94E-05,2.95E-05,4.08E-05,3.64E-05,3.74E-05,3.63E-05,3.54E-05
YPR159W,5.57E-05,5.74E-05,5.64E-05,6.59E-05,6.13E-05,6.29E-05,6.23E-05,6.54E-05,6.55E-05,6.06E-05,6.58E-05,6.55E-05,6.89E-05,6.62E-05
YPR160W,0.000328892,0.000318697,0.000258591,0.000268942,0.000153198,0.000150335,0.000224551,0.000239503,0.00024005,0.000273611,0.000235421,0.000242099,0.000204899,0.000194392
YPR165W,0.000300357,0.000321216,0.000318163,0.000341173,0.000291337,0.000289292,0.000271933,0.000279643,0.000280282,0.000298672,0.000272295,0.000259854,0.000251138,0.000260332
YPR167C,6.84E-05,7.14E-05,7.42E-05,7.58E-05,8.80E-05,8.60E-05,9.12E-05,0.000102464,0.000102697,0.00010229,0.000107945,0.000109449,0.000115884,0.000119224
YPR172W,5.90E-05,5.67E-05,5.27E-05,5.78E-05,4.83E-05,4.32E-05,3.98E-05,4.29E-05,4.30E-05,4.17E-05,4.02E-05,4.01E-05,3.69E-05,3.70E-05
YPR173C,2.21E-05,2.02E-05,2.56E-05,2.23E-05,2.26E-05,2.28E-05,2.41E-05,2.28E-05,2.28E-05,2.37E-05,2.10E-05,2.18E-05,1.99E-05,2.01E-05
YPR180W,2.22E-05,2.54E-05,2.15E-05,2.47E-05,2.02E-05,2.14E-05,2.05E-05,2.03E-05,2.04E-05,1.92E-05,2.01E-05,1.96E-05,1.96E-05,1.95E-05
YPR181C,0.000538901,0.000556314,0.000573685,0.000560828,0.000542775,0.000524246,0.000510222,0.000536294,0.00053752,0.000531069,0.000516103,0.00051987,0.000534158,0.000515325
YPR183W,0.000865958,0.000839149,0.000880434,0.000854542,0.000860764,0.000812139,0.00078442,0.000787357,0.000789154,0.000745986,0.000717231,0.000678886,0.000695917,0.000674094
YPR184W,5.80E-05,5.18E-05,3.78E-05,3.77E-05,1.31E-05,1.02E-05,1.66E-05,1.99E-05,2.00E-05,1.93E-05,1.54E-05,1.56E-05,1.01E-05,8.84E-06
YPR189W,5.15E-05,4.89E-05,4.93E-05,5.28E-05,4.73E-05,4.82E-05,4.96E-05,4.72E-05,4.73E-05,4.35E-05,4.47E-05,4.31E-05,4.18E-05,4.56E-05
YPR190C,2.15E-05,2.56E-05,1.85E-05,2.33E-05,2.33E-05,2.35E-05,2.44E-05,2.45E-05,2.45E-05,1.95E-05,2.36E-05,2.35E-05,2.59E-05,2.17E-05
YPR191W,0.003593057,0.003528955,0.003665008,0.003576987,0.003742207,0.004089752,0.004670242,0.00481174,0.004822719,0.004787935,0.004589348,0.004710439,0.004273913,0.004316524
YAL053W,1.84E-05,1.85E-05,2.04E-05,1.49E-05,1.75E-05,1.23E-05,1.10E-05,1.56E-05,#N/A,#N/A,1.31E-05,1.16E-05,1.51E-05,1.22E-05
YBL001C,#N/A,#N/A,9.41E-05,7.98E-05,7.53E-05,6.96E-05,5.37E-05,7.29E-05,7.30E-05,6.39E-05,3.61E-05,5.04E-05,6.18E-05,5.28E-05
YBL016W,5.72E-06,6.05E-06,#N/A,#N/A,7.76E-06,7.96E-06,8.04E-06,8.52E-06,8.54E-06,7.56E-06,6.37E-06,5.89E-06,9.18E-06,7.57E-06
YBL090W,2.78E-05,2.34E-05,#N/A,#N/A,2.41E-05,4.40E-05,3.46E-05,4.31E-05,4.32E-05,5.13E-05,4.04E-05,5.10E-05,4.12E-05,4.42E-05
YBR016W,1.01E-05,1.21E-05,1.17E-05,1.51E-05,#N/A,#N/A,8.20E-06,1.09E-05,1.09E-05,1.16E-05,9.05E-06,1.07E-05,9.95E-06,1.03E-05
YBR044C,9.10E-06,8.25E-06,#N/A,#N/A,1.22E-05,1.31E-05,1.78E-05,1.75E-05,1.75E-05,1.62E-05,1.60E-05,1.27E-05,1.31E-05,1.21E-05
YBR046C,0.000132993,0.000144651,0.000115127,0.000118693,7.90E-05,5.70E-05,3.06E-05,2.60E-05,2.60E-05,2.84E-05,#N/A,#N/A,2.06E-05,2.08E-05
YBR053C,6.95E-05,7.01E-05,5.71E-05,6.89E-05,3.27E-05,3.45E-05,2.30E-05,2.93E-05,2.94E-05,2.90E-05,#N/A,#N/A,1.93E-05,2.65E-05
YBR077C,2.09E-05,2.11E-05,2.18E-05,2.15E-05,2.12E-05,1.98E-05,1.97E-05,1.88E-05,1.88E-05,1.92E-05,2.00E-05,1.96E-05,#N/A,#N/A
YBR179C,7.08E-06,6.32E-06,#N/A,#N/A,4.37E-06,9.47E-06,1.04E-05,1.44E-05,1.44E-05,9.09E-06,1.19E-05,9.95E-06,8.38E-06,8.30E-06
YBR233W,1.36E-05,1.59E-05,1.76E-05,1.59E-05,1.41E-05,1.38E-05,1.13E-05,7.17E-06,#N/A,#N/A,9.68E-06,7.38E-06,1.04E-05,1.10E-05
YBR260C,1.42E-05,1.35E-05,1.30E-05,1.26E-05,1.31E-05,1.08E-05,1.03E-05,9.66E-06,#N/A,#N/A,1.00E-05,1.04E-05,1.11E-05,1.20E-05
YBR272C,1.28E-05,1.34E-05,1.33E-05,1.32E-05,1.15E-05,1.27E-05,1.24E-05,1.11E-05,1.12E-05,6.01E-06,#N/A,#N/A,1.02E-05,9.71E-06
YCL011C,4.08E-05,3.78E-05,#N/A,#N/A,4.49E-05,5.14E-05,5.50E-05,5.54E-05,5.56E-05,5.68E-05,6.10E-05,3.69E-05,5.76E-05,5.83E-05
YCL057C-A,0.000122973,0.000128682,0.000121766,0.000122299,#N/A,#N/A,0.000150685,0.000154497,0.00015485,0.000149586,0.000140877,0.000133707,0.000137545,0.000123695
YCR011C,1.64E-05,1.54E-05,1.52E-05,1.73E-05,1.22E-05,1.04E-05,#N/A,#N/A,9.30E-06,6.76E-06,9.06E-06,8.14E-06,8.14E-06,7.74E-06
YCR087C-A,1.74E-05,2.48E-05,#N/A,#N/A,2.41E-05,2.57E-05,2.84E-05,2.78E-05,2.79E-05,2.69E-05,3.23E-05,3.11E-05,2.95E-05,2.68E-05
YCR090C,2.00E-05,2.13E-05,2.38E-05,2.33E-05,2.45E-05,2.51E-05,2.05E-05,2.27E-05,2.27E-05,2.34E-05,2.32E-05,2.16E-05,#N/A,#N/A
YDL045W-A,9.22E-06,8.61E-06,8.33E-06,9.19E-06,#N/A,#N/A,1.29E-05,1.37E-05,1.37E-05,1.36E-05,1.43E-05,1.58E-05,1.45E-05,1.44E-05
YDL092W,3.75E-05,4.25E-05,3.72E-05,4.24E-05,3.05E-05,3.67E-05,2.56E-05,2.53E-05,#N/A,#N/A,3.74E-05,3.07E-05,2.28E-05,3.19E-05
YDL102W,#N/A,#N/A,7.23E-06,1.03E-05,1.03E-05,7.97E-06,8.29E-06,7.87E-06,7.89E-06,8.38E-06,8.55E-06,8.74E-06,7.87E-06,7.88E-06
YDL161W,6.35E-06,1.40E-05,6.13E-06,1.27E-05,1.18E-05,1.01E-05,1.02E-05,1.11E-05,1.12E-05,1.12E-05,9.55E-06,1.20E-05,#N/A,#N/A
YDL235C,4.35E-05,4.50E-05,#N/A,#N/A,4.82E-05,4.24E-05,4.01E-05,4.27E-05,4.28E-05,3.74E-05,3.82E-05,3.82E-05,4.03E-05,3.92E-05
YDR081C,3.58E-06,6.14E-06,5.67E-06,6.64E-06,5.62E-06,4.65E-06,5.99E-06,5.49E-06,#N/A,#N/A,5.46E-06,4.90E-06,4.68E-06,4.68E-06
YDR121W,1.68E-05,1.39E-05,1.53E-05,1.90E-05,1.46E-05,1.49E-05,1.39E-05,1.41E-05,1.41E-05,1.22E-05,1.22E-05,1.31E-05,#N/A,#N/A
YDR171W,0.000111185,0.000101582,6.82E-05,5.81E-05,1.54E-05,1.31E-05,1.39E-05,1.57E-05,1.57E-05,1.81E-05,#N/A,#N/A,9.82E-06,1.20E-05
YDR228C,#N/A,#N/A,4.12E-05,3.73E-05,3.84E-05,4.92E-05,5.05E-05,5.54E-05,5.56E-05,5.54E-05,5.56E-05,3.80E-05,0.000100615,7.30E-05
YDR236C,8.65E-06,9.88E-06,7.61E-06,7.60E-06,6.46E-06,6.83E-06,7.69E-06,6.94E-06,#N/A,#N/A,5.85E-06,5.71E-06,5.21E-06,6.42E-06
YDR237W,#N/A,#N/A,1.74E-05,2.34E-05,3.04E-05,3.17E-05,2.71E-05,3.01E-05,3.01E-05,3.91E-05,2.59E-05,2.59E-05,2.94E-05,3.22E-05
YDR256C,0.000387325,0.000366305,0.000306545,0.000311605,0.000200894,0.000124265,2.91E-05,2.08E-05,2.09E-05,3.18E-05,9.53E-06,8.45E-06,#N/A,#N/A
YDR266C,8.03E-06,6.95E-06,7.54E-06,6.81E-06,#N/A,#N/A,9.22E-06,1.08E-05,1.08E-05,7.61E-06,1.08E-05,1.23E-05,1.01E-05,9.91E-06
YDR280W,2.11E-05,1.99E-05,#N/A,#N/A,1.87E-05,2.45E-05,1.81E-05,1.96E-05,1.96E-05,1.91E-05,2.02E-05,1.89E-05,1.93E-05,1.85E-05
YDR363W-A,4.36E-05,4.40E-05,4.47E-05,3.71E-05,#N/A,#N/A,4.26E-05,4.54E-05,4.55E-05,3.59E-05,3.75E-05,4.27E-05,4.05E-05,3.93E-05
YDR376W,7.16E-06,8.16E-06,#N/A,#N/A,8.87E-06,9.39E-06,8.50E-06,7.75E-06,7.77E-06,9.90E-06,9.71E-06,6.19E-06,8.06E-06,7.25E-06
YDR378C,#N/A,#N/A,3.76E-05,3.51E-05,3.44E-05,3.23E-05,3.29E-05,3.27E-05,3.28E-05,3.23E-05,2.98E-05,3.18E-05,3.41E-05,3.30E-05
YDR435C,1.72E-05,1.59E-05,1.63E-05,1.85E-05,1.66E-05,1.70E-05,1.62E-05,1.61E-05,1.62E-05,1.13E-05,#N/A,#N/A,1.47E-05,1.39E-05
YDR511W,2.04E-05,1.96E-05,#N/A,#N/A,2.08E-05,1.82E-05,2.81E-05,2.88E-05,2.88E-05,1.97E-05,2.68E-05,2.27E-05,2.23E-05,2.44E-05
YDR519W,5.63E-05,5.85E-05,5.19E-05,6.12E-05,5.87E-05,4.99E-05,4.20E-05,4.34E-05,4.35E-05,4.32E-05,4.32E-05,3.59E-05,#N/A,#N/A
YEL003W,5.16E-06,7.53E-06,6.73E-06,5.91E-06,8.17E-06,7.47E-06,7.49E-06,8.89E-06,8.91E-06,7.39E-06,#N/A,#N/A,6.25E-06,7.62E-06
YER026C,6.12E-05,6.03E-05,#N/A,#N/A,9.13E-05,9.48E-05,8.26E-05,8.77E-05,8.79E-05,8.03E-05,7.59E-05,8.02E-05,8.24E-05,8.21E-05
YER048W-A,4.49E-05,4.63E-05,4.89E-05,5.20E-05,#N/A,#N/A,5.63E-05,5.43E-05,5.44E-05,5.57E-05,5.20E-05,5.82E-05,5.65E-05,5.64E-05
YER058W,1.17E-05,1.23E-05,1.31E-05,1.21E-05,1.27E-05,1.33E-05,1.60E-05,1.83E-05,1.84E-05,1.43E-05,1.54E-05,1.67E-05,#N/A,#N/A
YER062C,3.33E-06,7.71E-06,0,0,#N/A,#N/A,0,3.73E-06,3.74E-06,3.89E-06,1.06E-05,6.58E-06,1.03E-05,1.15E-05
YER123W,1.30E-05,1.54E-05,1.61E-05,2.00E-05,1.49E-05,1.27E-05,1.30E-05,1.63E-05,#N/A,#N/A,1.70E-05,1.30E-05,1.27E-05,1.35E-05
YFL001W,1.83E-05,1.86E-05,2.19E-05,1.95E-05,2.44E-05,2.18E-05,2.09E-05,1.87E-05,#N/A,#N/A,2.02E-05,1.68E-05,1.97E-05,1.79E-05
YFL002C,9.71E-06,8.82E-06,9.81E-06,9.74E-06,1.16E-05,9.51E-06,1.07E-05,5.79E-06,#N/A,#N/A,9.67E-06,1.14E-05,9.67E-06,1.17E-05
YFL010C,2.38E-05,2.75E-05,2.68E-05,2.64E-05,2.51E-05,2.45E-05,2.63E-05,3.53E-05,#N/A,#N/A,2.80E-05,3.03E-05,3.02E-05,2.71E-05
YFL021W,7.97E-06,7.62E-06,8.25E-06,7.54E-06,8.95E-06,8.52E-06,1.01E-05,9.91E-06,#N/A,#N/A,1.42E-05,1.16E-05,1.54E-05,1.18E-05
YFR014C,1.71E-05,1.54E-05,6.58E-06,9.57E-06,#N/A,#N/A,5.60E-05,4.07E-05,4.08E-05,5.48E-05,6.41E-05,7.99E-05,6.66E-05,7.07E-05
YGL013C,0.000392975,0.000652588,#N/A,#N/A,0.000580936,0.000230453,0.000203562,0.000327449,0.000328162,0.000309344,7.20E-05,0.000582706,0.000492352,0.000361002
YGL023C,1.26E-05,1.50E-05,6.72E-06,1.80E-05,1.42E-05,1.22E-05,1.29E-05,9.81E-06,9.84E-06,9.30E-06,#N/A,#N/A,8.11E-06,7.29E-06
YGL065C,2.14E-05,2.78E-05,2.26E-05,2.62E-05,2.18E-05,2.00E-05,2.16E-05,2.32E-05,#N/A,#N/A,1.65E-05,2.11E-05,1.78E-05,1.57E-05
YGL073W,1.14E-05,1.46E-05,1.08E-05,1.19E-05,9.54E-06,1.47E-05,1.51E-05,1.10E-05,1.10E-05,1.50E-05,1.35E-05,1.20E-05,#N/A,#N/A
YGL151W,6.62E-06,7.09E-06,5.05E-06,6.42E-06,6.96E-06,6.43E-06,6.16E-06,6.74E-06,6.75E-06,6.47E-06,#N/A,#N/A,6.09E-06,5.63E-06
YGL232W,1.51E-05,1.39E-05,1.45E-05,1.56E-05,1.42E-05,1.41E-05,#N/A,#N/A,1.41E-05,1.48E-05,1.36E-05,1.22E-05,1.27E-05,1.28E-05
YGR005C,2.31E-05,2.12E-05,2.36E-05,2.29E-05,2.16E-05,2.15E-05,2.30E-05,2.25E-05,2.25E-05,2.26E-05,2.27E-05,1.91E-05,#N/A,#N/A
YGR049W,4.16E-05,3.89E-05,4.18E-05,4.15E-05,#N/A,#N/A,1.45E-05,1.39E-05,1.39E-05,1.31E-05,1.31E-05,1.26E-05,1.21E-05,1.24E-05
YGR055W,1.10E-05,1.26E-05,#N/A,#N/A,1.54E-05,2.30E-05,2.54E-05,2.96E-05,2.97E-05,2.69E-05,3.32E-05,2.78E-05,3.01E-05,3.10E-05
YGR174C,#N/A,#N/A,2.99E-05,2.95E-05,2.97E-05,3.05E-05,3.14E-05,3.64E-05,3.65E-05,4.07E-05,3.62E-05,3.63E-05,3.51E-05,3.13E-05
YGR233C,0.000189366,0.000492123,0.000161167,0.000207953,0.00023399,0.000175004,0.000318074,0.000358644,0.000359458,0.000376689,#N/A,#N/A,0.000302307,0.000214211
YGR245C,#N/A,#N/A,4.72E-06,7.88E-06,7.82E-06,1.30E-05,1.06E-05,1.16E-05,1.16E-05,1.38E-05,1.63E-05,1.51E-05,1.55E-05,1.60E-05
YGR260W,1.19E-05,2.55E-05,2.35E-05,2.20E-05,5.38E-05,7.51E-05,3.25E-05,2.13E-05,2.13E-05,3.94E-05,2.31E-05,2.15E-05,#N/A,#N/A
YHL003C,1.09E-05,1.29E-05,1.14E-05,1.30E-05,1.23E-05,1.24E-05,#N/A,#N/A,1.22E-05,1.12E-05,1.13E-05,1.12E-05,1.20E-05,1.28E-05
YHR013C,2.60E-05,2.49E-05,2.83E-05,2.66E-05,2.96E-05,2.90E-05,2.78E-05,2.74E-05,2.74E-05,2.77E-05,#N/A,#N/A,2.80E-05,2.51E-05
YHR017W,1.33E-05,1.33E-05,1.28E-05,1.64E-05,1.12E-05,1.45E-05,1.20E-05,1.28E-05,1.29E-05,1.30E-05,8.95E-06,1.11E-05,#N/A,#N/A
YHR028C,2.70E-05,3.15E-05,2.55E-05,2.00E-05,2.73E-05,1.14E-05,3.06E-05,1.33E-05,#N/A,#N/A,3.21E-05,2.53E-05,2.20E-05,2.47E-05
YHR034C,1.82E-05,1.44E-05,1.51E-05,1.74E-05,1.32E-05,1.38E-05,#N/A,#N/A,1.27E-05,8.32E-06,1.15E-05,8.38E-06,9.35E-06,1.04E-05
YHR038W,1.98E-05,2.22E-05,1.82E-05,2.36E-05,2.08E-05,2.40E-05,#N/A,#N/A,2.58E-05,2.60E-05,2.48E-05,2.46E-05,2.38E-05,1.96E-05
YHR049W,1.84E-05,1.48E-05,#N/A,#N/A,3.73E-05,4.47E-05,7.16E-05,9.02E-05,9.04E-05,0.000123586,0.000160018,0.000145291,0.000162187,0.000173731
YHR097C,3.86E-05,4.04665E-05,3.68E-05,3.57E-05,2.00E-05,1.88E-05,1.62E-05,1.80E-05,1.81E-05,1.08E-05,#N/A,#N/A,1.35E-05,1.46E-05
YHR116W,1.36E-05,1.39E-05,#N/A,#N/A,1.95E-05,1.95E-05,1.80E-05,1.87E-05,1.88E-05,1.65E-05,1.81E-05,1.59E-05,1.64E-05,1.47E-05
YHR169W,1.67E-05,1.57E-05,#N/A,#N/A,1.84E-05,1.89E-05,1.70E-05,1.79E-05,1.80E-05,1.77E-05,1.99E-05,1.84E-05,1.50E-05,1.94E-05
YIL004C,3.32E-05,3.16E-05,3.46E-05,3.63E-05,#N/A,#N/A,3.22E-05,2.79E-05,2.80E-05,2.98E-05,2.51E-05,2.83E-05,2.59E-05,2.53E-05
YIL091C,1.24E-05,1.96E-05,1.21E-05,1.63E-05,1.42E-05,1.91E-05,1.32E-05,1.30E-05,1.30E-05,1.17E-05,#N/A,#N/A,1.27E-05,1.54E-05
YIL110W,1.68E-05,1.83E-05,1.73E-05,1.58E-05,1.51E-05,1.92E-05,1.88E-05,1.79E-05,1.79E-05,1.82E-05,#N/A,#N/A,1.55E-05,1.70E-05
YIL160C,0.000165372,0.000162903,0.000146927,0.000139007,0.000107198,8.36E-05,2.91E-05,2.18E-05,2.19E-05,1.77E-05,#N/A,#N/A,1.25E-05,1.86E-05
YIR001C,4.05E-05,3.42E-05,4.07E-05,3.41E-05,3.50E-05,3.86E-05,3.69E-05,3.18E-05,3.19E-05,3.67E-05,#N/A,#N/A,3.50E-05,3.24E-05
YIR022W,2.87E-05,2.64E-05,2.58E-05,2.53E-05,2.66E-05,2.56E-05,2.10E-05,1.94E-05,1.94E-05,1.76E-05,1.95E-05,1.94E-05,#N/A,#N/A
YIR038C,8.52E-05,8.24E-05,7.03E-05,7.31E-05,4.44E-05,4.27E-05,3.14E-05,3.12E-05,3.13E-05,3.43E-05,3.00E-05,3.14E-05,#N/A,#N/A
YJL053W,1.80E-05,1.55E-05,1.90E-05,1.60E-05,1.36E-05,1.49E-05,1.30E-05,1.35E-05,#N/A,#N/A,1.25E-05,1.08E-05,1.16E-05,1.15E-05
YJL069C,1.94E-05,2.19E-05,2.04E-05,2.18E-05,2.69E-05,2.36E-05,2.30E-05,2.12E-05,2.12E-05,2.18E-05,#N/A,#N/A,2.53E-05,2.32E-05
YJL096W,#N/A,#N/A,2.43E-05,2.57E-05,3.06E-05,3.56E-05,3.74E-05,3.54E-05,3.55E-05,3.85E-05,3.40E-05,3.05E-05,3.52E-05,3.62E-05
YJL115W,3.82E-05,4.00E-05,#N/A,#N/A,3.97E-05,3.38E-05,3.76E-05,3.80E-05,3.81E-05,3.49E-05,3.29E-05,3.72E-05,3.76E-05,3.75E-05
YJL189W,#N/A,#N/A,0.000364916,0.000394324,0.000450376,0.000404454,0.000418927,0.000413965,0.000414923,0.000462557,0.000428338,0.000472474,0.000489083,0.000488995
YJR006W,6.89E-06,7.48E-06,7.26E-06,6.02E-06,#N/A,#N/A,6.62E-06,6.69E-06,6.70E-06,7.39E-06,6.42E-06,3.39E-06,7.03E-06,6.03E-06
YJR032W,#N/A,#N/A,1.40E-05,1.49E-05,1.14E-05,1.84E-05,1.20E-05,1.36E-05,1.36E-05,1.28E-05,1.16E-05,1.33E-05,1.34E-05,1.26E-05
YJR034W,1.83E-05,1.58E-05,1.78E-05,1.58E-05,1.97E-05,1.54E-05,2.10E-05,2.35E-05,#N/A,#N/A,2.20E-05,2.47E-05,2.34E-05,2.13E-05
YJR074W,2.06E-05,2.77E-05,2.46E-05,3.17E-05,2.43E-05,1.76E-05,#N/A,#N/A,1.86E-05,2.19E-05,2.24E-05,2.15E-05,2.00E-05,2.05E-05
YKL028W,2.80E-06,5.14E-06,6.33E-06,6.29E-06,6.46E-06,6.64E-06,7.36E-06,5.54E-06,#N/A,#N/A,5.82E-06,5.77E-06,6.04E-06,5.83E-06
YKL047W,1.07E-05,1.10E-05,8.67E-06,1.03E-05,8.05E-06,9.56E-06,6.65E-06,9.79E-06,9.81E-06,9.70E-06,#N/A,#N/A,6.87E-06,7.68E-06
YKL058W,1.19E-05,1.05E-05,1.13E-05,1.03E-05,1.29E-05,1.09E-05,#N/A,#N/A,1.18E-05,1.05E-05,1.04E-05,1.10E-05,1.17E-05,1.11E-05
YKL069W,2.30E-05,2.29E-05,2.29E-05,2.23E-05,#N/A,#N/A,1.82E-05,1.74E-05,1.74E-05,2.02E-05,1.36E-05,1.72E-05,1.81E-05,1.95E-05
YKL073W,2.12E-05,2.33E-05,1.99E-05,2.19E-05,1.88E-05,1.37E-05,1.43E-05,1.60E-05,#N/A,#N/A,1.26E-05,1.32E-05,1.48E-05,1.46E-05
YKL079W,2.88E-05,3.21E-05,3.34E-05,4.91E-05,2.46E-05,2.13E-05,2.10E-05,2.03E-05,2.04E-05,1.91E-05,#N/A,#N/A,1.90E-05,1.86E-05
YKL100C,3.05E-05,3.14E-05,2.90E-05,2.84E-05,2.47E-05,2.00E-05,1.71E-05,1.76E-05,1.76E-05,1.63E-05,#N/A,#N/A,1.67E-05,1.40E-05
YKL106W,1.15E-05,1.13E-05,1.22E-05,1.06E-05,8.94E-06,7.65E-06,5.10E-06,5.02E-06,#N/A,#N/A,6.26E-06,6.81E-06,7.77E-06,8.26E-06
YKL110C,#N/A,#N/A,1.26E-05,1.26E-05,1.40E-05,8.48E-06,1.06E-05,1.07E-05,1.07E-05,7.98E-06,9.13E-06,8.73E-06,1.02E-05,9.75E-06
YKL154W,1.70E-05,1.72E-05,1.55E-05,1.58E-05,1.78E-05,1.65E-05,1.33E-05,1.21E-05,#N/A,#N/A,1.47E-05,1.52E-05,1.52E-05,1.36E-05
YKL165C,2.26E-05,2.21E-05,2.50E-05,2.77E-05,2.40E-05,1.78E-05,1.99E-05,2.18E-05,2.19E-05,2.04E-05,#N/A,#N/A,2.23E-05,2.06E-05
YKL167C,2.77E-05,2.58E-05,#N/A,#N/A,3.46E-05,4.10E-05,4.19E-05,4.43E-05,4.44E-05,4.16E-05,4.04E-05,4.32E-05,3.86E-05,4.32E-05
YKL173W,1.02E-05,1.17E-05,1.37E-05,1.27E-05,6.66E-06,1.02E-05,#N/A,#N/A,8.24E-06,8.76E-06,6.16E-06,7.96E-06,7.01E-06,8.94E-06
YKL179C,2.71E-05,2.59E-05,2.31E-05,2.64E-05,2.44E-05,1.80E-05,1.68E-05,1.36E-05,#N/A,#N/A,1.15E-05,1.35E-05,1.98E-05,1.67E-05
YKR003W,#N/A,#N/A,1.44E-05,1.48E-05,1.29E-05,1.41E-05,1.33E-05,1.30E-05,1.30E-05,1.17E-05,1.11E-05,1.08E-05,8.18E-06,1.06E-05
YKR026C,1.50E-05,1.33E-05,1.39E-05,1.34E-05,1.66E-05,1.03E-05,#N/A,#N/A,1.13E-05,1.08E-05,1.23E-05,1.38E-05,1.38E-05,1.52E-05
YKR028W,#N/A,#N/A,1.71E-05,1.70E-05,1.72423E-05,2.02E-05,1.93E-05,2.11E-05,2.12E-05,2.31E-05,2.03E-05,2.17E-05,2.04E-05,2.05E-05
YKR049C,1.87E-05,1.85E-05,2.05E-05,2.07E-05,1.71E-05,1.39E-05,1.00E-05,1.21E-05,#N/A,#N/A,1.07E-05,1.01E-05,1.02E-05,8.01E-06
YKR071C,3.62E-05,4.16E-05,#N/A,#N/A,4.46E-05,4.93E-05,5.44E-05,5.12E-05,5.13E-05,6.13E-05,7.11E-05,6.70E-05,6.36E-05,6.32E-05
YKR097W,9.75E-05,9.67E-05,9.58E-05,9.59E-05,0.000145198,0.000156229,9.74E-05,0.000100699,0.00010093,8.68E-05,1.34E-05,2.56E-05,#N/A,#N/A
YLR003C,2.68E-05,2.89E-05,2.50E-05,2.15E-05,2.71E-05,2.15E-05,1.71E-05,3.98E-06,#N/A,#N/A,1.59E-05,1.78E-05,1.66E-05,1.71E-05
YLR009W,3.51E-05,3.26E-05,#N/A,#N/A,3.50E-05,3.88E-05,3.99E-05,3.64E-05,3.65E-05,4.14E-05,4.41E-05,3.94E-05,4.28E-05,4.52E-05
YLR093C,3.12E-05,2.96E-05,3.03E-05,2.36E-05,2.39E-05,1.96E-05,2.06E-05,1.96E-05,1.97E-05,1.77E-05,#N/A,#N/A,1.78E-05,1.82E-05
YLR139C,6.39E-06,8.65E-06,#N/A,#N/A,9.80E-06,1.40E-05,1.48E-05,1.28E-05,1.28E-05,1.49E-05,1.56E-05,1.40E-05,1.35E-05,1.20E-05
YLR262C,1.36E-05,1.24E-05,1.33E-05,1.82E-05,#N/A,#N/A,1.46E-05,7.34E-06,7.36E-06,1.61E-05,1.40E-05,1.22E-05,1.09E-05,1.19E-05
YLR274W,#N/A,#N/A,2.21E-05,3.85E-05,1.92E-05,1.92E-05,1.91E-05,3.75E-05,3.76E-05,1.46E-05,8.72E-06,1.47E-05,1.80E-05,1.39E-05
YLR332W,4.41E-05,4.45E-05,4.40E-05,4.66E-05,4.47E-05,3.28E-05,3.80E-05,4.37E-05,#N/A,#N/A,4.17E-05,3.95E-05,4.08E-05,3.59E-05
YLR345W,3.14E-05,2.99E-05,3.19E-05,3.24E-05,2.27E-05,2.19E-05,1.59E-05,1.99E-05,2.00E-05,1.80E-05,#N/A,#N/A,1.73E-05,1.64E-05
YLR387C,1.93E-05,2.21E-05,2.94E-05,2.52E-05,2.02E-05,2.12E-05,1.95E-05,1.76E-05,#N/A,#N/A,2.04E-05,1.93E-05,2.23E-05,2.14E-05
YML009C,1.34E-05,1.16E-05,1.24E-05,1.50E-05,1.50E-05,1.77E-05,1.60E-05,1.74E-05,#N/A,#N/A,1.79E-05,1.79E-05,1.79E-05,1.79E-05
YML031W,4.67E-06,4.47E-06,6.20E-06,6.01E-06,5.92E-06,6.96E-06,#N/A,#N/A,7.59E-06,1.06E-05,6.11E-06,5.97E-06,5.06E-06,5.28E-06
YML034W,1.68E-05,1.52E-05,1.72E-05,1.63E-05,1.75E-05,1.51E-05,1.54E-05,1.51E-05,#N/A,#N/A,1.32E-05,1.34E-05,1.11E-05,1.18E-05
YML097C,1.17E-05,9.63E-06,#N/A,#N/A,1.10E-05,1.93E-05,1.13E-05,1.33E-05,1.33E-05,1.34E-05,1.79E-05,1.49E-05,1.44E-05,1.54E-05
YML129C,2.39E-05,2.80E-05,2.57E-05,2.87E-05,#N/A,#N/A,3.77E-05,4.45E-05,4.46E-05,2.90E-05,3.83E-05,3.35E-05,3.36E-05,3.09E-05
YMR058W,#N/A,#N/A,0.000109695,0.000120596,0.000159721,0.000149827,0.000140669,0.000138819,0.000139135,7.12E-05,5.89E-05,7.65E-05,0.000152087,0.000140998
YMR076C,2.04E-05,2.09E-05,2.38E-05,2.14E-05,2.27E-05,1.99E-05,1.73E-05,2.11E-05,2.12E-05,1.79E-05,#N/A,#N/A,1.96E-05,1.59E-05
YMR115W,1.86E-05,2.11E-05,1.82E-05,1.81E-05,2.11E-05,1.37E-05,1.67E-05,1.68E-05,#N/A,#N/A,1.13E-05,1.49E-05,1.24E-05,1.43E-05
YMR124W,1.34E-05,1.76E-05,#N/A,#N/A,1.36E-05,1.88E-05,8.21E-06,1.23E-05,1.23E-05,1.55E-05,1.26E-05,8.24E-06,1.29E-05,7.57E-06
YMR212C,2.08E-05,1.97E-05,1.79E-05,2.17E-05,#N/A,#N/A,2.15E-05,2.00E-05,2.01E-05,2.06E-05,2.04E-05,2.01E-05,1.79E-05,1.79E-05
YMR247C,1.14E-05,1.01E-05,#N/A,#N/A,1.39E-05,1.04E-05,1.51E-05,1.52E-05,1.52E-05,8.65E-06,1.47E-05,1.29E-05,1.34E-05,1.33E-05
YMR267W,2.46E-05,2.27E-05,2.38E-05,3.58E-05,#N/A,#N/A,3.33E-05,3.13E-05,3.14E-05,3.32E-05,3.46E-05,2.73E-05,3.26E-05,2.70E-05
YMR269W,5.53E-06,4.65E-06,5.86E-06,5.87E-06,6.23E-06,5.95E-06,5.29E-06,4.56E-06,4.58E-06,4.96E-06,4.93E-06,5.57E-06,#N/A,#N/A
YNL022C,1.40E-05,1.46E-05,1.03E-05,1.47E-05,1.11E-05,1.44E-05,1.39E-05,1.49E-05,1.49E-05,1.58E-05,#N/A,#N/A,1.36E-05,1.42E-05
YNL048W,8.13E-06,1.04E-05,8.42E-06,8.74E-06,1.09E-05,9.05E-06,8.28E-06,8.07E-06,8.09E-06,7.99E-06,#N/A,#N/A,7.31E-06,6.86E-06
YNL059C,2.48E-05,2.63E-05,2.30E-05,2.68E-05,1.79E-05,1.87E-05,1.69E-05,1.87E-05,1.88E-05,1.34E-05,#N/A,#N/A,1.07E-05,1.56E-05
YNL074C,6.76E-06,7.32E-06,6.28E-06,8.85E-06,#N/A,#N/A,9.42E-06,9.36E-06,9.38E-06,6.89E-06,8.63E-06,8.29E-06,7.46E-06,7.99E-06
YNL083W,7.70E-06,7.53E-06,7.77E-06,8.39E-06,#N/A,#N/A,9.28E-06,7.57E-06,7.58E-06,8.27E-06,8.17E-06,8.91E-06,7.77E-06,8.24E-06
YNL084C,7.11E-05,7.17E-05,7.27E-05,8.52E-05,7.02E-05,5.97E-05,#N/A,#N/A,6.72E-05,5.20E-05,3.28E-05,3.95E-05,3.50E-05,4.36E-05
YNL149C,6.51E-05,6.25E-05,#N/A,#N/A,7.46E-05,6.09E-05,6.00E-05,5.95E-05,5.96E-05,5.60E-05,5.78E-05,6.37E-05,6.90E-05,6.43E-05
YNL162W,0.000269894,0.000267288,0.000307517,0.000283785,0.000299491,0.000315873,0.000379962,0.000381771,#N/A,#N/A,0.000456691,0.000443901,0.000465848,0.000420405
YNL168C,4.55E-05,5.09E-05,4.55E-05,5.39E-05,#N/A,#N/A,3.34E-05,3.41E-05,3.42E-05,3.95E-05,3.57E-05,3.71E-05,3.47E-05,3.71E-05
YNL206C,1.49E-05,1.38E-05,#N/A,#N/A,1.55E-05,1.34E-05,9.80E-06,1.37E-05,1.37E-05,1.34E-05,1.22E-05,1.25E-05,1.14E-05,1.29E-05
YNL207W,2.41E-05,2.12E-05,#N/A,#N/A,2.84E-05,2.55E-05,2.29E-05,2.49E-05,2.49E-05,2.44E-05,2.16E-05,2.49E-05,2.57E-05,2.59E-05
YNL256W,1.10E-05,8.63E-06,1.05E-05,8.86E-06,1.29E-05,1.41E-05,#N/A,#N/A,1.51E-05,1.55E-05,1.87E-05,1.08E-05,2.04E-05,2.18E-05
YNL298W,#N/A,#N/A,4.59E-06,4.33E-06,4.74E-06,5.62E-06,7.32E-06,6.88E-06,6.90E-06,8.20E-06,6.31E-06,6.29E-06,7.51E-06,6.40E-06
YNR015W,1.56E-05,1.42E-05,1.50E-05,1.72E-05,#N/A,#N/A,1.53E-05,1.31E-05,1.32E-05,1.59E-05,1.64E-05,1.33E-05,1.41E-05,1.35E-05
YNR020C,8.93E-06,1.33E-05,#N/A,#N/A,1.16E-05,1.69E-05,1.39E-05,1.41E-05,1.41E-05,1.64E-05,1.43E-05,1.42E-05,1.46E-05,1.46E-05
YNR038W,1.46E-05,1.41E-05,1.46E-05,1.50E-05,2.17E-05,1.88E-05,1.67E-05,1.44E-05,1.45E-05,1.42E-05,#N/A,#N/A,2.01E-05,2.17E-05
YNR041C,9.60E-06,6.15E-06,8.81E-06,7.66E-06,#N/A,#N/A,1.14E-05,1.14E-05,1.15E-05,1.12E-05,1.02E-05,1.10E-05,9.60E-06,1.06E-05
YNR049C,1.59E-05,1.75E-05,1.66E-05,1.53E-05,1.58E-05,1.66E-05,#N/A,#N/A,1.76E-05,1.46E-05,1.08E-05,1.48E-05,1.48E-05,1.42E-05
YOL071W,3.60E-05,3.38E-05,3.47E-05,3.47E-05,3.25E-05,3.68E-05,3.81E-05,3.66E-05,#N/A,#N/A,3.86E-05,3.49E-05,2.92E-05,3.04E-05
YOL141W,#N/A,#N/A,3.29E-05,3.72E-05,3.64E-05,3.97E-05,3.61E-05,3.97E-05,3.98E-05,3.32E-05,3.44E-05,3.20E-05,3.92E-05,3.31E-05
YOL149W,1.72E-05,1.73E-05,1.62E-05,1.85E-05,#N/A,#N/A,1.63E-05,1.79E-05,1.79E-05,1.73E-05,1.69E-05,1.66E-05,1.78E-05,1.72E-05
YOR014W,2.11E-05,2.17E-05,2.17E-05,1.79E-05,2.05E-05,1.86E-05,1.77E-05,1.73E-05,1.73E-05,1.54E-05,#N/A,#N/A,1.41E-05,1.45E-05
YOR035C,1.75E-05,2.84E-05,1.03E-05,2.52E-05,1.37E-05,1.66E-05,1.14E-05,6.47E-06,6.49E-06,1.39E-05,#N/A,#N/A,1.25E-05,1.54E-05
YOR051C,2.11E-05,1.78E-05,#N/A,#N/A,1.93E-05,1.42E-05,1.91E-05,1.75E-05,1.76E-05,1.74E-05,1.71E-05,2.01E-05,1.75E-05,2.12E-05
YOR054C,3.15E-06,3.09E-06,2.81E-06,1.31E-06,#N/A,#N/A,8.69E-07,1.92E-06,1.92E-06,1.37E-06,1.79E-06,0,6.78E-07,7.43E-07
YOR103C,2.37E-05,2.06E-05,2.26E-05,2.16E-05,1.88E-05,1.70E-05,1.54E-05,1.53E-05,#N/A,#N/A,1.68E-05,1.77E-05,1.75E-05,1.78E-05
YOR119C,1.29E-05,1.31E-05,1.38E-05,1.47E-05,1.74E-05,1.91E-05,1.32E-05,1.53E-05,1.53E-05,1.46E-05,#N/A,#N/A,1.47E-05,1.51E-05
YOR229W,8.40E-06,7.40E-06,9.42E-06,8.85E-06,9.16E-06,9.16E-06,9.62E-06,1.01E-05,1.01E-05,8.29E-06,#N/A,#N/A,9.34E-06,8.95E-06
YOR257W,#N/A,#N/A,2.73E-05,3.08E-05,2.84E-05,2.01E-05,2.35E-05,2.34E-05,2.34E-05,2.54E-05,2.46E-05,2.41E-05,2.39E-05,2.36E-05
YOR311C,1.18E-05,9.89E-06,1.40E-05,1.38E-05,1.41E-05,1.24E-05,#N/A,#N/A,1.55E-05,1.36E-05,1.51E-05,1.42E-05,1.25E-05,1.51E-05
YOR352W,8.62E-06,9.84E-06,9.63E-06,1.00E-05,#N/A,#N/A,7.34E-06,8.45E-06,8.47E-06,8.86E-06,7.80E-06,8.01E-06,8.80E-06,8.21E-06
YPL125W,3.44E-05,3.36E-05,3.21E-05,2.96E-05,2.78E-05,3.30E-05,2.84E-05,2.76E-05,2.77E-05,3.41E-05,#N/A,#N/A,2.60E-05,2.46E-05
YPL135W,2.36E-05,2.44E-05,2.88E-05,2.31E-05,2.89E-05,2.56E-05,2.68E-05,3.08E-05,3.09E-05,2.37E-05,2.25E-05,2.38E-05,#N/A,#N/A
YPL171C,2.13E-06,4.84E-06,#N/A,#N/A,0,0,4.39E-06,3.17E-06,3.17E-06,5.19E-06,9.99E-06,8.67E-06,9.01E-06,1.17E-05
YPL228W,2.68E-05,3.24E-05,3.04E-05,3.62E-05,2.58E-05,2.72E-05,2.17E-05,1.23E-05,#N/A,#N/A,1.47E-05,2.39E-05,2.39E-05,2.09E-05
YPR047W,#N/A,#N/A,1.07E-05,1.51E-05,1.69E-05,1.67E-05,1.63E-05,1.51E-05,1.51E-05,1.84E-05,1.68E-05,1.70E-05,1.41E-05,1.72E-05
YPR073C,2.69E-05,2.62E-05,2.87E-05,2.95E-05,#N/A,#N/A,2.52E-05,2.65E-05,2.66E-05,2.50E-05,2.40E-05,2.55E-05,2.56E-05,2.56E-05
YPR124W,2.61E-05,2.43E-05,1.45E-05,1.71E-05,2.01E-05,2.61E-05,2.93E-05,2.78E-05,2.78E-05,1.58E-05,1.53E-05,1.54E-05,#N/A,#N/A
YPR133W-A,0.000102602,0.000107533,9.35E-05,8.32E-05,#N/A,#N/A,0.000105458,0.000105258,0.000105499,0.000108312,0.000108637,9.71E-05,0.000103465,9.68E-05
YPR139C,1.33E-05,1.31E-05,#N/A,#N/A,1.60E-05,1.43E-05,1.25E-05,1.43E-05,1.43E-05,1.45E-05,1.31E-05,1.31E-05,1.49E-05,1.24E-05
YPR154W,4.54E-05,4.04E-05,4.29E-05,3.91E-05,3.05E-05,2.74E-05,2.61E-05,2.75E-05,#N/A,#N/A,2.27E-05,2.37E-05,2.49E-05,2.28E-05
YPR187W,8.00E-05,8.02E-05,7.37E-05,7.34E-05,8.50E-05,8.49E-05,8.07E-05,8.57E-05,#N/A,#N/A,7.78E-05,8.04E-05,8.29E-05,7.94E-05
YBL035C,8.37E-06,1.10E-05,#N/A,#N/A,1.17E-05,1.24E-05,1.36E-05,1.23E-05,1.23E-05,1.30E-05,#N/A,#N/A,1.32E-05,1.36E-05
YBL055C,9.43E-06,1.04E-05,1.37E-05,1.07E-05,1.11E-05,9.88E-06,8.44E-06,8.07E-06,#N/A,#N/A,#N/A,#N/A,6.23E-06,8.36E-06
YBL080C,#N/A,#N/A,6.19E-06,6.49E-06,#N/A,#N/A,7.62E-06,7.61E-06,7.63E-06,7.15E-06,7.41E-06,8.06E-06,7.50E-06,7.16E-06
YBL085W,3.75E-06,7.99E-06,7.55E-06,1.06E-05,#N/A,#N/A,1.02E-05,1.16E-05,1.16E-05,1.09E-05,#N/A,#N/A,1.47E-05,9.82E-06
YBR061C,9.29E-06,9.15E-06,#N/A,#N/A,#N/A,#N/A,8.45E-06,8.64E-06,8.66E-06,8.44E-06,9.15E-06,9.42E-06,9.94E-06,8.07E-06
YBR108W,6.70E-06,7.18E-06,7.72E-06,6.63E-06,7.46E-06,6.21E-06,#N/A,#N/A,6.58E-06,5.51E-06,#N/A,#N/A,5.65E-06,4.22E-06
YBR145W,0.002210703,0.002389136,0.002350599,0.002171906,0.00197912,0.001298276,0.000888113,0.000814702,#N/A,#N/A,#N/A,#N/A,0.000863597,0.000885284
YBR202W,8.53E-06,8.39E-06,1.65E-05,7.98E-06,1.14E-05,1.08E-05,8.28E-06,9.49E-06,#N/A,#N/A,#N/A,#N/A,8.32E-06,9.66E-06
YBR236C,1.41E-05,1.32E-05,1.54E-05,1.80E-05,1.48E-05,1.69E-05,#N/A,#N/A,#N/A,#N/A,1.15E-05,1.03E-05,1.13E-05,1.10E-05
YBR244W,8.68E-07,0,1.81E-06,0,1.12E-06,0,#N/A,#N/A,#N/A,#N/A,1.02E-06,0,0,1.15E-06
YBR252W,2.73E-05,3.38E-05,#N/A,#N/A,3.20E-05,2.95E-05,3.02E-05,2.92E-05,2.93E-05,3.04E-05,#N/A,#N/A,2.80E-05,2.88E-05
YCL014W,#N/A,#N/A,3.42E-06,6.99E-06,7.26E-06,6.68E-06,6.42E-06,7.40E-06,#N/A,#N/A,7.71E-06,7.58E-06,8.70E-06,6.79E-06
YCR036W,#N/A,#N/A,9.49E-06,9.80E-06,1.10E-05,1.14E-05,1.05E-05,9.13E-06,#N/A,#N/A,9.93E-06,8.37E-06,9.31E-06,9.59E-06
YCR071C,1.89E-05,1.93E-05,1.97E-05,1.98E-05,#N/A,#N/A,2.67E-05,2.50E-05,#N/A,#N/A,2.65E-05,2.89E-05,2.67E-05,2.58E-05
YDL044C,9.21E-06,8.14E-06,1.06E-05,1.02E-05,#N/A,#N/A,9.91E-06,8.38E-06,8.40E-06,7.49E-06,8.03E-06,9.28E-06,#N/A,#N/A
YDL085W,9.16E-06,1.05E-05,5.98E-06,7.33E-06,0,0,#N/A,#N/A,#N/A,#N/A,0,0,0,0
YDL165W,1.02E-05,1.11E-05,1.03E-05,1.13E-05,1.08E-05,8.41E-06,7.87E-06,8.61E-06,8.63E-06,7.94E-06,#N/A,#N/A,#N/A,#N/A
YDL181W,0.000103967,0.000126998,0.000101184,0.000128608,#N/A,#N/A,#N/A,#N/A,0.000146442,9.79E-05,0.00013366,0.000103392,0.000103586,9.60E-05
YDR054C,7.71E-06,8.95E-06,8.51E-06,8.47E-06,8.75E-06,8.59E-06,#N/A,#N/A,8.07E-06,8.20E-06,#N/A,#N/A,6.94E-06,8.70E-06
YDR056C,2.60E-05,2.52E-05,2.51E-05,2.53E-05,2.22E-05,2.25E-05,2.35E-05,2.06E-05,#N/A,#N/A,#N/A,#N/A,1.99E-05,2.19E-05
YDR089W,#N/A,#N/A,3.86E-06,4.27E-06,#N/A,#N/A,6.09E-06,6.30E-06,6.32E-06,5.46E-06,5.51E-06,5.99E-06,5.38E-06,5.69E-06
YDR472W,8.98E-06,1.14E-05,#N/A,#N/A,#N/A,#N/A,8.08E-06,8.95E-06,8.97E-06,1.24E-05,9.98E-06,8.90E-06,1.11E-05,9.71E-06
YEL017W,1.39E-05,1.44E-05,1.41E-05,1.47E-05,#N/A,#N/A,#N/A,#N/A,9.84E-06,1.21E-05,9.10E-06,1.02E-05,1.13E-05,9.83E-06
YEL063C,#N/A,#N/A,1.10E-05,1.10E-05,1.17E-05,1.16E-05,1.20E-05,1.04E-05,#N/A,#N/A,1.26E-05,1.27E-05,1.37E-05,1.34E-05
YER009W,0.000225742,0.000204988,0.000239066,0.000506801,0.000250005,0.000242168,#N/A,#N/A,0.000216611,0.000205362,#N/A,#N/A,0.000209785,0.000207975
YFL023W,1.07E-05,1.02E-05,1.22E-05,9.74E-06,1.32E-05,1.02E-05,9.05E-06,7.08E-06,#N/A,#N/A,#N/A,#N/A,7.75E-06,9.93E-06
YGL012W,4.02E-05,3.40E-05,5.08E-05,4.88E-05,4.09E-05,2.31E-05,#N/A,#N/A,2.09E-05,2.44E-05,#N/A,#N/A,2.58E-05,2.64E-05
YGL016W,#N/A,#N/A,#N/A,#N/A,1.03E-05,1.28E-05,9.86E-06,1.21E-05,1.21E-05,1.12E-05,1.30E-05,1.19E-05,1.27E-05,1.33E-05
YGL020C,2.30E-05,2.31E-05,2.46E-05,2.01E-05,2.34E-05,2.12E-05,1.63E-05,1.47E-05,#N/A,#N/A,#N/A,#N/A,1.64E-05,2.01E-05
YGL027C,2.14E-05,2.16E-05,2.63E-05,2.53E-05,2.90E-05,2.53E-05,1.43E-05,7.41E-06,#N/A,#N/A,1.52E-05,1.11E-05,#N/A,#N/A
YGL028C,#N/A,#N/A,6.39E-06,7.01E-06,#N/A,#N/A,7.45E-06,8.76E-06,8.78E-06,8.04E-06,8.61E-06,8.64E-06,8.20E-06,8.25E-06
YGL035C,#N/A,#N/A,4.52E-06,5.55E-06,7.78E-06,7.70E-06,7.54E-06,5.97E-06,#N/A,#N/A,6.35E-06,5.51E-06,7.63E-06,9.66E-06
YGL064C,9.18E-06,8.90E-06,#N/A,#N/A,1.34E-05,1.19E-05,#N/A,#N/A,9.58E-06,8.75E-06,1.03E-05,1.05E-05,1.16E-05,9.81E-06
YGL095C,1.29E-05,1.50E-05,7.93E-06,1.27E-05,9.05E-06,7.95E-06,6.85E-06,7.82E-06,7.83E-06,4.08E-06,#N/A,#N/A,#N/A,#N/A
YGL111W,#N/A,#N/A,1.42E-05,2.68E-05,1.33E-05,1.66E-05,#N/A,#N/A,1.46E-05,1.98E-05,1.37E-05,1.41E-05,1.15E-05,2.10E-05
YGL156W,0.000195582,0.000184394,0.000131348,0.000137912,3.61E-05,2.47E-05,1.16E-05,9.38E-06,9.40E-06,1.14E-05,#N/A,#N/A,#N/A,#N/A
YGL181W,1.00E-05,9.93E-06,#N/A,#N/A,1.34E-05,1.23E-05,#N/A,#N/A,1.23E-05,9.06E-06,9.82E-06,1.12E-05,1.02E-05,1.15E-05
YGL197W,#N/A,#N/A,#N/A,#N/A,5.45E-06,5.54E-06,6.25E-06,6.11E-06,6.13E-06,5.46E-06,4.35E-06,6.50E-06,5.48E-06,5.45E-06
YGL224C,1.09E-05,1.13E-05,1.13E-05,9.17E-06,#N/A,#N/A,9.15E-06,8.61E-06,#N/A,#N/A,1.06E-05,1.02E-05,1.11E-05,1.15E-05
YGL226W,7.47E-06,8.44E-06,#N/A,#N/A,8.61E-06,9.11E-06,8.67E-06,7.51E-06,#N/A,#N/A,7.75E-06,8.32E-06,6.53E-06,6.51E-06
YGL231C,2.88E-05,2.55E-05,2.79E-05,2.39E-05,2.30E-05,2.02E-05,#N/A,#N/A,1.85E-05,1.82E-05,2.00E-05,1.80E-05,#N/A,#N/A
YGR029W,2.61E-05,2.36E-05,2.25E-05,2.08E-05,2.18E-05,2.08E-05,2.13E-05,2.21E-05,#N/A,#N/A,#N/A,#N/A,1.92E-05,2.31E-05
YGR063C,1.08E-05,8.89E-06,#N/A,#N/A,1.08E-05,1.11E-05,1.02E-05,1.19E-05,#N/A,#N/A,1.10E-05,1.17E-05,1.34E-05,1.26E-05
YGR172C,9.06E-06,1.41E-05,8.87E-06,1.67E-05,1.17E-05,1.75E-05,1.42E-05,1.49E-05,#N/A,#N/A,1.08E-05,9.33E-06,#N/A,#N/A
YGR191W,#N/A,#N/A,#N/A,#N/A,1.53E-05,1.63E-05,1.41E-05,1.22E-05,1.22E-05,1.36E-05,1.43E-05,1.30E-05,1.40E-05,1.36E-05
YGR252W,5.52E-06,5.71E-06,7.33E-06,5.34E-06,6.05E-06,5.76E-06,#N/A,#N/A,#N/A,#N/A,4.53E-06,8.63E-06,7.85E-06,6.84E-06
YHR045W,1.45E-05,1.36E-05,1.19E-05,1.42E-05,1.25E-05,9.43E-06,1.15E-05,1.20E-05,1.21E-05,9.91E-06,#N/A,#N/A,#N/A,#N/A
YHR046C,#N/A,#N/A,#N/A,#N/A,6.95E-06,7.98E-06,6.69E-06,7.76E-06,7.78E-06,7.17E-06,1.09E-05,9.13E-06,7.00E-06,9.49E-06
YHR072W-A,2.34E-05,2.64E-05,2.54E-05,2.84E-05,#N/A,#N/A,2.56E-05,2.48E-05,2.49E-05,2.85E-05,#N/A,#N/A,2.61E-05,2.73E-05
YHR083W,#N/A,#N/A,#N/A,#N/A,1.24E-05,1.54E-05,1.28E-05,1.33E-05,1.34E-05,1.26E-05,1.49E-05,1.23E-05,1.36E-05,1.40E-05
YHR176W,#N/A,#N/A,#N/A,#N/A,1.28E-05,1.59E-05,1.66E-05,1.74E-05,1.74E-05,1.68E-05,1.80E-05,1.68E-05,1.80E-05,1.54E-05
YIL026C,9.13E-06,9.48E-06,#N/A,#N/A,9.25E-06,8.21E-06,8.19E-06,1.21E-05,#N/A,#N/A,8.48E-06,6.08E-06,7.38E-06,6.83E-06
YIL098C,#N/A,#N/A,1.79E-05,1.48E-05,2.28E-05,2.11E-05,2.37E-05,1.90E-05,1.91E-05,1.95E-05,#N/A,#N/A,1.88E-05,2.66E-05
YIL103W,1.22E-05,1.26E-05,1.24E-05,1.15E-05,1.28E-05,1.45E-05,1.24E-05,1.17E-05,#N/A,#N/A,#N/A,#N/A,1.10E-05,1.33E-05
YIL105C,2.64E-05,2.52E-05,2.93E-05,1.77E-05,2.03E-05,1.41E-05,1.34E-05,1.33E-05,#N/A,#N/A,#N/A,#N/A,1.47E-05,1.36E-05
YIL149C,6.57E-06,7.44E-06,7.26E-06,5.91E-06,#N/A,#N/A,6.09E-06,4.65E-06,#N/A,#N/A,4.98E-06,5.61E-06,6.50E-06,7.48E-06
YJL031C,0.000354031,0.000325958,0.000361915,0.000304445,0.00030471,0.000310459,#N/A,#N/A,#N/A,#N/A,0.00028305,0.000316327,0.000301535,0.000316591
YJL036W,2.17E-05,2.23E-05,2.00E-05,1.93E-05,1.63E-05,1.26E-05,1.27E-05,9.89E-06,9.92E-06,1.07E-05,#N/A,#N/A,#N/A,#N/A
YJL046W,#N/A,#N/A,#N/A,#N/A,8.14E-06,1.11E-05,1.73E-05,1.37E-05,1.37E-05,1.42E-05,1.36E-05,1.21E-05,1.15E-05,1.39E-05
YJL087C,#N/A,#N/A,1.62E-05,1.48E-05,2.03E-05,1.42E-05,2.08E-05,2.33E-05,2.33E-05,1.18E-05,1.43E-05,1.56E-05,#N/A,#N/A
YJL122W,2.75E-05,2.63E-05,2.79E-05,3.00E-05,3.08E-05,3.39E-05,#N/A,#N/A,#N/A,#N/A,2.69E-05,3.50E-05,3.23E-05,3.47E-05
YKL010C,9.34E-06,1.78E-05,1.18E-05,1.45E-05,9.09E-06,5.63E-06,#N/A,#N/A,#N/A,#N/A,5.45E-06,5.18E-06,6.60E-06,6.94E-06
YKL018W,2.23E-05,2.06E-05,2.75E-05,2.85E-05,2.86E-05,2.80E-05,2.19E-05,2.37E-05,#N/A,#N/A,#N/A,#N/A,2.45E-05,2.33E-05
YKL077W,1.36E-05,1.36E-05,1.61E-05,1.66E-05,1.44E-05,1.49E-05,#N/A,#N/A,1.27E-05,1.40E-05,1.35E-05,1.26E-05,#N/A,#N/A
YKL128C,9.96E-06,9.37E-06,#N/A,#N/A,1.15E-05,1.04E-05,#N/A,#N/A,1.23E-05,1.21E-05,1.17E-05,1.25E-05,1.38E-05,1.54E-05
YKL138C,1.36E-05,1.23E-05,#N/A,#N/A,1.50E-05,1.38E-05,#N/A,#N/A,1.71E-05,1.69E-05,1.73E-05,1.66E-05,1.44E-05,1.49E-05
YKL166C,3.89E-06,3.89E-06,4.38E-06,3.36E-06,#N/A,#N/A,4.40E-06,4.76E-06,4.77E-06,3.80E-06,4.42E-06,4.11E-06,#N/A,#N/A
YKL205W,#N/A,#N/A,#N/A,#N/A,9.09E-06,1.07E-05,9.06E-06,9.35E-06,9.37E-06,9.96E-06,1.07E-05,9.65E-06,1.13E-05,1.05E-05
YKR079C,#N/A,#N/A,#N/A,#N/A,1.77E-05,1.11E-05,2.05E-05,2.14E-05,2.15E-05,1.93E-05,2.38E-05,1.58E-05,1.96E-05,2.03E-05
YKR092C,#N/A,#N/A,3.15E-05,3.06E-05,#N/A,#N/A,5.09E-05,4.67E-05,4.68E-05,4.61E-05,5.41E-05,5.02E-05,5.49E-05,5.29E-05
YLL009C,#N/A,#N/A,5.42E-05,6.55E-05,#N/A,#N/A,0.000109522,0.000113504,0.000113759,0.000116254,0.000117248,0.000109905,0.000109902,9.68E-05
YLR059C,2.91E-05,3.13E-05,3.79E-05,3.12E-05,#N/A,#N/A,2.83E-05,3.18E-05,#N/A,#N/A,1.74E-05,2.31E-05,2.71E-05,2.28E-05
YLR182W,9.79E-06,6.41E-06,1.04E-05,8.62E-06,#N/A,#N/A,9.26E-06,8.09E-06,8.11E-06,7.26E-06,#N/A,#N/A,9.16E-06,6.97E-06
YLR188W,1.18E-05,1.19E-05,1.26E-05,1.36E-05,1.42E-05,1.32E-05,1.35E-05,1.26E-05,#N/A,#N/A,1.20E-05,1.20E-05,#N/A,#N/A
YLR262C-A,0.000106344,9.67E-05,9.27E-05,8.65E-05,0.000121609,9.00E-05,#N/A,#N/A,8.79E-05,7.55E-05,#N/A,#N/A,8.35E-05,8.37E-05
YLR268W,#N/A,#N/A,3.58E-05,3.53E-05,3.38E-05,3.53E-05,3.28E-05,3.14E-05,3.15E-05,3.63E-05,#N/A,#N/A,3.56E-05,3.41E-05
YLR289W,#N/A,#N/A,#N/A,#N/A,4.78E-06,4.88E-06,6.62E-06,3.56E-06,3.57E-06,6.08E-06,6.31E-06,6.71E-06,6.92E-06,5.33E-06
YLR319C,9.61E-06,8.10E-06,8.54E-06,1.07E-05,9.40E-06,8.66E-06,9.92E-06,8.76E-06,#N/A,#N/A,#N/A,#N/A,7.77E-06,7.19E-06
YLR440C,7.07E-06,6.56E-06,7.01E-06,7.00E-06,#N/A,#N/A,5.75E-06,5.53E-06,#N/A,#N/A,6.51E-06,5.51E-06,6.04E-06,6.59E-06
YML062C,5.45E-06,5.72E-06,6.41E-06,6.04E-06,#N/A,#N/A,#N/A,#N/A,5.60E-06,4.73E-06,5.67E-06,5.51E-06,4.93E-06,5.19E-06
YML080W,#N/A,#N/A,9.65E-06,1.26E-05,1.34E-05,1.11E-05,#N/A,#N/A,8.88E-06,1.39E-05,9.65E-06,9.21E-06,1.28E-05,1.08E-05
YMR028W,1.99E-05,2.16E-05,2.14E-05,2.40E-05,1.64E-05,1.70E-05,#N/A,#N/A,1.90E-05,1.88E-05,#N/A,#N/A,1.84E-05,1.81E-05
YMR071C,2.27E-05,2.23E-05,2.50E-05,2.71E-05,2.42E-05,2.18E-05,1.84E-05,2.10E-05,#N/A,#N/A,#N/A,#N/A,2.04E-05,2.01E-05
YMR225C,#N/A,#N/A,#N/A,#N/A,1.51E-05,1.68E-05,1.63E-05,1.85E-05,1.86E-05,1.55E-05,1.44E-05,1.45E-05,1.77E-05,1.77E-05
YMR256C,6.46E-05,7.72E-05,6.46E-05,5.59E-05,#N/A,#N/A,#N/A,#N/A,8.89E-05,7.26E-05,7.69E-05,7.16E-05,6.47E-05,7.00E-05
YMR264W,1.59E-05,1.69E-05,1.78E-05,1.47E-05,1.56E-05,1.62E-05,#N/A,#N/A,#N/A,#N/A,1.37E-05,1.37E-05,1.34E-05,1.30E-05
YMR282C,2.59E-06,4.70E-06,#N/A,#N/A,1.82E-06,3.22E-06,#N/A,#N/A,2.72E-06,2.60E-06,3.70E-06,4.29E-06,2.03E-06,4.98E-06
YMR289W,1.93E-05,1.81E-05,1.92E-05,2.05E-05,1.93E-05,1.79E-05,1.76E-05,1.55E-05,#N/A,#N/A,1.60E-05,1.42E-05,#N/A,#N/A
YMR301C,9.13E-06,9.84E-06,1.13E-05,9.86E-06,8.50E-06,1.60E-05,9.65E-06,7.72E-06,#N/A,#N/A,#N/A,#N/A,7.34E-06,8.67E-06
YNL027W,9.33E-06,8.80E-06,9.89E-06,8.91E-06,#N/A,#N/A,8.69E-06,1.11E-05,1.12E-05,6.46E-06,8.22E-06,6.72E-06,#N/A,#N/A
YNL073W,#N/A,#N/A,#N/A,#N/A,1.01E-05,1.55E-05,2.12E-05,2.96E-05,2.96E-05,2.84E-05,2.53E-05,2.28E-05,2.12E-05,1.95E-05
YNL222W,8.54E-06,8.21E-06,9.37E-06,9.06E-06,1.02E-05,8.80E-06,8.53E-06,6.81E-06,6.83E-06,8.11E-06,#N/A,#N/A,#N/A,#N/A
YNL232W,1.44E-05,1.70E-05,1.60E-05,1.54E-05,1.77E-05,1.20E-05,1.65E-05,1.52E-05,1.53E-05,1.40E-05,#N/A,#N/A,#N/A,#N/A
YNL258C,1.46E-05,1.47E-05,1.49E-05,1.83E-05,1.29E-05,1.26E-05,1.22E-05,6.23E-06,#N/A,#N/A,1.49E-05,7.11E-06,#N/A,#N/A
YNR003C,1.07E-05,1.03E-05,1.13E-05,1.12E-05,1.28E-05,1.06E-05,8.78E-06,9.57E-06,#N/A,#N/A,#N/A,#N/A,9.37E-06,8.97E-06
YNR018W,2.66E-05,2.55E-05,2.63E-05,2.83E-05,#N/A,#N/A,2.75E-05,2.74E-05,2.74E-05,2.85E-05,2.83E-05,2.93E-05,#N/A,#N/A
YNR026C,1.73E-05,1.80E-05,1.47E-05,1.59E-05,1.69E-05,1.01E-05,1.13E-05,1.30E-05,1.31E-05,1.19E-05,#N/A,#N/A,#N/A,#N/A
YOL053W,8.04E-06,9.82E-06,1.01E-05,1.29E-05,1.05E-05,1.11E-05,1.24E-05,1.28E-05,#N/A,#N/A,#N/A,#N/A,5.44E-06,8.25E-06
YOL077W-A,6.40E-05,6.11E-05,#N/A,#N/A,7.61E-05,7.63E-05,8.85E-05,8.65E-05,8.67E-05,7.71E-05,7.20E-05,7.07E-05,#N/A,#N/A
YOL142W,2.66E-05,2.92E-05,2.75E-05,2.89E-05,#N/A,#N/A,3.07E-05,2.79E-05,2.80E-05,3.03E-05,3.14E-05,3.02E-05,#N/A,#N/A
YOL151W,4.85E-05,5.12E-05,2.92E-05,2.98E-05,#N/A,#N/A,1.47E-05,1.14E-05,1.14E-05,1.63E-05,#N/A,#N/A,1.90E-05,2.07E-05
YOR094W,1.98E-05,1.68E-05,#N/A,#N/A,1.82E-05,1.72E-05,#N/A,#N/A,1.43E-05,1.35E-05,1.69E-05,1.54E-05,1.52E-05,1.45E-05
YOR132W,9.93E-06,1.12E-05,1.23E-05,1.12E-05,1.11E-05,6.92E-06,#N/A,#N/A,9.07E-06,7.32E-06,#N/A,#N/A,9.84E-06,8.48E-06
YOR195W,#N/A,#N/A,6.31E-06,1.15E-05,1.06E-05,8.37E-06,7.61E-06,7.13E-06,7.15E-06,7.03E-06,6.22E-06,8.89E-06,#N/A,#N/A
YOR197W,#N/A,#N/A,5.13E-05,5.79E-05,#N/A,#N/A,4.64E-05,5.40E-05,5.41E-05,4.82E-05,4.94E-05,4.80E-05,4.89E-05,5.25E-05
YOR294W,1.89E-05,2.09E-05,2.12E-05,2.19E-05,2.31E-05,2.18E-05,2.06E-05,1.78E-05,#N/A,#N/A,2.00E-05,2.21E-05,#N/A,#N/A
YPL040C,#N/A,#N/A,#N/A,#N/A,1.37E-05,1.37E-05,1.61E-05,1.92E-05,1.92E-05,2.17E-05,2.70E-05,3.11E-05,1.73E-05,1.89E-05
YPL146C,#N/A,#N/A,#N/A,#N/A,1.23E-05,1.35E-05,8.61E-06,7.54E-06,7.56E-06,1.10E-05,1.25E-05,1.10E-05,1.32E-05,1.18E-05
YPL156C,9.05E-06,9.98E-06,1.03E-05,9.38E-06,8.85E-06,7.09E-06,6.28E-06,5.46E-06,5.48E-06,4.53E-06,#N/A,#N/A,#N/A,#N/A
YPL170W,3.07E-05,2.49E-05,2.59E-05,2.23E-05,1.69E-05,1.25E-05,1.14E-05,1.32E-05,#N/A,#N/A,1.11E-05,1.27E-05,#N/A,#N/A
YPL188W,4.73E-05,4.08E-05,4.50E-05,4.16E-05,4.25E-05,3.31E-05,3.11E-05,3.05E-05,3.06E-05,3.25E-05,#N/A,#N/A,#N/A,#N/A
YPR089W,1.27E-05,1.31E-05,1.12E-05,1.48E-05,#N/A,#N/A,1.20E-05,1.44E-05,#N/A,#N/A,1.18E-05,1.08E-05,1.21E-05,1.06E-05
YPR115W,1.56E-05,1.62E-05,#N/A,#N/A,1.26E-05,1.27E-05,#N/A,#N/A,1.50E-05,1.59E-05,1.61E-05,1.71E-05,1.37E-05,1.23E-05
YAL017W,#N/A,#N/A,#N/A,#N/A,4.75E-06,2.96E-06,3.02E-06,6.88E-06,#N/A,#N/A,5.65E-06,7.67E-06,4.58E-06,7.07E-06
YAL059W,#N/A,#N/A,#N/A,#N/A,1.19E-05,1.14E-05,1.31E-05,1.34E-05,1.34E-05,1.35E-05,1.31E-05,1.22E-05,#N/A,#N/A
YBL059C-A,#N/A,#N/A,#N/A,#N/A,1.93E-05,2.10E-05,2.39E-05,2.13E-05,#N/A,#N/A,2.93E-05,2.33E-05,2.13E-05,2.34E-05
YBL095W,#N/A,#N/A,#N/A,#N/A,#N/A,#N/A,9.10E-06,9.84E-06,9.86E-06,1.30E-05,1.24E-05,9.89E-06,9.84E-06,1.00E-05
YBR028C,#N/A,#N/A,#N/A,#N/A,#N/A,#N/A,4.75E-06,5.64E-06,5.65E-06,5.19E-06,5.14E-06,4.90E-06,4.50E-06,5.90E-06
YBR280C,7.68E-06,6.23E-06,5.32E-06,6.71E-06,#N/A,#N/A,#N/A,#N/A,1.84E-06,1.81E-06,3.92E-06,1.27E-06,#N/A,#N/A
YCL052C,1.68E-05,1.46E-05,1.78E-05,1.73E-05,#N/A,#N/A,1.40E-05,1.70E-05,1.70E-05,9.40E-06,#N/A,#N/A,#N/A,#N/A
YDL004W,0.000315148,0.000339208,0.00035164,0.00034285,0.00034544,0.000343406,0.000315806,0.000373547,#N/A,#N/A,#N/A,#N/A,#N/A,#N/A
YDL033C,#N/A,#N/A,0,4.64E-06,4.16E-06,4.99E-06,#N/A,#N/A,#N/A,#N/A,4.79E-06,5.31E-06,3.57E-06,4.93E-06
YDL101C,9.43E-06,7.30E-06,9.10E-06,6.87E-06,6.92E-06,6.39E-06,#N/A,#N/A,4.96E-06,4.26E-06,#N/A,#N/A,#N/A,#N/A
YDL107W,#N/A,#N/A,#N/A,#N/A,8.28E-06,7.04E-06,9.82E-06,1.18E-05,1.18E-05,1.19E-05,#N/A,#N/A,7.37E-06,9.06E-06
YDR041W,#N/A,#N/A,#N/A,#N/A,#N/A,#N/A,4.37E-05,3.91E-05,3.92E-05,3.66E-05,3.40E-05,4.26E-05,3.22E-05,3.66E-05
YDR086C,#N/A,#N/A,#N/A,#N/A,#N/A,#N/A,0.00018364,0.00018617,0.000186593,0.000177096,0.000194774,0.000180226,0.000183699,0.000188029
YDR156W,#N/A,#N/A,#N/A,#N/A,#N/A,#N/A,9.78E-06,1.02E-05,1.03E-05,9.88E-06,1.04E-05,1.11E-05,1.09E-05,1.12E-05
YDR167W,#N/A,#N/A,#N/A,#N/A,#N/A,#N/A,1.21E-05,1.48E-05,1.49E-05,1.02E-05,1.23E-05,1.11E-05,1.12E-05,9.93E-06
YDR216W,#N/A,#N/A,#N/A,#N/A,#N/A,#N/A,1.76E-05,1.66E-05,1.66E-05,1.32E-05,9.24E-06,1.04E-05,7.59E-06,8.10E-06
YDR320C,1.07E-05,1.21E-05,1.18E-05,1.08E-05,8.04E-06,9.41E-06,#N/A,#N/A,#N/A,#N/A,7.16E-06,5.47E-06,#N/A,#N/A
YDR365C,#N/A,#N/A,#N/A,#N/A,#N/A,#N/A,1.85E-05,2.17E-05,2.17E-05,1.98E-05,2.95E-05,2.52E-05,3.02E-05,3.14E-05
YDR379C-A,#N/A,#N/A,#N/A,#N/A,5.38E-06,8.69E-06,7.79E-06,9.86E-06,9.88E-06,8.28E-06,5.61E-06,6.52E-06,#N/A,#N/A
YDR411C,1.67E-05,1.64E-05,#N/A,#N/A,1.31E-05,1.39E-05,#N/A,#N/A,1.16E-05,1.08E-05,#N/A,#N/A,1.03E-05,1.09E-05
YDR434W,#N/A,#N/A,2.04E-05,2.00E-05,1.92E-05,1.51E-05,#N/A,#N/A,#N/A,#N/A,1.46E-05,1.28E-05,1.23E-05,1.38E-05
YDR490C,1.03E-05,1.20E-05,#N/A,#N/A,#N/A,#N/A,1.05E-05,1.14E-05,#N/A,#N/A,1.12E-05,1.04E-05,1.02E-05,8.51E-06
YDR533C,#N/A,#N/A,#N/A,#N/A,#N/A,#N/A,2.13E-05,2.26E-05,2.27E-05,3.20E-05,4.48E-05,3.99E-05,6.31E-05,6.29E-05
YER001W,#N/A,#N/A,#N/A,#N/A,#N/A,#N/A,2.03E-05,2.18E-05,2.18E-05,2.79E-05,3.79E-05,3.53E-05,3.40E-05,3.07E-05
YER044C,7.61E-05,7.37E-05,#N/A,#N/A,4.91E-05,2.94E-05,#N/A,#N/A,2.98E-05,2.30E-05,#N/A,#N/A,2.50E-05,1.64E-05
YER053C,#N/A,#N/A,#N/A,#N/A,#N/A,#N/A,2.57E-05,2.86E-05,2.87E-05,3.03E-05,2.80E-05,3.31E-05,2.54E-05,2.36E-05
YER095W,#N/A,#N/A,1.09E-05,1.38E-05,1.29E-05,9.76E-06,#N/A,#N/A,#N/A,#N/A,9.94E-06,1.43E-05,1.15E-05,1.27E-05
YER100W,7.46E-06,7.42E-06,#N/A,#N/A,9.01E-06,8.26E-06,9.92E-06,9.36E-06,#N/A,#N/A,8.94E-06,8.90E-06,#N/A,#N/A
YER146W,2.38E-05,2.56E-05,2.36E-05,2.44E-05,#N/A,#N/A,2.26E-05,2.29E-05,#N/A,#N/A,#N/A,#N/A,2.24E-05,2.28E-05
YER152C,#N/A,#N/A,#N/A,#N/A,9.62E-06,8.65E-06,1.04E-05,8.34E-06,#N/A,#N/A,9.32E-06,8.92E-06,1.04E-05,8.59E-06
YER175C,3.36E-05,2.55E-05,3.60E-05,3.36E-05,1.32E-05,1.16E-05,#N/A,#N/A,#N/A,#N/A,#N/A,#N/A,8.58E-06,9.00E-06
YFR003C,8.28E-06,9.68E-06,6.90E-06,8.44E-06,#N/A,#N/A,5.17E-06,6.20E-06,#N/A,#N/A,#N/A,#N/A,6.06E-06,6.32E-06
YGL014W,#N/A,#N/A,1.39E-05,1.34E-05,1.10E-05,1.59E-05,1.21E-05,1.09E-05,1.10E-05,1.60E-05,#N/A,#N/A,#N/A,#N/A
YGL039W,#N/A,#N/A,#N/A,#N/A,2.94E-05,3.00E-05,#N/A,#N/A,2.53E-05,6.68E-06,2.89E-05,2.53E-05,3.09E-05,2.67E-05
YGL050W,#N/A,#N/A,9.59E-06,9.26E-06,1.19E-05,1.02E-05,#N/A,#N/A,9.71E-06,1.02E-05,#N/A,#N/A,9.77E-06,8.54E-06
YGL143C,#N/A,#N/A,5.20E-06,6.38E-06,#N/A,#N/A,6.02E-06,5.98E-06,5.99E-06,5.47E-06,#N/A,#N/A,7.07E-06,7.24E-06
YGL185C,9.71E-06,1.15E-05,1.22E-05,8.54E-06,7.70E-06,6.52E-06,#N/A,#N/A,5.84E-06,5.04E-06,#N/A,#N/A,#N/A,#N/A
YGR008C,2.09E-05,2.02E-05,1.60E-05,1.22E-05,#N/A,#N/A,#N/A,#N/A,1.49E-05,1.31E-05,#N/A,#N/A,9.57E-06,9.29E-06
YGR021W,1.07E-05,1.34E-05,#N/A,#N/A,#N/A,#N/A,1.99E-05,2.11E-05,2.12E-05,2.17E-05,#N/A,#N/A,1.78E-05,1.89E-05
YGR171C,#N/A,#N/A,#N/A,#N/A,4.53E-06,5.73E-06,6.08E-06,7.29E-06,#N/A,#N/A,6.45E-06,6.43E-06,6.27E-06,7.78E-06
YGR241C,7.53E-06,6.19E-06,7.67E-06,8.15E-06,7.32E-06,6.68E-06,9.54E-06,3.28E-06,#N/A,#N/A,#N/A,#N/A,#N/A,#N/A
YGR271C-A,1.41E-05,1.55E-05,1.60E-05,1.60E-05,2.12E-05,1.65E-05,#N/A,#N/A,#N/A,#N/A,1.48E-05,1.56E-05,#N/A,#N/A
YGR287C,#N/A,#N/A,#N/A,#N/A,#N/A,#N/A,9.62E-06,9.01E-06,9.03E-06,1.21E-05,9.94E-06,8.29E-06,1.16E-05,1.27E-05
YHR069C,#N/A,#N/A,#N/A,#N/A,2.13E-05,2.58E-05,2.68E-05,2.67E-05,2.67E-05,2.05E-05,2.63E-05,2.88E-05,#N/A,#N/A
YHR081W,6.89E-06,7.45E-06,7.46E-06,9.00E-06,8.71E-06,8.20E-06,#N/A,#N/A,#N/A,#N/A,#N/A,#N/A,7.90E-06,6.81E-06
YHR085W,6.01E-06,5.11E-06,5.65E-06,4.88E-06,5.61E-06,5.90E-06,#N/A,#N/A,#N/A,#N/A,#N/A,#N/A,4.52E-06,5.03E-06
YIL007C,9.22E-06,1.00E-05,#N/A,#N/A,8.12E-06,6.40E-06,6.08E-06,6.20E-06,#N/A,#N/A,4.79E-06,6.39E-06,#N/A,#N/A
YIL048W,#N/A,#N/A,9.03E-06,1.35E-05,1.32E-05,8.42E-06,9.49E-06,9.25E-06,9.27E-06,9.49E-06,#N/A,#N/A,#N/A,#N/A
YIL088C,8.62E-06,8.71E-06,#N/A,#N/A,1.04E-05,1.17E-05,1.29E-05,1.02E-05,#N/A,#N/A,#N/A,#N/A,1.19E-05,1.12E-05
YJR066W,1.06E-05,1.29E-05,#N/A,#N/A,#N/A,#N/A,1.60E-05,2.17E-05,2.18E-05,1.94E-05,#N/A,#N/A,1.88E-05,1.53E-05
YJR131W,7.57E-06,1.29E-05,6.95E-06,8.30E-06,9.77E-06,7.10E-06,#N/A,#N/A,#N/A,#N/A,#N/A,#N/A,5.03E-06,5.40E-06
YKL025C,#N/A,#N/A,8.17E-06,8.38E-06,#N/A,#N/A,7.41E-06,8.04E-06,#N/A,#N/A,7.43E-06,7.06E-06,7.24E-06,7.60E-06
YKL087C,#N/A,#N/A,#N/A,#N/A,#N/A,#N/A,1.92E-05,1.90E-05,1.90E-05,2.21E-05,2.14E-05,2.39E-05,2.00E-05,2.19E-05
YKL144C,8.70E-06,9.05E-06,#N/A,#N/A,7.87E-06,1.02E-05,8.93E-06,6.85E-06,6.87E-06,8.20E-06,#N/A,#N/A,#N/A,#N/A
YKL218C,#N/A,#N/A,#N/A,#N/A,#N/A,#N/A,2.45E-05,2.47E-05,2.48E-05,3.08E-05,3.20E-05,3.33E-05,3.04E-05,3.23E-05
YLL022C,2.96E-05,2.72E-05,2.96E-05,3.08E-05,2.43E-05,2.52E-05,#N/A,#N/A,#N/A,#N/A,1.98E-05,1.94E-05,#N/A,#N/A
YLL034C,1.06E-05,9.09E-06,1.11E-05,1.28E-05,1.02E-05,1.21E-05,#N/A,#N/A,#N/A,#N/A,#N/A,#N/A,1.01E-05,1.12E-05
YLR018C,#N/A,#N/A,1.47E-05,1.25E-05,1.33E-05,1.58E-05,1.16E-05,1.19E-05,#N/A,#N/A,#N/A,#N/A,1.32E-05,1.14E-05
YLR078C,1.57E-05,1.66E-05,#N/A,#N/A,1.59E-05,1.66E-05,#N/A,#N/A,#N/A,#N/A,1.42E-05,1.31E-05,1.43E-05,1.54E-05
YLR095C,3.36E-05,2.58E-05,1.98E-05,2.25E-05,1.73E-05,2.19E-05,#N/A,#N/A,#N/A,#N/A,1.91E-05,1.71E-05,#N/A,#N/A
YLR096W,2.70E-06,6.43E-06,5.88E-06,9.75E-06,6.41E-06,5.15E-06,#N/A,#N/A,1.59E-06,4.86E-06,#N/A,#N/A,#N/A,#N/A
YLR185W,#N/A,#N/A,1.97E-05,2.13E-05,#N/A,#N/A,2.02E-05,2.59E-05,#N/A,#N/A,2.77E-05,2.23E-05,2.54E-05,2.73E-05
YLR225C,2.36E-05,2.11E-05,2.35E-05,2.11E-05,1.90E-05,1.68E-05,#N/A,#N/A,#N/A,#N/A,#N/A,#N/A,1.10E-05,1.19E-05
YLR393W,#N/A,#N/A,5.89E-06,5.89E-06,#N/A,#N/A,9.18E-06,9.33E-06,#N/A,#N/A,1.01E-05,9.46E-06,9.83E-06,8.96E-06
YLR449W,3.26E-05,3.23E-05,3.24E-05,3.13E-05,3.23E-05,2.96E-05,#N/A,#N/A,#N/A,#N/A,#N/A,#N/A,2.65E-05,2.77E-05
YML050W,#N/A,#N/A,#N/A,#N/A,2.82E-06,2.26E-06,4.89E-06,5.29E-06,5.30E-06,4.08E-06,#N/A,#N/A,3.45E-06,3.43E-06
YML091C,#N/A,#N/A,#N/A,#N/A,#N/A,#N/A,1.63E-05,1.62E-05,1.62E-05,2.02E-05,2.51E-05,2.08E-05,1.97E-05,2.39E-05
YML094W,4.07E-05,3.39E-05,4.19E-05,3.97E-05,#N/A,#N/A,3.37E-05,2.00E-05,#N/A,#N/A,#N/A,#N/A,3.33E-05,3.15E-05
YMR139W,2.46E-05,2.28E-05,2.17E-05,2.24E-05,2.32E-05,2.00E-05,#N/A,#N/A,#N/A,#N/A,#N/A,#N/A,1.69E-05,1.71E-05
YMR149W,#N/A,#N/A,2.68E-05,2.77E-05,2.36E-05,2.52E-05,#N/A,#N/A,2.07E-05,2.55E-05,#N/A,#N/A,2.29E-05,2.12E-05
YMR228W,#N/A,#N/A,#N/A,#N/A,#N/A,#N/A,1.83E-05,2.18E-05,2.18E-05,1.89E-05,2.09E-05,2.01E-05,1.98E-05,1.99E-05
YNL119W,#N/A,#N/A,#N/A,#N/A,6.04E-06,7.28E-06,5.75E-06,5.82E-06,5.83E-06,4.13E-06,#N/A,#N/A,5.66E-06,2.43E-06
YNL202W,0.000183476,0.000192101,0.000169712,0.000171291,0.000136163,0.000104538,1.76E-05,9.28E-06,#N/A,#N/A,#N/A,#N/A,#N/A,#N/A
YNL263C,#N/A,#N/A,2.22E-05,1.93E-05,#N/A,#N/A,1.69E-05,1.40E-05,#N/A,#N/A,1.50E-05,1.56E-05,1.68E-05,1.79E-05
YNL321W,1.47E-05,8.61E-06,1.02E-05,1.10E-05,6.07E-06,5.32E-06,6.47E-06,6.40E-06,#N/A,#N/A,#N/A,#N/A,#N/A,#N/A
YNR007C,1.42E-05,1.66E-05,1.37E-05,1.27E-05,1.14E-05,1.16E-05,1.08E-05,9.92E-06,#N/A,#N/A,#N/A,#N/A,#N/A,#N/A
YNR030W,#N/A,#N/A,1.13E-05,1.34E-05,1.41E-05,1.32E-05,6.90E-06,6.95E-06,#N/A,#N/A,#N/A,#N/A,6.36E-06,7.77E-06
YOR078W,#N/A,#N/A,#N/A,#N/A,1.50E-05,1.53E-05,1.63E-05,1.76E-05,#N/A,#N/A,1.74E-05,1.45E-05,1.38E-05,1.56E-05
YOR101W,#N/A,#N/A,8.54E-06,1.33E-05,1.08E-05,7.91E-06,6.68E-06,5.83E-06,5.84E-06,8.62E-06,#N/A,#N/A,#N/A,#N/A
YOR126C,#N/A,#N/A,1.82E-05,1.85E-05,1.42E-05,1.89E-05,1.29E-05,1.27E-05,1.27E-05,1.37E-05,#N/A,#N/A,#N/A,#N/A
YOR160W,7.91E-06,8.44E-06,8.45E-06,8.99E-06,#N/A,#N/A,7.75E-06,7.84E-06,#N/A,#N/A,#N/A,#N/A,7.53E-06,9.15E-06
YOR221C,2.17E-05,2.18E-05,2.53E-05,2.08E-05,#N/A,#N/A,#N/A,#N/A,9.81E-06,1.45E-05,#N/A,#N/A,1.29E-05,9.73E-06
YOR250C,1.41E-05,1.57E-05,1.75E-05,1.73E-05,#N/A,#N/A,#N/A,#N/A,1.25E-05,1.11E-05,1.02E-05,1.21E-05,#N/A,#N/A
YOR253W,1.85E-05,1.78E-05,1.98E-05,1.86E-05,1.86E-05,1.80E-05,#N/A,#N/A,#N/A,#N/A,#N/A,#N/A,1.64E-05,1.56E-05
YOR262W,1.37E-05,1.04E-05,#N/A,#N/A,#N/A,#N/A,1.04E-05,8.77E-06,8.79E-06,8.63E-06,#N/A,#N/A,8.11E-06,9.72E-06
YOR273C,#N/A,#N/A,#N/A,#N/A,#N/A,#N/A,1.58E-05,1.92E-05,1.93E-05,1.94E-05,2.97E-05,2.68E-05,3.25E-05,3.15E-05
YOR278W,1.17E-05,9.82E-06,1.17E-05,1.01E-05,#N/A,#N/A,#N/A,#N/A,#N/A,#N/A,1.03E-05,1.14E-05,1.08E-05,1.08E-05
YPL001W,2.48E-05,2.81E-05,2.68E-05,3.08E-05,1.92E-05,1.56985E-05,#N/A,#N/A,#N/A,#N/A,7.67E-06,1.38E-05,#N/A,#N/A
YPL051W,9.61E-06,8.20E-06,8.92E-06,9.00E-06,8.07E-06,7.02E-06,#N/A,#N/A,#N/A,#N/A,#N/A,#N/A,6.81E-06,6.16E-06
YPL178W,#N/A,#N/A,2.69E-05,2.93E-05,#N/A,#N/A,2.43E-05,2.53E-05,2.53E-05,2.62E-05,2.55E-05,2.05E-05,#N/A,#N/A
YPR037C,7.36E-06,7.22E-06,#N/A,#N/A,7.50E-06,7.07E-06,6.80E-06,6.23E-06,#N/A,#N/A,#N/A,#N/A,6.93E-06,6.24E-06
YPR149W,9.67E-05,9.43E-05,5.96E-05,9.47E-05,#N/A,#N/A,#N/A,#N/A,#N/A,#N/A,6.52E-05,5.45E-05,6.03E-05,4.79E-05
YAL026C,1.15E-05,9.88E-06,#N/A,#N/A,8.65E-06,7.41E-06,#N/A,#N/A,#N/A,#N/A,#N/A,#N/A,7.17E-06,7.50E-06
YBL107C,1.51E-05,1.33E-05,#N/A,#N/A,#N/A,#N/A,2.04E-05,1.95E-05,#N/A,#N/A,#N/A,#N/A,1.73E-05,1.62E-05
YBR095C,9.85E-06,8.79E-06,1.23E-05,1.24E-05,#N/A,#N/A,#N/A,#N/A,#N/A,#N/A,#N/A,#N/A,8.81E-06,9.35E-06
YBR102C,1.04E-05,8.44E-06,#N/A,#N/A,9.32E-06,7.49E-06,#N/A,#N/A,#N/A,#N/A,#N/A,#N/A,7.82E-06,9.30E-06
YBR110W,1.52E-05,1.28E-05,#N/A,#N/A,#N/A,#N/A,#N/A,#N/A,1.73E-05,1.44E-05,#N/A,#N/A,1.12E-05,1.14E-05
YBR135W,#N/A,#N/A,0.000127041,0.000129991,#N/A,#N/A,0.000130647,0.000137519,0.000137834,0.000126975,#N/A,#N/A,#N/A,#N/A
YBR139W,1.54E-05,1.74E-05,1.24E-05,1.17E-05,#N/A,#N/A,8.34E-06,7.36E-06,#N/A,#N/A,#N/A,#N/A,#N/A,#N/A
YBR199W,6.81E-06,8.90E-06,#N/A,#N/A,6.32E-06,3.83E-06,4.45E-06,2.14E-06,#N/A,#N/A,#N/A,#N/A,#N/A,#N/A
YBR215W,4.29E-06,4.63E-06,#N/A,#N/A,#N/A,#N/A,5.79E-06,2.53E-06,#N/A,#N/A,#N/A,#N/A,4.63E-06,3.89E-06
YBR269C,3.59E-05,3.89E-05,#N/A,#N/A,3.93E-05,3.81E-05,#N/A,#N/A,#N/A,#N/A,#N/A,#N/A,2.98E-05,2.79E-05
YCR027C,#N/A,#N/A,1.40E-05,1.33E-05,#N/A,#N/A,1.29E-05,1.15E-05,#N/A,#N/A,#N/A,#N/A,1.35E-05,1.19E-05
YCR034W,2.60E-05,2.41E-05,3.49E-05,3.16E-05,#N/A,#N/A,2.84E-05,3.18E-05,#N/A,#N/A,#N/A,#N/A,#N/A,#N/A
YCR094W,#N/A,#N/A,#N/A,#N/A,#N/A,#N/A,8.73E-06,4.07E-06,#N/A,#N/A,1.10E-05,8.47E-06,9.25E-06,7.94E-06
YDL015C,1.67E-05,1.78E-05,1.89E-05,1.80E-05,1.97E-05,1.85E-05,#N/A,#N/A,#N/A,#N/A,#N/A,#N/A,#N/A,#N/A
YDL150W,#N/A,#N/A,#N/A,#N/A,#N/A,#N/A,2.52E-05,3.04E-05,#N/A,#N/A,2.74E-05,2.26E-05,3.24E-05,3.26E-05
YDL224C,5.93E-06,6.59E-06,#N/A,#N/A,#N/A,#N/A,#N/A,#N/A,#N/A,#N/A,6.55E-06,7.52E-06,6.70E-06,6.34E-06
YDL234C,1.12E-05,1.24E-05,1.79E-05,1.70E-05,#N/A,#N/A,5.82E-06,5.95E-06,#N/A,#N/A,#N/A,#N/A,#N/A,#N/A
YDR017C,#N/A,#N/A,4.53E-06,7.35E-06,5.45E-06,5.70E-06,#N/A,#N/A,#N/A,#N/A,5.66E-06,5.59E-06,#N/A,#N/A
YDR083W,#N/A,#N/A,#N/A,#N/A,1.30E-05,1.41E-05,#N/A,#N/A,1.10E-05,8.11E-06,#N/A,#N/A,1.20E-05,9.91E-06
YDR096W,5.73E-06,5.88E-06,6.39E-06,7.10E-06,#N/A,#N/A,#N/A,#N/A,#N/A,#N/A,#N/A,#N/A,3.52E-06,6.77E-06
YDR122W,1.04E-05,1.31E-05,8.41E-06,1.24E-05,#N/A,#N/A,#N/A,#N/A,#N/A,#N/A,#N/A,#N/A,6.25E-06,6.79E-06
YDR138W,6.40E-06,5.32E-06,#N/A,#N/A,#N/A,#N/A,#N/A,#N/A,5.53E-06,5.11E-06,#N/A,#N/A,5.42E-06,5.17E-06
YDR182W,1.19E-05,6.48E-06,#N/A,#N/A,9.22E-06,6.47E-06,#N/A,#N/A,#N/A,#N/A,#N/A,#N/A,1.28E-05,1.02E-05
YDR384C,0.000152922,0.000146531,0.000143453,0.000136729,0.000131538,5.51E-05,#N/A,#N/A,#N/A,#N/A,#N/A,#N/A,#N/A,#N/A
YDR393W,#N/A,#N/A,#N/A,#N/A,7.67E-06,6.00E-06,#N/A,#N/A,7.99E-06,8.65E-06,6.39E-06,7.24E-06,#N/A,#N/A
YDR527W,#N/A,#N/A,#N/A,#N/A,9.43E-06,9.38E-06,#N/A,#N/A,8.82E-06,7.94E-06,8.69E-06,8.95E-06,#N/A,#N/A
YDR531W,#N/A,#N/A,1.34E-05,1.39E-05,1.17E-05,1.06E-05,#N/A,#N/A,#N/A,#N/A,#N/A,#N/A,1.07E-05,1.11E-05
YER027C,#N/A,#N/A,#N/A,#N/A,#N/A,#N/A,7.81E-06,7.08E-06,7.10E-06,5.97E-06,#N/A,#N/A,7.59E-06,6.50E-06
YER067W,#N/A,#N/A,#N/A,#N/A,#N/A,#N/A,4.23E-05,2.61E-05,#N/A,#N/A,2.93E-05,6.07E-05,3.01E-05,4.17E-05
YER114C,6.46E-06,7.13E-06,#N/A,#N/A,6.55E-06,3.28E-06,#N/A,#N/A,#N/A,#N/A,#N/A,#N/A,5.87E-06,5.52E-06
YER142C,7.83E-06,6.74E-06,7.45E-06,7.03E-06,4.61E-06,6.79E-06,#N/A,#N/A,#N/A,#N/A,#N/A,#N/A,#N/A,#N/A
YGL005C,#N/A,#N/A,6.77E-06,7.81E-06,5.90E-06,7.47E-06,#N/A,#N/A,#N/A,#N/A,#N/A,#N/A,5.78E-06,6.70E-06
YGL018C,1.45E-05,1.77E-05,#N/A,#N/A,#N/A,#N/A,1.49E-05,1.42E-05,#N/A,#N/A,#N/A,#N/A,1.47E-05,1.30E-05
YGL094C,5.40E-06,4.64E-06,#N/A,#N/A,#N/A,#N/A,#N/A,#N/A,#N/A,#N/A,4.32E-06,3.68E-06,5.18E-06,4.58E-06
YGL139W,1.05E-05,1.14E-05,1.11E-05,1.17E-05,9.85E-06,1.11E-05,#N/A,#N/A,#N/A,#N/A,#N/A,#N/A,#N/A,#N/A
YGL241W,1.47E-05,1.50E-05,1.64E-05,1.41E-05,#N/A,#N/A,#N/A,#N/A,#N/A,#N/A,#N/A,#N/A,6.59E-06,9.23E-06
YGR010W,8.79E-06,8.40E-06,#N/A,#N/A,7.82E-06,5.26E-06,#N/A,#N/A,#N/A,#N/A,#N/A,#N/A,2.11E-06,4.61E-06
YGR095C,#N/A,#N/A,8.08E-06,7.05E-06,8.85E-06,7.57E-06,#N/A,#N/A,#N/A,#N/A,#N/A,#N/A,6.89E-06,6.85E-06
YGR111W,2.39E-05,1.96E-05,1.84E-05,1.95E-05,#N/A,#N/A,#N/A,#N/A,#N/A,#N/A,#N/A,#N/A,1.86E-05,1.38E-05
YGR203W,9.45E-06,9.80E-06,9.98E-06,7.47E-06,6.38E-06,5.94E-06,#N/A,#N/A,#N/A,#N/A,#N/A,#N/A,#N/A,#N/A
YGR283C,6.22E-06,5.35E-06,#N/A,#N/A,6.04E-06,6.28E-06,4.50E-06,7.59E-06,#N/A,#N/A,#N/A,#N/A,#N/A,#N/A
YHL013C,8.73E-06,9.38E-06,1.04E-05,1.05E-05,9.84E-06,8.72E-06,#N/A,#N/A,#N/A,#N/A,#N/A,#N/A,#N/A,#N/A
YHR003C,1.07E-05,9.13E-06,#N/A,#N/A,#N/A,#N/A,8.34E-06,4.02E-06,#N/A,#N/A,7.48E-06,1.18E-05,#N/A,#N/A
YHR077C,#N/A,#N/A,7.76E-06,8.57E-06,8.49E-06,8.38E-06,#N/A,#N/A,#N/A,#N/A,#N/A,#N/A,6.43E-06,6.82E-06
YHR137W,0.000274147,0.000249214,0.000242403,0.000247954,0.000189217,8.75E-05,#N/A,#N/A,#N/A,#N/A,#N/A,#N/A,#N/A,#N/A
YHR138C,2.74E-05,2.95E-05,2.48E-05,2.34E-05,#N/A,#N/A,1.47E-05,1.29E-05,#N/A,#N/A,#N/A,#N/A,#N/A,#N/A
YHR143W-A,#N/A,#N/A,#N/A,#N/A,#N/A,#N/A,5.42E-05,5.67E-05,5.68E-05,5.44E-05,#N/A,#N/A,5.86E-05,5.95E-05
YHR198C,2.10E-05,2.12E-05,#N/A,#N/A,#N/A,#N/A,#N/A,#N/A,2.18E-05,2.41E-05,1.95E-05,2.00E-05,#N/A,#N/A
YIL020C,#N/A,#N/A,#N/A,#N/A,8.29E-06,7.83E-06,1.16E-05,9.92E-06,#N/A,#N/A,#N/A,#N/A,7.60E-06,1.10E-05
YIL131C,4.12E-05,3.94E-05,#N/A,#N/A,#N/A,#N/A,3.56E-05,4.26E-05,#N/A,#N/A,#N/A,#N/A,5.60E-05,5.43E-05
YIL143C,#N/A,#N/A,7.42E-05,7.00E-05,5.01E-05,4.58E-05,#N/A,#N/A,#N/A,#N/A,#N/A,#N/A,3.27E-05,3.38E-05
YIL145C,1.54E-05,1.49E-05,1.85E-05,1.80E-05,#N/A,#N/A,#N/A,#N/A,#N/A,#N/A,#N/A,#N/A,1.32E-05,1.37E-05
YIR029W,3.78E-05,4.05E-05,#N/A,#N/A,4.91E-05,5.98E-05,4.33E-05,3.42E-05,#N/A,#N/A,#N/A,#N/A,#N/A,#N/A
YIR035C,#N/A,#N/A,1.37E-05,1.31E-05,#N/A,#N/A,1.24E-05,9.48E-06,#N/A,#N/A,#N/A,#N/A,5.62E-06,1.39E-05
YJL005W,#N/A,#N/A,#N/A,#N/A,#N/A,#N/A,7.60E-06,1.01E-05,1.01E-05,6.16E-06,#N/A,#N/A,5.06E-06,5.34E-06
YJL029C,7.92E-06,6.47E-06,#N/A,#N/A,8.64E-06,4.52E-06,#N/A,#N/A,#N/A,#N/A,#N/A,#N/A,6.52E-06,6.34E-06
YJL071W,2.50E-06,3.19E-06,4.42E-06,4.76E-06,4.60E-06,3.80E-06,#N/A,#N/A,#N/A,#N/A,#N/A,#N/A,#N/A,#N/A
YJL102W,#N/A,#N/A,#N/A,#N/A,#N/A,#N/A,1.41E-05,1.32E-05,#N/A,#N/A,1.11E-05,8.58E-06,1.10E-05,8.23E-06
YJL141C,1.23E-05,1.13E-05,9.39E-06,1.24E-05,#N/A,#N/A,#N/A,#N/A,6.81E-06,8.00E-06,#N/A,#N/A,#N/A,#N/A
YJL146W,#N/A,#N/A,#N/A,#N/A,#N/A,#N/A,6.69E-06,8.48E-06,8.50E-06,7.08E-06,#N/A,#N/A,5.77E-06,7.39E-06
YJR033C,9.65E-06,8.78E-06,9.71E-06,8.87E-06,#N/A,#N/A,#N/A,#N/A,#N/A,#N/A,9.76E-06,2.89E-06,#N/A,#N/A
YJR134C,#N/A,#N/A,6.32E-06,7.46E-06,#N/A,#N/A,#N/A,#N/A,#N/A,#N/A,8.41E-06,6.42E-06,5.21E-06,7.41E-06
YJR142W,1.61E-05,1.33E-05,1.47E-05,1.18E-05,1.21E-05,1.05E-05,#N/A,#N/A,#N/A,#N/A,#N/A,#N/A,#N/A,#N/A
YJR149W,#N/A,#N/A,#N/A,#N/A,#N/A,#N/A,9.85E-06,1.08E-05,1.08E-05,1.39E-05,#N/A,#N/A,1.20E-05,1.09E-05
YKL088W,#N/A,#N/A,#N/A,#N/A,3.99E-06,4.55E-06,5.16E-06,4.72E-06,#N/A,#N/A,#N/A,#N/A,5.56E-06,5.03E-06
YKL140W,5.85E-06,5.60E-06,#N/A,#N/A,#N/A,#N/A,5.24E-06,4.21E-06,#N/A,#N/A,4.08E-06,5.47E-06,#N/A,#N/A
YKR056W,1.69E-05,2.19E-05,7.15E-06,1.46E-05,#N/A,#N/A,#N/A,#N/A,#N/A,#N/A,#N/A,#N/A,7.30E-06,1.24E-05
YKR076W,3.88E-05,4.32E-05,4.38E-05,3.39E-05,2.74E-05,1.94E-05,#N/A,#N/A,#N/A,#N/A,#N/A,#N/A,#N/A,#N/A
YLR025W,2.20E-05,2.05E-05,2.09E-05,1.72E-05,#N/A,#N/A,#N/A,#N/A,#N/A,#N/A,#N/A,#N/A,1.56E-05,1.37E-05
YLR034C,#N/A,#N/A,2.30E-05,2.39E-05,#N/A,#N/A,2.32E-05,1.89E-05,#N/A,#N/A,#N/A,#N/A,2.51E-05,2.45E-05
YLR055C,#N/A,#N/A,#N/A,#N/A,9.83E-06,9.68E-06,1.02E-05,9.44E-06,9.46E-06,9.00E-06,#N/A,#N/A,#N/A,#N/A
YLR115W,#N/A,#N/A,9.51E-06,8.01E-06,#N/A,#N/A,7.89E-06,8.49E-06,8.51E-06,7.14E-06,#N/A,#N/A,#N/A,#N/A
YLR143W,4.89E-06,6.27E-06,4.77E-06,4.59E-06,6.01E-06,4.67E-06,#N/A,#N/A,#N/A,#N/A,#N/A,#N/A,#N/A,#N/A
YLR191W,#N/A,#N/A,#N/A,#N/A,4.79E-06,4.04E-06,#N/A,#N/A,#N/A,#N/A,5.85E-06,5.46E-06,5.81E-06,4.56E-06
YLR253W,#N/A,#N/A,#N/A,#N/A,#N/A,#N/A,1.39E-05,1.25E-05,#N/A,#N/A,1.19E-05,1.16E-05,1.40E-05,1.45E-05
YLR350W,#N/A,#N/A,1.04E-05,1.05E-05,#N/A,#N/A,8.00E-06,7.01E-06,7.02E-06,5.59E-06,#N/A,#N/A,#N/A,#N/A
YML013W,9.55E-06,8.81E-06,9.03E-06,9.87E-06,6.64E-06,5.98E-06,#N/A,#N/A,#N/A,#N/A,#N/A,#N/A,#N/A,#N/A
YML014W,#N/A,#N/A,1.39E-05,9.17E-06,1.11E-05,9.12E-06,#N/A,#N/A,#N/A,#N/A,#N/A,#N/A,1.14E-05,9.37E-06
YML032C,7.20E-06,5.52E-06,#N/A,#N/A,#N/A,#N/A,5.61E-06,2.86E-06,#N/A,#N/A,#N/A,#N/A,5.52E-06,5.48E-06
YMR005W,7.26E-06,5.87E-06,#N/A,#N/A,7.76E-06,7.04E-06,6.82E-06,7.21E-06,#N/A,#N/A,#N/A,#N/A,#N/A,#N/A
YMR016C,5.33E-06,5.95E-06,#N/A,#N/A,5.11E-06,6.26E-06,#N/A,#N/A,#N/A,#N/A,#N/A,#N/A,3.54E-06,3.37E-06
YMR041C,1.84E-05,1.44E-05,1.40E-05,1.55E-05,1.37E-05,7.44E-06,#N/A,#N/A,#N/A,#N/A,#N/A,#N/A,#N/A,#N/A
YMR161W,#N/A,#N/A,#N/A,#N/A,#N/A,#N/A,1.30E-05,1.32E-05,#N/A,#N/A,1.18E-05,1.23E-05,1.21E-05,1.07E-05
YMR221C,#N/A,#N/A,#N/A,#N/A,7.25E-06,8.72E-06,7.77E-06,4.49E-06,#N/A,#N/A,#N/A,#N/A,1.03E-05,9.38E-06
YMR280C,#N/A,#N/A,#N/A,#N/A,7.05E-06,1.44E-05,9.66E-06,1.06E-05,#N/A,#N/A,6.92E-06,8.54E-06,#N/A,#N/A
YNL035C,#N/A,#N/A,1.76E-05,1.01E-05,#N/A,#N/A,1.45E-05,1.51E-05,#N/A,#N/A,#N/A,#N/A,2.04E-05,2.14E-05
YNL040W,1.00E-05,1.13E-05,1.06E-05,1.06E-05,#N/A,#N/A,#N/A,#N/A,#N/A,#N/A,#N/A,#N/A,9.68E-06,8.46E-06
YNL041C,5.88E-06,5.03E-06,4.70E-06,5.27E-06,#N/A,#N/A,4.78E-06,4.10E-06,#N/A,#N/A,#N/A,#N/A,#N/A,#N/A
YNL099C,#N/A,#N/A,1.24E-05,1.30E-05,#N/A,#N/A,9.32E-06,5.52E-06,#N/A,#N/A,#N/A,#N/A,9.69E-06,1.28E-05
YNL192W,6.45E-06,6.57E-06,6.97E-06,7.73E-06,#N/A,#N/A,6.50E-06,5.21E-06,#N/A,#N/A,#N/A,#N/A,#N/A,#N/A
YNL199C,#N/A,#N/A,#N/A,#N/A,#N/A,#N/A,4.18E-06,3.58E-06,3.59E-06,3.70E-06,#N/A,#N/A,0,3.48E-06
YNL267W,1.97E-05,2.38E-05,1.98E-05,2.06E-05,#N/A,#N/A,#N/A,#N/A,#N/A,#N/A,#N/A,#N/A,2.12E-05,1.76E-05
YNL310C,#N/A,#N/A,#N/A,#N/A,#N/A,#N/A,#N/A,#N/A,5.62E-06,4.97E-06,6.39E-06,4.62E-06,4.98E-06,6.95E-06
YNR002C,0.000152751,0.000169681,0.000161834,0.000123655,0.000249584,0.000171149,#N/A,#N/A,#N/A,#N/A,#N/A,#N/A,#N/A,#N/A
YNR013C,#N/A,#N/A,#N/A,#N/A,#N/A,#N/A,1.25E-05,1.26E-05,#N/A,#N/A,1.30E-05,1.28E-05,1.31E-05,1.42E-05
YOL031C,2.04E-05,1.70E-05,1.75E-05,1.84E-05,#N/A,#N/A,#N/A,#N/A,#N/A,#N/A,#N/A,#N/A,1.28E-05,1.14E-05
YOL062C,#N/A,#N/A,6.39E-06,8.21E-06,7.23E-06,7.48E-06,#N/A,#N/A,#N/A,#N/A,#N/A,#N/A,5.81E-06,6.94E-06
YOL066C,8.25E-06,7.97E-06,6.83E-06,8.35E-06,#N/A,#N/A,#N/A,#N/A,#N/A,#N/A,#N/A,#N/A,8.62E-06,9.09E-06
YOL088C,2.32E-05,2.88E-05,2.32E-05,2.78E-05,1.51E-05,1.15E-05,#N/A,#N/A,#N/A,#N/A,#N/A,#N/A,#N/A,#N/A
YOL092W,1.02E-05,1.18E-05,#N/A,#N/A,#N/A,#N/A,#N/A,#N/A,#N/A,#N/A,9.53E-06,8.75E-06,1.04E-05,9.42E-06
YOL115W,#N/A,#N/A,#N/A,#N/A,#N/A,#N/A,9.64E-06,1.14E-05,1.14E-05,8.17E-06,6.40E-06,5.77E-06,#N/A,#N/A
YOL126C,6.44E-05,6.74E-05,6.11E-05,5.69E-05,2.34E-05,2.30E-05,#N/A,#N/A,#N/A,#N/A,#N/A,#N/A,#N/A,#N/A
YOR004W,8.52E-06,7.44E-06,8.38E-06,9.06E-06,#N/A,#N/A,#N/A,#N/A,#N/A,#N/A,1.14E-05,4.30E-06,#N/A,#N/A
YOR017W,#N/A,#N/A,#N/A,#N/A,5.53E-06,6.72E-06,5.84E-06,3.02E-06,#N/A,#N/A,#N/A,#N/A,6.10E-06,5.37E-06
YOR181W,1.23E-05,9.13E-06,1.32E-05,1.06E-05,#N/A,#N/A,1.06E-05,1.03E-05,#N/A,#N/A,#N/A,#N/A,#N/A,#N/A
YOR194C,#N/A,#N/A,2.44E-05,2.77E-05,#N/A,#N/A,2.78E-05,2.80E-05,#N/A,#N/A,#N/A,#N/A,2.40E-05,2.39E-05
YOR227W,7.85E-06,9.97E-06,#N/A,#N/A,5.80E-06,3.86E-06,#N/A,#N/A,6.75E-06,7.71E-06,#N/A,#N/A,#N/A,#N/A
YOR252W,1.58E-05,1.32E-05,7.25E-06,1.26E-05,#N/A,#N/A,#N/A,#N/A,#N/A,#N/A,#N/A,#N/A,1.82E-05,1.58E-05
YOR291W,#N/A,#N/A,#N/A,#N/A,#N/A,#N/A,7.47E-06,5.77E-06,#N/A,#N/A,5.18E-06,7.02E-06,7.48E-06,7.42E-06
YOR357C,#N/A,#N/A,#N/A,#N/A,#N/A,#N/A,9.35E-06,1.27E-05,#N/A,#N/A,1.07E-05,9.30E-06,1.37E-05,1.12E-05
YOR388C,0.000457627,0.000499346,0.00043993,0.000497407,0.000171798,5.71E-05,#N/A,#N/A,#N/A,#N/A,#N/A,#N/A,#N/A,#N/A
YPL099C,#N/A,#N/A,1.34E-05,1.25E-05,#N/A,#N/A,9.07E-06,8.96E-06,#N/A,#N/A,7.95E-06,9.09E-06,#N/A,#N/A
YPL101W,1.32E-05,1.35E-05,1.49E-05,1.44E-05,#N/A,#N/A,#N/A,#N/A,#N/A,#N/A,#N/A,#N/A,1.30E-05,1.63E-05
YPL110C,1.55E-05,1.35E-05,1.67E-05,1.55E-05,9.91E-06,6.48E-06,#N/A,#N/A,#N/A,#N/A,#N/A,#N/A,#N/A,#N/A
YPL161C,5.35E-06,5.97E-06,5.80E-06,5.12E-06,#N/A,#N/A,4.66E-06,5.08E-06,#N/A,#N/A,#N/A,#N/A,#N/A,#N/A
YPL263C,#N/A,#N/A,#N/A,#N/A,#N/A,#N/A,1.27E-05,1.15E-05,#N/A,#N/A,1.35E-05,1.05E-05,1.24E-05,1.47E-05
YPR001W,8.62E-05,0.00011355,8.91E-05,9.04E-05,7.65E-05,4.03E-05,#N/A,#N/A,#N/A,#N/A,#N/A,#N/A,#N/A,#N/A
YPR048W,6.24E-06,4.12E-06,5.47E-06,4.56E-06,#N/A,#N/A,#N/A,#N/A,#N/A,#N/A,#N/A,#N/A,5.05E-06,5.01E-06
YPR105C,#N/A,#N/A,#N/A,#N/A,#N/A,#N/A,#N/A,#N/A,7.99E-06,6.26E-06,5.71E-06,6.31E-06,5.87E-06,5.80E-06
YPR143W,#N/A,#N/A,1.38E-05,1.41E-05,#N/A,#N/A,#N/A,#N/A,#N/A,#N/A,1.72E-05,1.32E-05,1.23E-05,1.35E-05
YPR161C,5.69E-06,9.56E-06,#N/A,#N/A,7.11E-06,8.76E-06,6.67E-06,6.45E-06,#N/A,#N/A,#N/A,#N/A,#N/A,#N/A
YBL042C,#N/A,#N/A,9.19E-06,8.47E-06,1.35E-05,9.29E-06,#N/A,#N/A,#N/A,#N/A,#N/A,#N/A,#N/A,#N/A
YBL057C,#N/A,#N/A,#N/A,#N/A,#N/A,#N/A,2.97E-05,2.70E-05,#N/A,#N/A,2.85E-05,2.71E-05,#N/A,#N/A
YBL103C,#N/A,#N/A,#N/A,#N/A,1.54E-06,1.39E-06,#N/A,#N/A,#N/A,#N/A,#N/A,#N/A,1.63E-06,1.66E-06
YBR005W,1.26E-05,1.03E-05,1.19E-05,1.32E-05,#N/A,#N/A,#N/A,#N/A,#N/A,#N/A,#N/A,#N/A,#N/A,#N/A
YBR117C,0.000167359,0.000160464,0.000117534,0.000132783,#N/A,#N/A,#N/A,#N/A,#N/A,#N/A,#N/A,#N/A,#N/A,#N/A
YBR176W,#N/A,#N/A,9.25E-06,8.43E-06,#N/A,#N/A,7.75E-06,6.08E-06,#N/A,#N/A,#N/A,#N/A,#N/A,#N/A
YBR213W,#N/A,#N/A,#N/A,#N/A,#N/A,#N/A,1.57E-05,1.34E-05,#N/A,#N/A,#N/A,#N/A,2.33E-05,1.81E-05
YBR229C,6.83E-06,6.76E-06,9.39E-06,9.38E-06,#N/A,#N/A,#N/A,#N/A,#N/A,#N/A,#N/A,#N/A,#N/A,#N/A
YBR273C,1.49E-05,1.17E-05,1.02E-05,9.90E-06,#N/A,#N/A,#N/A,#N/A,#N/A,#N/A,#N/A,#N/A,#N/A,#N/A
YCL039W,1.11E-05,7.37E-06,8.08E-06,1.24E-05,#N/A,#N/A,#N/A,#N/A,#N/A,#N/A,#N/A,#N/A,#N/A,#N/A
YCR010C,0.000155615,0.000145224,0.000127988,0.000129753,#N/A,#N/A,#N/A,#N/A,#N/A,#N/A,#N/A,#N/A,#N/A,#N/A
YDL005C,#N/A,#N/A,3.47E-06,4.21E-06,#N/A,#N/A,3.11E-06,3.78E-06,#N/A,#N/A,#N/A,#N/A,#N/A,#N/A
YDL120W,#N/A,#N/A,#N/A,#N/A,#N/A,#N/A,2.44E-05,1.06E-05,#N/A,#N/A,#N/A,#N/A,2.22E-05,2.07E-05
YDL175C,#N/A,#N/A,#N/A,#N/A,#N/A,#N/A,7.24E-06,6.47E-06,#N/A,#N/A,#N/A,#N/A,7.70E-06,6.45E-06
YDL204W,2.04E-05,2.14E-05,1.18E-05,1.19E-05,#N/A,#N/A,#N/A,#N/A,#N/A,#N/A,#N/A,#N/A,#N/A,#N/A
YDL223C,4.93E-05,4.11E-05,2.04E-05,1.32E-05,#N/A,#N/A,#N/A,#N/A,#N/A,#N/A,#N/A,#N/A,#N/A,#N/A
YDR005C,7.30E-06,9.30E-06,8.94E-06,1.15E-05,#N/A,#N/A,#N/A,#N/A,#N/A,#N/A,#N/A,#N/A,#N/A,#N/A
YDR059C,2.87E-05,3.67E-05,2.33E-05,3.69E-05,#N/A,#N/A,#N/A,#N/A,#N/A,#N/A,#N/A,#N/A,#N/A,#N/A
YDR070C,5.13E-05,4.06E-05,1.81E-05,1.84E-05,#N/A,#N/A,#N/A,#N/A,#N/A,#N/A,#N/A,#N/A,#N/A,#N/A
YDR115W,#N/A,#N/A,#N/A,#N/A,#N/A,#N/A,#N/A,#N/A,#N/A,#N/A,8.37E-06,9.26E-06,8.55E-06,9.26E-06
YDR143C,4.44E-06,4.50E-06,#N/A,#N/A,#N/A,#N/A,#N/A,#N/A,#N/A,#N/A,#N/A,#N/A,4.89E-06,6.02E-06
YDR227W,#N/A,#N/A,#N/A,#N/A,#N/A,#N/A,3.46E-05,2.92E-05,#N/A,#N/A,#N/A,#N/A,2.56E-05,3.09E-05
YDR229W,5.66E-06,5.81E-06,#N/A,#N/A,#N/A,#N/A,#N/A,#N/A,#N/A,#N/A,#N/A,#N/A,4.66E-06,5.52E-06
YDR248C,1.19E-05,1.19E-05,#N/A,#N/A,1.22E-05,1.09E-05,#N/A,#N/A,#N/A,#N/A,#N/A,#N/A,#N/A,#N/A
YDR257C,1.02E-05,1.35E-05,#N/A,#N/A,#N/A,#N/A,8.08E-06,2.68E-06,#N/A,#N/A,#N/A,#N/A,#N/A,#N/A
YDR311W,#N/A,#N/A,#N/A,#N/A,#N/A,#N/A,6.43E-06,5.35E-06,5.37E-06,5.13E-06,#N/A,#N/A,#N/A,#N/A
YDR329C,7.31E-06,7.87E-06,7.49E-06,6.15E-06,#N/A,#N/A,#N/A,#N/A,#N/A,#N/A,#N/A,#N/A,#N/A,#N/A
YDR441C,#N/A,#N/A,1.72E-05,1.64E-05,#N/A,#N/A,#N/A,#N/A,1.53E-05,1.77E-05,#N/A,#N/A,#N/A,#N/A
YDR448W,5.19E-06,4.63E-06,#N/A,#N/A,#N/A,#N/A,#N/A,#N/A,#N/A,#N/A,#N/A,#N/A,4.16E-06,4.48E-06
YDR462W,#N/A,#N/A,#N/A,#N/A,2.88E-05,3.21E-05,#N/A,#N/A,#N/A,#N/A,2.78E-05,2.89E-05,#N/A,#N/A
YEL007W,#N/A,#N/A,#N/A,#N/A,#N/A,#N/A,#N/A,#N/A,#N/A,#N/A,9.80E-06,7.74E-06,9.09E-06,8.34E-06
YER010C,#N/A,#N/A,1.18E-05,1.23E-05,#N/A,#N/A,#N/A,#N/A,#N/A,#N/A,1.22E-05,1.31E-05,#N/A,#N/A
YER134C,#N/A,#N/A,#N/A,#N/A,#N/A,#N/A,1.65E-05,1.71E-05,#N/A,#N/A,#N/A,#N/A,1.73E-05,1.71E-05
YFL029C,#N/A,#N/A,4.61E-06,4.45E-06,3.90E-06,4.36E-06,#N/A,#N/A,#N/A,#N/A,#N/A,#N/A,#N/A,#N/A
YFL046W,1.87E-05,1.55E-05,1.90E-05,1.83E-05,#N/A,#N/A,#N/A,#N/A,#N/A,#N/A,#N/A,#N/A,#N/A,#N/A
YFR013W,#N/A,#N/A,#N/A,#N/A,8.45E-06,7.80E-06,#N/A,#N/A,#N/A,#N/A,6.73E-06,5.71E-06,#N/A,#N/A
YGL060W,#N/A,#N/A,#N/A,#N/A,#N/A,#N/A,7.44E-06,6.18E-06,#N/A,#N/A,#N/A,#N/A,5.39E-06,5.67E-06
YGL070C,#N/A,#N/A,#N/A,#N/A,2.84E-05,2.54E-05,2.78E-05,2.97E-05,#N/A,#N/A,#N/A,#N/A,#N/A,#N/A
YGL119W,0.00076085,0.000721917,#N/A,#N/A,#N/A,#N/A,#N/A,#N/A,#N/A,#N/A,#N/A,#N/A,0.001087085,0.001008914
YGL161C,#N/A,#N/A,1.19E-05,1.21E-05,1.03E-05,1.04E-05,#N/A,#N/A,#N/A,#N/A,#N/A,#N/A,#N/A,#N/A
YGR038W,#N/A,#N/A,#N/A,#N/A,#N/A,#N/A,1.13E-05,1.21E-05,1.21E-05,1.20E-05,#N/A,#N/A,#N/A,#N/A
YGR043C,9.34E-05,0.000100294,4.74E-05,5.79E-05,#N/A,#N/A,#N/A,#N/A,#N/A,#N/A,#N/A,#N/A,#N/A,#N/A
YGR092W,#N/A,#N/A,#N/A,#N/A,0,1.55E-06,#N/A,#N/A,#N/A,#N/A,3.32E-06,1.04E-06,#N/A,#N/A
YGR198W,4.71E-06,5.61E-06,#N/A,#N/A,#N/A,#N/A,#N/A,#N/A,4.92E-06,4.90E-06,#N/A,#N/A,#N/A,#N/A
YGR248W,2.81E-05,3.18E-05,1.76E-05,1.88E-05,#N/A,#N/A,#N/A,#N/A,#N/A,#N/A,#N/A,#N/A,#N/A,#N/A
YGR280C,#N/A,#N/A,#N/A,#N/A,#N/A,#N/A,#N/A,#N/A,#N/A,#N/A,6.36E-06,7.23E-06,6.18E-06,6.40E-06
YHL014C,5.09E-06,6.15E-06,#N/A,#N/A,#N/A,#N/A,6.61E-06,5.20E-06,#N/A,#N/A,#N/A,#N/A,#N/A,#N/A
YHR041C,1.65E-05,1.67083E-05,#N/A,#N/A,1.75E-05,1.63E-05,#N/A,#N/A,#N/A,#N/A,#N/A,#N/A,#N/A,#N/A
YHR057C,#N/A,#N/A,1.04E-05,1.05E-05,9.30E-06,7.84E-06,#N/A,#N/A,#N/A,#N/A,#N/A,#N/A,#N/A,#N/A
YHR133C,#N/A,#N/A,#N/A,#N/A,#N/A,#N/A,1.38E-05,1.12E-05,#N/A,#N/A,#N/A,#N/A,1.22E-05,1.27E-05
YHR148W,9.62E-06,1.28E-05,#N/A,#N/A,#N/A,#N/A,#N/A,#N/A,#N/A,#N/A,#N/A,#N/A,1.34E-05,1.29E-05
YHR162W,1.05E-05,1.02E-05,8.76E-06,1.02E-05,#N/A,#N/A,#N/A,#N/A,#N/A,#N/A,#N/A,#N/A,#N/A,#N/A
YHR186C,#N/A,#N/A,#N/A,#N/A,#N/A,#N/A,5.79E-06,6.25E-06,#N/A,#N/A,#N/A,#N/A,5.89E-06,6.85E-06
YHR188C,1.50E-05,1.05E-05,#N/A,#N/A,1.02E-05,1.15E-05,#N/A,#N/A,#N/A,#N/A,#N/A,#N/A,#N/A,#N/A
YHR192W,#N/A,#N/A,9.70E-06,1.06E-05,1.01E-05,1.07E-05,#N/A,#N/A,#N/A,#N/A,#N/A,#N/A,#N/A,#N/A
YIL016W,1.67E-05,2.14E-05,#N/A,#N/A,2.17E-05,2.11E-05,#N/A,#N/A,#N/A,#N/A,#N/A,#N/A,#N/A,#N/A
YIL090W,#N/A,#N/A,#N/A,#N/A,#N/A,#N/A,5.64E-06,4.29E-06,4.30E-06,3.85E-06,#N/A,#N/A,#N/A,#N/A
YIL106W,6.22E-06,7.49E-06,#N/A,#N/A,#N/A,#N/A,7.99E-06,5.91E-06,#N/A,#N/A,#N/A,#N/A,#N/A,#N/A
YIL130W,2.22E-05,2.35E-05,#N/A,#N/A,#N/A,#N/A,#N/A,#N/A,2.41E-05,1.88E-05,#N/A,#N/A,#N/A,#N/A
YJL062W-A,#N/A,#N/A,#N/A,#N/A,#N/A,#N/A,#N/A,#N/A,#N/A,#N/A,1.71E-05,1.57E-05,1.61E-05,1.74E-05
YJL197W,8.06E-06,8.85E-06,#N/A,#N/A,8.92E-06,9.97E-06,#N/A,#N/A,#N/A,#N/A,#N/A,#N/A,#N/A,#N/A
YJL198W,#N/A,#N/A,3.96E-06,2.58E-06,3.28E-06,2.71E-06,#N/A,#N/A,#N/A,#N/A,#N/A,#N/A,#N/A,#N/A
YJL216C,#N/A,#N/A,9.80E-06,1.07E-05,1.07E-05,8.12E-06,#N/A,#N/A,#N/A,#N/A,#N/A,#N/A,#N/A,#N/A
YJR046W,#N/A,#N/A,#N/A,#N/A,#N/A,#N/A,#N/A,#N/A,#N/A,#N/A,1.99E-05,1.90E-05,2.38E-05,2.26E-05
YJR096W,3.58E-05,2.78E-05,2.58E-05,2.53E-05,#N/A,#N/A,#N/A,#N/A,#N/A,#N/A,#N/A,#N/A,#N/A,#N/A
YKL041W,#N/A,#N/A,4.95E-06,2.03E-06,#N/A,#N/A,#N/A,#N/A,5.77E-06,5.54E-06,#N/A,#N/A,#N/A,#N/A
YKL052C,6.89E-06,7.10E-06,#N/A,#N/A,7.12E-06,7.06E-06,#N/A,#N/A,#N/A,#N/A,#N/A,#N/A,#N/A,#N/A
YKL059C,3.25E-06,3.16E-06,#N/A,#N/A,3.10E-06,3.61E-06,#N/A,#N/A,#N/A,#N/A,#N/A,#N/A,#N/A,#N/A
YKL099C,#N/A,#N/A,#N/A,#N/A,#N/A,#N/A,#N/A,#N/A,#N/A,#N/A,8.58E-06,7.62E-06,8.64E-06,6.25E-06
YKL119C,8.12E-06,8.42E-06,#N/A,#N/A,#N/A,#N/A,#N/A,#N/A,#N/A,#N/A,#N/A,#N/A,6.57E-06,5.94E-06
YKL186C,4.93E-06,6.03E-06,#N/A,#N/A,#N/A,#N/A,#N/A,#N/A,#N/A,#N/A,#N/A,#N/A,7.50E-06,6.36E-06
YKR024C,#N/A,#N/A,#N/A,#N/A,#N/A,#N/A,8.41E-06,6.43E-06,#N/A,#N/A,1.03E-05,1.15E-05,#N/A,#N/A
YKR025W,#N/A,#N/A,#N/A,#N/A,#N/A,#N/A,#N/A,#N/A,6.87E-06,7.03E-06,7.22E-06,5.89E-06,#N/A,#N/A
YKR042W,1.07E-05,1.09E-05,#N/A,#N/A,#N/A,#N/A,7.81E-06,7.87E-06,#N/A,#N/A,#N/A,#N/A,#N/A,#N/A
YKR058W,1.05E-05,9.91E-06,6.34E-06,6.88E-06,#N/A,#N/A,#N/A,#N/A,#N/A,#N/A,#N/A,#N/A,#N/A,#N/A
YKR095W-A,1.93E-05,2.31E-05,2.10E-05,2.47E-05,#N/A,#N/A,#N/A,#N/A,#N/A,#N/A,#N/A,#N/A,#N/A,#N/A
YLR026C,2.12E-05,1.95E-05,#N/A,#N/A,#N/A,#N/A,#N/A,#N/A,#N/A,#N/A,#N/A,#N/A,2.04E-05,1.96E-05
YLR071C,#N/A,#N/A,#N/A,#N/A,#N/A,#N/A,#N/A,#N/A,#N/A,#N/A,1.97E-05,1.59E-05,1.59E-05,1.30E-05
YLR088W,#N/A,#N/A,#N/A,#N/A,1.42E-05,1.25E-05,1.04E-05,1.11E-05,#N/A,#N/A,#N/A,#N/A,#N/A,#N/A
YLR146C,#N/A,#N/A,#N/A,#N/A,#N/A,#N/A,1.28E-05,1.11E-05,#N/A,#N/A,#N/A,#N/A,1.42E-05,1.05E-05
YLR178C,0.000129651,0.000147444,8.55E-05,7.32E-05,#N/A,#N/A,#N/A,#N/A,#N/A,#N/A,#N/A,#N/A,#N/A,#N/A
YLR218C,#N/A,#N/A,#N/A,#N/A,#N/A,#N/A,#N/A,#N/A,#N/A,#N/A,6.47E-06,6.44E-06,6.89E-06,5.66E-06
YLR286C,2.16E-05,1.92E-05,2.57E-05,2.62E-05,#N/A,#N/A,#N/A,#N/A,#N/A,#N/A,#N/A,#N/A,#N/A,#N/A
YLR327C,5.53E-05,5.02E-05,2.83E-05,1.93E-05,#N/A,#N/A,#N/A,#N/A,#N/A,#N/A,#N/A,#N/A,#N/A,#N/A
YLR414C,2.42E-05,2.38E-05,#N/A,#N/A,1.29E-05,1.28E-05,#N/A,#N/A,#N/A,#N/A,#N/A,#N/A,#N/A,#N/A
YLR435W,1.43E-05,1.49E-05,#N/A,#N/A,#N/A,#N/A,#N/A,#N/A,1.53E-05,1.40E-05,#N/A,#N/A,#N/A,#N/A
YML015C,#N/A,#N/A,3.51E-06,3.73E-06,#N/A,#N/A,3.01E-06,1.88E-06,#N/A,#N/A,#N/A,#N/A,#N/A,#N/A
YML049C,#N/A,#N/A,#N/A,#N/A,#N/A,#N/A,5.39E-06,6.52E-06,#N/A,#N/A,#N/A,#N/A,6.68E-06,8.66E-06
YML079W,#N/A,#N/A,2.06E-05,2.03E-05,#N/A,#N/A,1.89E-05,2.17E-05,#N/A,#N/A,#N/A,#N/A,#N/A,#N/A
YML112W,8.68E-06,8.87E-06,#N/A,#N/A,#N/A,#N/A,#N/A,#N/A,#N/A,#N/A,#N/A,#N/A,8.96E-06,1.04E-05
YML128C,0.000269938,0.0002708,0.000155187,0.000149011,#N/A,#N/A,#N/A,#N/A,#N/A,#N/A,#N/A,#N/A,#N/A,#N/A
YMR014W,4.66E-06,6.54E-06,#N/A,#N/A,#N/A,#N/A,#N/A,#N/A,#N/A,#N/A,6.83E-06,6.78E-06,#N/A,#N/A
YMR043W,#N/A,#N/A,#N/A,#N/A,1.35E-05,1.23E-05,#N/A,#N/A,#N/A,#N/A,#N/A,#N/A,1.38E-05,1.18E-05
YMR096W,7.65E-06,8.89E-06,#N/A,#N/A,#N/A,#N/A,#N/A,#N/A,1.43E-05,1.29E-05,#N/A,#N/A,#N/A,#N/A
YMR107W,2.36E-05,2.24E-05,1.29E-05,1.38E-05,#N/A,#N/A,#N/A,#N/A,#N/A,#N/A,#N/A,#N/A,#N/A,#N/A
YMR140W,1.22E-05,1.60E-05,1.60E-05,3.09E-05,#N/A,#N/A,#N/A,#N/A,#N/A,#N/A,#N/A,#N/A,#N/A,#N/A
YMR153W,#N/A,#N/A,2.24E-05,2.22E-05,#N/A,#N/A,#N/A,#N/A,1.54E-05,1.76E-05,#N/A,#N/A,#N/A,#N/A
YMR165C,#N/A,#N/A,#N/A,#N/A,#N/A,#N/A,5.62E-06,6.57E-06,6.59E-06,5.40E-06,#N/A,#N/A,#N/A,#N/A
YMR231W,5.61E-06,1.30E-05,7.05E-06,1.05E-05,#N/A,#N/A,#N/A,#N/A,#N/A,#N/A,#N/A,#N/A,#N/A,#N/A
YMR236W,#N/A,#N/A,#N/A,#N/A,#N/A,#N/A,1.03E-05,1.07E-05,#N/A,#N/A,#N/A,#N/A,9.07E-06,8.45E-06
YMR275C,#N/A,#N/A,#N/A,#N/A,#N/A,#N/A,6.90E-06,7.82E-06,#N/A,#N/A,7.37E-06,6.31E-06,#N/A,#N/A
YMR278W,9.33E-06,1.44E-05,6.23E-06,7.17E-06,#N/A,#N/A,#N/A,#N/A,#N/A,#N/A,#N/A,#N/A,#N/A,#N/A
YMR293C,#N/A,#N/A,#N/A,#N/A,#N/A,#N/A,4.36E-06,6.03E-06,6.05E-06,5.28E-06,#N/A,#N/A,#N/A,#N/A
YMR310C,#N/A,#N/A,#N/A,#N/A,#N/A,#N/A,#N/A,#N/A,#N/A,#N/A,9.61E-06,6.50E-06,6.85E-06,7.96E-06
YNL153C,#N/A,#N/A,#N/A,#N/A,1.61E-05,1.41E-05,#N/A,#N/A,#N/A,#N/A,#N/A,#N/A,1.61E-05,1.41E-05
YNL160W,0.000209572,0.000185741,0.000102201,7.97E-05,#N/A,#N/A,#N/A,#N/A,#N/A,#N/A,#N/A,#N/A,#N/A,#N/A
YNL191W,5.21E-06,5.83E-06,#N/A,#N/A,#N/A,#N/A,#N/A,#N/A,4.44E-06,7.00E-06,#N/A,#N/A,#N/A,#N/A
YNL233W,#N/A,#N/A,#N/A,#N/A,5.36E-06,5.08E-06,#N/A,#N/A,#N/A,#N/A,3.41E-06,5.18E-06,#N/A,#N/A
YNL240C,#N/A,#N/A,#N/A,#N/A,1.92E-05,1.02E-05,1.30E-05,1.36E-05,#N/A,#N/A,#N/A,#N/A,#N/A,#N/A
YNL250W,#N/A,#N/A,8.30E-06,5.06E-06,#N/A,#N/A,#N/A,#N/A,5.34E-06,0,#N/A,#N/A,#N/A,#N/A
YNL262W,#N/A,#N/A,#N/A,#N/A,1.42E-05,1.80E-05,#N/A,#N/A,#N/A,#N/A,#N/A,#N/A,1.41E-05,1.34E-05
YNR034W-A,3.10E-05,4.01E-05,1.62E-05,1.55E-05,#N/A,#N/A,#N/A,#N/A,#N/A,#N/A,#N/A,#N/A,#N/A,#N/A
YNR036C,#N/A,#N/A,#N/A,#N/A,#N/A,#N/A,2.63E-05,2.14E-05,#N/A,#N/A,#N/A,#N/A,1.96E-05,1.77E-05
YNR047W,6.72E-06,4.13E-06,5.71E-06,4.71E-06,#N/A,#N/A,#N/A,#N/A,#N/A,#N/A,#N/A,#N/A,#N/A,#N/A
YOL033W,#N/A,#N/A,#N/A,#N/A,#N/A,#N/A,5.38E-06,5.64E-06,5.65E-06,8.33E-06,#N/A,#N/A,#N/A,#N/A
YOL070C,#N/A,#N/A,#N/A,#N/A,#N/A,#N/A,#N/A,#N/A,#N/A,#N/A,9.55E-06,7.67E-06,1.11E-05,1.06E-05
YOR085W,1.62E-05,1.37E-05,#N/A,#N/A,#N/A,#N/A,#N/A,#N/A,1.33E-05,1.30E-05,#N/A,#N/A,#N/A,#N/A
YOR093C,#N/A,#N/A,#N/A,#N/A,#N/A,#N/A,#N/A,#N/A,1.46E-05,7.71E-06,1.11E-05,1.36E-05,#N/A,#N/A
YOR127W,4.27E-06,5.40E-06,#N/A,#N/A,4.46E-06,6.95E-06,#N/A,#N/A,#N/A,#N/A,#N/A,#N/A,#N/A,#N/A
YOR163W,1.01E-05,9.18E-06,1.12E-05,9.53E-06,#N/A,#N/A,#N/A,#N/A,#N/A,#N/A,#N/A,#N/A,#N/A,#N/A
YOR173W,5.66E-05,5.16E-05,3.53E-05,2.06E-05,#N/A,#N/A,#N/A,#N/A,#N/A,#N/A,#N/A,#N/A,#N/A,#N/A
YOR180C,2.34E-05,2.37E-05,2.09E-05,2.07E-05,#N/A,#N/A,#N/A,#N/A,#N/A,#N/A,#N/A,#N/A,#N/A,#N/A
YOR274W,#N/A,#N/A,6.45E-06,6.73E-06,#N/A,#N/A,#N/A,#N/A,#N/A,#N/A,#N/A,#N/A,5.45E-06,5.54E-06
YOR281C,#N/A,#N/A,#N/A,#N/A,1.29E-05,1.68E-05,1.40E-05,1.25E-05,#N/A,#N/A,#N/A,#N/A,#N/A,#N/A
YOR316C,#N/A,#N/A,#N/A,#N/A,2.24E-05,1.75E-05,#N/A,#N/A,#N/A,#N/A,#N/A,#N/A,1.87E-05,1.22E-05
YPL016W,6.30E-06,7.77E-06,#N/A,#N/A,#N/A,#N/A,#N/A,#N/A,#N/A,#N/A,#N/A,#N/A,7.86E-06,6.92E-06
YPL019C,#N/A,#N/A,#N/A,#N/A,#N/A,#N/A,4.27E-06,4.26E-06,#N/A,#N/A,#N/A,#N/A,5.90E-06,3.45E-06
YPL100W,#N/A,#N/A,#N/A,#N/A,#N/A,#N/A,9.93E-06,9.52E-06,9.54E-06,9.06E-06,#N/A,#N/A,#N/A,#N/A
YPL186C,3.02E-05,3.54E-05,2.36E-05,3.22E-05,#N/A,#N/A,#N/A,#N/A,#N/A,#N/A,#N/A,#N/A,#N/A,#N/A
YPL206C,5.87E-06,5.30E-06,#N/A,#N/A,#N/A,#N/A,#N/A,#N/A,5.92E-06,6.41E-06,#N/A,#N/A,#N/A,#N/A
YPR040W,#N/A,#N/A,1.50E-05,1.75E-05,#N/A,#N/A,9.24E-06,7.03E-06,#N/A,#N/A,#N/A,#N/A,#N/A,#N/A
YPR052C,9.11E-05,9.72E-05,#N/A,#N/A,9.14E-05,7.97E-05,#N/A,#N/A,#N/A,#N/A,#N/A,#N/A,#N/A,#N/A
YPR086W,#N/A,#N/A,9.17E-06,1.03E-05,#N/A,#N/A,#N/A,#N/A,#N/A,#N/A,#N/A,#N/A,1.12E-05,9.49E-06
YPR127W,2.81E-05,1.99E-05,1.56E-05,1.29E-05,#N/A,#N/A,#N/A,#N/A,#N/A,#N/A,#N/A,#N/A,#N/A,#N/A
Q0055,#N/A,#N/A,#N/A,#N/A,#N/A,#N/A,0,0,#N/A,#N/A,#N/A,#N/A,#N/A,#N/A
Q0065,#N/A,#N/A,#N/A,#N/A,#N/A,#N/A,#N/A,#N/A,#N/A,#N/A,#N/A,#N/A,2.67E-06,3.24E-06
YAL041W,3.57E-06,4.60E-06,#N/A,#N/A,#N/A,#N/A,#N/A,#N/A,#N/A,#N/A,#N/A,#N/A,#N/A,#N/A
YAL046C,#N/A,#N/A,#N/A,#N/A,#N/A,#N/A,#N/A,#N/A,#N/A,#N/A,#N/A,#N/A,1.32E-05,1.19E-05
YBL029C-A,#N/A,#N/A,1.13E-05,1.08E-05,#N/A,#N/A,#N/A,#N/A,#N/A,#N/A,#N/A,#N/A,#N/A,#N/A
YBL067C,1.28E-05,1.28E-05,#N/A,#N/A,#N/A,#N/A,#N/A,#N/A,#N/A,#N/A,#N/A,#N/A,#N/A,#N/A
YBR014C,#N/A,#N/A,6.05E-06,2.16E-06,#N/A,#N/A,#N/A,#N/A,#N/A,#N/A,#N/A,#N/A,#N/A,#N/A
YBR041W,#N/A,#N/A,#N/A,#N/A,#N/A,#N/A,1.09E-05,9.86E-06,#N/A,#N/A,#N/A,#N/A,#N/A,#N/A
YBR054W,5.88E-06,5.73E-06,#N/A,#N/A,#N/A,#N/A,#N/A,#N/A,#N/A,#N/A,#N/A,#N/A,#N/A,#N/A
YBR089C-A,7.12E-05,7.28E-05,#N/A,#N/A,#N/A,#N/A,#N/A,#N/A,#N/A,#N/A,#N/A,#N/A,#N/A,#N/A
YBR122C,#N/A,#N/A,#N/A,#N/A,#N/A,#N/A,#N/A,#N/A,#N/A,#N/A,#N/A,#N/A,2.24E-05,2.74E-05
YBR137W,#N/A,#N/A,#N/A,#N/A,#N/A,#N/A,#N/A,#N/A,1.51E-05,1.50E-05,#N/A,#N/A,#N/A,#N/A
YBR192W,#N/A,#N/A,#N/A,#N/A,#N/A,#N/A,#N/A,#N/A,#N/A,#N/A,#N/A,#N/A,1.15E-05,1.02E-05
YBR268W,#N/A,#N/A,#N/A,#N/A,#N/A,#N/A,#N/A,#N/A,#N/A,#N/A,#N/A,#N/A,2.90E-05,3.65E-05
YBR282W,#N/A,#N/A,#N/A,#N/A,#N/A,#N/A,#N/A,#N/A,2.24E-05,2.01E-05,#N/A,#N/A,#N/A,#N/A
YBR289W,#N/A,#N/A,#N/A,#N/A,#N/A,#N/A,#N/A,#N/A,#N/A,#N/A,#N/A,#N/A,3.78E-06,3.27E-06
YCL029C,#N/A,#N/A,3.67E-06,4.23E-06,#N/A,#N/A,#N/A,#N/A,#N/A,#N/A,#N/A,#N/A,#N/A,#N/A
YCL032W,1.06E-05,1.13E-05,#N/A,#N/A,#N/A,#N/A,#N/A,#N/A,#N/A,#N/A,#N/A,#N/A,#N/A,#N/A
YCL033C,4.33E-06,5.40E-06,#N/A,#N/A,#N/A,#N/A,#N/A,#N/A,#N/A,#N/A,#N/A,#N/A,#N/A,#N/A
YCR021C,2.05E-05,1.43E-05,#N/A,#N/A,#N/A,#N/A,#N/A,#N/A,#N/A,#N/A,#N/A,#N/A,#N/A,#N/A
YCR095C,#N/A,#N/A,#N/A,#N/A,#N/A,#N/A,#N/A,#N/A,#N/A,#N/A,3.72E-06,3.98E-06,#N/A,#N/A
YDL006W,#N/A,#N/A,#N/A,#N/A,#N/A,#N/A,1.31E-05,1.20E-05,#N/A,#N/A,#N/A,#N/A,#N/A,#N/A
YDL045C,3.82E-06,4.35E-06,#N/A,#N/A,#N/A,#N/A,#N/A,#N/A,#N/A,#N/A,#N/A,#N/A,#N/A,#N/A
YDL077C,#N/A,#N/A,#N/A,#N/A,#N/A,#N/A,9.26E-06,7.54E-06,#N/A,#N/A,#N/A,#N/A,#N/A,#N/A
YDL128W,2.33E-05,2.95E-05,#N/A,#N/A,#N/A,#N/A,#N/A,#N/A,#N/A,#N/A,#N/A,#N/A,#N/A,#N/A
YDL167C,#N/A,#N/A,#N/A,#N/A,#N/A,#N/A,#N/A,#N/A,#N/A,#N/A,4.52E-06,6.82E-06,#N/A,#N/A
YDL217C,#N/A,#N/A,#N/A,#N/A,#N/A,#N/A,8.36E-06,7.21E-06,#N/A,#N/A,#N/A,#N/A,#N/A,#N/A
YDR084C,#N/A,#N/A,1.34E-05,9.31E-06,#N/A,#N/A,#N/A,#N/A,#N/A,#N/A,#N/A,#N/A,#N/A,#N/A
YDR107C,5.61E-06,5.87E-06,#N/A,#N/A,#N/A,#N/A,#N/A,#N/A,#N/A,#N/A,#N/A,#N/A,#N/A,#N/A
YDR119W-A,#N/A,#N/A,#N/A,#N/A,#N/A,#N/A,#N/A,#N/A,#N/A,#N/A,#N/A,#N/A,7.18E-05,7.88E-05
YDR144C,#N/A,#N/A,#N/A,#N/A,#N/A,#N/A,#N/A,#N/A,#N/A,#N/A,#N/A,#N/A,5.15E-06,5.02E-06
YDR207C,#N/A,#N/A,#N/A,#N/A,#N/A,#N/A,#N/A,#N/A,#N/A,#N/A,#N/A,#N/A,2.68E-06,2.22E-06
YDR262W,9.36E-06,7.62E-06,#N/A,#N/A,#N/A,#N/A,#N/A,#N/A,#N/A,#N/A,#N/A,#N/A,#N/A,#N/A
YDR398W,#N/A,#N/A,1.45E-05,1.04E-05,#N/A,#N/A,#N/A,#N/A,#N/A,#N/A,#N/A,#N/A,#N/A,#N/A
YDR412W,8.79E-06,8.99E-06,#N/A,#N/A,#N/A,#N/A,#N/A,#N/A,#N/A,#N/A,#N/A,#N/A,#N/A,#N/A
YDR422C,3.16E-06,3.93E-06,#N/A,#N/A,#N/A,#N/A,#N/A,#N/A,#N/A,#N/A,#N/A,#N/A,#N/A,#N/A
YDR424C,2.97E-05,2.95E-05,#N/A,#N/A,#N/A,#N/A,#N/A,#N/A,#N/A,#N/A,#N/A,#N/A,#N/A,#N/A
YDR460W,#N/A,#N/A,#N/A,#N/A,#N/A,#N/A,#N/A,#N/A,#N/A,#N/A,#N/A,#N/A,6.17E-06,5.07E-06
YDR486C,1.39E-05,1.31E-05,#N/A,#N/A,#N/A,#N/A,#N/A,#N/A,#N/A,#N/A,#N/A,#N/A,#N/A,#N/A
YDR514C,#N/A,#N/A,#N/A,#N/A,#N/A,#N/A,#N/A,#N/A,8.45E-06,4.68E-06,#N/A,#N/A,#N/A,#N/A
YEL044W,#N/A,#N/A,#N/A,#N/A,#N/A,#N/A,3.75E-06,3.47E-06,#N/A,#N/A,#N/A,#N/A,#N/A,#N/A
YER022W,#N/A,#N/A,#N/A,#N/A,#N/A,#N/A,#N/A,#N/A,5.69E-06,5.91E-06,#N/A,#N/A,#N/A,#N/A
YER059W,#N/A,#N/A,#N/A,#N/A,#N/A,#N/A,#N/A,#N/A,#N/A,#N/A,#N/A,#N/A,2.15E-05,1.93E-05
YER139C,#N/A,#N/A,3.22E-06,3.82E-06,#N/A,#N/A,#N/A,#N/A,#N/A,#N/A,#N/A,#N/A,#N/A,#N/A
YER157W,5.26E-06,7.30E-06,#N/A,#N/A,#N/A,#N/A,#N/A,#N/A,#N/A,#N/A,#N/A,#N/A,#N/A,#N/A
YER171W,#N/A,#N/A,#N/A,#N/A,#N/A,#N/A,#N/A,#N/A,1.39E-06,1.20E-06,#N/A,#N/A,#N/A,#N/A
YFL007W,#N/A,#N/A,#N/A,#N/A,#N/A,#N/A,#N/A,#N/A,#N/A,#N/A,#N/A,#N/A,6.89E-06,5.89E-06
YFR017C,#N/A,#N/A,#N/A,#N/A,#N/A,#N/A,4.21E-06,3.78E-06,#N/A,#N/A,#N/A,#N/A,#N/A,#N/A
YFR020W,#N/A,#N/A,#N/A,#N/A,#N/A,#N/A,#N/A,#N/A,#N/A,#N/A,#N/A,#N/A,6.21E-06,5.63E-06
YGL080W,#N/A,#N/A,2.35E-05,2.17E-05,#N/A,#N/A,#N/A,#N/A,#N/A,#N/A,#N/A,#N/A,#N/A,#N/A
YGL086W,3.46E-06,3.73E-06,#N/A,#N/A,#N/A,#N/A,#N/A,#N/A,#N/A,#N/A,#N/A,#N/A,#N/A,#N/A
YGL091C,1.21E-05,1.01E-05,#N/A,#N/A,#N/A,#N/A,#N/A,#N/A,#N/A,#N/A,#N/A,#N/A,#N/A,#N/A
YGL101W,#N/A,#N/A,#N/A,#N/A,#N/A,#N/A,#N/A,#N/A,#N/A,#N/A,1.10E-05,1.23E-05,#N/A,#N/A
YGL159W,6.79E-06,7.68E-06,#N/A,#N/A,#N/A,#N/A,#N/A,#N/A,#N/A,#N/A,#N/A,#N/A,#N/A,#N/A
YGL160W,8.14E-06,8.20E-06,#N/A,#N/A,#N/A,#N/A,#N/A,#N/A,#N/A,#N/A,#N/A,#N/A,#N/A,#N/A
YGL164C,0.000112837,0.000109866,#N/A,#N/A,#N/A,#N/A,#N/A,#N/A,#N/A,#N/A,#N/A,#N/A,#N/A,#N/A
YGL169W,8.65E-06,8.01E-06,#N/A,#N/A,#N/A,#N/A,#N/A,#N/A,#N/A,#N/A,#N/A,#N/A,#N/A,#N/A
YGL246C,8.31E-06,7.72E-06,#N/A,#N/A,#N/A,#N/A,#N/A,#N/A,#N/A,#N/A,#N/A,#N/A,#N/A,#N/A
YGL255W,9.42E-06,9.46E-06,#N/A,#N/A,#N/A,#N/A,#N/A,#N/A,#N/A,#N/A,#N/A,#N/A,#N/A,#N/A
YGR017W,1.32E-05,1.13E-05,#N/A,#N/A,#N/A,#N/A,#N/A,#N/A,#N/A,#N/A,#N/A,#N/A,#N/A,#N/A
YGR065C,#N/A,#N/A,#N/A,#N/A,#N/A,#N/A,#N/A,#N/A,#N/A,#N/A,#N/A,#N/A,3.31E-06,2.35E-06
YGR097W,#N/A,#N/A,#N/A,#N/A,#N/A,#N/A,#N/A,#N/A,#N/A,#N/A,#N/A,#N/A,9.58E-07,0
YGR100W,8.91E-06,9.59E-06,#N/A,#N/A,#N/A,#N/A,#N/A,#N/A,#N/A,#N/A,#N/A,#N/A,#N/A,#N/A
YGR150C,#N/A,#N/A,#N/A,#N/A,2.55E-05,2.74E-05,#N/A,#N/A,#N/A,#N/A,#N/A,#N/A,#N/A,#N/A
YGR152C,#N/A,#N/A,#N/A,#N/A,1.68E-05,1.26E-05,#N/A,#N/A,#N/A,#N/A,#N/A,#N/A,#N/A,#N/A
YGR195W,#N/A,#N/A,#N/A,#N/A,#N/A,#N/A,#N/A,#N/A,#N/A,#N/A,#N/A,#N/A,9.90E-06,1.05E-05
YGR262C,#N/A,#N/A,#N/A,#N/A,6.80E-06,7.85E-06,#N/A,#N/A,#N/A,#N/A,#N/A,#N/A,#N/A,#N/A
YHR060W,#N/A,#N/A,#N/A,#N/A,1.08E-05,1.11E-05,#N/A,#N/A,#N/A,#N/A,#N/A,#N/A,#N/A,#N/A
YHR087W,3.51E-05,3.41E-05,#N/A,#N/A,#N/A,#N/A,#N/A,#N/A,#N/A,#N/A,#N/A,#N/A,#N/A,#N/A
YHR100C,7.31E-06,7.49E-06,#N/A,#N/A,#N/A,#N/A,#N/A,#N/A,#N/A,#N/A,#N/A,#N/A,#N/A,#N/A
YHR102W,#N/A,#N/A,#N/A,#N/A,#N/A,#N/A,#N/A,#N/A,5.10E-06,6.03E-06,#N/A,#N/A,#N/A,#N/A
YHR161C,9.87E-06,1.00E-05,#N/A,#N/A,#N/A,#N/A,#N/A,#N/A,#N/A,#N/A,#N/A,#N/A,#N/A,#N/A
YHR168W,#N/A,#N/A,#N/A,#N/A,#N/A,#N/A,5.30E-06,1.90E-06,#N/A,#N/A,#N/A,#N/A,#N/A,#N/A
YHR206W,#N/A,#N/A,#N/A,#N/A,#N/A,#N/A,3.69E-06,6.28E-06,#N/A,#N/A,#N/A,#N/A,#N/A,#N/A
YIL107C,7.78E-06,6.55E-06,#N/A,#N/A,#N/A,#N/A,#N/A,#N/A,#N/A,#N/A,#N/A,#N/A,#N/A,#N/A
YJL098W,#N/A,#N/A,#N/A,#N/A,#N/A,#N/A,#N/A,#N/A,#N/A,#N/A,#N/A,#N/A,1.10E-05,1.00E-05
YJL164C,#N/A,#N/A,#N/A,#N/A,#N/A,#N/A,#N/A,#N/A,3.42E-06,1.14E-06,#N/A,#N/A,#N/A,#N/A
YJL168C,#N/A,#N/A,#N/A,#N/A,#N/A,#N/A,6.41E-06,4.74E-06,#N/A,#N/A,#N/A,#N/A,#N/A,#N/A
YJL204C,5.26E-06,8.27E-06,#N/A,#N/A,#N/A,#N/A,#N/A,#N/A,#N/A,#N/A,#N/A,#N/A,#N/A,#N/A
YJR003C,#N/A,#N/A,4.48E-06,5.18E-06,#N/A,#N/A,#N/A,#N/A,#N/A,#N/A,#N/A,#N/A,#N/A,#N/A
YJR008W,#N/A,#N/A,1.34E-05,1.09E-05,#N/A,#N/A,#N/A,#N/A,#N/A,#N/A,#N/A,#N/A,#N/A,#N/A
YJR078W,#N/A,#N/A,#N/A,#N/A,#N/A,#N/A,#N/A,#N/A,7.73E-06,6.36E-06,#N/A,#N/A,#N/A,#N/A
YJR091C,3.03E-06,2.89E-06,#N/A,#N/A,#N/A,#N/A,#N/A,#N/A,#N/A,#N/A,#N/A,#N/A,#N/A,#N/A
YJR118C,#N/A,#N/A,#N/A,#N/A,1.10E-05,1.04E-05,#N/A,#N/A,#N/A,#N/A,#N/A,#N/A,#N/A,#N/A
YJR140C,#N/A,#N/A,#N/A,#N/A,#N/A,#N/A,#N/A,#N/A,#N/A,#N/A,#N/A,#N/A,5.44E-06,5.99E-06
YKL064W,#N/A,#N/A,#N/A,#N/A,#N/A,#N/A,#N/A,#N/A,#N/A,#N/A,#N/A,#N/A,5.03E-06,6.48E-06
YKL082C,#N/A,#N/A,#N/A,#N/A,#N/A,#N/A,#N/A,#N/A,#N/A,#N/A,#N/A,#N/A,8.72E-06,8.63E-06
YKL092C,#N/A,#N/A,#N/A,#N/A,#N/A,#N/A,#N/A,#N/A,2.18E-06,4.61E-06,#N/A,#N/A,#N/A,#N/A
YKL139W,#N/A,#N/A,#N/A,#N/A,#N/A,#N/A,#N/A,#N/A,#N/A,#N/A,#N/A,#N/A,5.29E-06,4.89E-06
YKL151C,1.60E-05,1.60E-05,#N/A,#N/A,#N/A,#N/A,#N/A,#N/A,#N/A,#N/A,#N/A,#N/A,#N/A,#N/A
YKL187C,3.59E-05,3.53E-05,#N/A,#N/A,#N/A,#N/A,#N/A,#N/A,#N/A,#N/A,#N/A,#N/A,#N/A,#N/A
YKR039W,4.81E-06,7.90E-06,#N/A,#N/A,#N/A,#N/A,#N/A,#N/A,#N/A,#N/A,#N/A,#N/A,#N/A,#N/A
YKR055W,#N/A,#N/A,5.38E-06,6.54E-06,#N/A,#N/A,#N/A,#N/A,#N/A,#N/A,#N/A,#N/A,#N/A,#N/A
YKR093W,#N/A,#N/A,#N/A,#N/A,#N/A,#N/A,#N/A,#N/A,#N/A,#N/A,#N/A,#N/A,1.10E-05,8.96E-06
YLR045C,9.14E-06,1.03E-05,#N/A,#N/A,#N/A,#N/A,#N/A,#N/A,#N/A,#N/A,#N/A,#N/A,#N/A,#N/A
YLR147C,#N/A,#N/A,#N/A,#N/A,#N/A,#N/A,#N/A,#N/A,#N/A,#N/A,#N/A,#N/A,9.32E-06,7.50E-06
YLR221C,#N/A,#N/A,#N/A,#N/A,#N/A,#N/A,#N/A,#N/A,#N/A,#N/A,#N/A,#N/A,9.28E-06,1.14E-05
YLR237W,#N/A,#N/A,#N/A,#N/A,3.19E-05,2.12E-05,#N/A,#N/A,#N/A,#N/A,#N/A,#N/A,#N/A,#N/A
YLR239C,#N/A,#N/A,#N/A,#N/A,#N/A,#N/A,#N/A,#N/A,8.03E-06,6.31E-06,#N/A,#N/A,#N/A,#N/A
YLR243W,#N/A,#N/A,#N/A,#N/A,7.87E-06,7.75E-06,#N/A,#N/A,#N/A,#N/A,#N/A,#N/A,#N/A,#N/A
YLR284C,9.93E-06,7.98E-06,#N/A,#N/A,#N/A,#N/A,#N/A,#N/A,#N/A,#N/A,#N/A,#N/A,#N/A,#N/A
YLR299W,7.33E-06,1.16E-05,#N/A,#N/A,#N/A,#N/A,#N/A,#N/A,#N/A,#N/A,#N/A,#N/A,#N/A,#N/A
YLR336C,#N/A,#N/A,#N/A,#N/A,#N/A,#N/A,#N/A,#N/A,#N/A,#N/A,#N/A,#N/A,7.22E-06,5.72E-06
YLR377C,8.57E-06,8.54E-06,#N/A,#N/A,#N/A,#N/A,#N/A,#N/A,#N/A,#N/A,#N/A,#N/A,#N/A,#N/A
YLR411W,8.61E-06,1.31E-05,#N/A,#N/A,#N/A,#N/A,#N/A,#N/A,#N/A,#N/A,#N/A,#N/A,#N/A,#N/A
YLR422W,#N/A,#N/A,#N/A,#N/A,#N/A,#N/A,1.82E-05,1.72E-05,#N/A,#N/A,#N/A,#N/A,#N/A,#N/A
YLR433C,#N/A,#N/A,#N/A,#N/A,#N/A,#N/A,3.05E-06,0,#N/A,#N/A,#N/A,#N/A,#N/A,#N/A
YLR452C,#N/A,#N/A,#N/A,#N/A,#N/A,#N/A,#N/A,#N/A,#N/A,#N/A,#N/A,#N/A,1.01E-05,8.91E-06
YML007W,#N/A,#N/A,3.70E-06,5.07E-06,#N/A,#N/A,#N/A,#N/A,#N/A,#N/A,#N/A,#N/A,#N/A,#N/A
YML029W,3.95E-06,3.34E-06,#N/A,#N/A,#N/A,#N/A,#N/A,#N/A,#N/A,#N/A,#N/A,#N/A,#N/A,#N/A
YML055W,1.96E-05,2.77E-05,#N/A,#N/A,#N/A,#N/A,#N/A,#N/A,#N/A,#N/A,#N/A,#N/A,#N/A,#N/A
YML071C,#N/A,#N/A,#N/A,#N/A,#N/A,#N/A,#N/A,#N/A,#N/A,#N/A,6.37E-06,9.17E-06,#N/A,#N/A
YML111W,1.99E-06,2.25E-06,#N/A,#N/A,#N/A,#N/A,#N/A,#N/A,#N/A,#N/A,#N/A,#N/A,#N/A,#N/A
YMR060C,#N/A,#N/A,#N/A,#N/A,#N/A,#N/A,#N/A,#N/A,#N/A,#N/A,5.20E-06,6.47E-06,#N/A,#N/A
YMR090W,1.64E-05,1.58E-05,#N/A,#N/A,#N/A,#N/A,#N/A,#N/A,#N/A,#N/A,#N/A,#N/A,#N/A,#N/A
YMR128W,#N/A,#N/A,#N/A,#N/A,#N/A,#N/A,#N/A,#N/A,1.96E-06,4.51E-06,#N/A,#N/A,#N/A,#N/A
YMR135C,#N/A,#N/A,9.94E-06,8.50E-06,#N/A,#N/A,#N/A,#N/A,#N/A,#N/A,#N/A,#N/A,#N/A,#N/A
YMR192W,2.97E-06,3.78E-06,#N/A,#N/A,#N/A,#N/A,#N/A,#N/A,#N/A,#N/A,#N/A,#N/A,#N/A,#N/A
YMR214W,#N/A,#N/A,#N/A,#N/A,#N/A,#N/A,#N/A,#N/A,#N/A,#N/A,#N/A,#N/A,5.76E-06,6.12E-06
YMR216C,#N/A,#N/A,#N/A,#N/A,#N/A,#N/A,#N/A,#N/A,8.16E-06,8.51E-06,#N/A,#N/A,#N/A,#N/A
YMR233W,#N/A,#N/A,#N/A,#N/A,#N/A,#N/A,8.33E-06,3.74E-06,#N/A,#N/A,#N/A,#N/A,#N/A,#N/A
YMR238W,#N/A,#N/A,1.23E-05,1.01E-05,#N/A,#N/A,#N/A,#N/A,#N/A,#N/A,#N/A,#N/A,#N/A,#N/A
YMR286W,#N/A,#N/A,#N/A,#N/A,#N/A,#N/A,2.49E-05,2.21E-05,#N/A,#N/A,#N/A,#N/A,#N/A,#N/A
YMR288W,#N/A,#N/A,4.25E-06,5.24E-06,#N/A,#N/A,#N/A,#N/A,#N/A,#N/A,#N/A,#N/A,#N/A,#N/A
YNL147W,#N/A,#N/A,#N/A,#N/A,#N/A,#N/A,#N/A,#N/A,#N/A,#N/A,1.19E-05,1.12E-05,#N/A,#N/A
YNL155W,#N/A,#N/A,#N/A,#N/A,#N/A,#N/A,#N/A,#N/A,#N/A,#N/A,#N/A,#N/A,9.66E-06,1.03E-05
YNL265C,#N/A,#N/A,2.18E-05,2.10E-05,#N/A,#N/A,#N/A,#N/A,#N/A,#N/A,#N/A,#N/A,#N/A,#N/A
YNL278W,#N/A,#N/A,#N/A,#N/A,1.14E-05,7.15E-06,#N/A,#N/A,#N/A,#N/A,#N/A,#N/A,#N/A,#N/A
YNL288W,#N/A,#N/A,#N/A,#N/A,#N/A,#N/A,#N/A,#N/A,1.09E-05,1.00E-05,#N/A,#N/A,#N/A,#N/A
YNR012W,#N/A,#N/A,#N/A,#N/A,#N/A,#N/A,#N/A,#N/A,#N/A,#N/A,#N/A,#N/A,3.28E-06,3.65E-06
YNR022C,#N/A,#N/A,#N/A,#N/A,#N/A,#N/A,#N/A,#N/A,#N/A,#N/A,#N/A,#N/A,2.68E-05,4.40E-05
YNR067C,8.13E-06,8.70E-06,#N/A,#N/A,#N/A,#N/A,#N/A,#N/A,#N/A,#N/A,#N/A,#N/A,#N/A,#N/A
YOL019W,#N/A,#N/A,#N/A,#N/A,#N/A,#N/A,#N/A,#N/A,#N/A,#N/A,#N/A,#N/A,5.88E-06,5.34E-06
YOL083W,5.45E-06,5.88E-06,#N/A,#N/A,#N/A,#N/A,#N/A,#N/A,#N/A,#N/A,#N/A,#N/A,#N/A,#N/A
YOL089C,3.50E-06,2.76E-06,#N/A,#N/A,#N/A,#N/A,#N/A,#N/A,#N/A,#N/A,#N/A,#N/A,#N/A,#N/A
YOL093W,#N/A,#N/A,#N/A,#N/A,#N/A,#N/A,#N/A,#N/A,#N/A,#N/A,#N/A,#N/A,1.15E-05,9.62E-06
YOL144W,#N/A,#N/A,#N/A,#N/A,1.01E-05,1.15E-05,#N/A,#N/A,#N/A,#N/A,#N/A,#N/A,#N/A,#N/A
YOR002W,2.63E-06,2.65E-06,#N/A,#N/A,#N/A,#N/A,#N/A,#N/A,#N/A,#N/A,#N/A,#N/A,#N/A,#N/A
YOR008C,9.10E-06,9.25E-06,#N/A,#N/A,#N/A,#N/A,#N/A,#N/A,#N/A,#N/A,#N/A,#N/A,#N/A,#N/A
YOR036W,7.11E-06,7.30E-06,#N/A,#N/A,#N/A,#N/A,#N/A,#N/A,#N/A,#N/A,#N/A,#N/A,#N/A,#N/A
YOR110W,#N/A,#N/A,#N/A,#N/A,#N/A,#N/A,#N/A,#N/A,#N/A,#N/A,7.47E-06,7.77E-06,#N/A,#N/A
YOR115C,#N/A,#N/A,#N/A,#N/A,#N/A,#N/A,#N/A,#N/A,#N/A,#N/A,#N/A,#N/A,7.57E-06,7.51E-06
YOR201C,#N/A,#N/A,#N/A,#N/A,#N/A,#N/A,#N/A,#N/A,1.06E-05,1.09E-05,#N/A,#N/A,#N/A,#N/A
YOR212W,#N/A,#N/A,#N/A,#N/A,#N/A,#N/A,#N/A,#N/A,#N/A,#N/A,#N/A,#N/A,1.18E-05,1.24E-05
YOR288C,8.10E-06,7.67E-06,#N/A,#N/A,#N/A,#N/A,#N/A,#N/A,#N/A,#N/A,#N/A,#N/A,#N/A,#N/A
YOR289W,#N/A,#N/A,6.98E-06,6.87E-06,#N/A,#N/A,#N/A,#N/A,#N/A,#N/A,#N/A,#N/A,#N/A,#N/A
YOR322C,#N/A,#N/A,5.05E-06,5.38E-06,#N/A,#N/A,#N/A,#N/A,#N/A,#N/A,#N/A,#N/A,#N/A,#N/A
YOR353C,#N/A,#N/A,#N/A,#N/A,#N/A,#N/A,#N/A,#N/A,4.91E-06,4.16E-06,#N/A,#N/A,#N/A,#N/A
YOR359W,#N/A,#N/A,#N/A,#N/A,#N/A,#N/A,#N/A,#N/A,#N/A,#N/A,5.17E-06,4.09E-06,#N/A,#N/A
YPL006W,#N/A,#N/A,2.28E-05,1.55E-05,#N/A,#N/A,#N/A,#N/A,#N/A,#N/A,#N/A,#N/A,#N/A,#N/A
YPL029W,#N/A,#N/A,#N/A,#N/A,#N/A,#N/A,#N/A,#N/A,#N/A,#N/A,#N/A,#N/A,4.16E-06,5.57E-06
YPL070W,#N/A,#N/A,#N/A,#N/A,#N/A,#N/A,#N/A,#N/A,#N/A,#N/A,#N/A,#N/A,4.30E-06,4.71E-06
YPL087W,#N/A,#N/A,#N/A,#N/A,#N/A,#N/A,6.43E-06,6.35E-06,#N/A,#N/A,#N/A,#N/A,#N/A,#N/A
YPL137C,#N/A,#N/A,#N/A,#N/A,#N/A,#N/A,#N/A,#N/A,#N/A,#N/A,#N/A,#N/A,2.87E-06,3.06E-06
YPL172C,#N/A,#N/A,#N/A,#N/A,#N/A,#N/A,#N/A,#N/A,#N/A,#N/A,9.13E-06,7.72E-06,#N/A,#N/A
YPL213W,8.91E-06,6.55E-06,#N/A,#N/A,#N/A,#N/A,#N/A,#N/A,#N/A,#N/A,#N/A,#N/A,#N/A,#N/A
YPL222W,1.79E-05,1.07E-05,#N/A,#N/A,#N/A,#N/A,#N/A,#N/A,#N/A,#N/A,#N/A,#N/A,#N/A,#N/A
YPL223C,7.79E-06,9.32E-06,#N/A,#N/A,#N/A,#N/A,#N/A,#N/A,#N/A,#N/A,#N/A,#N/A,#N/A,#N/A
YPR023C,#N/A,#N/A,#N/A,#N/A,#N/A,#N/A,#N/A,#N/A,1.92E-05,2.28E-05,#N/A,#N/A,#N/A,#N/A
YPR026W,8.24E-06,9.52E-06,#N/A,#N/A,#N/A,#N/A,#N/A,#N/A,#N/A,#N/A,#N/A,#N/A,#N/A,#N/A
YPR051W,#N/A,#N/A,#N/A,#N/A,#N/A,#N/A,#N/A,#N/A,#N/A,#N/A,#N/A,#N/A,7.26E-06,8.09E-06
YPR065W,#N/A,#N/A,#N/A,#N/A,#N/A,#N/A,#N/A,#N/A,#N/A,#N/A,#N/A,#N/A,5.88E-06,5.54E-06
YPR082C,#N/A,#N/A,#N/A,#N/A,#N/A,#N/A,5.96E-06,2.61E-06,#N/A,#N/A,#N/A,#N/A,#N/A,#N/A
YPR098C,2.06E-05,2.02E-05,#N/A,#N/A,#N/A,#N/A,#N/A,#N/A,#N/A,#N/A,#N/A,#N/A,#N/A,#N/A
YPR113W,#N/A,#N/A,#N/A,#N/A,#N/A,#N/A,9.21E-06,7.64E-06,#N/A,#N/A,#N/A,#N/A,#N/A,#N/A
YPR169W,#N/A,#N/A,#N/A,#N/A,#N/A,#N/A,5.93E-06,7.04E-06,#N/A,#N/A,#N/A,#N/A,#N/A,#N/A
Q0050,#N/A,#N/A,#N/A,#N/A,#N/A,#N/A,#N/A,#N/A,#N/A,#N/A,#N/A,#N/A,#N/A,#N/A
Q0085,#N/A,#N/A,#N/A,#N/A,#N/A,#N/A,#N/A,#N/A,#N/A,#N/A,#N/A,#N/A,#N/A,#N/A
YAL001C,#N/A,#N/A,#N/A,#N/A,#N/A,#N/A,#N/A,#N/A,#N/A,#N/A,#N/A,#N/A,#N/A,#N/A
YAL008W,#N/A,#N/A,#N/A,#N/A,#N/A,#N/A,#N/A,#N/A,#N/A,#N/A,#N/A,#N/A,#N/A,#N/A
YAL010C,#N/A,#N/A,#N/A,#N/A,#N/A,#N/A,#N/A,#N/A,#N/A,#N/A,#N/A,#N/A,#N/A,#N/A
YAL014C,#N/A,#N/A,#N/A,#N/A,#N/A,#N/A,#N/A,#N/A,#N/A,#N/A,#N/A,#N/A,#N/A,#N/A
YAL022C,#N/A,#N/A,#N/A,#N/A,#N/A,#N/A,#N/A,#N/A,#N/A,#N/A,#N/A,#N/A,#N/A,#N/A
YAL030W,#N/A,#N/A,#N/A,#N/A,#N/A,#N/A,#N/A,#N/A,#N/A,#N/A,#N/A,#N/A,#N/A,#N/A
YAL031C,#N/A,#N/A,#N/A,#N/A,#N/A,#N/A,#N/A,#N/A,#N/A,#N/A,#N/A,#N/A,#N/A,#N/A
YAL033W,#N/A,#N/A,#N/A,#N/A,#N/A,#N/A,#N/A,#N/A,#N/A,#N/A,#N/A,#N/A,#N/A,#N/A
YAL034W-A,#N/A,#N/A,#N/A,#N/A,#N/A,#N/A,#N/A,#N/A,#N/A,#N/A,#N/A,#N/A,#N/A,#N/A
YAL044W-A,#N/A,#N/A,#N/A,#N/A,#N/A,#N/A,#N/A,#N/A,#N/A,#N/A,#N/A,#N/A,#N/A,#N/A
YAL047C,#N/A,#N/A,#N/A,#N/A,#N/A,#N/A,#N/A,#N/A,#N/A,#N/A,#N/A,#N/A,#N/A,#N/A
YAL048C,#N/A,#N/A,#N/A,#N/A,#N/A,#N/A,#N/A,#N/A,#N/A,#N/A,#N/A,#N/A,#N/A,#N/A
YAL051W,#N/A,#N/A,#N/A,#N/A,#N/A,#N/A,#N/A,#N/A,#N/A,#N/A,#N/A,#N/A,#N/A,#N/A
YAL055W,#N/A,#N/A,#N/A,#N/A,#N/A,#N/A,#N/A,#N/A,#N/A,#N/A,#N/A,#N/A,#N/A,#N/A
YAL058W,#N/A,#N/A,#N/A,#N/A,#N/A,#N/A,#N/A,#N/A,#N/A,#N/A,#N/A,#N/A,#N/A,#N/A
YAR014C,#N/A,#N/A,#N/A,#N/A,#N/A,#N/A,#N/A,#N/A,#N/A,#N/A,#N/A,#N/A,#N/A,#N/A
YAR018C,#N/A,#N/A,#N/A,#N/A,#N/A,#N/A,#N/A,#N/A,#N/A,#N/A,#N/A,#N/A,#N/A,#N/A
YBL006C,#N/A,#N/A,#N/A,#N/A,#N/A,#N/A,#N/A,#N/A,#N/A,#N/A,#N/A,#N/A,#N/A,#N/A
YBL008W,#N/A,#N/A,#N/A,#N/A,#N/A,#N/A,#N/A,#N/A,#N/A,#N/A,#N/A,#N/A,#N/A,#N/A
YBL010C,#N/A,#N/A,#N/A,#N/A,#N/A,#N/A,#N/A,#N/A,#N/A,#N/A,#N/A,#N/A,#N/A,#N/A
YBL013W,#N/A,#N/A,#N/A,#N/A,#N/A,#N/A,#N/A,#N/A,#N/A,#N/A,#N/A,#N/A,#N/A,#N/A
YBL018C,#N/A,#N/A,#N/A,#N/A,#N/A,#N/A,#N/A,#N/A,#N/A,#N/A,#N/A,#N/A,#N/A,#N/A
YBL020W,#N/A,#N/A,#N/A,#N/A,#N/A,#N/A,#N/A,#N/A,#N/A,#N/A,#N/A,#N/A,#N/A,#N/A
YBL034C,#N/A,#N/A,#N/A,#N/A,#N/A,#N/A,#N/A,#N/A,#N/A,#N/A,#N/A,#N/A,#N/A,#N/A
YBL039W-B,#N/A,#N/A,#N/A,#N/A,#N/A,#N/A,#N/A,#N/A,#N/A,#N/A,#N/A,#N/A,#N/A,#N/A
YBL040C,#N/A,#N/A,#N/A,#N/A,#N/A,#N/A,#N/A,#N/A,#N/A,#N/A,#N/A,#N/A,#N/A,#N/A
YBL046W,#N/A,#N/A,#N/A,#N/A,#N/A,#N/A,#N/A,#N/A,#N/A,#N/A,#N/A,#N/A,#N/A,#N/A
YBL054W,#N/A,#N/A,#N/A,#N/A,#N/A,#N/A,#N/A,#N/A,#N/A,#N/A,#N/A,#N/A,#N/A,#N/A
YBL059W,#N/A,#N/A,#N/A,#N/A,#N/A,#N/A,#N/A,#N/A,#N/A,#N/A,#N/A,#N/A,#N/A,#N/A
YBL061C,#N/A,#N/A,#N/A,#N/A,#N/A,#N/A,#N/A,#N/A,#N/A,#N/A,#N/A,#N/A,#N/A,#N/A
YBL086C,#N/A,#N/A,#N/A,#N/A,#N/A,#N/A,#N/A,#N/A,#N/A,#N/A,#N/A,#N/A,#N/A,#N/A
YBL097W,#N/A,#N/A,#N/A,#N/A,#N/A,#N/A,#N/A,#N/A,#N/A,#N/A,#N/A,#N/A,#N/A,#N/A
YBR001C,#N/A,#N/A,#N/A,#N/A,#N/A,#N/A,#N/A,#N/A,#N/A,#N/A,#N/A,#N/A,#N/A,#N/A
YBR002C,#N/A,#N/A,#N/A,#N/A,#N/A,#N/A,#N/A,#N/A,#N/A,#N/A,#N/A,#N/A,#N/A,#N/A
YBR022W,#N/A,#N/A,#N/A,#N/A,#N/A,#N/A,#N/A,#N/A,#N/A,#N/A,#N/A,#N/A,#N/A,#N/A
YBR024W,#N/A,#N/A,#N/A,#N/A,#N/A,#N/A,#N/A,#N/A,#N/A,#N/A,#N/A,#N/A,#N/A,#N/A
YBR030W,#N/A,#N/A,#N/A,#N/A,#N/A,#N/A,#N/A,#N/A,#N/A,#N/A,#N/A,#N/A,#N/A,#N/A
YBR036C,#N/A,#N/A,#N/A,#N/A,#N/A,#N/A,#N/A,#N/A,#N/A,#N/A,#N/A,#N/A,#N/A,#N/A
YBR038W,#N/A,#N/A,#N/A,#N/A,#N/A,#N/A,#N/A,#N/A,#N/A,#N/A,#N/A,#N/A,#N/A,#N/A
YBR042C,#N/A,#N/A,#N/A,#N/A,#N/A,#N/A,#N/A,#N/A,#N/A,#N/A,#N/A,#N/A,#N/A,#N/A
YBR055C,#N/A,#N/A,#N/A,#N/A,#N/A,#N/A,#N/A,#N/A,#N/A,#N/A,#N/A,#N/A,#N/A,#N/A
YBR058C-A,#N/A,#N/A,#N/A,#N/A,#N/A,#N/A,#N/A,#N/A,#N/A,#N/A,#N/A,#N/A,#N/A,#N/A
YBR062C,#N/A,#N/A,#N/A,#N/A,#N/A,#N/A,#N/A,#N/A,#N/A,#N/A,#N/A,#N/A,#N/A,#N/A
YBR070C,#N/A,#N/A,#N/A,#N/A,#N/A,#N/A,#N/A,#N/A,#N/A,#N/A,#N/A,#N/A,#N/A,#N/A
YBR073W,#N/A,#N/A,#N/A,#N/A,#N/A,#N/A,#N/A,#N/A,#N/A,#N/A,#N/A,#N/A,#N/A,#N/A
YBR081C,#N/A,#N/A,#N/A,#N/A,#N/A,#N/A,#N/A,#N/A,#N/A,#N/A,#N/A,#N/A,#N/A,#N/A
YBR091C,#N/A,#N/A,#N/A,#N/A,#N/A,#N/A,#N/A,#N/A,#N/A,#N/A,#N/A,#N/A,#N/A,#N/A
YBR097W,#N/A,#N/A,#N/A,#N/A,#N/A,#N/A,#N/A,#N/A,#N/A,#N/A,#N/A,#N/A,#N/A,#N/A
YBR103W,#N/A,#N/A,#N/A,#N/A,#N/A,#N/A,#N/A,#N/A,#N/A,#N/A,#N/A,#N/A,#N/A,#N/A
YBR104W,#N/A,#N/A,#N/A,#N/A,#N/A,#N/A,#N/A,#N/A,#N/A,#N/A,#N/A,#N/A,#N/A,#N/A
YBR111W-A,#N/A,#N/A,#N/A,#N/A,#N/A,#N/A,#N/A,#N/A,#N/A,#N/A,#N/A,#N/A,#N/A,#N/A
YBR123C,#N/A,#N/A,#N/A,#N/A,#N/A,#N/A,#N/A,#N/A,#N/A,#N/A,#N/A,#N/A,#N/A,#N/A
YBR133C,#N/A,#N/A,#N/A,#N/A,#N/A,#N/A,#N/A,#N/A,#N/A,#N/A,#N/A,#N/A,#N/A,#N/A
YBR153W,#N/A,#N/A,#N/A,#N/A,#N/A,#N/A,#N/A,#N/A,#N/A,#N/A,#N/A,#N/A,#N/A,#N/A
YBR183W,#N/A,#N/A,#N/A,#N/A,#N/A,#N/A,#N/A,#N/A,#N/A,#N/A,#N/A,#N/A,#N/A,#N/A
YBR193C,#N/A,#N/A,#N/A,#N/A,#N/A,#N/A,#N/A,#N/A,#N/A,#N/A,#N/A,#N/A,#N/A,#N/A
YBR195C,#N/A,#N/A,#N/A,#N/A,#N/A,#N/A,#N/A,#N/A,#N/A,#N/A,#N/A,#N/A,#N/A,#N/A
YBR197C,#N/A,#N/A,#N/A,#N/A,#N/A,#N/A,#N/A,#N/A,#N/A,#N/A,#N/A,#N/A,#N/A,#N/A
YBR204C,#N/A,#N/A,#N/A,#N/A,#N/A,#N/A,#N/A,#N/A,#N/A,#N/A,#N/A,#N/A,#N/A,#N/A
YBR208C,#N/A,#N/A,#N/A,#N/A,#N/A,#N/A,#N/A,#N/A,#N/A,#N/A,#N/A,#N/A,#N/A,#N/A
YBR210W,#N/A,#N/A,#N/A,#N/A,#N/A,#N/A,#N/A,#N/A,#N/A,#N/A,#N/A,#N/A,#N/A,#N/A
YBR220C,#N/A,#N/A,#N/A,#N/A,#N/A,#N/A,#N/A,#N/A,#N/A,#N/A,#N/A,#N/A,#N/A,#N/A
YBR223C,#N/A,#N/A,#N/A,#N/A,#N/A,#N/A,#N/A,#N/A,#N/A,#N/A,#N/A,#N/A,#N/A,#N/A
YBR225W,#N/A,#N/A,#N/A,#N/A,#N/A,#N/A,#N/A,#N/A,#N/A,#N/A,#N/A,#N/A,#N/A,#N/A
YBR233W-A,#N/A,#N/A,#N/A,#N/A,#N/A,#N/A,#N/A,#N/A,#N/A,#N/A,#N/A,#N/A,#N/A,#N/A
YBR241C,#N/A,#N/A,#N/A,#N/A,#N/A,#N/A,#N/A,#N/A,#N/A,#N/A,#N/A,#N/A,#N/A,#N/A
YBR242W,#N/A,#N/A,#N/A,#N/A,#N/A,#N/A,#N/A,#N/A,#N/A,#N/A,#N/A,#N/A,#N/A,#N/A
YBR246W,#N/A,#N/A,#N/A,#N/A,#N/A,#N/A,#N/A,#N/A,#N/A,#N/A,#N/A,#N/A,#N/A,#N/A
YBR253W,#N/A,#N/A,#N/A,#N/A,#N/A,#N/A,#N/A,#N/A,#N/A,#N/A,#N/A,#N/A,#N/A,#N/A
YBR254C,#N/A,#N/A,#N/A,#N/A,#N/A,#N/A,#N/A,#N/A,#N/A,#N/A,#N/A,#N/A,#N/A,#N/A
YBR255C-A,#N/A,#N/A,#N/A,#N/A,#N/A,#N/A,#N/A,#N/A,#N/A,#N/A,#N/A,#N/A,#N/A,#N/A
YBR264C,#N/A,#N/A,#N/A,#N/A,#N/A,#N/A,#N/A,#N/A,#N/A,#N/A,#N/A,#N/A,#N/A,#N/A
YBR271W,#N/A,#N/A,#N/A,#N/A,#N/A,#N/A,#N/A,#N/A,#N/A,#N/A,#N/A,#N/A,#N/A,#N/A
YBR275C,#N/A,#N/A,#N/A,#N/A,#N/A,#N/A,#N/A,#N/A,#N/A,#N/A,#N/A,#N/A,#N/A,#N/A
YBR276C,#N/A,#N/A,#N/A,#N/A,#N/A,#N/A,#N/A,#N/A,#N/A,#N/A,#N/A,#N/A,#N/A,#N/A
YBR297W,#N/A,#N/A,#N/A,#N/A,#N/A,#N/A,#N/A,#N/A,#N/A,#N/A,#N/A,#N/A,#N/A,#N/A
YCL005W-A,#N/A,#N/A,#N/A,#N/A,#N/A,#N/A,#N/A,#N/A,#N/A,#N/A,#N/A,#N/A,#N/A,#N/A
YCL008C,#N/A,#N/A,#N/A,#N/A,#N/A,#N/A,#N/A,#N/A,#N/A,#N/A,#N/A,#N/A,#N/A,#N/A
YCL012C,#N/A,#N/A,#N/A,#N/A,#N/A,#N/A,#N/A,#N/A,#N/A,#N/A,#N/A,#N/A,#N/A,#N/A
YCL016C,#N/A,#N/A,#N/A,#N/A,#N/A,#N/A,#N/A,#N/A,#N/A,#N/A,#N/A,#N/A,#N/A,#N/A
YCL024W,#N/A,#N/A,#N/A,#N/A,#N/A,#N/A,#N/A,#N/A,#N/A,#N/A,#N/A,#N/A,#N/A,#N/A
YCL031C,#N/A,#N/A,#N/A,#N/A,#N/A,#N/A,#N/A,#N/A,#N/A,#N/A,#N/A,#N/A,#N/A,#N/A
YCL047C,#N/A,#N/A,#N/A,#N/A,#N/A,#N/A,#N/A,#N/A,#N/A,#N/A,#N/A,#N/A,#N/A,#N/A
YCL061C,#N/A,#N/A,#N/A,#N/A,#N/A,#N/A,#N/A,#N/A,#N/A,#N/A,#N/A,#N/A,#N/A,#N/A
YCR003W,#N/A,#N/A,#N/A,#N/A,#N/A,#N/A,#N/A,#N/A,#N/A,#N/A,#N/A,#N/A,#N/A,#N/A
YCR019W,#N/A,#N/A,#N/A,#N/A,#N/A,#N/A,#N/A,#N/A,#N/A,#N/A,#N/A,#N/A,#N/A,#N/A
YCR020W-B,#N/A,#N/A,#N/A,#N/A,#N/A,#N/A,#N/A,#N/A,#N/A,#N/A,#N/A,#N/A,#N/A,#N/A
YCR023C,#N/A,#N/A,#N/A,#N/A,#N/A,#N/A,#N/A,#N/A,#N/A,#N/A,#N/A,#N/A,#N/A,#N/A
YCR024C,#N/A,#N/A,#N/A,#N/A,#N/A,#N/A,#N/A,#N/A,#N/A,#N/A,#N/A,#N/A,#N/A,#N/A
YCR026C,#N/A,#N/A,#N/A,#N/A,#N/A,#N/A,#N/A,#N/A,#N/A,#N/A,#N/A,#N/A,#N/A,#N/A
YCR033W,#N/A,#N/A,#N/A,#N/A,#N/A,#N/A,#N/A,#N/A,#N/A,#N/A,#N/A,#N/A,#N/A,#N/A
YCR037C,#N/A,#N/A,#N/A,#N/A,#N/A,#N/A,#N/A,#N/A,#N/A,#N/A,#N/A,#N/A,#N/A,#N/A
YCR043C,#N/A,#N/A,#N/A,#N/A,#N/A,#N/A,#N/A,#N/A,#N/A,#N/A,#N/A,#N/A,#N/A,#N/A
YCR044C,#N/A,#N/A,#N/A,#N/A,#N/A,#N/A,#N/A,#N/A,#N/A,#N/A,#N/A,#N/A,#N/A,#N/A
YCR048W,#N/A,#N/A,#N/A,#N/A,#N/A,#N/A,#N/A,#N/A,#N/A,#N/A,#N/A,#N/A,#N/A,#N/A
YCR059C,#N/A,#N/A,#N/A,#N/A,#N/A,#N/A,#N/A,#N/A,#N/A,#N/A,#N/A,#N/A,#N/A,#N/A
YCR063W,#N/A,#N/A,#N/A,#N/A,#N/A,#N/A,#N/A,#N/A,#N/A,#N/A,#N/A,#N/A,#N/A,#N/A
YCR068W,#N/A,#N/A,#N/A,#N/A,#N/A,#N/A,#N/A,#N/A,#N/A,#N/A,#N/A,#N/A,#N/A,#N/A
YCR075W-A,#N/A,#N/A,#N/A,#N/A,#N/A,#N/A,#N/A,#N/A,#N/A,#N/A,#N/A,#N/A,#N/A,#N/A
YCR076C,#N/A,#N/A,#N/A,#N/A,#N/A,#N/A,#N/A,#N/A,#N/A,#N/A,#N/A,#N/A,#N/A,#N/A
YCR081W,#N/A,#N/A,#N/A,#N/A,#N/A,#N/A,#N/A,#N/A,#N/A,#N/A,#N/A,#N/A,#N/A,#N/A
YCR086W,#N/A,#N/A,#N/A,#N/A,#N/A,#N/A,#N/A,#N/A,#N/A,#N/A,#N/A,#N/A,#N/A,#N/A
YCR091W,#N/A,#N/A,#N/A,#N/A,#N/A,#N/A,#N/A,#N/A,#N/A,#N/A,#N/A,#N/A,#N/A,#N/A
YDL001W,#N/A,#N/A,#N/A,#N/A,#N/A,#N/A,#N/A,#N/A,#N/A,#N/A,#N/A,#N/A,#N/A,#N/A
YDL002C,#N/A,#N/A,#N/A,#N/A,#N/A,#N/A,#N/A,#N/A,#N/A,#N/A,#N/A,#N/A,#N/A,#N/A
YDL003W,#N/A,#N/A,#N/A,#N/A,#N/A,#N/A,#N/A,#N/A,#N/A,#N/A,#N/A,#N/A,#N/A,#N/A
YDL010W,#N/A,#N/A,#N/A,#N/A,#N/A,#N/A,#N/A,#N/A,#N/A,#N/A,#N/A,#N/A,#N/A,#N/A
YDL012C,#N/A,#N/A,#N/A,#N/A,#N/A,#N/A,#N/A,#N/A,#N/A,#N/A,#N/A,#N/A,#N/A,#N/A
YDL021W,#N/A,#N/A,#N/A,#N/A,#N/A,#N/A,#N/A,#N/A,#N/A,#N/A,#N/A,#N/A,#N/A,#N/A
YDL030W,#N/A,#N/A,#N/A,#N/A,#N/A,#N/A,#N/A,#N/A,#N/A,#N/A,#N/A,#N/A,#N/A,#N/A
YDL042C,#N/A,#N/A,#N/A,#N/A,#N/A,#N/A,#N/A,#N/A,#N/A,#N/A,#N/A,#N/A,#N/A,#N/A
YDL046W,#N/A,#N/A,#N/A,#N/A,#N/A,#N/A,#N/A,#N/A,#N/A,#N/A,#N/A,#N/A,#N/A,#N/A
YDL056W,#N/A,#N/A,#N/A,#N/A,#N/A,#N/A,#N/A,#N/A,#N/A,#N/A,#N/A,#N/A,#N/A,#N/A
YDL057W,#N/A,#N/A,#N/A,#N/A,#N/A,#N/A,#N/A,#N/A,#N/A,#N/A,#N/A,#N/A,#N/A,#N/A
YDL059C,#N/A,#N/A,#N/A,#N/A,#N/A,#N/A,#N/A,#N/A,#N/A,#N/A,#N/A,#N/A,#N/A,#N/A
YDL076C,#N/A,#N/A,#N/A,#N/A,#N/A,#N/A,#N/A,#N/A,#N/A,#N/A,#N/A,#N/A,#N/A,#N/A
YDL087C,#N/A,#N/A,#N/A,#N/A,#N/A,#N/A,#N/A,#N/A,#N/A,#N/A,#N/A,#N/A,#N/A,#N/A
YDL089W,#N/A,#N/A,#N/A,#N/A,#N/A,#N/A,#N/A,#N/A,#N/A,#N/A,#N/A,#N/A,#N/A,#N/A
YDL108W,#N/A,#N/A,#N/A,#N/A,#N/A,#N/A,#N/A,#N/A,#N/A,#N/A,#N/A,#N/A,#N/A,#N/A
YDL113C,#N/A,#N/A,#N/A,#N/A,#N/A,#N/A,#N/A,#N/A,#N/A,#N/A,#N/A,#N/A,#N/A,#N/A
YDL115C,#N/A,#N/A,#N/A,#N/A,#N/A,#N/A,#N/A,#N/A,#N/A,#N/A,#N/A,#N/A,#N/A,#N/A
YDL117W,#N/A,#N/A,#N/A,#N/A,#N/A,#N/A,#N/A,#N/A,#N/A,#N/A,#N/A,#N/A,#N/A,#N/A
YDL119C,#N/A,#N/A,#N/A,#N/A,#N/A,#N/A,#N/A,#N/A,#N/A,#N/A,#N/A,#N/A,#N/A,#N/A
YDL123W,#N/A,#N/A,#N/A,#N/A,#N/A,#N/A,#N/A,#N/A,#N/A,#N/A,#N/A,#N/A,#N/A,#N/A
YDL130W-A,#N/A,#N/A,#N/A,#N/A,#N/A,#N/A,#N/A,#N/A,#N/A,#N/A,#N/A,#N/A,#N/A,#N/A
YDL142C,#N/A,#N/A,#N/A,#N/A,#N/A,#N/A,#N/A,#N/A,#N/A,#N/A,#N/A,#N/A,#N/A,#N/A
YDL156W,#N/A,#N/A,#N/A,#N/A,#N/A,#N/A,#N/A,#N/A,#N/A,#N/A,#N/A,#N/A,#N/A,#N/A
YDL157C,#N/A,#N/A,#N/A,#N/A,#N/A,#N/A,#N/A,#N/A,#N/A,#N/A,#N/A,#N/A,#N/A,#N/A
YDL160C-A,#N/A,#N/A,#N/A,#N/A,#N/A,#N/A,#N/A,#N/A,#N/A,#N/A,#N/A,#N/A,#N/A,#N/A
YDL170W,#N/A,#N/A,#N/A,#N/A,#N/A,#N/A,#N/A,#N/A,#N/A,#N/A,#N/A,#N/A,#N/A,#N/A
YDL180W,#N/A,#N/A,#N/A,#N/A,#N/A,#N/A,#N/A,#N/A,#N/A,#N/A,#N/A,#N/A,#N/A,#N/A
YDL183C,#N/A,#N/A,#N/A,#N/A,#N/A,#N/A,#N/A,#N/A,#N/A,#N/A,#N/A,#N/A,#N/A,#N/A
YDL189W,#N/A,#N/A,#N/A,#N/A,#N/A,#N/A,#N/A,#N/A,#N/A,#N/A,#N/A,#N/A,#N/A,#N/A
YDL193W,#N/A,#N/A,#N/A,#N/A,#N/A,#N/A,#N/A,#N/A,#N/A,#N/A,#N/A,#N/A,#N/A,#N/A
YDL203C,#N/A,#N/A,#N/A,#N/A,#N/A,#N/A,#N/A,#N/A,#N/A,#N/A,#N/A,#N/A,#N/A,#N/A
YDL207W,#N/A,#N/A,#N/A,#N/A,#N/A,#N/A,#N/A,#N/A,#N/A,#N/A,#N/A,#N/A,#N/A,#N/A
YDL208W,#N/A,#N/A,#N/A,#N/A,#N/A,#N/A,#N/A,#N/A,#N/A,#N/A,#N/A,#N/A,#N/A,#N/A
YDL212W,#N/A,#N/A,#N/A,#N/A,#N/A,#N/A,#N/A,#N/A,#N/A,#N/A,#N/A,#N/A,#N/A,#N/A
YDL219W,#N/A,#N/A,#N/A,#N/A,#N/A,#N/A,#N/A,#N/A,#N/A,#N/A,#N/A,#N/A,#N/A,#N/A
YDL222C,#N/A,#N/A,#N/A,#N/A,#N/A,#N/A,#N/A,#N/A,#N/A,#N/A,#N/A,#N/A,#N/A,#N/A
YDL230W,#N/A,#N/A,#N/A,#N/A,#N/A,#N/A,#N/A,#N/A,#N/A,#N/A,#N/A,#N/A,#N/A,#N/A
YDL240W,#N/A,#N/A,#N/A,#N/A,#N/A,#N/A,#N/A,#N/A,#N/A,#N/A,#N/A,#N/A,#N/A,#N/A
YDR006C,#N/A,#N/A,#N/A,#N/A,#N/A,#N/A,#N/A,#N/A,#N/A,#N/A,#N/A,#N/A,#N/A,#N/A
YDR007W,#N/A,#N/A,#N/A,#N/A,#N/A,#N/A,#N/A,#N/A,#N/A,#N/A,#N/A,#N/A,#N/A,#N/A
YDR020C,#N/A,#N/A,#N/A,#N/A,#N/A,#N/A,#N/A,#N/A,#N/A,#N/A,#N/A,#N/A,#N/A,#N/A
YDR021W,#N/A,#N/A,#N/A,#N/A,#N/A,#N/A,#N/A,#N/A,#N/A,#N/A,#N/A,#N/A,#N/A,#N/A
YDR031W,#N/A,#N/A,#N/A,#N/A,#N/A,#N/A,#N/A,#N/A,#N/A,#N/A,#N/A,#N/A,#N/A,#N/A
YDR040C,#N/A,#N/A,#N/A,#N/A,#N/A,#N/A,#N/A,#N/A,#N/A,#N/A,#N/A,#N/A,#N/A,#N/A
YDR045C,#N/A,#N/A,#N/A,#N/A,#N/A,#N/A,#N/A,#N/A,#N/A,#N/A,#N/A,#N/A,#N/A,#N/A
YDR046C,#N/A,#N/A,#N/A,#N/A,#N/A,#N/A,#N/A,#N/A,#N/A,#N/A,#N/A,#N/A,#N/A,#N/A
YDR049W,#N/A,#N/A,#N/A,#N/A,#N/A,#N/A,#N/A,#N/A,#N/A,#N/A,#N/A,#N/A,#N/A,#N/A
YDR055W,#N/A,#N/A,#N/A,#N/A,#N/A,#N/A,#N/A,#N/A,#N/A,#N/A,#N/A,#N/A,#N/A,#N/A
YDR057W,#N/A,#N/A,#N/A,#N/A,#N/A,#N/A,#N/A,#N/A,#N/A,#N/A,#N/A,#N/A,#N/A,#N/A
YDR063W,#N/A,#N/A,#N/A,#N/A,#N/A,#N/A,#N/A,#N/A,#N/A,#N/A,#N/A,#N/A,#N/A,#N/A
YDR067C,#N/A,#N/A,#N/A,#N/A,#N/A,#N/A,#N/A,#N/A,#N/A,#N/A,#N/A,#N/A,#N/A,#N/A
YDR069C,#N/A,#N/A,#N/A,#N/A,#N/A,#N/A,#N/A,#N/A,#N/A,#N/A,#N/A,#N/A,#N/A,#N/A
YDR072C,#N/A,#N/A,#N/A,#N/A,#N/A,#N/A,#N/A,#N/A,#N/A,#N/A,#N/A,#N/A,#N/A,#N/A
YDR073W,#N/A,#N/A,#N/A,#N/A,#N/A,#N/A,#N/A,#N/A,#N/A,#N/A,#N/A,#N/A,#N/A,#N/A
YDR075W,#N/A,#N/A,#N/A,#N/A,#N/A,#N/A,#N/A,#N/A,#N/A,#N/A,#N/A,#N/A,#N/A,#N/A
YDR080W,#N/A,#N/A,#N/A,#N/A,#N/A,#N/A,#N/A,#N/A,#N/A,#N/A,#N/A,#N/A,#N/A,#N/A
YDR087C,#N/A,#N/A,#N/A,#N/A,#N/A,#N/A,#N/A,#N/A,#N/A,#N/A,#N/A,#N/A,#N/A,#N/A
YDR100W,#N/A,#N/A,#N/A,#N/A,#N/A,#N/A,#N/A,#N/A,#N/A,#N/A,#N/A,#N/A,#N/A,#N/A
YDR103W,#N/A,#N/A,#N/A,#N/A,#N/A,#N/A,#N/A,#N/A,#N/A,#N/A,#N/A,#N/A,#N/A,#N/A
YDR108W,#N/A,#N/A,#N/A,#N/A,#N/A,#N/A,#N/A,#N/A,#N/A,#N/A,#N/A,#N/A,#N/A,#N/A
YDR109C,#N/A,#N/A,#N/A,#N/A,#N/A,#N/A,#N/A,#N/A,#N/A,#N/A,#N/A,#N/A,#N/A,#N/A
YDR110W,#N/A,#N/A,#N/A,#N/A,#N/A,#N/A,#N/A,#N/A,#N/A,#N/A,#N/A,#N/A,#N/A,#N/A
YDR111C,#N/A,#N/A,#N/A,#N/A,#N/A,#N/A,#N/A,#N/A,#N/A,#N/A,#N/A,#N/A,#N/A,#N/A
YDR132C,#N/A,#N/A,#N/A,#N/A,#N/A,#N/A,#N/A,#N/A,#N/A,#N/A,#N/A,#N/A,#N/A,#N/A
YDR137W,#N/A,#N/A,#N/A,#N/A,#N/A,#N/A,#N/A,#N/A,#N/A,#N/A,#N/A,#N/A,#N/A,#N/A
YDR139C,#N/A,#N/A,#N/A,#N/A,#N/A,#N/A,#N/A,#N/A,#N/A,#N/A,#N/A,#N/A,#N/A,#N/A
YDR140W,#N/A,#N/A,#N/A,#N/A,#N/A,#N/A,#N/A,#N/A,#N/A,#N/A,#N/A,#N/A,#N/A,#N/A
YDR159W,#N/A,#N/A,#N/A,#N/A,#N/A,#N/A,#N/A,#N/A,#N/A,#N/A,#N/A,#N/A,#N/A,#N/A
YDR162C,#N/A,#N/A,#N/A,#N/A,#N/A,#N/A,#N/A,#N/A,#N/A,#N/A,#N/A,#N/A,#N/A,#N/A
YDR163W,#N/A,#N/A,#N/A,#N/A,#N/A,#N/A,#N/A,#N/A,#N/A,#N/A,#N/A,#N/A,#N/A,#N/A
YDR173C,#N/A,#N/A,#N/A,#N/A,#N/A,#N/A,#N/A,#N/A,#N/A,#N/A,#N/A,#N/A,#N/A,#N/A
YDR176W,#N/A,#N/A,#N/A,#N/A,#N/A,#N/A,#N/A,#N/A,#N/A,#N/A,#N/A,#N/A,#N/A,#N/A
YDR183W,#N/A,#N/A,#N/A,#N/A,#N/A,#N/A,#N/A,#N/A,#N/A,#N/A,#N/A,#N/A,#N/A,#N/A
YDR186C,#N/A,#N/A,#N/A,#N/A,#N/A,#N/A,#N/A,#N/A,#N/A,#N/A,#N/A,#N/A,#N/A,#N/A
YDR196C,#N/A,#N/A,#N/A,#N/A,#N/A,#N/A,#N/A,#N/A,#N/A,#N/A,#N/A,#N/A,#N/A,#N/A
YDR198C,#N/A,#N/A,#N/A,#N/A,#N/A,#N/A,#N/A,#N/A,#N/A,#N/A,#N/A,#N/A,#N/A,#N/A
YDR200C,#N/A,#N/A,#N/A,#N/A,#N/A,#N/A,#N/A,#N/A,#N/A,#N/A,#N/A,#N/A,#N/A,#N/A
YDR201W,#N/A,#N/A,#N/A,#N/A,#N/A,#N/A,#N/A,#N/A,#N/A,#N/A,#N/A,#N/A,#N/A,#N/A
YDR205W,#N/A,#N/A,#N/A,#N/A,#N/A,#N/A,#N/A,#N/A,#N/A,#N/A,#N/A,#N/A,#N/A,#N/A
YDR208W,#N/A,#N/A,#N/A,#N/A,#N/A,#N/A,#N/A,#N/A,#N/A,#N/A,#N/A,#N/A,#N/A,#N/A
YDR221W,#N/A,#N/A,#N/A,#N/A,#N/A,#N/A,#N/A,#N/A,#N/A,#N/A,#N/A,#N/A,#N/A,#N/A
YDR239C,#N/A,#N/A,#N/A,#N/A,#N/A,#N/A,#N/A,#N/A,#N/A,#N/A,#N/A,#N/A,#N/A,#N/A
YDR244W,#N/A,#N/A,#N/A,#N/A,#N/A,#N/A,#N/A,#N/A,#N/A,#N/A,#N/A,#N/A,#N/A,#N/A
YDR246W,#N/A,#N/A,#N/A,#N/A,#N/A,#N/A,#N/A,#N/A,#N/A,#N/A,#N/A,#N/A,#N/A,#N/A
YDR261C,#N/A,#N/A,#N/A,#N/A,#N/A,#N/A,#N/A,#N/A,#N/A,#N/A,#N/A,#N/A,#N/A,#N/A
YDR267C,#N/A,#N/A,#N/A,#N/A,#N/A,#N/A,#N/A,#N/A,#N/A,#N/A,#N/A,#N/A,#N/A,#N/A
YDR268W,#N/A,#N/A,#N/A,#N/A,#N/A,#N/A,#N/A,#N/A,#N/A,#N/A,#N/A,#N/A,#N/A,#N/A
YDR270W,#N/A,#N/A,#N/A,#N/A,#N/A,#N/A,#N/A,#N/A,#N/A,#N/A,#N/A,#N/A,#N/A,#N/A
YDR282C,#N/A,#N/A,#N/A,#N/A,#N/A,#N/A,#N/A,#N/A,#N/A,#N/A,#N/A,#N/A,#N/A,#N/A
YDR283C,#N/A,#N/A,#N/A,#N/A,#N/A,#N/A,#N/A,#N/A,#N/A,#N/A,#N/A,#N/A,#N/A,#N/A
YDR284C,#N/A,#N/A,#N/A,#N/A,#N/A,#N/A,#N/A,#N/A,#N/A,#N/A,#N/A,#N/A,#N/A,#N/A
YDR286C,#N/A,#N/A,#N/A,#N/A,#N/A,#N/A,#N/A,#N/A,#N/A,#N/A,#N/A,#N/A,#N/A,#N/A
YDR287W,#N/A,#N/A,#N/A,#N/A,#N/A,#N/A,#N/A,#N/A,#N/A,#N/A,#N/A,#N/A,#N/A,#N/A
YDR288W,#N/A,#N/A,#N/A,#N/A,#N/A,#N/A,#N/A,#N/A,#N/A,#N/A,#N/A,#N/A,#N/A,#N/A
YDR295C,#N/A,#N/A,#N/A,#N/A,#N/A,#N/A,#N/A,#N/A,#N/A,#N/A,#N/A,#N/A,#N/A,#N/A
YDR297W,#N/A,#N/A,#N/A,#N/A,#N/A,#N/A,#N/A,#N/A,#N/A,#N/A,#N/A,#N/A,#N/A,#N/A
YDR301W,#N/A,#N/A,#N/A,#N/A,#N/A,#N/A,#N/A,#N/A,#N/A,#N/A,#N/A,#N/A,#N/A,#N/A
YDR302W,#N/A,#N/A,#N/A,#N/A,#N/A,#N/A,#N/A,#N/A,#N/A,#N/A,#N/A,#N/A,#N/A,#N/A
YDR307W,#N/A,#N/A,#N/A,#N/A,#N/A,#N/A,#N/A,#N/A,#N/A,#N/A,#N/A,#N/A,#N/A,#N/A
YDR308C,#N/A,#N/A,#N/A,#N/A,#N/A,#N/A,#N/A,#N/A,#N/A,#N/A,#N/A,#N/A,#N/A,#N/A
YDR313C,#N/A,#N/A,#N/A,#N/A,#N/A,#N/A,#N/A,#N/A,#N/A,#N/A,#N/A,#N/A,#N/A,#N/A
YDR331W,#N/A,#N/A,#N/A,#N/A,#N/A,#N/A,#N/A,#N/A,#N/A,#N/A,#N/A,#N/A,#N/A,#N/A
YDR333C,#N/A,#N/A,#N/A,#N/A,#N/A,#N/A,#N/A,#N/A,#N/A,#N/A,#N/A,#N/A,#N/A,#N/A
YDR339C,#N/A,#N/A,#N/A,#N/A,#N/A,#N/A,#N/A,#N/A,#N/A,#N/A,#N/A,#N/A,#N/A,#N/A
YDR352W,#N/A,#N/A,#N/A,#N/A,#N/A,#N/A,#N/A,#N/A,#N/A,#N/A,#N/A,#N/A,#N/A,#N/A
YDR356W,#N/A,#N/A,#N/A,#N/A,#N/A,#N/A,#N/A,#N/A,#N/A,#N/A,#N/A,#N/A,#N/A,#N/A
YDR359C,#N/A,#N/A,#N/A,#N/A,#N/A,#N/A,#N/A,#N/A,#N/A,#N/A,#N/A,#N/A,#N/A,#N/A
YDR362C,#N/A,#N/A,#N/A,#N/A,#N/A,#N/A,#N/A,#N/A,#N/A,#N/A,#N/A,#N/A,#N/A,#N/A
YDR373W,#N/A,#N/A,#N/A,#N/A,#N/A,#N/A,#N/A,#N/A,#N/A,#N/A,#N/A,#N/A,#N/A,#N/A
YDR379W,#N/A,#N/A,#N/A,#N/A,#N/A,#N/A,#N/A,#N/A,#N/A,#N/A,#N/A,#N/A,#N/A,#N/A
YDR389W,#N/A,#N/A,#N/A,#N/A,#N/A,#N/A,#N/A,#N/A,#N/A,#N/A,#N/A,#N/A,#N/A,#N/A
YDR392W,#N/A,#N/A,#N/A,#N/A,#N/A,#N/A,#N/A,#N/A,#N/A,#N/A,#N/A,#N/A,#N/A,#N/A
YDR407C,#N/A,#N/A,#N/A,#N/A,#N/A,#N/A,#N/A,#N/A,#N/A,#N/A,#N/A,#N/A,#N/A,#N/A
YDR425W,#N/A,#N/A,#N/A,#N/A,#N/A,#N/A,#N/A,#N/A,#N/A,#N/A,#N/A,#N/A,#N/A,#N/A
YDR428C,#N/A,#N/A,#N/A,#N/A,#N/A,#N/A,#N/A,#N/A,#N/A,#N/A,#N/A,#N/A,#N/A,#N/A
YDR439W,#N/A,#N/A,#N/A,#N/A,#N/A,#N/A,#N/A,#N/A,#N/A,#N/A,#N/A,#N/A,#N/A,#N/A
YDR440W,#N/A,#N/A,#N/A,#N/A,#N/A,#N/A,#N/A,#N/A,#N/A,#N/A,#N/A,#N/A,#N/A,#N/A
YDR443C,#N/A,#N/A,#N/A,#N/A,#N/A,#N/A,#N/A,#N/A,#N/A,#N/A,#N/A,#N/A,#N/A,#N/A
YDR456W,#N/A,#N/A,#N/A,#N/A,#N/A,#N/A,#N/A,#N/A,#N/A,#N/A,#N/A,#N/A,#N/A,#N/A
YDR461C-A,#N/A,#N/A,#N/A,#N/A,#N/A,#N/A,#N/A,#N/A,#N/A,#N/A,#N/A,#N/A,#N/A,#N/A
YDR464W,#N/A,#N/A,#N/A,#N/A,#N/A,#N/A,#N/A,#N/A,#N/A,#N/A,#N/A,#N/A,#N/A,#N/A
YDR466W,#N/A,#N/A,#N/A,#N/A,#N/A,#N/A,#N/A,#N/A,#N/A,#N/A,#N/A,#N/A,#N/A,#N/A
YDR468C,#N/A,#N/A,#N/A,#N/A,#N/A,#N/A,#N/A,#N/A,#N/A,#N/A,#N/A,#N/A,#N/A,#N/A
YDR473C,#N/A,#N/A,#N/A,#N/A,#N/A,#N/A,#N/A,#N/A,#N/A,#N/A,#N/A,#N/A,#N/A,#N/A
YDR475C,#N/A,#N/A,#N/A,#N/A,#N/A,#N/A,#N/A,#N/A,#N/A,#N/A,#N/A,#N/A,#N/A,#N/A
YDR479C,#N/A,#N/A,#N/A,#N/A,#N/A,#N/A,#N/A,#N/A,#N/A,#N/A,#N/A,#N/A,#N/A,#N/A
YDR482C,#N/A,#N/A,#N/A,#N/A,#N/A,#N/A,#N/A,#N/A,#N/A,#N/A,#N/A,#N/A,#N/A,#N/A
YDR484W,#N/A,#N/A,#N/A,#N/A,#N/A,#N/A,#N/A,#N/A,#N/A,#N/A,#N/A,#N/A,#N/A,#N/A
YDR489W,#N/A,#N/A,#N/A,#N/A,#N/A,#N/A,#N/A,#N/A,#N/A,#N/A,#N/A,#N/A,#N/A,#N/A
YDR495C,#N/A,#N/A,#N/A,#N/A,#N/A,#N/A,#N/A,#N/A,#N/A,#N/A,#N/A,#N/A,#N/A,#N/A
YDR497C,#N/A,#N/A,#N/A,#N/A,#N/A,#N/A,#N/A,#N/A,#N/A,#N/A,#N/A,#N/A,#N/A,#N/A
YDR498C,#N/A,#N/A,#N/A,#N/A,#N/A,#N/A,#N/A,#N/A,#N/A,#N/A,#N/A,#N/A,#N/A,#N/A
YDR500C,#N/A,#N/A,#N/A,#N/A,#N/A,#N/A,#N/A,#N/A,#N/A,#N/A,#N/A,#N/A,#N/A,#N/A
YDR503C,#N/A,#N/A,#N/A,#N/A,#N/A,#N/A,#N/A,#N/A,#N/A,#N/A,#N/A,#N/A,#N/A,#N/A
YDR512C,#N/A,#N/A,#N/A,#N/A,#N/A,#N/A,#N/A,#N/A,#N/A,#N/A,#N/A,#N/A,#N/A,#N/A
YDR518W,#N/A,#N/A,#N/A,#N/A,#N/A,#N/A,#N/A,#N/A,#N/A,#N/A,#N/A,#N/A,#N/A,#N/A
YDR530C,#N/A,#N/A,#N/A,#N/A,#N/A,#N/A,#N/A,#N/A,#N/A,#N/A,#N/A,#N/A,#N/A,#N/A
YEL001C,#N/A,#N/A,#N/A,#N/A,#N/A,#N/A,#N/A,#N/A,#N/A,#N/A,#N/A,#N/A,#N/A,#N/A
YEL012W,#N/A,#N/A,#N/A,#N/A,#N/A,#N/A,#N/A,#N/A,#N/A,#N/A,#N/A,#N/A,#N/A,#N/A
YEL020C,#N/A,#N/A,#N/A,#N/A,#N/A,#N/A,#N/A,#N/A,#N/A,#N/A,#N/A,#N/A,#N/A,#N/A
YEL027W,#N/A,#N/A,#N/A,#N/A,#N/A,#N/A,#N/A,#N/A,#N/A,#N/A,#N/A,#N/A,#N/A,#N/A
YEL029C,#N/A,#N/A,#N/A,#N/A,#N/A,#N/A,#N/A,#N/A,#N/A,#N/A,#N/A,#N/A,#N/A,#N/A
YEL038W,#N/A,#N/A,#N/A,#N/A,#N/A,#N/A,#N/A,#N/A,#N/A,#N/A,#N/A,#N/A,#N/A,#N/A
YEL041W,#N/A,#N/A,#N/A,#N/A,#N/A,#N/A,#N/A,#N/A,#N/A,#N/A,#N/A,#N/A,#N/A,#N/A
YEL043W,#N/A,#N/A,#N/A,#N/A,#N/A,#N/A,#N/A,#N/A,#N/A,#N/A,#N/A,#N/A,#N/A,#N/A
YEL053C,#N/A,#N/A,#N/A,#N/A,#N/A,#N/A,#N/A,#N/A,#N/A,#N/A,#N/A,#N/A,#N/A,#N/A
YEL062W,#N/A,#N/A,#N/A,#N/A,#N/A,#N/A,#N/A,#N/A,#N/A,#N/A,#N/A,#N/A,#N/A,#N/A
YER005W,#N/A,#N/A,#N/A,#N/A,#N/A,#N/A,#N/A,#N/A,#N/A,#N/A,#N/A,#N/A,#N/A,#N/A
YER014W,#N/A,#N/A,#N/A,#N/A,#N/A,#N/A,#N/A,#N/A,#N/A,#N/A,#N/A,#N/A,#N/A,#N/A
YER016W,#N/A,#N/A,#N/A,#N/A,#N/A,#N/A,#N/A,#N/A,#N/A,#N/A,#N/A,#N/A,#N/A,#N/A
YER018C,#N/A,#N/A,#N/A,#N/A,#N/A,#N/A,#N/A,#N/A,#N/A,#N/A,#N/A,#N/A,#N/A,#N/A
YER019C-A,#N/A,#N/A,#N/A,#N/A,#N/A,#N/A,#N/A,#N/A,#N/A,#N/A,#N/A,#N/A,#N/A,#N/A
YER019W,#N/A,#N/A,#N/A,#N/A,#N/A,#N/A,#N/A,#N/A,#N/A,#N/A,#N/A,#N/A,#N/A,#N/A
YER029C,#N/A,#N/A,#N/A,#N/A,#N/A,#N/A,#N/A,#N/A,#N/A,#N/A,#N/A,#N/A,#N/A,#N/A
YER033C,#N/A,#N/A,#N/A,#N/A,#N/A,#N/A,#N/A,#N/A,#N/A,#N/A,#N/A,#N/A,#N/A,#N/A
YER034W,#N/A,#N/A,#N/A,#N/A,#N/A,#N/A,#N/A,#N/A,#N/A,#N/A,#N/A,#N/A,#N/A,#N/A
YER047C,#N/A,#N/A,#N/A,#N/A,#N/A,#N/A,#N/A,#N/A,#N/A,#N/A,#N/A,#N/A,#N/A,#N/A
YER050C,#N/A,#N/A,#N/A,#N/A,#N/A,#N/A,#N/A,#N/A,#N/A,#N/A,#N/A,#N/A,#N/A,#N/A
YER061C,#N/A,#N/A,#N/A,#N/A,#N/A,#N/A,#N/A,#N/A,#N/A,#N/A,#N/A,#N/A,#N/A,#N/A
YER071C,#N/A,#N/A,#N/A,#N/A,#N/A,#N/A,#N/A,#N/A,#N/A,#N/A,#N/A,#N/A,#N/A,#N/A
YER072W,#N/A,#N/A,#N/A,#N/A,#N/A,#N/A,#N/A,#N/A,#N/A,#N/A,#N/A,#N/A,#N/A,#N/A
YER074W-A,#N/A,#N/A,#N/A,#N/A,#N/A,#N/A,#N/A,#N/A,#N/A,#N/A,#N/A,#N/A,#N/A,#N/A
YER075C,#N/A,#N/A,#N/A,#N/A,#N/A,#N/A,#N/A,#N/A,#N/A,#N/A,#N/A,#N/A,#N/A,#N/A
YER077C,#N/A,#N/A,#N/A,#N/A,#N/A,#N/A,#N/A,#N/A,#N/A,#N/A,#N/A,#N/A,#N/A,#N/A
YER078C,#N/A,#N/A,#N/A,#N/A,#N/A,#N/A,#N/A,#N/A,#N/A,#N/A,#N/A,#N/A,#N/A,#N/A
YER079W,#N/A,#N/A,#N/A,#N/A,#N/A,#N/A,#N/A,#N/A,#N/A,#N/A,#N/A,#N/A,#N/A,#N/A
YER092W,#N/A,#N/A,#N/A,#N/A,#N/A,#N/A,#N/A,#N/A,#N/A,#N/A,#N/A,#N/A,#N/A,#N/A
YER101C,#N/A,#N/A,#N/A,#N/A,#N/A,#N/A,#N/A,#N/A,#N/A,#N/A,#N/A,#N/A,#N/A,#N/A
YER111C,#N/A,#N/A,#N/A,#N/A,#N/A,#N/A,#N/A,#N/A,#N/A,#N/A,#N/A,#N/A,#N/A,#N/A
YER112W,#N/A,#N/A,#N/A,#N/A,#N/A,#N/A,#N/A,#N/A,#N/A,#N/A,#N/A,#N/A,#N/A,#N/A
YER113C,#N/A,#N/A,#N/A,#N/A,#N/A,#N/A,#N/A,#N/A,#N/A,#N/A,#N/A,#N/A,#N/A,#N/A
YER118C,#N/A,#N/A,#N/A,#N/A,#N/A,#N/A,#N/A,#N/A,#N/A,#N/A,#N/A,#N/A,#N/A,#N/A
YER119C,#N/A,#N/A,#N/A,#N/A,#N/A,#N/A,#N/A,#N/A,#N/A,#N/A,#N/A,#N/A,#N/A,#N/A
YER128W,#N/A,#N/A,#N/A,#N/A,#N/A,#N/A,#N/A,#N/A,#N/A,#N/A,#N/A,#N/A,#N/A,#N/A
YER129W,#N/A,#N/A,#N/A,#N/A,#N/A,#N/A,#N/A,#N/A,#N/A,#N/A,#N/A,#N/A,#N/A,#N/A
YER144C,#N/A,#N/A,#N/A,#N/A,#N/A,#N/A,#N/A,#N/A,#N/A,#N/A,#N/A,#N/A,#N/A,#N/A
YER148W,#N/A,#N/A,#N/A,#N/A,#N/A,#N/A,#N/A,#N/A,#N/A,#N/A,#N/A,#N/A,#N/A,#N/A
YER149C,#N/A,#N/A,#N/A,#N/A,#N/A,#N/A,#N/A,#N/A,#N/A,#N/A,#N/A,#N/A,#N/A,#N/A
YER159C,#N/A,#N/A,#N/A,#N/A,#N/A,#N/A,#N/A,#N/A,#N/A,#N/A,#N/A,#N/A,#N/A,#N/A
YER161C,#N/A,#N/A,#N/A,#N/A,#N/A,#N/A,#N/A,#N/A,#N/A,#N/A,#N/A,#N/A,#N/A,#N/A
YER163C,#N/A,#N/A,#N/A,#N/A,#N/A,#N/A,#N/A,#N/A,#N/A,#N/A,#N/A,#N/A,#N/A,#N/A
YER172C,#N/A,#N/A,#N/A,#N/A,#N/A,#N/A,#N/A,#N/A,#N/A,#N/A,#N/A,#N/A,#N/A,#N/A
YER176W,#N/A,#N/A,#N/A,#N/A,#N/A,#N/A,#N/A,#N/A,#N/A,#N/A,#N/A,#N/A,#N/A,#N/A
YER180C-A,#N/A,#N/A,#N/A,#N/A,#N/A,#N/A,#N/A,#N/A,#N/A,#N/A,#N/A,#N/A,#N/A,#N/A
YER183C,#N/A,#N/A,#N/A,#N/A,#N/A,#N/A,#N/A,#N/A,#N/A,#N/A,#N/A,#N/A,#N/A,#N/A
YFL017C,#N/A,#N/A,#N/A,#N/A,#N/A,#N/A,#N/A,#N/A,#N/A,#N/A,#N/A,#N/A,#N/A,#N/A
YFL024C,#N/A,#N/A,#N/A,#N/A,#N/A,#N/A,#N/A,#N/A,#N/A,#N/A,#N/A,#N/A,#N/A,#N/A
YFL027C,#N/A,#N/A,#N/A,#N/A,#N/A,#N/A,#N/A,#N/A,#N/A,#N/A,#N/A,#N/A,#N/A,#N/A
YFL033C,#N/A,#N/A,#N/A,#N/A,#N/A,#N/A,#N/A,#N/A,#N/A,#N/A,#N/A,#N/A,#N/A,#N/A
YFL034C-B,#N/A,#N/A,#N/A,#N/A,#N/A,#N/A,#N/A,#N/A,#N/A,#N/A,#N/A,#N/A,#N/A,#N/A
YFL042C,#N/A,#N/A,#N/A,#N/A,#N/A,#N/A,#N/A,#N/A,#N/A,#N/A,#N/A,#N/A,#N/A,#N/A
YFL049W,#N/A,#N/A,#N/A,#N/A,#N/A,#N/A,#N/A,#N/A,#N/A,#N/A,#N/A,#N/A,#N/A,#N/A
YFL066C,#N/A,#N/A,#N/A,#N/A,#N/A,#N/A,#N/A,#N/A,#N/A,#N/A,#N/A,#N/A,#N/A,#N/A
YFR005C,#N/A,#N/A,#N/A,#N/A,#N/A,#N/A,#N/A,#N/A,#N/A,#N/A,#N/A,#N/A,#N/A,#N/A
YFR019W,#N/A,#N/A,#N/A,#N/A,#N/A,#N/A,#N/A,#N/A,#N/A,#N/A,#N/A,#N/A,#N/A,#N/A
YFR021W,#N/A,#N/A,#N/A,#N/A,#N/A,#N/A,#N/A,#N/A,#N/A,#N/A,#N/A,#N/A,#N/A,#N/A
YFR025C,#N/A,#N/A,#N/A,#N/A,#N/A,#N/A,#N/A,#N/A,#N/A,#N/A,#N/A,#N/A,#N/A,#N/A
YFR029W,#N/A,#N/A,#N/A,#N/A,#N/A,#N/A,#N/A,#N/A,#N/A,#N/A,#N/A,#N/A,#N/A,#N/A
YFR031C,#N/A,#N/A,#N/A,#N/A,#N/A,#N/A,#N/A,#N/A,#N/A,#N/A,#N/A,#N/A,#N/A,#N/A
YFR038W,#N/A,#N/A,#N/A,#N/A,#N/A,#N/A,#N/A,#N/A,#N/A,#N/A,#N/A,#N/A,#N/A,#N/A
YFR039C,#N/A,#N/A,#N/A,#N/A,#N/A,#N/A,#N/A,#N/A,#N/A,#N/A,#N/A,#N/A,#N/A,#N/A
YFR041C,#N/A,#N/A,#N/A,#N/A,#N/A,#N/A,#N/A,#N/A,#N/A,#N/A,#N/A,#N/A,#N/A,#N/A
YFR043C,#N/A,#N/A,#N/A,#N/A,#N/A,#N/A,#N/A,#N/A,#N/A,#N/A,#N/A,#N/A,#N/A,#N/A
YFR045W,#N/A,#N/A,#N/A,#N/A,#N/A,#N/A,#N/A,#N/A,#N/A,#N/A,#N/A,#N/A,#N/A,#N/A
YFR048W,#N/A,#N/A,#N/A,#N/A,#N/A,#N/A,#N/A,#N/A,#N/A,#N/A,#N/A,#N/A,#N/A,#N/A
YGL004C,#N/A,#N/A,#N/A,#N/A,#N/A,#N/A,#N/A,#N/A,#N/A,#N/A,#N/A,#N/A,#N/A,#N/A
YGL017W,#N/A,#N/A,#N/A,#N/A,#N/A,#N/A,#N/A,#N/A,#N/A,#N/A,#N/A,#N/A,#N/A,#N/A
YGL025C,#N/A,#N/A,#N/A,#N/A,#N/A,#N/A,#N/A,#N/A,#N/A,#N/A,#N/A,#N/A,#N/A,#N/A
YGL038C,#N/A,#N/A,#N/A,#N/A,#N/A,#N/A,#N/A,#N/A,#N/A,#N/A,#N/A,#N/A,#N/A,#N/A
YGL041W-A,#N/A,#N/A,#N/A,#N/A,#N/A,#N/A,#N/A,#N/A,#N/A,#N/A,#N/A,#N/A,#N/A,#N/A
YGL047W,#N/A,#N/A,#N/A,#N/A,#N/A,#N/A,#N/A,#N/A,#N/A,#N/A,#N/A,#N/A,#N/A,#N/A
YGL054C,#N/A,#N/A,#N/A,#N/A,#N/A,#N/A,#N/A,#N/A,#N/A,#N/A,#N/A,#N/A,#N/A,#N/A
YGL059W,#N/A,#N/A,#N/A,#N/A,#N/A,#N/A,#N/A,#N/A,#N/A,#N/A,#N/A,#N/A,#N/A,#N/A
YGL061C,#N/A,#N/A,#N/A,#N/A,#N/A,#N/A,#N/A,#N/A,#N/A,#N/A,#N/A,#N/A,#N/A,#N/A
YGL063W,#N/A,#N/A,#N/A,#N/A,#N/A,#N/A,#N/A,#N/A,#N/A,#N/A,#N/A,#N/A,#N/A,#N/A
YGL066W,#N/A,#N/A,#N/A,#N/A,#N/A,#N/A,#N/A,#N/A,#N/A,#N/A,#N/A,#N/A,#N/A,#N/A
YGL083W,#N/A,#N/A,#N/A,#N/A,#N/A,#N/A,#N/A,#N/A,#N/A,#N/A,#N/A,#N/A,#N/A,#N/A
YGL084C,#N/A,#N/A,#N/A,#N/A,#N/A,#N/A,#N/A,#N/A,#N/A,#N/A,#N/A,#N/A,#N/A,#N/A
YGL098W,#N/A,#N/A,#N/A,#N/A,#N/A,#N/A,#N/A,#N/A,#N/A,#N/A,#N/A,#N/A,#N/A,#N/A
YGL110C,#N/A,#N/A,#N/A,#N/A,#N/A,#N/A,#N/A,#N/A,#N/A,#N/A,#N/A,#N/A,#N/A,#N/A
YGL114W,#N/A,#N/A,#N/A,#N/A,#N/A,#N/A,#N/A,#N/A,#N/A,#N/A,#N/A,#N/A,#N/A,#N/A
YGL116W,#N/A,#N/A,#N/A,#N/A,#N/A,#N/A,#N/A,#N/A,#N/A,#N/A,#N/A,#N/A,#N/A,#N/A
YGL117W,#N/A,#N/A,#N/A,#N/A,#N/A,#N/A,#N/A,#N/A,#N/A,#N/A,#N/A,#N/A,#N/A,#N/A
YGL121C,#N/A,#N/A,#N/A,#N/A,#N/A,#N/A,#N/A,#N/A,#N/A,#N/A,#N/A,#N/A,#N/A,#N/A
YGL126W,#N/A,#N/A,#N/A,#N/A,#N/A,#N/A,#N/A,#N/A,#N/A,#N/A,#N/A,#N/A,#N/A,#N/A
YGL133W,#N/A,#N/A,#N/A,#N/A,#N/A,#N/A,#N/A,#N/A,#N/A,#N/A,#N/A,#N/A,#N/A,#N/A
YGL140C,#N/A,#N/A,#N/A,#N/A,#N/A,#N/A,#N/A,#N/A,#N/A,#N/A,#N/A,#N/A,#N/A,#N/A
YGL141W,#N/A,#N/A,#N/A,#N/A,#N/A,#N/A,#N/A,#N/A,#N/A,#N/A,#N/A,#N/A,#N/A,#N/A
YGL145W,#N/A,#N/A,#N/A,#N/A,#N/A,#N/A,#N/A,#N/A,#N/A,#N/A,#N/A,#N/A,#N/A,#N/A
YGL178W,#N/A,#N/A,#N/A,#N/A,#N/A,#N/A,#N/A,#N/A,#N/A,#N/A,#N/A,#N/A,#N/A,#N/A
YGL180W,#N/A,#N/A,#N/A,#N/A,#N/A,#N/A,#N/A,#N/A,#N/A,#N/A,#N/A,#N/A,#N/A,#N/A
YGL198W,#N/A,#N/A,#N/A,#N/A,#N/A,#N/A,#N/A,#N/A,#N/A,#N/A,#N/A,#N/A,#N/A,#N/A
YGL204C,#N/A,#N/A,#N/A,#N/A,#N/A,#N/A,#N/A,#N/A,#N/A,#N/A,#N/A,#N/A,#N/A,#N/A
YGL208W,#N/A,#N/A,#N/A,#N/A,#N/A,#N/A,#N/A,#N/A,#N/A,#N/A,#N/A,#N/A,#N/A,#N/A
YGL211W,#N/A,#N/A,#N/A,#N/A,#N/A,#N/A,#N/A,#N/A,#N/A,#N/A,#N/A,#N/A,#N/A,#N/A
YGL212W,#N/A,#N/A,#N/A,#N/A,#N/A,#N/A,#N/A,#N/A,#N/A,#N/A,#N/A,#N/A,#N/A,#N/A
YGL220W,#N/A,#N/A,#N/A,#N/A,#N/A,#N/A,#N/A,#N/A,#N/A,#N/A,#N/A,#N/A,#N/A,#N/A
YGL226C-A,#N/A,#N/A,#N/A,#N/A,#N/A,#N/A,#N/A,#N/A,#N/A,#N/A,#N/A,#N/A,#N/A,#N/A
YGL233W,#N/A,#N/A,#N/A,#N/A,#N/A,#N/A,#N/A,#N/A,#N/A,#N/A,#N/A,#N/A,#N/A,#N/A
YGL237C,#N/A,#N/A,#N/A,#N/A,#N/A,#N/A,#N/A,#N/A,#N/A,#N/A,#N/A,#N/A,#N/A,#N/A
YGL248W,#N/A,#N/A,#N/A,#N/A,#N/A,#N/A,#N/A,#N/A,#N/A,#N/A,#N/A,#N/A,#N/A,#N/A
YGL250W,#N/A,#N/A,#N/A,#N/A,#N/A,#N/A,#N/A,#N/A,#N/A,#N/A,#N/A,#N/A,#N/A,#N/A
YGL254W,#N/A,#N/A,#N/A,#N/A,#N/A,#N/A,#N/A,#N/A,#N/A,#N/A,#N/A,#N/A,#N/A,#N/A
YGL256W,#N/A,#N/A,#N/A,#N/A,#N/A,#N/A,#N/A,#N/A,#N/A,#N/A,#N/A,#N/A,#N/A,#N/A
YGR002C,#N/A,#N/A,#N/A,#N/A,#N/A,#N/A,#N/A,#N/A,#N/A,#N/A,#N/A,#N/A,#N/A,#N/A
YGR003W,#N/A,#N/A,#N/A,#N/A,#N/A,#N/A,#N/A,#N/A,#N/A,#N/A,#N/A,#N/A,#N/A,#N/A
YGR004W,#N/A,#N/A,#N/A,#N/A,#N/A,#N/A,#N/A,#N/A,#N/A,#N/A,#N/A,#N/A,#N/A,#N/A
YGR007W,#N/A,#N/A,#N/A,#N/A,#N/A,#N/A,#N/A,#N/A,#N/A,#N/A,#N/A,#N/A,#N/A,#N/A
YGR013W,#N/A,#N/A,#N/A,#N/A,#N/A,#N/A,#N/A,#N/A,#N/A,#N/A,#N/A,#N/A,#N/A,#N/A
YGR030C,#N/A,#N/A,#N/A,#N/A,#N/A,#N/A,#N/A,#N/A,#N/A,#N/A,#N/A,#N/A,#N/A,#N/A
YGR036C,#N/A,#N/A,#N/A,#N/A,#N/A,#N/A,#N/A,#N/A,#N/A,#N/A,#N/A,#N/A,#N/A,#N/A
YGR040W,#N/A,#N/A,#N/A,#N/A,#N/A,#N/A,#N/A,#N/A,#N/A,#N/A,#N/A,#N/A,#N/A,#N/A
YGR047C,#N/A,#N/A,#N/A,#N/A,#N/A,#N/A,#N/A,#N/A,#N/A,#N/A,#N/A,#N/A,#N/A,#N/A
YGR062C,#N/A,#N/A,#N/A,#N/A,#N/A,#N/A,#N/A,#N/A,#N/A,#N/A,#N/A,#N/A,#N/A,#N/A
YGR067C,#N/A,#N/A,#N/A,#N/A,#N/A,#N/A,#N/A,#N/A,#N/A,#N/A,#N/A,#N/A,#N/A,#N/A
YGR072W,#N/A,#N/A,#N/A,#N/A,#N/A,#N/A,#N/A,#N/A,#N/A,#N/A,#N/A,#N/A,#N/A,#N/A
YGR074W,#N/A,#N/A,#N/A,#N/A,#N/A,#N/A,#N/A,#N/A,#N/A,#N/A,#N/A,#N/A,#N/A,#N/A
YGR077C,#N/A,#N/A,#N/A,#N/A,#N/A,#N/A,#N/A,#N/A,#N/A,#N/A,#N/A,#N/A,#N/A,#N/A
YGR081C,#N/A,#N/A,#N/A,#N/A,#N/A,#N/A,#N/A,#N/A,#N/A,#N/A,#N/A,#N/A,#N/A,#N/A
YGR088W,#N/A,#N/A,#N/A,#N/A,#N/A,#N/A,#N/A,#N/A,#N/A,#N/A,#N/A,#N/A,#N/A,#N/A
YGR089W,#N/A,#N/A,#N/A,#N/A,#N/A,#N/A,#N/A,#N/A,#N/A,#N/A,#N/A,#N/A,#N/A,#N/A
YGR093W,#N/A,#N/A,#N/A,#N/A,#N/A,#N/A,#N/A,#N/A,#N/A,#N/A,#N/A,#N/A,#N/A,#N/A
YGR101W,#N/A,#N/A,#N/A,#N/A,#N/A,#N/A,#N/A,#N/A,#N/A,#N/A,#N/A,#N/A,#N/A,#N/A
YGR102C,#N/A,#N/A,#N/A,#N/A,#N/A,#N/A,#N/A,#N/A,#N/A,#N/A,#N/A,#N/A,#N/A,#N/A
YGR104C,#N/A,#N/A,#N/A,#N/A,#N/A,#N/A,#N/A,#N/A,#N/A,#N/A,#N/A,#N/A,#N/A,#N/A
YGR110W,#N/A,#N/A,#N/A,#N/A,#N/A,#N/A,#N/A,#N/A,#N/A,#N/A,#N/A,#N/A,#N/A,#N/A
YGR113W,#N/A,#N/A,#N/A,#N/A,#N/A,#N/A,#N/A,#N/A,#N/A,#N/A,#N/A,#N/A,#N/A,#N/A
YGR120C,#N/A,#N/A,#N/A,#N/A,#N/A,#N/A,#N/A,#N/A,#N/A,#N/A,#N/A,#N/A,#N/A,#N/A
YGR121C,#N/A,#N/A,#N/A,#N/A,#N/A,#N/A,#N/A,#N/A,#N/A,#N/A,#N/A,#N/A,#N/A,#N/A
YGR122W,#N/A,#N/A,#N/A,#N/A,#N/A,#N/A,#N/A,#N/A,#N/A,#N/A,#N/A,#N/A,#N/A,#N/A
YGR126W,#N/A,#N/A,#N/A,#N/A,#N/A,#N/A,#N/A,#N/A,#N/A,#N/A,#N/A,#N/A,#N/A,#N/A
YGR127W,#N/A,#N/A,#N/A,#N/A,#N/A,#N/A,#N/A,#N/A,#N/A,#N/A,#N/A,#N/A,#N/A,#N/A
YGR134W,#N/A,#N/A,#N/A,#N/A,#N/A,#N/A,#N/A,#N/A,#N/A,#N/A,#N/A,#N/A,#N/A,#N/A
YGR136W,#N/A,#N/A,#N/A,#N/A,#N/A,#N/A,#N/A,#N/A,#N/A,#N/A,#N/A,#N/A,#N/A,#N/A
YGR140W,#N/A,#N/A,#N/A,#N/A,#N/A,#N/A,#N/A,#N/A,#N/A,#N/A,#N/A,#N/A,#N/A,#N/A
YGR143W,#N/A,#N/A,#N/A,#N/A,#N/A,#N/A,#N/A,#N/A,#N/A,#N/A,#N/A,#N/A,#N/A,#N/A
YGR147C,#N/A,#N/A,#N/A,#N/A,#N/A,#N/A,#N/A,#N/A,#N/A,#N/A,#N/A,#N/A,#N/A,#N/A
YGR149W,#N/A,#N/A,#N/A,#N/A,#N/A,#N/A,#N/A,#N/A,#N/A,#N/A,#N/A,#N/A,#N/A,#N/A
YGR156W,#N/A,#N/A,#N/A,#N/A,#N/A,#N/A,#N/A,#N/A,#N/A,#N/A,#N/A,#N/A,#N/A,#N/A
YGR158C,#N/A,#N/A,#N/A,#N/A,#N/A,#N/A,#N/A,#N/A,#N/A,#N/A,#N/A,#N/A,#N/A,#N/A
YGR163W,#N/A,#N/A,#N/A,#N/A,#N/A,#N/A,#N/A,#N/A,#N/A,#N/A,#N/A,#N/A,#N/A,#N/A
YGR169C,#N/A,#N/A,#N/A,#N/A,#N/A,#N/A,#N/A,#N/A,#N/A,#N/A,#N/A,#N/A,#N/A,#N/A
YGR196C,#N/A,#N/A,#N/A,#N/A,#N/A,#N/A,#N/A,#N/A,#N/A,#N/A,#N/A,#N/A,#N/A,#N/A
YGR201C,#N/A,#N/A,#N/A,#N/A,#N/A,#N/A,#N/A,#N/A,#N/A,#N/A,#N/A,#N/A,#N/A,#N/A
YGR215W,#N/A,#N/A,#N/A,#N/A,#N/A,#N/A,#N/A,#N/A,#N/A,#N/A,#N/A,#N/A,#N/A,#N/A
YGR222W,#N/A,#N/A,#N/A,#N/A,#N/A,#N/A,#N/A,#N/A,#N/A,#N/A,#N/A,#N/A,#N/A,#N/A
YGR227W,#N/A,#N/A,#N/A,#N/A,#N/A,#N/A,#N/A,#N/A,#N/A,#N/A,#N/A,#N/A,#N/A,#N/A
YGR237C,#N/A,#N/A,#N/A,#N/A,#N/A,#N/A,#N/A,#N/A,#N/A,#N/A,#N/A,#N/A,#N/A,#N/A
YGR243W,#N/A,#N/A,#N/A,#N/A,#N/A,#N/A,#N/A,#N/A,#N/A,#N/A,#N/A,#N/A,#N/A,#N/A
YGR246C,#N/A,#N/A,#N/A,#N/A,#N/A,#N/A,#N/A,#N/A,#N/A,#N/A,#N/A,#N/A,#N/A,#N/A
YGR247W,#N/A,#N/A,#N/A,#N/A,#N/A,#N/A,#N/A,#N/A,#N/A,#N/A,#N/A,#N/A,#N/A,#N/A
YGR251W,#N/A,#N/A,#N/A,#N/A,#N/A,#N/A,#N/A,#N/A,#N/A,#N/A,#N/A,#N/A,#N/A,#N/A
YGR255C,#N/A,#N/A,#N/A,#N/A,#N/A,#N/A,#N/A,#N/A,#N/A,#N/A,#N/A,#N/A,#N/A,#N/A
YGR271W,#N/A,#N/A,#N/A,#N/A,#N/A,#N/A,#N/A,#N/A,#N/A,#N/A,#N/A,#N/A,#N/A,#N/A
YGR274C,#N/A,#N/A,#N/A,#N/A,#N/A,#N/A,#N/A,#N/A,#N/A,#N/A,#N/A,#N/A,#N/A,#N/A
YGR276C,#N/A,#N/A,#N/A,#N/A,#N/A,#N/A,#N/A,#N/A,#N/A,#N/A,#N/A,#N/A,#N/A,#N/A
YGR281W,#N/A,#N/A,#N/A,#N/A,#N/A,#N/A,#N/A,#N/A,#N/A,#N/A,#N/A,#N/A,#N/A,#N/A
YGR284C,#N/A,#N/A,#N/A,#N/A,#N/A,#N/A,#N/A,#N/A,#N/A,#N/A,#N/A,#N/A,#N/A,#N/A
YGR289C,#N/A,#N/A,#N/A,#N/A,#N/A,#N/A,#N/A,#N/A,#N/A,#N/A,#N/A,#N/A,#N/A,#N/A
YHL009C,#N/A,#N/A,#N/A,#N/A,#N/A,#N/A,#N/A,#N/A,#N/A,#N/A,#N/A,#N/A,#N/A,#N/A
YHL017W,#N/A,#N/A,#N/A,#N/A,#N/A,#N/A,#N/A,#N/A,#N/A,#N/A,#N/A,#N/A,#N/A,#N/A
YHL018W,#N/A,#N/A,#N/A,#N/A,#N/A,#N/A,#N/A,#N/A,#N/A,#N/A,#N/A,#N/A,#N/A,#N/A
YHL020C,#N/A,#N/A,#N/A,#N/A,#N/A,#N/A,#N/A,#N/A,#N/A,#N/A,#N/A,#N/A,#N/A,#N/A
YHL023C,#N/A,#N/A,#N/A,#N/A,#N/A,#N/A,#N/A,#N/A,#N/A,#N/A,#N/A,#N/A,#N/A,#N/A
YHL025W,#N/A,#N/A,#N/A,#N/A,#N/A,#N/A,#N/A,#N/A,#N/A,#N/A,#N/A,#N/A,#N/A,#N/A
YHL029C,#N/A,#N/A,#N/A,#N/A,#N/A,#N/A,#N/A,#N/A,#N/A,#N/A,#N/A,#N/A,#N/A,#N/A
YHL040C,#N/A,#N/A,#N/A,#N/A,#N/A,#N/A,#N/A,#N/A,#N/A,#N/A,#N/A,#N/A,#N/A,#N/A
YHR002W,#N/A,#N/A,#N/A,#N/A,#N/A,#N/A,#N/A,#N/A,#N/A,#N/A,#N/A,#N/A,#N/A,#N/A
YHR006W,#N/A,#N/A,#N/A,#N/A,#N/A,#N/A,#N/A,#N/A,#N/A,#N/A,#N/A,#N/A,#N/A,#N/A
YHR023W,#N/A,#N/A,#N/A,#N/A,#N/A,#N/A,#N/A,#N/A,#N/A,#N/A,#N/A,#N/A,#N/A,#N/A
YHR026W,#N/A,#N/A,#N/A,#N/A,#N/A,#N/A,#N/A,#N/A,#N/A,#N/A,#N/A,#N/A,#N/A,#N/A
YHR040W,#N/A,#N/A,#N/A,#N/A,#N/A,#N/A,#N/A,#N/A,#N/A,#N/A,#N/A,#N/A,#N/A,#N/A
YHR082C,#N/A,#N/A,#N/A,#N/A,#N/A,#N/A,#N/A,#N/A,#N/A,#N/A,#N/A,#N/A,#N/A,#N/A
YHR084W,#N/A,#N/A,#N/A,#N/A,#N/A,#N/A,#N/A,#N/A,#N/A,#N/A,#N/A,#N/A,#N/A,#N/A
YHR086W,#N/A,#N/A,#N/A,#N/A,#N/A,#N/A,#N/A,#N/A,#N/A,#N/A,#N/A,#N/A,#N/A,#N/A
YHR103W,#N/A,#N/A,#N/A,#N/A,#N/A,#N/A,#N/A,#N/A,#N/A,#N/A,#N/A,#N/A,#N/A,#N/A
YHR105W,#N/A,#N/A,#N/A,#N/A,#N/A,#N/A,#N/A,#N/A,#N/A,#N/A,#N/A,#N/A,#N/A,#N/A
YHR109W,#N/A,#N/A,#N/A,#N/A,#N/A,#N/A,#N/A,#N/A,#N/A,#N/A,#N/A,#N/A,#N/A,#N/A
YHR110W,#N/A,#N/A,#N/A,#N/A,#N/A,#N/A,#N/A,#N/A,#N/A,#N/A,#N/A,#N/A,#N/A,#N/A
YHR115C,#N/A,#N/A,#N/A,#N/A,#N/A,#N/A,#N/A,#N/A,#N/A,#N/A,#N/A,#N/A,#N/A,#N/A
YHR123W,#N/A,#N/A,#N/A,#N/A,#N/A,#N/A,#N/A,#N/A,#N/A,#N/A,#N/A,#N/A,#N/A,#N/A
YHR139C,#N/A,#N/A,#N/A,#N/A,#N/A,#N/A,#N/A,#N/A,#N/A,#N/A,#N/A,#N/A,#N/A,#N/A
YHR144C,#N/A,#N/A,#N/A,#N/A,#N/A,#N/A,#N/A,#N/A,#N/A,#N/A,#N/A,#N/A,#N/A,#N/A
YHR149C,#N/A,#N/A,#N/A,#N/A,#N/A,#N/A,#N/A,#N/A,#N/A,#N/A,#N/A,#N/A,#N/A,#N/A
YHR154W,#N/A,#N/A,#N/A,#N/A,#N/A,#N/A,#N/A,#N/A,#N/A,#N/A,#N/A,#N/A,#N/A,#N/A
YHR156C,#N/A,#N/A,#N/A,#N/A,#N/A,#N/A,#N/A,#N/A,#N/A,#N/A,#N/A,#N/A,#N/A,#N/A
YHR165C,#N/A,#N/A,#N/A,#N/A,#N/A,#N/A,#N/A,#N/A,#N/A,#N/A,#N/A,#N/A,#N/A,#N/A
YHR166C,#N/A,#N/A,#N/A,#N/A,#N/A,#N/A,#N/A,#N/A,#N/A,#N/A,#N/A,#N/A,#N/A,#N/A
YHR167W,#N/A,#N/A,#N/A,#N/A,#N/A,#N/A,#N/A,#N/A,#N/A,#N/A,#N/A,#N/A,#N/A,#N/A
YHR171W,#N/A,#N/A,#N/A,#N/A,#N/A,#N/A,#N/A,#N/A,#N/A,#N/A,#N/A,#N/A,#N/A,#N/A
YHR172W,#N/A,#N/A,#N/A,#N/A,#N/A,#N/A,#N/A,#N/A,#N/A,#N/A,#N/A,#N/A,#N/A,#N/A
YHR187W,#N/A,#N/A,#N/A,#N/A,#N/A,#N/A,#N/A,#N/A,#N/A,#N/A,#N/A,#N/A,#N/A,#N/A
YHR195W,#N/A,#N/A,#N/A,#N/A,#N/A,#N/A,#N/A,#N/A,#N/A,#N/A,#N/A,#N/A,#N/A,#N/A
YHR199C,#N/A,#N/A,#N/A,#N/A,#N/A,#N/A,#N/A,#N/A,#N/A,#N/A,#N/A,#N/A,#N/A,#N/A
YHR202W,#N/A,#N/A,#N/A,#N/A,#N/A,#N/A,#N/A,#N/A,#N/A,#N/A,#N/A,#N/A,#N/A,#N/A
YHR207C,#N/A,#N/A,#N/A,#N/A,#N/A,#N/A,#N/A,#N/A,#N/A,#N/A,#N/A,#N/A,#N/A,#N/A
YHR209W,#N/A,#N/A,#N/A,#N/A,#N/A,#N/A,#N/A,#N/A,#N/A,#N/A,#N/A,#N/A,#N/A,#N/A
YIL002W-A,#N/A,#N/A,#N/A,#N/A,#N/A,#N/A,#N/A,#N/A,#N/A,#N/A,#N/A,#N/A,#N/A,#N/A
YIL003W,#N/A,#N/A,#N/A,#N/A,#N/A,#N/A,#N/A,#N/A,#N/A,#N/A,#N/A,#N/A,#N/A,#N/A
YIL008W,#N/A,#N/A,#N/A,#N/A,#N/A,#N/A,#N/A,#N/A,#N/A,#N/A,#N/A,#N/A,#N/A,#N/A
YIL017C,#N/A,#N/A,#N/A,#N/A,#N/A,#N/A,#N/A,#N/A,#N/A,#N/A,#N/A,#N/A,#N/A,#N/A
YIL040W,#N/A,#N/A,#N/A,#N/A,#N/A,#N/A,#N/A,#N/A,#N/A,#N/A,#N/A,#N/A,#N/A,#N/A
YIL042C,#N/A,#N/A,#N/A,#N/A,#N/A,#N/A,#N/A,#N/A,#N/A,#N/A,#N/A,#N/A,#N/A,#N/A
YIL046W,#N/A,#N/A,#N/A,#N/A,#N/A,#N/A,#N/A,#N/A,#N/A,#N/A,#N/A,#N/A,#N/A,#N/A
YIL055C,#N/A,#N/A,#N/A,#N/A,#N/A,#N/A,#N/A,#N/A,#N/A,#N/A,#N/A,#N/A,#N/A,#N/A
YIL057C,#N/A,#N/A,#N/A,#N/A,#N/A,#N/A,#N/A,#N/A,#N/A,#N/A,#N/A,#N/A,#N/A,#N/A
YIL061C,#N/A,#N/A,#N/A,#N/A,#N/A,#N/A,#N/A,#N/A,#N/A,#N/A,#N/A,#N/A,#N/A,#N/A
YIL068C,#N/A,#N/A,#N/A,#N/A,#N/A,#N/A,#N/A,#N/A,#N/A,#N/A,#N/A,#N/A,#N/A,#N/A
YIL077C,#N/A,#N/A,#N/A,#N/A,#N/A,#N/A,#N/A,#N/A,#N/A,#N/A,#N/A,#N/A,#N/A,#N/A
YIL079C,#N/A,#N/A,#N/A,#N/A,#N/A,#N/A,#N/A,#N/A,#N/A,#N/A,#N/A,#N/A,#N/A,#N/A
YIL084C,#N/A,#N/A,#N/A,#N/A,#N/A,#N/A,#N/A,#N/A,#N/A,#N/A,#N/A,#N/A,#N/A,#N/A
YIL085C,#N/A,#N/A,#N/A,#N/A,#N/A,#N/A,#N/A,#N/A,#N/A,#N/A,#N/A,#N/A,#N/A,#N/A
YIL087C,#N/A,#N/A,#N/A,#N/A,#N/A,#N/A,#N/A,#N/A,#N/A,#N/A,#N/A,#N/A,#N/A,#N/A
YIL095W,#N/A,#N/A,#N/A,#N/A,#N/A,#N/A,#N/A,#N/A,#N/A,#N/A,#N/A,#N/A,#N/A,#N/A
YIL096C,#N/A,#N/A,#N/A,#N/A,#N/A,#N/A,#N/A,#N/A,#N/A,#N/A,#N/A,#N/A,#N/A,#N/A
YIL097W,#N/A,#N/A,#N/A,#N/A,#N/A,#N/A,#N/A,#N/A,#N/A,#N/A,#N/A,#N/A,#N/A,#N/A
YIL104C,#N/A,#N/A,#N/A,#N/A,#N/A,#N/A,#N/A,#N/A,#N/A,#N/A,#N/A,#N/A,#N/A,#N/A
YIL114C,#N/A,#N/A,#N/A,#N/A,#N/A,#N/A,#N/A,#N/A,#N/A,#N/A,#N/A,#N/A,#N/A,#N/A
YIL117C,#N/A,#N/A,#N/A,#N/A,#N/A,#N/A,#N/A,#N/A,#N/A,#N/A,#N/A,#N/A,#N/A,#N/A
YIL123W,#N/A,#N/A,#N/A,#N/A,#N/A,#N/A,#N/A,#N/A,#N/A,#N/A,#N/A,#N/A,#N/A,#N/A
YIL127C,#N/A,#N/A,#N/A,#N/A,#N/A,#N/A,#N/A,#N/A,#N/A,#N/A,#N/A,#N/A,#N/A,#N/A
YIL129C,#N/A,#N/A,#N/A,#N/A,#N/A,#N/A,#N/A,#N/A,#N/A,#N/A,#N/A,#N/A,#N/A,#N/A
YIL140W,#N/A,#N/A,#N/A,#N/A,#N/A,#N/A,#N/A,#N/A,#N/A,#N/A,#N/A,#N/A,#N/A,#N/A
YIL144W,#N/A,#N/A,#N/A,#N/A,#N/A,#N/A,#N/A,#N/A,#N/A,#N/A,#N/A,#N/A,#N/A,#N/A
YIL146C,#N/A,#N/A,#N/A,#N/A,#N/A,#N/A,#N/A,#N/A,#N/A,#N/A,#N/A,#N/A,#N/A,#N/A
YIL153W,#N/A,#N/A,#N/A,#N/A,#N/A,#N/A,#N/A,#N/A,#N/A,#N/A,#N/A,#N/A,#N/A,#N/A
YIL154C,#N/A,#N/A,#N/A,#N/A,#N/A,#N/A,#N/A,#N/A,#N/A,#N/A,#N/A,#N/A,#N/A,#N/A
YIL156W,#N/A,#N/A,#N/A,#N/A,#N/A,#N/A,#N/A,#N/A,#N/A,#N/A,#N/A,#N/A,#N/A,#N/A
YIL156W-B,#N/A,#N/A,#N/A,#N/A,#N/A,#N/A,#N/A,#N/A,#N/A,#N/A,#N/A,#N/A,#N/A,#N/A
YIL159W,#N/A,#N/A,#N/A,#N/A,#N/A,#N/A,#N/A,#N/A,#N/A,#N/A,#N/A,#N/A,#N/A,#N/A
YIL161W,#N/A,#N/A,#N/A,#N/A,#N/A,#N/A,#N/A,#N/A,#N/A,#N/A,#N/A,#N/A,#N/A,#N/A
YIR007W,#N/A,#N/A,#N/A,#N/A,#N/A,#N/A,#N/A,#N/A,#N/A,#N/A,#N/A,#N/A,#N/A,#N/A
YIR009W,#N/A,#N/A,#N/A,#N/A,#N/A,#N/A,#N/A,#N/A,#N/A,#N/A,#N/A,#N/A,#N/A,#N/A
YIR017C,#N/A,#N/A,#N/A,#N/A,#N/A,#N/A,#N/A,#N/A,#N/A,#N/A,#N/A,#N/A,#N/A,#N/A
YIR021W,#N/A,#N/A,#N/A,#N/A,#N/A,#N/A,#N/A,#N/A,#N/A,#N/A,#N/A,#N/A,#N/A,#N/A
YIR023W,#N/A,#N/A,#N/A,#N/A,#N/A,#N/A,#N/A,#N/A,#N/A,#N/A,#N/A,#N/A,#N/A,#N/A
YIR024C,#N/A,#N/A,#N/A,#N/A,#N/A,#N/A,#N/A,#N/A,#N/A,#N/A,#N/A,#N/A,#N/A,#N/A
YIR030C,#N/A,#N/A,#N/A,#N/A,#N/A,#N/A,#N/A,#N/A,#N/A,#N/A,#N/A,#N/A,#N/A,#N/A
YIR032C,#N/A,#N/A,#N/A,#N/A,#N/A,#N/A,#N/A,#N/A,#N/A,#N/A,#N/A,#N/A,#N/A,#N/A
YJL003W,#N/A,#N/A,#N/A,#N/A,#N/A,#N/A,#N/A,#N/A,#N/A,#N/A,#N/A,#N/A,#N/A,#N/A
YJL006C,#N/A,#N/A,#N/A,#N/A,#N/A,#N/A,#N/A,#N/A,#N/A,#N/A,#N/A,#N/A,#N/A,#N/A
YJL011C,#N/A,#N/A,#N/A,#N/A,#N/A,#N/A,#N/A,#N/A,#N/A,#N/A,#N/A,#N/A,#N/A,#N/A
YJL019W,#N/A,#N/A,#N/A,#N/A,#N/A,#N/A,#N/A,#N/A,#N/A,#N/A,#N/A,#N/A,#N/A,#N/A
YJL024C,#N/A,#N/A,#N/A,#N/A,#N/A,#N/A,#N/A,#N/A,#N/A,#N/A,#N/A,#N/A,#N/A,#N/A
YJL030W,#N/A,#N/A,#N/A,#N/A,#N/A,#N/A,#N/A,#N/A,#N/A,#N/A,#N/A,#N/A,#N/A,#N/A
YJL044C,#N/A,#N/A,#N/A,#N/A,#N/A,#N/A,#N/A,#N/A,#N/A,#N/A,#N/A,#N/A,#N/A,#N/A
YJL047C,#N/A,#N/A,#N/A,#N/A,#N/A,#N/A,#N/A,#N/A,#N/A,#N/A,#N/A,#N/A,#N/A,#N/A
YJL048C,#N/A,#N/A,#N/A,#N/A,#N/A,#N/A,#N/A,#N/A,#N/A,#N/A,#N/A,#N/A,#N/A,#N/A
YJL049W,#N/A,#N/A,#N/A,#N/A,#N/A,#N/A,#N/A,#N/A,#N/A,#N/A,#N/A,#N/A,#N/A,#N/A
YJL073W,#N/A,#N/A,#N/A,#N/A,#N/A,#N/A,#N/A,#N/A,#N/A,#N/A,#N/A,#N/A,#N/A,#N/A
YJL078C,#N/A,#N/A,#N/A,#N/A,#N/A,#N/A,#N/A,#N/A,#N/A,#N/A,#N/A,#N/A,#N/A,#N/A
YJL084C,#N/A,#N/A,#N/A,#N/A,#N/A,#N/A,#N/A,#N/A,#N/A,#N/A,#N/A,#N/A,#N/A,#N/A
YJL085W,#N/A,#N/A,#N/A,#N/A,#N/A,#N/A,#N/A,#N/A,#N/A,#N/A,#N/A,#N/A,#N/A,#N/A
YJL091C,#N/A,#N/A,#N/A,#N/A,#N/A,#N/A,#N/A,#N/A,#N/A,#N/A,#N/A,#N/A,#N/A,#N/A
YJL110C,#N/A,#N/A,#N/A,#N/A,#N/A,#N/A,#N/A,#N/A,#N/A,#N/A,#N/A,#N/A,#N/A,#N/A
YJL126W,#N/A,#N/A,#N/A,#N/A,#N/A,#N/A,#N/A,#N/A,#N/A,#N/A,#N/A,#N/A,#N/A,#N/A
YJL131C,#N/A,#N/A,#N/A,#N/A,#N/A,#N/A,#N/A,#N/A,#N/A,#N/A,#N/A,#N/A,#N/A,#N/A
YJL133C-A,#N/A,#N/A,#N/A,#N/A,#N/A,#N/A,#N/A,#N/A,#N/A,#N/A,#N/A,#N/A,#N/A,#N/A
YJL133W,#N/A,#N/A,#N/A,#N/A,#N/A,#N/A,#N/A,#N/A,#N/A,#N/A,#N/A,#N/A,#N/A,#N/A
YJL134W,#N/A,#N/A,#N/A,#N/A,#N/A,#N/A,#N/A,#N/A,#N/A,#N/A,#N/A,#N/A,#N/A,#N/A
YJL139C,#N/A,#N/A,#N/A,#N/A,#N/A,#N/A,#N/A,#N/A,#N/A,#N/A,#N/A,#N/A,#N/A,#N/A
YJL143W,#N/A,#N/A,#N/A,#N/A,#N/A,#N/A,#N/A,#N/A,#N/A,#N/A,#N/A,#N/A,#N/A,#N/A
YJL151C,#N/A,#N/A,#N/A,#N/A,#N/A,#N/A,#N/A,#N/A,#N/A,#N/A,#N/A,#N/A,#N/A,#N/A
YJL156C,#N/A,#N/A,#N/A,#N/A,#N/A,#N/A,#N/A,#N/A,#N/A,#N/A,#N/A,#N/A,#N/A,#N/A
YJL174W,#N/A,#N/A,#N/A,#N/A,#N/A,#N/A,#N/A,#N/A,#N/A,#N/A,#N/A,#N/A,#N/A,#N/A
YJL179W,#N/A,#N/A,#N/A,#N/A,#N/A,#N/A,#N/A,#N/A,#N/A,#N/A,#N/A,#N/A,#N/A,#N/A
YJL182C,#N/A,#N/A,#N/A,#N/A,#N/A,#N/A,#N/A,#N/A,#N/A,#N/A,#N/A,#N/A,#N/A,#N/A
YJL184W,#N/A,#N/A,#N/A,#N/A,#N/A,#N/A,#N/A,#N/A,#N/A,#N/A,#N/A,#N/A,#N/A,#N/A
YJL192C,#N/A,#N/A,#N/A,#N/A,#N/A,#N/A,#N/A,#N/A,#N/A,#N/A,#N/A,#N/A,#N/A,#N/A
YJL203W,#N/A,#N/A,#N/A,#N/A,#N/A,#N/A,#N/A,#N/A,#N/A,#N/A,#N/A,#N/A,#N/A,#N/A
YJL209W,#N/A,#N/A,#N/A,#N/A,#N/A,#N/A,#N/A,#N/A,#N/A,#N/A,#N/A,#N/A,#N/A,#N/A
YJL210W,#N/A,#N/A,#N/A,#N/A,#N/A,#N/A,#N/A,#N/A,#N/A,#N/A,#N/A,#N/A,#N/A,#N/A
YJR001W,#N/A,#N/A,#N/A,#N/A,#N/A,#N/A,#N/A,#N/A,#N/A,#N/A,#N/A,#N/A,#N/A,#N/A
YJR010C-A,#N/A,#N/A,#N/A,#N/A,#N/A,#N/A,#N/A,#N/A,#N/A,#N/A,#N/A,#N/A,#N/A,#N/A
YJR022W,#N/A,#N/A,#N/A,#N/A,#N/A,#N/A,#N/A,#N/A,#N/A,#N/A,#N/A,#N/A,#N/A,#N/A
YJR031C,#N/A,#N/A,#N/A,#N/A,#N/A,#N/A,#N/A,#N/A,#N/A,#N/A,#N/A,#N/A,#N/A,#N/A
YJR040W,#N/A,#N/A,#N/A,#N/A,#N/A,#N/A,#N/A,#N/A,#N/A,#N/A,#N/A,#N/A,#N/A,#N/A
YJR041C,#N/A,#N/A,#N/A,#N/A,#N/A,#N/A,#N/A,#N/A,#N/A,#N/A,#N/A,#N/A,#N/A,#N/A
YJR052W,#N/A,#N/A,#N/A,#N/A,#N/A,#N/A,#N/A,#N/A,#N/A,#N/A,#N/A,#N/A,#N/A,#N/A
YJR055W,#N/A,#N/A,#N/A,#N/A,#N/A,#N/A,#N/A,#N/A,#N/A,#N/A,#N/A,#N/A,#N/A,#N/A
YJR057W,#N/A,#N/A,#N/A,#N/A,#N/A,#N/A,#N/A,#N/A,#N/A,#N/A,#N/A,#N/A,#N/A,#N/A
YJR058C,#N/A,#N/A,#N/A,#N/A,#N/A,#N/A,#N/A,#N/A,#N/A,#N/A,#N/A,#N/A,#N/A,#N/A
YJR062C,#N/A,#N/A,#N/A,#N/A,#N/A,#N/A,#N/A,#N/A,#N/A,#N/A,#N/A,#N/A,#N/A,#N/A
YJR063W,#N/A,#N/A,#N/A,#N/A,#N/A,#N/A,#N/A,#N/A,#N/A,#N/A,#N/A,#N/A,#N/A,#N/A
YJR073C,#N/A,#N/A,#N/A,#N/A,#N/A,#N/A,#N/A,#N/A,#N/A,#N/A,#N/A,#N/A,#N/A,#N/A
YJR082C,#N/A,#N/A,#N/A,#N/A,#N/A,#N/A,#N/A,#N/A,#N/A,#N/A,#N/A,#N/A,#N/A,#N/A
YJR083C,#N/A,#N/A,#N/A,#N/A,#N/A,#N/A,#N/A,#N/A,#N/A,#N/A,#N/A,#N/A,#N/A,#N/A
YJR084W,#N/A,#N/A,#N/A,#N/A,#N/A,#N/A,#N/A,#N/A,#N/A,#N/A,#N/A,#N/A,#N/A,#N/A
YJR085C,#N/A,#N/A,#N/A,#N/A,#N/A,#N/A,#N/A,#N/A,#N/A,#N/A,#N/A,#N/A,#N/A,#N/A
YJR086W,#N/A,#N/A,#N/A,#N/A,#N/A,#N/A,#N/A,#N/A,#N/A,#N/A,#N/A,#N/A,#N/A,#N/A
YJR090C,#N/A,#N/A,#N/A,#N/A,#N/A,#N/A,#N/A,#N/A,#N/A,#N/A,#N/A,#N/A,#N/A,#N/A
YJR092W,#N/A,#N/A,#N/A,#N/A,#N/A,#N/A,#N/A,#N/A,#N/A,#N/A,#N/A,#N/A,#N/A,#N/A
YJR097W,#N/A,#N/A,#N/A,#N/A,#N/A,#N/A,#N/A,#N/A,#N/A,#N/A,#N/A,#N/A,#N/A,#N/A
YJR099W,#N/A,#N/A,#N/A,#N/A,#N/A,#N/A,#N/A,#N/A,#N/A,#N/A,#N/A,#N/A,#N/A,#N/A
YJR100C,#N/A,#N/A,#N/A,#N/A,#N/A,#N/A,#N/A,#N/A,#N/A,#N/A,#N/A,#N/A,#N/A,#N/A
YJR111C,#N/A,#N/A,#N/A,#N/A,#N/A,#N/A,#N/A,#N/A,#N/A,#N/A,#N/A,#N/A,#N/A,#N/A
YJR112W,#N/A,#N/A,#N/A,#N/A,#N/A,#N/A,#N/A,#N/A,#N/A,#N/A,#N/A,#N/A,#N/A,#N/A
YJR129C,#N/A,#N/A,#N/A,#N/A,#N/A,#N/A,#N/A,#N/A,#N/A,#N/A,#N/A,#N/A,#N/A,#N/A
YJR130C,#N/A,#N/A,#N/A,#N/A,#N/A,#N/A,#N/A,#N/A,#N/A,#N/A,#N/A,#N/A,#N/A,#N/A
YJR136C,#N/A,#N/A,#N/A,#N/A,#N/A,#N/A,#N/A,#N/A,#N/A,#N/A,#N/A,#N/A,#N/A,#N/A
YJR138W,#N/A,#N/A,#N/A,#N/A,#N/A,#N/A,#N/A,#N/A,#N/A,#N/A,#N/A,#N/A,#N/A,#N/A
YKL004W,#N/A,#N/A,#N/A,#N/A,#N/A,#N/A,#N/A,#N/A,#N/A,#N/A,#N/A,#N/A,#N/A,#N/A
YKL005C,#N/A,#N/A,#N/A,#N/A,#N/A,#N/A,#N/A,#N/A,#N/A,#N/A,#N/A,#N/A,#N/A,#N/A
YKL006C-A,#N/A,#N/A,#N/A,#N/A,#N/A,#N/A,#N/A,#N/A,#N/A,#N/A,#N/A,#N/A,#N/A,#N/A
YKL012W,#N/A,#N/A,#N/A,#N/A,#N/A,#N/A,#N/A,#N/A,#N/A,#N/A,#N/A,#N/A,#N/A,#N/A
YKL017C,#N/A,#N/A,#N/A,#N/A,#N/A,#N/A,#N/A,#N/A,#N/A,#N/A,#N/A,#N/A,#N/A,#N/A
YKL020C,#N/A,#N/A,#N/A,#N/A,#N/A,#N/A,#N/A,#N/A,#N/A,#N/A,#N/A,#N/A,#N/A,#N/A
YKL022C,#N/A,#N/A,#N/A,#N/A,#N/A,#N/A,#N/A,#N/A,#N/A,#N/A,#N/A,#N/A,#N/A,#N/A
YKL023W,#N/A,#N/A,#N/A,#N/A,#N/A,#N/A,#N/A,#N/A,#N/A,#N/A,#N/A,#N/A,#N/A,#N/A
YKL026C,#N/A,#N/A,#N/A,#N/A,#N/A,#N/A,#N/A,#N/A,#N/A,#N/A,#N/A,#N/A,#N/A,#N/A
YKL032C,#N/A,#N/A,#N/A,#N/A,#N/A,#N/A,#N/A,#N/A,#N/A,#N/A,#N/A,#N/A,#N/A,#N/A
YKL038W,#N/A,#N/A,#N/A,#N/A,#N/A,#N/A,#N/A,#N/A,#N/A,#N/A,#N/A,#N/A,#N/A,#N/A
YKL042W,#N/A,#N/A,#N/A,#N/A,#N/A,#N/A,#N/A,#N/A,#N/A,#N/A,#N/A,#N/A,#N/A,#N/A
YKL046C,#N/A,#N/A,#N/A,#N/A,#N/A,#N/A,#N/A,#N/A,#N/A,#N/A,#N/A,#N/A,#N/A,#N/A
YKL051W,#N/A,#N/A,#N/A,#N/A,#N/A,#N/A,#N/A,#N/A,#N/A,#N/A,#N/A,#N/A,#N/A,#N/A
YKL053C-A,#N/A,#N/A,#N/A,#N/A,#N/A,#N/A,#N/A,#N/A,#N/A,#N/A,#N/A,#N/A,#N/A,#N/A
YKL062W,#N/A,#N/A,#N/A,#N/A,#N/A,#N/A,#N/A,#N/A,#N/A,#N/A,#N/A,#N/A,#N/A,#N/A
YKL063C,#N/A,#N/A,#N/A,#N/A,#N/A,#N/A,#N/A,#N/A,#N/A,#N/A,#N/A,#N/A,#N/A,#N/A
YKL074C,#N/A,#N/A,#N/A,#N/A,#N/A,#N/A,#N/A,#N/A,#N/A,#N/A,#N/A,#N/A,#N/A,#N/A
YKL075C,#N/A,#N/A,#N/A,#N/A,#N/A,#N/A,#N/A,#N/A,#N/A,#N/A,#N/A,#N/A,#N/A,#N/A
YKL093W,#N/A,#N/A,#N/A,#N/A,#N/A,#N/A,#N/A,#N/A,#N/A,#N/A,#N/A,#N/A,#N/A,#N/A
YKL101W,#N/A,#N/A,#N/A,#N/A,#N/A,#N/A,#N/A,#N/A,#N/A,#N/A,#N/A,#N/A,#N/A,#N/A
YKL116C,#N/A,#N/A,#N/A,#N/A,#N/A,#N/A,#N/A,#N/A,#N/A,#N/A,#N/A,#N/A,#N/A,#N/A
YKL134C,#N/A,#N/A,#N/A,#N/A,#N/A,#N/A,#N/A,#N/A,#N/A,#N/A,#N/A,#N/A,#N/A,#N/A
YKL137W,#N/A,#N/A,#N/A,#N/A,#N/A,#N/A,#N/A,#N/A,#N/A,#N/A,#N/A,#N/A,#N/A,#N/A
YKL138C-A,#N/A,#N/A,#N/A,#N/A,#N/A,#N/A,#N/A,#N/A,#N/A,#N/A,#N/A,#N/A,#N/A,#N/A
YKL146W,#N/A,#N/A,#N/A,#N/A,#N/A,#N/A,#N/A,#N/A,#N/A,#N/A,#N/A,#N/A,#N/A,#N/A
YKL149C,#N/A,#N/A,#N/A,#N/A,#N/A,#N/A,#N/A,#N/A,#N/A,#N/A,#N/A,#N/A,#N/A,#N/A
YKL159C,#N/A,#N/A,#N/A,#N/A,#N/A,#N/A,#N/A,#N/A,#N/A,#N/A,#N/A,#N/A,#N/A,#N/A
YKL160W,#N/A,#N/A,#N/A,#N/A,#N/A,#N/A,#N/A,#N/A,#N/A,#N/A,#N/A,#N/A,#N/A,#N/A
YKL175W,#N/A,#N/A,#N/A,#N/A,#N/A,#N/A,#N/A,#N/A,#N/A,#N/A,#N/A,#N/A,#N/A,#N/A
YKL184W,#N/A,#N/A,#N/A,#N/A,#N/A,#N/A,#N/A,#N/A,#N/A,#N/A,#N/A,#N/A,#N/A,#N/A
YKL188C,#N/A,#N/A,#N/A,#N/A,#N/A,#N/A,#N/A,#N/A,#N/A,#N/A,#N/A,#N/A,#N/A,#N/A
YKL189W,#N/A,#N/A,#N/A,#N/A,#N/A,#N/A,#N/A,#N/A,#N/A,#N/A,#N/A,#N/A,#N/A,#N/A
YKL197C,#N/A,#N/A,#N/A,#N/A,#N/A,#N/A,#N/A,#N/A,#N/A,#N/A,#N/A,#N/A,#N/A,#N/A
YKL201C,#N/A,#N/A,#N/A,#N/A,#N/A,#N/A,#N/A,#N/A,#N/A,#N/A,#N/A,#N/A,#N/A,#N/A
YKL203C,#N/A,#N/A,#N/A,#N/A,#N/A,#N/A,#N/A,#N/A,#N/A,#N/A,#N/A,#N/A,#N/A,#N/A
YKL206C,#N/A,#N/A,#N/A,#N/A,#N/A,#N/A,#N/A,#N/A,#N/A,#N/A,#N/A,#N/A,#N/A,#N/A
YKL207W,#N/A,#N/A,#N/A,#N/A,#N/A,#N/A,#N/A,#N/A,#N/A,#N/A,#N/A,#N/A,#N/A,#N/A
YKR020W,#N/A,#N/A,#N/A,#N/A,#N/A,#N/A,#N/A,#N/A,#N/A,#N/A,#N/A,#N/A,#N/A,#N/A
YKR023W,#N/A,#N/A,#N/A,#N/A,#N/A,#N/A,#N/A,#N/A,#N/A,#N/A,#N/A,#N/A,#N/A,#N/A
YKR027W,#N/A,#N/A,#N/A,#N/A,#N/A,#N/A,#N/A,#N/A,#N/A,#N/A,#N/A,#N/A,#N/A,#N/A
YKR029C,#N/A,#N/A,#N/A,#N/A,#N/A,#N/A,#N/A,#N/A,#N/A,#N/A,#N/A,#N/A,#N/A,#N/A
YKR030W,#N/A,#N/A,#N/A,#N/A,#N/A,#N/A,#N/A,#N/A,#N/A,#N/A,#N/A,#N/A,#N/A,#N/A
YKR031C,#N/A,#N/A,#N/A,#N/A,#N/A,#N/A,#N/A,#N/A,#N/A,#N/A,#N/A,#N/A,#N/A,#N/A
YKR036C,#N/A,#N/A,#N/A,#N/A,#N/A,#N/A,#N/A,#N/A,#N/A,#N/A,#N/A,#N/A,#N/A,#N/A
YKR052C,#N/A,#N/A,#N/A,#N/A,#N/A,#N/A,#N/A,#N/A,#N/A,#N/A,#N/A,#N/A,#N/A,#N/A
YKR062W,#N/A,#N/A,#N/A,#N/A,#N/A,#N/A,#N/A,#N/A,#N/A,#N/A,#N/A,#N/A,#N/A,#N/A
YKR068C,#N/A,#N/A,#N/A,#N/A,#N/A,#N/A,#N/A,#N/A,#N/A,#N/A,#N/A,#N/A,#N/A,#N/A
YKR083C,#N/A,#N/A,#N/A,#N/A,#N/A,#N/A,#N/A,#N/A,#N/A,#N/A,#N/A,#N/A,#N/A,#N/A
YKR087C,#N/A,#N/A,#N/A,#N/A,#N/A,#N/A,#N/A,#N/A,#N/A,#N/A,#N/A,#N/A,#N/A,#N/A
YKR089C,#N/A,#N/A,#N/A,#N/A,#N/A,#N/A,#N/A,#N/A,#N/A,#N/A,#N/A,#N/A,#N/A,#N/A
YKR090W,#N/A,#N/A,#N/A,#N/A,#N/A,#N/A,#N/A,#N/A,#N/A,#N/A,#N/A,#N/A,#N/A,#N/A
YKR096W,#N/A,#N/A,#N/A,#N/A,#N/A,#N/A,#N/A,#N/A,#N/A,#N/A,#N/A,#N/A,#N/A,#N/A
YKR100C,#N/A,#N/A,#N/A,#N/A,#N/A,#N/A,#N/A,#N/A,#N/A,#N/A,#N/A,#N/A,#N/A,#N/A
YLL002W,#N/A,#N/A,#N/A,#N/A,#N/A,#N/A,#N/A,#N/A,#N/A,#N/A,#N/A,#N/A,#N/A,#N/A
YLL007C,#N/A,#N/A,#N/A,#N/A,#N/A,#N/A,#N/A,#N/A,#N/A,#N/A,#N/A,#N/A,#N/A,#N/A
YLL012W,#N/A,#N/A,#N/A,#N/A,#N/A,#N/A,#N/A,#N/A,#N/A,#N/A,#N/A,#N/A,#N/A,#N/A
YLL014W,#N/A,#N/A,#N/A,#N/A,#N/A,#N/A,#N/A,#N/A,#N/A,#N/A,#N/A,#N/A,#N/A,#N/A
YLL015W,#N/A,#N/A,#N/A,#N/A,#N/A,#N/A,#N/A,#N/A,#N/A,#N/A,#N/A,#N/A,#N/A,#N/A
YLL018C-A,#N/A,#N/A,#N/A,#N/A,#N/A,#N/A,#N/A,#N/A,#N/A,#N/A,#N/A,#N/A,#N/A,#N/A
YLL019C,#N/A,#N/A,#N/A,#N/A,#N/A,#N/A,#N/A,#N/A,#N/A,#N/A,#N/A,#N/A,#N/A,#N/A
YLL027W,#N/A,#N/A,#N/A,#N/A,#N/A,#N/A,#N/A,#N/A,#N/A,#N/A,#N/A,#N/A,#N/A,#N/A
YLL028W,#N/A,#N/A,#N/A,#N/A,#N/A,#N/A,#N/A,#N/A,#N/A,#N/A,#N/A,#N/A,#N/A,#N/A
YLL031C,#N/A,#N/A,#N/A,#N/A,#N/A,#N/A,#N/A,#N/A,#N/A,#N/A,#N/A,#N/A,#N/A,#N/A
YLL032C,#N/A,#N/A,#N/A,#N/A,#N/A,#N/A,#N/A,#N/A,#N/A,#N/A,#N/A,#N/A,#N/A,#N/A
YLL038C,#N/A,#N/A,#N/A,#N/A,#N/A,#N/A,#N/A,#N/A,#N/A,#N/A,#N/A,#N/A,#N/A,#N/A
YLL054C,#N/A,#N/A,#N/A,#N/A,#N/A,#N/A,#N/A,#N/A,#N/A,#N/A,#N/A,#N/A,#N/A,#N/A
YLL055W,#N/A,#N/A,#N/A,#N/A,#N/A,#N/A,#N/A,#N/A,#N/A,#N/A,#N/A,#N/A,#N/A,#N/A
YLR001C,#N/A,#N/A,#N/A,#N/A,#N/A,#N/A,#N/A,#N/A,#N/A,#N/A,#N/A,#N/A,#N/A,#N/A
YLR005W,#N/A,#N/A,#N/A,#N/A,#N/A,#N/A,#N/A,#N/A,#N/A,#N/A,#N/A,#N/A,#N/A,#N/A
YLR006C,#N/A,#N/A,#N/A,#N/A,#N/A,#N/A,#N/A,#N/A,#N/A,#N/A,#N/A,#N/A,#N/A,#N/A
YLR008C,#N/A,#N/A,#N/A,#N/A,#N/A,#N/A,#N/A,#N/A,#N/A,#N/A,#N/A,#N/A,#N/A,#N/A
YLR011W,#N/A,#N/A,#N/A,#N/A,#N/A,#N/A,#N/A,#N/A,#N/A,#N/A,#N/A,#N/A,#N/A,#N/A
YLR015W,#N/A,#N/A,#N/A,#N/A,#N/A,#N/A,#N/A,#N/A,#N/A,#N/A,#N/A,#N/A,#N/A,#N/A
YLR020C,#N/A,#N/A,#N/A,#N/A,#N/A,#N/A,#N/A,#N/A,#N/A,#N/A,#N/A,#N/A,#N/A,#N/A
YLR022C,#N/A,#N/A,#N/A,#N/A,#N/A,#N/A,#N/A,#N/A,#N/A,#N/A,#N/A,#N/A,#N/A,#N/A
YLR023C,#N/A,#N/A,#N/A,#N/A,#N/A,#N/A,#N/A,#N/A,#N/A,#N/A,#N/A,#N/A,#N/A,#N/A
YLR039C,#N/A,#N/A,#N/A,#N/A,#N/A,#N/A,#N/A,#N/A,#N/A,#N/A,#N/A,#N/A,#N/A,#N/A
YLR051C,#N/A,#N/A,#N/A,#N/A,#N/A,#N/A,#N/A,#N/A,#N/A,#N/A,#N/A,#N/A,#N/A,#N/A
YLR052W,#N/A,#N/A,#N/A,#N/A,#N/A,#N/A,#N/A,#N/A,#N/A,#N/A,#N/A,#N/A,#N/A,#N/A
YLR057W,#N/A,#N/A,#N/A,#N/A,#N/A,#N/A,#N/A,#N/A,#N/A,#N/A,#N/A,#N/A,#N/A,#N/A
YLR063W,#N/A,#N/A,#N/A,#N/A,#N/A,#N/A,#N/A,#N/A,#N/A,#N/A,#N/A,#N/A,#N/A,#N/A
YLR064W,#N/A,#N/A,#N/A,#N/A,#N/A,#N/A,#N/A,#N/A,#N/A,#N/A,#N/A,#N/A,#N/A,#N/A
YLR065C,#N/A,#N/A,#N/A,#N/A,#N/A,#N/A,#N/A,#N/A,#N/A,#N/A,#N/A,#N/A,#N/A,#N/A
YLR067C,#N/A,#N/A,#N/A,#N/A,#N/A,#N/A,#N/A,#N/A,#N/A,#N/A,#N/A,#N/A,#N/A,#N/A
YLR072W,#N/A,#N/A,#N/A,#N/A,#N/A,#N/A,#N/A,#N/A,#N/A,#N/A,#N/A,#N/A,#N/A,#N/A
YLR079W,#N/A,#N/A,#N/A,#N/A,#N/A,#N/A,#N/A,#N/A,#N/A,#N/A,#N/A,#N/A,#N/A,#N/A
YLR082C,#N/A,#N/A,#N/A,#N/A,#N/A,#N/A,#N/A,#N/A,#N/A,#N/A,#N/A,#N/A,#N/A,#N/A
YLR084C,#N/A,#N/A,#N/A,#N/A,#N/A,#N/A,#N/A,#N/A,#N/A,#N/A,#N/A,#N/A,#N/A,#N/A
YLR086W,#N/A,#N/A,#N/A,#N/A,#N/A,#N/A,#N/A,#N/A,#N/A,#N/A,#N/A,#N/A,#N/A,#N/A
YLR092W,#N/A,#N/A,#N/A,#N/A,#N/A,#N/A,#N/A,#N/A,#N/A,#N/A,#N/A,#N/A,#N/A,#N/A
YLR107W,#N/A,#N/A,#N/A,#N/A,#N/A,#N/A,#N/A,#N/A,#N/A,#N/A,#N/A,#N/A,#N/A,#N/A
YLR116W,#N/A,#N/A,#N/A,#N/A,#N/A,#N/A,#N/A,#N/A,#N/A,#N/A,#N/A,#N/A,#N/A,#N/A
YLR118C,#N/A,#N/A,#N/A,#N/A,#N/A,#N/A,#N/A,#N/A,#N/A,#N/A,#N/A,#N/A,#N/A,#N/A
YLR119W,#N/A,#N/A,#N/A,#N/A,#N/A,#N/A,#N/A,#N/A,#N/A,#N/A,#N/A,#N/A,#N/A,#N/A
YLR120C,#N/A,#N/A,#N/A,#N/A,#N/A,#N/A,#N/A,#N/A,#N/A,#N/A,#N/A,#N/A,#N/A,#N/A
YLR126C,#N/A,#N/A,#N/A,#N/A,#N/A,#N/A,#N/A,#N/A,#N/A,#N/A,#N/A,#N/A,#N/A,#N/A
YLR128W,#N/A,#N/A,#N/A,#N/A,#N/A,#N/A,#N/A,#N/A,#N/A,#N/A,#N/A,#N/A,#N/A,#N/A
YLR132C,#N/A,#N/A,#N/A,#N/A,#N/A,#N/A,#N/A,#N/A,#N/A,#N/A,#N/A,#N/A,#N/A,#N/A
YLR137W,#N/A,#N/A,#N/A,#N/A,#N/A,#N/A,#N/A,#N/A,#N/A,#N/A,#N/A,#N/A,#N/A,#N/A
YLR138W,#N/A,#N/A,#N/A,#N/A,#N/A,#N/A,#N/A,#N/A,#N/A,#N/A,#N/A,#N/A,#N/A,#N/A
YLR142W,#N/A,#N/A,#N/A,#N/A,#N/A,#N/A,#N/A,#N/A,#N/A,#N/A,#N/A,#N/A,#N/A,#N/A
YLR144C,#N/A,#N/A,#N/A,#N/A,#N/A,#N/A,#N/A,#N/A,#N/A,#N/A,#N/A,#N/A,#N/A,#N/A
YLR148W,#N/A,#N/A,#N/A,#N/A,#N/A,#N/A,#N/A,#N/A,#N/A,#N/A,#N/A,#N/A,#N/A,#N/A
YLR166C,#N/A,#N/A,#N/A,#N/A,#N/A,#N/A,#N/A,#N/A,#N/A,#N/A,#N/A,#N/A,#N/A,#N/A
YLR168C,#N/A,#N/A,#N/A,#N/A,#N/A,#N/A,#N/A,#N/A,#N/A,#N/A,#N/A,#N/A,#N/A,#N/A
YLR170C,#N/A,#N/A,#N/A,#N/A,#N/A,#N/A,#N/A,#N/A,#N/A,#N/A,#N/A,#N/A,#N/A,#N/A
YLR214W,#N/A,#N/A,#N/A,#N/A,#N/A,#N/A,#N/A,#N/A,#N/A,#N/A,#N/A,#N/A,#N/A,#N/A
YLR226W,#N/A,#N/A,#N/A,#N/A,#N/A,#N/A,#N/A,#N/A,#N/A,#N/A,#N/A,#N/A,#N/A,#N/A
YLR240W,#N/A,#N/A,#N/A,#N/A,#N/A,#N/A,#N/A,#N/A,#N/A,#N/A,#N/A,#N/A,#N/A,#N/A
YLR241W,#N/A,#N/A,#N/A,#N/A,#N/A,#N/A,#N/A,#N/A,#N/A,#N/A,#N/A,#N/A,#N/A,#N/A
YLR256W,#N/A,#N/A,#N/A,#N/A,#N/A,#N/A,#N/A,#N/A,#N/A,#N/A,#N/A,#N/A,#N/A,#N/A
YLR260W,#N/A,#N/A,#N/A,#N/A,#N/A,#N/A,#N/A,#N/A,#N/A,#N/A,#N/A,#N/A,#N/A,#N/A
YLR275W,#N/A,#N/A,#N/A,#N/A,#N/A,#N/A,#N/A,#N/A,#N/A,#N/A,#N/A,#N/A,#N/A,#N/A
YLR281C,#N/A,#N/A,#N/A,#N/A,#N/A,#N/A,#N/A,#N/A,#N/A,#N/A,#N/A,#N/A,#N/A,#N/A
YLR283W,#N/A,#N/A,#N/A,#N/A,#N/A,#N/A,#N/A,#N/A,#N/A,#N/A,#N/A,#N/A,#N/A,#N/A
YLR290C,#N/A,#N/A,#N/A,#N/A,#N/A,#N/A,#N/A,#N/A,#N/A,#N/A,#N/A,#N/A,#N/A,#N/A
YLR306W,#N/A,#N/A,#N/A,#N/A,#N/A,#N/A,#N/A,#N/A,#N/A,#N/A,#N/A,#N/A,#N/A,#N/A
YLR310C,#N/A,#N/A,#N/A,#N/A,#N/A,#N/A,#N/A,#N/A,#N/A,#N/A,#N/A,#N/A,#N/A,#N/A
YLR316C,#N/A,#N/A,#N/A,#N/A,#N/A,#N/A,#N/A,#N/A,#N/A,#N/A,#N/A,#N/A,#N/A,#N/A
YLR321C,#N/A,#N/A,#N/A,#N/A,#N/A,#N/A,#N/A,#N/A,#N/A,#N/A,#N/A,#N/A,#N/A,#N/A
YLR326W,#N/A,#N/A,#N/A,#N/A,#N/A,#N/A,#N/A,#N/A,#N/A,#N/A,#N/A,#N/A,#N/A,#N/A
YLR361C,#N/A,#N/A,#N/A,#N/A,#N/A,#N/A,#N/A,#N/A,#N/A,#N/A,#N/A,#N/A,#N/A,#N/A
YLR361C-A,#N/A,#N/A,#N/A,#N/A,#N/A,#N/A,#N/A,#N/A,#N/A,#N/A,#N/A,#N/A,#N/A,#N/A
YLR363W-A,#N/A,#N/A,#N/A,#N/A,#N/A,#N/A,#N/A,#N/A,#N/A,#N/A,#N/A,#N/A,#N/A,#N/A
YLR371W,#N/A,#N/A,#N/A,#N/A,#N/A,#N/A,#N/A,#N/A,#N/A,#N/A,#N/A,#N/A,#N/A,#N/A
YLR392C,#N/A,#N/A,#N/A,#N/A,#N/A,#N/A,#N/A,#N/A,#N/A,#N/A,#N/A,#N/A,#N/A,#N/A
YLR395C,#N/A,#N/A,#N/A,#N/A,#N/A,#N/A,#N/A,#N/A,#N/A,#N/A,#N/A,#N/A,#N/A,#N/A
YLR396C,#N/A,#N/A,#N/A,#N/A,#N/A,#N/A,#N/A,#N/A,#N/A,#N/A,#N/A,#N/A,#N/A,#N/A
YLR405W,#N/A,#N/A,#N/A,#N/A,#N/A,#N/A,#N/A,#N/A,#N/A,#N/A,#N/A,#N/A,#N/A,#N/A
YLR407W,#N/A,#N/A,#N/A,#N/A,#N/A,#N/A,#N/A,#N/A,#N/A,#N/A,#N/A,#N/A,#N/A,#N/A
YLR412W,#N/A,#N/A,#N/A,#N/A,#N/A,#N/A,#N/A,#N/A,#N/A,#N/A,#N/A,#N/A,#N/A,#N/A
YLR427W,#N/A,#N/A,#N/A,#N/A,#N/A,#N/A,#N/A,#N/A,#N/A,#N/A,#N/A,#N/A,#N/A,#N/A
YLR430W,#N/A,#N/A,#N/A,#N/A,#N/A,#N/A,#N/A,#N/A,#N/A,#N/A,#N/A,#N/A,#N/A,#N/A
YLR431C,#N/A,#N/A,#N/A,#N/A,#N/A,#N/A,#N/A,#N/A,#N/A,#N/A,#N/A,#N/A,#N/A,#N/A
YLR438C-A,#N/A,#N/A,#N/A,#N/A,#N/A,#N/A,#N/A,#N/A,#N/A,#N/A,#N/A,#N/A,#N/A,#N/A
YLR459W,#N/A,#N/A,#N/A,#N/A,#N/A,#N/A,#N/A,#N/A,#N/A,#N/A,#N/A,#N/A,#N/A,#N/A
YML005W,#N/A,#N/A,#N/A,#N/A,#N/A,#N/A,#N/A,#N/A,#N/A,#N/A,#N/A,#N/A,#N/A,#N/A
YML006C,#N/A,#N/A,#N/A,#N/A,#N/A,#N/A,#N/A,#N/A,#N/A,#N/A,#N/A,#N/A,#N/A,#N/A
YML009W-B,#N/A,#N/A,#N/A,#N/A,#N/A,#N/A,#N/A,#N/A,#N/A,#N/A,#N/A,#N/A,#N/A,#N/A
YML011C,#N/A,#N/A,#N/A,#N/A,#N/A,#N/A,#N/A,#N/A,#N/A,#N/A,#N/A,#N/A,#N/A,#N/A
YML018C,#N/A,#N/A,#N/A,#N/A,#N/A,#N/A,#N/A,#N/A,#N/A,#N/A,#N/A,#N/A,#N/A,#N/A
YML019W,#N/A,#N/A,#N/A,#N/A,#N/A,#N/A,#N/A,#N/A,#N/A,#N/A,#N/A,#N/A,#N/A,#N/A
YML021C,#N/A,#N/A,#N/A,#N/A,#N/A,#N/A,#N/A,#N/A,#N/A,#N/A,#N/A,#N/A,#N/A,#N/A
YML046W,#N/A,#N/A,#N/A,#N/A,#N/A,#N/A,#N/A,#N/A,#N/A,#N/A,#N/A,#N/A,#N/A,#N/A
YML058W,#N/A,#N/A,#N/A,#N/A,#N/A,#N/A,#N/A,#N/A,#N/A,#N/A,#N/A,#N/A,#N/A,#N/A
YML059C,#N/A,#N/A,#N/A,#N/A,#N/A,#N/A,#N/A,#N/A,#N/A,#N/A,#N/A,#N/A,#N/A,#N/A
YML064C,#N/A,#N/A,#N/A,#N/A,#N/A,#N/A,#N/A,#N/A,#N/A,#N/A,#N/A,#N/A,#N/A,#N/A
YML065W,#N/A,#N/A,#N/A,#N/A,#N/A,#N/A,#N/A,#N/A,#N/A,#N/A,#N/A,#N/A,#N/A,#N/A
YML067C,#N/A,#N/A,#N/A,#N/A,#N/A,#N/A,#N/A,#N/A,#N/A,#N/A,#N/A,#N/A,#N/A,#N/A
YML077W,#N/A,#N/A,#N/A,#N/A,#N/A,#N/A,#N/A,#N/A,#N/A,#N/A,#N/A,#N/A,#N/A,#N/A
YML082W,#N/A,#N/A,#N/A,#N/A,#N/A,#N/A,#N/A,#N/A,#N/A,#N/A,#N/A,#N/A,#N/A,#N/A
YML088W,#N/A,#N/A,#N/A,#N/A,#N/A,#N/A,#N/A,#N/A,#N/A,#N/A,#N/A,#N/A,#N/A,#N/A
YML096W,#N/A,#N/A,#N/A,#N/A,#N/A,#N/A,#N/A,#N/A,#N/A,#N/A,#N/A,#N/A,#N/A,#N/A
YML101C,#N/A,#N/A,#N/A,#N/A,#N/A,#N/A,#N/A,#N/A,#N/A,#N/A,#N/A,#N/A,#N/A,#N/A
YML102W,#N/A,#N/A,#N/A,#N/A,#N/A,#N/A,#N/A,#N/A,#N/A,#N/A,#N/A,#N/A,#N/A,#N/A
YML108W,#N/A,#N/A,#N/A,#N/A,#N/A,#N/A,#N/A,#N/A,#N/A,#N/A,#N/A,#N/A,#N/A,#N/A
YML109W,#N/A,#N/A,#N/A,#N/A,#N/A,#N/A,#N/A,#N/A,#N/A,#N/A,#N/A,#N/A,#N/A,#N/A
YML114C,#N/A,#N/A,#N/A,#N/A,#N/A,#N/A,#N/A,#N/A,#N/A,#N/A,#N/A,#N/A,#N/A,#N/A
YML121W,#N/A,#N/A,#N/A,#N/A,#N/A,#N/A,#N/A,#N/A,#N/A,#N/A,#N/A,#N/A,#N/A,#N/A
YMR002W,#N/A,#N/A,#N/A,#N/A,#N/A,#N/A,#N/A,#N/A,#N/A,#N/A,#N/A,#N/A,#N/A,#N/A
YMR003W,#N/A,#N/A,#N/A,#N/A,#N/A,#N/A,#N/A,#N/A,#N/A,#N/A,#N/A,#N/A,#N/A,#N/A
YMR006C,#N/A,#N/A,#N/A,#N/A,#N/A,#N/A,#N/A,#N/A,#N/A,#N/A,#N/A,#N/A,#N/A,#N/A
YMR020W,#N/A,#N/A,#N/A,#N/A,#N/A,#N/A,#N/A,#N/A,#N/A,#N/A,#N/A,#N/A,#N/A,#N/A
YMR022W,#N/A,#N/A,#N/A,#N/A,#N/A,#N/A,#N/A,#N/A,#N/A,#N/A,#N/A,#N/A,#N/A,#N/A
YMR026C,#N/A,#N/A,#N/A,#N/A,#N/A,#N/A,#N/A,#N/A,#N/A,#N/A,#N/A,#N/A,#N/A,#N/A
YMR037C,#N/A,#N/A,#N/A,#N/A,#N/A,#N/A,#N/A,#N/A,#N/A,#N/A,#N/A,#N/A,#N/A,#N/A
YMR044W,#N/A,#N/A,#N/A,#N/A,#N/A,#N/A,#N/A,#N/A,#N/A,#N/A,#N/A,#N/A,#N/A,#N/A
YMR048W,#N/A,#N/A,#N/A,#N/A,#N/A,#N/A,#N/A,#N/A,#N/A,#N/A,#N/A,#N/A,#N/A,#N/A
YMR059W,#N/A,#N/A,#N/A,#N/A,#N/A,#N/A,#N/A,#N/A,#N/A,#N/A,#N/A,#N/A,#N/A,#N/A
YMR064W,#N/A,#N/A,#N/A,#N/A,#N/A,#N/A,#N/A,#N/A,#N/A,#N/A,#N/A,#N/A,#N/A,#N/A
YMR066W,#N/A,#N/A,#N/A,#N/A,#N/A,#N/A,#N/A,#N/A,#N/A,#N/A,#N/A,#N/A,#N/A,#N/A
YMR070W,#N/A,#N/A,#N/A,#N/A,#N/A,#N/A,#N/A,#N/A,#N/A,#N/A,#N/A,#N/A,#N/A,#N/A
YMR073C,#N/A,#N/A,#N/A,#N/A,#N/A,#N/A,#N/A,#N/A,#N/A,#N/A,#N/A,#N/A,#N/A,#N/A
YMR075W,#N/A,#N/A,#N/A,#N/A,#N/A,#N/A,#N/A,#N/A,#N/A,#N/A,#N/A,#N/A,#N/A,#N/A
YMR077C,#N/A,#N/A,#N/A,#N/A,#N/A,#N/A,#N/A,#N/A,#N/A,#N/A,#N/A,#N/A,#N/A,#N/A
YMR078C,#N/A,#N/A,#N/A,#N/A,#N/A,#N/A,#N/A,#N/A,#N/A,#N/A,#N/A,#N/A,#N/A,#N/A
YMR097C,#N/A,#N/A,#N/A,#N/A,#N/A,#N/A,#N/A,#N/A,#N/A,#N/A,#N/A,#N/A,#N/A,#N/A
YMR098C,#N/A,#N/A,#N/A,#N/A,#N/A,#N/A,#N/A,#N/A,#N/A,#N/A,#N/A,#N/A,#N/A,#N/A
YMR102C,#N/A,#N/A,#N/A,#N/A,#N/A,#N/A,#N/A,#N/A,#N/A,#N/A,#N/A,#N/A,#N/A,#N/A
YMR113W,#N/A,#N/A,#N/A,#N/A,#N/A,#N/A,#N/A,#N/A,#N/A,#N/A,#N/A,#N/A,#N/A,#N/A
YMR114C,#N/A,#N/A,#N/A,#N/A,#N/A,#N/A,#N/A,#N/A,#N/A,#N/A,#N/A,#N/A,#N/A,#N/A
YMR117C,#N/A,#N/A,#N/A,#N/A,#N/A,#N/A,#N/A,#N/A,#N/A,#N/A,#N/A,#N/A,#N/A,#N/A
YMR132C,#N/A,#N/A,#N/A,#N/A,#N/A,#N/A,#N/A,#N/A,#N/A,#N/A,#N/A,#N/A,#N/A,#N/A
YMR134W,#N/A,#N/A,#N/A,#N/A,#N/A,#N/A,#N/A,#N/A,#N/A,#N/A,#N/A,#N/A,#N/A,#N/A
YMR147W,#N/A,#N/A,#N/A,#N/A,#N/A,#N/A,#N/A,#N/A,#N/A,#N/A,#N/A,#N/A,#N/A,#N/A
YMR148W,#N/A,#N/A,#N/A,#N/A,#N/A,#N/A,#N/A,#N/A,#N/A,#N/A,#N/A,#N/A,#N/A,#N/A
YMR160W,#N/A,#N/A,#N/A,#N/A,#N/A,#N/A,#N/A,#N/A,#N/A,#N/A,#N/A,#N/A,#N/A,#N/A
YMR162C,#N/A,#N/A,#N/A,#N/A,#N/A,#N/A,#N/A,#N/A,#N/A,#N/A,#N/A,#N/A,#N/A,#N/A
YMR167W,#N/A,#N/A,#N/A,#N/A,#N/A,#N/A,#N/A,#N/A,#N/A,#N/A,#N/A,#N/A,#N/A,#N/A
YMR171C,#N/A,#N/A,#N/A,#N/A,#N/A,#N/A,#N/A,#N/A,#N/A,#N/A,#N/A,#N/A,#N/A,#N/A
YMR174C,#N/A,#N/A,#N/A,#N/A,#N/A,#N/A,#N/A,#N/A,#N/A,#N/A,#N/A,#N/A,#N/A,#N/A
YMR184W,#N/A,#N/A,#N/A,#N/A,#N/A,#N/A,#N/A,#N/A,#N/A,#N/A,#N/A,#N/A,#N/A,#N/A
YMR194C-B,#N/A,#N/A,#N/A,#N/A,#N/A,#N/A,#N/A,#N/A,#N/A,#N/A,#N/A,#N/A,#N/A,#N/A
YMR198W,#N/A,#N/A,#N/A,#N/A,#N/A,#N/A,#N/A,#N/A,#N/A,#N/A,#N/A,#N/A,#N/A,#N/A
YMR200W,#N/A,#N/A,#N/A,#N/A,#N/A,#N/A,#N/A,#N/A,#N/A,#N/A,#N/A,#N/A,#N/A,#N/A
YMR201C,#N/A,#N/A,#N/A,#N/A,#N/A,#N/A,#N/A,#N/A,#N/A,#N/A,#N/A,#N/A,#N/A,#N/A
YMR209C,#N/A,#N/A,#N/A,#N/A,#N/A,#N/A,#N/A,#N/A,#N/A,#N/A,#N/A,#N/A,#N/A,#N/A
YMR210W,#N/A,#N/A,#N/A,#N/A,#N/A,#N/A,#N/A,#N/A,#N/A,#N/A,#N/A,#N/A,#N/A,#N/A
YMR211W,#N/A,#N/A,#N/A,#N/A,#N/A,#N/A,#N/A,#N/A,#N/A,#N/A,#N/A,#N/A,#N/A,#N/A
YMR213W,#N/A,#N/A,#N/A,#N/A,#N/A,#N/A,#N/A,#N/A,#N/A,#N/A,#N/A,#N/A,#N/A,#N/A
YMR218C,#N/A,#N/A,#N/A,#N/A,#N/A,#N/A,#N/A,#N/A,#N/A,#N/A,#N/A,#N/A,#N/A,#N/A
YMR219W,#N/A,#N/A,#N/A,#N/A,#N/A,#N/A,#N/A,#N/A,#N/A,#N/A,#N/A,#N/A,#N/A,#N/A
YMR224C,#N/A,#N/A,#N/A,#N/A,#N/A,#N/A,#N/A,#N/A,#N/A,#N/A,#N/A,#N/A,#N/A,#N/A
YMR227C,#N/A,#N/A,#N/A,#N/A,#N/A,#N/A,#N/A,#N/A,#N/A,#N/A,#N/A,#N/A,#N/A,#N/A
YMR239C,#N/A,#N/A,#N/A,#N/A,#N/A,#N/A,#N/A,#N/A,#N/A,#N/A,#N/A,#N/A,#N/A,#N/A
YMR240C,#N/A,#N/A,#N/A,#N/A,#N/A,#N/A,#N/A,#N/A,#N/A,#N/A,#N/A,#N/A,#N/A,#N/A
YMR253C,#N/A,#N/A,#N/A,#N/A,#N/A,#N/A,#N/A,#N/A,#N/A,#N/A,#N/A,#N/A,#N/A,#N/A
YMR255W,#N/A,#N/A,#N/A,#N/A,#N/A,#N/A,#N/A,#N/A,#N/A,#N/A,#N/A,#N/A,#N/A,#N/A
YMR258C,#N/A,#N/A,#N/A,#N/A,#N/A,#N/A,#N/A,#N/A,#N/A,#N/A,#N/A,#N/A,#N/A,#N/A
YMR263W,#N/A,#N/A,#N/A,#N/A,#N/A,#N/A,#N/A,#N/A,#N/A,#N/A,#N/A,#N/A,#N/A,#N/A
YMR273C,#N/A,#N/A,#N/A,#N/A,#N/A,#N/A,#N/A,#N/A,#N/A,#N/A,#N/A,#N/A,#N/A,#N/A
YMR277W,#N/A,#N/A,#N/A,#N/A,#N/A,#N/A,#N/A,#N/A,#N/A,#N/A,#N/A,#N/A,#N/A,#N/A
YMR281W,#N/A,#N/A,#N/A,#N/A,#N/A,#N/A,#N/A,#N/A,#N/A,#N/A,#N/A,#N/A,#N/A,#N/A
YMR287C,#N/A,#N/A,#N/A,#N/A,#N/A,#N/A,#N/A,#N/A,#N/A,#N/A,#N/A,#N/A,#N/A,#N/A
YMR291W,#N/A,#N/A,#N/A,#N/A,#N/A,#N/A,#N/A,#N/A,#N/A,#N/A,#N/A,#N/A,#N/A,#N/A
YMR312W,#N/A,#N/A,#N/A,#N/A,#N/A,#N/A,#N/A,#N/A,#N/A,#N/A,#N/A,#N/A,#N/A,#N/A
YNL003C,#N/A,#N/A,#N/A,#N/A,#N/A,#N/A,#N/A,#N/A,#N/A,#N/A,#N/A,#N/A,#N/A,#N/A
YNL021W,#N/A,#N/A,#N/A,#N/A,#N/A,#N/A,#N/A,#N/A,#N/A,#N/A,#N/A,#N/A,#N/A,#N/A
YNL023C,#N/A,#N/A,#N/A,#N/A,#N/A,#N/A,#N/A,#N/A,#N/A,#N/A,#N/A,#N/A,#N/A,#N/A
YNL024C-A,#N/A,#N/A,#N/A,#N/A,#N/A,#N/A,#N/A,#N/A,#N/A,#N/A,#N/A,#N/A,#N/A,#N/A
YNL039W,#N/A,#N/A,#N/A,#N/A,#N/A,#N/A,#N/A,#N/A,#N/A,#N/A,#N/A,#N/A,#N/A,#N/A
YNL047C,#N/A,#N/A,#N/A,#N/A,#N/A,#N/A,#N/A,#N/A,#N/A,#N/A,#N/A,#N/A,#N/A,#N/A
YNL051W,#N/A,#N/A,#N/A,#N/A,#N/A,#N/A,#N/A,#N/A,#N/A,#N/A,#N/A,#N/A,#N/A,#N/A
YNL070W,#N/A,#N/A,#N/A,#N/A,#N/A,#N/A,#N/A,#N/A,#N/A,#N/A,#N/A,#N/A,#N/A,#N/A
YNL072W,#N/A,#N/A,#N/A,#N/A,#N/A,#N/A,#N/A,#N/A,#N/A,#N/A,#N/A,#N/A,#N/A,#N/A
YNL076W,#N/A,#N/A,#N/A,#N/A,#N/A,#N/A,#N/A,#N/A,#N/A,#N/A,#N/A,#N/A,#N/A,#N/A
YNL080C,#N/A,#N/A,#N/A,#N/A,#N/A,#N/A,#N/A,#N/A,#N/A,#N/A,#N/A,#N/A,#N/A,#N/A
YNL081C,#N/A,#N/A,#N/A,#N/A,#N/A,#N/A,#N/A,#N/A,#N/A,#N/A,#N/A,#N/A,#N/A,#N/A
YNL091W,#N/A,#N/A,#N/A,#N/A,#N/A,#N/A,#N/A,#N/A,#N/A,#N/A,#N/A,#N/A,#N/A,#N/A
YNL094W,#N/A,#N/A,#N/A,#N/A,#N/A,#N/A,#N/A,#N/A,#N/A,#N/A,#N/A,#N/A,#N/A,#N/A
YNL101W,#N/A,#N/A,#N/A,#N/A,#N/A,#N/A,#N/A,#N/A,#N/A,#N/A,#N/A,#N/A,#N/A,#N/A
YNL106C,#N/A,#N/A,#N/A,#N/A,#N/A,#N/A,#N/A,#N/A,#N/A,#N/A,#N/A,#N/A,#N/A,#N/A
YNL116W,#N/A,#N/A,#N/A,#N/A,#N/A,#N/A,#N/A,#N/A,#N/A,#N/A,#N/A,#N/A,#N/A,#N/A
YNL124W,#N/A,#N/A,#N/A,#N/A,#N/A,#N/A,#N/A,#N/A,#N/A,#N/A,#N/A,#N/A,#N/A,#N/A
YNL126W,#N/A,#N/A,#N/A,#N/A,#N/A,#N/A,#N/A,#N/A,#N/A,#N/A,#N/A,#N/A,#N/A,#N/A
YNL127W,#N/A,#N/A,#N/A,#N/A,#N/A,#N/A,#N/A,#N/A,#N/A,#N/A,#N/A,#N/A,#N/A,#N/A
YNL129W,#N/A,#N/A,#N/A,#N/A,#N/A,#N/A,#N/A,#N/A,#N/A,#N/A,#N/A,#N/A,#N/A,#N/A
YNL130C,#N/A,#N/A,#N/A,#N/A,#N/A,#N/A,#N/A,#N/A,#N/A,#N/A,#N/A,#N/A,#N/A,#N/A
YNL133C,#N/A,#N/A,#N/A,#N/A,#N/A,#N/A,#N/A,#N/A,#N/A,#N/A,#N/A,#N/A,#N/A,#N/A
YNL148C,#N/A,#N/A,#N/A,#N/A,#N/A,#N/A,#N/A,#N/A,#N/A,#N/A,#N/A,#N/A,#N/A,#N/A
YNL151C,#N/A,#N/A,#N/A,#N/A,#N/A,#N/A,#N/A,#N/A,#N/A,#N/A,#N/A,#N/A,#N/A,#N/A
YNL152W,#N/A,#N/A,#N/A,#N/A,#N/A,#N/A,#N/A,#N/A,#N/A,#N/A,#N/A,#N/A,#N/A,#N/A
YNL158W,#N/A,#N/A,#N/A,#N/A,#N/A,#N/A,#N/A,#N/A,#N/A,#N/A,#N/A,#N/A,#N/A,#N/A
YNL167C,#N/A,#N/A,#N/A,#N/A,#N/A,#N/A,#N/A,#N/A,#N/A,#N/A,#N/A,#N/A,#N/A,#N/A
YNL201C,#N/A,#N/A,#N/A,#N/A,#N/A,#N/A,#N/A,#N/A,#N/A,#N/A,#N/A,#N/A,#N/A,#N/A
YNL215W,#N/A,#N/A,#N/A,#N/A,#N/A,#N/A,#N/A,#N/A,#N/A,#N/A,#N/A,#N/A,#N/A,#N/A
YNL221C,#N/A,#N/A,#N/A,#N/A,#N/A,#N/A,#N/A,#N/A,#N/A,#N/A,#N/A,#N/A,#N/A,#N/A
YNL223W,#N/A,#N/A,#N/A,#N/A,#N/A,#N/A,#N/A,#N/A,#N/A,#N/A,#N/A,#N/A,#N/A,#N/A
YNL224C,#N/A,#N/A,#N/A,#N/A,#N/A,#N/A,#N/A,#N/A,#N/A,#N/A,#N/A,#N/A,#N/A,#N/A
YNL225C,#N/A,#N/A,#N/A,#N/A,#N/A,#N/A,#N/A,#N/A,#N/A,#N/A,#N/A,#N/A,#N/A,#N/A
YNL236W,#N/A,#N/A,#N/A,#N/A,#N/A,#N/A,#N/A,#N/A,#N/A,#N/A,#N/A,#N/A,#N/A,#N/A
YNL238W,#N/A,#N/A,#N/A,#N/A,#N/A,#N/A,#N/A,#N/A,#N/A,#N/A,#N/A,#N/A,#N/A,#N/A
YNL242W,#N/A,#N/A,#N/A,#N/A,#N/A,#N/A,#N/A,#N/A,#N/A,#N/A,#N/A,#N/A,#N/A,#N/A
YNL245C,#N/A,#N/A,#N/A,#N/A,#N/A,#N/A,#N/A,#N/A,#N/A,#N/A,#N/A,#N/A,#N/A,#N/A
YNL246W,#N/A,#N/A,#N/A,#N/A,#N/A,#N/A,#N/A,#N/A,#N/A,#N/A,#N/A,#N/A,#N/A,#N/A
YNL253W,#N/A,#N/A,#N/A,#N/A,#N/A,#N/A,#N/A,#N/A,#N/A,#N/A,#N/A,#N/A,#N/A,#N/A
YNL257C,#N/A,#N/A,#N/A,#N/A,#N/A,#N/A,#N/A,#N/A,#N/A,#N/A,#N/A,#N/A,#N/A,#N/A
YNL259C,#N/A,#N/A,#N/A,#N/A,#N/A,#N/A,#N/A,#N/A,#N/A,#N/A,#N/A,#N/A,#N/A,#N/A
YNL261W,#N/A,#N/A,#N/A,#N/A,#N/A,#N/A,#N/A,#N/A,#N/A,#N/A,#N/A,#N/A,#N/A,#N/A
YNL264C,#N/A,#N/A,#N/A,#N/A,#N/A,#N/A,#N/A,#N/A,#N/A,#N/A,#N/A,#N/A,#N/A,#N/A
YNL271C,#N/A,#N/A,#N/A,#N/A,#N/A,#N/A,#N/A,#N/A,#N/A,#N/A,#N/A,#N/A,#N/A,#N/A
YNL280C,#N/A,#N/A,#N/A,#N/A,#N/A,#N/A,#N/A,#N/A,#N/A,#N/A,#N/A,#N/A,#N/A,#N/A
YNL286W,#N/A,#N/A,#N/A,#N/A,#N/A,#N/A,#N/A,#N/A,#N/A,#N/A,#N/A,#N/A,#N/A,#N/A
YNL305C,#N/A,#N/A,#N/A,#N/A,#N/A,#N/A,#N/A,#N/A,#N/A,#N/A,#N/A,#N/A,#N/A,#N/A
YNL309W,#N/A,#N/A,#N/A,#N/A,#N/A,#N/A,#N/A,#N/A,#N/A,#N/A,#N/A,#N/A,#N/A,#N/A
YNL311C,#N/A,#N/A,#N/A,#N/A,#N/A,#N/A,#N/A,#N/A,#N/A,#N/A,#N/A,#N/A,#N/A,#N/A
YNL317W,#N/A,#N/A,#N/A,#N/A,#N/A,#N/A,#N/A,#N/A,#N/A,#N/A,#N/A,#N/A,#N/A,#N/A
YNL320W,#N/A,#N/A,#N/A,#N/A,#N/A,#N/A,#N/A,#N/A,#N/A,#N/A,#N/A,#N/A,#N/A,#N/A
YNL325C,#N/A,#N/A,#N/A,#N/A,#N/A,#N/A,#N/A,#N/A,#N/A,#N/A,#N/A,#N/A,#N/A,#N/A
YNL329C,#N/A,#N/A,#N/A,#N/A,#N/A,#N/A,#N/A,#N/A,#N/A,#N/A,#N/A,#N/A,#N/A,#N/A
YNL333W,#N/A,#N/A,#N/A,#N/A,#N/A,#N/A,#N/A,#N/A,#N/A,#N/A,#N/A,#N/A,#N/A,#N/A
YNR008W,#N/A,#N/A,#N/A,#N/A,#N/A,#N/A,#N/A,#N/A,#N/A,#N/A,#N/A,#N/A,#N/A,#N/A
YNR023W,#N/A,#N/A,#N/A,#N/A,#N/A,#N/A,#N/A,#N/A,#N/A,#N/A,#N/A,#N/A,#N/A,#N/A
YNR024W,#N/A,#N/A,#N/A,#N/A,#N/A,#N/A,#N/A,#N/A,#N/A,#N/A,#N/A,#N/A,#N/A,#N/A
YNR027W,#N/A,#N/A,#N/A,#N/A,#N/A,#N/A,#N/A,#N/A,#N/A,#N/A,#N/A,#N/A,#N/A,#N/A
YNR028W,#N/A,#N/A,#N/A,#N/A,#N/A,#N/A,#N/A,#N/A,#N/A,#N/A,#N/A,#N/A,#N/A,#N/A
YNR031C,#N/A,#N/A,#N/A,#N/A,#N/A,#N/A,#N/A,#N/A,#N/A,#N/A,#N/A,#N/A,#N/A,#N/A
YNR032C-A,#N/A,#N/A,#N/A,#N/A,#N/A,#N/A,#N/A,#N/A,#N/A,#N/A,#N/A,#N/A,#N/A,#N/A
YNR032W,#N/A,#N/A,#N/A,#N/A,#N/A,#N/A,#N/A,#N/A,#N/A,#N/A,#N/A,#N/A,#N/A,#N/A
YNR045W,#N/A,#N/A,#N/A,#N/A,#N/A,#N/A,#N/A,#N/A,#N/A,#N/A,#N/A,#N/A,#N/A,#N/A
YNR048W,#N/A,#N/A,#N/A,#N/A,#N/A,#N/A,#N/A,#N/A,#N/A,#N/A,#N/A,#N/A,#N/A,#N/A
YNR052C,#N/A,#N/A,#N/A,#N/A,#N/A,#N/A,#N/A,#N/A,#N/A,#N/A,#N/A,#N/A,#N/A,#N/A
YNR054C,#N/A,#N/A,#N/A,#N/A,#N/A,#N/A,#N/A,#N/A,#N/A,#N/A,#N/A,#N/A,#N/A,#N/A
YNR066C,#N/A,#N/A,#N/A,#N/A,#N/A,#N/A,#N/A,#N/A,#N/A,#N/A,#N/A,#N/A,#N/A,#N/A
YNR068C,#N/A,#N/A,#N/A,#N/A,#N/A,#N/A,#N/A,#N/A,#N/A,#N/A,#N/A,#N/A,#N/A,#N/A
YOL006C,#N/A,#N/A,#N/A,#N/A,#N/A,#N/A,#N/A,#N/A,#N/A,#N/A,#N/A,#N/A,#N/A,#N/A
YOL008W,#N/A,#N/A,#N/A,#N/A,#N/A,#N/A,#N/A,#N/A,#N/A,#N/A,#N/A,#N/A,#N/A,#N/A
YOL009C,#N/A,#N/A,#N/A,#N/A,#N/A,#N/A,#N/A,#N/A,#N/A,#N/A,#N/A,#N/A,#N/A,#N/A
YOL014W,#N/A,#N/A,#N/A,#N/A,#N/A,#N/A,#N/A,#N/A,#N/A,#N/A,#N/A,#N/A,#N/A,#N/A
YOL018C,#N/A,#N/A,#N/A,#N/A,#N/A,#N/A,#N/A,#N/A,#N/A,#N/A,#N/A,#N/A,#N/A,#N/A
YOL025W,#N/A,#N/A,#N/A,#N/A,#N/A,#N/A,#N/A,#N/A,#N/A,#N/A,#N/A,#N/A,#N/A,#N/A
YOL032W,#N/A,#N/A,#N/A,#N/A,#N/A,#N/A,#N/A,#N/A,#N/A,#N/A,#N/A,#N/A,#N/A,#N/A
YOL034W,#N/A,#N/A,#N/A,#N/A,#N/A,#N/A,#N/A,#N/A,#N/A,#N/A,#N/A,#N/A,#N/A,#N/A
YOL042W,#N/A,#N/A,#N/A,#N/A,#N/A,#N/A,#N/A,#N/A,#N/A,#N/A,#N/A,#N/A,#N/A,#N/A
YOL054W,#N/A,#N/A,#N/A,#N/A,#N/A,#N/A,#N/A,#N/A,#N/A,#N/A,#N/A,#N/A,#N/A,#N/A
YOL055C,#N/A,#N/A,#N/A,#N/A,#N/A,#N/A,#N/A,#N/A,#N/A,#N/A,#N/A,#N/A,#N/A,#N/A
YOL065C,#N/A,#N/A,#N/A,#N/A,#N/A,#N/A,#N/A,#N/A,#N/A,#N/A,#N/A,#N/A,#N/A,#N/A
YOL067C,#N/A,#N/A,#N/A,#N/A,#N/A,#N/A,#N/A,#N/A,#N/A,#N/A,#N/A,#N/A,#N/A,#N/A
YOL068C,#N/A,#N/A,#N/A,#N/A,#N/A,#N/A,#N/A,#N/A,#N/A,#N/A,#N/A,#N/A,#N/A,#N/A
YOL073C,#N/A,#N/A,#N/A,#N/A,#N/A,#N/A,#N/A,#N/A,#N/A,#N/A,#N/A,#N/A,#N/A,#N/A
YOL080C,#N/A,#N/A,#N/A,#N/A,#N/A,#N/A,#N/A,#N/A,#N/A,#N/A,#N/A,#N/A,#N/A,#N/A
YOL081W,#N/A,#N/A,#N/A,#N/A,#N/A,#N/A,#N/A,#N/A,#N/A,#N/A,#N/A,#N/A,#N/A,#N/A
YOL086W-A,#N/A,#N/A,#N/A,#N/A,#N/A,#N/A,#N/A,#N/A,#N/A,#N/A,#N/A,#N/A,#N/A,#N/A
YOL087C,#N/A,#N/A,#N/A,#N/A,#N/A,#N/A,#N/A,#N/A,#N/A,#N/A,#N/A,#N/A,#N/A,#N/A
YOL090W,#N/A,#N/A,#N/A,#N/A,#N/A,#N/A,#N/A,#N/A,#N/A,#N/A,#N/A,#N/A,#N/A,#N/A
YOL096C,#N/A,#N/A,#N/A,#N/A,#N/A,#N/A,#N/A,#N/A,#N/A,#N/A,#N/A,#N/A,#N/A,#N/A
YOL100W,#N/A,#N/A,#N/A,#N/A,#N/A,#N/A,#N/A,#N/A,#N/A,#N/A,#N/A,#N/A,#N/A,#N/A
YOL107W,#N/A,#N/A,#N/A,#N/A,#N/A,#N/A,#N/A,#N/A,#N/A,#N/A,#N/A,#N/A,#N/A,#N/A
YOL122C,#N/A,#N/A,#N/A,#N/A,#N/A,#N/A,#N/A,#N/A,#N/A,#N/A,#N/A,#N/A,#N/A,#N/A
YOL125W,#N/A,#N/A,#N/A,#N/A,#N/A,#N/A,#N/A,#N/A,#N/A,#N/A,#N/A,#N/A,#N/A,#N/A
YOL129W,#N/A,#N/A,#N/A,#N/A,#N/A,#N/A,#N/A,#N/A,#N/A,#N/A,#N/A,#N/A,#N/A,#N/A
YOL130W,#N/A,#N/A,#N/A,#N/A,#N/A,#N/A,#N/A,#N/A,#N/A,#N/A,#N/A,#N/A,#N/A,#N/A
YOL133W,#N/A,#N/A,#N/A,#N/A,#N/A,#N/A,#N/A,#N/A,#N/A,#N/A,#N/A,#N/A,#N/A,#N/A
YOL135C,#N/A,#N/A,#N/A,#N/A,#N/A,#N/A,#N/A,#N/A,#N/A,#N/A,#N/A,#N/A,#N/A,#N/A
YOL146W,#N/A,#N/A,#N/A,#N/A,#N/A,#N/A,#N/A,#N/A,#N/A,#N/A,#N/A,#N/A,#N/A,#N/A
YOL154W,#N/A,#N/A,#N/A,#N/A,#N/A,#N/A,#N/A,#N/A,#N/A,#N/A,#N/A,#N/A,#N/A,#N/A
YOL158C,#N/A,#N/A,#N/A,#N/A,#N/A,#N/A,#N/A,#N/A,#N/A,#N/A,#N/A,#N/A,#N/A,#N/A
YOR006C,#N/A,#N/A,#N/A,#N/A,#N/A,#N/A,#N/A,#N/A,#N/A,#N/A,#N/A,#N/A,#N/A,#N/A
YOR018W,#N/A,#N/A,#N/A,#N/A,#N/A,#N/A,#N/A,#N/A,#N/A,#N/A,#N/A,#N/A,#N/A,#N/A
YOR020W-A,#N/A,#N/A,#N/A,#N/A,#N/A,#N/A,#N/A,#N/A,#N/A,#N/A,#N/A,#N/A,#N/A,#N/A
YOR022C,#N/A,#N/A,#N/A,#N/A,#N/A,#N/A,#N/A,#N/A,#N/A,#N/A,#N/A,#N/A,#N/A,#N/A
YOR026W,#N/A,#N/A,#N/A,#N/A,#N/A,#N/A,#N/A,#N/A,#N/A,#N/A,#N/A,#N/A,#N/A,#N/A
YOR037W,#N/A,#N/A,#N/A,#N/A,#N/A,#N/A,#N/A,#N/A,#N/A,#N/A,#N/A,#N/A,#N/A,#N/A
YOR038C,#N/A,#N/A,#N/A,#N/A,#N/A,#N/A,#N/A,#N/A,#N/A,#N/A,#N/A,#N/A,#N/A,#N/A
YOR040W,#N/A,#N/A,#N/A,#N/A,#N/A,#N/A,#N/A,#N/A,#N/A,#N/A,#N/A,#N/A,#N/A,#N/A
YOR045W,#N/A,#N/A,#N/A,#N/A,#N/A,#N/A,#N/A,#N/A,#N/A,#N/A,#N/A,#N/A,#N/A,#N/A
YOR052C,#N/A,#N/A,#N/A,#N/A,#N/A,#N/A,#N/A,#N/A,#N/A,#N/A,#N/A,#N/A,#N/A,#N/A
YOR059C,#N/A,#N/A,#N/A,#N/A,#N/A,#N/A,#N/A,#N/A,#N/A,#N/A,#N/A,#N/A,#N/A,#N/A
YOR067C,#N/A,#N/A,#N/A,#N/A,#N/A,#N/A,#N/A,#N/A,#N/A,#N/A,#N/A,#N/A,#N/A,#N/A
YOR070C,#N/A,#N/A,#N/A,#N/A,#N/A,#N/A,#N/A,#N/A,#N/A,#N/A,#N/A,#N/A,#N/A,#N/A
YOR075W,#N/A,#N/A,#N/A,#N/A,#N/A,#N/A,#N/A,#N/A,#N/A,#N/A,#N/A,#N/A,#N/A,#N/A
YOR076C,#N/A,#N/A,#N/A,#N/A,#N/A,#N/A,#N/A,#N/A,#N/A,#N/A,#N/A,#N/A,#N/A,#N/A
YOR090C,#N/A,#N/A,#N/A,#N/A,#N/A,#N/A,#N/A,#N/A,#N/A,#N/A,#N/A,#N/A,#N/A,#N/A
YOR100C,#N/A,#N/A,#N/A,#N/A,#N/A,#N/A,#N/A,#N/A,#N/A,#N/A,#N/A,#N/A,#N/A,#N/A
YOR106W,#N/A,#N/A,#N/A,#N/A,#N/A,#N/A,#N/A,#N/A,#N/A,#N/A,#N/A,#N/A,#N/A,#N/A
YOR111W,#N/A,#N/A,#N/A,#N/A,#N/A,#N/A,#N/A,#N/A,#N/A,#N/A,#N/A,#N/A,#N/A,#N/A
YOR113W,#N/A,#N/A,#N/A,#N/A,#N/A,#N/A,#N/A,#N/A,#N/A,#N/A,#N/A,#N/A,#N/A,#N/A
YOR118W,#N/A,#N/A,#N/A,#N/A,#N/A,#N/A,#N/A,#N/A,#N/A,#N/A,#N/A,#N/A,#N/A,#N/A
YOR130C,#N/A,#N/A,#N/A,#N/A,#N/A,#N/A,#N/A,#N/A,#N/A,#N/A,#N/A,#N/A,#N/A,#N/A
YOR137C,#N/A,#N/A,#N/A,#N/A,#N/A,#N/A,#N/A,#N/A,#N/A,#N/A,#N/A,#N/A,#N/A,#N/A
YOR143C,#N/A,#N/A,#N/A,#N/A,#N/A,#N/A,#N/A,#N/A,#N/A,#N/A,#N/A,#N/A,#N/A,#N/A
YOR147W,#N/A,#N/A,#N/A,#N/A,#N/A,#N/A,#N/A,#N/A,#N/A,#N/A,#N/A,#N/A,#N/A,#N/A
YOR152C,#N/A,#N/A,#N/A,#N/A,#N/A,#N/A,#N/A,#N/A,#N/A,#N/A,#N/A,#N/A,#N/A,#N/A
YOR161C,#N/A,#N/A,#N/A,#N/A,#N/A,#N/A,#N/A,#N/A,#N/A,#N/A,#N/A,#N/A,#N/A,#N/A
YOR162C,#N/A,#N/A,#N/A,#N/A,#N/A,#N/A,#N/A,#N/A,#N/A,#N/A,#N/A,#N/A,#N/A,#N/A
YOR174W,#N/A,#N/A,#N/A,#N/A,#N/A,#N/A,#N/A,#N/A,#N/A,#N/A,#N/A,#N/A,#N/A,#N/A
YOR175C,#N/A,#N/A,#N/A,#N/A,#N/A,#N/A,#N/A,#N/A,#N/A,#N/A,#N/A,#N/A,#N/A,#N/A
YOR179C,#N/A,#N/A,#N/A,#N/A,#N/A,#N/A,#N/A,#N/A,#N/A,#N/A,#N/A,#N/A,#N/A,#N/A
YOR188W,#N/A,#N/A,#N/A,#N/A,#N/A,#N/A,#N/A,#N/A,#N/A,#N/A,#N/A,#N/A,#N/A,#N/A
YOR191W,#N/A,#N/A,#N/A,#N/A,#N/A,#N/A,#N/A,#N/A,#N/A,#N/A,#N/A,#N/A,#N/A,#N/A
YOR205C,#N/A,#N/A,#N/A,#N/A,#N/A,#N/A,#N/A,#N/A,#N/A,#N/A,#N/A,#N/A,#N/A,#N/A
YOR219C,#N/A,#N/A,#N/A,#N/A,#N/A,#N/A,#N/A,#N/A,#N/A,#N/A,#N/A,#N/A,#N/A,#N/A
YOR223W,#N/A,#N/A,#N/A,#N/A,#N/A,#N/A,#N/A,#N/A,#N/A,#N/A,#N/A,#N/A,#N/A,#N/A
YOR226C,#N/A,#N/A,#N/A,#N/A,#N/A,#N/A,#N/A,#N/A,#N/A,#N/A,#N/A,#N/A,#N/A,#N/A
YOR228C,#N/A,#N/A,#N/A,#N/A,#N/A,#N/A,#N/A,#N/A,#N/A,#N/A,#N/A,#N/A,#N/A,#N/A
YOR238W,#N/A,#N/A,#N/A,#N/A,#N/A,#N/A,#N/A,#N/A,#N/A,#N/A,#N/A,#N/A,#N/A,#N/A
YOR244W,#N/A,#N/A,#N/A,#N/A,#N/A,#N/A,#N/A,#N/A,#N/A,#N/A,#N/A,#N/A,#N/A,#N/A
YOR266W,#N/A,#N/A,#N/A,#N/A,#N/A,#N/A,#N/A,#N/A,#N/A,#N/A,#N/A,#N/A,#N/A,#N/A
YOR275C,#N/A,#N/A,#N/A,#N/A,#N/A,#N/A,#N/A,#N/A,#N/A,#N/A,#N/A,#N/A,#N/A,#N/A
YOR297C,#N/A,#N/A,#N/A,#N/A,#N/A,#N/A,#N/A,#N/A,#N/A,#N/A,#N/A,#N/A,#N/A,#N/A
YOR299W,#N/A,#N/A,#N/A,#N/A,#N/A,#N/A,#N/A,#N/A,#N/A,#N/A,#N/A,#N/A,#N/A,#N/A
YOR301W,#N/A,#N/A,#N/A,#N/A,#N/A,#N/A,#N/A,#N/A,#N/A,#N/A,#N/A,#N/A,#N/A,#N/A
YOR304C-A,#N/A,#N/A,#N/A,#N/A,#N/A,#N/A,#N/A,#N/A,#N/A,#N/A,#N/A,#N/A,#N/A,#N/A
YOR307C,#N/A,#N/A,#N/A,#N/A,#N/A,#N/A,#N/A,#N/A,#N/A,#N/A,#N/A,#N/A,#N/A,#N/A
YOR308C,#N/A,#N/A,#N/A,#N/A,#N/A,#N/A,#N/A,#N/A,#N/A,#N/A,#N/A,#N/A,#N/A,#N/A
YOR327C,#N/A,#N/A,#N/A,#N/A,#N/A,#N/A,#N/A,#N/A,#N/A,#N/A,#N/A,#N/A,#N/A,#N/A
YOR329C,#N/A,#N/A,#N/A,#N/A,#N/A,#N/A,#N/A,#N/A,#N/A,#N/A,#N/A,#N/A,#N/A,#N/A
YOR334W,#N/A,#N/A,#N/A,#N/A,#N/A,#N/A,#N/A,#N/A,#N/A,#N/A,#N/A,#N/A,#N/A,#N/A
YOR336W,#N/A,#N/A,#N/A,#N/A,#N/A,#N/A,#N/A,#N/A,#N/A,#N/A,#N/A,#N/A,#N/A,#N/A
YOR348C,#N/A,#N/A,#N/A,#N/A,#N/A,#N/A,#N/A,#N/A,#N/A,#N/A,#N/A,#N/A,#N/A,#N/A
YOR358W,#N/A,#N/A,#N/A,#N/A,#N/A,#N/A,#N/A,#N/A,#N/A,#N/A,#N/A,#N/A,#N/A,#N/A
YOR360C,#N/A,#N/A,#N/A,#N/A,#N/A,#N/A,#N/A,#N/A,#N/A,#N/A,#N/A,#N/A,#N/A,#N/A
YOR367W,#N/A,#N/A,#N/A,#N/A,#N/A,#N/A,#N/A,#N/A,#N/A,#N/A,#N/A,#N/A,#N/A,#N/A
YOR371C,#N/A,#N/A,#N/A,#N/A,#N/A,#N/A,#N/A,#N/A,#N/A,#N/A,#N/A,#N/A,#N/A,#N/A
YOR373W,#N/A,#N/A,#N/A,#N/A,#N/A,#N/A,#N/A,#N/A,#N/A,#N/A,#N/A,#N/A,#N/A,#N/A
YOR384W,#N/A,#N/A,#N/A,#N/A,#N/A,#N/A,#N/A,#N/A,#N/A,#N/A,#N/A,#N/A,#N/A,#N/A
YPL007C,#N/A,#N/A,#N/A,#N/A,#N/A,#N/A,#N/A,#N/A,#N/A,#N/A,#N/A,#N/A,#N/A,#N/A
YPL011C,#N/A,#N/A,#N/A,#N/A,#N/A,#N/A,#N/A,#N/A,#N/A,#N/A,#N/A,#N/A,#N/A,#N/A
YPL015C,#N/A,#N/A,#N/A,#N/A,#N/A,#N/A,#N/A,#N/A,#N/A,#N/A,#N/A,#N/A,#N/A,#N/A
YPL020C,#N/A,#N/A,#N/A,#N/A,#N/A,#N/A,#N/A,#N/A,#N/A,#N/A,#N/A,#N/A,#N/A,#N/A
YPL030W,#N/A,#N/A,#N/A,#N/A,#N/A,#N/A,#N/A,#N/A,#N/A,#N/A,#N/A,#N/A,#N/A,#N/A
YPL045W,#N/A,#N/A,#N/A,#N/A,#N/A,#N/A,#N/A,#N/A,#N/A,#N/A,#N/A,#N/A,#N/A,#N/A
YPL046C,#N/A,#N/A,#N/A,#N/A,#N/A,#N/A,#N/A,#N/A,#N/A,#N/A,#N/A,#N/A,#N/A,#N/A
YPL055C,#N/A,#N/A,#N/A,#N/A,#N/A,#N/A,#N/A,#N/A,#N/A,#N/A,#N/A,#N/A,#N/A,#N/A
YPL057C,#N/A,#N/A,#N/A,#N/A,#N/A,#N/A,#N/A,#N/A,#N/A,#N/A,#N/A,#N/A,#N/A,#N/A
YPL065W,#N/A,#N/A,#N/A,#N/A,#N/A,#N/A,#N/A,#N/A,#N/A,#N/A,#N/A,#N/A,#N/A,#N/A
YPL067C,#N/A,#N/A,#N/A,#N/A,#N/A,#N/A,#N/A,#N/A,#N/A,#N/A,#N/A,#N/A,#N/A,#N/A
YPL072W,#N/A,#N/A,#N/A,#N/A,#N/A,#N/A,#N/A,#N/A,#N/A,#N/A,#N/A,#N/A,#N/A,#N/A
YPL083C,#N/A,#N/A,#N/A,#N/A,#N/A,#N/A,#N/A,#N/A,#N/A,#N/A,#N/A,#N/A,#N/A,#N/A
YPL096W,#N/A,#N/A,#N/A,#N/A,#N/A,#N/A,#N/A,#N/A,#N/A,#N/A,#N/A,#N/A,#N/A,#N/A
YPL098C,#N/A,#N/A,#N/A,#N/A,#N/A,#N/A,#N/A,#N/A,#N/A,#N/A,#N/A,#N/A,#N/A,#N/A
YPL103C,#N/A,#N/A,#N/A,#N/A,#N/A,#N/A,#N/A,#N/A,#N/A,#N/A,#N/A,#N/A,#N/A,#N/A
YPL108W,#N/A,#N/A,#N/A,#N/A,#N/A,#N/A,#N/A,#N/A,#N/A,#N/A,#N/A,#N/A,#N/A,#N/A
YPL109C,#N/A,#N/A,#N/A,#N/A,#N/A,#N/A,#N/A,#N/A,#N/A,#N/A,#N/A,#N/A,#N/A,#N/A
YPL113C,#N/A,#N/A,#N/A,#N/A,#N/A,#N/A,#N/A,#N/A,#N/A,#N/A,#N/A,#N/A,#N/A,#N/A
YPL115C,#N/A,#N/A,#N/A,#N/A,#N/A,#N/A,#N/A,#N/A,#N/A,#N/A,#N/A,#N/A,#N/A,#N/A
YPL120W,#N/A,#N/A,#N/A,#N/A,#N/A,#N/A,#N/A,#N/A,#N/A,#N/A,#N/A,#N/A,#N/A,#N/A
YPL122C,#N/A,#N/A,#N/A,#N/A,#N/A,#N/A,#N/A,#N/A,#N/A,#N/A,#N/A,#N/A,#N/A,#N/A
YPL123C,#N/A,#N/A,#N/A,#N/A,#N/A,#N/A,#N/A,#N/A,#N/A,#N/A,#N/A,#N/A,#N/A,#N/A
YPL124W,#N/A,#N/A,#N/A,#N/A,#N/A,#N/A,#N/A,#N/A,#N/A,#N/A,#N/A,#N/A,#N/A,#N/A
YPL138C,#N/A,#N/A,#N/A,#N/A,#N/A,#N/A,#N/A,#N/A,#N/A,#N/A,#N/A,#N/A,#N/A,#N/A
YPL144W,#N/A,#N/A,#N/A,#N/A,#N/A,#N/A,#N/A,#N/A,#N/A,#N/A,#N/A,#N/A,#N/A,#N/A
YPL147W,#N/A,#N/A,#N/A,#N/A,#N/A,#N/A,#N/A,#N/A,#N/A,#N/A,#N/A,#N/A,#N/A,#N/A
YPL151C,#N/A,#N/A,#N/A,#N/A,#N/A,#N/A,#N/A,#N/A,#N/A,#N/A,#N/A,#N/A,#N/A,#N/A
YPL152W,#N/A,#N/A,#N/A,#N/A,#N/A,#N/A,#N/A,#N/A,#N/A,#N/A,#N/A,#N/A,#N/A,#N/A
YPL155C,#N/A,#N/A,#N/A,#N/A,#N/A,#N/A,#N/A,#N/A,#N/A,#N/A,#N/A,#N/A,#N/A,#N/A
YPL180W,#N/A,#N/A,#N/A,#N/A,#N/A,#N/A,#N/A,#N/A,#N/A,#N/A,#N/A,#N/A,#N/A,#N/A
YPL181W,#N/A,#N/A,#N/A,#N/A,#N/A,#N/A,#N/A,#N/A,#N/A,#N/A,#N/A,#N/A,#N/A,#N/A
YPL191C,#N/A,#N/A,#N/A,#N/A,#N/A,#N/A,#N/A,#N/A,#N/A,#N/A,#N/A,#N/A,#N/A,#N/A
YPL193W,#N/A,#N/A,#N/A,#N/A,#N/A,#N/A,#N/A,#N/A,#N/A,#N/A,#N/A,#N/A,#N/A,#N/A
YPL194W,#N/A,#N/A,#N/A,#N/A,#N/A,#N/A,#N/A,#N/A,#N/A,#N/A,#N/A,#N/A,#N/A,#N/A
YPL196W,#N/A,#N/A,#N/A,#N/A,#N/A,#N/A,#N/A,#N/A,#N/A,#N/A,#N/A,#N/A,#N/A,#N/A
YPL208W,#N/A,#N/A,#N/A,#N/A,#N/A,#N/A,#N/A,#N/A,#N/A,#N/A,#N/A,#N/A,#N/A,#N/A
YPL214C,#N/A,#N/A,#N/A,#N/A,#N/A,#N/A,#N/A,#N/A,#N/A,#N/A,#N/A,#N/A,#N/A,#N/A
YPL219W,#N/A,#N/A,#N/A,#N/A,#N/A,#N/A,#N/A,#N/A,#N/A,#N/A,#N/A,#N/A,#N/A,#N/A
YPL221W,#N/A,#N/A,#N/A,#N/A,#N/A,#N/A,#N/A,#N/A,#N/A,#N/A,#N/A,#N/A,#N/A,#N/A
YPL224C,#N/A,#N/A,#N/A,#N/A,#N/A,#N/A,#N/A,#N/A,#N/A,#N/A,#N/A,#N/A,#N/A,#N/A
YPL227C,#N/A,#N/A,#N/A,#N/A,#N/A,#N/A,#N/A,#N/A,#N/A,#N/A,#N/A,#N/A,#N/A,#N/A
YPL229W,#N/A,#N/A,#N/A,#N/A,#N/A,#N/A,#N/A,#N/A,#N/A,#N/A,#N/A,#N/A,#N/A,#N/A
YPL234C,#N/A,#N/A,#N/A,#N/A,#N/A,#N/A,#N/A,#N/A,#N/A,#N/A,#N/A,#N/A,#N/A,#N/A
YPL236C,#N/A,#N/A,#N/A,#N/A,#N/A,#N/A,#N/A,#N/A,#N/A,#N/A,#N/A,#N/A,#N/A,#N/A
YPL241C,#N/A,#N/A,#N/A,#N/A,#N/A,#N/A,#N/A,#N/A,#N/A,#N/A,#N/A,#N/A,#N/A,#N/A
YPL252C,#N/A,#N/A,#N/A,#N/A,#N/A,#N/A,#N/A,#N/A,#N/A,#N/A,#N/A,#N/A,#N/A,#N/A
YPL254W,#N/A,#N/A,#N/A,#N/A,#N/A,#N/A,#N/A,#N/A,#N/A,#N/A,#N/A,#N/A,#N/A,#N/A
YPL279C,#N/A,#N/A,#N/A,#N/A,#N/A,#N/A,#N/A,#N/A,#N/A,#N/A,#N/A,#N/A,#N/A,#N/A
YPR017C,#N/A,#N/A,#N/A,#N/A,#N/A,#N/A,#N/A,#N/A,#N/A,#N/A,#N/A,#N/A,#N/A,#N/A
YPR018W,#N/A,#N/A,#N/A,#N/A,#N/A,#N/A,#N/A,#N/A,#N/A,#N/A,#N/A,#N/A,#N/A,#N/A
YPR021C,#N/A,#N/A,#N/A,#N/A,#N/A,#N/A,#N/A,#N/A,#N/A,#N/A,#N/A,#N/A,#N/A,#N/A
YPR022C,#N/A,#N/A,#N/A,#N/A,#N/A,#N/A,#N/A,#N/A,#N/A,#N/A,#N/A,#N/A,#N/A,#N/A
YPR030W,#N/A,#N/A,#N/A,#N/A,#N/A,#N/A,#N/A,#N/A,#N/A,#N/A,#N/A,#N/A,#N/A,#N/A
YPR031W,#N/A,#N/A,#N/A,#N/A,#N/A,#N/A,#N/A,#N/A,#N/A,#N/A,#N/A,#N/A,#N/A,#N/A
YPR032W,#N/A,#N/A,#N/A,#N/A,#N/A,#N/A,#N/A,#N/A,#N/A,#N/A,#N/A,#N/A,#N/A,#N/A
YPR036W-A,#N/A,#N/A,#N/A,#N/A,#N/A,#N/A,#N/A,#N/A,#N/A,#N/A,#N/A,#N/A,#N/A,#N/A
YPR042C,#N/A,#N/A,#N/A,#N/A,#N/A,#N/A,#N/A,#N/A,#N/A,#N/A,#N/A,#N/A,#N/A,#N/A
YPR045C,#N/A,#N/A,#N/A,#N/A,#N/A,#N/A,#N/A,#N/A,#N/A,#N/A,#N/A,#N/A,#N/A,#N/A
YPR046W,#N/A,#N/A,#N/A,#N/A,#N/A,#N/A,#N/A,#N/A,#N/A,#N/A,#N/A,#N/A,#N/A,#N/A
YPR055W,#N/A,#N/A,#N/A,#N/A,#N/A,#N/A,#N/A,#N/A,#N/A,#N/A,#N/A,#N/A,#N/A,#N/A
YPR057W,#N/A,#N/A,#N/A,#N/A,#N/A,#N/A,#N/A,#N/A,#N/A,#N/A,#N/A,#N/A,#N/A,#N/A
YPR067W,#N/A,#N/A,#N/A,#N/A,#N/A,#N/A,#N/A,#N/A,#N/A,#N/A,#N/A,#N/A,#N/A,#N/A
YPR070W,#N/A,#N/A,#N/A,#N/A,#N/A,#N/A,#N/A,#N/A,#N/A,#N/A,#N/A,#N/A,#N/A,#N/A
YPR075C,#N/A,#N/A,#N/A,#N/A,#N/A,#N/A,#N/A,#N/A,#N/A,#N/A,#N/A,#N/A,#N/A,#N/A
YPR109W,#N/A,#N/A,#N/A,#N/A,#N/A,#N/A,#N/A,#N/A,#N/A,#N/A,#N/A,#N/A,#N/A,#N/A
YPR111W,#N/A,#N/A,#N/A,#N/A,#N/A,#N/A,#N/A,#N/A,#N/A,#N/A,#N/A,#N/A,#N/A,#N/A
YPR131C,#N/A,#N/A,#N/A,#N/A,#N/A,#N/A,#N/A,#N/A,#N/A,#N/A,#N/A,#N/A,#N/A,#N/A
YPR134W,#N/A,#N/A,#N/A,#N/A,#N/A,#N/A,#N/A,#N/A,#N/A,#N/A,#N/A,#N/A,#N/A,#N/A
YPR140W,#N/A,#N/A,#N/A,#N/A,#N/A,#N/A,#N/A,#N/A,#N/A,#N/A,#N/A,#N/A,#N/A,#N/A
YPR141C,#N/A,#N/A,#N/A,#N/A,#N/A,#N/A,#N/A,#N/A,#N/A,#N/A,#N/A,#N/A,#N/A,#N/A
YPR144C,#N/A,#N/A,#N/A,#N/A,#N/A,#N/A,#N/A,#N/A,#N/A,#N/A,#N/A,#N/A,#N/A,#N/A
YPR162C,#N/A,#N/A,#N/A,#N/A,#N/A,#N/A,#N/A,#N/A,#N/A,#N/A,#N/A,#N/A,#N/A,#N/A
YPR164W,#N/A,#N/A,#N/A,#N/A,#N/A,#N/A,#N/A,#N/A,#N/A,#N/A,#N/A,#N/A,#N/A,#N/A
YPR166C,#N/A,#N/A,#N/A,#N/A,#N/A,#N/A,#N/A,#N/A,#N/A,#N/A,#N/A,#N/A,#N/A,#N/A
YPR168W,#N/A,#N/A,#N/A,#N/A,#N/A,#N/A,#N/A,#N/A,#N/A,#N/A,#N/A,#N/A,#N/A,#N/A
YPR170W-B,#N/A,#N/A,#N/A,#N/A,#N/A,#N/A,#N/A,#N/A,#N/A,#N/A,#N/A,#N/A,#N/A,#N/A
YPR171W,#N/A,#N/A,#N/A,#N/A,#N/A,#N/A,#N/A,#N/A,#N/A,#N/A,#N/A,#N/A,#N/A,#N/A
YPR174C,#N/A,#N/A,#N/A,#N/A,#N/A,#N/A,#N/A,#N/A,#N/A,#N/A,#N/A,#N/A,#N/A,#N/A
YPR175W,#N/A,#N/A,#N/A,#N/A,#N/A,#N/A,#N/A,#N/A,#N/A,#N/A,#N/A,#N/A,#N/A,#N/A
YPR176C,#N/A,#N/A,#N/A,#N/A,#N/A,#N/A,#N/A,#N/A,#N/A,#N/A,#N/A,#N/A,#N/A,#N/A
YPR178W,#N/A,#N/A,#N/A,#N/A,#N/A,#N/A,#N/A,#N/A,#N/A,#N/A,#N/A,#N/A,#N/A,#N/A
YPR182W,#N/A,#N/A,#N/A,#N/A,#N/A,#N/A,#N/A,#N/A,#N/A,#N/A,#N/A,#N/A,#N/A,#N/A
YPR185W,#N/A,#N/A,#N/A,#N/A,#N/A,#N/A,#N/A,#N/A,#N/A,#N/A,#N/A,#N/A,#N/A,#N/A
YPR188C,#N/A,#N/A,#N/A,#N/A,#N/A,#N/A,#N/A,#N/A,#N/A,#N/A,#N/A,#N/A,#N/A,#N/A