Protein,MW,Rxn,0.0342,0.05213,0.08541,0.15789,0.18378,0.19614,0.2083,0.23162,0.2647,0.27677,0.30322,0.3061,0.30897,0.31185,0.32325,0.33732,0.35508,0.35603,0.35801,0.35889,0.36093,0.36189,0.36385,0.36768,0.37755,0.38247,0.38445,0.38645,0.38742,0.388,0.38877,0.3903,0.39176,0.39316,0.39376,0.39405,0.3941,0.39457
AOX1,40814,AOX1_translation_Ribosome,0,0,0,0,0,0,0,0,0,0,0,0,0,0,0,0,0,0,0,0,0,0,0,0,0,0,0,0,0,0,0,0,0,0,0,0,0,0
GFP,26886,GFP_translation_Ribosome,0,0,0,0,0,0,0,0,0,0,0,0,0,0,0,0,0,0,0,0,0,0,0,0,0,0,0,0,0,0,0,0,0,0,0,0,0,0
HBA,15258,HBA_translation_Ribosome,0,0,0,0,0,0,0,0,0,0,0,0,0,0,0,0,0,0,0,0,0,0,0,0,0,0,0,0,0,0,0,0,0,0,0,0,0,0
HBB,15998,HBB_translation_Ribosome,0,0,0,0,0,0,0,0,0,0,0,0,0,0,0,0,0,0,0,0,0,0,0,0,0,0,0,0,0,0,0,0,0,0,0,0,0,0
mCherry,26722,mCherry_translation_Ribosome,0,0,0,0,0,0,0,0,0,0,0,0,0,0,0,0,0,0,0,0,0,0,0,0,0,0,0,0,0,0,0,0,0,0,0,0,0,0
mCherry1,26722,mCherry1_translation_Ribosome,0,0,0,0,0,0,0,0,0,0,0,0,0,0,0,0,0,0,0,0,0,0,0,0,0,0,0,0,0,0,0,0,0,0,0,0,0,0
NOX1,50255,NOX1_translation_Ribosome,0,0,0,0,0,0,0,0,0,0,0,0,0,0,0,0,0,0,0,0,0,0,0,0,0,0,0,0,0,0,0,0,0,0,0,0,0,0
Q0045,58795.3,Q0045_translation_mitochondrion_Ribosome,3.42961195445576E-05,4.50923215412925E-05,6.43498357880784E-05,0.000103185070403,0.000116101838856,0.000122121435277,0.000127905190634,0.000138803599381,0.000153708604996,0.000155593786322,0.000147150942637,0.000146267669923,0.000145395485541,0.000144528761226,0.000141154222552,0.000137129349092,0.000122992866054,0.000120873065511,0.000116707064874,0.000114560636071,0.000110474385276,0.000108395198419,0.000104296791595,9.60859340618022E-05,7.61931442149874E-05,6.64560730504154E-05,6.26055148632241E-05,5.8794374507283E-05,5.70995248990508E-05,5.71742664531415E-05,5.72679206474143E-05,5.747368126602E-05,5.76625864738937E-05,5.78417128061305E-05,5.7921689668638E-05,5.79588269683425E-05,5.79669246744586E-05,5.80344684725849E-05
Q0080,5825.3,Q0080_translation_mitochondrion_Ribosome,8.49180949976591E-05,0.000111599752402,0.000159188103819,0.000255134447092,0.000287042424069,0.000301906145285,0.000316195093339,0.00034311086672,0.000379917512063,0.000384534256256,0.000363481756422,0.000361278614586,0.000359102954448,0.000356941054774,0.000348522274365,0.000338480665569,0.000303357415603,0.000298096912604,0.000287758734546,0.00028243285755,0.000272291799279,0.000267132341835,0.000256961541948,0.000236585412722,0.000187217579951,0.000163052316187,0.000153496308006,0.000144037853634,0.000139831318522,0.000140015637004,0.00014024733984,0.000140753888981,0.00014121988123,0.000141634793763,0.000141858978742,0.000141945636882,0.000141911575797,0.000142076828108
Q0085,29100.1,Q0085_translation_mitochondrion_Ribosome,0.000424205629966,0.000557492996907,0.000795219085702,0.001274515977513,0.00143391125687,0.001508162501229,0.001579542484621,0.001713999370442,0.001897865791082,0.001920928589167,0.00181576149899,0.001804755774349,0.001793887333656,0.001783087632916,0.00174103188441,0.001690869348552,0.001515412275724,0.001489133601097,0.001437489562971,0.001410884314627,0.001360224982095,0.001334451077306,0.001283643171483,0.001181854869064,0.000935239438027,0.000814522635105,0.0007667859016,0.000719536495038,0.000698522883307,0.000699443640393,0.000700601104508,0.000703131554553,0.000705459403941,0.000707532086239,0.00070865199514,0.000709084893109,0.000708914742049,0.000709740254686
Q0105,43661.2,Q0105_translation_mitochondrion_Ribosome,0.000695282218946,0.000914152673685,0.001304558568425,0.002091861868484,0.002353722380705,0.002475757130195,0.002593010694492,0.002813953177698,0.003116121047271,0.003154339162711,0.002983178134295,0.002965271624161,0.002947589906792,0.002930018880885,0.002861607154761,0.002780011248672,0.002493423569789,0.002450449039584,0.002365992074612,0.002322477712029,0.002239637508595,0.002197486336084,0.002114399694545,0.00194794170102,0.001544656919844,0.001347258131431,0.001269196103537,0.001191933189872,0.001157573652641,0.001159088881601,0.001160987524855,0.001165158891802,0.001168988550488,0.001172619962887,0.001174241326795,0.00117499420801,0.001175158372095,0.001176527681581
Q0130,7760.5,Q0130_translation_mitochondrion_Ribosome,0.001131284013234,0.00148673867186,0.002120713576446,0.003398916582243,0.003823996587275,0.004022011983046,0.004212370215875,0.004570943781745,0.005061284143934,0.005122788690152,0.00484232601019,0.004812975620988,0.004783991344647,0.004755190386028,0.004643034882687,0.004509259961112,0.00404134589426,0.003971265154178,0.003833539318915,0.003762587662468,0.003627487868959,0.003558753263882,0.003423257250764,0.003151805221072,0.002494123957928,0.002172192848041,0.002044887127318,0.001918881024374,0.001862841308415,0.001865296810414,0.001868383569656,0.001875131848038,0.001881339825045,0.001886867314978,0.001889853920874,0.001891008385873,0.001890554622035,0.001892756123343
Q0140,47155.2,Q0140_translation_mitochondrion_Ribosome,8.45123002906961E-06,1.36974541793325E-05,2.64135237594311E-05,6.64358284085407E-05,8.44711286058918E-05,9.37383162568167E-05,0.000103219119576,0.000122521423505,0.00015221730938,0.000160198654667,0.000164156369774,0.000164544055559,0.000164920958303,0.000165290724632,0.000166670576605,0.000168197975076,0.000157940149366,0.000155581098474,0.000150952331033,0.000148494942104,0.00014391378139,0.000141533333747,0.000136825889531,0.000127204599369,0.000103186999129,9.0979796006002E-05,8.60713452495327E-05,8.11717577683156E-05,7.89925671645206E-05,7.92042915813942E-05,7.94793405969747E-05,8.00545836455396E-05,8.05939276715031E-05,8.11005344217817E-05,8.13376923987854E-05,8.14417192256967E-05,8.1441611639127E-05,8.16251925769637E-05
Q0250,28550.2,Q0250_translation_mitochondrion_Ribosome,1.66537303529539E-05,2.18962195697311E-05,3.12474072199103E-05,5.01052702687444E-05,5.63774777864722E-05,5.93005121404547E-05,6.21090252729833E-05,6.74011447009857E-05,7.46388132103678E-05,7.55542316861771E-05,7.14545013371179E-05,7.10255960908667E-05,7.06020751878291E-05,7.01812056193096E-05,6.85425754216771E-05,6.65881514757113E-05,5.97236671029652E-05,5.86943207187722E-05,5.66713673298371E-05,5.56290906238019E-05,5.36448626760844E-05,5.26352377469107E-05,5.064510699653E-05,4.66580259757372E-05,3.6998357113013E-05,3.22701674590311E-05,3.04003886441267E-05,2.85497505932928E-05,2.772675461768E-05,2.77630481023224E-05,2.78085253084482E-05,2.79084398732743E-05,2.80001696793274E-05,2.8087150996042E-05,2.81259866754239E-05,2.8144020044316E-05,2.81479521805438E-05,2.81807505325425E-05
Q0275,30356.9,Q0275_translation_mitochondrion_Ribosome,1.77076036928493E-05,2.32818455862435E-05,3.32247905876E-05,5.32760078395684E-05,5.99451301712828E-05,6.30531385768425E-05,6.60393786841923E-05,7.1666391463925E-05,7.93620706245775E-05,8.03354181712951E-05,7.5976250661668E-05,7.55202036402838E-05,7.50698816915261E-05,7.462237885776E-05,7.28800536535054E-05,7.0801950793095E-05,6.35030714278009E-05,6.24085864416955E-05,6.02576174911255E-05,5.91493839327813E-05,5.70395910281409E-05,5.59660755006687E-05,5.38500062550511E-05,4.96106166942038E-05,3.93396693208463E-05,3.43122726473741E-05,3.23241713904242E-05,3.03564221541541E-05,2.94813457437584E-05,2.95199359352086E-05,2.95682910079801E-05,2.96745283181554E-05,2.97720629255968E-05,2.98645485520853E-05,2.99058418122176E-05,2.99250163600709E-05,2.99291973278489E-05,2.99640712093554E-05
YAL003W,22603,YAL003W_translation_Ribosome,0.000419638416589,0.00051647677437,0.000695731160805,0.001083218422877,0.001220852144339,0.001286135943391,0.001351018209469,0.001474266469264,0.001648503959994,0.001712393102116,0.00185412622015,0.001869587195796,0.001884958053605,0.001900387959826,0.001961538326945,0.002036865722843,0.002133769576309,0.002139162348993,0.002150405715306,0.002155381812495,0.002167053549883,0.002172514296588,0.002183668484453,0.002205449743315,0.002261725008106,0.00228980601052,0.002301073471792,0.002312500521598,0.002318040768555,0.002321353255665,0.002325805191815,0.002334610482737,0.002342976378723,0.002351050326865,0.002354504103148,0.002355996921257,0.002356258019264,0.002358755889044
YAL005C,69636.8,YAL005C_translation_Ribosome,7.19383052528875E-05,9.60353312228473E-05,0.000152016352178,0.000329265906126,0.000408284739103,0.000458852536716,0.000479284564738,0.000559729031894,0.000681521876747,0.000713285820644,0.00083372651545,0.000848678685976,0.000862030713274,0.000876066180437,0.000949652621791,0.001022821415408,0.000975342060235,0.000981340554417,0.000992918148937,0.000998521102574,0.001010600949926,0.001038580548082,0.001028387263629,0.001051945971498,0.001112617773555,0.001147527099477,0.001155779250943,0.001168282344176,0.00117451437626,0.001178151668402,0.00121026872782,0.001196593830574,0.001201935275251,0.001230859535776,0.001214670219325,0.001213964091616,0.001213407330084,0.00121545725569
YAL012W,42535.4,YAL012W_translation_Ribosome,3.09513675661563E-05,7.8264098953354E-05,0.00016352182291,0.000343880070842,0.000406592238099,0.000437058641678,0.000462627756868,0.000515318056173,0.000586034229989,0.00062181860215,0.000683753965496,0.000689906569005,0.000694940060012,0.000702736503804,0.000730822536686,0.000760502407106,0,0,0,0,0,0,0,0,0,0,0,0,0,0,0,0,0,0,0,0,0,0
YAL022C,58298.6,YAL022C_translation_Ribosome,0,0,0,0,0,0,0,0,0,0,0,0,0,0,0,0,0,0,0,0,0,0,0,0,0,0,0,0,0,0,0,0,0,0,0,0,0,0
YAL023C,86871.5,YAL023C_translation_Ribosome,0,0,0,0,0,0,0,0,0,0,0,0,0,0,0,0,0,0,0,0,0,0,0,0,0,0,0,0,0,0,0,0,0,0,0,0,0,0
YAL025C,35680.9,YAL025C_translation_Ribosome,2.60092925348247E-06,3.44721095226358E-06,5.25880598690186E-06,1.02749813631435E-05,1.24204669335132E-05,1.35083166179241E-05,1.4624073245993E-05,1.68717368194547E-05,2.03142639334428E-05,2.16489402355071E-05,2.47302182613318E-05,2.50783560638555E-05,2.54269558093486E-05,2.57788360871327E-05,2.71965938850332E-05,2.89946179852928E-05,3.13641375574503E-05,3.14952378223646E-05,3.17699423279467E-05,3.18924037322525E-05,3.21785673512968E-05,3.23131460731168E-05,3.25888972086139E-05,3.31306400815721E-05,3.45494773863903E-05,3.52684877795086E-05,3.55591174616502E-05,3.58545950182519E-05,3.59987061507074E-05,3.60844694746919E-05,3.61995511723008E-05,3.64285992692226E-05,3.66467309627794E-05,3.68576957347418E-05,3.69480480258638E-05,3.69891081672536E-05,3.69965991912988E-05,3.70648956370184E-05
YAL033W,19574.8,YAL033W_translation_Ribosome,0,0,0,0,0,0,0,0,0,0,0,0,0,0,0,0,0,0,0,0,0,0,0,0,0,0,0,0,0,0,0,0,0,0,0,0,0,0
YAL035W,112251.6,YAL035W_translation_Ribosome,0.002185371633049,0.001896849077104,0.001739970112241,0.001840305702267,0.00187574697061,0.001896268820883,0.001899674863912,0.001962718685256,0.002064467785047,0.002104033861234,0.002118938060595,0.002124666144584,0.002136003496717,0.002133370143114,0.002139841799428,0.002163825409388,0.0021601300312,0.002158834258489,0.002149355650953,0.002153319050963,0.002137386310982,0.002134910370734,0.002129443449912,0.002117464344317,0.00207658453457,0.00206111455355,0.00205448646688,0.002046777972838,0.002053531816001,0.002056002693633,0.002070442928924,0.002065635739468,0.002071392433406,0.002081609019788,0.002079183715304,0.002083037432333,0.002085797934068,0.002084986483101
YAL038W,54546.3,YAL038W_translation_Ribosome,0,0,0.000771561822289,0.001293410905051,0.001469694142285,0.001551886642798,0.001632062172936,0.001782966120534,0.001991326712581,0.000266108762067,0.003317024081651,0.002005403679539,0,0.000665926335157,0.004117724290604,0,0.00572434826535,0.004738113926869,0.006177062260121,0.006299833813316,0.006539608623751,0.006659842314285,0.006898327706213,0.007371739231957,0.008520236338345,0.009079074248103,0.009299637616014,0.009518114561097,0.009627291707842,0.009745034379996,0.008457506792494,0.01021359441416,0.010504096345478,0.010794330480919,0.010909115818709,0.010908759212788,0.010898927892291,0.010847761736127
YAL044C,18782.1,YAL044C_translation_Ribosome,0,0,0,0,0,0,0,0,0,0,0,0,0,0,9.43867849473874E-06,2.97774409250818E-05,0,0,0,0,0,0,0,0,0,0,0,0,0,0,0,0,0,0,0,0,0,0
YAL054C,79132.4,YAL054C_translation_Ribosome,0,0,2.1808334582292E-06,3.61356779083127E-06,4.04413325428888E-06,4.23657252775413E-06,0,4.74062944580856E-06,0,0,5.58183835109933E-06,5.61094867921175E-06,5.63886232985803E-06,0,5.7787428567062E-06,5.90662037401481E-06,0,6.06567379843822E-06,6.08194902106651E-06,6.08849930634484E-06,0,6.11244832942608E-06,6.12883052524085E-06,6.15847558755385E-06,6.23401683183354E-06,6.2703241053091E-06,6.28445573068318E-06,6.29906049480739E-06,0,6.31029323556277E-06,6.31578756645121E-06,6.3270457026392E-06,6.3374076862052E-06,6.34744890962903E-06,6.35169152780657E-06,0,6.35438838924295E-06,6.35750751831466E-06
YAL060W,41574.4,YAL060W_translation_Ribosome,0,0,0,0,0,0,0,0,0,0,0,0,0,0,0,0,0,0,0,0,0,0,0,0,0,0,0,0,0,0,0,0,0,0,0,0,0,0
YAL062W,49619.6,YAL062W_translation_Ribosome,0,0,0,0,0,0,0,0,0,0,0,0,0,0,0,0,0,0,0,0,0,0,0,0,0,0,0,0,0,0,0,0,0,0,0,0,0,0
YAR002W,59053.1,YAR002W_translation_Ribosome,0,0,0,0,0,0,0,0,0,0,0,0,0,0,0,0,0,0,0,0,0,0,0,0,0,0,0,0,0,0,0,0,0,0,0,0,0,0
YAR008W,31313.3,YAR008W_translation_Ribosome,0,0,0,0,0,0,0,0,0,0,0,0,0,0,0,0,0,0,0,0,0,0,0,0,0,0,0,0,0,0,0,0,0,0,0,0,0,0
YAR015W,34597.6,YAR015W_translation_Ribosome,1.33155059467037E-06,2.07777139379263E-06,3.54294721108258E-06,7.04608832698417E-06,8.38746307716404E-06,9.04281743817352E-06,9.69613365486503E-06,1.09730578516896E-05,1.28334345047032E-05,1.35262389481353E-05,1.50670650299051E-05,1.52371306468628E-05,1.54066373691129E-05,1.55769954318665E-05,1.62553698392949E-05,1.70992445753869E-05,1.81768544671241E-05,1.82345444731439E-05,1.83552281590223E-05,1.84091034937062E-05,1.8534013995734E-05,1.85928559285437E-05,1.87129931481296E-05,1.89477939536255E-05,1.9556100462609E-05,1.9861102441388E-05,1.99838132668065E-05,2.01080696633297E-05,2.01686933106453E-05,2.02043895004474E-05,2.02523593822731E-05,2.0347908636089E-05,2.04387408333363E-05,2.05261681541506E-05,2.05636160004594E-05,2.05812703894583E-05,2.05845575098911E-05,2.06137060921069E-05
YAR035W,77761.4,YAR035W_translation_Ribosome,0,0,0,0,0,0,0,0,0,0,0,0,0,0,0,0,0,0,0,0,0,0,0,0,0,0,0,0,0,0,0,0,0,0,0,0,0,0
YAR071W,52741.1,YAR071W_translation_Ribosome,0,0,0,0,0,0,0,0,0,0,0,0,0,0,0,0,0,0,0,0,0,0,0,0,0,0,0,0,0,0,0,0,0,0,0,0,0,0
YBL004W,287550.5,YBL004W_translation_Ribosome,2.09607523157631E-05,2.77808920999433E-05,4.23804413828301E-05,8.28055354114555E-05,0.000100095890994,0.000108862814493,0.000117854638586,0.000135968441331,0.000163711586625,0.000174467672878,0.000199299530734,0.000202105155008,0.000204914502057,0.000207750286744,0.000219175922411,0.000233666104246,0.000252761938088,0.00025381846824,0.00025603229743,0.000257019207459,0.000259325385042,0.000260409947896,0.000262632211822,0.000266998089196,0.000278432424552,0.000284226891565,0.000286569060917,0.000288950299034,0.000290111683085,0.000290802845211,0.000291730282571,0.00029357616916,0.000295334081027,0.000297034235049,0.00029776237942,0.000298093280944,0.000298153650714,0.000298704048185
YBL011W,85693.2,YBL011W_translation_Ribosome,2.78387076359956E-05,4.11925863173998E-05,9.30898206754499E-05,0.000151638372325,0.000168519053158,0.000176205064461,0.000183578529944,0.000196261309576,0.000212205929532,0,0,0,0.000156256031297,2.48295968293865E-05,0,0,0,0,2.58844855481715E-05,0,0,0,2.60552927472975E-05,0,2.64340374063531E-05,0,2.66137689657259E-05,2.67544351562403E-05,0,0,0,2.73039146397283E-05,0,0,2.73950811240262E-05,0,0,0
YBL013W,44635.5,YBL013W_translation_Ribosome,0,0,0,0,0,0,0,0,0,0,0,0,0,0,0,0,0,0,0,0,0,0,0,0,0,0,0,0,0,0,0,0,0,0,0,0,0,0
YBL015W,58705.5,YBL015W_translation_Ribosome,0,0,0,0,0,0,0,0,0,0,0,0,0,0,0,0,0,0,0,0,0,0,0,0,0,0,0,0,0,0,0,0,0,0,0,0,0,0
YBL018C,15503.5,YBL018C_translation_Ribosome,0,0,0,0,0,0,0,0,0,0,0,0,0,0,0,0,0,0,0,0,0,0,0,0,0,0,0,0,0,0,0,0,0,0,0,0,0,0
YBL024W,77878.6,YBL024W_translation_Ribosome,0,0,0,0,0,0,0,0,0,0,0,0,0,0,0,0,0,0,0,0,0,0,0,0,0,0,0,0,0,0,0,0,0,0,0,0,0,0
YBL027W,21736.8,YBL027W_translation_Ribosome,0,0,0,0,0,0,0,0,0,0,0,0,0,0,0,0,0,0,0,0,0,0,0,0,0,0,0,0,0,0,0,0,0,0,0,0,0,0
YBL030C,34446.7,YBL030C_translation_Ribosome,0,0,0.001417656843866,0,0,0.002663905448718,0,0,0,0,0,0,0,0,0,0,0,0,0,0,2.12997978318343E-05,0,8.60633926285372E-05,0.000528448990212,0,0,0.000462538472612,3.83809661123958E-05,0,0,0,0,0.00025549216011,0,0.000246970539744,0,0,0
YBL033C,38325.5,YBL033C_translation_Ribosome,1.88341773288101E-09,2.81017437757094E-09,4.43135142276314E-09,7.57245411876616E-09,8.5824619495695E-09,9.04623153237765E-09,9.4912401126034E-09,1.03154955004403E-08,1.14226173608122E-08,1.18098632496671E-08,1.26283241989365E-08,1.27152803515708E-08,1.2801353681413E-08,1.28871410348869E-08,1.32229089813564E-08,1.36276998843255E-08,1.4125029593454E-08,1.41510598081334E-08,1.42053727899835E-08,1.42295420104376E-08,1.42853798975518E-08,1.43115270962239E-08,1.43648001435335E-08,1.44683036603191E-08,1.47322356863553E-08,1.48623273055185E-08,1.49142344396831E-08,1.49665767697342E-08,1.49920069417961E-08,1.50070280393898E-08,1.50270936316731E-08,1.5066987137394E-08,1.51047263807154E-08,1.51410390899094E-08,1.51565070372559E-08,1.51637958022744E-08,1.51651613358167E-08,1.51772099759731E-08
YBL038W,26545.5,YBL038W_translation_Ribosome,4.7575267783122E-06,7.71083082920802E-06,1.48692020170836E-05,3.73993172125008E-05,4.7552090637039E-05,5.27689517634392E-05,5.81060654753182E-05,6.89720846830024E-05,8.56890562682713E-05,9.01820666113607E-05,9.24100187007029E-05,9.26282621396261E-05,9.28404353845376E-05,9.30485912628634E-05,9.38253637197871E-05,9.46851958504973E-05,8.89106659499822E-05,8.75826642564607E-05,8.49769506528518E-05,8.35935906458186E-05,8.10146767246637E-05,7.96746299660743E-05,7.70246261398536E-05,7.16084269086524E-05,5.80879836236571E-05,5.12160731982332E-05,4.84529149557519E-05,4.56947461963648E-05,4.44679948694053E-05,4.45871827958295E-05,4.47420186070039E-05,4.5065845339701E-05,4.53694631133764E-05,4.56546517986014E-05,4.57881572673206E-05,4.58467180227363E-05,4.58466574580629E-05,4.59500023232176E-05
YBL039C,64693.8,YBL039C_translation_Ribosome,0,1.71330186596474E-05,2.9118449482076E-05,0,6.84247506954789E-05,0,7.89868034796115E-05,8.92743437986001E-05,0.000104238353991,0.000109803557773,0.00012217267829,0.000123536421819,0.000124895734688,0.000126260771311,0.000131699325559,0.000138461506036,0.000147091842151,0.000147552915548,0.000148520438467,0.00014895101665,0.00014995220269,0.000150422141124,0.000151382787296,0.000153262340609,0.000158130050734,0.000160568913308,0.000161549201381,0.000162544065215,0.000163026752409,0.000163313426955,0.000163697031625,0.000164461226469,0.000165186121453,0.000165886434635,0.000166185725707,0.000155760720999,0.000155785279798,0.00015601094253
YBL041W,26866.3,YBL041W_translation_Ribosome,0.000191797823311,0.000192988396028,0.000195285805545,0.000201133498312,0.00020338471305,0.000204115438191,0.000205939975507,0.000208540619597,0.000212661446487,0.000215680827227,0.000218362131242,0.000218651079438,0.000218943570566,0.000219238573069,0.000220484353145,0.000221915560062,0.00022163420576,0.000221591741414,0.000221531118527,0.000221463708495,0.00022142240557,0.000221392488719,0.000221307691078,0.000221110727408,0.000220679476818,0.000220435584276,0.000220333143371,0.000220240462643,0.000220211462845,0.000220301430846,0.000220418869838,0.000220659488857,0.000220887976671,0.00022111023807,0.000221201650288,0.000221255194819,0.000221256418842,0.000221315779048
YBL042C,72166.6,YBL042C_translation_Ribosome,0,0,0,0,0,0,0,0,0,0,0,0,0,0,0,0,0,0,0,0,0,0,0,0,0,0,0,0,0,0,0,0,0,0,0,0,0,0
YBL045C,50227.3,YBL045C_translation_Ribosome,0.000799843994111,0.001051629835803,0.001500747908528,0.002406451806796,0.002707692874506,0.002848080128476,0.002982967166625,0.003237136644027,0.003584746792979,0.003628712436379,0.003431810923764,0.003411211497811,0.003390870670651,0.003370657181568,0.003291957184968,0.003198090272151,0.002868403380275,0.002818966016644,0.002721807777366,0.0026717493973,0.002576451060334,0.002527960877126,0.002432379040838,0.002240887840913,0.001776954057838,0.001549868953323,0.001460067369911,0.001371185077544,0.001331658294396,0.001333401394897,0.001335585570419,0.001340384258935,0.001344789850529,0.001348967382067,0.001350832578888,0.001351698684049,0.001351887536364,0.001353462772922
YBL064C,29501.1,YBL064C_translation_Ribosome,0,0,0,0,0,0,0,0,0,0,0,0,0,0,0,0,0,0,0,0,0,0,0,0,0,0,0,0,0,0,0,0,0,0,0,0,0,0
YBL068W,35714.4,YBL068W_translation_Ribosome,0,0,0,0,0,0,0,0,0,0,0,0,0,0,0,0,0,0,0,0,0,0,0,0,0,0,0,0,0,0,0,0,0,0,0,0,0,0
YBL072C,22517.2,YBL072C_translation_Ribosome,0.001275610253017,0.001372080587675,0.001550655248496,0.001936671633296,0.00207378250476,0.002138819622346,0.002203455835395,0.002326234834746,0.002499811658802,0.002563458916315,0.002704652995346,0.002720055503876,0.002735368630131,0.002750739813536,0.002811657888903,0.00288669970823,0.002983235473352,0.002988607497737,0.002999807786802,0.003004765968736,0.003016393390604,0.003021833434426,0.003032945135137,0.003054643765766,0.003110704949216,0.003138679804838,0.003149903678567,0.003161288143409,0.003166806673075,0.003170106404639,0.00317454164778,0.003183314260016,0.003191647413392,0.003199691714131,0.003203131611295,0.003204618884139,0.003204878832578,0.003207367609211
YBL075C,70527.4,YBL075C_translation_Ribosome,6.77173040787606E-05,9.04497390432904E-05,0.000143565887495,0.000313167276891,0.000388955899872,0.000438020159978,0.000456508076377,0.000533538599713,0.000650084528907,0.000679616567591,0.000795507104146,0.000809962366813,0.000822796108592,0.000836315546547,0.000908040739469,0.000978591303212,0.000925821096577,0.000931637172048,0.000942819849883,0.000948252401857,0.000959921105687,0.000987992530625,0.000977123828253,0.000999913016444,0.001058556268201,0.001092490850309,0.001100274077342,0.001112353029969,0.001118379912633,0.001121894201819,0.001154194541009,0.001139892012673,0.001144870607869,0.001173747790858,0.001157172834071,0.001156376515454,0.00115579782651,0.00115773897328
YBL076C,122966.3,YBL076C_translation_Ribosome,1.52830853382118E-05,1.89533000267484E-05,2.58587284790093E-05,4.15184533940554E-05,4.73123441744631E-05,5.01637555473377E-05,5.278634367992E-05,5.80800765453709E-05,6.56601455914179E-05,6.89348385710628E-05,7.50883399702675E-05,7.57958435193141E-05,7.65011565759561E-05,7.71890031991507E-05,7.97689966634061E-05,8.32175300355557E-05,8.69479541453583E-05,8.71862253019147E-05,8.76011397406278E-05,8.77533907273656E-05,8.82551745180818E-05,8.84617623484468E-05,8.89065072908913E-05,8.97218575741201E-05,9.19719834263352E-05,9.30753972014445E-05,9.34828961302866E-05,9.39565051361856E-05,9.41781422480439E-05,9.43564697214195E-05,9.46316583069367E-05,9.5055217841708E-05,9.55133988561921E-05,9.59518170209991E-05,9.61366160895304E-05,9.62183005168201E-05,9.62260238989285E-05,9.63244960630183E-05
YBL079W,169454.3,YBL079W_translation_Ribosome,0,0,0,0,0,0,0,0,0,0,0,0,0,0,0,0,0,0,0,0,0,0,0,0,0,0,0,0,0,0,0,0,0,0,0,0,0,0
YBL087C,14485.3,YBL087C_translation_Ribosome,0,0,0,0,0,0,0,0,0,0,0,0,0,0,0,0,0,0,0,0,0,0,0,0,0,0,0,0,0,0,0,0,0,0,0,0,0,0
YBL090W,20413.2,YBL090W_translation_Ribosome,3.65848620787111E-06,5.9295448148571E-06,1.14342541905457E-05,2.87596670668181E-05,3.65670391061387E-05,4.05787484182795E-05,4.46829306572023E-05,5.3038780925244E-05,6.58939497623128E-05,6.93490257162618E-05,7.10622965753588E-05,7.12301233997708E-05,7.13932823111881E-05,7.15533519115136E-05,7.21506814595603E-05,7.28118829909164E-05,6.83713324733072E-05,6.73501136539143E-05,6.5346348310139E-05,6.42825595513825E-05,6.22994028711422E-05,6.12689215280732E-05,5.92310974861298E-05,5.50660993453392E-05,4.46690259104721E-05,3.93846017370241E-05,3.72597631830161E-05,3.51387614870933E-05,3.419540309537E-05,3.42870573109502E-05,3.44061243611344E-05,3.46551435869878E-05,3.48886223437485E-05,3.51079293324748E-05,3.52105935819355E-05,3.52556261641981E-05,3.52555795906247E-05,3.53350506648699E-05
YBL092W,14794.7,YBL092W_translation_Ribosome,0.000838126899006,0.000901511763029,0.001018842449547,0.001272470636364,0.001362557956725,0.001405289941321,0.00144775851562,0.001528429223421,0.001642476131512,0.001684294922513,0.001777065073377,0.001787185136837,0.001797246472572,0.001807345954174,0.00184737156347,0.001896677036814,0.001960104891266,0.001963634525907,0.001970993563294,0.001974251286912,0.001981890967614,0.001985465293745,0.001992766125043,0.002007022992263,0.002043857429528,0.002062238027314,0.002069612560767,0.002077092608996,0.002080718503461,0.002082886558929,0.002085800690868,0.002091564647588,0.002097039862279,0.002102325289248,0.002104585439114,0.002105562636792,0.002105733433301,0.00210736865898
YBL098W,52435.1,YBL098W_translation_Ribosome,0,0,0,0,0,0,0,0,0,0,0,0,0,0,0,0,0,0,0,0,0,0,0,0,0,0,0,0,0,0,0,0,0,0,0,0,0,0
YBL099W,58614.7,YBL099W_translation_Ribosome,0.002563360854991,0.003368780667333,0.004805295666618,0.007701558242118,0.008664741167354,0.009113421523716,0.009544751620094,0.010357238521378,0.011468293990522,0.011607656294182,0.010972159772803,0.010905655130399,0.010839980058078,0.010774720362859,0.010520588753491,0.010217470002291,0.009157229966689,0.008998434983543,0.008686363911465,0.008525595530931,0.008219474770673,0.008063729976283,0.007756711427473,0.007141632014363,0.005651401103928,0.004921941838674,0.004633481560529,0.0043479660684,0.004220986448311,0.004226550336448,0.004233544581676,0.004248835412661,0.004262901982208,0.00427542664547,0.00428219395461,0.004284809840942,0.004283781663715,0.004288770015188
YBR002C,32695,YBR002C_translation_Ribosome,0,0,0,0,0,0,0,0,0,0,0,0,0,0,0,0,0,0,0,0,0,0,0,0,0,0,0,0,0,0,0,0,0,0,0,0,0,0
YBR003W,52567.2,YBR003W_translation_Ribosome,0,0,0,0,0,0,0,0,0,0,0,0,0,0,0,0,0,0,0,0,0,0,0,0,0,0,0,0,0,0,0,0,0,0,0,0,0,0
YBR004C,50779,YBR004C_translation_Ribosome,0,0,0,0,0,0,0,0,0,0,0,0,0,0,0,0,0,0,0,0,0,0,0,0,0,0,0,0,0,0,0,0,0,0,0,0,0,0
YBR006W,54186.7,YBR006W_translation_Ribosome,0,0,0,0,0,0,0,0,0,0,0,0,0,0,0,0,0,0,0,0,0,0,0,0,0,0,0,0,0,0,0,0,0,0,0,0,0,0
YBR011C,32291.7,YBR011C_translation_Ribosome,7.66858508493493E-05,0.000102809793945,0.000149203837451,0.000241891267252,0.000272553868756,0.000286798051724,0.000300517273368,0.000326199412538,0.000361182763023,0.000373706792378,0.000400458314162,0.000403320827651,0.00040614924839,0.000408996178199,0.000420151768715,0.000433503313651,0.000450357629873,0.000451257464739,0.000453137040446,0.000453964293188,0.000455908653092,0.000456804027793,0.00045866415162,0.000462265867726,0.000471492700825,0.000476054738044,0.000477881408008,0.000479728354141,0.000480620896405,0.000481101111606,0.00048173408594,0.000483017977313,0.000484226914494,0.000485387260247,0.000485883652603,0.000486432078482,0.000486473967355,0.000486878644466
YBR018C,42385.5,YBR018C_translation_Ribosome,0.001684338981995,0.002630629673794,0.00434204009824,0.007891667731596,0.009109578012203,0.009683962016978,0.01024253439348,0.01130255313021,0.012781723893239,0.014005616809133,0.01521423223057,0.015345487623667,0.015476907467897,0.015606160272461,0.016123007172293,0.016761741412626,0.016699783369374,0.016741029169531,0.016826095029408,0.016864942558768,0.016952432511151,0.016994668165762,0.017078318272215,0.017243935600676,0.017668814855156,0.017884492165814,0.017972050483905,0.018059840398603,0.017971206958498,0.016509041722722,0.014288643814791,0.010680693371578,0.0070646647189,0.003446485216346,0.002004990975883,0.001820984020404,0.001820946644813,0.00182061023738
YBR019C,78182.9,YBR019C_translation_Ribosome,0,0,0,0,0,0,0,0,0,0,0,0,0,0,0,0,0,0,0,0,0,0,0,0,0,0,0,0,0,0,0,0,0,0,0,0,0,0
YBR020W,57940.9,YBR020W_translation_Ribosome,0,0,0,0,0,0,0,0,0,0,0,0,0,0,0,0,0,0,0,0,0,0,0,0,0,0,0,0,0,0,0,0,0,0,0,0,0,0
YBR021W,71740.4,YBR021W_translation_Ribosome,0,0,0,0,0,0,0,0,0,0,0,0,0,0,0,0,0,0,0,0,0,0,0,0,0,0,0,0,0,0,0,0,0,0,0,0,0,0
YBR023C,131593.5,YBR023C_translation_Ribosome,0,0,0,2.29070003152189E-08,0,0,0,0,3.4553910183002E-08,3.57253456990105E-08,3.82012253714201E-08,3.84642714836266E-08,3.87246470188104E-08,0,3.99998699831536E-08,0,0,4.28075662660352E-08,0,4.3044978313005E-08,4.32138903298578E-08,4.32929867335902E-08,4.34541399994106E-08,4.37672426018757E-08,0,4.49591811231562E-08,4.51162024428E-08,4.52745402487707E-08,0,4.53969070841743E-08,4.54576063662761E-08,4.55782859417206E-08,0,4.5802296291999E-08,4.5849087499867E-08,0,0,4.59117147824208E-08
YBR026C,42074.3,YBR026C_translation_Ribosome,0,0,0,0,0,0,0,0,0,0,0,0,0,0,0,0,0,0,0,0,0,0,0,0,0,0,0,0,0,0,0,0,0,0,0,0,0,0
YBR029C,51832.3,YBR029C_translation_Ribosome,2.11207373535376E-05,3.15266993501312E-05,4.90891283989305E-05,8.04530659967152E-05,8.9676080409498E-05,9.37530073072046E-05,9.75665541572344E-05,0.00010436301232,0.000112908610938,0.000115729106433,0.000121382855393,0.000121958064989,0.000122522489518,0.000123080052302,0.00012521406784,0.000127681936381,0.00013055090856,0.000130695959423,0.000130996962175,0.000131130254126,0.0001314363446,0.000131578854254,0.000131867559288,0.000132422192208,0.00013379823975,0.000134456014675,0.000134714563197,0.000134973161013,0.000135097909755,0.000135171361876,0.000135269222892,0.000135462820492,0.000135644623534,0.000135818577189,0.000135892252089,0.000135926935394,0.000135933414792,0.000135990650356
YBR031W,39126.9,YBR031W_translation_Ribosome,0.002216557778443,0.002384188973137,0.002694488339687,0.003365247780755,0.003603497801036,0.003716509223241,0.003828824015682,0.004042170330041,0.004343785230525,0.004454381569323,0.004699726754819,0.004726490846757,0.004753099624033,0.004779809284026,0.004885663273112,0.005016059315276,0.005183804204888,0.005193138876201,0.005212601002496,0.005221216562544,0.005241420894019,0.005250873758969,0.005270181950154,0.005307886467179,0.005405300902309,0.005453911270315,0.005473414378383,0.005493196536796,0.005502785782279,0.005508519544334,0.005516226422402,0.005531470108194,0.005545950170494,0.005559928309454,0.005565905629562,0.005568489981784,0.005568941679888,0.005573266290162
YBR034C,39771.3,YBR034C_translation_Ribosome,0,0,0,0,0,0,0,0,0,0,0,0,0,0,0,0,0,0,0,0,0,0,0,0,0,0,0,0,0,0,0,0,0,0,0,0,0,0
YBR035C,26908.5,YBR035C_translation_Ribosome,0,0,0,0,0,0,0,0,0,0,0,0,0,0,0,0,0,0,0,0,0,0,0,0,0,0,0,0,0,0,0,0,0,0,0,0,0,0
YBR036C,45442.5,YBR036C_translation_Ribosome,1.75210050215153E-07,2.58497919137649E-07,3.99057514957396E-07,6.50043491255912E-07,7.23837935202793E-07,7.56455605878353E-07,7.86964583533428E-07,8.41333133026925E-07,9.09684542132375E-07,9.32241166142868E-07,9.77450770068766E-07,9.82049880887851E-07,9.86562661948175E-07,9.91020473467145E-07,1.00808130696397E-06,1.02780899151283E-06,1.05073943470584E-06,1.05189864233748E-06,1.05430413724347E-06,1.05536934622806E-06,1.05781542169795E-06,1.05895424601625E-06,1.06126130609942E-06,1.06569325952173E-06,1.07668800099178E-06,1.08194315921275E-06,1.08400866905335E-06,1.08607452726785E-06,1.08707107469828E-06,1.08765783750904E-06,1.08843958378515E-06,1.08998608155602E-06,1.09143831282502E-06,1.09282783046677E-06,1.09341631492273E-06,1.09369335326557E-06,1.09374510665106E-06,1.09420228331415E-06
YBR038W,109894.8,YBR038W_translation_Ribosome,2.37898079201603E-09,3.54958475209346E-09,5.59732433935432E-09,0,1.08406710682299E-08,1.14264672568079E-08,0,1.30296987371658E-08,0,0,0,0,0,1.6277993166763E-08,0,1.72134071471109E-08,1.78415937701103E-08,0,0,0,0,0,0,0,1.86085673451108E-08,0,0,0,1.89366893629843E-08,0,0,0,0,0,0,1.91536791429069E-08,0,0
YBR039W,34360,YBR039W_translation_Ribosome,0.000500881627405,0.000658260946654,0.000938956491034,0.00150488723363,0.001693093521536,0.001780765823561,0.001865047878584,0.002023808109539,0.002240908745385,0.002268140189339,0.002143963941887,0.002130968910987,0.002118135978378,0.002105384210604,0.002055726803287,0.001996497290945,0.001789326008979,0.001758297412507,0.001697318613465,0.001665904414437,0.001606088308452,0.001575655719954,0.001515664185764,0.001395477448567,0.001104285795946,0.000961749194752,0.000905383953285,0.000849594124058,0.0008247822609,0.000825869446631,0.000827236124649,0.00083022395849,0.000832972571208,0.000835419894886,0.000836742229511,0.000837253374636,0.000837052468438,0.000838027194099
YBR041W,77147.6,YBR041W_translation_Ribosome,2.53679062052693E-07,3.74267969154088E-07,5.77778135301981E-07,9.41169886960134E-07,1.04801367418661E-06,1.09523939036643E-06,1.13941202102449E-06,1.21812989493486E-06,1.31709294717176E-06,1.34975170855566E-06,1.4152087408755E-06,1.42186759473361E-06,4.26360813986629E-06,1.43485572817006E-06,1.45955737190559E-06,1.48812023406264E-06,1.52132023209083E-06,1.52299859873907E-06,1.52648141088814E-06,1.52802368095625E-06,1.53156524795053E-06,1.53321410248014E-06,1.53655439510188E-06,1.54297122898697E-06,1.55889004015216E-06,1.56649875670021E-06,1.56948931916142E-06,1.57248038601858E-06,1.57392324398863E-06,1.57477279251233E-06,1.57590464917167E-06,1.57814375648013E-06,1.58024637939341E-06,1.5822582019553E-06,1.5831102431744E-06,1.58351135502206E-06,1.58358628651293E-06,1.58424821285198E-06
YBR042C,45529.6,YBR042C_translation_Ribosome,0,0,0,0,0,0,0,0,0,0,0,0,0,0,0,0,0,0,0,0,0,0,0,0,0,0,0,0,0,0,0,0,0,0,0,0,0,0
YBR048W,17775.3,YBR048W_translation_Ribosome,0,0,0,0,0,0,0,0,0,0,0,0,0,0,0,0,0,0,0,0,0,0,0,0,0,0,0,0,0,0,0,0,0,0,0,0,0,0
YBR058CA,9581.3,YBR058CA_translation_Ribosome,0,0,0,0,0,0,0,0,0,0,0,0,0,0,0,0,0,0,0,0,0,0,0,0,0,0,0,0,0,0,0,0,0,0,0,0,0,0
YBR061C,34703,YBR061C_translation_Ribosome,0,0,0,0,0,0,0,0,0,0,0,0,0,0,0,0,0,0,0,0,0,0,0,0,0,0,0,0,0,0,0,0,0,0,0,0,0,0
YBR068C,67775,YBR068C_translation_Ribosome,0,0,0,0,0,0,0,0,0,0,0,0,0,0,0,0,0,0,0,0,0,0,0,0,0,0,0,0,0,0,0,0,0,0,0,0,0,0
YBR069C,68760.1,YBR069C_translation_Ribosome,0,0,0,0,0,0,0,0,0,0,0,0,0,0,0,0,0,0,0,0,0,0,0,0,0,0,0,0,0,0,0,0,0,0,0,0,0,0
YBR079C,110332.4,YBR079C_translation_Ribosome,0.002148007664623,0.001864418067223,0.001710221310091,0.001808841431791,0.00184367674991,0.00186384773182,0.001867195540688,0.001929161482501,0.002029170946756,0.002068060549615,0.002082709927313,0.002088340076495,0.002099483590445,0.002096895260096,0.002103256268519,0.002126829823351,0.002123197626175,0.002121924007687,0.002112607458809,0.002116503095355,0.002100842762311,0.002098409153972,0.00209303570277,0.002081261407614,0.0020410805325,0.002025875046486,0.002019360282244,0.002011783582687,0.002018421953324,0.002020850585604,0.002035043931767,0.002030318932302,0.00203597720228,0.002046019112555,0.002043635274245,0.002047423103092,0.002050136407684,0.002049338830343
YBR082C,16453.9,YBR082C_translation_Ribosome,0.000117463968056,0.000118193118122,0.000119600135331,0.000123181475226,0.000124560201071,0.000125007723745,0.000126125136807,0.000127717865906,0.000130241610283,0.000132090788948,0.000133732917121,0.000133909879513,0.000134089011726,0.000134269681997,0.000135032643059,0.000135909166268,0.000135736854653,0.000135710847941,0.000135673720279,0.000135632435922,0.000135607140507,0.000135588818338,0.000135536885177,0.000135416257457,0.000135152143898,0.000135002775229,0.00013494003669,0.000134883275638,0.000134865515106,0.000134920614785,0.000134992538698,0.000135139902544,0.000135279836797,0.000135415957768,0.000135471941937,0.000135504734557,0.000135505484193,0.000135541838544
YBR084CA,21736.8,YBR084CA_translation_Ribosome,0.00123140021618,0.001324527086768,0.001496912715858,0.001869550563953,0.002001909453638,0.002064692518031,0.002127088572416,0.002245612303301,0.002413173310405,0.002474614684426,0.002610915266074,0.002625783955227,0.002640566359913,0.002655404809607,0.002714211589341,0.002786652613018,0.002879842646384,0.002885028487414,0.002895840597417,0.002900626938927,0.002911851378185,0.002917102881239,0.002927829473178,0.002948776073744,0.00300289429148,0.003029899595945,0.003040734473215,0.003051724375839,0.003057051644578,0.00306023701421,0.003064518540913,0.00307298711239,0.00308103145575,0.003088796957514,0.003092117634892,0.003093553361908,0.003093804301066,0.003096206821803
YBR084W,106228.6,YBR084W_translation_Ribosome,0,0,0,0,0,0,0,0,0,0,0,0,0,0,1.03021135425783E-05,3.25014330754678E-05,0,0,0,0,0,0,0,0,0,0,0,0,0,0,0,0,0,0,0,0,0,0
YBR085W,33333.4,YBR085W_translation_Ribosome,0,0,0,0,0.002452861833138,0,0.00269781881149,0,0,0.003261400015632,0.00305996490631,0.003038828271848,0.00301793604877,0.002997182890068,0.002916251251302,0.002819500870753,0.002503833902793,0.002456807973286,0.002364329215578,0,0.002205391051545,0.002179864986816,0.00200561661788,0,0.001465111982029,0.001248949174961,0,0.001041690706092,0.001041153848324,0.001042515758319,0.001044219782081,0.001047973127554,0.000804177645832,0.00105447174884,0.000817145386876,0.001056778817602,0.00105651339164,0.001057730946653
YBR091C,12283.1,YBR091C_translation_Ribosome,0,0,0,0,0,0,0,0,0,0,0,0,0,0,0,0,0,0,0,0,0,0,0,0,0,0,0,0,0,0,0,0,0,0,0,0,0,0
YBR092C,52745.8,YBR092C_translation_Ribosome,0,0,0,0,0,0,0,0,0,0,0,0,0,0,0,0,0,0,0,0,0,0,0,0,0,0,0,0,0,0,0,0,0,0,0,0,0,0
YBR093C,52832.8,YBR093C_translation_Ribosome,0,0,0,0,0,0,0,0,0,0,0,0,0,0,0,0,0,0,0,0,0,0,0,0,0,0,0,0,0,0,0,0,0,0,0,0,0,0
YBR097W,166364.6,YBR097W_translation_Ribosome,0,0,0,0,0,0,0,0,0,0,0,0,0,0,0,0,0,0,0,0,0,0,0,0,0,0,0,0,0,0,0,0,0,0,0,0,0,0
YBR110W,51938.5,YBR110W_translation_Ribosome,0,0,0,0,0,0,0,0,0,0,0,0,0,0,0,0,0,0,0,0,0,0,0,0,0,0,0,0,0,0,0,0,0,0,0,0,0,0
YBR115C,155321.8,YBR115C_translation_Ribosome,1.1186266418718E-05,1.89421141767413E-05,3.35500213414545E-05,6.60449399234011E-05,7.80079358291742E-05,8.35371145846425E-05,8.92518912037064E-05,0.00010006022549,0.000115916089546,0.000121633400138,0.000134423682876,0.000135757741253,0.000137095742459,0.000138472309897,0.000144112339669,0.000150823963605,0.000159799055765,0.000160199720664,0.000161234284643,0.000161550087281,0.000162661088501,0.000163173909352,0.000164090020968,0.000165891244489,0.000170826606888,0.000173279561318,0.000174199275953,0.000175237063023,0.000175729714363,0.000176042310596,0.000176349977992,0.000177303638278,0.000178083479183,0.000178833762179,0.000179173652509,0.000179336515464,0.000179357161121,0.000179591086771
YBR117C,75016,YBR117C_translation_Ribosome,4.61103744985932E-05,0,0,0.000448641500697,0,0.000560838748217,0,0,0.000388758454025,0,0,0,0,0,0,0.00034009359055,0,0,0,0,0,0,0,0,0,0,0,0,0,0,0,0,0,0,0,0,0.000563653009958,0
YBR121C,75325.4,YBR121C_translation_Ribosome,6.9888880407731E-06,1.13206769996356E-05,2.18071940091139E-05,5.47262386700373E-05,6.95270454876254E-05,7.71251399266672E-05,8.48938623917836E-05,0.000100696689106,0.000124975067032,0.000131477945964,0.000134610299594,0.00013491550019,0.000135211855129,0.000135502278938,0.00013658246726,0.000137770591544,0.000129288451189,0.000127352334357,0.000123553263987,0.000121537230653,0.000117777550367,0.000115824551732,0.000111962489962,0.000104071095704,8.43789436140947E-05,7.43749560269601E-05,7.03532764843498E-05,6.63392765444631E-05,6.4553929332297E-05,6.47258645647176E-05,6.49492021910415E-05,6.54163147501089E-05,6.58542409750109E-05,6.62642618263295E-05,6.64580929521877E-05,6.65423172177852E-05,6.65396800349271E-05,6.66887076115023E-05
YBR122C,20101,YBR122C_translation_Ribosome,3.60253322675608E-06,5.83885820564353E-06,1.12593784161307E-05,2.83198159872098E-05,3.60077818799842E-05,3.99581360078692E-05,4.39995487792421E-05,5.22276044607572E-05,6.48861660186669E-05,6.82883999530979E-05,6.99754680040997E-05,7.01407280807905E-05,7.03013916356667E-05,7.04590131274536E-05,7.10472071021997E-05,7.16982962005178E-05,6.73256595754683E-05,6.63200593026734E-05,6.43469395970306E-05,6.32994204506074E-05,6.13465942190753E-05,6.03318730838771E-05,5.83252155746623E-05,5.42239170213717E-05,4.3985856692062E-05,3.87822526363295E-05,3.66899114172108E-05,3.4601348375172E-05,3.36724177306857E-05,3.37626701843615E-05,3.38799162200518E-05,3.41251269395314E-05,3.43550348662477E-05,3.45709877683105E-05,3.46720818681288E-05,3.47164257209328E-05,3.47163798596569E-05,3.47946355012713E-05
YBR126C,56136.2,YBR126C_translation_Ribosome,3.73785983196424E-05,5.12366668254093E-05,6.81384632581872E-05,7.40958480210038E-05,6.8627331010387E-05,6.49605863808308E-05,6.07783771512098E-05,5.13747082309312E-05,3.55780370111971E-05,2.92692522095179E-05,1.47530855811441E-05,1.31242806551836E-05,1.14981414191879E-05,9.86237428289687E-06,3.32896270644383E-06,0,0,0,0,0,0,0,0,0,0,0,0,0,0,0,0,0,0,0,0,0,0,0
YBR127C,57728.7,YBR127C_translation_Ribosome,0,0,0,0,0,0,0,0,0,0,0,0,0,0,0,0,0,0,0,0,0,0,0,0,0,0,0,0,0,0,0,0,0,0,0,0,0,0
YBR132C,67261.4,YBR132C_translation_Ribosome,0,0,0,0,0,0,0,0,0,0,0,0,0,0,0,0,0,0,0,0,0,0,0,0,0,0,0,0,0,0,0,0,0,0,0,0,0,0
YBR142W,87054.1,YBR142W_translation_Ribosome,6.34573554270179E-06,8.41048984076771E-06,1.28304112918775E-05,2.50688535066445E-05,3.03033995912869E-05,3.2957530378674E-05,3.56797484021983E-05,4.11635879211144E-05,4.95626501542372E-05,5.28189874178023E-05,6.03366757437118E-05,6.11860607949486E-05,6.20365728925732E-05,6.28950888181872E-05,6.63541279431592E-05,7.07409390893582E-05,7.65220823280813E-05,7.68419401672017E-05,7.7512162989479E-05,7.78109437751817E-05,7.85091244911572E-05,7.88374690538558E-05,7.95102454391115E-05,8.08319872740089E-05,8.42936601751233E-05,8.60478985117001E-05,8.67569755084161E-05,8.74778803275255E-05,8.78294820229953E-05,8.80387269967063E-05,8.83195028070646E-05,8.88783333279943E-05,8.94105300568902E-05,8.99252409625819E-05,9.014568207776E-05,9.02458604268086E-05,9.02641369937207E-05,9.04307663560774E-05
YBR143C,48988.8,YBR143C_translation_Ribosome,0.00016048094726,0.000198930897465,0.000271483122956,0.000435171040336,0.00049515262713,0.000523044264634,0.000553459517692,0.00060976961942,0.000691410756585,0.000726844598549,0.000793871888472,0.000801233135781,0.00080858783289,0.000815976758737,0.000845666848447,0.000882101121346,0.000922594215865,0.000924985289818,0.000930057986324,0.000932231202697,0.000937547854574,0.00094005317241,0.000945045319845,0.000954795661239,0.000980420595252,0.000993299595003,0.00099848317049,0.001003779795245,0.001006392430022,0.00100806871745,0.001010298937092,0.001014770711144,0.001019020675037,0.001023132401147,0.001024869821133,0.001025739993001,0.001025864492707,0.00102716203896
YBR145W,37642.5,YBR145W_translation_Ribosome,0,0,0,0,0,0,0,0,0,1.18347540386487E-06,1.39759930423138E-05,1.53174283997507E-05,1.66445702362331E-05,1.79546345348344E-05,2.30510507478924E-05,2.91209832355924E-05,4.38286267040212E-05,4.54037159296481E-05,4.8513734908138E-05,5.00901831229733E-05,5.31484621490388E-05,5.46871131466617E-05,5.77345710806849E-05,6.37934602425816E-05,7.84732223771163E-05,8.56185511397631E-05,8.84382880839322E-05,9.12300198648288E-05,9.26066252165497E-05,9.39277472314064E-05,9.59325375397409E-05,9.9184744969607E-05,0.000102442751356,0.000105700421583,0.000106986400742,0.000106971506008,0.000106857058704,0.000106252429955
YBR146W,31952.8,YBR146W_translation_Ribosome,5.72663169433817E-06,9.28152173888297E-06,1.78980481893906E-05,4.5017532275813E-05,5.72384186286632E-05,6.35179507602728E-05,6.99422308458965E-05,8.3021650654877E-05,0.000103143857796,0.00010855209124,0.00011123387563,0.000111496575107,0.000111751967895,0.000112002524982,0.000112937525451,0.000113972504793,0.000107021707143,0.000105423192423,0.000102286696759,0.000100621547275,9.7517310370791E-05,9.59042970138056E-05,9.27144892400412E-05,8.61950139694784E-05,6.99204657335515E-05,6.16487519047864E-05,5.83227402383888E-05,5.50027344093427E-05,5.35260946850929E-05,5.36695611097392E-05,5.38559368686171E-05,5.42457268829142E-05,5.46111913872066E-05,5.49544728104707E-05,5.51151732508803E-05,5.5185662791693E-05,5.51855898900375E-05,5.53099860327855E-05
YBR149W,38874.8,YBR149W_translation_Ribosome,0,0,0,0,0,0,0,0,0,0,0,0,0,0,0,0,0,0,0,0,0,0,0,0,0,0,0,0,0,0,0,0,0,0,0,0,0,0
YBR153W,27114.5,YBR153W_translation_Ribosome,3.55330125087845E-12,5.30174265468713E-12,8.360294308953E-12,1.42863742985325E-11,1.61918793948983E-11,1.70668382582147E-11,1.79064021622611E-11,1.94614622264796E-11,2.15501849897068E-11,2.22807724091854E-11,2.3824900546062E-11,2.39889541176796E-11,2.41513421345578E-11,2.43131906215325E-11,2.49466585152271E-11,2.57103467808483E-11,2.66486209866678E-11,2.66977302165356E-11,2.68001983960464E-11,2.68457966293927E-11,2.69511417318973E-11,2.70004716665827E-11,2.71009778805461E-11,2.72962501078613E-11,2.77941906241304E-11,2.80396246056796E-11,2.81375538550101E-11,2.82363041553802E-11,2.82842813303956E-11,2.83126204948505E-11,2.8350476724467E-11,2.84257407730663E-11,2.84969405383439E-11,2.85654489699836E-11,2.85946311719429E-11,2.86083823315532E-11,2.86109585800185E-11,2.86336898346902E-11
YBR159W,38722.7,YBR159W_translation_Ribosome,1.41209484946567E-10,2.08334841388165E-10,3.21618001261896E-10,1.02916719058644E-09,5.83372825298882E-10,6.09660840573075E-10,6.3424936740492E-10,6.78067372489875E-10,7.3315477908164E-10,1.4759505091799E-09,7.87770562433708E-10,7.91477188104875E-10,1.5619538335395E-09,1.56901156647417E-09,8.12457059203179E-10,1.62725618590673E-09,1.66356031034979E-09,1.66539560056893E-09,8.49710070936979E-10,8.50568569703905E-10,1.67476321254205E-09,1.67656623132471E-09,1.68021883392162E-09,1.68723562758821E-09,8.67750211140784E-10,8.71985574265189E-10,8.73650259483727E-10,8.75315225472318E-10,8.76118386873013E-10,8.76591284827224E-10,8.77221328531268E-10,8.78467719097403E-10,8.79638136144129E-10,8.8075800952061E-10,8.81232295024238E-10,8.81455572408484E-10,8.81497282737865E-10,1.7323719181865E-09
YBR161W,44393.4,YBR161W_translation_Ribosome,0,0,0,0,0,0,0,0,0,0,0,0,0,0,0,0,0,0,0,0,0,0,0,0,0,0,0,0,0,0,0,0,0,0,0,0,0,0
YBR166C,50917.7,YBR166C_translation_Ribosome,1.3136214065816E-07,5.35075181417284E-07,1.29408683863788E-06,3.00947285126669E-06,3.61690963908847E-06,3.91906854563467E-06,4.19919374022594E-06,4.7689764241188E-06,5.59542261816881E-06,5.89135988622725E-06,6.54591707679173E-06,6.61459409102157E-06,6.68555463970552E-06,6.75367027621879E-06,7.04473892949403E-06,7.38201087645866E-06,7.78978924011127E-06,7.81031930759798E-06,7.86245735976701E-06,7.89182635808852E-06,7.93480692574847E-06,7.96263179970381E-06,8.0081621181983E-06,8.10878524165009E-06,8.34908579742267E-06,8.47308898598945E-06,8.52406830871674E-06,8.57057678417372E-06,8.59521703407437E-06,8.60569681875405E-06,8.61448330393218E-06,8.64740416849781E-06,8.67419784331339E-06,8.69859655707506E-06,8.71030289400214E-06,8.72003307441905E-06,8.72174239585491E-06,8.73100905642401E-06
YBR167C,15820.5,YBR167C_translation_Ribosome,0,0,0,0,0,0,0,0,0,0,0,0,0,0,0,0,0,0,0,0,0,0,0,0,0,0,0,0,0,0,0,0,0,0,0,0,0,0
YBR169C,77607.4,YBR169C_translation_Ribosome,4.28120677229385E-05,5.88047628548857E-05,9.04269230183412E-05,0.000195865652412,0.000238949516593,0.000278286660531,0.000274769113969,0.000320570691863,0.000393399126671,0.000411356769438,0.000478906827376,0.000488937999851,0.000500079389934,0.000507326723555,0.000556072438815,0.000605705996529,0.000711403961752,0.000717377272161,0.000723890132924,0.000727853564796,0.000736585052046,0.000741398668968,0.000749347523792,0.000766871696036,0.000809967312418,0.000830920572177,0.000841683695315,0.000850032805468,0.000854529315884,0.000857703483206,0.000872256692148,0.000870422417719,0.000879159679654,0.000895870793008,0.000890297532958,0.000890572084891,0.000889914930988,0.000891764501145
YBR176W,34468.3,YBR176W_translation_Ribosome,0,0,0,0,0,0,0,0,0,0,0,0,0,0,0,0,0,0,0,0,0,0,0,0,0,0,0,0,0,0,0,0,0,0,0,0,0,0
YBR180W,63416.4,YBR180W_translation_Ribosome,0,0,0,0,0,0,0,0,0,0,0,0,0,0,0,0,0,0,0,0,0,0,0,0,0,0,0,0,0,0,0,0,0,0,0,0,0,0
YBR181C,27023.9,YBR181C_translation_Ribosome,0.001530916984194,0.001646695352587,0.001861010799293,0.002324286347816,0.002488839244239,0.0025668932013,0.002644466014875,0.002791818589819,0.00300013590883,0.003076521832581,0.003245975169246,0.003264460409429,0.003282838377942,0.003301286023441,0.003374396533491,0.003464457581104,0.003580314475527,0.00358676168254,0.003600203650976,0.003606154187133,0.003620108776772,0.003626637616959,0.003639973266545,0.003666014764788,0.003733296301366,0.003766870178262,0.003780340451709,0.003794003457742,0.003800626492304,0.003804586647911,0.003809909581806,0.003820437986572,0.003830438977083,0.003840093302609,0.003844221677228,0.003846006619965,0.003846318595727,0.003849305488007
YBR183W,36422.9,YBR183W_translation_Ribosome,0,0,0,0,0,0,0,0,0,0,0,0,0,0,0,0,0,0,0,0,0,0,0,0,0,0,0,0,0,0,0,0,0,0,0,0,0,0
YBR189W,22313.1,YBR189W_translation_Ribosome,0.001264047889462,0.001359643799445,0.001536599827031,0.001919117289046,0.00205498536261,0.002119432971922,0.002183483310569,0.002305149418718,0.002477152910842,0.002540223258026,0.002680137528221,0.002695400425609,0.002710574750901,0.002725806607101,0.002786172509943,0.002860534136558,0.002956194883931,0.002961518215309,0.002972616982915,0.002977530222985,0.002989052251784,0.002994442986059,0.003005453968292,0.003026955918583,0.00308250895326,0.003110230239698,0.003121352378193,0.003132633652172,0.003138102160881,0.003141371983078,0.003145767024367,0.003154460120049,0.003162717740206,0.003170689125938,0.003174097843248,0.00317557163518,0.003175829227399,0.003178295445308
YBR191W,18262.6,YBR191W_translation_Ribosome,0,0,0,0,0,0,0,0,0,0,0,0,0,0,0,0,0.002419556434887,0.002423913421214,0.002432997428066,0.002437018767015,0.0024464492004,0.002450861353967,0.002459873511136,0.002477472209541,0.002522940694471,0.002545629732109,0.002554732867328,0.002563966250147,0.002568442059745,0.002571118310686,0.002574715519547,0.002581830556418,0.002588589169693,0.002595113508717,0.002597903441122,0.00259910969541,0.002599320526879,0.002601339051924
YBR192W,42120.2,YBR192W_translation_Ribosome,2.2179567888769E-08,3.27228497427389E-08,5.05160704745408E-08,8.22879950507844E-08,9.16295189948677E-08,9.57585392207524E-08,9.96206232752141E-08,1.06503053438446E-07,1.15155552063263E-07,1.18010960032085E-07,1.23733973513628E-07,1.243161678028E-07,1.2488743374205E-07,1.25451741172373E-07,1.27611445563314E-07,1.30108742483194E-07,1.33011471641153E-07,1.33158213933246E-07,1.33462721793927E-07,1.3359756494332E-07,1.33907209834683E-07,1.34051371834806E-07,1.34343418984402E-07,1.34904453078576E-07,1.36296260309637E-07,1.36961502619695E-07,1.37222972299459E-07,1.37484486079386E-07,1.37610637469268E-07,1.37684914861487E-07,1.37783874907413E-07,1.37979643656111E-07,1.38163479354938E-07,1.38339376233059E-07,1.38413871565581E-07,1.38448941418991E-07,1.38455492799383E-07,1.38513366082674E-07
YBR196C,61289.6,YBR196C_translation_Ribosome,7.55579466741045E-06,1.00164703908474E-05,1.44137921844794E-05,2.32557039349239E-05,2.61681091165119E-05,2.75210478339548E-05,2.88260141635718E-05,3.12594198930294E-05,3.45600556470753E-05,3.75001863442766E-05,6.25886157522584E-05,6.52195700668194E-05,6.78259118000488E-05,7.03898162990328E-05,8.03757727487825E-05,9.22411877459172E-05,0.000120003634163,0.000122857424107,0.000128492502659,0.000131347095239,0.000136887592637,0.000139674726852,0.000145191527051,0.000156156227626,0.000182708568439,0.000195607019641,0.000200695782657,0.000205729492385,0.000208246597091,0.00021098141534,0.000215129217646,0.000221864063076,0.000228609023841,0.000235351234144,0.000238014370117,0.000237989734191,0.000237755594198,0.00023652205695
YBR199W,54525.2,YBR199W_translation_Ribosome,0,0,0,0,0,0,0,0,0,0,0,0,0,0,0,0,0,0,0,0,0,0,0,0,0,0,0,0,0,0,0,0,0,0,0,0,0,0
YBR204C,43282.2,YBR204C_translation_Ribosome,0,0,0,0,0,0,0,0,0,0,0,0,0,0,0,0,0,0,0,0,0,0,0,0,0,0,0,0,0,0,0,0,0,0,0,0,0,0
YBR205W,47490.8,YBR205W_translation_Ribosome,0,0,0,0,0,0,0,0,0,0,0,0,0,0,0,0,0,0,0,0,0,0,0,0,0,0,0,0,0,0,0,0,0,0,0,0,0,0
YBR208C,201800.7,YBR208C_translation_Ribosome,0,0,0,0,0,0,0,0,0,0,0,0,0,0,0,0,0,0,0,0,0,0,0,0,0,0,0,0,0,0,0,0,0,0,0,0,0,0
YBR213W,31914.1,YBR213W_translation_Ribosome,0,0,0,0,0,0,0,0,0,0,0,0,0,0,0,0,0,0,0,0,0,0,0,0,0,0,0,0,0,0,0,0,0,0,0,0,0,0
YBR218C,130152,YBR218C_translation_Ribosome,0,0.000589567004298,0.001009697400167,0.001931261234162,0.00226479742845,0.002420875654689,0.002579854765953,0.002880788897431,0.003308789188524,0.003467174590861,0.0038099317936,0.003847227202511,0.003884175613709,0.003921704483122,0.004069372765739,0.004252966024601,0.00448446712409,0.004496406446754,0.004522067531919,0.004533136776822,0.004559560756268,0.004571747524622,0.004597179602674,0.00464603999604,0.004773412103318,0.004836909130013,0.004862415865381,0.004888441834971,0.004901145139096,0.004909286087444,0,0.004941744466658,0.004962316283353,0.002216187478003,0.004990610679224,0.004993999681786,0.004994736707042,0.005000923903511
YBR221C,40044.9,YBR221C_translation_Ribosome,2.36447989897858E-05,3.10956658075176E-05,4.43895052749549E-05,7.12112583895885E-05,8.0143677754716E-05,8.43006073558885E-05,8.83022777232985E-05,9.58439690963298E-05,0.00010617402755,0.000106608884663,0.000100478667255,9.98359916519582E-05,9.92023370824689E-05,9.85708275884895E-05,9.61049062542447E-05,9.3155513381377E-05,8.42107556952231E-05,8.27164158940977E-05,7.97806318543109E-05,7.82686285762427E-05,7.53872574777647E-05,7.39226359330025E-05,7.10329089525828E-05,6.52454220758474E-05,5.1218863873656E-05,4.43530210130021E-05,4.16379198595774E-05,3.89497528088154E-05,3.77535989344577E-05,3.78013848710141E-05,3.78587090358175E-05,3.79926798622443E-05,3.81134443174638E-05,3.82267920201414E-05,3.82787095353424E-05,3.83009855223528E-05,3.83065306010376E-05,3.83530559121254E-05
YBR244W,18410.3,YBR244W_translation_Ribosome,0,0,0,0,0,0,0,0,0,0,0,0,0,0,0,0,0,0,0,0,0,0,0,0,0,0,0,0,0,0,0,0,0,0,0,0,0,0
YBR247C,55107.9,YBR247C_translation_Ribosome,4.01704411065827E-06,5.32409654566577E-06,8.12204160897256E-06,1.58693487401376E-05,1.91829760383104E-05,2.08631217639942E-05,2.25863687864615E-05,2.60578064306906E-05,3.13746689522341E-05,3.34360297415229E-05,3.81949557024528E-05,3.87326423417386E-05,3.9271042435757E-05,3.98145091969681E-05,4.20041864458862E-05,4.47811716764913E-05,4.84408116415846E-05,4.86432914077583E-05,4.90675628925911E-05,4.92567002412102E-05,4.9698669925325E-05,4.9906522046325E-05,5.03324100143935E-05,5.11691129021764E-05,5.33604574117092E-05,5.44709437739626E-05,5.49198111360665E-05,5.53761658704328E-05,5.55987404656992E-05,5.57311989149482E-05,5.59089385651157E-05,5.6262695326306E-05,5.6599592084946E-05,5.69254197842706E-05,5.70649657324927E-05,5.71283816823622E-05,5.71399513065583E-05,5.72454327742642E-05
YBR248C,61054.6,YBR248C_translation_Ribosome,4.08086255704383E-07,8.21478035406064E-07,1.58128570945664E-06,3.2267627237158E-06,3.80650580326754E-06,4.09550333729681E-06,4.35022510604632E-06,4.87268894861119E-06,5.6017115950133E-06,5.87614845045428E-06,6.46739876067725E-06,6.53639178946529E-06,6.60686195160568E-06,6.67004700614804E-06,6.91726920838045E-06,7.25157498497069E-06,7.61692711372306E-06,7.64498260606015E-06,7.69003147661042E-06,7.719141028157E-06,7.76462162903867E-06,7.78938715465572E-06,7.83616237521279E-06,7.9407722936337E-06,8.18552569344512E-06,8.30743493393919E-06,8.36438627869213E-06,8.41185234674494E-06,8.4349934101963E-06,8.43525601257398E-06,8.43626630629355E-06,8.43485506360723E-06,8.43841012256321E-06,8.43602620558282E-06,8.43876091876885E-06,8.44806011413278E-06,8.44947115629303E-06,8.45825008365893E-06
YBR249C,39747.7,YBR249C_translation_Ribosome,0,0,0,0,0,0,0,0,0,0,0,0,0,0,0,0,0,0,0,0,0,0,0,0,0,0,0,0,0,0,0,0,0,0,0,0,0,0
YBR251W,34898.6,YBR251W_translation_Ribosome,6.25458266092581E-06,1.01372059586822E-05,1.95481092280572E-05,4.91677991249808E-05,6.25153562865936E-05,6.93738125110305E-05,7.63903613266632E-05,9.06756020612995E-05,0.000112652920423,0.000118559750988,0.00012148877507,0.000121775693398,0.000122054631418,0.000122328287922,0.000123349488174,0.000124479884572,0.000116888277362,0.000115142391999,0.000111716735795,0.000109898072461,0.000106507649023,0.000104745928362,0.000101262045085,9.4141524827722E-05,7.63665896399978E-05,6.7332288038118E-05,6.36996439274002E-05,6.00735593455937E-05,5.84607849070249E-05,5.86174778217979E-05,5.88210359781653E-05,5.92467616044938E-05,5.96459190977182E-05,6.00208484021273E-05,6.01963641750698E-05,6.02733523040916E-05,6.02732726814697E-05,6.04091371824618E-05
YBR252W,15307.5,YBR252W_translation_Ribosome,0,0,0,0,0,0,0,0,0,0,0,0,0,0,0,0,0,0,0,0,0,0,0,0,0,0,0,0,0,0,0,0,0,0,0,5.46908780591852E-06,5.46958030944086E-06,5.47392586195402E-06
YBR256C,26188,YBR256C_translation_Ribosome,1.66789602514296E-06,2.48860281629582E-06,3.92426666426911E-06,6.70592928205454E-06,7.60036072811684E-06,8.01106061176119E-06,8.40514633642816E-06,9.13508121018181E-06,1.01155138131172E-05,1.04584466991669E-05,1.11832501987776E-05,1.12602558565286E-05,1.13364797139387E-05,1.14124503195928E-05,1.17097959447878E-05,1.20682661483382E-05,1.25086858335516E-05,1.25317373801308E-05,1.25798352635476E-05,1.26012387716608E-05,1.26506870636378E-05,1.26738422075936E-05,1.27210191574034E-05,1.28126786449515E-05,1.3046408618631E-05,1.31616137007106E-05,1.32075810404241E-05,1.32539337760465E-05,1.3276453943591E-05,1.3289756159309E-05,1.33075256222524E-05,1.33428540671637E-05,1.33762747644571E-05,1.34084321676022E-05,1.34221300995298E-05,1.34285848025892E-05,1.34297940765212E-05,1.34404639766047E-05
YBR257W,32894.6,YBR257W_translation_Ribosome,0,0,0,0,0,0,0,0,0,0,0,0,0,0,0,0,0,0,0,0,0,0,0,0,0,0,0,0,0,0,0,0,0,0,0,0,0,0
YBR263W,53693,YBR263W_translation_Ribosome,0,0,0,0,0,0,0,0,0,0,0,0,0,0,0,0,0,0,0,0,0,0,0,0,0,0,0,0,0,0,0,0,0,0,0,0,0,0
YBR265W,35968.9,YBR265W_translation_Ribosome,9.94828209670959E-06,1.46772985786824E-05,2.26581564626766E-05,3.69089331245748E-05,4.10989207688409E-05,4.29509251990624E-05,4.46831997793304E-05,4.77702011635868E-05,5.1651137780262E-05,5.29318842815585E-05,5.54988482929437E-05,5.57599820108201E-05,5.6016213996224E-05,5.6269324856422E-05,5.72380249065763E-05,5.83581465592205E-05,5.96601182052921E-05,5.9725937058229E-05,5.98625190743733E-05,5.99230007616781E-05,6.00618869087588E-05,6.01265484139863E-05,6.02575413821001E-05,6.0509184040899E-05,6.11334563905133E-05,6.1431839938613E-05,6.15491178832381E-05,6.16664156082626E-05,6.17229987491628E-05,6.17563146574616E-05,6.18007015660577E-05,6.1888510433566E-05,6.19709669268812E-05,6.20498625921843E-05,6.20832762540653E-05,6.20990062626064E-05,6.21019447771338E-05,6.21279028908811E-05
YBR267W,45854,YBR267W_translation_Ribosome,3.34248883826319E-06,4.43005672516932E-06,6.75816164175786E-06,1.32045154529618E-05,1.59617075457545E-05,1.73597176696298E-05,1.87935913786301E-05,2.16820937846096E-05,2.61061312468039E-05,2.78213415457274E-05,3.17811329914635E-05,3.22285295200522E-05,3.26765196977058E-05,3.31287257311161E-05,3.49507051673111E-05,3.72613698953114E-05,4.03064710688163E-05,4.0474949766029E-05,4.08279761862976E-05,4.09853529686388E-05,4.13531056482982E-05,4.15260545568273E-05,4.18804260151448E-05,4.25766269993303E-05,4.43999937242485E-05,4.53240035604928E-05,4.5697495637344E-05,4.60772177822567E-05,4.62624169187026E-05,4.63726325090601E-05,4.65205255319984E-05,4.68148782931746E-05,4.7095202238937E-05,4.73663158782669E-05,4.74824288114357E-05,4.75351957462185E-05,4.75448225610289E-05,4.76325912334005E-05
YBR268W,11955.9,YBR268W_translation_Ribosome,2.14275543534018E-06,3.47290208551084E-06,6.69698036940534E-06,1.68443802776718E-05,2.14171155354909E-05,2.37667518181426E-05,2.61705489900871E-05,3.10645249575826E-05,3.85937272923028E-05,4.06173464503877E-05,4.16207998562368E-05,4.17190951127368E-05,4.18146563980333E-05,4.19084082906583E-05,4.22582609518526E-05,4.26455230856062E-05,4.00447168458455E-05,3.94465945483724E-05,3.82730001058722E-05,3.7649944826895E-05,3.64884207663222E-05,3.58848734592073E-05,3.46913310227901E-05,3.22519143085328E-05,2.61624050556999E-05,2.30673466143322E-05,2.1822840252377E-05,2.05805811172936E-05,2.00280612480128E-05,2.00817426226162E-05,2.01514795450633E-05,2.02973287486365E-05,2.04340759841486E-05,2.05625228923508E-05,2.06226527837998E-05,2.06490281218298E-05,2.06490008439417E-05,2.06955466190562E-05
YBR282W,16509.4,YBR282W_translation_Ribosome,2.95884095586323E-06,4.79558458087913E-06,9.24757882808157E-06,2.32596970329457E-05,2.95739950335511E-05,3.28185090596645E-05,3.61378115823103E-05,4.28956973824399E-05,5.3292456557812E-05,5.60867872337533E-05,5.74724138832338E-05,5.76081456732005E-05,5.77401022371959E-05,5.78695602868704E-05,5.83526571281556E-05,5.88874111383926E-05,5.5296067071053E-05,5.44701451197232E-05,5.2849577860963E-05,5.19892270029978E-05,5.03853272275211E-05,4.95519141083011E-05,4.79038015028272E-05,4.45353134507056E-05,3.61265659654708E-05,3.18527297982299E-05,3.01342432491567E-05,2.84188598012569E-05,2.76559083270973E-05,2.77300346819411E-05,2.78263314682515E-05,2.80277285058206E-05,2.82165570181001E-05,2.83939239571238E-05,2.84769547979546E-05,2.85133753941181E-05,2.85133377272285E-05,2.85776108325301E-05
YBR291C,32187.7,YBR291C_translation_Ribosome,7.76030962611227E-07,1.9600269701021E-06,4.19557372732738E-06,1.86682245944744E-05,1.11876710045786E-05,1.21881177353646E-05,1.29915864911917E-05,1.47372521219209E-05,1.72642212190374E-05,1.81786780662719E-05,2.01692045323551E-05,2.03857659392122E-05,2.0604541595257E-05,2.08187263980686E-05,2.17042114422742E-05,2.27524745974461E-05,2.40177618630051E-05,2.40835250101503E-05,2.42248285823403E-05,2.42932396520396E-05,2.4433378029884E-05,2.45064841739458E-05,2.4638972876596E-05,2.49160237168322E-05,2.56149686953188E-05,2.5966727013404E-05,2.61062417436183E-05,2.62462889468615E-05,2.63139106548583E-05,2.63421151433058E-05,2.63803530702917E-05,2.64553543575267E-05,2.65258852723982E-05,2.65973542858527E-05,2.66232463859598E-05,2.66473335050439E-05,2.66524487556106E-05,2.66801460839459E-05
YBR293W,51697.6,YBR293W_translation_Ribosome,0,0,0,0,0,0,0,0,0,0,0,0,0,0,0,0,0,0,0,0,0,0,0,0,0,0,0,0,0,0,0,0,0,0,0,0,0,0
YBR294W,95946.6,YBR294W_translation_Ribosome,1.2391146433935E-06,2.45186911463952E-06,4.66945726585839E-06,9.46884342919259E-06,1.11731469460838E-05,0,1.27439863488904E-05,1.42380475212633E-05,1.62778138598098E-05,1.7182063706939E-05,1.88651209028898E-05,1.90437971309453E-05,1.92005857514383E-05,1.94041081389935E-05,2.01467869965033E-05,2.10090474726315E-05,2.20999858672435E-05,2.21538783465629E-05,2.22801054762332E-05,2.23171005601538E-05,2.24584284287491E-05,2.24966946129578E-05,2.26403784271199E-05,2.28640936138856E-05,0,2.37794193179459E-05,2.38938244083967E-05,2.40219424361472E-05,2.40835137683879E-05,2.41213654944189E-05,2.41689895771561E-05,2.4274471745097E-05,2.43675512863445E-05,2.44603224055016E-05,2.44993492378635E-05,2.45269211818809E-05,2.45305697600061E-05,2.45557993163775E-05
YBR296C,62649.9,YBR296C_translation_Ribosome,0,0,1.64244707593751E-05,0,0,3.77511833573594E-05,0,0,5.09688062053362E-05,0,0,0,5.95095596997716E-05,0,0,0,6.84085097761684E-05,6.85909201101799E-05,6.89725175751938E-05,6.91426334188144E-05,6.95370084478708E-05,0,7.01005052714509E-05,0,7.2743870118972E-05,7.36947223140208E-05,0,7.44627356277226E-05,7.46506215151705E-05,7.47617031500551E-05,7.49106316219817E-05,7.52069426562035E-05,0,7.57590067062655E-05,0,7.59294205718355E-05,7.59395265715468E-05,7.60298810974062E-05
YBR298C,68258.5,YBR298C_translation_Ribosome,0,0,0,0,0,0,0,0,0,0,0,0,0,0,0,0,0,0,0,0,0,0,0,0,0,0,0,0,0,0,0,0,0,0,0,0,0,0
YBR299W,68126.7,YBR299W_translation_Ribosome,0,0,0,0,0,0,0,0,0,0,0,0,0,0,0,0,0,0,0,0,0,0,0,0,0,0,0,0,0,0,0,0,0,0,0,0,0,0
YCL004W,59398,YCL004W_translation_Ribosome,2.71682900095039E-07,4.00830113646231E-07,6.18783584818006E-07,1.00796558573742E-06,1.12239217552272E-06,1.17296954452924E-06,1.22027714770694E-06,1.30458170205253E-06,1.41056825378602E-06,1.44554483772199E-06,1.51564741626363E-06,1.52277885514894E-06,1.52977643002866E-06,1.53668876844637E-06,1.5631435107229E-06,1.59373350566671E-06,1.62928973831147E-06,1.63108722019599E-06,1.63481721074896E-06,1.63646893715193E-06,1.64026185243865E-06,1.64202772770161E-06,1.64560508398504E-06,1.65247732651691E-06,1.66952591045628E-06,1.677674624668E-06,1.68087743011689E-06,1.68408077575781E-06,1.68562603469311E-06,1.68653587646495E-06,1.68774806204092E-06,1.69014608086899E-06,1.69239792887726E-06,1.69455253234823E-06,1.6954650437231E-06,1.69589462285513E-06,1.69597487229956E-06,1.69668377616749E-06
YCL009C,33982.2,YCL009C_translation_Ribosome,0,1.06646231601749E-05,1.99227869253373E-05,3.28901480279983E-05,4.49841171829217E-05,4.82028601949135E-05,5.14178741342308E-05,5.7575839187714E-05,6.63954206871595E-05,5.90668922315781E-05,7.6860672034327E-05,7.76305250129715E-05,6.61948401615062E-05,6.68375901147302E-05,1.28180708880528E-05,7.2551871027958E-05,9.04060252715031E-05,9.06421605097711E-05,9.11369893891359E-05,9.13556506421431E-05,9.18672490954042E-05,9.20906442733999E-05,9.25995528299036E-05,7.89493694095833E-05,9.60226781173369E-05,9.72530045513844E-05,9.77555363960646E-05,9.82519226557759E-05,9.8497123105753E-05,9.86603966777927E-05,9.88741530445204E-05,8.12797089558372E-05,9.97257827095409E-05,0.00010011856352,0.000100293628616,0.000100378242405,0.000100386660897,0.000100505828959
YCL018W,38946.2,YCL018W_translation_Ribosome,1.11519229866315E-05,1.89460985591263E-05,3.36942350795482E-05,6.72551318561582E-05,7.94874679337412E-05,8.58209526413317E-05,9.1518743423123E-05,0.000103094439381,0.000119655899839,0.000126153590852,0.000138821431223,0.00014026063254,0.000141695098932,0.00014309544326,0.000148615885258,0.000155548398868,0.000162830659133,0.000163232316099,0.000163934905716,0.000164334670351,0.000165036131717,0.000165335856059,0.000166145632358,0.000167646150509,0.000171264120724,0.000173103384418,0.000173891010817,0.000174585352886,0.000174943836437,0.000175111734184,0.000175324333459,0.000175773847549,0.000176208927818,0.000176563095664,0.00017678090005,0.000176908527938,0.00017691541026,0.00017715265767
YCL025C,69669,YCL025C_translation_Ribosome,0,0,0,0,0,0,0,0,0,4.89696644366524E-05,0,5.40572577623311E-05,5.45552847033889E-05,0,5.70337889914694E-05,0,0,0,0,0,0,0,0,0,0,0,0,0,0,0,0,0,0,0,0,0,0,0
YCL030C,87696.9,YCL030C_translation_Ribosome,6.93346162540987E-06,1.39570650934418E-05,2.68663392409588E-05,5.48233007273668E-05,6.46732438177823E-05,6.95833658422828E-05,7.39111362194861E-05,8.27878943862983E-05,9.5174125170178E-05,9.98368585487227E-05,0.000109882311635,0.000111054516067,0.00011225181727,0.000113325343136,0.000117525694479,0.000123205611998,0.000129413012833,0.000129889680883,0.000130655069599,0.000131149646311,0.000131922370205,0.000132343141106,0.000133137860831,0.000134915202863,0.000139073608792,0.000141144869534,0.000142112483507,0.00014291894086,0.000143312111846,0.000143316573509,0.000143333738588,0.000143309761311,0.000143370162426,0.000143329659232,0.000143376122519,0.000143534117584,0.000143558091453,0.000143707247067
YCL031C,34476.8,YCL031C_translation_Ribosome,2.51315739475362E-06,3.33088017844283E-06,5.08134050007758E-06,9.92823828605295E-06,1.2001321557846E-05,1.30524602903191E-05,1.41305642090712E-05,1.63023773497018E-05,1.96287317522966E-05,2.09183676059609E-05,2.38956637571441E-05,2.42320531808988E-05,2.45688889587356E-05,2.49088945628854E-05,2.62788082154742E-05,2.80161555721785E-05,3.03057125168004E-05,3.04323886268031E-05,3.06978228590689E-05,3.0816151638443E-05,3.10926582809624E-05,3.12226954626603E-05,3.14891410049057E-05,3.20126020353843E-05,3.33835587654768E-05,3.40783051850307E-05,3.43591271773364E-05,3.46446334460529E-05,3.47838813543579E-05,3.48667504795299E-05,3.49779485903433E-05,3.51992671509164E-05,3.54100376968505E-05,3.56138831786067E-05,3.57011864100429E-05,3.57408609216912E-05,3.57480991510464E-05,3.58140908412724E-05
YCL035C,12374.3,YCL035C_translation_Ribosome,0,0,0,0,0,0,0,0,0,0,0,0,0,0,0,0,0,0,0,0,0,0,0,0,0,0,0,0,0,0,0,0,0,0,0,0,0,0
YCL038C,58848.1,YCL038C_translation_Ribosome,0,0,0,0,0,0,0,0,0,0,0,0,0,0,0,0,0,0,0,0,0,0,0,0,0,0,0,0,0,0,0,0,0,0,0,0,0,0
YCL040W,55367,YCL040W_translation_Ribosome,5.88957628022398E-05,8.44249103529884E-05,0.000129683943262,0.000219497969068,0.000248955170093,0.000262681817418,0.000275737778457,0.000300297304389,0.000333684154533,0.000360167353662,0.000488959675115,0.000502495448356,0.000515890811602,0.000529127696677,0.00058069846487,0.000642198089541,0.000769693128997,0.000783151622995,0.00080980044489,0.000823212286997,0.000849474021416,0.000862627296183,0.000888728374276,0.000940523006962,0.00106627054832,0.001127466272511,0.001151619339943,0.001175553430487,0.001187505738877,0.001200257352106,0.001219537597886,0.001251002921675,0.001282467643241,0.001313892815272,0.001326327866663,0.001326360634214,0.001325316778151,0.001319917242524
YCL050C,36475.7,YCL050C_translation_Ribosome,1.17345724595729E-05,2.75785196292428E-05,5.68993424244095E-05,0.000122104294437,0.000145760501242,0.000157240363222,0.000167669459741,0.000188698291752,0.000217494412109,0.000230752496717,0.000254964851344,0.000257534957945,0.000259743770863,0.000262734331591,0.000273539220674,0.000286012704108,0.000301864702457,0.000302640839847,0.000304490360431,0.000304993185471,0.000307087615107,0.000307602259138,0.000309748227231,0.00031299172714,0.000322000113109,0.000326402530206,0.000328066080844,0.000329956548495,0.000330863765464,0.000331424400554,0.000332124230289,0.000333695913443,0.000335070735209,0.000336447190869,0.000337025323508,0.000337451073103,0.000337505505187,0.000337869503886
YCL052C,47911.7,YCL052C_translation_Ribosome,0,0,0,0,0,0,0,0,0,0,0,0,0,0,0,0,0,0,0,0,0,0,0,0,0,0,0,0,0,0,0,0,0,0,0,0,0,0
YCL054W,96489,YCL054W_translation_Ribosome,7.03348465815801E-06,9.32201647304188E-06,1.42209678250878E-05,2.77858091233224E-05,3.35876739081063E-05,3.6529458678085E-05,3.95467099605844E-05,4.56248865351593E-05,5.49342368795058E-05,5.8543495101969E-05,6.68759484715252E-05,6.78173896467116E-05,6.87600800172708E-05,6.97116416685494E-05,7.35455705257706E-05,7.84078230869435E-05,8.48155250787066E-05,8.51700490246079E-05,8.59129104165323E-05,8.62440729836217E-05,8.70179223382616E-05,8.73818527965654E-05,8.81275445059386E-05,8.95925363662578E-05,9.34293844475731E-05,9.5373746664378E-05,9.61596732357414E-05,9.69587095257157E-05,9.73484177186003E-05,9.75803406064182E-05,9.78915468237666E-05,9.85109432466115E-05,9.91008193141883E-05,9.96713144497338E-05,9.9915646913827E-05,0.000100026682565,0.000100046939942,0.00010023162855
YCL059C,37173.7,YCL059C_translation_Ribosome,2.70974565636464E-06,3.59143367393088E-06,5.47882133341069E-06,1.07048609956332E-05,1.29401083393731E-05,1.40734709455122E-05,1.52359080523352E-05,1.75776082723632E-05,2.11641621478892E-05,2.2554677982693E-05,2.57648690078241E-05,2.61275720290392E-05,2.64907563197672E-05,2.68573583920878E-05,2.8334431645616E-05,3.02076805966184E-05,3.267633496687E-05,3.28129201403898E-05,3.30991175983899E-05,3.32267024828867E-05,3.35248384751198E-05,3.36650476355199E-05,3.39523355118242E-05,3.45167435574869E-05,3.5994941481814E-05,3.67440334792317E-05,3.70468223835202E-05,3.73546619852636E-05,3.75048023686216E-05,3.75941538165056E-05,3.7714050245755E-05,3.79526811446544E-05,3.81799389250572E-05,3.83997299377138E-05,3.84938623436923E-05,3.8536640339146E-05,3.85444447689824E-05,3.86155985679125E-05
YCL064C,39309.9,YCL064C_translation_Ribosome,1.10928112605247E-07,3.8743496498531E-07,9.15581781856121E-07,2.14172177762386E-06,2.60001129938789E-06,2.83110268270387E-06,3.04113642544424E-06,3.46975442811027E-06,4.09158389593869E-06,4.3463615963335E-06,4.82379866420419E-06,4.87963577256968E-06,4.93691797094956E-06,4.98871956513957E-06,5.18651150568096E-06,5.45865267534902E-06,6.8972561379039E-06,6.91672667008912E-06,6.95098214257873E-06,6.96338545115067E-06,7.00475703117522E-06,7.02171646544201E-06,7.05828204968583E-06,7.12516839704418E-06,7.31008659445831E-06,7.40071723304048E-06,7.43424914840232E-06,7.47316011466563E-06,7.49151797450493E-06,7.50712927660461E-06,7.53119263719858E-06,7.56864398878989E-06,7.60849010915834E-06,7.64685738821423E-06,7.66306354002992E-06,7.67052287014058E-06,7.67101199268254E-06,7.68042942229949E-06
YCL069W,50236.8,YCL069W_translation_Ribosome,0,0,0,0,0,0,0,0,0,0,0,0,0,0,0,0,0,0,0,0,0,0,0,0,0,0,0,0,0,0,0,0,0,0,0,0,0,0
YCR003W,21455.4,YCR003W_translation_Ribosome,3.84527095136273E-06,6.23227890877888E-06,1.20180323202552E-05,3.02279976086752E-05,3.84339765856332E-05,4.26505045173492E-05,4.69642265995796E-05,5.57466864706895E-05,6.92581785183277E-05,7.28896540646583E-05,7.46903963093956E-05,7.48667915658222E-05,7.50382805880246E-05,7.52065225737409E-05,7.58343489010763E-05,7.65293082085762E-05,7.18620444980599E-05,7.07886871480314E-05,6.86826191647246E-05,6.75645184585823E-05,6.54801113182403E-05,6.43970185445409E-05,6.22551529894338E-05,5.78775100373284E-05,4.69496119432301E-05,4.13953904389585E-05,3.91620678285072E-05,3.69327779676964E-05,3.59412562250114E-05,3.603758986486E-05,3.61627359070544E-05,3.64244688591822E-05,3.66698679204662E-05,3.69003716712705E-05,3.70082774644769E-05,3.70556091942143E-05,3.70555602428179E-05,3.71390887286192E-05
YCR005C,51405.7,YCR005C_translation_Ribosome,0,0,0,0,0,0,0,0,0,0,0,0,0,0,0,0,0,0,0,0,0,0,0,0,0,0,0,0,0,0,0,0,0,0,0,0,0,0
YCR010C,30719.3,YCR010C_translation_Ribosome,0,0,0,0.001931466263561,0,0,0,0,0,0,0,0,0,0,0,0,0,0,0,0,0,0,0,0,0,0,0,0,0,0,0,0,0,0,0,0,0,0
YCR012W,44738.8,YCR012W_translation_Ribosome,1.95026508879002E-05,2.7272405523757E-05,4.1277279626519E-05,7.01309248684873E-05,7.99292413455207E-05,8.45394009822193E-05,8.89917314238488E-05,9.74342615124948E-05,0.000109126427359,0.000119567878877,0.000176240437643,0.000182201026193,0.000188101523705,0.000193930849912,0.000216649177692,0.000243772359799,0.000301647319126,0.000307767589303,0.000319879681699,0.000325983055958,0.000337914832017,0.000343895762905,0.000355760838621,0.000379311461904,0.000436471081602,0.000464290417132,0.000475269872919,0.000486148674499,0.000491583737731,0.000497418425271,0.00050624621538,0.000520638267081,0.000535034614861,0.000549416491173,0.000555105537494,0.000555100916789,0.000554617953973,0.000552109015479
YCR024C,56791.5,YCR024C_translation_Ribosome,1.05770063636205E-07,1.72345643151078E-07,3.35614687674385E-07,8.62022725323719E-07,1.10414863303388E-06,1.22958317763509E-06,1.35859755464484E-06,1.62325656333701E-06,2.03535923826564E-06,2.14926876560945E-06,2.21855135801598E-06,2.22556187537658E-06,2.23242594331493E-06,2.23920488453044E-06,2.26498921194297E-06,2.29457211233938E-06,2.16517671970675E-06,2.13340235038837E-06,2.07107759807724E-06,2.03786861496691E-06,1.97613180971277E-06,1.94397056372989E-06,1.8803527217619E-06,1.75002996321625E-06,1.4236402238051E-06,1.25704575057656E-06,1.18993228307464E-06,1.12287629280776E-06,1.09305386422805E-06,1.09615177812684E-06,1.10018351562196E-06,1.1085994335233E-06,1.1165007291975E-06,1.12395733868215E-06,1.12740470457066E-06,1.1289348387716E-06,1.12898744610571E-06,1.13167364159769E-06
YCR024CA,4505.7,YCR024CA_translation_Ribosome,1.10217664978174E-06,1.64466024823542E-06,2.58111883811137E-06,4.62097949191107E-06,5.35060954202885E-06,5.69460884518255E-06,6.04203155322248E-06,6.69998414917882E-06,7.63356780342696E-06,0,0,0,0,0,0,0,1.01875929841719E-05,1.02143156258881E-05,1.02702192697963E-05,1.02951414886705E-05,1.03529182893851E-05,1.03800536439738E-05,1.04354732251045E-05,1.05436343803606E-05,1.08227590726435E-05,1.09620791694679E-05,1.10179965052156E-05,1.10746126896598E-05,1.26475996222408E-05,3.01609298065346E-05,5.67047604438934E-05,9.99728319219554E-05,0.000143303377397,0.000186626888582,0.000203909357735,0.000206215763398,0.000206246968392,0.000206500164551
YCR028C,58256,YCR028C_translation_Ribosome,0,0,0,0,0,0,0,0,0,0,0,0,0,0,0,0,0,0,0,0,0,0,0,0,0,0,0,0,0,0,0,0,0,0,0,0,0,0
YCR031C,14549,YCR031C_translation_Ribosome,0,0,0,0,0,0,0,0,0,0,0,0,0,0,0,0,0.001927552844128,0.001931023861074,0.001938260684729,0.001941464306359,0.001948977112602,0.001952492078832,0.001959671663045,0.001973691762214,0.002009914478982,0.002027989824694,0.002035241887067,0.002042597711903,0.002046163390056,0.002048295439979,0.002051161176059,0.002056829409028,0.002062213695195,0.0020674113455,0.002069633960383,0.002070594929447,0.002070762889488,0.002072370958486
YCR034W,40017.5,YCR034W_translation_Ribosome,2.36856147958226E-07,3.49448112747957E-07,8.09193528201125E-07,2.57056521187624E-06,1.46777081167124E-06,5.11303891214373E-07,1.5957766087595E-06,1.70602306882799E-06,1.84462343548825E-06,3.05638115905662E-06,1.32135812947367E-06,6.63787698263556E-07,3.9013138232336E-06,3.91894202098664E-06,1.36276574832882E-06,4.75913763897354E-06,4.86531411357137E-06,4.15968176404342E-06,2.1378775054622E-06,1.42669166359922E-06,2.7530810098445E-06,2.75604492541995E-06,4.19670596024062E-06,4.21423190341414E-06,0,1.46261523631892E-06,2.19811121613735E-06,2.20230028421617E-06,2.2043210448856E-06,2.20551086001579E-06,0,1.47348798934997E-06,1.47545117527402E-06,7.38664791169472E-07,2.21718767972431E-06,2.21774944745378E-06,2.21785439098447E-06,3.58737563237528E-06
YCR036W,36913.3,YCR036W_translation_Ribosome,0,0,0,0,0,0,0,0,0,0,0,0,0,0,0,0,0,0,0,0,0,0,0,0,0,0,0,0,0,0,0,0,0,0,0,0,0,0
YCR037C,102531.5,YCR037C_translation_Ribosome,1.07592782785569E-05,0,0,4.97191491147606E-05,0,0,0,0,0,8.72259598624525E-05,9.5574551152408E-05,0,0,0,0.000101902279529,0,0,0,0,0,0,0,0,0,0,0,0,0,0,0,0,0,0,0,0,0,0,0
YCR046C,19412.1,YCR046C_translation_Ribosome,3.47906747182288E-06,5.6387492848004E-06,1.08734978235794E-05,2.73492413275616E-05,3.477372581625E-05,3.85886936967493E-05,4.24915994655751E-05,5.04376638253154E-05,6.26623920885012E-05,6.59480249106777E-05,6.75772738889798E-05,6.77368701844243E-05,6.78920274897132E-05,6.80442469892762E-05,6.86122824231934E-05,6.92410574436133E-05,6.50182795007685E-05,6.40471430868825E-05,6.21416459952996E-05,6.11300273483526E-05,5.92441282344218E-05,5.82641835476608E-05,5.63262980576539E-05,5.23655589080428E-05,4.24783766326042E-05,3.74531101140089E-05,3.54324774599292E-05,3.34154934975214E-05,3.25183990960571E-05,3.26055584242498E-05,3.27187862123908E-05,3.29555930880492E-05,3.31776216271373E-05,3.33861734071549E-05,3.34838028173873E-05,3.35266269209153E-05,3.35265826313937E-05,3.36021563013894E-05
YCR048W,71619.6,YCR048W_translation_Ribosome,0,0,0,0,0,0,0,0,1.25709866519182E-06,7.28043794868917E-06,6.49514566077342E-06,7.66942447939116E-06,7.70466752987741E-06,7.73948128981388E-06,7.87271970936942E-06,8.02678518990588E-06,0,0,0,0,0,0,0,0,0,0,0,0,0,0,0,0,0,0,0,0,0,0
YCR053W,57465.6,YCR053W_translation_Ribosome,8.48939197347488E-08,1.48931401624327E-07,2.69350352869081E-07,5.39060332738339E-07,6.37345405110396E-07,6.8441722287589E-07,7.31237335376263E-07,8.21640400121372E-07,9.50570103145679E-07,9.9851908213933E-07,1.10044898521363E-06,1.11182223890679E-06,1.12329136937701E-06,1.1343911986456E-06,1.17782258949276E-06,1.23332317110484E-06,1.41714241030673E-06,1.42103251111211E-06,1.42885884254042E-06,1.43238847502508E-06,1.44054886657261E-06,1.44435795263394E-06,1.45221497827234E-06,1.46742555825269E-06,1.50714549334451E-06,1.52690708596534E-06,1.53468155260959E-06,1.54282191823478E-06,1.54680856455326E-06,1.55013583538784E-06,1.55492623195045E-06,1.56315317386466E-06,1.57163038312952E-06,1.5798325036376E-06,1.58318227873651E-06,1.58412593903018E-06,1.58419724606788E-06,1.58603925169893E-06
YCR057C,103944,YCR057C_translation_Ribosome,7.57691062512386E-06,1.00422605714005E-05,1.53197180985493E-05,2.99326155677292E-05,3.61827480511168E-05,3.93518230351114E-05,4.26021952776273E-05,4.91499881438361E-05,5.91786039673264E-05,6.30667232003551E-05,7.20429643578462E-05,7.30571438136761E-05,7.40726689810776E-05,7.50977508482387E-05,7.92278993743401E-05,8.44658226631974E-05,9.13686009677899E-05,9.17505163885401E-05,9.25507732522467E-05,9.29075223311421E-05,9.37411613710192E-05,9.41332100766533E-05,9.49365159357572E-05,9.65146970126574E-05,0.00010064799031,0.000102742579188,0.000103589228563,0.000104450000549,0.000104869818646,0.000105119660521,0.000105454911369,0.000106122164027,0.000106757615508,0.000107372188635,0.000107635398883,0.000107755013448,0.000107776835964,0.000107975794111
YCR071C,16394.5,YCR071C_translation_Ribosome,2.93824839490834E-06,4.76220888773807E-06,9.18321871763864E-06,2.30978171833397E-05,2.9368169744361E-05,3.25901030188056E-05,3.58863042864178E-05,4.2597157421615E-05,5.29215585688788E-05,5.56964416213653E-05,5.70724247645994E-05,5.72072119059012E-05,5.73382500955643E-05,5.74668071597452E-05,5.79465418057317E-05,5.84775741037455E-05,5.49112246112141E-05,5.40910508053171E-05,5.24817621622565E-05,5.1627399063603E-05,5.00346619036183E-05,4.92070490658983E-05,4.75704067826874E-05,4.42253623007252E-05,3.58751369353769E-05,3.16310452637334E-05,2.992451881645E-05,2.82210738737753E-05,2.74634322912157E-05,2.75370427509833E-05,2.76326693432983E-05,2.78326647236529E-05,2.80201790515247E-05,2.81963115749249E-05,2.82787645483825E-05,2.83149316691624E-05,2.83148942644219E-05,2.83787200500269E-05
YCR072C,57039.7,YCR072C_translation_Ribosome,4.15786105002576E-06,5.51073203181054E-06,8.4067586818462E-06,1.64256466193201E-05,1.98554326753953E-05,2.15944756828277E-05,2.33781308971877E-05,2.69712593197103E-05,3.24745037396589E-05,3.4608125253322E-05,3.95338747217948E-05,4.00904098936826E-05,4.06476835303622E-05,4.12102014455695E-05,4.34766375350433E-05,4.63509696082696E-05,5.01388977586243E-05,5.03484754256851E-05,5.0787619690181E-05,5.09833872230398E-05,5.14408500948061E-05,5.16559884438667E-05,5.20968058572001E-05,5.29628392518363E-05,5.52310010475208E-05,5.63804153593894E-05,5.68450177063159E-05,5.73173698943296E-05,5.7547746812006E-05,5.76848485743236E-05,5.78688188639492E-05,5.82349765206785E-05,5.85836831497425E-05,5.89209326951101E-05,5.90653704077213E-05,5.91310093951581E-05,5.91429845909696E-05,5.92521636972957E-05
YCR075C,30121.6,YCR075C_translation_Ribosome,0,0,0,0,0,0,0,0,0,0,0,0,0,0,0,0,0,0,0,0,0,0,0,0,0,0,0,0,0,0,0,0,0,0,0,0,0,0
YCR083W,14437.3,YCR083W_translation_Ribosome,0,0,0,0,0,0,0,0,0,0,0,0,0,0,0,0,0,0,0,0,0,0,0,0,0,0,0,0,0,0,0,0,0,0,0,0,0,0
YCR098C,57329.2,YCR098C_translation_Ribosome,0,0,0,0,0,0,0,0,0,0,0,0,0,0,0,0,0,0,0,0,0,0,0,0,0,0,0,0,0,0,0,0,0,0,0,0,0,0
YCR105W,39347.9,YCR105W_translation_Ribosome,0,0,0,0,0,0,0,0,0,0,0,0,0,0,0,0,0,0,0,0,0,0,0,0,0,0,0,0,0,0,0,0,0,0,0,0,0,0
YDL004W,17019.6,YDL004W_translation_Ribosome,0.000248102588643,0.000326057567162,0.000465094991118,0.00074541847385,0.00083864302966,0.000882069907179,0.000923817487612,0.001002456475585,0.001109993320226,0.001123481919862,0.001061973478037,0.001055536626235,0.001049180066869,0.001042863711024,0.001018266819011,0.000988928559167,0.000886310039069,0.000870940589112,0.000840735851971,0.000825175400814,0.000795546582495,0.000780472354229,0.000750756640746,0.000691224330141,0.000546987850195,0.000476384941647,0.000448465446197,0.000420830970716,0.000408540866345,0.00040907938399,0.000409756343046,0.000411236312104,0.000412597787338,0.000413810024534,0.0004144650189,0.000414718205325,0.0004146186901,0.000415101502698
YDL007W,48822.7,YDL007W_translation_Ribosome,0.000348543997058,0.000350707561621,0.000354882521909,0.000365509223378,0.000369600236348,0.000370928144335,0.00037424377909,0.000378969791464,0.000386458351296,0.000391945311541,0.000396817902912,0.000397342993121,0.000397874521713,0.000398410614092,0.000400674504054,0.000403275360367,0.000402764070139,0.000402686901937,0.000402576735185,0.000402454234514,0.000402379176903,0.000402324810598,0.00040217071235,0.000401812780734,0.000401029091942,0.00040058587898,0.000400399718565,0.000400231294799,0.000400178595006,0.000400342089076,0.000400555504718,0.000400992768882,0.00040140798765,0.000401811891486,0.000401978010053,0.000402075313686,0.000402077538037,0.000402185410187
YDL014W,34487,YDL014W_translation_Ribosome,2.51390091519132E-06,3.33186562308445E-06,5.08284382037125E-06,9.93117556650002E-06,1.20048721623072E-05,1.30563218753549E-05,1.41347447523622E-05,1.63072004263495E-05,1.963453893463E-05,2.092455632851E-05,2.39027333161033E-05,2.42392222610468E-05,2.45761576921268E-05,2.49162638873163E-05,2.62865828303978E-05,2.80244441832688E-05,3.0314678495884E-05,3.04413920831562E-05,3.07069048444377E-05,3.08252686315141E-05,3.11018570788341E-05,3.12319327321783E-05,3.14984571026366E-05,3.2022072999649E-05,3.33934353288297E-05,3.40883872898922E-05,3.43692923636996E-05,3.46548830997664E-05,3.47941722047214E-05,3.48770658468172E-05,3.49882968557166E-05,3.52096808936344E-05,3.54205137962712E-05,3.56244195859421E-05,3.57117486461374E-05,3.57514348955345E-05,3.5758675266328E-05,3.58246864802696E-05
YDL015C,36783.1,YDL015C_translation_Ribosome,6.6759103474325E-07,9.84937183136275E-07,1.52050192900095E-06,4.86555694149996E-06,2.75799085472014E-06,2.88227176492165E-06,2.99851806435893E-06,3.20567488081584E-06,3.46610964397523E-06,6.97779846747602E-06,3.7243147308015E-06,3.74183841250146E-06,7.38439331004139E-06,7.41775990177268E-06,3.84102419921116E-06,7.69312090723153E-06,7.86475461874574E-06,7.87343125471614E-06,4.01714393125381E-06,4.02120262518896E-06,7.9177181790157E-06,7.92624224646933E-06,7.94351052521208E-06,7.97668356982894E-06,4.10243165728815E-06,4.12245503214717E-06,4.13032510495415E-06,4.13819650514767E-06,4.14199358259441E-06,4.14422928534978E-06,4.14720792044979E-06,4.15310043657967E-06,4.15863377541736E-06,4.16392816075181E-06,4.16617042337496E-06,4.16722600388388E-06,4.16742319631725E-06,8.19007279758786E-06
YDL022W,42854.2,YDL022W_translation_Ribosome,3.94122869334144E-07,5.81473160257173E-07,0,0,0,1.67846313192849E-06,1.77022230942613E-06,1.89252059483593E-06,0,0,0,0,0,0,0,0,2.36356556270756E-06,2.36617311996432E-06,2.37158411410157E-06,2.37398022791441E-06,2.37948250521891E-06,2.38204421162472E-06,2.38723378344757E-06,2.3972031556237E-06,2.42193506484019E-06,0,2.43840240046572E-06,2.44304940539577E-06,2.44529106979925E-06,2.44661095209086E-06,2.44836943617924E-06,2.45184817577267E-06,2.45511486940145E-06,2.45824049307022E-06,2.45956424808308E-06,2.46018742664245E-06,2.46030384229742E-06,2.46133222952769E-06
YDL031W,112966.8,YDL031W_translation_Ribosome,8.23462005701379E-06,1.0913973307909E-05,1.66495375442084E-05,3.25308992949719E-05,3.93235709857317E-05,4.27677357273419E-05,4.63002546899164E-05,5.34164250043014E-05,6.43155691396922E-05,6.85411943587882E-05,7.82966130418296E-05,7.93988277704416E-05,8.05025050243554E-05,8.16165685419342E-05,8.61052322696952E-05,9.1797830520558E-05,9.92998005830844E-05,9.97148679554465E-05,0.000100584590663,0.000100972307143,0.000101878309747,0.000102304390019,0.000103177426387,0.000104892600578,0.000109384682057,0.000111661090536,0.00011258123283,0.000113516723639,0.000113972983809,0.000114244513066,0.000114608865174,0.000115334038321,0.000116024649808,0.000116692570606,0.00011697862867,0.00011710862631,0.000117132343117,0.000117348571713
YDL042C,63270.6,YDL042C_translation_Ribosome,0,0,0,0,0,0,0,0,0,0,0,0,0,0,0,0,0,0,0,0,0,0,0,0,0,0,0,0,0,0,0,0,0,0,0,0,0,0
YDL045C,35535.4,YDL045C_translation_Ribosome,0,0,0,0,0,0,0,0,0,0,0,0,0,0,0,0,0,0,0,0,0,0,0,0,0,0,0,0,0,0,0,0,0,0,0,0,0,0
YDL045WA,10701.8,YDL045WA_translation_Ribosome,1.91799363644088E-06,3.10861612582239E-06,5.99450852861784E-06,1.50775089165674E-05,1.91705925139652E-05,2.12737664757482E-05,2.34254201843536E-05,2.78060483268559E-05,3.45454838813277E-05,3.63568378995106E-05,3.72550352463198E-05,3.73430199380629E-05,3.74285574352807E-05,3.75124753339327E-05,3.78256306137167E-05,3.81722713436496E-05,3.58442736005545E-05,3.5308890634563E-05,3.42583989940551E-05,3.37006983621865E-05,3.26610109951595E-05,3.21207720695008E-05,3.10524248563216E-05,2.8868887875196E-05,2.34181304983388E-05,2.0647724554175E-05,1.95337592161935E-05,1.84218053848772E-05,1.79272414342695E-05,1.79752919645291E-05,1.80377139149172E-05,1.81682644386586E-05,1.82906677345212E-05,1.8405641356097E-05,1.84594639936491E-05,1.8483072721769E-05,1.84830483051627E-05,1.85247117162084E-05
YDL052C,33904.4,YDL052C_translation_Ribosome,0,0,9.72588490616562E-07,1.58429498079534E-06,1.76414781945625E-06,1.84364405721818E-06,1.91800095920793E-06,2.05050873943214E-06,2.21709573835318E-06,0,0,0,4.34685466645887E-07,0,0,0,0,0,0,0,0,0,0,0,0,0,0,0,0,0,0,0,0,0,0,0,0,0
YDL055C,39562.2,YDL055C_translation_Ribosome,3.05339273457964E-06,4.62671756158873E-06,7.4716927819161E-06,1.317919678286E-05,1.50120004042647E-05,1.58430299595633E-05,1.66309864307629E-05,1.80574439261538E-05,1.98782534002355E-05,2.04809341872848E-05,2.16796937378654E-05,2.18002269222286E-05,2.19181139912471E-05,2.20341336530926E-05,2.2473785370676E-05,2.28667191224984E-05,2.31940073856375E-05,2.32089802191763E-05,2.32394438574097E-05,2.32526959686007E-05,2.32825588637219E-05,2.3296180458552E-05,2.33231944318261E-05,2.33729068040268E-05,2.34825218346713E-05,2.34566334570664E-05,2.34357472130321E-05,2.34137601328549E-05,2.34026896378912E-05,2.33960301026618E-05,2.33870386987536E-05,2.33687093483982E-05,2.33507722166345E-05,2.33330652841518E-05,2.33253380398817E-05,2.33217100857603E-05,2.33209953557721E-05,2.33149017967541E-05
YDL061C,6735.9,YDL061C_translation_Ribosome,0.000381591987605,0.000410450572474,0.000463870227575,0.000579344965392,0.000620360949577,0.000639816455605,0.000659152033185,0.000695880714448,0.000747805293399,0.000766845030217,0.000809082484117,0.000813690062199,0.000818270902053,0.000822869109392,0.000841092425962,0.000863540785029,0.000892418943073,0.000894025955448,0.000897376462043,0.000898859675662,0.000902337956752,0.000903965316778,0.000907289322641,0.00091378035199,0.000930550755308,0.00093891928381,0.000942276845632,0.000945682447426,0.000947333286073,0.00094832038313,0.000949647162404,0.000952271442455,0.000954764260737,0.000957170670297,0.000958199697144,0.000958644606864,0.000958722369049,0.000959466873274
YDL066W,48196.9,YDL066W_translation_Ribosome,5.26784512732338E-06,9.36772187888406E-06,1.71279826432543E-05,3.47631789826121E-05,4.12469958408155E-05,4.44620064810463E-05,4.75213545848328E-05,5.35773700466751E-05,6.2303783038634E-05,6.57227491971469E-05,7.26414672238321E-05,7.34100905626388E-05,7.41762853892463E-05,7.49381302168553E-05,7.78944155837097E-05,8.15281415502877E-05,8.60424890784176E-05,8.62746682502256E-05,8.67406933491759E-05,8.69572099884721E-05,8.74390593774123E-05,8.76550087116222E-05,8.8140127630169E-05,8.90581715718689E-05,9.14118095963175E-05,9.25879180169138E-05,9.30689012630587E-05,9.35428033391217E-05,9.3777454762266E-05,9.3929942850114E-05,9.41403286971158E-05,9.45344997721869E-05,9.4924165501614E-05,9.52919967841843E-05,9.54540097276696E-05,9.55264005352326E-05,9.55380951399266E-05,9.56549221805861E-05
YDL067C,6967.3,YDL067C_translation_Ribosome,4.06412338576036E-06,5.3434837797349E-06,7.62551787109307E-06,1.22275307893963E-05,1.37581803623683E-05,1.44715083689848E-05,1.51568889809689E-05,1.64483609738348E-05,1.82146185764231E-05,1.84380143896401E-05,1.74375292350352E-05,1.73328605629346E-05,1.72295058688262E-05,1.71267981979606E-05,1.67269120964284E-05,1.62499606929802E-05,1.45747737601309E-05,1.4323575342516E-05,1.38299002317733E-05,1.35755463395428E-05,1.3091321662303E-05,1.28449360058441E-05,1.23592708274171E-05,1.1386276256585E-05,9.02896139128607E-06,7.87510902681267E-06,7.41881415192271E-06,6.96719032821659E-06,6.7663490079846E-06,6.77520595454012E-06,6.78630406727628E-06,6.81068689988386E-06,6.83307234999328E-06,6.85429899386776E-06,6.86377632954168E-06,6.8681771355284E-06,6.86913672154672E-06,6.87714072704861E-06
YDL075W,12962.3,YDL075W_translation_Ribosome,0,0,0,0,0,0,0,0,0,0,0,0,0,0,0,0,0,0,0,0,0,0,0,0,0,0,0,0,0,0,0,0,0,0,0,0,0,0
YDL078C,37193.6,YDL078C_translation_Ribosome,0,0,0,0,0,0,0,0,0,0,0,0,0,0,0,0,0,0,0,0,0,0,0,0,0,0,0,0,0,0,0,0,0,0,0,0,0,0
YDL080C,68359,YDL080C_translation_Ribosome,0,0,0,0,0,0,0,0,0,0,0,0,0,0,0,0,0,0,0,0,0,0,0,0,0,0,0,0,0,0,0,0,0,0,0,0,0,0
YDL081C,10889.9,YDL081C_translation_Ribosome,0,0,0,0,0,0,0,0,0,0,0,0,0,0,0,0,0,0,0,0,0,0,0,0,0,0,0,0,0,0,0,0,0,0,0,0,0,0
YDL082W,22580.6,YDL082W_translation_Ribosome,0,0,0,0,0,0,0,0,0,0,0,0,0,0,0,0,0,0,0,0,0,0,0,0,0,0,0,0,0,0,0,0,0,0,0,0,0,0
YDL083C,15863.7,YDL083C_translation_Ribosome,0.000898686265201,0.000966651040924,0.001092459527187,0.0013644137721,0.001461010406301,0.001506830016299,0.001552367183129,0.001638866801732,0.001761154238171,0.001805994671218,0.001905467985463,0.001916319280232,0.001927107603868,0.001937936829624,0.001980854513536,0.002033722583689,0.002101733456141,0.00210551812667,0.002113408895755,0.002116902008164,0.002125093698618,0.002128926289845,0.002136754647127,0.002152041652914,0.00219153758473,0.00221124628373,0.002219153668559,0.002227174192199,0.002231062077863,0.00223338678749,0.002236511481795,0.002242691916696,0.002248562746337,0.00225423007503,0.002256653533392,0.002257701339079,0.002257884476594,0.002259637856494
YDL085W,61664.8,YDL085W_translation_Ribosome,0.000289391036352,0.000404706187385,0.000612836879319,0,0.001189184024212,0.001258645441329,0.00132484409395,0.001451222055766,0.001478245060519,0,0,0,0,0,0,0,0.001684298516672,0.001674414855356,0.001655203218988,0.001644974491341,0.001626424838043,0.001616752645629,0.00159794944027,0.001559984551151,0.001469431749023,0.001425362604479,0.001408010672932,0.001390917633244,0.00138353478788,0.001385320683675,0.001387626694373,0.001392465913048,0.001396985455791,0.001401261745526,0.001403177056586,0.001404160295075,0.001404328967061,0.001405902652022
YDL088C,58795,YDL088C_translation_Ribosome,0,0,0,0,0,0,0,0,0,0,0,0,0,0,0,0,0,0,0,0,0,0,0,0,0,0,0,0,0,0,0,0,0,0,0,0,0,0
YDL090C,48184.5,YDL090C_translation_Ribosome,0,0,0,0,0,0,0,0,0,0,0,0,0,0,0,0,0,0,0,0,0,0,0,0,0,0,0,0,0,0,0,0,0,0,0,0,0,0
YDL093W,84779.5,YDL093W_translation_Ribosome,1.77518588163845E-05,2.69119234986798E-05,0,7.68195479090022E-05,8.75336638785042E-05,9.23932280421181E-05,9.70016961879401E-05,0.000105346131781,0.000115999386738,0.000119525698091,0.000126539051315,0,0.000127933706854,0.000128612327383,0.000131183618163,0.000133473322596,0.000135368373487,0.000135454863005,0.000135630746419,0.000135707223133,0.000135879473917,0.000135958000956,0.000136113643,0.000136399714997,0.000137028218964,0.000136865133021,0.000136737614802,0.000136603578027,0.000136536171875,0.000136495646949,0.000136440951565,0.00013632954067,0.000136220627917,0.000136113195146,0.000136066345243,0.000136044347747,0.000136040019371,0.000136003087278
YDL095W,92666,YDL095W_translation_Ribosome,0,0,0,0,0,0,0,0,0,0,0,0,0,0,0,0,0,0,0,0,0,0,0,0,0,0,0,0,0,0,0,0,0,0,0,0,0,0
YDL097C,49767.3,YDL097C_translation_Ribosome,0.000355287472114,0.000357492896367,0.00036174863194,0.000372580934127,0.000376751098207,0.00037810469797,0.000381484482159,0.00038630193133,0.000393935376504,0.000399528496029,0.000404495360141,0.000405030609564,0.000405572421936,0.000406118886393,0.000408426577097,0.000411077753627,0.000410556571181,0.000410477909964,0.000410365611754,0.000410240740994,0.000410164231202,0.000410108813041,0.000409951733369,0.00040958687665,0.000408788025394,0.000408336237344,0.000408146475179,0.000407974792825,0.00040792107342,0.000408087730701,0.000408305275414,0.000408750999572,0.000409174251809,0.000409585970198,0.000409755302753,0.000409854488973,0.000409856756361,0.000409966715573
YDL100C,39337.1,YDL100C_translation_Ribosome,0,0,0,0,0,0,0,0,0,0,0,0,0,0,0,0,0,0,0,0,0,0,0,0,0,0,0,0,0,0,0,0,0,0,0,0,0,0
YDL103C,53476.5,YDL103C_translation_Ribosome,3.27945765580855E-10,4.89315127270508E-10,7.71598838390931E-10,1.31853609528564E-09,1.49440137760344E-09,1.57515418577334E-09,1.65264027767126E-09,1.79616184459674E-09,1.98893688316217E-09,2.05636517974846E-09,2.19887780343263E-09,2.21401884280471E-09,2.22900616269578E-09,2.24394368761177E-09,2.30240850629755E-09,2.37289178797044E-09,2.45948817567502E-09,2.46402062672518E-09,2.47347774932885E-09,2.47768615905493E-09,2.48740880226806E-09,2.49196162288592E-09,2.50123766928804E-09,2.51925998024964E-09,2.56521653509599E-09,2.58786843801551E-09,2.59690664794395E-09,2.60602063535164E-09,2.61044860536599E-09,2.61306411931397E-09,2.61655799425647E-09,2.62350435886108E-09,2.63007561749764E-09,2.63639848417191E-09,2.63909180480171E-09,2.6403609441872E-09,2.64059871456344E-09,2.64269665622095E-09
YDL112W,165023.2,YDL112W_translation_Ribosome,0,0,0,0,0,0,0,0,0,0,0,0,0,0,0,0,0,0,0,0,0,0,0,0,0,0,0,0,0,0,0,0,0,0,0,0,0,0
YDL116W,83590.5,YDL116W_translation_Ribosome,0,0,0,0,0,0,0,0,0,0,0,0,0,0,0,0,0,0,0,0,0,0,0,0,0,0,0,0,0,0,0,0,0,0,0,0,0,0
YDL119C,34222.1,YDL119C_translation_Ribosome,7.81517247155415E-09,1.56579814836072E-08,3.66103419283396E-08,1.08563451211514E-07,1.4221319514361E-07,1.5966275067754E-07,1.77609430880049E-07,2.14364310391056E-07,2.71357522854262E-07,2.87228314445603E-07,2.97560864745684E-07,2.9858513224005E-07,2.99583907176143E-07,3.00566133644461E-07,3.67958635070178E-07,5.09368508749539E-07,2.91077674007673E-07,2.86801000201043E-07,2.78411110628924E-07,2.73940391344792E-07,2.65627081544403E-07,2.61296148638422E-07,2.52727994272646E-07,2.35173687275392E-07,1.91197850453787E-07,1.68751602157592E-07,1.59709717613048E-07,1.5067592941586E-07,1.46657828054206E-07,1.47070266676108E-07,1.47606920298425E-07,1.4872673991107E-07,1.49777643515274E-07,1.50763415808169E-07,1.51227121880453E-07,1.51429462460854E-07,1.5142546671171E-07,1.51782287811007E-07
YDL130W,10650.6,YDL130W_translation_Ribosome,0.00060336163292,0.000648991948692,0.000733457480932,0.000916042620645,0.000980895846073,0.001011658299867,0.001042231126448,0.001100305399026,0.001182406962377,0.001212512014553,0.001279296590706,0.001286581952888,0.001293825037397,0.001301095582846,0.001329909736182,0.001365404398081,0.00141106566236,0.0014136066214,0.00141890434042,0.001421249552636,0.001426749304796,0.001429322436924,0.001434578253792,0.001444841671774,0.001471358522912,0.001484590585393,0.001489899459922,0.001495284293793,0.0014978945496,0.001499455317413,0.001501553180406,0.001505702612124,0.001509644180496,0.001513449122028,0.001515076187948,0.001515779665652,0.001515902620852,0.001517079808265
YDL131W,48586.7,YDL131W_translation_Ribosome,0,0,0,0,0.001610525886161,0,0.001842664847423,0.002065810120639,0,0,0,0,0,0,0,0,0,0,0,0,0,0,0,0,0,0,0,0,0,0,0,0,0,0,0,0,0,0
YDL133CA,3354.4,YDL133CA_translation_Ribosome,0.000190028379759,0.000204399619993,0.000231001988061,0.000288507066897,0.000308932550849,0.000318621166983,0.000328250060143,0.000346540517012,0.000372398354515,0.00038187992241,0.000402913684099,0.000405208204493,0.000407489409559,0.000409779263431,0.00041885426352,0.000430033285723,0.00044441427317,0.000445214546676,0.000446883060063,0.000447621683226,0.000449353826828,0.000450164233228,0.000451819549558,0.000455052006816,0.000463403472974,0.000467570903014,0.000469242929822,0.000470938879978,0.000471760978459,0.000472252541334,0.000472913262009,0.000474220123008,0.000475461517572,0.000476659881596,0.000477172325019,0.000477393884895,0.000477432609561,0.000477803364021
YDL136W,13932.9,YDL136W_translation_Ribosome,0,0,0,0,0,0,0,0,0,0,0,0,0,0,0,0,0,0,0,0,0,0,0,0,0,0,0,0,0,0,0,0,0,0,0,0,0,0
YDL141W,76359.6,YDL141W_translation_Ribosome,1.34337321087402E-08,1.98195924953928E-08,3.05965995976505E-08,4.98402352481411E-08,5.54982142846079E-08,5.79990813828609E-08,6.03382704432324E-08,6.45068242912481E-08,6.97474741172765E-08,7.14769390872504E-08,7.49432568420653E-08,7.52958805791464E-08,7.56418852275955E-08,7.59836752428621E-08,7.72917661113152E-08,7.88043301967001E-08,8.05624566889522E-08,8.06513356360306E-08,8.08357701140541E-08,8.09174419823142E-08,8.1104987859621E-08,8.11923039741497E-08,8.13691912421869E-08,8.17089986614633E-08,8.25519891824493E-08,8.29549134875544E-08,8.31132805779768E-08,8.32716743789879E-08,8.3348081817927E-08,8.33930701870381E-08,8.34530083586063E-08,8.357158167523E-08,8.36829273760375E-08,8.37894646878937E-08,8.38345850592385E-08,8.38558261859836E-08,8.38597942295672E-08,8.38948469494946E-08
YDL142C,32035,YDL142C_translation_Ribosome,1.38314945710864E-07,2.04064353659684E-07,3.15025413491094E-07,5.13159662315467E-07,5.71414736700556E-07,5.97163895171473E-07,6.21248401641499E-07,6.64168216813939E-07,7.18126431128608E-07,7.35933162087939E-07,7.71622689628575E-07,7.75253336172449E-07,7.78815831969014E-07,7.82334933512658E-07,7.95803157829295E-07,8.11376657260793E-07,8.29478489898663E-07,8.3039359574129E-07,8.32292550149617E-07,8.33133451242901E-07,8.35064440906275E-07,8.35963455680599E-07,8.37784703319537E-07,8.41283391871656E-07,8.49962900082946E-07,8.54111445918478E-07,8.55742008098117E-07,8.57372845293481E-07,8.58159543335866E-07,8.58622747737077E-07,8.59239876684121E-07,8.60460718495958E-07,8.61607144109093E-07,8.62704062104711E-07,8.63168625612998E-07,8.6338732621493E-07,8.63428181557129E-07,8.63789087597515E-07
YDL143W,57606.3,YDL143W_translation_Ribosome,1.10008042733515E-05,1.53230698527529E-05,2.42689745718966E-05,4.72218013214512E-05,5.98137853215959E-05,6.28665978758845E-05,7.64418507140081E-05,8.89233095566429E-05,0.000105096544662,0.000111600042242,0.000135784617508,0.000138790842774,0.00014161844648,0.000144580441572,0.000155406696528,0.000170224857112,0.000175336391442,0.000177349748887,0.000180730071277,0.000182609573731,0.00018627960615,0.000188112721279,0.000191739355771,0.00019918700361,0.00021771516964,0.00022633038899,0.000230906713984,0.000234740198253,0.000236656856425,0.000237654518461,0.000223823531405,0.000241584790415,0.000244167871305,0.000232311397874,0.000247628250048,0.000247798539586,0.000247194287161,0.000247555544652
YDL147W,51759.9,YDL147W_translation_Ribosome,0.000369512592161,0.000371806317937,0.000376232446091,0.000387498455659,0.00039183558618,0.000393243381828,0.00039675848696,0.000401768818792,0.000409707894427,0.000415524953164,0.000420690682263,0.000421247362183,0.000421810867822,0.000422379211808,0.000424779298613,0.000427536623846,0.000426994574122,0.00042691276344,0.000426795968996,0.000426666098618,0.000426586525502,0.000426528888489,0.000426365519608,0.000425986054633,0.0004251552187,0.000424685341807,0.00042448798188,0.00042430942565,0.000424253555409,0.00042442688537,0.000424653140213,0.000425116710425,0.000425556908978,0.000425985111887,0.000426161224237,0.000426264381709,0.000426266739878,0.000426381101675
YDL148C,94302.2,YDL148C_translation_Ribosome,6.87407970784802E-06,9.11074487085668E-06,1.38986677448724E-05,2.71560792329631E-05,3.28264521594899E-05,3.57015651333572E-05,3.86504342675851E-05,4.45908567299475E-05,5.36892225337451E-05,5.72166815264424E-05,6.53602904782044E-05,6.62803950910687E-05,6.72017205878875E-05,6.81317163091739E-05,7.18787540635236E-05,7.6630809877909E-05,8.28932894845755E-05,8.32397785978545E-05,8.39658039847227E-05,8.42894611750157E-05,8.50457722219861E-05,8.5401454661073E-05,8.61302462198584E-05,8.75620359099806E-05,9.13119267279371E-05,9.32122224574149E-05,9.39803370064104E-05,9.47612641589813E-05,9.51421401132045E-05,9.536880676486E-05,9.5672959890601E-05,9.62783184842895E-05,9.68548257638741E-05,9.74123913555087E-05,9.76511863362362E-05,9.77597055065871E-05,9.77795037753448E-05,9.79600066517726E-05
YDL153C,70198.8,YDL153C_translation_Ribosome,5.11708259823505E-06,6.78206189293881E-06,1.03462039834569E-05,2.02150551615862E-05,2.44360953387472E-05,2.65763368244168E-05,2.87714825853835E-05,3.31935483309428E-05,3.99663952145535E-05,4.25922447529159E-05,4.86543681825172E-05,4.93392964206446E-05,5.0025133487925E-05,5.07174246925781E-05,5.35067292253466E-05,5.70441717845115E-05,6.17059776958525E-05,6.19639050821197E-05,6.25043602457074E-05,6.27452914898347E-05,6.33082913766249E-05,6.35730622982468E-05,6.41155766073177E-05,6.51814045317876E-05,6.79728328924364E-05,6.93874179164811E-05,6.99592043605091E-05,7.05405285395621E-05,7.0824053578589E-05,7.09927848165266E-05,7.12191971848835E-05,7.16698276775615E-05,7.20989811778839E-05,7.25140344370236E-05,7.26917940342874E-05,7.27725759835487E-05,7.27873138656858E-05,7.29216806707209E-05
YDL168W,41039.5,YDL168W_translation_Ribosome,0,0,0,0,0,0,0,0,0,0,0,0,0,0,0,0,0,0,0,0,0,0,0,0,0,0,0,0,0,0,0,0,0,0,0,0,0,0
YDL171C,238081.4,YDL171C_translation_Ribosome,0,0,0,0,0,0,0,0,0,0,0,0,0,0,0,0,0,0,0,0,0,0,0,0,0,0,0,0,0,0,0,0,0,0,0,0,0,0
YDL174C,65288.3,YDL174C_translation_Ribosome,0,0,0,0,0,0,0,0,0,0,0,0,0,0,0,0,0,0,0,0,0,0,0,0,0,0,0,0,0,0,0,0,0,0,0,0,0,0
YDL178W,59259.9,YDL178W_translation_Ribosome,0,0,0,0,0,0,0,0,0,0,0,0,0,0,0,0,0,0,0,0,0,0,0,0,0,0,0,0,0,0,0,0,0,0,0,0,0,0
YDL182W,47098.4,YDL182W_translation_Ribosome,0.000223873574202,0.000379093313618,0.000671445047983,0.001321774058042,0,0.001671849366049,0,0,0.002319857967151,0.002434279947565,0.002690255105363,0.002716953952495,0.002743731708457,0.002771281300141,0.002884156640002,0.003018478064413,0.003198098849881,0.00320611745768,0.003226822447786,0.003233142685723,0.003255377433649,0.003265640646826,0.003283975019904,0.003320023361,0.003418796014796,0.003467887611138,0.003486294092346,0.003507063587,0.003516923142668,0.00352317921,0.003529336635279,0.003548422479368,0.003564029632288,0.00357904523533,0.003585847546316,0.003589106963752,0.003589520150509,0.003594201763605
YDL184C,3354.4,YDL184C_translation_Ribosome,0,0,0,0,0,0,0,0,0,0,0,0,0,0,0,0,0,0,0,0,0,0,0,0,0,0,0,0,0,0,0,0,0,0,0,0,0,0
YDL185W,118621.8,YDL185W_translation_Ribosome,0,0,0,0,0,0,0,0,0,0,0,0,0,0,0,0,0,0,0,0,0,0,0,0,0,0,0,0,0,0,0,0,0,0,0,0,0,0
YDL191W,13932.9,YDL191W_translation_Ribosome,0.000789305512864,0.000848998171177,0.00095949427601,0.001198348471371,0.001283188152193,0.001323430973486,0.001363425728287,0.001439397319783,0.00154680092822,0.001586183749983,0.00167354998485,0.001683080548645,0.00169255580564,0.001702066986482,0.001739761080432,0.001786194480877,0.001845927625401,0.001849251656743,0.001856182025862,0.001859249985158,0.001866444649954,0.001869810769479,0.001876686323049,0.001890112719346,0.001924801528917,0.001942111446043,0.001949056408572,0.001956100739581,0.001959515423555,0.001961557188514,0.001964301570548,0.00196972977339,0.001974886053597,0.001979863601328,0.001981992096132,0.001982912371468,0.00198307321898,0.001984613191799
YDL198C,33234.9,YDL198C_translation_Ribosome,0,0,0,0,0,0,0,0,0,0,0,0,0,0,0,0,0,0,0,0,0,0,0,0,0,0,0,0,0,0,0,0,0,0,0,0,0,0
YDL202W,28528.4,YDL202W_translation_Ribosome,5.11290527367733E-06,8.28681570239694E-06,1.59799040449103E-05,4.01929773846832E-05,5.11041443005294E-05,5.67106953528131E-05,6.24464816374175E-05,7.41241724838697E-05,9.20898710833757E-05,9.69185010308919E-05,9.93128770413491E-05,9.95474228635402E-05,9.97754450593977E-05,9.99991497987785E-05,0.000100833945729,0.000101758005737,9.55521290797865E-05,9.41249281035962E-05,9.13245724889273E-05,8.98378780350783E-05,8.70663239898248E-05,8.56261782043718E-05,8.27782239689665E-05,7.69574446222824E-05,6.24270491047123E-05,5.50418196164501E-05,5.20722585381203E-05,4.910805964809E-05,4.77896722545193E-05,4.79177632997135E-05,4.8084165061048E-05,4.84321810547598E-05,4.87584785174002E-05,4.90649702725968E-05,4.92084483541478E-05,4.92713834902273E-05,4.92713184014843E-05,4.9382382937887E-05
YDL205C,36670,YDL205C_translation_Ribosome,0,0,0,0,0,0,0,0,0,0,0,0,0,0,0,0,0,0,0,0,0,0,0,0,0,0,0,0,0,0,0,0,0,0,0,0,0,0
YDL210W,61871.5,YDL210W_translation_Ribosome,0,0,0,0,0,0,0,0,0,0,0,0,0,0,0,0,0,0,0,0,0,0,0,0,0,0,0,0,0,0,0,0,0,0,0,0,0,0
YDL213C,25238.4,YDL213C_translation_Ribosome,1.83973198184721E-06,2.43833784735276E-06,3.71974499017188E-06,7.26786851328194E-06,8.7854485916773E-06,9.55492429086197E-06,1.03441395876132E-05,1.19339938887227E-05,1.43690186866868E-05,1.53130838414901E-05,1.74925840033967E-05,1.77388345496333E-05,1.79854118449553E-05,1.82343095802373E-05,1.92371413027144E-05,2.05089492294201E-05,2.2184996716169E-05,2.22777287079632E-05,2.24720372089731E-05,2.25586586200483E-05,2.2761072569329E-05,2.28562650003714E-05,2.30513138208364E-05,2.34345082841169E-05,2.44381035811505E-05,2.49466858171837E-05,2.51522587755385E-05,2.53612608120493E-05,2.54631958642863E-05,2.55238593866765E-05,2.56052608624501E-05,2.57672749228957E-05,2.59215674136866E-05,2.60707904798284E-05,2.61346999457962E-05,2.61637432791329E-05,2.61690419532488E-05,2.62173505165319E-05
YDL215C,124306.9,YDL215C_translation_Ribosome,0,0,0,0,0,0,0,0,0,0,0,0,0,0,0,0,0,0,0,0,0,0,0,0,0,0,0,0,0,0,0,0,0,0,0,0,0,0
YDL217C,21863.2,YDL217C_translation_Ribosome,0,0,0,0,0,0,0,0,0,0,0,0,0,0,0,0,0,0,0,0,0,0,0,0,0,0,0,0,0,0,0,0,0,0,0,0,0,0
YDL229W,66590.2,YDL229W_translation_Ribosome,0.000283557606587,0.000380070462275,0.000595933084613,0.001246848969266,0.001509389059378,0.001664827455404,0.00178773629124,0.002083457460925,0.002538791736652,0.002890295176392,0.003329391346621,0.003378358830193,0.003429325425371,0.003479526096842,0.003655754024027,0.003905336935811,0.003852586670951,0.00387041556035,0.003906614610091,0.003923364902668,0.003961226575466,0.003937510655446,0.004015866874211,0.004087848377725,0.004276716555954,0.004369280236477,0.004410067992293,0.00444990841226,0.004397205199133,0.00439978638264,0.004394497767759,0.004402813321437,0.004416071658644,0.004416435000497,0.004424921719697,0.004430465206342,0.004434327589351,0.004438025970534
YDL238C,55192.1,YDL238C_translation_Ribosome,0,0,0,0,0,0,0,0,0,0,0,0,0,0,0,0,0,0,0,0,0,0,0,0,0,0,0,0,0,0,0,0,0,0,0,0,0,0
YDL245C,62937,YDL245C_translation_Ribosome,0,0,0,0,0,0,0,0,0,0,0,0,0,0,0,0,0,0,0,0,0,0,0,0,0,0,0,0,0,0,0,0,0,0,0,0,0,0
YDL247W,68201.9,YDL247W_translation_Ribosome,0,0,0,0,0,0,0,0,0,0,0,0,0,0,0,0,0,0,0,0,0,0,0,0,0,0,0,0,0,0,0,0,0,0,0,0,0,0
YDR001C,85881.1,YDR001C_translation_Ribosome,0,0,0,0,0,0,0,0,0,0,0,0,0,0,0,0,0,0,0,0,0,0,0,0,0,0,0,0,0,0,0,0,0,0,0,0,0,0
YDR007W,24139.7,YDR007W_translation_Ribosome,2.1960422813982E-07,3.41261360272627E-07,5.72409777164461E-07,1.12556865667029E-06,1.3307631036058E-06,1.43976151004308E-06,1.52330285005335E-06,1.71779973278808E-06,2.00152006295928E-06,2.12136935914775E-06,2.35509777963101E-06,2.38111469523785E-06,2.40692443259467E-06,2.43255125080859E-06,2.53706648705694E-06,2.66159229011478E-06,3.30606571034252E-06,3.3235155059813E-06,3.35837903461399E-06,3.37957949886063E-06,3.41023449661283E-06,3.4237102681346E-06,3.4626846849214E-06,3.53524031996774E-06,3.70940909100532E-06,3.79703011121701E-06,3.83372519121403E-06,3.86823827400561E-06,3.88433227566789E-06,3.85765375411785E-06,3.81721578826017E-06,3.75082578380808E-06,3.68385241240637E-06,3.61662341744301E-06,3.5893332884339E-06,3.60504846368544E-06,3.60354123711114E-06,3.61159914763632E-06
YDR012W,39096.8,YDR012W_translation_Ribosome,0,0,0,0,0,0,0,0,0,0,0,0,0,0,0,0,0,0,0,0,0,0,0,0,0,0,0,0,0,0,0,0,0,0,0,0,0,0
YDR017C,119538.6,YDR017C_translation_Ribosome,0,0,0,0,0,0,0,0,0,0,0,0,0,0,0,0,0,0,0,0,0,0,0,0,0,0,0,0,0,0,0,0,0,0,0,0,0,0
YDR019C,44475.5,YDR019C_translation_Ribosome,0,0,0,0,0,0,0,0,0,0,0,0,0,0,2.235053297516E-05,7.05121671092942E-05,0,0,0,0,0,0,0,0,0,0,0,0,0,0,0,0,0,0,0,0,0,0
YDR021W,45223,YDR021W_translation_Ribosome,3.29649262295059E-06,4.36909441449671E-06,6.66516212162986E-06,1.30228072213829E-05,1.57420574070235E-05,1.71208294188875E-05,1.85349714946523E-05,2.13837250233655E-05,2.57468830063727E-05,2.74384901801899E-05,3.13437906676179E-05,3.17850305422716E-05,3.22268558967451E-05,3.26728390922987E-05,3.44697461460573E-05,3.67486136602187E-05,3.97518109902097E-05,3.9917971240658E-05,4.02661396404444E-05,4.04213507502236E-05,4.07840427603479E-05,4.09546117072317E-05,4.13041066359073E-05,4.19907271511911E-05,4.37890024030988E-05,4.47002968773971E-05,4.50686493044796E-05,4.5443146067235E-05,4.56257966658195E-05,4.57344955719725E-05,4.58803534290043E-05,4.61706555818955E-05,4.6447121970852E-05,4.67145047970267E-05,4.68290198922571E-05,4.68810606976761E-05,4.68905550372358E-05,4.69771159189618E-05
YDR023W,53302,YDR023W_translation_Ribosome,0,0,0,0,0,0,0,0,0,0.000958419589139,0.001035394473922,0.001043965981903,0.001052356701664,0.001060848132618,0.001093154106249,0.001134427852088,0,0,0,0,0,0,0,0,0,0,0,0,0,0,0,0,0,0,0,0,0,0
YDR025W,17775.3,YDR025W_translation_Ribosome,0.001006979328267,0.001083133962931,0.001224102563312,0.001528827708744,0.00163706438442,0.001688405327176,0.001739429791932,0.001836352746258,0.001973376004952,0.002023619778444,0.002135079778488,0.002147238670796,0.002159327003854,0.002171461167799,0.002219550497958,0.002278789251048,0.002354995537166,0.002359236266255,0.002368077885027,0.0023719919228,0.002381170724424,0.002385465148729,0.00239423683498,0.002411365948236,0.002455621199962,0.002477704827196,0.002486565063935,0.002495552072884,0.002499908454688,0.002502513295365,0.00250601452009,0.002512939706805,0.002519517980356,0.002525868230783,0.002528583719568,0.002529757787435,0.002529962993299,0.002531927658146
YDR035W,41070.5,YDR035W_translation_Ribosome,7.30468972191422E-07,1.84495072400252E-06,3.94924503790647E-06,8.78609197903613E-06,1.0530825358349E-05,1.14725342982997E-05,1.22288301479938E-05,1.38720050218132E-05,1.62506118146647E-05,1.71113794714926E-05,1.89850390184095E-05,1.9188885766677E-05,1.93948167621025E-05,1.95964264404617E-05,2.04299232740871E-05,2.14166412614314E-05,2.26076415345259E-05,2.26695436245425E-05,2.28025510432121E-05,2.2866945592112E-05,2.29988562268167E-05,2.30676701949271E-05,2.31923802788214E-05,2.34531650313152E-05,2.41110738579624E-05,2.44421798955449E-05,2.45735034979463E-05,2.47053283110532E-05,2.47689798429097E-05,2.47955284017688E-05,2.48315213203119E-05,2.49021191647783E-05,2.4968509099428E-05,2.5035782055427E-05,2.50601539898786E-05,2.50828269165634E-05,2.50876418427763E-05,2.5113713017686E-05
YDR037W,67946.3,YDR037W_translation_Ribosome,8.29457795609207E-05,0.000102640562283,0.000139835791026,0.00022326887752,0.000253831573757,0.000268756233131,0.000283232943358,0.00031150235204,0.000352497567243,0.000367965513474,0.000400525322434,0.000404072703669,0.000407620617904,0.000411174547631,0.000425484064729,0.000442966520639,0.000463994727652,0.000465058750181,0.000467346389989,0.000468313407246,0.000470707922124,0.000471785702818,0.00047406387429,0.000478444688122,0.000489751114777,0.000495421571931,0.000497684643317,0.000499969978578,0.000501085260349,0.000501690640252,0.000502328377036,0.000504108548839,0.000505645688368,0.000507026613978,0.000507739052132,0.00050810760543,0.000508145701099,0.000508754800189
YDR041W,23430.2,YDR041W_translation_Ribosome,4.19919775183027E-06,6.80591092631556E-06,1.31241972123588E-05,3.30102458854546E-05,4.197152037234E-05,4.65761463753832E-05,5.12869124823341E-05,6.08777283735353E-05,7.56328464778154E-05,7.9598570647285E-05,8.15650569837151E-05,8.17576880293785E-05,8.19449612607332E-05,8.21286885915558E-05,8.28143013703775E-05,8.35732261896111E-05,7.84763777416614E-05,7.73042263307048E-05,7.50043114345727E-05,7.37832983951954E-05,7.15070380514292E-05,7.03242551479955E-05,6.79852477965003E-05,6.32046774087927E-05,5.12709526623726E-05,4.52055089657096E-05,4.27666266597449E-05,4.03321482861527E-05,3.92493648034183E-05,3.93545651934545E-05,3.94912299397571E-05,3.97770533415556E-05,4.00450394469508E-05,4.02967592462598E-05,4.04145969149112E-05,4.04662851562907E-05,4.04662316993051E-05,4.05574483220679E-05
YDR044W,37707.9,YDR044W_translation_Ribosome,0,0,0,0,0,0,0,0,0,0,0,0,0,0,0,0,0,0,0,0,0,0,0,0,0,0,0,0,0,0,0,0,0,0,0,0,0,0
YDR046C,67369.6,YDR046C_translation_Ribosome,0,0,0,0,0,0,0,0,0,0,5.17889489373781E-05,0,0,0,0,5.75116537149892E-05,0,0,0,0,0,0,0,0,0,0,0,0,0,0,0,0,0,0,0,0,0,0
YDR047W,41348.5,YDR047W_translation_Ribosome,0,0,0,0,0,0,0,0,0,0,0,0,0,0,0,0,0,0,0,0,0,0,0,0,0,0,0,0,0,0,0,0,0,0,0,0,0,0
YDR050C,26792.7,YDR050C_translation_Ribosome,2.12310525890351E-05,2.94252034808366E-05,4.41866240736281E-05,7.45579332433778E-05,8.48511164150273E-05,8.96965916978541E-05,9.4370496211014E-05,0.000103231680458,0.00011549586862,0.000126514418133,0.000190877377456,0.00019764401413,0.000204343792647,0.000210957355668,0.000236733049907,0.000267492893311,0.000334271681006,0.000341298894967,0.000355200211411,0.000362212164915,0.000375901833481,0.000382769317105,0.000396384891041,0.000423419014443,0.000489007236024,0.000520925728131,0.000533523014716,0.000546001212524,0.00055223645999,0.000558948436235,0.000569108114762,0.000585659355011,0.000602219274439,0.000618764613683,0.000625307578372,0.00062529112374,0.000624732758703,0.000621822044498
YDR058C,37505.6,YDR058C_translation_Ribosome,0,0,0,0,0,0,0,0,0,0,0,0,0,0,0,0,0,0,0,0,0,0,0,0,0,0,0,0,0,0,0,0,0,0,0,0,0,0
YDR060W,116623.2,YDR060W_translation_Ribosome,8.50115026568099E-06,1.12672262282629E-05,1.71884336541862E-05,3.35838279446471E-05,4.05963582555511E-05,4.41520003866352E-05,4.7798856502557E-05,5.51453561273015E-05,6.63972732067488E-05,7.0759669371389E-05,8.08308420004807E-05,8.19687321481866E-05,8.31081321587972E-05,8.42582546055983E-05,8.88922030546596E-05,9.47690538137324E-05,0.000102513840379,0.00010294234225,0.0001038402153,0.000104240481012,0.000105175808231,0.000105615679456,0.000106516973421,0.000108287662709,0.000112925139532,0.000115275228596,0.000116225153165,0.000117190923035,0.000117661950992,0.000117942268845,0.000118318413949,0.000119067058799,0.00011978002333,0.000120469562741,0.000120764879656,0.000120899084934,0.000120923569383,0.000121146796657
YDR062W,63116.6,YDR062W_translation_Ribosome,1.62424103973127E-05,2.39634044070487E-05,3.69936309139283E-05,6.02606594091853E-05,6.71015891512509E-05,7.01253289005738E-05,7.29535875265382E-05,7.79936882085192E-05,8.43300349909296E-05,8.64210905205934E-05,9.06121340136041E-05,9.10384831031347E-05,9.14568292078582E-05,9.18700794984497E-05,9.34516614855253E-05,9.52804672431728E-05,9.74061767471439E-05,9.7513638197361E-05,9.7736633598732E-05,9.78353811389784E-05,9.80621384602381E-05,9.81677103262752E-05,9.83815805730758E-05,9.87924337533485E-05,9.98116738194785E-05,0.000100298840146,0.00010049031808,0.00010068182831,0.000100774210752,0.000100828605134,0.000100901074972,0.000101044439187,0.000101179064663,0.000101307876427,0.00010136243041,0.000101388112558,0.000101392910227,0.000101435291648
YDR064W,17045.2,YDR064W_translation_Ribosome,0.000965618810719,0.001038645481367,0.001173823958648,0.001466032869267,0.001569823847998,0.001619056020589,0.001667984714151,0.001760926669622,0.001892321855587,0.001940501923879,0.002047383832638,0.002059043312431,0.002070635131114,0.002082270898233,0.002128385014475,0.002185190603926,0.002258266804504,0.002262333350524,0.002270811809976,0.00227456508315,0.002283366876055,0.002287484911822,0.002295896311151,0.002312321865784,0.002354759383954,0.002375935951603,0.00238443226431,0.002393050142204,0.002397227590637,0.002399725440479,0.002403082856427,0.002409723599063,0.002416031677595,0.002422121098791,0.002424725051998,0.002425850896378,0.002426047673647,0.002427931642146
YDR072C,60874.6,YDR072C_translation_Ribosome,1.45577894285394E-08,2.14779818275297E-08,3.3156746804719E-08,5.40105790362822E-08,6.01419851665554E-08,6.28521104177121E-08,6.53870293440954E-08,6.99043837657699E-08,7.55835409812322E-08,7.74577176175665E-08,8.12140768748828E-08,8.15962061350497E-08,8.19711624593704E-08,8.23415514942823E-08,8.37590958715437E-08,8.53982226066919E-08,8.73034589963745E-08,8.7399774821771E-08,8.75996417145129E-08,8.76881474142461E-08,8.78913860502387E-08,8.79860082742517E-08,8.81776964499518E-08,8.85459369966595E-08,8.94594641085201E-08,8.98961027984852E-08,9.0067721134785E-08,9.02393684166596E-08,9.03221691899609E-08,9.03709219266452E-08,9.04358753791458E-08,9.0564370227887E-08,9.06850326955371E-08,9.08004844359514E-08,9.08493802200768E-08,9.08723986819376E-08,9.08766987485583E-08,9.09146844781649E-08
YDR074W,102982.4,YDR074W_translation_Ribosome,6.85713989118028E-05,9.39941591643366E-05,0.000125000667638,0.000135929547409,0.000125897500241,0.000119170821874,0.00011149851873,9.42473974533553E-05,6.52682518357478E-05,5.36947253063345E-05,2.70646777044334E-05,2.40766193676163E-05,2.10934512647342E-05,1.80926206859566E-05,6.10701417303062E-06,0,0,0,0,0,0,0,0,0,0,0,0,0,0,0,0,0,0,0,0,0,0,0
YDR087C,33193.7,YDR087C_translation_Ribosome,2.41962689734062E-06,3.20691703926054E-06,4.89223165019448E-06,9.5587456839311E-06,1.15546764025278E-05,1.25666956080253E-05,1.36046764545041E-05,1.5695662678462E-05,1.88982223746464E-05,2.01398627135345E-05,2.30063548257238E-05,2.33302250693452E-05,2.36545250553875E-05,2.39818768984374E-05,2.53008073911148E-05,2.69734970535613E-05,2.917784508913E-05,2.92998067790953E-05,2.95553625231192E-05,2.96692875394754E-05,2.9935503619268E-05,3.00607012941719E-05,3.03172307109284E-05,3.08212104424406E-05,3.21411451931039E-05,3.28100356999592E-05,3.30804065280522E-05,3.33552873009747E-05,3.34893529130357E-05,3.35691379534171E-05,3.36761976785339E-05,3.38892795743043E-05,3.40922060138396E-05,3.42884651146776E-05,3.43725192401569E-05,3.44107172120481E-05,3.44176860610639E-05,3.44812217827044E-05
YDR091C,68353.2,YDR091C_translation_Ribosome,0.000223916207057,0.000277564737667,0.000378795565518,0.000607186400857,0.000690877640455,0.00072979434543,0.000772232206234,0.00085080068812,0.000964713112527,0.001014153321035,0.001107675304705,0.001117946321949,0.001128208199815,0.00113851783643,0.001179943889731,0.001230779981701,0.001287279275178,0.001290615498073,0.001297693341148,0.001300725591241,0.0013081438209,0.001311639446248,0.001318604900639,0.001332209378302,0.001367963392273,0.001385933231211,0.001393165781753,0.001400556067924,0.00140420143069,0.001406540324678,0.001409652110417,0.001415891497097,0.001421821396011,0.001427558414211,0.001429982605368,0.001431196740676,0.001431370452897,0.001433180896071
YDR098C,28233.4,YDR098C_translation_Ribosome,0,0,0,0,0,0,0,0,0,0,0,0,0,0,0,0,0,0,0,0,0,0,0,0,0,0,0,0,0,0,0,0,0,0,0,0,0,0
YDR101C,65211.3,YDR101C_translation_Ribosome,4.75352297244804E-06,6.3002084468538E-06,9.61112457515515E-06,1.87788114135675E-05,2.26999541867331E-05,2.46881353179555E-05,2.67273198732773E-05,3.08352057054196E-05,3.71268538529834E-05,3.95661414476576E-05,4.51975617796969E-05,4.58338270835909E-05,4.64709366459415E-05,4.71140417906733E-05,4.97051711928529E-05,5.29912847440599E-05,5.73218776292122E-05,5.75614797330102E-05,5.80635365175886E-05,5.82873500249443E-05,5.88103497702026E-05,5.90563091883289E-05,5.9560278819763E-05,6.05503815641259E-05,6.31434838999888E-05,6.44575651717269E-05,6.49887272049446E-05,6.55287493340619E-05,6.57921304228768E-05,6.59488736061864E-05,6.61591997780959E-05,6.65778137750185E-05,6.69764766817288E-05,6.73620411443369E-05,6.75271712380856E-05,6.76022137733977E-05,6.76159045551975E-05,6.77407248374984E-05
YDR115W,12053.6,YDR115W_translation_Ribosome,2.16026538490757E-06,3.50128159134097E-06,6.75170606818928E-06,1.69820274604961E-05,2.1592129728301E-05,2.39609665282549E-05,2.63844068039138E-05,3.13183748633492E-05,3.89091035631363E-05,4.0949259125151E-05,4.19609124488441E-05,4.20600109444613E-05,4.21563531276888E-05,4.22508711324349E-05,4.26035826838005E-05,4.29940094066246E-05,4.03719501646119E-05,3.97689401925627E-05,3.85857554911083E-05,3.79576087927686E-05,3.67865931087531E-05,3.61781137955236E-05,3.4974818091177E-05,3.25154672010748E-05,2.63761963197572E-05,2.32558459965804E-05,2.20011699049048E-05,2.07487594037597E-05,2.01917245091584E-05,2.02458445517248E-05,2.03161513432176E-05,2.04631923823857E-05,2.06010570749616E-05,2.07305536124624E-05,2.07911748672045E-05,2.08177657365223E-05,2.08177382357276E-05,2.08646643688435E-05
YDR116C,31016.5,YDR116C_translation_Ribosome,5.55882651747077E-06,9.00954905404421E-06,1.73735889082094E-05,4.36984016997808E-05,5.55611843530437E-05,6.1656709889462E-05,6.78927418890285E-05,8.05889007391212E-05,0.000100121474967,0.00010537123313,0.000107974434274,0.000108229435974,0.000108477345091,0.000108720560204,0.000109628162732,0.000110632814492,0.00010388569326,0.000102334019171,9.92894309741455E-05,9.7673074693113E-05,9.46597999898487E-05,9.30940521121373E-05,8.99977139879365E-05,8.36692762695077E-05,6.78716145509846E-05,5.98422834134976E-05,5.66137325243479E-05,5.33910114859223E-05,5.19576411394364E-05,5.20969036253545E-05,5.22778180906043E-05,5.26561862454592E-05,5.30109416909095E-05,5.33441640772003E-05,5.35001555774746E-05,5.35685795917274E-05,5.35685088262797E-05,5.36892598390717E-05
YDR120C,64071.2,YDR120C_translation_Ribosome,0,0,0,0,0,0,0,0,0,0,0,0,0,0,0,0,0,0,0,0,0,0,0,0,0,0,0,0,0,0,0,0,0,0,0,0,0,0
YDR127W,174730.6,YDR127W_translation_Ribosome,1.42714601884485E-05,3.6045529392248E-05,7.71579567080368E-05,0.000171657341604,0.000205744885238,0.000224143423926,0.000238919473999,0.000271022829086,0.00031749460741,0.000334311764351,0.000370918189331,0.000374900823588,0.000378924178603,0.000382863106344,0.000399147462464,0.00041842536065,0.00044169440236,0.000442903807888,0.000445502426245,0.000446760527925,0.000449337717982,0.000450682163596,0.000453118673654,0.000458213728139,0.000471067552168,0.000477536501313,0.000480102222288,0.000482677735614,0.000483921320677,0.000484440010334,0.000485143218169,0.000486522516079,0.000487819602397,0.00048913394065,0.000489610104739,0.000490053074643,0.000490147145754,0.000490656508573
YDR135C,171136,YDR135C_translation_Ribosome,0,0,0,0,0,0,0,0,0,0,0,0,0,0,0,0,0,0,0,0,0,0,0,0,0,0,0,0,0,0,0,0,0,0,0,0,0,0
YDR147W,61643.5,YDR147W_translation_Ribosome,0,0,0,0,0,0,0,0,0,0,0,0,0,0,0,0,0,0,0,0,0,0,0,0,0,0,0,0,0,0,0,0,0,0,0,0,0,0
YDR148C,50436.3,YDR148C_translation_Ribosome,4.76215605029614E-05,6.05264133135016E-05,8.33091418199151E-05,0.000128324246641,0.000142974993553,0.000149758586806,0.000156209456965,0.000168316454766,0.000184634447463,0.000182927321774,0.00016292327465,0.000160806548969,0.000158708151235,0.000156622927905,0.000148417905703,0.000138517120255,0.0001140157362,0.000110371557996,0.000103176148011,9.95039529673238E-05,9.24226156586677E-05,8.88351858653141E-05,8.17591875329216E-05,6.75993013952773E-05,3.31546277593216E-05,1.62717011309077E-05,9.5885416841408E-06,2.96432952956809E-06,0,0,0,0,0,0,0,0,0,0
YDR158W,39541.1,YDR158W_translation_Ribosome,1.67570655578457E-06,3.07754801722583E-06,5.70431383785439E-06,1.15784484997932E-05,1.37169708216521E-05,1.47441361482673E-05,1.57463084702263E-05,1.76989379881482E-05,2.0460167485419E-05,2.15373056259804E-05,2.37488041770452E-05,2.39929697448038E-05,2.4231645570235E-05,2.44794460520428E-05,2.5431368057684E-05,2.66215279586032E-05,2.80225333684426E-05,2.80985637531801E-05,2.82538293135229E-05,2.83205726028158E-05,2.84839623784943E-05,2.85548762273978E-05,2.87145995883529E-05,2.90122675518778E-05,2.9797437263288E-05,3.01872594481731E-05,3.03387966266798E-05,3.05004695768631E-05,3.0579648693471E-05,3.06459028349707E-05,3.07415301443109E-05,3.09062616412006E-05,3.10743802269776E-05,3.12384220043584E-05,3.13048398530623E-05,3.13274768560776E-05,3.1329300214766E-05,3.13651241607288E-05
YDR172W,76548.8,YDR172W_translation_Ribosome,0.000250763928401,0.000310844958111,0.000424213438226,0.000679988506199,0.000773714388261,0.000817297235381,0.000864823427558,0.000952812329412,0.001080382939032,0.00113575106566,0.001240486405389,0.001251988925312,0.001263481210038,0.001275026979824,0.001321420048019,0.001378351425584,0.00144162502677,0.001445361265293,0.001453287747067,0.001456683566224,0.001464991247188,0.00146890600064,0.001476706618243,0.001491942282992,0.001531983230082,0.001552107666201,0.001560207404982,0.001568483792014,0.001572566236513,0.001575185565646,0.001578670456832,0.001585657950659,0.001592298848905,0.001598723739894,0.001601438593391,0.001602798304434,0.001602992844881,0.001605020361551
YDR173C,40326.2,YDR173C_translation_Ribosome,0,0,0,0,0,0,0,0,0,0,0,0,0,0,0,0,0,0,0,0,0,0,0,0,0,0,0,0,0,0,0,0,0,0,0,0,0,0
YDR175C,37401.9,YDR175C_translation_Ribosome,6.70322807292215E-06,1.08643545456275E-05,2.09503082225898E-05,5.26946383549088E-05,6.69996247498623E-05,7.43500426422926E-05,8.18698932135881E-05,9.71798238535792E-05,0.000120733590011,0.000127064121497,0.000130203246443,0.000130510745615,0.000130809692046,0.000131102978115,0.000132197429746,0.000133408910236,0.000125272751946,0.000123401633055,0.000119730252232,0.000117781134956,0.00011414751417,0.000112259424103,0.00010852563954,0.000100894359586,8.18444163678839E-05,7.21620782487804E-05,6.8268862137972E-05,6.43826760754861E-05,6.26542162440343E-05,6.28221488467475E-05,6.30403083662881E-05,6.34965715775165E-05,6.39243609056222E-05,6.43261841406682E-05,6.45142897778004E-05,6.4596800316987E-05,6.4596714982981E-05,6.4742325135814E-05
YDR178W,20252.8,YDR178W_translation_Ribosome,1.9687912368839E-05,2.50682938432867E-05,3.45844574300212E-05,5.34586355083179E-05,5.96252021656655E-05,6.24844942418223E-05,6.52070966359976E-05,7.03228459033253E-05,9.40713604849925E-05,0.000270436254627,0.000265150623805,0.000264626983619,0.000264113923317,0.00026360677624,0.000261683745319,0.00025948283864,4.88985010728145E-05,4.741061927311E-05,4.44736280420128E-05,4.29738103171392E-05,4.00841135586614E-05,3.86196315189012E-05,3.57315372606021E-05,2.995148182961E-05,1.58955823294882E-05,9.00692032338449E-06,6.2802411930891E-06,3.57795384494191E-06,2.36923342109941E-06,2.37345198325866E-06,2.3791030686574E-06,2.39034328376459E-06,2.40101658953904E-06,2.41130885249147E-06,2.41572404902867E-06,2.41778818454029E-06,2.41816865673653E-06,2.42161497453813E-06
YDR188W,59915.4,YDR188W_translation_Ribosome,1.14417622440525E-05,1.5937282197531E-05,2.52417759700764E-05,4.91146474412568E-05,6.22113705108217E-05,6.53865524842382E-05,7.95059578947109E-05,9.24877254989486E-05,0.000109309251107,0.000116073435908,0.000141227429497,0.00014435415677,0.000147295102588,0.000150375826758,0.000161636043023,0.000177048177088,0.000182364602966,0.000184458664147,0.000187974483912,0.000189929324639,0.000193746467215,0.00019565306122,0.0001994250663,0.000207171246827,0.000226442098782,0.00023540265194,0.000240162415066,0.000244149561323,0.000246143047123,0.000247180699601,0.000232795309082,0.000251268513194,0.000253955134705,0.000241623404526,0.000257554219814,0.000257731335266,0.000257102861891,0.000257478600084
YDR191W,41780,YDR191W_translation_Ribosome,0,0,0,0,0,0,0,0,0,0,0,0,0,0,0,0,0,0,0,0,0,0,0,0,0,0,0,0,0,0,0,0,0,0,0,0,0,0
YDR192C,42786.8,YDR192C_translation_Ribosome,0,0,0,0,0,0,0,0,0,0,0,0,0,0,0,0,0,0,0,0,0,0,0,0,0,0,0,0,0,0,0,0,0,0,0,0,0,0
YDR196C,27344.1,YDR196C_translation_Ribosome,0,0,0,0,0,0,0,0,0,0,0,0,0,0,0,0,0,0,0,0,0,0,0,0,0,0,0,0,0,0,0,0,0,0,0,0,0,0
YDR204W,38643.8,YDR204W_translation_Ribosome,0,0,0,0,0,0,0,0,0,0,0,0,0,0,0,0,0,0,0,0,0,0,0,0,0,0,0,0,0,0,0,0,0,0,0,0,0,0
YDR208W,89341.7,YDR208W_translation_Ribosome,0,0,0,0,0,0,0,0,0,0,0,0,0,0,0,0,0,0,0,0,0,0,0,0,0,0,0,0,0,0,0,0,0,0,0,0,0,0
YDR211W,81114.8,YDR211W_translation_Ribosome,0.001579184465437,0.001370693455768,0.001257330208749,0.001329834309518,0.001355444736393,0.00137027415335,0.001372735414473,0.00141829188725,0.001491817412763,0.001520408491703,0.001531178504338,0.001535317709366,0.001543510261195,0.001541607357799,0.001546283880072,0.0015636148199,0.001560944480567,0.001560008134499,0.00155315874122,0.001556022757405,0.001544509504881,0.00154272035089,0.00153876986654,0.001530113573405,0.001500573169601,0.001489394314097,0.001484604752749,0.001479034471769,0.001483914906768,0.00148570040243,0.001496135147214,0.001492661395292,0.001496821274327,0.001504203942913,0.001502451379135,0.001505236136645,0.001507230919313,0.001506644551877
YDR212W,60476.4,YDR212W_translation_Ribosome,1.15488937764951E-05,1.608650619191E-05,2.54781198202253E-05,4.95745178120554E-05,6.27938681467645E-05,6.599877999075E-05,8.02503882478243E-05,9.33537067659502E-05,0.000110332735718,0.000117160254948,0.000142549770463,0.000145705773915,0.000148674256404,0.000151783826017,0.000163149473962,0.000178705914954,0.000184072119602,0.000186185787901,0.000189734526998,0.000191707671293,0.000195560554546,0.000197485000376,0.000201292323502,0.000209111033083,0.00022856232192,0.000237606774549,0.000242411104299,0.000246435583012,0.000248447734222,0.00024949510245,0.000234975018612,0.000253621191069,0.00025633296796,0.000243885773299,0.00025996575203,0.000260144525849,0.000259510167951,0.000259889424257
YDR226W,24252,YDR226W_translation_Ribosome,6.84468313711274E-06,8.98686790654123E-06,1.28880531801276E-05,2.10947997910756E-05,2.39433135145738E-05,2.52915809487563E-05,2.6602742963001E-05,2.91013239764964E-05,3.25932550476077E-05,3.38775953856454E-05,3.66590959003364E-05,3.69605896838061E-05,3.72584330170158E-05,3.75609163739263E-05,3.87513724392719E-05,4.02093832297746E-05,4.2094280196658E-05,4.21955923282804E-05,4.24079960201525E-05,4.25008775253172E-05,4.272155768506E-05,4.28222830594707E-05,4.3034253959524E-05,4.34436283914967E-05,4.45000266667087E-05,4.50254702556296E-05,4.52362541144537E-05,4.54501720564037E-05,4.55536882085594E-05,4.56097136525573E-05,4.56835330286416E-05,4.58336880924897E-05,4.59750704555879E-05,4.61110635306526E-05,4.6169278219117E-05,4.62004505428544E-05,4.62053845020449E-05,4.62525364466768E-05
YDR232W,59362,YDR232W_translation_Ribosome,0,0,0,0,0,0,0,0,0,0,0,0,0,0,0,0,0,0,0,0,0,0,0,0,0,0,0,0,0,0,0,0,0,0,0,0,0,0
YDR234W,75150.5,YDR234W_translation_Ribosome,3.57214067530733E-05,6.04883649238238E-05,0.000107136189507,0.000210903090868,0.000249104848876,0.000266761324767,0.00028501047533,0.000319525021193,0.000370157980232,0.0003884152226,0.000429258777999,0.000433518862654,0.000437791538052,0.000442187368037,0.000460197827476,0.000481630237506,0.000510290641762,0.00051157009581,0.000514873796911,0.000515882258007,0.000519430048217,0.000521067652895,0.000523993096868,0.000529744992596,0.000545505218674,0.000553338304322,0.000556275253912,0.000559589247398,0.000561162444234,0.000562160666229,0.000563143148836,0.000566188497991,0.000568678785019,0.00057107468398,0.000572160064952,0.000572680139626,0.000572746067962,0.000573493069059
YDR236C,24530.2,YDR236C_translation_Ribosome,0,0,0,0,0,0,0,0,0,0,0,0,0,0,0,0,0,0,0,0,0,0,0,0,0,0,0,0,0,0,0,0,0,0,0,0,0,0
YDR237W,33114.5,YDR237W_translation_Ribosome,5.93483341810925E-06,9.61896771557548E-06,1.85487630745216E-05,4.66542234967643E-05,5.93194215742867E-05,6.5827257093308E-05,7.24851031316955E-05,8.60400481526165E-05,0.000106893833373,0.000112498692615,0.000115277977972,0.000115550228348,0.000115814906389,0.000116074572917,0.000117043566966,0.000118116174794,0.000110912668724,0.000109256037201,0.000106005508745,0.000104279819835,0.000101062722962,9.93910656801178E-05,9.60852868587211E-05,8.93287846477395E-05,7.2462546710576E-05,6.38901002400744E-05,6.04431655950065E-05,5.70024551400246E-05,5.54721295926964E-05,5.56208119904503E-05,5.58139637664249E-05,5.62179252792952E-05,5.65966768856455E-05,5.69524389062095E-05,5.71189818925501E-05,5.71920342040609E-05,5.71919586519381E-05,5.73208774342992E-05
YDR256C,58555.1,YDR256C_translation_Ribosome,0,0,0,0,0,0,0,0,0,0,0,0,0,0,0,0,0,0,0,0,0,0,0,0,0,0,0,0,0,0,0,0,0,0,0,0,0,0
YDR258C,91340.3,YDR258C_translation_Ribosome,0.000734524550877,0.001174672186098,0.002239561290928,0.005633132420818,0.007186899560518,0.007991990949851,0.008819276367143,0.010517175868953,0.013185963451476,0.014007017278192,0.014474175091135,0.01452230317254,0.014569633472532,0.014616411812185,0.014805465137512,0.015037453128866,0.014072269379194,0.013871344520679,0.013477300262163,0.01326732379336,0.012877163549027,0.012673820879259,0.012271974274058,0.011448652056107,0.009388423896329,0.008337508317585,0.007914405390857,0.007491611078649,0.007303786907383,0.007324636321475,0.007351947408832,0.007408337519823,0.007461580754068,0.007511950037628,0.007534983921692,0.007545136350959,0.007545792353354,0.007563796376821
YDR261C,63492.5,YDR261C_translation_Ribosome,0,0,0,0,0,0,0,0,0,0,0,0,0,0,0,0,0,0,0,0,0,0,0,0,0,0,0,0,0,0,0,0,0,0,0,0,0,0
YDR268W,43023.9,YDR268W_translation_Ribosome,1.49808841128673E-08,2.42814497627217E-08,4.68207901771722E-08,1.17731658344492E-07,1.49673799714004E-07,1.66085176057502E-07,1.82871524408613E-07,2.17043762162705E-07,2.69603763476288E-07,2.83729660636694E-07,2.90741423196269E-07,2.91428584369479E-07,2.9209671823602E-07,2.92752198997002E-07,2.95199093838414E-07,2.97908728530838E-07,2.79779264449388E-07,2.75608498958036E-07,2.67424968142751E-07,2.6308029771324E-07,2.54981447880886E-07,2.50773065213342E-07,2.4245114768936E-07,2.2544293486792E-07,1.82989455696343E-07,1.6141418443822E-07,1.52739170561913E-07,1.44080129749773E-07,1.4022905096587E-07,1.40603984366692E-07,1.41090806282912E-07,1.42109745655743E-07,1.43064763575404E-07,1.43970709377277E-07,1.44381742148683E-07,1.44567577202017E-07,1.44585289945196E-07,1.44910821029546E-07
YDR272W,31320.9,YDR272W_translation_Ribosome,0,0,0,0,0,0,0,0,0,0,0,0,0,0,0,0,0,0,0,0,0,0,0,0,0,0,0,0,0,0,0,0,0,0,0,0,0,0
YDR284C,33509.2,YDR284C_translation_Ribosome,0,0,0,0,0,0,0,0,0,0,0,0,0,0,0,0,0,0,0,0,0,0,0,0,0,0,0,0,0,0,0,0,0,0,0,0,0,0
YDR287W,32085.9,YDR287W_translation_Ribosome,0,0,1.27811213945034E-07,3.13982069485447E-07,0,3.93427154169382E-07,0,0,0,0,0,5.63819567753657E-07,0,0,0,5.98989247328429E-07,0,6.1765976756223E-07,6.19531613088197E-07,0,0,6.23153967667545E-07,0,0,6.37026463270676E-07,0,0,0,6.45197356807347E-07,6.45660370641466E-07,6.46277350106953E-07,0,0,6.4974550508175E-07,0,6.5043072741165E-07,0,0
YDR294C,65569.3,YDR294C_translation_Ribosome,0,0,0,0,0,0,0,0,0,0,0,0,0,0,0,0,0,0,0,0,0,0,0,0,0,0,0,0,0,0,0,0,0,0,0,0,0,0
YDR296W,26907.1,YDR296W_translation_Ribosome,4.82233330608668E-06,7.8158669531402E-06,1.50717487180075E-05,3.79087667653078E-05,4.81998401981455E-05,5.34877648563423E-05,5.88975801680486E-05,6.99116151428307E-05,8.68563035511104E-05,9.14105172070047E-05,9.36688182246212E-05,9.3890034552641E-05,9.41050979991069E-05,9.43160893548433E-05,9.51034429242126E-05,9.59749875974803E-05,9.01217976599712E-05,8.87757060675073E-05,8.6134497708137E-05,8.47322937170558E-05,8.2118250102586E-05,8.07599493684488E-05,7.80738474697276E-05,7.25838693440998E-05,5.88792520073122E-05,5.19137331431761E-05,4.91129354506757E-05,4.63171952074818E-05,4.50737332033895E-05,4.51945446951711E-05,4.53514896634275E-05,4.56797275297082E-05,4.59874811526598E-05,4.62765546480626E-05,4.64118787141897E-05,4.64712371780364E-05,4.64711757883575E-05,4.65759284063607E-05
YDR297W,40736.6,YDR297W_translation_Ribosome,0,0,0,0,0,0,0,0,0,0,0,0,0,0,0,0,0,0,0,0,0,0,0,0,0,0,0,0,0,0,0,0,0,0,0,0,0,0
YDR298C,22823.7,YDR298C_translation_Ribosome,0.000332711641426,0.000437251174859,0.000623703762061,0.000999624410774,0.001124640820939,0.00118287732617,0.001238861852923,0.00134431865977,0.001488528199419,0.001506616741543,0.001424132416194,0.001415500440445,0.001406976138816,0.001398505751093,0.001365520717118,0.00132617739288,0.001188563446773,0.001167952638353,0.001127447346861,0.001106580401158,0.001066847430897,0.001046632521988,0.001006783023185,0.000926948738151,0.000733524089667,0.00063884386194,0.000601403135465,0.000564344627743,0.000547863297093,0.000548585462429,0.000549493281087,0.000551477955803,0.0005533037274,0.000554929367139,0.000555807730608,0.000556147259798,0.000556013807447,0.000556661270953
YDR300C,47158.6,YDR300C_translation_Ribosome,2.68180274269119E-07,5.02142389517788E-07,9.45161986587482E-07,1.94651025775034E-06,2.31326480402271E-06,2.49868172669029E-06,2.66569181289206E-06,3.00554882842589E-06,3.49253731201984E-06,3.6808872834235E-06,4.06562710770365E-06,4.10687996325719E-06,4.14708610580075E-06,4.18963469562254E-06,4.35871947572227E-06,4.5612551831309E-06,4.78899706156928E-06,4.80048889158593E-06,4.82732312444934E-06,4.83899068842022E-06,4.86554961105359E-06,4.87791973754548E-06,4.90337560964589E-06,4.95435525334928E-06,5.08275934364696E-06,5.14693158485251E-06,5.17372175286785E-06,5.19916300892728E-06,5.21173806760478E-06,5.21587209853064E-06,5.2197667786583E-06,5.2331283442228E-06,5.2435030781047E-06,5.25291642647504E-06,5.25762272101907E-06,5.26194460376153E-06,5.26198679654082E-06,5.26877769765595E-06
YDR302W,25272.2,YDR302W_translation_Ribosome,0,0,0,0,0,0,0,0,0,0,0,0,0,0,0,0,0,0,0,0,0,0,0,0,0,0,0,0,0,0,0,0,0,0,0,0,0,0
YDR305C,24788.6,YDR305C_translation_Ribosome,0,0,0,0,0,0,0,0,0,0,0,0,0,0,0,0,0,0,0,0,0,0,0,0,0,0,0,0,0,0,0,0,0,0,0,0,0,0
YDR312W,51864.8,YDR312W_translation_Ribosome,3.78064105855002E-06,5.01077345574131E-06,7.64405944775686E-06,1.49354375423032E-05,1.80540578688675E-05,1.96353270160033E-05,2.12571609485404E-05,2.45243044820522E-05,2.9528269636002E-05,3.14683193396615E-05,3.59471825004504E-05,3.6453226280185E-05,3.69599415278399E-05,3.74714252693155E-05,3.95322400087573E-05,4.21457996542581E-05,4.55900698017608E-05,4.5780633633383E-05,4.61799367406789E-05,4.635794335604E-05,4.6773903123563E-05,4.69695231469215E-05,4.73703476074123E-05,4.81578105289586E-05,5.02201944107255E-05,5.12653286488474E-05,5.1687780165999E-05,5.2117278423544E-05,5.23267545035357E-05,5.24514177728421E-05,5.26186974443231E-05,5.29516356195717E-05,5.32687060034461E-05,5.35753587421628E-05,5.37066924111169E-05,5.37663763322387E-05,5.37772650840331E-05,5.38765389672018E-05
YDR315C,32920.4,YDR315C_translation_Ribosome,0,0,0,0,0,0,0,0,0,0,0,0,0,0,0,0,0,0,0,0,0,0,0,0,0,0,0,0,0,0,0,0,0,0,0,0,0,0
YDR321W,41385.6,YDR321W_translation_Ribosome,0,0,0,0,0,0,0,0,0,0,0,0,0,0,0,0,0,0,0,0,0,0,0,0,0,0,0,0,0,0,0,0,0,0,0,0,0,0
YDR322CA,10874.6,YDR322CA_translation_Ribosome,0.000158524078736,0.000208333075975,0.000297170438225,0.000476281918243,0.000535847346021,0.000563594762075,0.0005902691985,0.000640515240628,0.000709225443614,0.000717843926164,0.000678543372597,0.000674430573906,0.00067036907772,0.000666333269401,0.000650617191357,0.00063187163679,0.000566303976055,0.000556483732306,0.000537184545809,0.000527242262667,0.000508311057017,0.000498679443894,0.000479692716953,0.000441654803905,0.000349495527258,0.000304384103412,0.000286545062235,0.000268888133338,0.000261035424167,0.000261379507693,0.000261812047762,0.000262757667607,0.000263627576334,0.000264402130062,0.000264820635886,0.00026498240826,0.000264918823436,0.000265227314463
YDR322W,42838.6,YDR322W_translation_Ribosome,7.67760210376165E-06,1.24435854498921E-05,2.39956225171511E-05,6.03542743719062E-05,7.67386182201827E-05,8.51574849602858E-05,9.37704129314183E-05,0.00011130577864,0.000138283294941,0.000145534025682,0.000149129450457,0.000149481647379,0.000149824048342,0.000150159966159,0.000151413506103,0.000152801086096,0.000143482264578,0.000141339161855,0.00013713411306,0.000134901674191,0.000130739874191,0.000128577333381,0.000124300809906,0.000115560255296,9.37412327987945E-05,8.26514804132465E-05,7.81923505913798E-05,7.37412726981068E-05,7.17615658025845E-05,7.19539089080041E-05,7.2203779860918E-05,7.27263650023287E-05,7.32163373275578E-05,7.36765691563378E-05,7.38920176267858E-05,7.39865218093006E-05,7.39864240712351E-05,7.41531999594428E-05
YDR324C,87796.4,YDR324C_translation_Ribosome,6.39984487808458E-06,8.48220509150032E-06,1.29398146893276E-05,2.52826126513371E-05,3.05617930904628E-05,3.32385553367184E-05,3.59839853909093E-05,4.15145849598966E-05,4.9985265001895E-05,5.32693686676255E-05,6.08511594314939E-05,6.17077870884614E-05,6.25655514020077E-05,6.34313877912367E-05,6.69199217331381E-05,7.13441386984063E-05,7.71745770608065E-05,7.74971622898371E-05,7.81731000227387E-05,7.84744284768133E-05,7.91785624970614E-05,7.95097068149569E-05,8.0188219884766E-05,8.15212320557423E-05,8.50124222316835E-05,8.6781618750784E-05,8.74967419630678E-05,8.82237938521857E-05,8.85783936136691E-05,8.87894227944878E-05,8.9072592746926E-05,8.96361883495196E-05,9.01729230568894E-05,9.06920228415115E-05,9.09143436319696E-05,9.10153761899354E-05,9.10338085989689E-05,9.12018587901628E-05
YDR337W,33076.9,YDR337W_translation_Ribosome,5.9280946862389E-06,9.60804581773298E-06,1.85277018025229E-05,4.66012497600786E-05,5.92520670845257E-05,6.57525132540017E-05,7.24027996127612E-05,8.5942353613652E-05,0.000106772460315,0.000112370955495,0.000115147085101,0.00011541902635,0.00011568340386,0.000115942775549,0.00011691066935,0.00011798205928,0.000110786732462,0.000109131981968,0.000105885144339,0.00010416141487,0.000100947970863,9.92782116714638E-05,9.59761864107032E-05,8.92273558989209E-05,7.2380268803426E-05,6.38175559537639E-05,6.03745351453131E-05,5.69377314596651E-05,5.54091435269945E-05,5.55576571026869E-05,5.57505895636552E-05,5.61540923967059E-05,5.65324139479324E-05,5.68877720169956E-05,5.70541259013934E-05,5.71270952653461E-05,5.71270197990093E-05,5.725579219999E-05
YDR339C,21630.1,YDR339C_translation_Ribosome,1.57670798230289E-06,2.08973197476959E-06,3.1879380670691E-06,6.22879115669534E-06,7.52940485858213E-06,8.18886965511971E-06,8.86525190558961E-06,1.0227806882071E-05,1.23146994696535E-05,1.31237929028708E-05,1.49916928668961E-05,1.52027373047429E-05,1.54140617767991E-05,1.56273749386447E-05,1.64868331626348E-05,1.75768124257988E-05,1.90132376644481E-05,1.90927118884761E-05,1.92592403652296E-05,1.93334776300204E-05,1.950695273004E-05,1.95885356276362E-05,1.9755698581371E-05,2.00841082491869E-05,2.09442208805092E-05,2.13800918003623E-05,2.15562742701905E-05,2.17353955674966E-05,2.18227571028314E-05,2.18747476432639E-05,2.19445112598613E-05,2.20833623886508E-05,2.22155958901826E-05,2.23434847358682E-05,2.2398257151704E-05,2.24231481988546E-05,2.24276893286804E-05,2.24690912818419E-05
YDR341C,69520.6,YDR341C_translation_Ribosome,1.84080809492161E-05,2.30967674769798E-05,3.2227958087765E-05,5.44400928875801E-05,6.30258344270731E-05,6.76745168999773E-05,7.15508172570403E-05,8.00372607811896E-05,9.25592618621136E-05,9.72604445717593E-05,0.000107160886894,0.000108298444239,0.000109453229775,0.00011054228709,0.000114852816868,0.000120504394207,0.000126991995932,0.000127325094464,0.000127932096899,0.000128313744502,0.000128876330999,0.000129175502033,0.000129833671912,0.000131118565072,0.000134241912291,0.000135824660468,0.000136514608075,0.000137122078528,0.000137436298606,0.000137581979908,0.00013781729882,0.000138138873901,0.000138532186977,0.000138881363532,0.000139032435988,0.000139074939351,0.000139110122311,0.000139284832812
YDR342C,62737.6,YDR342C_translation_Ribosome,0,0,0,0,0,0,0,0,0,0,0,0,0,0,0,0,0,0,0,0,0,0,0,0,0,0,0,0,0,0,0,0,0,0,0,0,0,0
YDR343C,62707.6,YDR343C_translation_Ribosome,0,0,0,0,0,0,0,0,0,0,0,0,0,0,0,0,0,0,0,0,0,0,0,0,0,0,0,0,0,0,0,0,0,0,0,0,0,0
YDR345C,62558.2,YDR345C_translation_Ribosome,0,0,0,0,0,0,0,0,0,0,0,0,0,0,0,0,0,0,0,0,0,0,0,0,0,0,0,0,0,0,0,0,0,0,0,0,0,0
YDR347W,36736.3,YDR347W_translation_Ribosome,6.58393818108946E-06,1.06710137157347E-05,2.05774788969952E-05,5.1756890505494E-05,6.58073069736662E-05,7.30269176571258E-05,8.04129458145799E-05,9.54504226531871E-05,0.000118585028641,0.000124802902701,0.000127886164133,0.000128188191085,0.000128481817499,0.000128769884282,0.000129844859175,0.000131034780295,0.000123043412162,0.000121205591491,0.000117599546148,0.000115685115144,0.000112116157863,0.000110261668035,0.000106594329482,9.90988549262333E-05,8.03879223519525E-05,7.08778900315404E-05,6.70539571561654E-05,6.32369292231646E-05,6.1539228868205E-05,6.17041729612338E-05,6.19184501385349E-05,6.23665937410431E-05,6.27867701784457E-05,6.31814426124563E-05,6.33662007428555E-05,6.34472429337796E-05,6.34471591183679E-05,6.35901780093205E-05
YDR353W,34233.4,YDR353W_translation_Ribosome,1.28414842649996E-06,2.76745047652879E-06,5.49789733111993E-06,1.14980351137308E-05,1.36547842553719E-05,1.46973221917425E-05,1.56481075662473E-05,1.75539117587637E-05,4.03206100982934E-05,2.13413323811655E-05,2.35154112347752E-05,2.37461986216865E-05,2.39463010823609E-05,2.42124574809855E-05,2.51780823223809E-05,2.62954899595192E-05,2.77129028746869E-05,2.77825619840033E-05,2.79473620940523E-05,2.7993623630404E-05,2.81793676597538E-05,2.82269351410061E-05,2.84166392432148E-05,2.87069284970108E-05,2.95095195460178E-05,2.99019191557912E-05,3.00506221967027E-05,3.02185789685657E-05,3.02992280878179E-05,3.03489594297632E-05,3.0411241943706E-05,3.05503150575315E-05,3.06724092107367E-05,3.07944203711701E-05,3.08457004350812E-05,3.08828282826358E-05,3.08876423046603E-05,3.09202868732035E-05
YDR354W,41367.7,YDR354W_translation_Ribosome,8.9540867392458E-06,1.39145035891048E-05,2.33392901336109E-05,4.58936490803142E-05,5.42601950791567E-05,5.87044682789314E-05,6.21107615507008E-05,7.00411277976152E-05,8.16094681140088E-05,8.6496172722564E-05,9.60261556749033E-05,9.70869627504523E-05,9.81393223929226E-05,9.91842237369541E-05,0.0001034457013,0.000108523084606,0.000134800679326,0.000135512172839,0.000136933689455,0.000137798111773,0.000139048030826,0.000139597488494,0.000141186621415,0.000144144986357,0.000151246499366,0.000154819136477,0.000156315332302,0.000157722559929,0.000158378772645,0.000157290989417,0.00015564218212,0.000152935213026,0.000150204457877,0.000147463279998,0.000146350559244,0.000146991325788,0.000146929870517,0.000147258421704
YDR363WA,10372.1,YDR363WA_translation_Ribosome,7.40461545937048E-05,7.45057913611717E-05,7.53927375072401E-05,7.76503187205767E-05,7.8519430744906E-05,7.88015371099779E-05,7.95059245207404E-05,8.05099384927099E-05,8.21008396805867E-05,8.32665126229939E-05,8.43016664540955E-05,8.44132188296456E-05,8.45261390020863E-05,8.464002872491E-05,8.51209790425474E-05,8.56735159109049E-05,8.5564895261521E-05,8.55485013238752E-05,8.55250970350621E-05,8.54990724765395E-05,8.54831269217035E-05,8.54715771147508E-05,8.54388398340297E-05,8.53627993342121E-05,8.5196309186735E-05,8.51021511586487E-05,8.50626024559191E-05,8.50268218019259E-05,8.50156260359511E-05,8.50503594046942E-05,8.50956983224977E-05,8.51885925629582E-05,8.52768033866315E-05,8.53626104186377E-05,8.53979013466119E-05,8.54185729400947E-05,8.54190454906682E-05,8.54419623044142E-05
YDR365C,72384.6,YDR365C_translation_Ribosome,5.27641465438448E-06,6.99323688290424E-06,1.06683566793297E-05,2.08444970832742E-05,2.5196968988887E-05,2.74038517823763E-05,2.96673484211974E-05,3.42271052855029E-05,4.12108402287129E-05,4.39184515909377E-05,5.01693330818224E-05,5.08755881252927E-05,5.15827802963876E-05,5.22966275691663E-05,5.51727834704443E-05,5.88203723846155E-05,6.36273342724264E-05,6.38932928170738E-05,6.44505762867946E-05,6.46990094755906E-05,6.52795396499718E-05,6.55525548190806E-05,6.61119615504831E-05,6.72109764621566E-05,7.00893223215475E-05,7.15479536817911E-05,7.21375440029418E-05,7.27369690382854E-05,7.30293222770864E-05,7.32033073475665E-05,7.34367695822282E-05,7.39014314847151E-05,7.43439476596275E-05,7.47719245501373E-05,7.49552190985356E-05,7.50385163783253E-05,7.50537131580899E-05,7.5192263780547E-05
YDR367W,25486,YDR367W_translation_Ribosome,7.59843816478561E-09,1.12104325743947E-08,1.7306163932226E-08,2.81908216261829E-08,3.13911090443201E-08,3.28056589140519E-08,3.41287598429E-08,3.64865929747773E-08,3.94508290726849E-08,4.04290555644841E-08,4.23896872717611E-08,4.25891396383819E-08,4.27848480911584E-08,4.29781726472318E-08,4.37180599322716E-08,4.45736021285941E-08,4.55680402585967E-08,4.56183123034822E-08,4.57226328277705E-08,4.5768828377579E-08,4.58749087832467E-08,4.59242968529006E-08,4.60243484958413E-08,4.62165516484999E-08,4.66933671228117E-08,4.69212706862181E-08,4.70108468765257E-08,4.71004381749824E-08,4.71436560384438E-08,4.71691025292691E-08,4.72030049836828E-08,4.72700728697373E-08,4.73330526444983E-08,4.73933126801962E-08,4.74188338346214E-08,4.74308483207499E-08,4.74330927405122E-08,4.74529193920131E-08
YDR368W,34754.3,YDR368W_translation_Ribosome,0,0,0,0,0,0,0,0,0,0,0,0,0,0,0,0,0,0,0,0,0,0,0,0,0,0,0,0,0,0,0,0,0,0,0,0,0,0
YDR373W,22001.1,YDR373W_translation_Ribosome,0,0,0,0,0,0,0,0,0,0,0,0,0,0,0,0,0,0,0,0,0,0,0,0,0,0,0,0,0,0,0,0,0,0,0,0,0,0
YDR376W,56246.8,YDR376W_translation_Ribosome,0,0,0,0,0,0,0,0,0,0,0,0,0,0,0,0,0,0,0,0,0,0,0,0,0,0,0,0,0,0,0,0,0,0,0,0,0,0
YDR377W,11322.3,YDR377W_translation_Ribosome,0.000165050408905,0.000216910009206,0.000309404746171,0.000495890125883,0.000557907822435,0.000586797581028,0.000614570186138,0.000666884824174,0.000738423780206,0.000747397079911,0.000706478548871,0.000702196429012,0.000697967723748,0.000693765763903,0.00067740266545,0.000657885368954,0.000589618331533,0.000579393794925,0.000559300073843,0.000548948473562,0.000529237882852,0.000519209742667,0.000499441344892,0.000459837436435,0.000363884024082,0.000316915393124,0.000298341930567,0.00027995807773,0.000271782077782,0.000272140326996,0.00027259067445,0.000273575224831,0.000274480947118,0.000275287388704,0.000275723124133,0.000275891556567,0.000275825353999,0.000276146545394
YDR380W,71378.1,YDR380W_translation_Ribosome,0,0,0,0,0,0,0,0,0,0,0,0,0,0,0,0,0,0,0,0,0,0,0,0,0,0,0,0,0,0,0,0,0,0,0,0,0,0
YDR382W,11035.1,YDR382W_translation_Ribosome,0,0,0,0,0,0,0,0,0,0,0,0,0,0,0,0,0,0,0,0,0,0,0,0,0,0,0,0,0,0,0,0,0,0,0,0,0,0
YDR384C,30020.7,YDR384C_translation_Ribosome,0,0.000180759273965,0.000313209112599,0.000605518559905,0.000710910579562,0.000761714660985,0.000811146688992,0.000906872870582,0.001043096136206,0.001156523992318,0.001288664890754,0.001284575946121,0.001297187011486,0.001309781765756,0.001966804406236,0.001421566303854,0.001418681599077,0.001422688132935,0.001430951698095,0.001434698458551,0.00144323951965,0.001447253519413,0.001455508853756,0.001471641128998,0.001513212149663,0.001533991875694,0.001542391043124,0.001550833456266,0.001554941956926,0.001557265661447,0.001560398212132,0.001566538452656,0.00157244934992,0.001578094674366,0.001580528129481,0.001581671278288,0.001581910738282,0.00158385484328
YDR385W,93279.1,YDR385W_translation_Ribosome,0.001731783118385,0.002131420107249,0.002871175353796,0.004470275608964,0.005038268781004,0.005307684965586,0.005575444085426,0.006084070672614,0.00680312196322,0.00706678261344,0.007651693363803,0.007715498429207,0.007778931592178,0.007842608438852,0.008094966586426,0.008405831148415,0.008805738427885,0.008827993570231,0.00887439321146,0.008894928798208,0.008943096260891,0.008965631921553,0.009011663537057,0.009101551437934,0.009333790788993,0.009449676761308,0.009496175838721,0.009543333513434,0.009566197259396,0.009579867383555,0.00959823983842,0.009634577917986,0.009669102682323,0.009702422622869,0.009716675825683,0.009722836456118,0.00972391396738,0.009734222291275
YDR394W,47886.3,YDR394W_translation_Ribosome,0.00034185906159,0.000343981129844,0.000348076016052,0.000358498901606,0.000362511450572,0.000363813889811,0.000367065932008,0.000371701301341,0.000379046233569,0.000384427956096,0.000389207093098,0.000389722112286,0.00039024344637,0.000390769256711,0.000392989726162,0.000395540699084,0.000395039215199,0.000394963527053,0.000394855473255,0.000394735322098,0.000394661704063,0.000394608380481,0.000394457237777,0.000394106171147,0.000393337513195,0.000392902800882,0.000392720210949,0.000392555017485,0.000392503328453,0.000392663686771,0.000392873009186,0.000393301886797,0.000393709141834,0.000394105298955,0.000394268231434,0.000394363668821,0.00039436585051,0.000394471653715
YDR399W,25184.9,YDR399W_translation_Ribosome,0,0,0,0,0,0,0,0,0,0,0,0,0,0,0,0,0,0,0,0,0,0,0,0,0,0,0,0,0,0,0,0,0,0,0,0,0,0
YDR400W,37949.6,YDR400W_translation_Ribosome,0,0,0,0,0,0,0,0,0,0,0,0,0,0,0,0,0,0,0,0,0,0,0,0,0,0,0,0,0,0,0,0,0,0,0,0,0,0
YDR402C,56079.7,YDR402C_translation_Ribosome,0,0,0,0,0,0,0,0,0,0,0,0,0,0,0,0,0,0,0,0,0,0,0,0,0,0,0,0,0,0,0,0,0,0,0,0,0,0
YDR403W,61382.2,YDR403W_translation_Ribosome,0,0,0,0,0,0,0,0,0,0,0,0,0,0,0,0,0,0,0,0,0,0,0,0,0,0,0,0,0,0,0,0,0,0,0,0,0,0
YDR405W,30576.6,YDR405W_translation_Ribosome,5.47998693901944E-06,8.88176865880702E-06,1.71271832286285E-05,4.30786371580777E-05,5.47731726496953E-05,6.07822467269396E-05,6.6929834495964E-05,7.94459265984174E-05,9.87014747468469E-05,0.000103876776778,0.000106443057309,0.000106694442378,0.000106938835455,0.000107178601104,0.000108073331311,0.000109063734322,0.000102412305984,0.000100882638937,9.78812314453293E-05,9.6287799579625E-05,9.33172614695278E-05,9.17737202396137E-05,8.87212967782806E-05,8.24826138597917E-05,6.69090068021742E-05,5.89935538510519E-05,5.58107927684935E-05,5.26337788532056E-05,5.12207376739507E-05,5.13580250315482E-05,5.1536373627881E-05,5.1909375472826E-05,5.225909950208E-05,5.25875958706792E-05,5.27413749788083E-05,5.28088285507524E-05,5.2808758788955E-05,5.29277972174604E-05
YDR408C,23536.4,YDR408C_translation_Ribosome,1.24553069260783E-06,1.94354465654527E-06,3.31406820841463E-06,6.59090184722353E-06,7.84562204210413E-06,8.45863965813679E-06,9.06975079662803E-06,1.02641840278131E-05,1.20043779268764E-05,1.26524263012481E-05,1.40937130120171E-05,1.42527921686979E-05,1.44113485359971E-05,1.45707012460947E-05,1.5205251783576E-05,1.59946111130119E-05,1.70026060027208E-05,1.70565691592406E-05,1.7169456521884E-05,1.7219851439803E-05,1.73366925607694E-05,1.73917332281087E-05,1.75041094268936E-05,1.77237417946495E-05,1.82927509111522E-05,1.85780493649969E-05,1.86928329113268E-05,1.88090621828557E-05,1.88657694636243E-05,1.88991596330895E-05,1.89440305980937E-05,1.90334072457103E-05,1.9118371564754E-05,1.92001509668154E-05,1.92351796334965E-05,1.92516935259805E-05,1.92547682941536E-05,1.92820338400074E-05
YDR412W,27983.9,YDR412W_translation_Ribosome,2.03986289966139E-06,2.70358669672146E-06,4.12438870255131E-06,8.05848650028649E-06,9.74115295916692E-06,1.05943342629902E-05,1.14694024900869E-05,1.32322053530583E-05,1.59321185981034E-05,1.69788816609561E-05,1.93954736232349E-05,1.96685119561257E-05,1.99419125827328E-05,2.02178860729049E-05,2.13298084863157E-05,2.27399670478782E-05,2.45983394195195E-05,2.47011590429969E-05,2.49166049374042E-05,2.5012649255007E-05,2.52370823298167E-05,2.53426300456405E-05,2.55588967934141E-05,2.59837761653631E-05,2.7096545216993E-05,2.76604523757246E-05,2.78883881049826E-05,2.81201259366008E-05,2.82331497538117E-05,2.83004124148447E-05,2.8390668958758E-05,2.85703073378194E-05,2.87413841744273E-05,2.89068401209454E-05,2.89777018278959E-05,2.90099045719589E-05,2.90157796498796E-05,2.90693433466297E-05
YDR418W,17828.9,YDR418W_translation_Ribosome,0.001010015794149,0.001086400067042,0.001227793746999,0.001533437766813,0.001642000821555,0.00169349657883,0.001744674903792,0.00184189012156,0.001979326562966,0.002029721842551,0.00214151794134,0.002153713497817,0.00216583828228,0.002178009035829,0.002226243375529,0.002285660758356,0,0,0,0,0,0,0,0,0,0,0,0,0,0,0,0,0,0,0,0,0,0
YDR427W,45773.7,YDR427W_translation_Ribosome,0.000326777264636,0.0003288057136,0.000332719945704,0.000342683004794,0.000346518532128,0.000347763511653,0.000350872083497,0.000355302954231,0.000362323850068,0.00036746814713,0.000372036442935,0.000372528741021,0.000373027075408,0.000373529688573,0.000375652197568,0.000378090629212,0.000377611269293,0.000377538920281,0.000377435633493,0.000377320783045,0.000377250412817,0.000377199441712,0.00037705496697,0.000376719388348,0.00037598464128,0.000375569107171,0.000375394572559,0.000375236666935,0.000375187258268,0.000375340542058,0.000375540629796,0.000375950586612,0.000376339874777,0.000376718554634,0.00037687429902,0.000376965525996,0.000376967611436,0.00037706874692
YDR428C,29983.6,YDR428C_translation_Ribosome,0,0,0,0,0,0,0,0,0,0,0,0,0,0,0,0,5.38165144194816E-07,5.47690828731978E-07,5.65871810140304E-07,5.80075522293834E-07,5.92949746349851E-07,5.98488108542012E-07,6.20605588379252E-07,6.61477735861029E-07,7.51123408829381E-07,7.9705369573534E-07,8.17614120145262E-07,8.34610697919424E-07,8.4234114700441E-07,8.11745748976298E-07,7.66343844531969E-07,6.89334377783294E-07,6.13093054864991E-07,5.35980376150389E-07,5.05150748084346E-07,5.19395135685161E-07,5.17409295440098E-07,5.22381092355404E-07
YDR429C,30500.9,YDR429C_translation_Ribosome,0.000593807140766,0.000515410061111,0.000472783055177,0.000500046148066,0.000509676216427,0.000515252394432,0.000516177881266,0.00053330808957,0.000560955260013,0.000571706117312,0.000575755872454,0.00057731230209,0.000580392876832,0.000579677344449,0.000581435816863,0.00058795262098,0.000586948516267,0.000586596430115,0.000584020911721,0.000585097843073,0.000580768613834,0.00058009585366,0.000578610387036,0.000575355435643,0.000564247611887,0.00056004412308,0.000558243145556,0.000556148600748,0.00055798374871,0.000558655133274,0.000562578820532,0.000561272615499,0.000562836819004,0.000565612860321,0.00056495385885,0.000566000987245,0.0005667510682,0.000566530581501
YDR447C,15820.7,YDR447C_translation_Ribosome,0.000896250294437,0.000964030845462,0.001089498316393,0.001360715404619,0.001457050204868,0.001502745616651,0.001548159350853,0.001634424504381,0.001756380469615,0.001801099358594,0.001900303041385,0.001911124922733,0.001921884003638,0.001932683875793,0.001975485227425,0.002028209993871,0.002096036516675,0.00209981092851,0.002107680308948,0.002111163952959,0.002119333439092,0.002123155641733,0.00213096277954,0.00214620834851,0.002185597223014,0.002205252499796,0.00221313845094,0.002221137234222,0.002225014581418,0.002227332989709,0.002230449214246,0.002236612896516,0.002242467812741,0.002248119779624,0.002250536668983,0.002251581634497,0.002251764275601,0.002253512902805
YDR449C,52430,YDR449C_translation_Ribosome,3.82184083809786E-06,5.06537868235328E-06,7.72736107814726E-06,1.50981974353117E-05,1.82508031278386E-05,1.98493042573972E-05,2.14888122297198E-05,2.47915596704122E-05,2.98500558570665E-05,3.18112473773822E-05,3.63389192380693E-05,3.68504776625013E-05,3.73627148722187E-05,3.78797725407253E-05,3.99630451415825E-05,4.26050862217294E-05,4.60868905251022E-05,4.62795310383587E-05,4.66831855769962E-05,4.68631320309184E-05,4.72836247468111E-05,4.74813765519792E-05,4.78865690228561E-05,4.86826133723315E-05,5.07674722153433E-05,5.18239958711702E-05,5.22510510809514E-05,5.26852298234335E-05,5.28969886825049E-05,5.30230104778214E-05,5.31921130903013E-05,5.35286794807682E-05,5.38492051595818E-05,5.41591996662784E-05,5.42919645523526E-05,5.43522988828507E-05,5.43633062955194E-05,5.44636620222268E-05
YDR450W,17049.9,YDR450W_translation_Ribosome,0.000965885067989,0.001038931874825,0.001174147625874,0.001466437109434,0.001570256707224,0.001619502454969,0.001668444640004,0.001761412223053,0.001892843639592,0.001941036992933,0.002047948373037,0.002059611067785,0.002071206082767,0.002082845058303,0.002128971889933,0.002185793142813,0.002258889493237,0.002262957160555,0.002271437957836,0.002275192265928,0.002283996485818,0.002288115657081,0.002296529375747,0.002312959459522,0.002355408679304,0.002376591086126,0.002385089741584,0.00239370999575,0.002397888596062,0.002400387134655,0.002403745476368,0.002410388050106,0.002416697868012,0.002422788968289,0.002425393639503,0.002426519794321,0.002426716625849,0.002428601113828
YDR453C,21615,YDR453C_translation_Ribosome,0,0,0,0,0,0,0,0,0,0,0,0,0,0,0,0,0,0,0,0,0,0,0,0,0,0,0,0,0,0,0,0,0,0,0,0,0,0
YDR454C,20637.5,YDR454C_translation_Ribosome,1.72582967957961E-08,2.57504336979314E-08,4.06057438694357E-08,6.93885686497737E-08,7.86435600442842E-08,8.28932137271782E-08,8.69709549632998E-08,9.4523843454513E-08,1.04668718551438E-07,1.0821716368187E-07,1.15716956070812E-07,1.16513760233894E-07,1.17302474838566E-07,1.18088568959763E-07,1.21165306941742E-07,1.24874522067901E-07,1.29431696812336E-07,1.29670219134152E-07,1.30167904562227E-07,1.30389374060277E-07,1.30901032632586E-07,1.31140626912275E-07,1.31628783121932E-07,1.32577215528036E-07,1.3499570037048E-07,1.36187767183515E-07,1.36663407139321E-07,1.37143034919836E-07,1.37376058879073E-07,1.37513701503938E-07,1.37697568280256E-07,1.38063123913476E-07,1.38408939422546E-07,1.3874168319032E-07,1.38883420427613E-07,1.38950209471676E-07,1.38962722247126E-07,1.39073127392081E-07
YDR462W,17358.6,YDR462W_translation_Ribosome,3.11103593204159E-06,5.04225680555613E-06,9.72324989673379E-06,2.44561145114959E-05,3.10952033501763E-05,3.45066066218695E-05,3.79966453131362E-05,4.51021389379882E-05,5.60336799886389E-05,5.89717436657801E-05,6.04286432961527E-05,6.05713567714646E-05,6.07101008331368E-05,6.08462178635001E-05,6.13541639323538E-05,6.19164242787079E-05,5.81403509430736E-05,5.72719457445593E-05,5.55680207795142E-05,5.46634157421976E-05,5.29770155918233E-05,5.2100733899497E-05,5.03678467277415E-05,4.68260925330671E-05,3.79848212514217E-05,3.34911502220283E-05,3.16842692565939E-05,2.98806510076743E-05,2.90784553216198E-05,2.91563945406825E-05,2.92576445797419E-05,2.94694009498308E-05,2.96679423028331E-05,2.98544325294759E-05,2.99417342578031E-05,2.99800282333906E-05,2.99799886290155E-05,3.00475677733629E-05
YDR471W,15525.5,YDR471W_translation_Ribosome,0.000879527071892,0.000946042898937,0.001069169259967,0.001335325681823,0.001429862961543,0.001474705738135,0.001519272092997,0.001603927616526,0.001723607993389,0.001767492468213,0.001864845099713,0.00187546505451,0.001886023380665,0.001896621736942,0.001938624453936,0.00199036542377,0,0,0,0,0,0.002083539471434,0,0,0,0,0,0,0,0,0,0,0,0,0,0,0,0
YDR481C,62976.5,YDR481C_translation_Ribosome,0,0,0,0,0,0,0,0,0,0,0,0,0,0,0,0,0,0,0,0,0,0,0,0,0,0,0,0,0,0,0,0,0,0,0,0,0,0
YDR483W,51372,YDR483W_translation_Ribosome,0,0,0,0,0,0,0,0,0,0,0,0,0,0,0,0,0,0,0,0,0,0,0,0,0,0,0,0,0,0,0,0,0,0,0,0,0,0
YDR487C,22561,YDR487C_translation_Ribosome,2.17711322859624E-08,3.24838600872323E-08,5.12236538640784E-08,8.753283855773E-08,9.92078980574838E-08,1.04568784684625E-07,1.09712805843257E-07,1.19240683155193E-07,1.3203832016266E-07,1.36514640697542E-07,1.45975537919838E-07,1.46980696716545E-07,1.47975650633339E-07,1.48967298841984E-07,1.52848566524853E-07,1.57527696461266E-07,1.63276517181252E-07,1.63577410200004E-07,1.64205234336975E-07,1.6448461542518E-07,1.65130066514287E-07,1.65432311794906E-07,1.66048114938312E-07,1.67244550926282E-07,1.70295440249994E-07,1.71799218089955E-07,1.72399232130789E-07,1.73004276764171E-07,1.73298233665155E-07,1.73471868168581E-07,1.73703813878961E-07,1.74164957880761E-07,1.74601199955144E-07,1.75020952186273E-07,1.75199751993662E-07,1.75284005563462E-07,1.75299790278064E-07,1.75439065030623E-07
YDR494W,41242.8,YDR494W_translation_Ribosome,7.39160028677456E-06,1.19800438387998E-05,2.3101750765673E-05,5.81059900899108E-05,7.38799933595251E-05,8.19852450995148E-05,9.02773290081352E-05,0.000107159476904,0.000133132041584,0.000140112672085,0.000143574162072,0.000143913239147,0.000144242885177,0.000144566289568,0.00014577313333,0.000147109023956,0.00013813734206,0.000136074073022,0.000132025668395,0.000129876391113,0.000125869624201,0.000123787641173,0.000119670424402,0.000111255468132,9.0249235877786E-05,7.957259285755E-05,7.52795720908284E-05,7.09943033066785E-05,6.90883433651621E-05,6.92735214108545E-05,6.9514084308261E-05,7.00172023949906E-05,7.04889225402558E-05,7.0932010065712E-05,7.11394327680644E-05,7.12304165326744E-05,7.12303224354936E-05,7.1390885679908E-05
YDR496C,75101.3,YDR496C_translation_Ribosome,5.47444622037457E-06,7.25570330034367E-06,1.10687557226447E-05,2.16268215725458E-05,2.61426481202507E-05,2.84323584555801E-05,3.0780807436732E-05,3.55116986510686E-05,4.27575433900116E-05,4.55667753702651E-05,5.20522615940113E-05,5.2785023423132E-05,5.3518757551649E-05,5.42593965575582E-05,5.72434988001436E-05,6.10279870658776E-05,6.60153612701289E-05,6.62913016282871E-05,6.68695007624197E-05,6.71272580124664E-05,6.77295763341157E-05,6.80128381621812E-05,6.85932402471146E-05,6.97335027972436E-05,7.27198771902758E-05,7.42332531207231E-05,7.48449716297131E-05,7.54668939641164E-05,7.57702196479383E-05,7.59507346328058E-05,7.61929590468939E-05,7.6675060390788E-05,7.71341848455332E-05,7.75782243352485E-05,7.77683981963685E-05,7.78548217450055E-05,7.78705888821608E-05,7.80143395122995E-05
YDR497C,63566.2,YDR497C_translation_Ribosome,1.6321460629807E-05,2.08638151738586E-05,2.00804006385772E-05,0,1.8074368174054E-05,1.78502810862543E-05,1.7635237032719E-05,1.72368793011928E-05,1.6701882097685E-05,0,1.61192146804881E-05,1.60771989126838E-05,1.60356199640566E-05,1.59941593362995E-05,1.58318952803658E-05,1.5636289658966E-05,1.53959489331415E-05,1.53833626511109E-05,1.5357105614979E-05,1.53454510829884E-05,1.53184671872671E-05,1.53058322349229E-05,1.52800842665521E-05,1.52300675975897E-05,1.51025105666885E-05,0,1.5014550179866E-05,1.49892762847615E-05,1.49769693702619E-05,1.4969705728039E-05,1.49600143866589E-05,0,1.49224921700632E-05,1.4904970006997E-05,1.48974752083695E-05,1.48939560613812E-05,0,1.48874796333662E-05
YDR500C,9890.7,YDR500C_translation_Ribosome,0,0,0,0,0,0,0,0,0,0,0,0,0,0,0,0,0,0,0,0,0,0,0,0,0,0,0,0,0,0,0,0,0,0,0,0,0,0
YDR502C,42245.2,YDR502C_translation_Ribosome,0.000146658791109,0.000227018163743,0.000362663273788,0.000604993635669,0.000676285223736,0.000707805010671,0.000737292558842,0.000789856100431,0.000855972675307,0.000877802413135,0.00092157577403,0.000926030566015,0.000930402091267,0.000934720758126,0.000951252669342,0.000970376779966,0,0,0,0,0,0,0,0,0,0.001022914944614,0,0,0,0,0,0,0,0,0,0,0,0
YDR503C,31591.6,YDR503C_translation_Ribosome,0,0,0,0,0,0,0,0,0,0,0,0,0,0,0,0,0,0,0,0,0,0,0,0,0,0,0,0,0,0,0,0,0,0,0,0,0,0
YDR508C,73600.7,YDR508C_translation_Ribosome,0,0,0,0,0,0,0,0,0,0,0,0,0,0,0,0,0,0,0,0,0,0,0,0,0,0,0,0,0,0,0,0,0,0,0,0,0,0
YDR513W,15861.6,YDR513W_translation_Ribosome,0,0,0,0,0,0,0,0,0,0,0,0,0,0,0,0,0,0,0,0,0,0,0,0,0,0,0,0,0,0,0,0,0,0,0,0,0,0
YDR529C,14561.9,YDR529C_translation_Ribosome,0.000231890789627,0.000304888546786,0.000435096869017,0.000697678564553,0.000785014382005,0.000825715457985,0.000864821911265,0.000938510732145,0.001039289874723,0.001052036395094,0.000994950703915,0.000988978517857,0.000983081304768,0.000977221009536,0.000954404304667,0.00092719040709,0.000831607575626,0.000817274693997,0.000789106574975,0.000774593648246,0.000746964752146,0.000732906477088,0.000705195388858,0.000649678255661,0.000515174562336,0.000449338043482,0.000423302766303,0.000397534010004,0.000386074404102,0.00038657976384,0.000387213000059,0.000388604235947,0.000389881505166,0.000391092655208,0.000391633413114,0.000391884514343,0.000391939266411,0.00039239595903
YDR530C,36827.1,YDR530C_translation_Ribosome,0,0,0,0,0,0,0,0,0,0,0,0,0,0,0,0,0,0,0,0,0,0,0,0,0,0,0,0,0,0,0,0,0,0,0,0,0,0
YDR531W,40897.5,YDR531W_translation_Ribosome,0,0,0,0,0,0,0,0,0,0,0,0,0,0,0,0,0,0,0,0,0,0,0,0,0,0,0,0,0,0,0,0,0,0,0,0,0,0
YDR536W,63528.3,YDR536W_translation_Ribosome,0,0,0,0,0,0,0,0,0,0,0,0,0,0,0,0,0,0,0,0,0,0,0,0,0,0,0,0,0,0,0,0,0,0,0,0,0,0
YDRUMD1,48870.68,YDRUMD1_translation_Ribosome,0.79097881989557,0.75804429042786,0.697736578491057,0.556121537346691,0.50972021183313,0.477329839740225,0.464407590619597,0.421521695748943,0.36064928160246,0.33162831783282,0.296277677731956,0.292372189224118,0.288437695506367,0.284679645522988,0.268822360583096,0.25069888201846,0.248100219643597,0.248100219643597,0.248100219643597,0.248100219643597,0.248100219643597,0.248100219643597,0.248100219643597,0.248100219643597,0.248100219643596,0.248100219643597,0.248100219643597,0.248100219643597,0.248100219643597,0.248100219643597,0.248100219643597,0.248100219643597,0.248100219643597,0.248100219643598,0.248100219643597,0.248100219643597,0.248100219643597,0.248100219643597
YEL003W,12995.1,YEL003W_translation_Ribosome,3.1347161003236E-06,4.90530934650339E-06,7.56827086699811E-06,1.60219522041985E-05,1.97646935386427E-05,2.17686254883382E-05,2.48941146202285E-05,2.91102573436532E-05,3.60588814053182E-05,3.76709042181588E-05,4.556659155382E-05,4.61232569453998E-05,4.66853320328817E-05,4.75226990995106E-05,5.15893806367975E-05,5.48330103722671E-05,5.48050868983825E-05,5.50196235124458E-05,5.62954571660822E-05,5.67397929116843E-05,5.77144388842885E-05,6.23207889422961E-05,5.91997155286036E-05,6.11077407629575E-05,6.60663309920169E-05,6.85198206949646E-05,6.95434271136988E-05,7.05446825286242E-05,7.10116077924966E-05,7.12817572520279E-05,7.32927594064092E-05,7.23980186865449E-05,7.30440538532894E-05,7.57427940041036E-05,7.40201088041077E-05,7.46629718213515E-05,7.45359647056225E-05,7.46550775928208E-05
YEL006W,36977.2,YEL006W_translation_Ribosome,0,0,0,0,0,0,0,0,0,0,0,0,0,0,0,0,0,0,0,0,0,0,0,0,0,0,0,0,0,0,0,0,0,0,0,0,0,0
YEL017CA,4853.1,YEL017CA_translation_Ribosome,1.18715704531055E-06,1.77146739701074E-06,2.78012913270708E-06,4.97726781015017E-06,5.76315404230646E-06,6.13367649567336E-06,6.50788630644384E-06,7.21656858520978E-06,8.22213372102257E-06,0,0,0,0,0,0,0,1.09730802120613E-05,1.10018632319057E-05,1.10620771774082E-05,1.10889209576019E-05,1.11511524846783E-05,1.11803800385221E-05,1.12400725988758E-05,1.1356573231979E-05,1.16572190903624E-05,1.18072810922487E-05,1.18675097852635E-05,1.19284912098426E-05,1.36227591110586E-05,3.24864079819102E-05,6.10768299953967E-05,0.000107680970904,0.0001543524027,0.000201016257846,0.00021963124576,0.00022211548069,0.000222149091662,0.000222421809837
YEL020WA,10203.8,YEL020WA_translation_Ribosome,0,0,0,0,0,0,0,0,0,0,0,0,0,0,0,0,0,0,0,0,0,0,0,0,0,0,0,0,0,0,0,0,0,0,0,0,0,0
YEL021W,29239.8,YEL021W_translation_Ribosome,2.05366825588089E-07,3.20553034011069E-07,5.46863063938991E-07,1.08848980968035E-06,1.2960131104055E-06,1.3974302755874E-06,1.49855337709621E-06,1.6962005583688E-06,1.9842478679974E-06,2.09151867359819E-06,2.33017700612203E-06,2.35651538868627E-06,2.38276443230788E-06,2.40913160560339E-06,2.51422428820432E-06,2.64495029472287E-06,2.81191509476455E-06,2.8208427903096E-06,2.839554797565E-06,2.84789662784698E-06,2.8672771292296E-06,2.87636866187031E-06,2.89497565638955E-06,2.93135849628738E-06,3.02564602156197E-06,3.07289332842102E-06,3.09188519671929E-06,3.11115963957417E-06,3.1205106017718E-06,3.12606685799583E-06,3.13350988650506E-06,3.14831434186004E-06,3.16237212254493E-06,3.17592803281246E-06,3.18174327561655E-06,3.18446194262932E-06,3.18496306147708E-06,3.18950219685362E-06
YEL024W,23367.3,YEL024W_translation_Ribosome,0.000372112268897,0.000489250862821,0.000698194539682,0.00111955612396,0.001259702825086,0.001325015336005,0.00138776897569,0.001506016510981,0.001667735548906,0.001688189731771,0.00159658503242,0.001587001539657,0.001577538355084,0.001568134412139,0.001531520729331,0.001487850926019,0.001334470343974,0.001311470546908,0.0012662695163,0.0012429808031,0.001198645056814,0.0011760859175,0.001131618278525,0.001042530624679,0.000826694219194,0.000721047175401,0.000679268689596,0.000637917886538,0.000619528799331,0.000620339743824,0.000621355890116,0.00062358838906,0.000625638007105,0.000627581524529,0.000628449272022,0.000628852211044,0.000628940071007,0.00062967291998
YEL026W,13570.1,YEL026W_translation_Ribosome,9.89181048198965E-07,1.31103748345227E-06,2.00002026638501E-06,3.90776366616296E-06,4.72373113723216E-06,5.13746030332454E-06,5.56180299138893E-06,6.41663062909518E-06,7.72588676303602E-06,8.23348861407238E-06,9.40535510113531E-06,9.53775828586514E-06,9.67033715596977E-06,9.80416367260914E-06,1.03433629386952E-05,1.10271844466429E-05,1.1928356153246E-05,1.19782159859552E-05,1.20826911424451E-05,1.21292654581874E-05,1.22380987254759E-05,1.22892814790771E-05,1.23941546880995E-05,1.26001894282639E-05,1.3139799250609E-05,1.3413252076509E-05,1.35237838694186E-05,1.36361593978061E-05,1.36909675018207E-05,1.37235848652505E-05,1.37673525433282E-05,1.38544637311076E-05,1.39374232106817E-05,1.40176569786642E-05,1.40520196103734E-05,1.40676355344301E-05,1.40704845081218E-05,1.40964588977269E-05
YEL027W,16352.8,YEL027W_translation_Ribosome,0,0,0,0,0,0,0,0,0,0,0,0,0,0,0,0,0,0,0,0,0,0,0,0,0,0,0,0,0,0,0,0,0,0,0,0,0,0
YEL029C,35556.5,YEL029C_translation_Ribosome,0,0,0,0,0,0,0,0,0,0,0,0,0,0,0,0,0,0,0,0,0,0,0,0,0,0,0,0,0,0,0,0,0,0,0,0,0,0
YEL034W,17103.4,YEL034W_translation_Ribosome,0,0,0,0,0,0,0,0,0,0,0,0,0,0,0,0,0,0,0,0,0,0,0,0,0,0,0,0,0,0,0,0,0,0,0,0,0,0
YEL037C,42328,YEL037C_translation_Ribosome,0.000302178501137,0.000304054254851,0.000307673835887,0.000316886907261,0.000320433708176,0.000321584969562,0.000324459537906,0.000328556866644,0.00033504925155,0.000339806302128,0.00034403071101,0.000344485950446,0.00034494677179,0.000345411549818,0.00034737428302,0.000349629157208,0.000349185881994,0.000349118979188,0.000349023467504,0.000348917262636,0.000348852189657,0.000348805055496,0.000348671456358,0.000348361139038,0.000347681701416,0.000347297447406,0.00034713605121,0.000346990032224,0.000346944342886,0.000347086087955,0.000347271113718,0.000347650210276,0.000348010194054,0.000348360368084,0.000348504388523,0.00034858874822,0.000348590676674,0.000348684198997
YEL038W,25182.6,YEL038W_translation_Ribosome,0,0,0,0,0,0,0,0,0,0,0,0,0,0,0,0,0,0,0,0,0,0,0,0,0,0,0,0,0,0,0,0,0,0,0,0,0,0
YEL039C,12541.6,YEL039C_translation_Ribosome,0,0.000262588686804,0,0.000622893865912,0,0,2.72834008645701E-05,0.000597263077507,0,0,0,0,0,0,0,2.92510021137428E-05,0,0,5.8220916726013E-05,0.000667127483285,0,0,0,0,0,0,0,0,0,0,1.2215795371256E-05,0,0,1.23381907283298E-05,0,1.09894440441102E-05,1.23648996177788E-05,0
YEL041W,55864.1,YEL041W_translation_Ribosome,0,0,0,0,0,0,0,0,0,0,0,0,0,0,0,0,0,0,0,0,0,0,0,0,0,0,0,0,0,0,0,0,0,0,0,0,0,0
YEL042W,56807,YEL042W_translation_Ribosome,0,0,0,0,0,0,0,0,0,0,0,0,0,0,0,0,0,0,0,0,0,0,0,0,0,0,0,0,0,0,0,0,0,0,0,0,0,0
YEL046C,42807.5,YEL046C_translation_Ribosome,0,0,0,0,0,0,0,0,0,0,0,0,0,0,0,0,0,0,0,0,0,0,0,0,0,0,0,0,0,0,0,0,0,0,0,0,0,0
YEL047C,50838.6,YEL047C_translation_Ribosome,0,0,0,0,0,0,0,0,1.67001510989445E-05,0.000192245389396,0.000194960969548,0.000195282869751,0.000195607875017,0.00019593329692,0.000197284692552,0.000199031031828,0,0,0,0,0,0,0,0,0,0,0,0,0,0,0,0,0,0,0,0,0,0
YEL050C,43835,YEL050C_translation_Ribosome,7.85617849832608E-06,1.27330157427185E-05,2.45537462251175E-05,6.1758078394077E-05,7.85235121988512E-05,8.71381967019027E-05,9.59514561831787E-05,0.000113894683923,0.000141499680982,0.000148919059347,0.000152598111535,0.000152958500344,0.000153308865347,0.00015365259641,0.000154935292937,0.000156355147204,0.000146819575518,0.000144626625518,0.000140323769824,0.000138039405773,0.000133780804815,0.00013156796461,0.000127191971778,0.00011824811714,9.59215973382687E-05,8.45739040004729E-05,8.0011057508255E-05,7.54564502276338E-05,7.34306965436847E-05,7.36275134337341E-05,7.38831962343153E-05,7.44179363909436E-05,7.49193051769549E-05,7.5390241720506E-05,7.56107013924394E-05,7.5707403685244E-05,7.570730367385E-05,7.58779586686347E-05
YEL051W,29192.4,YEL051W_translation_Ribosome,0,0,0,0,0,0,0,0,0,0,0,0,0,0,0,0,0,0,0,0,0,0,0,0,0,0,0,0,0,0,0,0,0,0,0,0,0,0
YEL054C,17828.9,YEL054C_translation_Ribosome,0,0,0,0,0,0,0,0,0,0,0,0,0,0,0,0,0.002362096838455,0.002366350355124,0.002375218635093,0.002379144475334,0.002388350954903,0.002392658328702,0.002401456465273,0.002418637230005,0.002463025929915,0.002485176148566,0.002494063102642,0.002503077211199,0.002507446729326,0.002510059424692,0.002513571207082,0.002520517276144,0.002527115385955,0.002533484785056,0.002536208462181,0.002537386070356,0.002537591895002,0.002539562484139
YEL055C,115864,YEL055C_translation_Ribosome,8.44580901898475E-06,1.11938782310162E-05,1.70765394613476E-05,3.33652021294099E-05,4.03320818921207E-05,4.3864577312208E-05,4.74876929274129E-05,5.4786367912505E-05,6.59650366550287E-05,7.02990342577344E-05,8.03046450238348E-05,8.14351276728601E-05,8.25671103558029E-05,8.37097456734427E-05,8.83135277948563E-05,9.41521211137603E-05,0.00010184649025,0.000102272202636,0.000103164230664,0.000103561890704,0.00010449112908,0.000104928136808,0.00010582356348,0.00010758272584,0.000112190013366,0.000114524803693,0.000115468544391,0.000116428027241,0.000116895988875,0.0001171744819,0.000117548178354,0.000118291949635,0.000119000272871,0.000119685323481,0.000119978717927,0.000120112049547,0.000120136374607,0.000120358148704
YEL058W,62053.2,YEL058W_translation_Ribosome,4.56909943832327E-10,6.81737563897142E-10,1.07502891914415E-09,1.83704842833021E-09,2.08207246797151E-09,2.19458119629695E-09,2.30253857709787E-09,2.50249978399591E-09,2.77108331605402E-09,2.86502768868948E-09,3.06358318693659E-09,3.08467841723116E-09,3.10555947809041E-09,3.12637116217564E-09,3.20782718273006E-09,3.30602790873497E-09,3.42667819544351E-09,3.43299302604083E-09,3.44616914786087E-09,3.45203250837159E-09,3.46557856638074E-09,3.47192177684758E-09,3.4848456145226E-09,3.50995517211852E-09,3.57398407292284E-09,3.60554380253948E-09,3.61813627490587E-09,3.63083432413104E-09,3.63700358668262E-09,3.64064764755028E-09,3.64551548355026E-09,3.65519349557065E-09,3.66434889176618E-09,3.67315821623446E-09,3.67691068114434E-09,3.67867890768117E-09,3.67901018089964E-09,3.68193313495335E-09
YEL063C,65789.8,YEL063C_translation_Ribosome,0,0,0,0,0,0,0,0,0,0,0,0,0,0,0,0,0,0,0,0,0,0,0,0,0,0,0,0,0,0,0,0,0,0,0,0,0,0
YEL069C,62734.7,YEL069C_translation_Ribosome,0,0,0,0,0,0,0,0,0,0,0,0,0,0,0,0,0,0,0,0,0,0,0,0,0,0,0,0,0,0,0,0,0,0,0,0,0,0
YEL071W,55221.5,YEL071W_translation_Ribosome,0,0,0,0,0,0,0,0,0,0,0,0,0,0,0,0,0,0,0,0,0,0,0,0,0,0,0,0,0,0,0,0,0,0,0,0,0,0
YER002W,26908.8,YER002W_translation_Ribosome,1.96149438764462E-06,2.59971889925058E-06,3.96593579591167E-06,7.74889138179128E-06,9.3669122869804E-06,1.01873156284846E-05,1.10287650300798E-05,1.27238436173791E-05,1.53200301935272E-05,1.63265781695309E-05,1.86503282470601E-05,1.89128768515109E-05,1.91757738308899E-05,1.94411448282256E-05,2.05103488290257E-05,2.18663311867875E-05,2.36533076437511E-05,2.37521770895477E-05,2.39593458717199E-05,2.40517003088609E-05,2.42675109972724E-05,2.43690037261472E-05,2.45769618257148E-05,2.49855179613464E-05,2.60555360737789E-05,2.65977787544944E-05,2.6816957530557E-05,2.70397923378372E-05,2.71484739473543E-05,2.72131524765516E-05,2.72999414976979E-05,2.74726784362406E-05,2.76371827541132E-05,2.779628212817E-05,2.786442143327E-05,2.78953869955913E-05,2.7901036361718E-05,2.7952542220555E-05
YER003C,48179.1,YER003C_translation_Ribosome,3.64210271340491E-05,5.51877273905295E-05,8.91227395891833E-05,0.000157202143765,0.000179063920559,0.000188976484259,0.000198375269975,0.000215390129071,0.000237108839052,0.000244297646784,0.000258596512968,0.000260034239052,0.000261440402134,0.000262824290687,0.00026806847921,0.000272755413411,0.000276659324814,0.00027683792155,0.000277201293409,0.00027735936528,0.000277715571444,0.000277878050534,0.000278200274611,0.000278793246368,0.000280100740147,0.000279791942235,0.000279542810031,0.000279280546997,0.000279148497558,0.000279069062276,0.000278961812343,0.0002787431789,0.00027852922386,0.00027831801465,0.000278225843679,0.000278182569254,0.000278174043917,0.000278101359629
YER005W,71840.6,YER005W_translation_Ribosome,0.002405102751467,0.002572460646968,0,0,0,0.009357855305619,0,0,1.55253778415583E-08,2.33979053191307E-08,4.22288880461223E-08,4.44094198101094E-08,4.66021798223541E-08,4.88242319988109E-08,5.78668853684936E-08,6.9512534485655E-08,8.49841444816039E-08,8.58284987402665E-08,8.76077560225575E-08,8.84009416695375E-08,9.02537725521185E-08,9.11259493333856E-08,9.29145107366124E-08,9.64361563290846E-08,1.05687431778423E-07,1.10391197317441E-07,1.1229448558584E-07,1.14234433615062E-07,1.15177065938975E-07,1.15738358596974E-07,1.16490368388141E-07,1.179913938994E-07,1.19419175254702E-07,1.20802242768022E-07,1.21394778862248E-07,1.21674883655344E-07,1.21724897409276E-07,1.22189149377927E-07
YER006W,57716.4,YER006W_translation_Ribosome,4.2071885284759E-06,5.57610952092647E-06,8.50649366642721E-06,1.66205150191766E-05,2.00909909145066E-05,2.18506653488773E-05,2.36554812545375E-05,2.72912373557387E-05,3.28597704342703E-05,3.50187045228294E-05,4.00028914421534E-05,4.056602916193E-05,4.11299141073989E-05,4.16991055477688E-05,4.39924298800235E-05,4.69008620714824E-05,5.07337289395958E-05,5.09457929662851E-05,5.13901470920493E-05,5.15882371457047E-05,5.20511272045937E-05,5.22688178833617E-05,5.27148650076439E-05,5.3591172733985E-05,5.5886243245654E-05,5.7049293826031E-05,5.75194080604353E-05,5.79973640774598E-05,5.82304741101454E-05,5.83692024021005E-05,5.85553552539589E-05,5.89258568831549E-05,5.92787004515066E-05,5.96199510131374E-05,5.97661022866566E-05,5.9832519993175E-05,5.98446372587205E-05,5.99551116295948E-05
YER012W,22513.9,YER012W_translation_Ribosome,0.000160726151879,0.000161723849184,0.00016364907328,0.00016854942689,0.000170435939862,0.000171048285915,0.000172577244152,0.00017475657815,0.000178209821973,0.000180740056357,0.000182986983193,0.000183229121143,0.000183474228062,0.000183721439507,0.000184765400456,0.000185964748688,0.000185728974405,0.000185693389377,0.000185642587532,0.000185586098074,0.000185551486314,0.000185526416059,0.000185455355824,0.000185290300704,0.000184928913663,0.000184724532252,0.000184638687,0.000184561020754,0.000184536718988,0.000184612111974,0.000184710525589,0.000184912163795,0.000185103636078,0.00018528989064,0.000185366493876,0.000185411364074,0.000185412389803,0.000185462133524
YER014W,59720.7,YER014W_translation_Ribosome,0,0,0,0,0,0,0,0,0,0,0,0,0,0,0,0,0,0,0,0,0,0,0,0,0,0,0,0,0,0,0,0,0,0,0,0,0,0
YER015W,83440.7,YER015W_translation_Ribosome,0,0,0,0,0,0,0,0,0,0,0,0,0,0,0,0,0,0,0,0,0,0,0,0,0,0,0,0,0,0,0,0,0,0,0,0,0,0
YER019W,53941.1,YER019W_translation_Ribosome,0,0,0,0,0,0,0,0,0,0,0,0,0,0,0,0,0,0,0,0,0,0,0,0,0,0,0,0,0,0,0,0,0,0,0,0,0,0
YER021W,60377.3,YER021W_translation_Ribosome,0.000431031988676,0.00043370759217,0.000438870617358,0.000452012281841,0.000457071492361,0.00045871366903,0.000462813996834,0.000468658488576,0.000477919324693,0.000484704853655,0.000490730614437,0.00049137997486,0.000492037297401,0.000492700263817,0.00049549993617,0.000498716322848,0.000498084028372,0.000497988597197,0.000497852357885,0.000497700865653,0.000497608044571,0.00049754081169,0.000497350243857,0.000496907602534,0.000495938442423,0.000495390336687,0.000495160118709,0.000494951835017,0.000494886663054,0.000495088850366,0.000495352773915,0.000495893522985,0.000496407009296,0.000496906502833,0.000497111935768,0.000497232267716,0.000497235018492,0.00049736842015
YER023W,30126.1,YER023W_translation_Ribosome,6.06473877772957E-08,1.13556540649753E-07,2.13742810388089E-07,4.40191817746463E-07,5.23131195922153E-07,5.65062139725308E-07,6.02830485992395E-07,6.79687146185198E-07,7.8981672036097E-07,8.32410955841903E-07,9.19417598593979E-07,9.28746688641688E-07,9.37839070713837E-07,9.47461183426384E-07,9.85698709485653E-07,1.03150096552196E-06,1.08300344851562E-06,1.08560225811558E-06,1.09167066165723E-06,1.09430921245477E-06,1.10031535621118E-06,1.10311278738039E-06,1.10886948276259E-06,1.12039822859915E-06,1.1494360565218E-06,1.16394823049707E-06,1.17000666903314E-06,1.17576005908385E-06,1.17860383445852E-06,1.17953872117726E-06,1.18041948012426E-06,1.183441119394E-06,1.18578730428973E-06,1.18791607752055E-06,1.18898037828236E-06,1.18995774658181E-06,1.18996728823007E-06,1.19150301047664E-06
YER024W,103316.9,YER024W_translation_Ribosome,0,0,0,0,0,0,0,0,0,0,0,0,0,0,0,0,0,0,0,0,0,0,0,0,0,0,0,0,0,0,0,0,0,0,0,0,0,0
YER025W,57863.5,YER025W_translation_Ribosome,0.001126516250004,0.000977788526605,0.000896920494582,0.000948641524959,0.000966910804246,0.000977489415894,0.000979245164327,0.001011743018757,0.001064192685717,0.001084588222613,0.001092271045306,0.001095223760348,0.001101067943194,0.001099710501018,0.001103046513023,0.001115409593949,0.001113504698912,0.001112836753472,0.00110795071704,0.001109993772075,0.001101780756849,0.001100504458172,0.001097686367624,0.001091511373445,0.001070438632644,0.001062464160594,0.001059047511807,0.001055073934192,0.001058555407987,0.001059829096984,0.001067272755291,0.001064794743333,0.001067762206244,0.001073028656309,0.001071778459376,0.001073764974983,0.00107518795953,0.001074769672458
YER026C,30798.8,YER026C_translation_Ribosome,4.33742167710052E-06,6.58124120729476E-06,1.03684660073719E-05,1.71330571350843E-05,1.91226890137797E-05,2.00022640580891E-05,2.08250692891877E-05,2.22916104711459E-05,2.41359144374347E-05,2.47447342885153E-05,2.59653275093109E-05,2.60895273527769E-05,2.62114018980097E-05,2.63317985840583E-05,2.67926397108473E-05,2.73256540975919E-05,2.79454258075277E-05,2.79767647655846E-05,2.80417992543435E-05,2.8070598505412E-05,2.81367350063277E-05,2.81675275499139E-05,2.82299105004658E-05,2.83497601362563E-05,2.86471416001574E-05,2.8789313518997E-05,2.88452002657757E-05,2.89010992666495E-05,2.89280663133241E-05,2.8943944692667E-05,2.89650997567648E-05,2.90069514842253E-05,2.90462552051408E-05,2.9083862443954E-05,2.90997910226256E-05,2.91072894949969E-05,2.91086903939863E-05,2.91210646758868E-05
YER037W,37708.1,YER037W_translation_Ribosome,0,0,0,0,0,0,0,0,0,0,0,0,0,0,0,0,0,0,0,0,0,0,0,0,0,0,0,0,0,0,0,0,0,0,0,0,0,0
YER043C,49115,YER043C_translation_Ribosome,9.5920361085937E-09,1.48478410837724E-08,2.3719541059363E-08,3.95688574473453E-08,4.42315952335191E-08,4.62931077560622E-08,4.82217042259215E-08,5.16595573890713E-08,5.59838298639135E-08,5.74115767579399E-08,6.02745190686216E-08,6.05658792063544E-08,6.08517933867742E-08,6.11342504297307E-08,6.2215499553149E-08,6.34662882597962E-08,6.4920994635388E-08,6.49945634301484E-08,6.5147236651777E-08,6.5214845695369E-08,6.53701131882914E-08,6.54424061282965E-08,6.55888690426978E-08,6.58702665222332E-08,6.65685830612221E-08,6.6902481675573E-08,6.70337449634742E-08,6.71650412088227E-08,6.72283846548603E-08,6.72656821455209E-08,6.73153746500116E-08,6.74136851061993E-08,6.75060147641524E-08,6.75943603746637E-08,6.76317811104069E-08,6.76493969102177E-08,6.76526881420155E-08,6.76817585739645E-08
YER050C,15855.8,YER050C_translation_Ribosome,2.8417017231381E-06,4.60572946306366E-06,8.88147118503978E-06,2.23388556952391E-05,2.84031733711086E-05,3.15192384912976E-05,3.47071312638131E-05,4.1197475290228E-05,5.11826312700253E-05,5.38663356040162E-05,5.51971058942045E-05,5.5327464121357E-05,5.54541965821006E-05,5.55785294436236E-05,5.6042500690068E-05,5.6556084020505E-05,5.31069197102985E-05,5.23136956515262E-05,5.0757285949087E-05,4.99309960091906E-05,4.83905939315862E-05,4.7590175277018E-05,4.60073107362186E-05,4.27721796680496E-05,3.46963308560766E-05,3.05916940127911E-05,2.89412416023586E-05,2.72937694426672E-05,2.65610228871303E-05,2.66322146116711E-05,2.67246990498929E-05,2.69181228659182E-05,2.70994757391299E-05,2.72698207978099E-05,2.73495644835917E-05,2.73845432041175E-05,2.73845070284437E-05,2.74462355893267E-05
YER052C,58105.3,YER052C_translation_Ribosome,1.78987646095952E-06,3.28722874210282E-06,6.09296241579774E-06,1.23673159555726E-05,1.46515409303562E-05,1.57486894933165E-05,1.68191422182924E-05,1.89048090667263E-05,2.18541677497316E-05,2.30046938942628E-05,2.53668671437097E-05,2.562766829699E-05,2.58826056786363E-05,2.61472894013747E-05,2.71640681355063E-05,2.84353164838997E-05,2.99317757512411E-05,3.00129862683747E-05,3.01788304435949E-05,3.02501211132052E-05,3.04246430260299E-05,3.05003884054761E-05,3.0670994101952E-05,3.09889428974949E-05,3.18276081037986E-05,3.22439898087439E-05,3.24058515785348E-05,3.25785396944272E-05,3.26631134740826E-05,3.27338816690879E-05,3.28360242962812E-05,3.30119793449999E-05,3.31915522530925E-05,3.33667705900588E-05,3.34377136460325E-05,3.34618929623358E-05,3.34638405508232E-05,3.35021052681128E-05
YER053C,33545.8,YER053C_translation_Ribosome,0,0.000971118542763,0.000810396067464,0.002188075522487,0.002456648230397,0,0,0,0,0,0,0,0,0,0,0,0,0,0,0,0,0,0,0,0,0,0,0,0,0,0,0,0,0,0,0,0,0
YER055C,32264.7,YER055C_translation_Ribosome,1.10224136875341E-05,2.21881296292115E-05,4.27105422056725E-05,8.71548921708214E-05,0.00010281375832,0.000110619584491,0.000117499621912,0.00013161137532,0.000151302284003,0.000158714826106,0.000174684502666,0.000176548005036,0.000178451404793,0.000180158033723,0.000186835507781,0.000195865110018,0.000205733274526,0.000206491053644,0.00020770782407,0.000208494073337,0.000209722504804,0.000210391421889,0.000211654821046,0.000214480335947,0.000221091127628,0.000224383897385,0.000225922153754,0.000227204212708,0.000227829253054,0.000227836345947,0.00022786363399,0.000227825516311,0.000227921538488,0.000227857148867,0.000227931013497,0.000228182184853,0.000228220297115,0.000228457416028
YER056C,58191.5,YER056C_translation_Ribosome,0,0,0,0,0,0,0,0,0,0,0,0,0,0,0,0,0,0,0,0,0,0,0,0,0,0,0,0,0,0,0,0,0,0,0,0,0,0
YER056CA,13664.5,YER056CA_translation_Ribosome,0.00077410052326,0.000832643276708,0.000941010811428,0.001175263777609,0.001258469127435,0.001297936720798,0.00133716102636,0.001411669119579,0.001517003731001,0.001555627891655,0.001641311124603,0.001650658093933,0.00165995082188,0.001669278781646,0.001706246745728,0.00175178566443,0.001810368124173,0.001813628122183,0.001820424986355,0.001823433845229,0.001830489913751,0.001833791189167,0.001840534293744,0.001853702047205,0.001887722619978,0.001904699083066,0.001911510259525,0.001918418890253,0.001921767794585,0.001923770227479,0.001926461742405,0.001931785377666,0.001936842328544,0.001941723990005,0.001943811482002,0.001944714029378,0.001944871778363,0.00194638208552
YER060W,58041.4,YER060W_translation_Ribosome,0,0,0,0,0,0,0,0,0,0,0,0,0,0,0,0,0,0,0,0,0,0,0,0,0,0,0,0,0,0,0,0,0,0,0,0,0,0
YER060WA,57317.6,YER060WA_translation_Ribosome,0,0,0,0,0,0,0,0,0,0,0,0,0,0,0,0,0,0,0,0,0,0,0,0,0,0,0,0,0,0,0,0,0,0,0,0,0,0
YER061C,47559.9,YER061C_translation_Ribosome,0,0,0,0,0,0,0,0,0,0,0,0,0,0,0,0,0,0,0,0,0,0,0,0,0,0,0,0,0,0,0,0,0,0,0,0,0,0
YER062C,27809.9,YER062C_translation_Ribosome,0,0,0,0,0,0,0,0,0,0,0,0,0,0,0,0,0,0,0,0,0,0,0,0,0,0,0,0,0,0,0,0,0,0,0,0,0,0
YER065C,62399.4,YER065C_translation_Ribosome,0,0,0,0,0,0,0,0,0,0,0,0,0,0,0,0,0,0,0,0,0,0,0,0,0,0,0,0,0,0,0,0,0,0,0,0,0,0
YER069W,94875.2,YER069W_translation_Ribosome,2.54235260744274E-05,0.000161927220125,0.00042722869863,0.001071087547285,0.001318654941994,0.001452912180358,0.001564230057864,0.001808048084967,0.002167574148413,0.002304012735058,0.002586757894939,0.002619103003848,0.002651883187084,0.002682996611302,0.002806504302372,0.002967076073067,0.00314868437178,0.003157999423764,0.003175214155028,0.003185703748465,0.00320185805854,0.003210331682448,0.003228837557113,0.003264978209045,0.003353416640425,0.003398199699445,0.003417577407813,0.003434873373755,0.003443768142565,0.003447997291592,0.003454688022104,0.003464121477315,0.003475575298947,0.00348572439497,0.003490107817401,0.003491142393555,0.003492217408925,0.003496962368255
YER070W,99549.2,YER070W_translation_Ribosome,0,0,0,0,0,0,0,0,0,0,0,0,0,0,0,0,0,0,0,0,0,0,0,0,0,0,0,0,0,0,0,0,0,0,0,0,0,0
YER073W,56696.4,YER073W_translation_Ribosome,0,0,0,0,0,0,0,0,0,0,0,0,0,0,0,0,0,0,0,0,0,0,0,0,0,0,0,0,0,0,0,0,0,0,0,0,0,0
YER074W,15348.1,YER074W_translation_Ribosome,0.00086947727623,0.000935233069285,0.001056952543809,0.001320067765752,0.001413524828189,0.001457855214935,0.001501912338445,0.001585600557225,0.001703913422649,0.00174729645753,0.001843536702515,0.001854035309854,0.00186447299274,0.00187495024835,0.001916473027049,0.001967622785776,0.002033423177329,0.002037084838968,0.00204471914326,0.002048098722965,0.002056024168117,0.002059732192942,0.002067306113931,0.002082096263361,0.002120308503324,0.002139376632647,0.00214702701264,0.00215478685422,0.002158548376309,0.002160797528514,0.002163820664394,0.002169800223569,0.002175480240238,0.002180963370119,0.00218330806154,0.002184321811578,0.00218449899678,0.002186195388544
YER081W,51180.7,YER081W_translation_Ribosome,0,4.90291238800762E-07,0,0,0,0,0,2.15825936463493E-06,0,0,0,0,0,2.86645091600239E-06,0,0,0,0,0,3.31167176579946E-06,0,0,0,0,0,0,0,0,3.59179688187875E-06,3.59630212702755E-06,0,0,3.62561755706479E-06,0,3.64121944261277E-06,3.64384481917463E-06,0,3.64871424123273E-06
YER082C,62335.5,YER082C_translation_Ribosome,4.54389394551305E-06,6.02237102524954E-06,9.1872766829458E-06,1.79506711086949E-05,2.16988925877433E-05,2.35993954899291E-05,2.5548652579548E-05,2.94753818011631E-05,3.54895700339151E-05,3.78212857313143E-05,4.32043620096256E-05,4.38125681924633E-05,4.4421581402197E-05,4.50363257908141E-05,4.75131871146884E-05,5.06543839819686E-05,5.47939989381558E-05,5.50230346565251E-05,5.55029508780249E-05,5.57168942726171E-05,5.62168298761176E-05,5.64519425530403E-05,5.69336872653871E-05,5.78801267570279E-05,6.03588740087646E-05,6.16150046657892E-05,6.21227426026444E-05,6.26389499076605E-05,6.28907159644914E-05,6.30405468174754E-05,6.32415976643234E-05,6.36417509016484E-05,6.40228328862314E-05,6.43913940644154E-05,6.45492419674456E-05,6.46209751480439E-05,6.46340621702146E-05,6.47533779131513E-05
YER086W,63836.9,YER086W_translation_Ribosome,0,0,0,0,0,0,0,0,0,0,0,0,0,0,0,0,0,0,0,0,0,0,0,0,0,0,0,0,0,0,0,0,0,0,0,0,0,0
YER090W,56756.1,YER090W_translation_Ribosome,9.3019005255394E-08,1.44550004950048E-07,2.42458847542769E-07,4.7676348345834E-07,5.63678856170195E-07,6.09847927809216E-07,6.45234005806359E-07,7.27618150731569E-07,8.47795176041181E-07,8.98560420437623E-07,9.97562089747131E-07,1.00858222187328E-06,1.01951459833602E-06,1.0303694947026E-06,1.07463960458256E-06,1.12738570344954E-06,1.18625674206591E-06,1.18985820028768E-06,1.19739213039934E-06,1.20072109934021E-06,1.20858372329686E-06,1.21208826162926E-06,1.21979730450303E-06,1.23426887753713E-06,1.27237646327682E-06,1.29121695578085E-06,1.29858001086879E-06,1.30643672270628E-06,1.31017814474043E-06,1.31105033411298E-06,1.3119852147498E-06,1.3145027008515E-06,1.31646747630765E-06,1.3186706499487E-06,1.31937696710809E-06,1.32036631818862E-06,1.32051797209303E-06,1.32195304776939E-06
YER091C,85853.6,YER091C_translation_Ribosome,0.000166359741455,0.000296266320904,0.000528812384626,0.00100918904757,0.001173283957476,0.001250540559923,0.001323301595929,0.001463724779378,0.001652859286528,0.00173043036492,0.001878190139919,0.001894113734809,0.001908444835416,0.001925732218969,0.001988974516246,0.002064518848577,0.002157502376109,0.002161885788743,0.002171584067537,0.002174768117896,0.002185370906269,0.002188400248628,0.002199436100915,0.002216640018343,0.00226395524788,0.002287044955726,0.002295474187608,0.002305304662125,0.00231010848411,0.002313997595939,0.002319635745415,0.002329649877223,0.002339282255349,0.002349084477397,0.002352896499245,0.002355459509699,0.002355716436048,0.002357661341156
YER094C,22599,YER094C_translation_Ribosome,0.000161333678586,0.000162335147074,0.000164267648299,0.000169186524693,0.000171080168472,0.000171694829123,0.000173229566649,0.000175417138284,0.000178883434979,0.000181423233363,0.000183678653329,0.000183921706533,0.000184167739928,0.000184415885805,0.000185463792808,0.000186667674441,0.000186431008958,0.000186395289422,0.000186344295552,0.00018628759257,0.000186252849983,0.000186227684964,0.000186156356129,0.00018599067712,0.000185627924076,0.000185422770127,0.00018533660039,0.000185258640574,0.00018523424695,0.000185309924913,0.000185408710521,0.000185611110897,0.000185803306923,0.000185990265506,0.000186067158293,0.000186112198096,0.000186113227702,0.000186163159449
YER099C,34759.3,YER099C_translation_Ribosome,0.000197035746388,0.000321860158399,0.000562155298684,0.00112346752661,0.001333831358797,0.001437939030212,0.001536612281173,0.001734505726984,0.00202035962779,0.002128454005319,0.002364126489254,0.0023904525928,0.002416813013125,0.002442669966358,0.002545567394993,0.002675124323483,0,0,0,0,0,0,0,0,0,0,0,0,0,0,0,0,0,0,0,0,0,0
YER102W,22517.2,YER102W_translation_Ribosome,0,0,0,0,0,0,0,0,0,0,0,0,0,0,0,0,0,0,0,0,0,0,0,0,0,0,0,0,0,0,0,0,0,0,0,0,0,0
YER103W,69631.6,YER103W_translation_Ribosome,6.68571963618484E-05,8.93008965191795E-05,0.000141742393052,0.000309189599468,0.000384015597308,0.000432456670337,0.000450709763454,0.000526761887717,0.000641827515023,0.000670984454097,0.000785403013199,0.000799674673119,0.000812345407814,0.00082569312935,0.000896507308569,0.0009661617781,0.000914061829422,0.000919804032322,0.000930844673972,0.000936208224677,0.000947728719091,0.000975443596325,0.000964712942195,0.000987212674731,0.001045111072362,0.00107861463619,0.00108629900498,0.001098224537437,0.001104174869972,0.001107644522602,0.001139534600761,0.001125413735224,0.001130329095059,0.001158839496052,0.001142475065193,0.001141688860975,0.001141117522217,0.001143034013615
YER105C,156636.6,YER105C_translation_Ribosome,0,0,0,0,0,0,0,0,0,0,0,0,0,0,0,0,0,0,0,0,0,0,0,0,0,0,0,0,0,0,0,0,0,0,0,0,0,0
YER117W,14485.3,YER117W_translation_Ribosome,0.000820599239605,0.000882658542654,0.000997535504905,0.001245859592213,0.00133406292595,0.001375901261061,0.001417481694547,0.001496465344347,0.001608127201484,0.001649071440521,0.001739901499009,0.00174980992265,0.001759660846732,0.001769549118941,0.001808737676893,0.001857012030076,0.0019191134245,0.001922569244265,0.001929774382879,0.001932963978067,0.001940443890933,0.001943943467558,0.001951091617342,0.001965050332202,0.002001114454767,0.002019110661051,0.002026330971664,0.002033654590434,0.002037204656951,0.002039327372103,0.002042180561108,0.002047823976809,0.002053184688914,0.002058359582306,0.002060572465897,0.002061529227543,0.002061696452203,0.002063297480579
YER119C,48849.8,YER119C_translation_Ribosome,0,0,0,0,0,0,0,0,0,0,0,0,0,0,0,0,0,0,0,0,0,0,0,0,0,0,0,0,0,0,0,0,0,0,0,0,0,0
YER126C,29752.3,YER126C_translation_Ribosome,2.16876893319357E-06,2.87443574615639E-06,4.38502317385773E-06,8.56773029858146E-06,1.03567303051763E-05,1.12638271038977E-05,1.21941939367212E-05,1.40683944455847E-05,1.6938924601873E-05,1.80518362644686E-05,2.06211410804274E-05,2.09114336555033E-05,2.12021114188959E-05,2.14955246340535E-05,2.26777132932654E-05,2.41769846804264E-05,2.61527940677093E-05,2.62621112209147E-05,2.64911718909492E-05,2.65932855831298E-05,2.68319013647635E-05,2.69441190079621E-05,2.71740524039428E-05,2.76257813816063E-05,2.8808870181052E-05,2.94084125950375E-05,2.96507523760403E-05,2.98971345274793E-05,3.00173007129218E-05,3.00888139355195E-05,3.01847741044549E-05,3.03757644576704E-05,3.05576522347783E-05,3.0733563918196E-05,3.08089036229441E-05,3.08431413704413E-05,3.08493877149758E-05,3.09063362880774E-05
YER127W,40792.9,YER127W_translation_Ribosome,2.97356420225905E-06,3.9410926197095E-06,6.01223474584691E-06,1.17470772107368E-05,1.41999463458632E-05,1.5443652177028E-05,1.67192631776796E-05,1.92889493511188E-05,2.32246870793769E-05,2.47505823601147E-05,2.82733148690947E-05,2.8671330349774E-05,2.9069873955959E-05,2.94721680960625E-05,3.10930479526237E-05,3.31486748375812E-05,3.58576753099646E-05,3.60075583004895E-05,3.6321619701008E-05,3.64616261419808E-05,3.67887884023306E-05,3.69426482080342E-05,3.72579061890609E-05,3.78772645248175E-05,3.94993785491756E-05,4.03214015100717E-05,4.06536696860603E-05,4.09914802911375E-05,4.1156238215269E-05,4.12542888445684E-05,4.13858582887918E-05,4.16477220902351E-05,4.18971054959814E-05,4.21382951757873E-05,4.22415922332188E-05,4.22885350581393E-05,4.22970993206655E-05,4.23751805932958E-05
YER131W,13470.2,YER131W_translation_Ribosome,0,0,0,0,0,0,0,0,0,0,0,0,0,0,0,0,0,0,0,0,0,0,0,0,0,0,0,0,0,0,0,0,0,0,0,0,0,0
YER143W,47342.6,YER143W_translation_Ribosome,0.000337977601302,0.00034007557564,0.000344123968599,0.00035442851294,0.000358395503513,0.000359683154885,0.000362898273466,0.000367481012918,0.000374742550946,0.000380063169513,0.000384788044299,0.00038529721597,0.000385812630839,0.00038633247114,0.00038852772943,0.000391049738661,0.000390553948613,0.000390479119829,0.000390372292871,0.000390253505908,0.00039018072373,0.000390128005584,0.00038997857895,0.000389631498323,0.000388871567696,0.000388441791098,0.000388261274287,0.000388097956425,0.00038804685427,0.000388205391883,0.000388412337656,0.0003888363458,0.000389238976872,0.000389630636034,0.000389791718581,0.000389886072374,0.000389888229293,0.00038999283121
YER152C,49486.8,YER152C_translation_Ribosome,0,0,0,0,0,0,0,0,0,0,0,0,0,0,0,0,0,2.18746909033605E-06,0,0,0,0,0,0,1.02072639825893E-06,0,0,0,2.39952552244912E-06,0,0,0,2.43166532748048E-06,0,0,2.44877508349234E-06,0,0
YER168C,62488.6,YER168C_translation_Ribosome,0,0,0,0,0,0,0,0,0,0,0,0,0,0,0,0,0,0,0,0,0,0,0,0,0,0,0,0,0,0,0,0,0,0,0,0,0,0
YER170W,25197.2,YER170W_translation_Ribosome,4.31660984878253E-07,6.9962453787678E-07,1.34913527748949E-06,3.39343690560554E-06,4.31468028416519E-06,4.78805208140211E-06,5.27233763905861E-06,6.25831899675821E-06,7.77523240609573E-06,8.18294445399357E-06,8.38516771332354E-06,8.40497780732889E-06,8.42423710735358E-06,8.44313191862345E-06,8.51364344891783E-06,8.59169893316263E-06,8.06776703505975E-06,7.94726736673195E-06,7.71083129289452E-06,7.58530811023929E-06,7.35130364392603E-06,7.22971068331674E-06,6.98925502009799E-06,6.49779963650052E-06,5.27097737368691E-06,4.64742937716008E-06,4.39670362953373E-06,4.14643041987116E-06,4.03511638770588E-06,4.04593225957479E-06,4.05998303877806E-06,4.08936917577914E-06,4.11692141261053E-06,4.14280273047311E-06,4.15491645285899E-06,4.16023090028545E-06,4.16022827100219E-06,4.16960650746872E-06
YER174C,27475,YER174C_translation_Ribosome,0,0,0,0,0,0,0,0,0,0,0,0,0,0,0,0,0,0,0,0,0,0,0,0,0,0,0,0,0,0,0,0,0,0,0,0,0,0
YER175C,34763.6,YER175C_translation_Ribosome,0,0,0,0,0,0,0,0,0,0,0,0,0,0,0,0,0,0,0,0,0,0,0,0,0,0,0,0,0,0,0,0,0,0,0,0,0,0
YER178W,46346.6,YER178W_translation_Ribosome,2.73656830422852E-05,3.59890619008836E-05,5.13748978066177E-05,8.24174790817034E-05,9.27555562737508E-05,9.75666446633759E-05,0.000102198041317,0.000110926537415,0.000122882194368,0.000123385483143,0.00011629057882,0.00011554676802,0.000114813397857,0.00011408251033,0.000111228537172,0.000107815010563,9.74626534191427E-05,9.57331555548244E-05,9.23353793441613E-05,9.05854383747167E-05,8.72506378444938E-05,8.55555348754147E-05,8.22110635327288E-05,7.55128238247684E-05,5.92789642727735E-05,5.1332672167522E-05,4.81903067947202E-05,4.50791140327243E-05,4.3694726379033E-05,4.37500321904397E-05,4.38163772215543E-05,4.39714304818714E-05,4.41111991390606E-05,4.42423839000893E-05,4.43024714595542E-05,4.43282529263471E-05,4.43346706110902E-05,4.43885174176215E-05
YER183C,24057,YER183C_translation_Ribosome,0,0,0,0,0,0,0,0,0,0,0,0,0,0,0,0,0,0,0,0,0,0,0,0,0,0,0,0,0,0,0,0,0,0,0,0,0,0
YFL001W,50907.5,YFL001W_translation_Ribosome,0,0,0,0,0,0,0.000230201618725,0,0,0,0,0,0,0,0,0,0,0,0,0,0,0,0,0,0,0,0,0,0,0,0,0,0,0,0,0,0,0
YFL002C,69436.1,YFL002C_translation_Ribosome,5.06148622197686E-06,6.70837575292296E-06,1.02337939454194E-05,1.99954214559994E-05,2.41706006306487E-05,2.62875886963009E-05,2.84588845100906E-05,3.28329051388653E-05,3.95321660022288E-05,4.21294860579945E-05,4.81257453768168E-05,4.88032319668359E-05,4.94816175117083E-05,5.01663870706668E-05,5.29253862055204E-05,5.64243949532829E-05,6.103555100496E-05,6.12906760467782E-05,6.18252592417102E-05,6.20635728020609E-05,6.26204557749771E-05,6.28823499981096E-05,6.34189699662013E-05,6.44732178215249E-05,6.72343177091703E-05,6.86335334676742E-05,6.91991075331309E-05,6.97741157074749E-05,7.00545602871882E-05,7.02214582841704E-05,7.04454107142756E-05,7.08911451706002E-05,7.13156359790433E-05,7.17261797434232E-05,7.19020080078888E-05,7.19819122727353E-05,7.19964900298744E-05,7.2129396958641E-05
YFL007W,245943.3,YFL007W_translation_Ribosome,0.001755782880331,0.001766681790233,0.00178771306279,0.001841244842625,0.001861853232376,0.001868542540267,0.001885244978951,0.001909052164527,0.001946775623433,0.001974416067526,0.001998961641637,0.002001606772263,0.002004284336097,0.002006984889916,0.002018389186853,0.002031490944527,0.00202891533101,0.002028526597859,0.002027971635216,0.002027354540722,0.002026976439626,0.002026702570531,0.002025926303926,0.002024123231119,0.002020175415702,0.002017942739952,0.002017004960866,0.002016156529775,0.002015891055702,0.002016714653559,0.002017789730261,0.002019992439071,0.002022084094673,0.002024118751552,0.002024955570257,0.002025445735211,0.002025456940333,0.002026000343963
YFL011W,60675.6,YFL011W_translation_Ribosome,0,0,0,0,0,0,0,0,0,0,0,0,0,0,0,0,0,0,0,0,0,0,0,0,0,0,0,0,0,0,0,0,0,0,0,0,0,0
YFL017C,18130,YFL017C_translation_Ribosome,2.06565581983462E-11,3.08208474224145E-11,4.8601256621711E-11,8.30515909868425E-11,9.41289452952044E-11,9.92153810925594E-11,1.04096053858731E-10,1.1313615106707E-10,1.25278612477609E-10,1.29525767583219E-10,1.38502313750593E-10,1.39456013397907E-10,1.4040003060459E-10,1.41340911339001E-10,1.45023477349876E-10,1.49463059020667E-10,1.54917568607696E-10,1.55203057394944E-10,1.55798740047244E-10,1.56063818208187E-10,1.56676225400022E-10,1.5696299722003E-10,1.57547274294066E-10,1.58682458688313E-10,1.61577157597133E-10,1.63003949463562E-10,1.63573245758835E-10,1.64147315105248E-10,1.64426222869585E-10,1.6459096814687E-10,1.64811039386271E-10,1.65248575100348E-10,1.65662483742291E-10,1.66060746739241E-10,1.66230392882523E-10,1.66310333087062E-10,1.66325309702496E-10,1.66457454277891E-10
YFL018C,54012.7,YFL018C_translation_Ribosome,8.2890556327882E-05,0.000106760237524,0.000149089248907,0.000233473614488,0.000261211313034,0.000274082806831,0.000286388570199,0.000309526325564,0.000340934633486,0.000339692993583,0.000310002016063,0.000306868351878,0.000303766482861,0.000300681615722,0.000315712056171,0.000359620340434,0.000235684265411,0.000229766110572,0.000218100683796,0.000212128700906,0.000200658827978,0.000194841529624,0.000183366103813,0.000160395968456,0.000104589778638,7.72490237512997E-05,6.64298286557982E-05,5.57100895716109E-05,5.09221851763192E-05,5.09866390132731E-05,5.10639580455664E-05,5.1244658360876E-05,5.14075458769002E-05,5.15604296513736E-05,5.16304561759323E-05,5.16605021044674E-05,5.16679813258283E-05,5.17307348267783E-05
YFL022C,57498.9,YFL022C_translation_Ribosome,6.10426620157077E-07,7.58487863515886E-07,1.03687134274103E-06,1.67729865589262E-06,1.90869081412599E-06,2.04526055444373E-06,2.1398726955494E-06,2.35829361430167E-06,2.67314334149401E-06,2.78235304076072E-06,3.03533171684559E-06,3.06356822373623E-06,3.09172143352653E-06,3.11960463681413E-06,3.23208620156688E-06,3.3675103578019E-06,3.54220293957623E-06,3.55144214908769E-06,3.56953296772816E-06,3.57669632810631E-06,3.59704462753621E-06,3.60626389978061E-06,3.62399760156106E-06,3.65946027699757E-06,3.75308114879316E-06,3.7997413694094E-06,3.81718736769437E-06,3.83634802682242E-06,3.84514342478633E-06,3.84853068309947E-06,3.85523728957217E-06,3.86248922620365E-06,3.8707183031495E-06,3.88014680686854E-06,3.88250900118577E-06,3.88531297950137E-06,3.88588332282188E-06,3.88944678709005E-06
YFL030W,41909.6,YFL030W_translation_Ribosome,0,0,0,0,0,0,0,0,0,0,0,0,0,0,0,0,0,0,0,0,0,0,0,0,0,0,0,0,0,0,0,0,0,0,0,0,0,0
YFL034CA,13825.7,YFL034CA_translation_Ribosome,0,0,0,0,0,0,0,0,0,0,0,0,0,0,0,0,0.001831725022824,0.001835023479005,0.001841900525731,0.001844944880089,0.001852084188996,0.001855424409533,0.001862247062462,0.001875570155808,0.001909992069013,0.001927168803304,0.001934060331159,0.00194105046295,0.00194443887428,0.001946464929859,0.001949188196566,0.001954574634711,0.001959691242398,0.001964630492782,0.001966742610906,0.001967655805626,0.001967815415574,0.001969343539813
YFL045C,29054.1,YFL045C_translation_Ribosome,0.000199667899084,0.000302550983604,0.000488590014468,0.000861815941147,0.0009816669005,0.001036009705309,0.001087535868777,0.001180814983518,0.001299881619855,0.001339292209002,0.001417681666821,0.001425563590236,0.001433272478495,0.001440859252993,0.001469609021664,0.001495303802363,0.001516705883778,0.001517684989473,0.001519677072108,0.001520543656079,0.001522496454833,0.001523387200132,0.001525153701777,0.001528404500406,0.001535572462335,0.001533879565805,0.001532513769516,0.00153107598719,0.001530352063783,0.001529916582493,0.001529328615309,0.001528130019781,0.001526957072268,0.001525799177979,0.001525293876905,0.001525056637204,0.001525009899478,0.001524611428586
YFL053W,62123.1,YFL053W_translation_Ribosome,0,0,0,0,0,0,0,0,0,0,0,0,0,0,0,0,0,0,0,0,0,0,0,0,0,0,0,0,0,0,0,0,0,0,0,0,0,0
YFL055W,61052.2,YFL055W_translation_Ribosome,0,0,0,0,0,0,0,0,0,0,0,0,0,0,0,0,0,0,0,0,0,0,0,0,0,0,0,0,0,0,0,0,0,0,0,0,0,0
YFP,28131,YFP_translation_Ribosome,0,0,0,0,0,0,0,0,0,0,0,0,0,0,0,0,0,0,0,0,0,0,0,0,0,0,0,0,0,0,0,0,0,0,0,0,0,0
YFR001W,23622,YFR001W_translation_Ribosome,1.72190586071996E-06,2.28217385532232E-06,3.48151293892799E-06,6.80239595302182E-06,8.22278221411029E-06,8.94297663872279E-06,9.6816464331574E-06,1.11696780952599E-05,1.34487510863175E-05,1.43323533387092E-05,1.63722668365759E-05,1.66027462014802E-05,1.68335313887383E-05,1.70664884027659E-05,1.80050935024692E-05,1.91954481542951E-05,2.07641527366768E-05,2.08509456835421E-05,2.10328096452375E-05,2.11138833651412E-05,2.13033336595303E-05,2.13924294661616E-05,2.1574986333357E-05,2.19336390059358E-05,2.28729587768613E-05,2.33489687291395E-05,2.35413757130314E-05,2.37369921588622E-05,2.38323987537313E-05,2.3889177064793E-05,2.39653651615315E-05,2.41170029886459E-05,2.42614137760756E-05,2.44010798114978E-05,2.44608961788227E-05,2.4488079424198E-05,2.44930387433294E-05,2.45382533719062E-05
YFR002W,96169.7,YFR002W_translation_Ribosome,0,0,0,0,0,0,0,0,0,0,0,0,0,0,0,0,0,0,0,0,0,0,0,0,0,0,0,0,0,0,0,0,0,0,0,0,0,0
YFR004W,34392.7,YFR004W_translation_Ribosome,0.000245528598943,0.000247052702013,0.00024999371422,0.000257479595903,0.000260361472198,0.000261296904712,0.000263632572986,0.000266961768745,0.00027223701554,0.000276102253998,0.000279534705976,0.000279904600924,0.00028027903133,0.000280656676654,0.000282251453025,0.000284083602228,0.00028372342855,0.000283669068123,0.000283591462172,0.000283505167706,0.000283452294066,0.000283413996224,0.000283305443137,0.000283053301517,0.000282501239187,0.00028218902191,0.000282057882925,0.000281939238359,0.000281902114477,0.000282017286364,0.000282167625042,0.000282475651743,0.000282768148768,0.000283052675094,0.000283169695784,0.000283238240429,0.000283239807353,0.000283315796892
YFR010W,57110.3,YFR010W_translation_Ribosome,0.000407708959872,0.000410239787157,0.000415123442394,0.000427554014831,0.000432339472785,0.000433892791702,0.000437771251835,0.000443299499648,0.000452059234332,0.000458477600086,0.000464177308519,0.000464791532219,0.000465413287208,0.000466040380684,0.000468688563494,0.000471730912325,0.000471132831139,0.00047104256372,0.000470913696282,0.000470770401255,0.000470682602697,0.000470619007771,0.000470438751514,0.000470020061397,0.000469103342288,0.000468584894411,0.000468367133468,0.000468170119952,0.000468108474427,0.000468299721436,0.000468549364151,0.000469060853429,0.000469546555129,0.0004700190212,0.000470213338213,0.000470327159031,0.000470329760963,0.000470455944292
YFR015C,80492.9,YFR015C_translation_Ribosome,0,0.000201460508014,0.000273486237376,0.000318733488725,0.000307050366824,0.000297536306961,0.000286009245792,0.000258634601177,0.000210220711711,0.000190357094885,0.000143856748964,0.000138582881269,0.000133303192212,0.000127982521501,0.000106633276764,7.9494534256476E-05,4.49734814986664E-05,4.31489941390101E-05,3.93391576777423E-05,3.76430726005559E-05,3.3718063271659E-05,3.18796393972628E-05,2.81288527333819E-05,2.083149341618E-05,2.1832313287885E-06,0,0,0,0,0,0,0,0,0,0,0,0,0
YFR019W,257439.9,YFR019W_translation_Ribosome,0,0,0,0,0,0,0,0,0,0,0,0,0,0,0,0,0,0,0,0,0,0,0,0,0,0,0,0,0,0,0,0,0,0,0,0,0,0
YFR025C,38568.1,YFR025C_translation_Ribosome,1.66236786719525E-08,3.3463481569812E-08,6.44147778934258E-08,1.31444433425229E-07,1.55060672717879E-07,1.66833189129628E-07,1.77209458301287E-07,1.98492387866069E-07,2.28189634585264E-07,2.39369011584171E-07,2.63454005955946E-07,2.66264485174849E-07,2.69135136452629E-07,2.71709023783799E-07,2.81779792874981E-07,2.95397972194991E-07,3.10280846356019E-07,3.11423706432966E-07,3.132588036412E-07,3.144446015563E-07,3.16297285601145E-07,3.17306126585729E-07,3.19211547867335E-07,3.2347290596362E-07,3.33443106663739E-07,3.38409164728149E-07,3.40729117536837E-07,3.42662680973736E-07,3.43605348357323E-07,3.43616045648604E-07,3.43657200668955E-07,3.43599712712383E-07,3.43744530522142E-07,3.43647419998794E-07,3.43758820450608E-07,3.4413762966919E-07,3.44195109457193E-07,3.44552725195472E-07
YFR030W,114799,YFR030W_translation_Ribosome,1.42045798674285E-06,3.33835157649435E-06,6.88760716810217E-06,1.47805998766215E-05,1.76441594999483E-05,1.90337850438275E-05,2.0296216504073E-05,2.28417350974834E-05,2.63274759959356E-05,2.79323535691082E-05,3.08632343170452E-05,3.11743430907969E-05,3.14417176340081E-05,3.18037219494157E-05,3.31116427149287E-05,3.46215451188791E-05,3.65404132956174E-05,3.6634363932467E-05,3.68582465062089E-05,3.69191129627642E-05,3.7172641526677E-05,3.72349386599022E-05,3.74947059013563E-05,3.78873282458506E-05,3.89777841479834E-05,3.95106922319485E-05,3.97120633341627E-05,3.99409025085587E-05,4.0050720194273E-05,4.01185844980765E-05,4.02032981712709E-05,4.03935488085465E-05,4.05599695762712E-05,4.07265881252913E-05,4.0796570489518E-05,4.08481070422527E-05,4.08546959903214E-05,4.08987576603794E-05
YFR031CA,27437.1,YFR031CA_translation_Ribosome,0,0,0,0,0,0,0,0,0,0,0,0,0,0,0,0,0.00363505808919,0.003641603875089,0.003655251373495,0.003661292894356,0.00367546085203,0.003682089519287,0.00369562907321,0.003722068750365,0.003790379033012,0.003824466260162,0.003838142496368,0.003852014412073,0.003858738713953,0.003862759421009,0.003868163743463,0.003878853129318,0.003889007036664,0.00389880897846,0.003903000476625,0.003904812711439,0.003905129457362,0.003908162019731
YFR032CA,6685,YFR032CA_translation_Ribosome,0.000378708478026,0.000407348992264,0.000460364980379,0.000574967130397,0.000615673176253,0.000634981666254,0.000654171134049,0.000690622274096,0.000742154483643,0.000761050346205,0.000802968631708,0.000807541392509,0.000812087617129,0.000816651077998,0.000834736689611,0.000857015417082,0.000885675356588,0.000887270225533,0.00089059541394,0.000892067419617,0.000895519416987,0.000897134479826,0.000900433367754,0.000906875347474,0.000923519024812,0.000931824316316,0.000935156506636,0.000938536373914,0.000940174737956,0.000941154375989,0.000942471129421,0.000945075579033,0.000947549560271,0.000949937785736,0.000950959036714,0.000951400584463,0.000951477759037,0.000952216637396
YFR033C,17210.9,YFR033C_translation_Ribosome,0.000274074756124,0.000360351759721,0.000514246678179,0.000824595417265,0.000927818761786,0.000975923895634,0.001022144324064,0.001109238104909,0.001228350291162,0.001243415570243,0.00117594524547,0.001168886640685,0.001161916647431,0.001154990287876,0.001128022926074,0.001095858464719,0.00098288786651,0.000965947646317,0.00093265537816,0.00091550236031,0.000882847406775,0.000866231747678,0.000833479650189,0.000767863224604,0.00060889155089,0.000531078508476,0.000500307073978,0.000469850643994,0.00045630638595,0.000456903677232,0.000457652107398,0.000459296427284,0.000460806048473,0.000462237522543,0.000462876651382,0.000463173431208,0.000463238143392,0.000463777914371
YFR047C,32358.3,YFR047C_translation_Ribosome,0,0,0,0,0,0,0,0,0,0,0,0,0,0,0,0,0,0,0,0,0,0,0,0,0,0,0,0,0,0,0,0,0,0,0,0,0,0
YFR049W,13695.2,YFR049W_translation_Ribosome,2.45447555082184E-06,3.97812700352865E-06,7.67123224141051E-06,1.92948382621778E-05,2.45327980897846E-05,2.72242507464788E-05,2.99777434178138E-05,3.5583676862393E-05,4.42081996347867E-05,4.65262074044907E-05,4.76756394910575E-05,4.77882343769982E-05,4.78976975637422E-05,4.8005088134078E-05,4.84058360631832E-05,4.88494356562028E-05,4.58702737683674E-05,4.51851388568714E-05,4.38408142465177E-05,4.3127119195819E-05,4.17966209217989E-05,4.11052717903743E-05,3.97380972259149E-05,3.69438032133272E-05,2.99684147340494E-05,2.64230986669847E-05,2.49975461340722E-05,2.35745677462642E-05,2.2941669335122E-05,2.30031600770543E-05,2.30830420683973E-05,2.32501088733033E-05,2.34067495895844E-05,2.35538824777158E-05,2.36227598428137E-05,2.36529721672215E-05,2.36529409210474E-05,2.37062580029357E-05
YFR050C,29440.7,YFR050C_translation_Ribosome,0.000210176398564,0.000211481055112,0.000213998608491,0.000220406642662,0.000222873574756,0.000223674319915,0.000225673689228,0.000228523533921,0.000233039229354,0.000236347935151,0.000239286168816,0.000239602804793,0.000239923323196,0.00024024659362,0.00024161174764,0.000243180096594,0.000242871782178,0.000242825248785,0.000242758816853,0.000242684947413,0.000242639686733,0.000242606903169,0.000242513979995,0.000242298142744,0.000241825568581,0.00024155830561,0.000241446048546,0.000241344486905,0.000241312708269,0.000241411297242,0.000241539989549,0.00024180366532,0.000242054047441,0.000242297606517,0.000242397778095,0.000242456453405,0.000242457794716,0.000242522842974
YFR052W,31905.3,YFR052W_translation_Ribosome,0.000227771114447,0.000229184989068,0.000231913297017,0.000238857773631,0.000241531222582,0.000242399001355,0.000244565745954,0.000247654162666,0.000252547885217,0.00025613357615,0.000259317781232,0.000259660924087,0.000260008274381,0.000260358607078,0.00026183804366,0.000263537685444,0.000263203560782,0.000263153131891,0.000263081138673,0.000263001085324,0.000262952035689,0.000262916507681,0.000262815805532,0.000262581899673,0.000262069764416,0.000261780127781,0.000261658473225,0.000261548409448,0.000261513970494,0.000261620812749,0.000261760278409,0.000262046027545,0.000262317370165,0.000262581318556,0.000262689875901,0.000262753463158,0.000262754916757,0.000262825410468
YFR053C,53724.8,YFR053C_translation_Ribosome,0,0,0,0,0,0,0,0,0,0,0,0,0,0,0,0,0,0,0,0,0,0,0,0,0,0,0,0,0,0,0,0,0,0,0,0,0,0
YGL001C,38702.7,YGL001C_translation_Ribosome,2.24837107030912E-09,3.31715699191059E-09,5.12087845941448E-09,8.34163895500219E-09,9.28860114533246E-09,9.70716518910646E-09,1.00986695729031E-08,1.07963502919358E-08,1.16734651073179E-08,1.19629214530406E-08,1.25430706250886E-08,1.26020884023345E-08,1.2659998358813E-08,1.2717202922387E-08,1.2936134909578E-08,1.31892890817809E-08,1.34835424367777E-08,1.3498417889983E-08,1.35292862399987E-08,1.35429554619528E-08,1.3574344559299E-08,1.3588958445023E-08,1.36185636368613E-08,1.36754363781646E-08,1.38165256513906E-08,1.38839621123674E-08,1.39104676271211E-08,1.39369776123579E-08,1.39497657395811E-08,1.39572953335015E-08,1.39673270394984E-08,1.39871723671149E-08,1.40058080262498E-08,1.40236389170206E-08,1.40311906038343E-08,1.40347456795559E-08,1.40354098013606E-08,1.404127648984E-08
YGL008C,99588,YGL008C_translation_Ribosome,2.43610467182599E-05,3.63513826489266E-05,5.70496177841034E-05,0.000102135984562,0.000118262756746,0.000125866059807,0.000133545029257,0.000148087538329,0.000168722229711,0,0,0,0,0,0,0,0.000225173005328,0.000225763647058,0.000226999266849,0.000227550114427,0.000228827135984,0.000229426899771,0.000230651820481,0.000233042470797,0.000239211871746,0.000242291217864,0.00024352714028,0.000244778509119,0.000279545720128,0.000666637076941,0.001253326604764,0.002209666508077,0.003167387253523,0.004124952522374,0.004506941234007,0.004557918957151,0.004558608670834,0.004564204981974
YGL009C,85778.3,YGL009C_translation_Ribosome,8.88408627020632E-10,1.50932511177565E-09,2.68422308523974E-09,5.35782388598336E-09,6.3323027191826E-09,6.83685448662861E-09,7.29076422861393E-09,8.21293237534132E-09,9.53228728521143E-09,1.00499204107616E-08,1.10590933296452E-08,1.11737461000519E-08,1.12880216666228E-08,1.13995789274625E-08,1.18393603267744E-08,1.2391633231265E-08,1.29717684107778E-08,1.30037660773347E-08,1.30597372921983E-08,1.30915842078304E-08,1.31474655414091E-08,1.31713428307496E-08,1.32358529829931E-08,1.33553905078047E-08,1.36436130820622E-08,1.37901364875032E-08,1.38528820864861E-08,1.39081962672895E-08,1.39367545598302E-08,1.39501299935564E-08,1.39670665371403E-08,1.40028767015443E-08,1.40375370076638E-08,1.40657514931782E-08,1.40831026975998E-08,1.40932700666696E-08,1.40938183411479E-08,1.41127184578246E-08
YGL011C,27998.1,YGL011C_translation_Ribosome,0.000199877714342,0.000201118442467,0.000203512635243,0.000209606674499,0.000211952726443,0.000212714234934,0.000214615634763,0.000217325836515,0.000221620261997,0.000224766840569,0.000227561100216,0.000227862220969,0.000228167033908,0.000228474464018,0.000229772725227,0.000231264224779,0.000230971017829,0.000230926764582,0.000230863587827,0.000230793338003,0.000230750295106,0.000230719117943,0.000230630748022,0.000230425486839,0.0002299760689,0.000229721901867,0.000229615145421,0.00022951856032,0.000229488338843,0.000229582096938,0.000229704483297,0.000229955238904,0.000230193352253,0.000230424976886,0.000230520240037,0.000230576040246,0.000230577315833,0.000230639176714
YGL012W,56050,YGL012W_translation_Ribosome,1.24561961498815E-07,1.83773749346045E-07,2.83701686934606E-07,4.6213497588151E-07,5.14597609585721E-07,5.37786467952483E-07,5.59476194628413E-07,5.98128390438197E-07,6.46721411094978E-07,6.62757576418221E-07,6.94898409302333E-07,6.98168052020155E-07,7.01376320381439E-07,7.04545509284274E-07,7.16674556005916E-07,7.30699545327119E-07,7.47001469666883E-07,7.47825584357742E-07,7.49535721210579E-07,7.50293009507557E-07,7.52031996272978E-07,7.52841619868938E-07,7.5448177652035E-07,7.57632582144126E-07,7.65449066198502E-07,7.6918511224833E-07,7.70653543750515E-07,7.72122222921879E-07,7.72830697706962E-07,7.73247844591823E-07,7.7380361093869E-07,7.74903061544146E-07,7.75935495329769E-07,7.76923344159131E-07,7.77341715011961E-07,7.77538669692145E-07,7.77575462691176E-07,7.77900482984406E-07
YGL019W,32234.9,YGL019W_translation_Ribosome,2.34973597619685E-06,3.1142852429485E-06,4.75091954258953E-06,9.28264132190598E-06,1.12209195831692E-05,1.22037066146628E-05,1.32117053851573E-05,1.52422934735794E-05,1.83523472353033E-05,1.95581227939191E-05,2.23418162835636E-05,2.2656331535437E-05,2.29712641166218E-05,2.32891604019269E-05,2.45699935882967E-05,2.61943676110781E-05,2.83350430552664E-05,2.84534818819071E-05,2.87016558984535E-05,2.88122901907963E-05,2.90708166193206E-05,2.91923979594773E-05,2.94415175242202E-05,2.99309398015596E-05,3.12127482379243E-05,3.18623178429827E-05,3.21248790099058E-05,3.23918198519053E-05,3.25220129788609E-05,3.25994934284098E-05,3.27034607334456E-05,3.29103877588139E-05,3.3107452668293E-05,3.32980428251482E-05,3.3379669047275E-05,3.34167636707763E-05,3.34235312245935E-05,3.34852317169613E-05
YGL026C,76616.8,YGL026C_translation_Ribosome,9.97573255631017E-07,1.55021243931371E-06,2.60022627887389E-06,5.11300350991381E-06,6.04511895323093E-06,6.54025466208897E-06,6.9197492066146E-06,7.80326993917644E-06,9.09209673388363E-06,9.63652364950609E-06,1.06982574026765E-05,1.08164417355704E-05,1.09336849414054E-05,1.10500972195008E-05,1.15248676980588E-05,1.20905380943837E-05,1.50181203792517E-05,1.50973877485229E-05,1.52557586690443E-05,1.53520638099724E-05,1.54913170755769E-05,1.5552532059382E-05,1.57295770833765E-05,1.60591680101117E-05,1.68503463468174E-05,1.72483732296998E-05,1.74150641478499E-05,1.75718431345475E-05,1.76449516797261E-05,1.75237619384195E-05,1.73400686024876E-05,1.70384856437093E-05,1.67342526846461E-05,1.64288585310521E-05,1.63048905042395E-05,1.63762781941364E-05,1.63694314729533E-05,1.64060353038735E-05
YGL029W,14439.3,YGL029W_translation_Ribosome,1.05254065255667E-06,1.39501282487324E-06,2.12812673690047E-06,4.15806603524122E-06,5.02629833308792E-06,5.4665279222551E-06,5.91805085692531E-06,6.82763241558235E-06,8.22074979090102E-06,8.76086485325645E-06,1.00077924194975E-05,1.01486763706305E-05,1.02897472602408E-05,1.04321457113732E-05,1.10058820849295E-05,1.17335041289608E-05,1.26923982139826E-05,1.27454516979243E-05,1.28566187583811E-05,1.29061762794972E-05,1.30219805990202E-05,1.30764417403585E-05,1.31880323496419E-05,1.34072641477609E-05,1.39814373747665E-05,1.42724055613692E-05,1.43900172014721E-05,1.45095906730784E-05,1.45679093778999E-05,1.46026159678124E-05,1.4649187078863E-05,1.47418779635067E-05,1.48301512122974E-05,1.49155241606198E-05,1.49520878077586E-05,1.49687039721371E-05,1.49717354299617E-05,1.4999373546396E-05
YGL030W,11423.5,YGL030W_translation_Ribosome,0.000647146791135,0.000696088438763,0.000786683523315,0.000982518625893,0.001052078164386,0.001085073008894,0.001117864465193,0.001180153111165,0.001268212676724,0.001300502412845,0.001372133457639,0.00137994750895,0.001387716214552,0.001395514373898,0.001426419532352,0.001464489995069,0.001513464837095,0.001516190190183,0.001521872357688,0.001524387758862,0.001530286620786,0.001533046481719,0.001538683706289,0.001549691926982,0.001578133071046,0.001592325366856,0.00159801949941,0.001603795103576,0.001606594782205,0.001608268812881,0.001610518915025,0.001614969465533,0.001619197068325,0.001623278129447,0.001625023269395,0.001625777797549,0.001625909675446,0.001627172289797
YGL031C,17647.1,YGL031C_translation_Ribosome,0,0,0,0,0,0,0,0,0,0.002009024916157,0.002119681038236,0.002131752237509,0.002143753386424,0.002155800035682,0.00220354253332,0.002262354041404,0.002338010708338,0.002342220852207,0.002350998702968,0.002354884511701,0.002363997113465,0.002368260565286,0.002376968987897,0.002393974561618,0.002437910633174,0.002459834987652,0.002468631322102,0.002477553514449,0.002481878476916,0.002484464530817,0.002487940503816,0.002494815744317,0.00250134657368,0.002507651024481,0.002510346928467,0.002511512528658,0.002511716254525,0.002513666749707
YGL037C,24985.5,YGL037C_translation_Ribosome,0,0,0,0,0,0,0,0,0,0,0,0,0,0,0,0,0,0,0,0,0,0,0,0,0,0,0,0,0,0,0,0,0,0,0,0,0,0
YGL040C,37733.6,YGL040C_translation_Ribosome,0,0,0,0,0,0,0,0,0,0,0,0,0,0,0,0,0,0,0,0,0,0,0,0,0,0,0,0,0,0,0,0,0,0,0,0,0,0
YGL048C,45280.4,YGL048C_translation_Ribosome,0.000323255608649,0.000325262197159,0.000329134245854,0.000338989933745,0.000342784125867,0.000344015688333,0.000347090759313,0.00035147387886,0.000358419110987,0.000363507968316,0.000368027031913,0.000368514024536,0.000369006988408,0.000369504184946,0.000371603819809,0.000374015972643,0.000373541778753,0.000373470209441,0.000373368035768,0.000373254423055,0.000373184811202,0.000373134389409,0.000372991471662,0.000372659509547,0.000371932680797,0.000371521624871,0.000371348971206,0.00037119276732,0.000371143891127,0.000371295522988,0.000371493454394,0.000371898993134,0.000372284085968,0.000372658684818,0.000372812750758,0.000372902994587,0.000372905057552,0.000373005103106
YGL049C,103900.1,YGL049C_translation_Ribosome,0.00202278035423,0.001755723827509,0.001610516631022,0.001703387270169,0.001736191714159,0.001755186742252,0.001758339376258,0.001816692747987,0.001910871732012,0.001947494098842,0.001961289428299,0.00196659134381,0.001977085198868,0.001974647766327,0.001980637932509,0.002002837165956,0.001999416723278,0.001998217355837,0.001989443955094,0.001993112478815,0.001978365131986,0.001976073401273,0.001971013218432,0.001959925356262,0.001922086997426,0.00190776798037,0.001901633022224,0.001894498038832,0.001900749397208,0.001903036441963,0.001916402326198,0.001911952790822,0.001917281187708,0.001926737661796,0.001924492799554,0.003856119601379,0.003861229843128,0.003859727684824
YGL050W,30808.6,YGL050W_translation_Ribosome,0,0,0,0,0,0,0,0,0,0,0,0,0,0,0,0,0,0,0,0,0,0,0,0,0,0,0,0,0,0,0,0,0,0,0,0,0,0
YGL055W,58412.6,YGL055W_translation_Ribosome,0.000175904530579,0.000259522527764,0.000400639259885,0.000652620069709,0.000726707012815,0.000759453970205,0.000790083876345,0.000844667926548,0.000913290260246,0.000935936291984,0.000981325093291,0.000985942433613,0.000990473101991,0.000994948582945,0.001012077040495,0.0010318829197,0.001054904252328,0.001056068054713,0.001058483084283,0.001059552515438,0.001062008286422,0.0010631516247,0.001065467829281,0.001069917349644,0.001080955670989,0.001086231659089,0.001088305355995,0.001090379402655,0.001091379900102,0.001091968988665,0.00109275383355,0.001094306461177,0.001095764448658,0.001097159473933,0.001097750290965,0.001098028427406,0.001098080385926,0.001098539374701
YGL062W,130079.8,YGL062W_translation_Ribosome,0.000364297002784,0,0,0,0,0,0,0,0,0,0,0,0,0,0,0,0,0,0,0,0,0,0,0,0,0,0,0,0,0,0.004917498200864,0,0,0.002764554750758,0,0,0,0
YGL063W,41900.9,YGL063W_translation_Ribosome,0,0,0,0,0,0,0,0,0,0,0,0,0,0,0,0,0,0,0,0,0,0,0,0,0,0,0,0,0,0,0,0,0,0,0,0,0,0
YGL067W,43512.9,YGL067W_translation_Ribosome,0,0,0,0,0,0,0,0,0,0,0,0,0,0,0,0,0,0,0,0,0,0,0,0,0,0,0,0,0,0,0,0,0,0,0,0,0,0
YGL068W,20654.2,YGL068W_translation_Ribosome,3.70167861161461E-06,5.99954953241145E-06,1.15692479818141E-05,2.90992061769578E-05,3.69987527240222E-05,4.10578246223438E-05,4.52104611907975E-05,5.36649613478619E-05,6.66718994170812E-05,7.01677662957701E-05,7.19012641784128E-05,7.20710723807901E-05,7.22361575603894E-05,7.23981169562236E-05,7.3002498628439E-05,7.36715063621081E-05,6.91785303220554E-05,6.81452549051926E-05,6.61178329349281E-05,6.50414849943254E-05,6.30349149952552E-05,6.19922677005628E-05,5.99303849322018E-05,5.5716214464097E-05,4.51963922834281E-05,3.98495797423649E-05,3.76996551611042E-05,3.55536127362061E-05,3.4599116973938E-05,3.46918532670932E-05,3.48123260331424E-05,3.50642852014561E-05,3.53005204285585E-05,3.55224165745106E-05,3.56262928869561E-05,3.56718571277693E-05,3.56718100043443E-05,3.57522193209471E-05
YGL076C,27662.7,YGL076C_translation_Ribosome,0,0,0,0,0,0,0,0,0,0,0,0,0,0,0,0,0,0,0,0,0,0,0,0,0,0,0,0,0,0,0,0,0,0,0,0,0,0
YGL077C,62052.5,YGL077C_translation_Ribosome,4.37450841564886E-08,4.28257794111193E-08,4.12177159866759E-08,3.81019481040735E-08,3.71000652549509E-08,3.66400964471841E-08,3.61986896803183E-08,3.53810069988483E-08,3.42828534716978E-08,3.38987647134703E-08,3.30868504362516E-08,3.30006074366478E-08,3.29152610670017E-08,3.28301575668137E-08,3.24970888251735E-08,3.20955820478253E-08,3.16022504676757E-08,3.15764154354271E-08,3.15225193465284E-08,3.14985968562259E-08,3.14432087905158E-08,3.14172738559195E-08,3.13644226968894E-08,3.12617567743811E-08,3.09999288573779E-08,3.0870910286857E-08,3.08193783640195E-08,3.07675003039626E-08,3.07422387110469E-08,3.07273291110066E-08,3.07074363327834E-08,3.06679042566877E-08,3.06304169498205E-08,3.05944503596246E-08,3.05790662800555E-08,3.05718427587877E-08,3.05704798116211E-08,3.05585490215095E-08
YGL078C,58840.3,YGL078C_translation_Ribosome,4.28911427552793E-06,5.68469199472195E-06,8.67213892898165E-06,1.69441630088303E-05,2.04822187923509E-05,2.22761590176717E-05,2.41161197451914E-05,2.78226742032225E-05,3.34996422209909E-05,3.57006168044895E-05,4.07818598062897E-05,4.13559633950959E-05,4.19308287601718E-05,4.25111039524708E-05,4.48490857342029E-05,4.78141532483773E-05,5.17216567721566E-05,5.19378502795411E-05,5.23908572249882E-05,5.25928046469359E-05,5.3064708472054E-05,5.32866381981962E-05,5.37413711095853E-05,5.46347430023269E-05,5.69745049664784E-05,5.81602033999316E-05,5.86394720755008E-05,5.91267352351664E-05,5.93643845732442E-05,5.95058142936898E-05,5.96955920630794E-05,6.0073308396953E-05,6.04330228180687E-05,6.0780918484145E-05,6.09299157324011E-05,6.09976267777341E-05,6.10099800003862E-05,6.11226056167544E-05
YGL080W,15002.5,YGL080W_translation_Ribosome,5.12107128958717E-05,6.86024124352909E-05,9.98437139184334E-05,0.000163805448272,0.00018536169402,0.000195505628893,0.000205228902648,0.000223697504368,0.000249178960161,0.000251846869177,0.000243090710276,0.000242191781472,0.000241308839339,0.000240431037117,0.000237041147453,0.000233019361706,0.00021716859058,0.000214271911457,0.000208589548363,0.000205646400787,0.000200085039153,0.000197241094377,0.000191658566553,0.000180455544752,0.000153370098972,0.000140126695156,0.000134894044268,0.000129715356657,0.00012742229079,0.000127592494061,0.000127804491091,0.000128274212997,0.000128703305956,0.00012910812397,0.0001292927012,0.000129385412676,0.00012939995228,0.00012955449104
YGL084C,65359.4,YGL084C_translation_Ribosome,0,0,0,0,0,0,0,0,0,0,0,0,0,0,0,0,0,0,0,0,0,0,0,0,0,0,0,0,0,0,0,0,0,0,0,0,0,0
YGL092W,145645.6,YGL092W_translation_Ribosome,0,0,0,0,0,0,0,0,0,0,0,0,0,0,0,0,0,0,0,0,0,0,0,0,0,0,0,0,0,0,0,0,0,0,0,0,0,0
YGL099W,72736.4,YGL099W_translation_Ribosome,5.30205882006906E-06,7.02722506181807E-06,1.07202064910271E-05,2.09458044618312E-05,2.53194300329528E-05,2.75370386074336E-05,2.98115361790157E-05,3.43934541447829E-05,4.14111310860563E-05,4.41319018451311E-05,5.04131635565116E-05,5.11228511052978E-05,5.18334803362893E-05,5.25507970137558E-05,5.54409314635934E-05,5.9106248206336E-05,6.39365726490567E-05,6.42038237920747E-05,6.47638157429454E-05,6.5013456354257E-05,6.55968079922554E-05,6.58711500559867E-05,6.6433275587909E-05,6.75376318766976E-05,7.04299669281727E-05,7.18956874553459E-05,7.24881432737844E-05,7.30904816046002E-05,7.33842557239395E-05,7.35590863879269E-05,7.37936832840242E-05,7.42606035129687E-05,7.47052703827848E-05,7.51353273050981E-05,7.53195126924611E-05,7.54032148095095E-05,7.54184854479004E-05,7.5557709447139E-05
YGL100W,39110.1,YGL100W_translation_Ribosome,0,0,0,0,0,0,0,0,0,0,0,0,0,0,0,0,0,0,0,0,0,0,0,0,0,0,0,0,0,0,0,0,0,0,0,0,0,0
YGL103W,16741.9,YGL103W_translation_Ribosome,0.000948436719263,0.001020163963139,0.001152937092747,0.001439946477248,0.001541890613239,0.001590246755163,0.001638304818121,0.001729592976917,0.001858650134586,0.001905972893213,0.002010952959639,0.002022404972214,0.002033790527632,0.002045219249474,0.002090512817323,0.002146307615743,0.002218083508221,0.002222077694667,0.00223040528955,0.002234091777485,0.00224273695247,0.002246781712461,0.002255043440479,0.002271176720999,0.002312859111669,0.002333658866316,0.002342003996776,0.002350468529308,0.002354571644785,0.002357025048222,0.002360322722761,0.002366845300915,0.002373041134345,0.002379022201198,0.002381579820011,0.002382685631267,0.002382878907108,0.002384729352524
YGL111W,51908,YGL111W_translation_Ribosome,3.78379008628616E-06,5.01494710363521E-06,7.65042645135357E-06,1.49478777889026E-05,1.80690957230563E-05,1.96516819643901E-05,2.1274866778949E-05,2.45447316302071E-05,2.95528647611789E-05,3.14945303998695E-05,3.59771241619245E-05,3.64835894431646E-05,3.69907267516141E-05,3.7502636525729E-05,3.95651677896102E-05,4.2180904360052E-05,4.56280433602328E-05,4.58187659191136E-05,4.62184016198878E-05,4.63965565031645E-05,4.68128627380788E-05,4.70086457001743E-05,4.74098040213315E-05,4.81979228481973E-05,5.02620245613969E-05,5.13080293282606E-05,5.17308327200081E-05,5.21606887216247E-05,5.23703392815461E-05,5.24951063872354E-05,5.26625253917864E-05,5.29957408828479E-05,5.33130753656985E-05,5.36199835261717E-05,5.3751426587517E-05,5.38111602214575E-05,5.38220580428728E-05,5.39214146147196E-05
YGL119W,56759.4,YGL119W_translation_Ribosome,0,0,0,0,0,0,0,0,0,0,0,0,0,0,0,0,0,0,0,0,0,0,0,0,0,0,0,0,0,0,0,0,0,0,0,0,0,0
YGL120C,87549.7,YGL120C_translation_Ribosome,6.38186188867473E-06,8.45837085688395E-06,1.29034549720288E-05,2.52115707801318E-05,3.0475917196287E-05,3.31451579810003E-05,3.58828736232749E-05,4.13979327041138E-05,4.984481089585E-05,5.31196865251879E-05,6.06801731378446E-05,6.15343937480201E-05,6.23897478208713E-05,6.32531512875976E-05,6.6731882762388E-05,7.11436680752725E-05,7.695772342944E-05,7.72794022229448E-05,7.79534406315152E-05,7.82539223796929E-05,7.89560778465743E-05,7.92862916786729E-05,7.99628981876853E-05,8.12921647141639E-05,8.47735449592149E-05,8.65377701949683E-05,8.72508839752427E-05,8.79758929138404E-05,8.83294962818366E-05,8.85399324896075E-05,8.88223067599075E-05,8.93843187094681E-05,8.99195452405082E-05,9.04371864013499E-05,9.0658882490351E-05,9.07596311559015E-05,9.07780117715208E-05,9.09455897567681E-05
YGL123w,27470.3,YGL123w_translation_Ribosome,0.00155620575975,0.001673896637576,0.001891752299254,0.002362680562776,0.002529951660975,0.002609294968811,0.002688149185292,0.002837935834869,0.003049694287513,0.00312734200828,0.003299594495677,0.003318385088205,0.003337066637073,0.0033558190139,0.003430137215353,0.003521685955402,0.003639456656406,0.00364601036297,0.003659674375401,0.003665723206747,0.003679908308222,0.003686544996435,0.003700100933764,0.003726572603998,0.003794965544848,0.003829094018921,0.003842786803925,0.003856675505209,0.003863407943766,0.00386743351604,0.003872844377942,0.003883546698387,0.003893712892371,0.003903526694913,0.00390772326496,0.003909537692651,0.00390985482185,0.003912891053742
YGL125W,68543.7,YGL125W_translation_Ribosome,8.30113138067075E-07,0,2.63870395692271E-06,5.03572005974468E-06,0,6.24003223013298E-06,6.60310018996251E-06,0,8.24754954004823E-06,8.63461897610133E-06,0,0,9.52288767279723E-06,9.60914943351406E-06,9.92472014426138E-06,1.03016763851506E-05,1.07656519068296E-05,1.07875245569379E-05,1.08359176872314E-05,1.0851805677993E-05,0,1.09198282098929E-05,1.09748956552581E-05,0,1.12968376773136E-05,1.14120522699115E-05,0,1.1503165793211E-05,1.15271362304575E-05,1.15465423848323E-05,1.1574676006064E-05,1.16246452011819E-05,1.16727094958436E-05,0,0,1.17534318584542E-05,1.17547138870019E-05,1.17644187066192E-05
YGL129C,50893.5,YGL129C_translation_Ribosome,9.12121410755238E-06,1.4783340634243E-05,2.8507495916688E-05,7.17026294684375E-05,9.11677054429619E-05,0.00010116956345,0.000111401971832,0.000132234495181,0.000164284567448,0.000172898645988,0.000177170114963,0.000177588535127,0.000177995317408,0.000178394397523,0.000179883639354,0.000181532124655,0.000170461094254,0.000167915026025,0.000162919306024,0.000160267103861,0.000155322764683,0.000152753603442,0.000147672969447,0.000137288936915,0.000111367304988,9.81923573228714E-05,9.28947816880661E-05,8.76067719781015E-05,8.52548227340257E-05,8.54833319251681E-05,8.57801858686238E-05,8.64010321823313E-05,8.69831335239729E-05,8.75299022927471E-05,8.77858613280738E-05,8.78981350394654E-05,8.78980189238072E-05,8.80961535189269E-05
YGL135W,24502.1,YGL135W_translation_Ribosome,0,0,0,0,0,0,0,0,0,0,0,0,0,0,0,0,0,0,0,0,0,0,0,0,0,0,0,0,0,0,0,0,0,0,0,0,0,0
YGL141W,105556.4,YGL141W_translation_Ribosome,0.000753564419236,0.000758242122158,0.000767268533605,0.00079024383712,0.000799088751505,0.000801959735424,0.000809128254749,0.000819346060249,0.000835536590822,0.000847399592468,0.000857934306929,0.000859069570489,0.000860218754058,0.000861377804697,0.000866272414671,0.000871895557785,0.000870790130271,0.000870623289897,0.000870385105492,0.000870120254718,0.000869957977516,0.000869840435645,0.000869507269797,0.000868733409015,0.000867039046195,0.000866080804134,0.000865678318747,0.000865314180624,0.000865200241812,0.00086555372176,0.000866015133908,0.000866960514458,0.000867858232084,0.000868731486429,0.000869090640632,0.000869301014519,0.000869305823645,0.000869539047039
YGL142C,72570,YGL142C_translation_Ribosome,0,0,0,0,0,0,0,0,0,0,0,0,0,0,0,0,0,0,0,0,0,0,0,0,0,0,0,0,0,0,0,0,0,0,0,0,0,0
YGL143C,46775.7,YGL143C_translation_Ribosome,0,0,0,0,0,0,0,0,0,0,0,0,0,0,0,0,0,0,0,0,0,0,0,0,0,0,0,0,0,0,0,0,0,0,0,0,0,0
YGL147C,21580.3,YGL147C_translation_Ribosome,0.00122253441561,0.00131499079398,0.001486135285876,0.001856090226495,0.001987496162377,0.002049827203032,0.002111774020064,0.002229444407131,0.002395799013219,0.002456798023367,0.002592117271929,0.002606878909913,0.002621554884658,0.0026362865009,0.002694669885239,0.002766589350075,0.002859108436466,0.002864256940623,0.002874991205901,0.002879743086845,0.002890886712702,0.002896100406132,0.002906749769057,0.002927545558878,0.002981274137795,0.00300808501023,0.003018841878856,0.003029752656689,0.003035041570309,0.003038204006006,0.003042454706694,0.003050862306389,0.003058848732312,0.003066558324235,0.003069855093494,0.003071280483603,0.003071529616057,0.003073914839192
YGL148W,40839.9,YGL148W_translation_Ribosome,0.000354467408378,0.000895280876559,0.001916410835957,0.004263539413918,0.005110188817001,0.005567162542236,0.005934162702427,0.006731529820277,0.007885772666326,0.008303468820642,0.009212680941982,0.009311599624795,0.009411529709483,0.009509362831645,0.00991382554499,0.010392640362716,0.010970585212194,0.011000623823356,0.0110651670097,0.011096415111579,0.011160426072484,0.01119381874194,0.011254335563214,0.011380883984681,0.011700140853363,0.011860813384994,0.011924539482576,0.011988508797688,0.012019396343081,0.012032279298022,0.012049745223396,0.012084003536778,0.012116219919641,0.012148864797486,0.012160691523563,0.012171693789051,0.012174030280375,0.012186681579959
YGL154C,30671.4,YGL154C_translation_Ribosome,2.20895232887507E-06,3.740499793078E-06,6.62512361157474E-06,1.30418960530113E-05,1.54042291744683E-05,1.64960762511856E-05,1.76245733429909E-05,1.97588954034822E-05,2.2889953302725E-05,2.40189507782461E-05,2.65446482526642E-05,2.68080847960812E-05,2.7072299930029E-05,2.73441307386788E-05,2.84578675687006E-05,2.97832121268037E-05,3.15555238156057E-05,3.16346431240673E-05,3.18389385004934E-05,3.19013000559309E-05,3.21206894965543E-05,3.2221956243779E-05,3.24028608291128E-05,3.27585484858634E-05,3.37331346307911E-05,3.42175196076881E-05,3.4399135681291E-05,3.46040675217234E-05,3.4701351395145E-05,3.47630797815898E-05,3.4823834870516E-05,3.50121541927073E-05,3.51661493969709E-05,3.53143078003347E-05,3.53814259528392E-05,3.541358650489E-05,3.54176634034383E-05,3.54638567077989E-05
YGL164C,50268.5,YGL164C_translation_Ribosome,0,0,0,0,0,0,0,0,0,0,0,0,0,0,0,0,0,0,0,0,0,0,0,0,0,0,0,0,0,0,0,0,0,0,0,0,0,0
YGL171W,63670.5,YGL171W_translation_Ribosome,4.64120764985904E-06,6.1513483386377E-06,9.38403478020551E-06,1.83351092848563E-05,2.21636040539967E-05,2.41048088254932E-05,2.60958119220366E-05,3.01066374212279E-05,3.62496277216737E-05,3.86312803002406E-05,4.41296425204557E-05,4.47508742706521E-05,4.53729303313294E-05,4.60008403119255E-05,4.85307470091003E-05,5.17392169040744E-05,5.5967487377046E-05,5.62014282086176E-05,5.66916224924688E-05,5.69101477775051E-05,5.74207901858065E-05,5.76609381223116E-05,5.81530000566423E-05,5.91197088446125E-05,6.16515418593747E-05,6.29345742726558E-05,6.34531861119534E-05,6.39804487025161E-05,6.42376066738399E-05,6.43906463594913E-05,6.4596002985238E-05,6.5004726051502E-05,6.53939694280594E-05,6.57704238480218E-05,6.59316522798124E-05,6.60049217245956E-05,6.60182890232475E-05,6.61401600760289E-05
YGL172W,49138.7,YGL172W_translation_Ribosome,0,0,0,0,0,0,0,0,0,0,0,0,0,0,0,0,0,0,0,0,0,0,0,0,0,0,0,0,0,0,0,0,0,0,0,0,0,0
YGL173C,175458.4,YGL173C_translation_Ribosome,1.27898927809901E-05,1.6951425500664E-05,2.5859820923021E-05,5.05265223132539E-05,6.10768017456714E-05,6.6426228611789E-05,7.19128859761029E-05,8.29656187922001E-05,9.9894011836573E-05,0.000106457191815,0.000121609167027,0.000123321111003,0.000125035326552,0.000126765673896,0.000133737401481,0.000142579062757,0.000154231014162,0.000154875690802,0.000156226531532,0.000156828727163,0.000158235917305,0.00015889769902,0.000160253686482,0.000162917670229,0.000169894706217,0.000173430390943,0.000174859542647,0.000176312533444,0.00017702119014,0.000177442925455,0.00017800883188,0.000179135160324,0.000180207808098,0.000181245213022,0.000181689514271,0.000181891424725,0.000181928261326,0.000182264104455
YGL184C,51832.1,YGL184C_translation_Ribosome,0,0,0,0,0,0,0,0,0,0,0,0,0,0,0,0,0,0,0,0,0,0,0,0,0,0,0,0,0,0,0,0,0,0,0,0,0,0
YGL186C,64557.9,YGL186C_translation_Ribosome,0,0,0,0,0,0,0,0,0,0,0,0,0,0,0,0,0,0,0,0,0,0,0,0,0,0,0,0,0,0,0,0,0,0,0,0,0,0
YGL187C,17141.8,YGL187C_translation_Ribosome,9.99905131887919E-06,1.31466895720666E-05,1.87612277701123E-05,3.00836604259431E-05,3.38495509215399E-05,3.56045673588712E-05,3.72908242122446E-05,4.04682608960833E-05,4.48138229605916E-05,4.53634485474046E-05,4.29019331220309E-05,4.26444145074437E-05,4.23901287015407E-05,4.21374347810202E-05,4.11535862923309E-05,3.99801323621672E-05,3.58586334507502E-05,3.52406045105481E-05,3.40260048789361E-05,3.34002124557827E-05,3.22088639316328E-05,3.16026759325677E-05,3.04077833119599E-05,2.80139035688329E-05,2.22141504423733E-05,1.9375302328853E-05,1.82526701059849E-05,1.71415301721216E-05,1.66473958958377E-05,1.66691868344317E-05,1.66964917630124E-05,1.67564813773527E-05,1.68115567880118E-05,1.6863781162442E-05,1.68870984579016E-05,1.68979258567595E-05,1.69002867471487E-05,1.69199791762838E-05
YGL189C,13527.3,YGL189C_translation_Ribosome,0.000766328077009,0.000824283025139,0.000931562483035,0.00116346340509,0.001245833321933,0.001284904636338,0.001323735105703,0.001397495091754,0.001501772078772,0.001540008429053,0.001624831349544,0.001634084469542,0.001643283892774,0.001652518194076,0.00168911497702,0.001734196656917,0.001792190912666,0.001795418178287,0.001802146797755,0.001805125445832,0.001812110667077,0.001815378795655,0.001822054195306,0.001835089736408,0.001868768721667,0.001885574730605,0.001892317518656,0.001899156782474,0.001902472061743,0.001904454388977,0.001907118879435,0.001912389062118,0.001917395238093,0.001922227884664,0.001924294416956,0.0019251879022,0.001925344067288,0.00192683921003
YGL191W,15022.3,YGL191W_translation_Ribosome,8.7627173708478E-06,1.15211654994491E-05,1.64414934214002E-05,2.63639624786572E-05,2.96642189740079E-05,3.12022361849497E-05,3.26799955992721E-05,3.54645577278484E-05,3.92728122286396E-05,3.97544792911874E-05,3.75973182477386E-05,3.73716405543858E-05,3.71487959486842E-05,3.69273463994982E-05,3.60651459799602E-05,3.50367839074184E-05,3.14248882431953E-05,3.08832755684237E-05,2.98188552598235E-05,2.92704390189189E-05,2.82263949316973E-05,2.76951591234183E-05,2.66480091499875E-05,2.45501209664142E-05,1.94674790389845E-05,1.69796406546995E-05,1.59958164331131E-05,1.50220635350233E-05,1.458902655299E-05,1.46081231482623E-05,1.46320519555415E-05,1.4684624146531E-05,1.47328897511667E-05,1.47786568363038E-05,1.47990910618567E-05,1.48085797056318E-05,1.48106486834342E-05,1.48279062397116E-05
YGL202W,56169.2,YGL202W_translation_Ribosome,1.41382677995609E-06,2.07238677870997E-06,3.28995066658762E-06,8.53601658338525E-06,6.82328525041134E-06,1.05841727535648E-05,7.69195448148608E-06,8.50984513717224E-06,9.67438972661441E-06,1.59761366421762E-05,1.74602356625888E-05,1.76219022700378E-05,1.77852462636109E-05,1.79434253559664E-05,1.8584829631393E-05,1.93677439732535E-05,1.27042290987847E-05,1.27385171574477E-05,1.28091404400502E-05,1.28391328275165E-05,1.29146101218119E-05,1.29530262909634E-05,1.30175917346953E-05,1.31556046772375E-05,1.73332762696556E-05,1.36881039860978E-05,1.37599972400856E-05,1.38321939913909E-05,1.38668587107366E-05,1.39004956625677E-05,1.39491490746428E-05,1.40354649856929E-05,1.41216938365753E-05,1.42058682211399E-05,1.42402262833334E-05,1.42467437194514E-05,1.42485269195787E-05,1.42631567633279E-05
YGL205W,84050,YGL205W_translation_Ribosome,0,0,0,0,0,0,0,0,0,0,0,0,0,0,0,0,0,0,0,0,0,0,0,0,0,0,0,0,0,0,0,0,0,0,0,0,0,0
YGL224C,31963,YGL224C_translation_Ribosome,0,0,0,0,0,0,0,0,0,0,0,0,0,0,0,0,0,0,0,0,0,0,0,0,0,0,0,0,0,0,0,0,0,0,0,0,0,0
YGL225W,37030,YGL225W_translation_Ribosome,0,0,0,0,0,0,0,0,0,0,0,0,0,0,0,0,0,0,0,0,0,0,0,0,0,0,0,0,0,0,0,0,0,0,0,0,0,0
YGL232W,33555.7,YGL232W_translation_Ribosome,0,0,0,0,0,0,0,0,0,0,0,0,0,0,0,0,0,0,0,0,0,0,0,0,0,0,0,0,0,0,0,0,0,0,0,0,0,0
YGL234W,86041.7,YGL234W_translation_Ribosome,3.64261580197044E-05,5.68399198814131E-05,9.69215555780763E-05,0.000192754167845,0.000229449077381,0.000247377079222,0.00026524932519,0.000300181112806,0.000351073939717,0.000370026433325,0.000412177572425,0.000416829920644,0.00042146697963,0.000426127328052,0.000444685070778,0.000467770272803,0.000497249579378,0.000498827758445,0.000502129204917,0.00050360302909,0.000507020105169,0.000508629796571,0.000511916293803,0.000518339550478,0.000534980502094,0.000543324195769,0.000546681097066,0.000550080279307,0.000551738711638,0.000552715223575,0.000554027497027,0.000556641361068,0.000559126184389,0.000561517863245,0.00056254229384,0.000563025250752,0.00056311517386,0.000563912568165
YGL245W,80843.6,YGL245W_translation_Ribosome,0.000517294988775,0.000632766688406,0.000845969475124,0.001292607603028,0.001449937027349,0.001518417011844,0.001596344841571,0.00173315234543,0.001928200654691,0.001992155169048,0.002148255858822,0.0021646225741,0.002181737799472,0.00219768690485,0.002265157290452,0.002346357343798,0.002457711916185,0.0024634193811,0.002476696109896,0.00248244776257,0.002495623911362,0.002502885137668,0.002514700403538,0.002539566595504,0.002603376796092,0.0026354422888,0.002648438447447,0.002661321880613,0.002667620949625,0.002670993996702,0.002675638497139,0.002684650844868,0.002692986504995,0.002701883925101,0.00270470048573,0.002704521059788,0.002705104927173,0.00270813833637
YGL246C,44505.9,YGL246C_translation_Ribosome,3.24422022041387E-06,4.29981379170221E-06,6.55947280961118E-06,1.28163048872066E-05,1.54924359894578E-05,1.68493448474021E-05,1.82410629070129E-05,2.1044643821007E-05,2.5338615315068E-05,2.7003398715488E-05,3.08467729490289E-05,3.12810160938302E-05,3.17158354345123E-05,3.21547466854905E-05,3.39231602282425E-05,3.61658917962171E-05,3.91214674999265E-05,3.92849929513654E-05,3.96276404533899E-05,3.97803903844145E-05,4.01373311962445E-05,4.0305195435528E-05,4.06491484317057E-05,4.13248812223469E-05,4.30946412677636E-05,4.39914853679709E-05,4.43539968396665E-05,4.47225552164552E-05,4.49023095289852E-05,4.50092847992537E-05,4.51528297918299E-05,4.54385286306145E-05,4.57106110988334E-05,4.59737540421023E-05,4.60864532742809E-05,4.61376688699269E-05,4.61470126579774E-05,4.62322009459284E-05
YGL248W,42006.4,YGL248W_translation_Ribosome,0,0,0,0,0,0,0,0,0,0,0,0,0,0,0,0,0,0,0,0,0,0,0,0,0,0,0,0,0,0,0,0,0,0,0,0,0,0
YGL253W,53930.9,YGL253W_translation_Ribosome,0,0,0,0,0,0,0,0,0,0,0,0,0,0,0,0,0,0,0,0,0,0,0,0,0,0,0,0,0,0,0,0,0,0,0,0,0,0
YGL256W,41133.5,YGL256W_translation_Ribosome,0,0,0,0,0,0,0,0,0,0,0,0,0,0,0,0,0,0,0,0,0,0,0,0,0,0,0,0,0,0,0,0,0,0,0,0,0,0
YGR007W,36856.2,YGR007W_translation_Ribosome,0,0,0,0,0,0,0,0,0,0,0,0,0,0,0,0,0,0,0,0,0,0,0,0,0,0,0,0,0,0,0,0,0,0,0,0,0,0
YGR010W,44897.5,YGR010W_translation_Ribosome,0,0,0,0,0,0,0,0,0,0,0,0,0,0,0,0,0,0,0,0,0,0,0,0,0,0,0,0,0,0,0,0,0,0,0,0,0,0
YGR019W,52942.7,YGR019W_translation_Ribosome,0,0,0,0,0,0,0,0,0,0,0,0,0,0,0,0,0,0,0,0,0,0,0,0,0,0,0,0,0,0,0,0,0,0,0,0,0,0
YGR020C,13454.3,YGR020C_translation_Ribosome,0,0,0,0,0,0,0,0,0,0,0,0,0,0,0,0,0,0,0,0,0,0,0,0,0,0,0,0,0,0,0,0,0,0,0,0,0,0
YGR024C,27760.1,YGR024C_translation_Ribosome,0,0,0,0,0,0,0,0,0,0,0,0,0,0,0,0,0,0,0,0,0,0,0,0,0,0,0,0,0,0,0,0,0,0,0,0,0,0
YGR027C,12055.5,YGR027C_translation_Ribosome,0.000682949896312,0.000734599218585,0.000830206435447,0.001036876027002,0.001110283915679,0.00114510418512,0.001179709813991,0.001245444551289,0.001338375972709,0.00137245212396,0.001448046124092,0.001456292484278,0.001464490990023,0.001472720579028,0.001505335551475,0.00154551224542,0.001597196598556,0.001600072730578,0.001606069261444,0.001608723826057,0.001614949039864,0.001617861588862,0.001623810690346,0.001635427935898,0.001665442573467,0.00168042005166,0.001686429209536,0.001692524346405,0.001695478915995,0.001697245561665,0.001699620149699,0.001704316924912,0.001708778417927,0.00171308526192,0.001714926950952,0.001715723223036,0.001715862397018,0.001717194864941
YGR030C,18216.2,YGR030C_translation_Ribosome,0,0,0,0,0,0,0,0,0,0,0,0,0,0,0,0,0,0,0,0,0,0,0,0,0,0,0,0,0,0,0,0,0,0,0,0,0,0
YGR032W,216982.7,YGR032W_translation_Ribosome,0.004241403621029,0.006504065863786,0.01071184926294,0.01955013747913,0.022492410904581,0.023843115574847,0.02513363961481,0.027495359965364,0.030562208664939,0.031592124628255,0.033667313022676,0.033878233907183,0.034084987440875,0.034288995375713,0.035066310258522,0.035789704847232,0.036434811833741,0.036465152562403,0.036527360193921,0.036554589501018,0.036616196825813,0.036644518996161,0.036701014525682,0.036806375061093,0.037047974273894,0.037039122920537,0.037018641819683,0.036996444608981,0.036984993212693,0.036978045433569,0.036968600734707,0.036949107089919,0.036929676365041,0.036910282449405,0.036901693305459,0.036897598703352,0.036896841382271,0.036890024943286
YGR033C,27228,YGR033C_translation_Ribosome,1.2425325121182E-05,1.8930190774217E-05,3.39609970130435E-05,7.94249092323236E-05,9.96641944757028E-05,0.000110068927708,0.000120703550827,0.000142398525407,0.000176301866283,0.000186833464869,0.000191513273511,0.000191992978554,0.00019246429477,0.000192928705184,0.000194863603285,0.00019729470519,0.000183357754786,0.000180718093158,0.000175540020657,0.000172790429928,0.000167668609184,0.000165005442966,0.000159745394257,0.000148991704267,0.000122172598212,0.000108548557995,0.000103073832811,9.76076079758278E-05,9.51797976560093E-05,9.54388241444404E-05,9.57782609203055E-05,9.64781101588129E-05,9.71393562343828E-05,9.77655882548422E-05,9.80502673007598E-05,9.81758431341624E-05,9.81865167641143E-05,9.84101770573567E-05
YGR034W,14252,YGR034W_translation_Ribosome,0.00080738268195,0.0008684424589,0.000981469214715,0.001225793798418,0.001312576530734,0.001353741018318,0.001394651758036,0.001472363298492,0.001582226731621,0.001622511523427,0.00171187867451,0.001721627513245,0.001731319778509,0.00174104879037,0.001779606178062,0.001827103025318,0.00188820421572,0.00189160437611,0.001898693468881,0.001901831692503,0.001909191134017,0.001912634346519,0.001919667368322,0.001933401264354,0.001968884538762,0.001986590898449,0.001993694918859,0.002000900583548,0.002004393472752,0.00200648199949,0.002009289235081,0.002014841758023,0.002020116130587,0.002025207677233,0.002027384920158,0.002028326272216,0.002028490803559,0.002030066045799
YGR055W,63222.6,YGR055W_translation_Ribosome,0,0,0,0,0,0,0,0,0,0,0,0,0,0,0,0,0,0,0,0,0,0,0,0,0,0,0,0,0,0,0,0,0,0,0,0,0,0
YGR060W,36481.4,YGR060W_translation_Ribosome,8.02830261722425E-07,1.18446374406686E-06,1.82852210122737E-06,2.97856535955057E-06,3.31669900356671E-06,3.46615648647431E-06,3.60595172359489E-06,3.8550739444135E-06,4.16826704945422E-06,4.27162379374902E-06,4.47877879488918E-06,4.49985238820223E-06,4.52053040978414E-06,4.54095655534006E-06,4.61913102880532E-06,4.70952528490016E-06,4.81459490669187E-06,4.81990651390287E-06,4.83092873610158E-06,4.83580963195718E-06,4.8470177984251E-06,4.85223600722323E-06,4.8628071910575E-06,4.88311485218532E-06,4.9334938753128E-06,4.95757354451447E-06,4.96703792058111E-06,4.97650389293193E-06,4.98107017456626E-06,4.98375878141486E-06,4.9873408223232E-06,4.99442703232418E-06,5.00108130363119E-06,5.0074482147222E-06,5.01014471032345E-06,5.0114141281743E-06,5.01165126744786E-06,5.01374609739367E-06
YGR061C,148864.3,YGR061C_translation_Ribosome,0.000315112029926,0.00049170550803,0.000838440005264,0.001667459880713,0.001984896801332,0.002139986697161,0.002294594265247,0.002596778934258,0.003037037881913,0.003200990356107,0.003565627521478,0.003605873624026,0.003645987463897,0.003686302773869,0.00384684037374,0.004046543698688,0.004301560550329,0.004315212915456,0.004343772762441,0.00435652238393,0.004386082508803,0.004400007477907,0.004428438003405,0.0044840037166,0.004627959717694,0.004700138569214,0.004729178139657,0.004758583470176,0.004772930082797,0.004781377601708,0.004792729695198,0.004815341467855,0.004836836947014,0.004857526660678,0.004866388709866,0.004870566628735,0.004871344527222,0.004878242551937
YGR065C,69098.4,YGR065C_translation_Ribosome,0,0,0,0,0,0,0,0,0,0,0,0,0,0,0,0,0,0,0,0,0,0,0,0,0,0,0,0,0,0,0,0,0,0,0,0,0,0
YGR076C,18608.2,YGR076C_translation_Ribosome,3.33499123377555E-06,5.40523562321556E-06,1.0423201106564E-05,2.62166459307098E-05,3.33336653290444E-05,3.69906465579639E-05,4.0731923963678E-05,4.83489234031472E-05,6.00673973687158E-05,6.32169645294879E-05,6.47787425358882E-05,6.49317295792729E-05,6.50804614613608E-05,6.52263771990588E-05,6.57708889706558E-05,6.63736249618663E-05,6.23257220293631E-05,6.13948026225564E-05,5.95682165767606E-05,5.85984913998803E-05,5.67906917341126E-05,5.58513288254018E-05,5.39936956597398E-05,5.01969798874229E-05,4.07192487188313E-05,3.59020901202601E-05,3.39651365421492E-05,3.20316805549414E-05,3.11717369094147E-05,3.12552867680532E-05,3.1363825531365E-05,3.15908256860946E-05,3.18036595093832E-05,3.20035746773929E-05,3.20971610277356E-05,3.21382116859988E-05,3.21381692306088E-05,3.22106132199769E-05
YGR078C,23104.3,YGR078C_translation_Ribosome,5.57328694636491E-06,8.72126714949621E-06,1.3455810312532E-05,2.84858131381415E-05,3.51401227327888E-05,3.87029614139339E-05,4.42598435117964E-05,5.17558247912649E-05,6.41099501852924E-05,6.69760042114032E-05,8.10139361172229E-05,8.2003644869497E-05,8.30029716498764E-05,8.44917466433365E-05,9.1721997294885E-05,9.74889244056583E-05,9.7439278591646E-05,9.78207083838218E-05,0.00010008904364,0.00010087903882,0.000102611885273,0.000110801625533,0.000105252594246,0.000108644918078,0.000117460914586,0.00012182303278,0.000123642927185,0.000125423083204,0.000126253240831,0.000126733546035,0.000130308955003,0.000128718174015,0.000129866775434,0.000134664930282,0.000131602126943,0.000132745088522,0.000132519279524,0.000132731053184
YGR081C,24083.8,YGR081C_translation_Ribosome,1.75556838406602E-06,2.32678937841045E-06,3.54957502830217E-06,6.93537988541982E-06,8.38353409060153E-06,9.11780800828346E-06,9.87091848136805E-06,1.13880405262307E-05,1.37116684198058E-05,1.46125447184322E-05,1.66923376529814E-05,1.69273227909241E-05,1.71626197299169E-05,1.74001309539638E-05,1.83570853820493E-05,1.95707109583614E-05,2.11700830446015E-05,2.12585727564681E-05,2.14439920808556E-05,2.1526650757319E-05,2.17198047239605E-05,2.1810642315517E-05,2.19967680914107E-05,2.23624322703902E-05,2.33201153412147E-05,2.38054310845334E-05,2.40015995426935E-05,2.4201040206401E-05,2.4298311959407E-05,2.43562002621735E-05,2.44338778036277E-05,2.45884800854268E-05,2.47357140420053E-05,2.48781104887033E-05,2.49390962404339E-05,2.49668109066336E-05,2.49718671783336E-05,2.50179657335668E-05
YGR082W,20315.4,YGR082W_translation_Ribosome,9.27071629098895E-06,1.41240661138814E-05,2.53387075127332E-05,5.92598380995059E-05,7.4360614558175E-05,8.21237175306956E-05,9.00583472007847E-05,0.000106245258869,0.000131541025213,0.000139398783779,0.000142890259132,0.00014324815204,0.000143599785963,0.000143946267245,0.000145389903674,0.000147203832419,0.00013680476521,0.000134835242805,0.00013097174269,0.000128920200088,0.000125098669953,0.00012311160992,0.000119186945232,0.000111163327444,9.11528648261441E-05,8.09875985339277E-05,7.69027572512304E-05,7.28242579514258E-05,7.10128016476179E-05,7.12060619062183E-05,7.14593163171547E-05,7.19814756885708E-05,7.24748330916985E-05,7.29422615349663E-05,7.31544662489439E-05,7.32481586562279E-05,7.32565344448399E-05,7.34234088417855E-05
YGR083C,70873.3,YGR083C_translation_Ribosome,0.001379797698746,0.001197630623495,0.001098580543671,0.001161930325523,0.001184307197155,0.001197264261918,0.00119941476587,0.001239219309086,0.001303461551282,0.001328442739858,0.001337852937953,0.001341469529743,0.001348627695497,0.001346965051402,0.001351051119124,0.001366193866165,0.001363860682077,0.001363042558433,0.001357057964935,0.001359560372366,0.001349500775349,0.001347937518736,0.001344485819878,0.001336922464482,0.001311111812161,0.001301344391422,0.001297159556863,0.001292292575806,0.00129655681037,0.001298116870554,0.001307234131491,0.001304198973146,0.001307833628656,0.001314284166481,0.001312752880225,0.001315186036127,0.00131692895888,0.001316416625801
YGR084C,38999.5,YGR084C_translation_Ribosome,6.98955248877537E-06,1.13284190135314E-05,2.18451882264508E-05,5.49454586136605E-05,6.98614740275829E-05,7.75258606655836E-05,8.53669171989479E-05,0.000101330802456,0.000125890653781,0.000132491590168,0.000135764800976,0.000136085434794,0.000136397150545,0.000136702964154,0.000137844164638,0.0001391073928,0.000130623703329,0.000128672660702,0.000124844459023,0.000122812086357,0.000119023257611,0.000117054518896,0.000113161247938,0.000105204002382,8.5340352124873E-05,7.5244438669247E-05,7.11849261387748E-05,6.71327439409742E-05,6.5330453971836E-05,6.55055597161837E-05,6.57330377903543E-05,6.62087900143403E-05,6.66548521101551E-05,6.70738389866288E-05,6.72699794446091E-05,6.73560143725943E-05,6.73559253935968E-05,6.75077551978423E-05
YGR085C,19762,YGR085C_translation_Ribosome,0.001119526842597,0.00120419308678,0.00136091738852,0.001699700887197,0.00182003490039,0.001877114089531,0.001933841428734,0.002041597214762,0.002193935214025,0.002249794606088,0.002373712206404,0.002387230067131,0.00240066948238,0.002414159850919,0.002467624003007,0.002533483720624,0.002618207389213,0.002622922093789,0.002632751917768,0.002637103417572,0.002647308110471,0.002652082511641,0.002661834586919,0.00268087817753,0.002730079726005,0.002754631583999,0.002764482106827,0.002774473570872,0.002779316854374,0.002782212831457,0.002786105379151,0.002793804576343,0.002801118086772,0.002808178088513,0.002811197080561,0.002812502371003,0.002812730512204,0.002814914762636
YGR087C,61571.8,YGR087C_translation_Ribosome,0,0,0,0,0,0,0,0,0,0,0,0,0,0,0,0,0,0,0,0,0,0,0,0,0,0,0,0,0,0,0,0,0,0,0,0,0,0
YGR088W,64575.9,YGR088W_translation_Ribosome,0,0,0,0,0,0,0,0,0,0,0,0,0,0,0,0,0,0,0,0,0,0,0,0,0,0,0,0,0,0,0,0,0,0,0,0,0,0
YGR090W,140495.8,YGR090W_translation_Ribosome,1.0241323403037E-05,1.35736111058587E-05,2.07068811093489E-05,4.04583888466922E-05,4.89063739478959E-05,5.31898508694721E-05,5.75832131463718E-05,6.64335305958859E-05,7.99886987923564E-05,8.52440711288045E-05,9.73767981973667E-05,9.87476128089882E-05,0.00010012024635,0.000101505797195,0.000107088308175,0.000114168141766,0.000123498274916,0.000124014490499,0.00012509615686,0.000125578356384,0.000126705143729,0.000127235055956,0.000128320843489,0.000130453990308,0.000136040751914,0.000138871900803,0.000140016273554,0.000141179735118,0.000141747181815,0.000142084880326,0.000142538021787,0.000143439913153,0.000144298820489,0.000145129507619,0.000145485275479,0.000145646952382,0.000145676448763,0.000145945370336
YGR094W,125764.8,YGR094W_translation_Ribosome,3.44257201673094E-05,4.24731929968101E-05,5.75210782981815E-05,9.01385309739903E-05,0.000101844702935,0.000106863742525,0.000112934218422,0.000123434015857,0.000138524991901,0.000144214795316,0.000156867551138,0.000158163760172,0.000159436031601,0.00016080997064,0.00016651495676,0.000173007805356,0.000181710216591,0.000182151862894,0.000183293580395,0.000183721024456,0.000184875593208,0.00018539429196,0.000186446066279,0.00018849822612,0.000193889960839,0.000196547158703,0.000197638191742,0.000198746794034,0.000199276289499,0.000199696319317,0.000200221898564,0.000201400576627,0.000202439194565,0.000203500291432,0.000203910544825,0.000204088617028,0.00020410971267,0.000204298932554
YGR096W,35154.3,YGR096W_translation_Ribosome,0,0,0,0,0,0,0,0,0,0,0,0,0,0,0,0,0,0,0,0,0,0,0,0,0,0,0,0,0,0,0,0,0,0,0,0,0,0
YGR103W,69865.8,YGR103W_translation_Ribosome,5.09280884276897E-06,6.74989002375659E-06,1.02971249973988E-05,2.01191615940493E-05,2.43201785460413E-05,2.64502674306019E-05,2.86350001426504E-05,3.30360890639154E-05,3.97768077913149E-05,4.2390201163813E-05,4.84235678753214E-05,4.91052470393436E-05,4.97878307213324E-05,5.04768379243908E-05,5.32529109146057E-05,5.67735730106828E-05,6.14132648492979E-05,6.16699687129461E-05,6.22078601351383E-05,6.24476484807503E-05,6.30079776813991E-05,6.3271492616923E-05,6.381143341669E-05,6.48722054043227E-05,6.76503921476775E-05,6.90582668460042E-05,6.96273409233556E-05,7.02059074918565E-05,7.04880875814257E-05,7.06560184139114E-05,7.08813567565205E-05,7.13298496064744E-05,7.17569673438549E-05,7.21700517269555E-05,7.23469680912027E-05,7.24273668374875E-05,7.2442034807963E-05,7.25757642211042E-05
YGR110W,52063.3,YGR110W_translation_Ribosome,0,0,0,0,0,0,0,0,0,0,0,0,0,0,0,0,0,0,0,0,0,0,0,0,0,0,0,0,0,0,0,0,0,0,0,0,0,0
YGR118W,16061.2,YGR118W_translation_Ribosome,0.000909874735569,0.000978685659619,0.001106060437228,0.001381400459946,0.00147919970358,0.00152558975887,0.001571693854629,0.00165927037677,0.001783080268166,0.001828478955941,0.00192919069373,0.001940177085022,0.001951099721203,0.001962063768727,0.002005515769512,0.002059042036924,0.002127899631598,0.002131731420543,0.002139720428178,0.002143257029163,0.00215155070458,0.002155431010828,0.002163356829644,0.0021788341557,0.002218821804236,0.002238775872731,0.002246781702974,0.002254902080584,0.002258838369672,0.002261192021486,0.002264355617631,0.002270612997751,0.002276556918088,0.002282294803928,0.002284748433879,0.002285809284544,0.002285994702085,0.002287769911226
YGR119C,57512.4,YGR119C_translation_Ribosome,0,0,0,0,0,0,0,0,0,0,0,0,0,0,0,0,0,0,0,0,0,0,0,0,0,0,0,0,0,0,0,0,0,0,0,0,0,0
YGR121C,54192.5,YGR121C_translation_Ribosome,0.000198387604263,0,0,0,0,0,0,0,0,0,0,0,0,0,0,0,0,0,0,0,0,0,0,0,0,0,0,0,0,0,0,0,0,0,0,0,0,0
YGR124W,64574.7,YGR124W_translation_Ribosome,0,0,8.87127436603111E-05,0.000181733391362,0,0,0.000244598378863,0.000272939802486,0.000311443873312,0.000326689117344,0.00035796900606,0.000361264143338,0.000364301805424,0.000367975025599,0.000381585526423,0.000397687927776,0,0,0,0,0,0,0,0,0,0,0,0,0,0,0,0,0,0,0,0,0,0
YGR128C,80168.5,YGR128C_translation_Ribosome,5.84381551075812E-06,7.74525674034406E-06,1.1815581663045E-05,2.30860164236656E-05,2.79065327208492E-05,3.0350733327468E-05,3.28576357665134E-05,3.7907727473535E-05,4.56424604802067E-05,4.8641235654657E-05,5.55643075898752E-05,5.63465099844791E-05,5.71297502810121E-05,5.79203613376147E-05,6.11058055394422E-05,6.51456390380834E-05,7.04695190360797E-05,7.07640775138024E-05,7.13812886311162E-05,7.165643715851E-05,7.22993948219479E-05,7.26017687603919E-05,7.32213314649787E-05,7.4438529279797E-05,7.762639893755E-05,7.92418846652281E-05,7.98948767610768E-05,8.05587611501035E-05,8.08825526834521E-05,8.10752472914596E-05,8.1333814958608E-05,8.18484444202549E-05,8.23385467067697E-05,8.2812546222507E-05,8.30155514059752E-05,8.31078060841087E-05,8.31246370542122E-05,8.32780867600399E-05
YGR135W,28706.5,YGR135W_translation_Ribosome,0.000204934963686,0.000206207084362,0.000208661854326,0.000214910083238,0.000217315494324,0.000218096270287,0.000220045778796,0.000222824553306,0.000227227635126,0.000230453827538,0.000233318786751,0.000233627526377,0.000233940051606,0.000234255260226,0.000235586369673,0.000237115606723,0.000236814981134,0.000236769608204,0.000236704832969,0.000236632805705,0.000236588673748,0.000236556707749,0.000236466101917,0.000236255647274,0.00023579485829,0.000235534260394,0.000235424802827,0.000235325773957,0.000235294787825,0.00023539091816,0.000235516401104,0.000235773501259,0.000236017639284,0.000236255124419,0.000236352797891,0.000236410009941,0.000236411317802,0.00023647474387
YGR138C,67588.1,YGR138C_translation_Ribosome,0,0,0,0,0,0,0,0,0,0,0,0,0,0,0,0,0,0,0,0,0,0,0,0,0,0,0,0,0,0,0,0,0,0,0,0,0,0
YGR143W,86200.7,YGR143W_translation_Ribosome,0,0,0,0,0,0,0,0,0,0,0,0,0,0,0,0,0,0,0,0,0,0,0,0,0,0,0,0,0,0,0,0,0,0,0,0,0,0
YGR148C,17581,YGR148C_translation_Ribosome,0.000995972139444,0.001071294335527,0.001210722022446,0.001512116248245,0.001619169799805,0.001669949539928,0.001720416261439,0.00181627976079,0.001951805232151,0,0,0,0,0,0,0,0,0,0,0,0,0,0,0,0,0,0,0,0,0,0,0,0,0,0,0,0,0
YGR155W,56019.3,YGR155W_translation_Ribosome,8.57920653085114E-07,2.169351216668E-06,4.53255413688452E-06,9.53178609407822E-06,1.12700635183013E-05,1.2114541772772E-05,1.28232753030817E-05,1.42837631440218E-05,1.62438983753431E-05,1.72357819122688E-05,1.895252761851E-05,1.91230675989768E-05,1.92625876341755E-05,1.94786921450675E-05,2.02571904657541E-05,2.10798673235591E-05,0,0,0,0,0,0,0,0,0,0,0,0,0,0,0,0,0,0,0,0,0,0
YGR157W,101210.2,YGR157W_translation_Ribosome,0,0,0,5.11703649761473E-08,0,0,0,0,0,4.31001963831658E-07,7.21651219297076E-09,0,6.19487106028305E-07,7.14128988067233E-07,1.25819236727603E-06,7.12641417545623E-07,1.31336036329941E-06,0,0,0,0,1.28204226422271E-06,0,5.86686215001965E-07,0,1.35378000207081E-06,0,0,0,0,1.36220463840119E-06,0,0,7.85424775587786E-07,7.98699307354162E-08,0,0,0
YGR159C,44513.6,YGR159C_translation_Ribosome,3.24478150545018E-06,4.30055770579441E-06,6.56060766904855E-06,1.28185222459755E-05,1.54951163477275E-05,1.68522599655174E-05,1.82442188073404E-05,2.10482847710254E-05,2.53429991683982E-05,2.70080705942751E-05,3.08521097729491E-05,3.12864280464909E-05,3.17213226156016E-05,3.21603098029531E-05,3.39290293002927E-05,3.61721488849814E-05,3.91282359351171E-05,3.92917896782202E-05,3.96344964619527E-05,3.97872728203603E-05,4.01442753867948E-05,4.03121686683995E-05,4.06561811721496E-05,4.13320308718409E-05,4.31020971048046E-05,4.39990963686996E-05,4.43616705587839E-05,4.47302927001409E-05,4.49100781121028E-05,4.50170718902451E-05,4.51606417176509E-05,4.54463899854115E-05,4.57185195268274E-05,4.59817079966594E-05,4.60944267270189E-05,4.61456511835145E-05,4.6154996588141E-05,4.62401996145832E-05
YGR162W,107088.7,YGR162W_translation_Ribosome,0.004169715303837,0.003619210804359,0.0033198838566,0.003511325366558,0.003578947731909,0.003618103668524,0.003624602439503,0.003744890807254,0.003939029310807,0.004014521859029,0.004042959250285,0.004053888503281,0.004075520307219,0.00407049583694,0.004082843834858,0.004128604850503,0.004121554024569,0.004119081674686,0.004100996377748,0.004108558592535,0.004078158733432,0.004073434609723,0.004063003659183,0.004040147381939,0.003962148214319,0.003932631304868,0.003919984835954,0.003905276936808,0.003918163350619,0.003922877814795,0.003950429957036,0.00394125778186,0.003952241622984,0.003971734992416,0.003967107482354,0.001987230210347,0.001989863745568,0.001989089616477
YGR165W,39597.8,YGR165W_translation_Ribosome,7.09678076744648E-06,1.15022108081902E-05,2.21803201157285E-05,5.57883891099118E-05,7.0933234432478E-05,7.87152021298643E-05,8.66765500547571E-05,0.000102885340825,0.000127821970289,0.000134524173109,0.000137847598972,0.000138173151704,0.000138489649555,0.00013880015472,0.000139958862613,0.00014124147024,0.000132627630602,0.000130646656597,0.000126759725624,0.000124696173878,0.000120849219868,0.000118850278295,0.000114897279801,0.000106817960372,8.66495774399748E-05,7.63987803314686E-05,7.22769899167419E-05,6.81626422909501E-05,6.63327029907042E-05,6.6510495071206E-05,6.67414629370861E-05,6.72245137817112E-05,6.76774190153079E-05,6.81028336626041E-05,6.8301983154957E-05,6.83893379638999E-05,6.83892476198558E-05,6.85434066788836E-05
YGR169C,46821.4,YGR169C_translation_Ribosome,0,0,0,0,0,0,0,0,0,0,0,0,0,0,0,0,0,0,0,0,0,0,0,0,0,0,0,0,0,0,0,0,0,0,0,0,0,0
YGR170W,130069.4,YGR170W_translation_Ribosome,0,0,0,0,0,0,0,0,0,0,0,0,0,0,0,0,0,0,0,0,0,0,0,0,0,0,0,0,0,0,0,0,0,5.16158937545637E-07,0,0,1.08752495739977E-06,1.08798771193322E-06
YGR171C,66745.1,YGR171C_translation_Ribosome,5.48001381426945E-08,8.88807784816556E-08,1.71617189474526E-07,4.32878221094351E-07,5.50946676149584E-07,6.11684389390877E-07,6.73869337663123E-07,8.00610314127807E-07,9.95934412133655E-07,1.04864680013265E-06,1.07565978240467E-06,1.07832117688227E-06,1.08091186199923E-06,1.08345655895481E-06,1.09298585295465E-06,1.10360524717944E-06,1.03701915981698E-06,1.02156820300391E-06,9.9125281262195E-07,9.7515025371657E-07,9.45143009577326E-07,9.29545158643387E-07,8.98698484050147E-07,8.35632270562323E-07,6.78127278632975E-07,5.9802551665682E-07,5.65808356164915E-07,5.33645004262477E-07,5.19339837283957E-07,5.20743359622844E-07,5.22567167655655E-07,5.26380382692546E-07,5.29956364121639E-07,5.33317329565466E-07,5.34888248088584E-07,5.35578328556694E-07,5.35580622432261E-07,5.36797569467638E-07
YGR175C,55120.4,YGR175C_translation_Ribosome,1.90847002175204E-05,2.81568054317483E-05,4.3467215682884E-05,7.08057850776027E-05,7.88438219294535E-05,8.23966915614941E-05,8.57198724622234E-05,9.16419498035105E-05,9.90871057784147E-05,0.000101544079032,0.000106468521077,0.000106969477792,0.000107461031065,0.000107946596798,0.00010980494278,0.000111953774682,0.000114451466074,0.000114577732405,0.000114839750189,0.000114955777747,0.000115222215756,0.000115346261841,0.000115597557643,0.000116080306791,0.000117277905585,0.00011785032206,0.000118075307077,0.00011830033004,0.000118408878659,0.000118472791616,0.000118557943086,0.000118726394874,0.000118884578713,0.00011903593149,0.000119100031977,0.000119130208292,0.000119135845513,0.000119185643339
YGR177C,61883.4,YGR177C_translation_Ribosome,0,0,0,0,0,0,0,0,0,0,0,0,0,0,0,0,0,0,0,0,0,0,0,0,0,0,0,0,0,0,0,0,0,0,0,0,0,0
YGR180C,40041.8,YGR180C_translation_Ribosome,0,0,0,0,0,0,0,0,0,0,0,0,0,0,0,0,9.56571827945299E-06,9.58334639829907E-06,9.62012810412538E-06,9.63649592497624E-06,9.6743103234467E-06,9.69201766590843E-06,9.7280951097878E-06,9.79818951036608E-06,9.97692891685979E-06,1.00650292476199E-05,1.01001816711124E-05,1.01356288169075E-05,1.01528505763475E-05,1.01630231276246E-05,7.33744233386671E-06,9.89904255768573E-06,1.0229186161359E-05,1.02537777661988E-05,1.02642529319816E-05,3.17154057882989E-06,3.17182618311298E-06,3.17434618217327E-06
YGR183C,7475.4,YGR183C_translation_Ribosome,0.000119041911343,0.000156515553784,0.000223358430881,0.000358155621276,0.000402989754856,0.000423883788147,0.000443959216549,0.00048178761886,0.000533522928293,0.000540066397097,0.000510761266871,0.000507695425212,0.000504668071176,0.000501659669046,0.000489946637397,0.000475976292184,0.000426908526417,0.000419550693763,0.000405090495785,0.000397640236377,0.000383456850287,0.000376239987833,0.000362014408138,0.000333514502391,0.000264466582197,0.000230669185357,0.000217303888862,0.000204075411752,0.000198192584788,0.000198452012898,0.000198777086825,0.000199491282415,0.000200146972834,0.000200768720754,0.000201046320631,0.000201175224285,0.000201203331442,0.000201437776124
YGR185C,44024.4,YGR185C_translation_Ribosome,0.000102826642872,0.000127328234679,0.000173350888023,0.000276951496049,0.000313499606288,0.000331277805817,0.000348496472049,0.00038295784369,0.000433094393933,0.000450665412502,0.00049143236593,0.000495675204745,0.000500086127447,0.000504297448678,0.00052247188108,0.000543384127678,0.000569737355955,0.000571139203555,0.000574618926927,0.00057666710843,0.000579510368428,0.000581398040414,0.000584405058242,0.000591223610231,0.000607309233225,0.000615587550595,0.00061904414392,0.000622142140644,0.00062375227513,0.000624403734648,0.000624903464157,0.000626995130931,0.000628664353967,0.000630172561217,0.000630907733887,0.000631525466039,0.000631638678529,0.000632221834251
YGR191W,66006.9,YGR191W_translation_Ribosome,0,0,0,0,0,0,0,0,0,0,0,0,0,0,0,0,0,0,0,0,0,0,0,0,0,0,0,0,0,0,0,0,0,0,0,0,0,0
YGR192C,35745,YGR192C_translation_Ribosome,0,0.001865405601986,0.002823325158574,0,0.000503702254089,0,0.0060869465359,0.006664407255621,0.007464139851646,0.008178324822878,0.012054671869316,0.01246237023908,0.012865958441247,0.013264678596389,0.01481858977858,0.016673788646241,0.020632378703489,0.021050999138865,0.021879454296153,0.022296919067374,0.023113040765324,0.023522130530936,0.024333689991264,0.025944529363819,0.029854190896967,0.031757005971171,0.032507989903085,0.033252089186587,0.033623842143648,0.034022929008701,0.03462674113331,0.035611143255255,0.036595839224711,0.037579545360014,0.037968670509536,0.037968354457906,0.03793532027829,0.037763711363287
YGR193C,45356.1,YGR193C_translation_Ribosome,2.67808351990047E-05,3.52199188394115E-05,5.02769351453339E-05,8.06560874579289E-05,9.07732236217515E-05,9.54814914581985E-05,0.000100013907855,0.000108555862213,0.000120256007905,0.000120748540604,0.000113805265586,0.000113077351197,0.000112359654312,0.000111644387005,0.000108851407759,0.000105510833601,9.53797226710045E-05,9.36871869060551E-05,9.03620265363957E-05,8.86494845677458E-05,8.53859539888286E-05,8.37270780459148E-05,8.04540833350624E-05,7.38989955828168E-05,5.80120792345575E-05,5.02356119347988E-05,4.71604038702302E-05,4.41157022085686E-05,4.27609011042894E-05,4.28150249432063E-05,4.28799520762805E-05,4.30316916036734E-05,4.3168473184034E-05,4.32968543196446E-05,4.33556577131156E-05,4.33808881892672E-05,4.33871687179571E-05,4.34398647332357E-05
YGR194C,68316.7,YGR194C_translation_Ribosome,0,0,0,0,0,0,0,0,0,0,0,0,0,0,0,0,0,0,0,0,0,0,0,0,0,0,0,0,0,0,0,0,0,0,0,0,0,0
YGR202C,49412.8,YGR202C_translation_Ribosome,9.41472660739425E-08,9.21687573995572E-08,8.87079165301406E-08,8.20022252844991E-08,7.98459937217974E-08,7.88560583595605E-08,7.79060718381428E-08,7.61462720695329E-08,7.3782848743135E-08,7.29562208553593E-08,7.12088357271676E-08,7.10232253257412E-08,7.08395446327799E-08,7.06563866384471E-08,6.9939562975977E-08,6.90754483874151E-08,6.80137103559401E-08,6.79581087334483E-08,6.78421146847516E-08,6.77906291955112E-08,6.76714241451544E-08,6.76156075148947E-08,6.75018623426662E-08,6.72809068659655E-08,6.67174062339973E-08,6.64397351328545E-08,6.63288291934963E-08,6.62171783047677E-08,6.61628108265574E-08,6.61307226934764E-08,6.6087909867294E-08,6.60028297501014E-08,6.59221503429843E-08,6.584474379086E-08,6.5811634492743E-08,6.57960881795536E-08,6.57931548728286E-08,6.57674776729154E-08
YGR204W,102199.2,YGR204W_translation_Ribosome,1.21869322343993E-05,1.53247095497486E-05,2.1144728728137E-05,3.32328895851775E-05,3.73943741102537E-05,3.91726233519994E-05,4.13636195613332E-05,4.49564699700352E-05,4.99249347542098E-05,5.1920123051731E-05,5.71292403078212E-05,5.77058082602924E-05,5.82895785070369E-05,5.88530404928529E-05,6.1193489946656E-05,6.41893220513281E-05,6.76772556557278E-05,6.78927411903467E-05,6.83171339283909E-05,6.85178792391769E-05,6.8962176515576E-05,6.91791424091817E-05,6.96007496416799E-05,7.04554031589019E-05,7.26352814195981E-05,7.37256156544733E-05,7.41783093462581E-05,7.46201120872851E-05,7.48363392916631E-05,7.49793940391234E-05,7.51783560733262E-05,7.55507927438081E-05,7.59188968522423E-05,7.6265686601246E-05,7.64193664070315E-05,7.64727886701179E-05,7.64878353734584E-05,7.65853426947435E-05
YGR208W,34197.6,YGR208W_translation_Ribosome,7.43664825925706E-07,1.15189607685745E-06,1.90154289529316E-06,3.49704107723636E-06,4.05507759749665E-06,4.32101703355115E-06,4.58051684435641E-06,5.07064026076568E-06,5.75181329734393E-06,6.00650681576319E-06,6.55543493653377E-06,6.61534974066184E-06,6.67411902225195E-06,6.73447392762682E-06,6.97669284816943E-06,7.28034627351309E-06,7.69398047267058E-06,7.71584729315136E-06,7.76088216063135E-06,7.78048109567411E-06,7.82799871788944E-06,7.84914745155863E-06,7.89572799681263E-06,7.98260966387332E-06,8.21060215244201E-06,8.32471536180496E-06,8.36927993181656E-06,8.4159180527562E-06,8.43861038028101E-06,8.44919505690071E-06,8.46248936180264E-06,8.49158364872891E-06,8.51806907743978E-06,8.54319238656828E-06,8.55472433319808E-06,8.56089242416637E-06,8.56209946137569E-06,8.57233270235494E-06
YGR209C,11201,YGR209C_translation_Ribosome,1.95520076951784E-08,7.28818158738498E-06,4.60024431146091E-08,7.86106441585974E-08,8.90956685561588E-08,9.39101217141336E-08,4.42312134966218E-05,1.07086518239196E-07,1.18579696176084E-07,1.22599746782295E-07,1.31096297759247E-07,7.90163832291546E-06,1.32892539619887E-07,1.33783109441965E-07,1.37268760744146E-07,1.41470948454082E-07,1.46633793706181E-07,1.46904016795214E-07,1.47467847017548E-07,1.47718750880273E-07,1.48298411345119E-07,1.48569848860399E-07,1.49122883385219E-07,1.50197367033397E-07,1.52937280177794E-07,8.6067486525933E-05,1.54826633221893E-07,1.55370005848197E-07,1.5563399981574E-07,1.55789935809448E-07,1.55998239367316E-07,1.01523251122691E-05,1.56804155166128E-07,1.57181122185818E-07,1.57341696985697E-07,4.41997699837459E-07,4.4203750271354E-07,4.42388699162299E-07
YGR214W,28006.5,YGR214W_translation_Ribosome,0.001586581748668,0.001706569865646,0.001928677909199,0.002408798345172,0.002579334451866,0.002660226482565,0.002740619875206,0.002893330249734,0.003109222071227,0.003188385418248,0.003364000147184,0.003383157518222,0.003402203717148,0.003421322126544,0.003497090964488,0.003590426668438,0.003710496166683,0.003717177796767,0.003731108520645,0.003737275420718,0.003751737404914,0.003758503636387,0.003772324175618,0.003799312553334,0.003869040473958,0.00390383511068,0.003917795168751,0.003931954967242,0.003938818818035,0.003942922966512,0.003948439444449,0.003959350666297,0.003969715296891,0.003979720657622,0.003983999141622,0.003985848985604,0.003986172304931,0.00398926780183
YGR215W,12408.9,YGR215W_translation_Ribosome,2.22394281665059E-06,3.60448771643252E-06,6.95072388577304E-06,1.74826010946564E-05,2.22285938296869E-05,2.46672560523381E-05,2.7162131279376E-05,3.2241536291383E-05,4.0056014402718E-05,4.21563069587581E-05,4.31977804545084E-05,4.32998000438645E-05,4.33989820739179E-05,4.34962861547813E-05,4.38593944684586E-05,4.42613296712903E-05,4.15619808519988E-05,4.09411961534722E-05,3.97231351059944E-05,3.90764727341696E-05,3.78709394062526E-05,3.72445241485758E-05,3.60057592927927E-05,3.34739149259489E-05,2.71536787774801E-05,2.39413509148276E-05,2.26496911489491E-05,2.13603637556675E-05,2.07869093268149E-05,2.08426246480635E-05,2.0915003849709E-05,2.10663791691931E-05,2.12083076539367E-05,2.13416213182522E-05,2.1404029485768E-05,2.14314041653889E-05,2.14313758539623E-05,2.14796852132593E-05
YGR220C,29814,YGR220C_translation_Ribosome,5.34331255273398E-06,8.66025165628856E-06,1.67000203023989E-05,4.20042283390216E-05,5.34070946206582E-05,5.92662985393071E-05,6.52605615294922E-05,7.74644942735692E-05,9.6239796710638E-05,0.000101286023392,0.000103788299243,0.000104033414606,0.000104271712364,0.000104505498104,0.000105377913166,0.000106343614891,9.98580774380882E-05,9.83665612680914E-05,9.54400108027397E-05,9.38863201489682E-05,9.09898691631019E-05,8.94848248406901E-05,8.65085307767266E-05,8.04254446084859E-05,6.52402532917336E-05,5.75222168100855E-05,5.44188358287012E-05,5.13210586765524E-05,4.99432596499011E-05,5.0077122972815E-05,5.02510234408549E-05,5.06147223807367E-05,5.09557240685692E-05,5.12760275272081E-05,5.14259712858261E-05,5.14917425224561E-05,5.14916745005627E-05,5.16077440343715E-05
YGR240C,107957.4,YGR240C_translation_Ribosome,0.000120899107543,0.000167657243748,0.000251831386827,0.000424781342246,0.000483326303011,0.000510872983117,0.000537438373745,0.000587781793025,0.000657416148389,0.000719737422833,0.00108324061728,0.001121455652108,0.001159292847883,0.001196643158324,0.001342210284914,0.001515921266659,0.001892919929411,0.001932584200725,0.002011049219309,0.002050626788485,0.002127897653203,0.00216666038261,0.002243512244114,0.002396102959475,0.002766308941188,0.002946469001534,0.003017572806035,0.003088004551902,0.003123198464567,0.003161080192362,0.003218419750908,0.00331183392472,0.003405296494707,0.003498676395243,0.003535604340714,0.003535513196322,0.003532362462025,0.003515939085307
YGR243W,16242.1,YGR243W_translation_Ribosome,5.5442060984905E-05,7.42707710725038E-05,0.000108093423485,0.000177340074746,0.000200677431791,0.000211659521749,0,0.000242180785582,0.000269767677976,0,0,0,0,0,0,0,0.000235112412269,0.000231976391473,0.000225824516145,0.000153475839493,0.00021661731141,0.000213538382201,0,0.00019536590591,0.000166042491886,0.000151704835554,0.000146039830456,0.000140433247416,0.000133131365852,0.00011761388465,0.000138364494234,0.00013887302749,0.000139337574782,0.000139775841382,0.000139975669532,0.000140076041408,0.000140091782365,2.93135368303228E-05
YGR244C,46901.2,YGR244C_translation_Ribosome,5.85089941719736E-05,7.43642065990237E-05,0.000102355614594,0.00015766225465,0.000175662514545,0.00018399700031,0.000191922694482,0.000206797643062,0.000226846321214,0.000224748905549,0.000200171452307,0.000197570792244,0.000194992650337,0.00019243069482,0.000182349807273,0.000170185464233,0.000140082474711,0.000135605149754,0.000126764696051,0.000122252948932,0.000113552647663,0.000109145045168,0.000100451303492,8.30541269457099E-05,4.07345727829198E-05,1.99918032206687E-05,1.17807128449777E-05,3.64204652971259E-06,0,0,0,0,0,0,0,0,0,0
YGR245C,86615.5,YGR245C_translation_Ribosome,6.3137641638807E-06,8.36811572117816E-06,1.27657685192497E-05,2.49425504474203E-05,3.01507235994526E-05,3.27914822221359E-05,3.54999850406885E-05,4.09561956252639E-05,4.93129413138994E-05,5.2552872348191E-05,6.00326847084683E-05,6.08777903485864E-05,6.17240173567549E-05,6.25782078676559E-05,6.60198195014446E-05,7.03845288124776E-05,7.61365452274841E-05,7.64547915440199E-05,7.71216376186213E-05,7.74189130731263E-05,7.81135761826706E-05,7.84402664645805E-05,7.91096532366811E-05,8.04247358106271E-05,8.38689679509454E-05,8.56143680026577E-05,8.63198724947959E-05,8.70371452178448E-05,8.73869754573622E-05,8.75951662033519E-05,8.78745273960136E-05,8.84305423911211E-05,8.89600577817998E-05,8.94721754471589E-05,8.9691505925697E-05,8.9791179551546E-05,8.98093640366119E-05,8.99751538791949E-05
YGR247W,26731.9,YGR247W_translation_Ribosome,0,0,0,0,0,0,0,0,0,0,0,0,0,0,0,0,0,0,0,0,0,0,0,0,0,0,0,0,0,0,0,0,0,0,0,0,0,0
YGR248W,28439.9,YGR248W_translation_Ribosome,0,0,0,0,0,0,0,0,0,0,0,0,0,0,0,0,0,0,0,0,0,0,0,0,0,0,0,0,0,0,0,0,0,0,0,0,0,0
YGR251W,22333.8,YGR251W_translation_Ribosome,1.62800360308812E-06,2.15771799381922E-06,3.29165242889806E-06,6.43143471067644E-06,7.77436175656153E-06,8.45528116391106E-06,9.15366840694482E-06,1.05605518856962E-05,1.27153381175005E-05,1.35507540850082E-05,1.5479423125676E-05,1.56973335498526E-05,1.59155331186946E-05,1.61357860761025E-05,1.7023205370648E-05,1.81486453301327E-05,1.96318023194646E-05,1.97138621076578E-05,1.98858083166034E-05,1.99624607696381E-05,2.01415795989001E-05,2.02258166629142E-05,2.03984179905143E-05,2.07375119308598E-05,2.1625606922812E-05,2.20756581916372E-05,2.22575724705656E-05,2.24425211869273E-05,2.25327248872273E-05,2.25864068550366E-05,2.26584401170355E-05,2.28018085406748E-05,2.29383440433544E-05,2.3070393543901E-05,2.31269478908894E-05,2.31526487276332E-05,2.31573375957061E-05,2.32000864938396E-05
YGR253C,28596.3,YGR253C_translation_Ribosome,0.000204148248726,0.000205415485919,0.000207860832385,0.000214085075272,0.000216481252341,0.000217259031021,0.000219201055656,0.000221969162862,0.000226355341904,0.000229569149441,0.0002324231105,0.00023273066492,0.000233041990411,0.000233355988992,0.000234681988507,0.000236205355043,0.000235905883511,0.000235860684761,0.000235796158188,0.000235724407426,0.000235680444885,0.000235648601599,0.00023555834359,0.00023534869685,0.000234889676767,0.000234630079268,0.000234521041892,0.000234422393179,0.000234391525999,0.000234487287304,0.000234612288537,0.000234868401723,0.000235111602538,0.000235348176002,0.000235445474521,0.000235502466942,0.000235503769783,0.000235566952367
YGR254W,46811.5,YGR254W_translation_Ribosome,0.000163780459542,0.000227958286386,0.00034350570482,0.00058107473911,0.000661594754393,0.000699447496948,0.000735978845099,0.000805268339536,0.000901205309733,0.000990263988007,0.001481619712528,0.001533277633019,0.00158441995187,0.001634923437895,0.001831681030246,0.002066449447083,0.002569636312188,0.002623057609089,0.002728762189225,0.002782057134779,0.002886157882895,0.002938365052792,0.003041890288551,0.003247427689423,0.003746122797008,0.003988805364414,0.004084589403089,0.004179471587338,0.004226880668286,0.004277907439081,0.004355136169466,0.004480972077481,0.004606870598029,0.004732655343904,0.004782396827706,0.004782297308436,0.004778053661456,0.004755970459608
YGR255C,53526,YGR255C_translation_Ribosome,0,0,0,0,0,0,0,0,0,0,0,0,0,0,0,0,0,0,0,0,0,0,0,0,0,0,0,0,0,0,0,0,0,0,0,0,0,0
YGR256W,53922.4,YGR256W_translation_Ribosome,8.10701266782855E-05,0.00013572127381,0.000236066628968,0,0,0,0,0,0,0.000831129019114,0.000909428651206,0.000917921022039,0.000926281433852,0.000934854839204,0.000968552282776,0.001009796630964,0.001016268401488,0.001018810623903,0.001024247961858,0.0010265150886,0.001032210625651,0.001034757497457,0.001040169423211,0.001050496264367,0.001077450093608,0.001090847424403,0.001096154903457,0.001101645116631,0.001104305810105,0.001105895329098,0.001107976346818,0,0.001116258027621,0.00112012501466,0.001121778212702,0.001122586947219,0.001122717655352,0.001123963261352
YGR260W,60133.4,YGR260W_translation_Ribosome,0,0,0,0,0,0,0,0,0,0,0,0,0,0,0,0,0,0,0,0,0,0,0,0,0,0,0,0,0,0,0,0,0,0,0,0,0,0
YGR262C,29940.7,YGR262C_translation_Ribosome,0,0,0,0,0,0,0,0,0,0,0,0,0,0,0,0,0,0,0,0,0,0,0,0,0,0,0,0,0,0,0,0,0,0,0,0,0,0
YGR264C,85668.8,YGR264C_translation_Ribosome,1.08976880289263E-05,1.35589172637037E-05,1.85053364398396E-05,2.97551751734822E-05,3.39326005962372E-05,3.59150103932462E-05,3.78365586374595E-05,4.16236064118782E-05,4.68025843131044E-05,4.91678737885222E-05,5.36534288255705E-05,5.41447273088027E-05,5.45667210190368E-05,5.51254707085778E-05,5.71167208024098E-05,5.95107879435974E-05,6.26437399561635E-05,6.28062724302877E-05,6.31495773276349E-05,6.32634357893745E-05,6.36502843869864E-05,6.37467334978054E-05,6.41535956869554E-05,6.47773746829341E-05,6.65090339379291E-05,6.73519171772641E-05,6.76632583183415E-05,6.80299011492549E-05,6.82016851762876E-05,6.83435941299433E-05,6.85529107606794E-05,6.89159332152333E-05,6.92666432555713E-05,6.96279808020173E-05,6.97656966636363E-05,6.98603851712394E-05,6.9869173686916E-05,6.99311355893951E-05
YGR267C,27768.4,YGR267C_translation_Ribosome,0,0,0,0,0,0,0,0,0,0,0,0,0,0,0,0,0,0,0,0,0,0,0,0,0,0,0,0,0,0,0,0,0,0,0,0,0,0
YGR276C,62847.8,YGR276C_translation_Ribosome,4.58123762396732E-06,6.07186546543587E-06,9.26278168161707E-06,1.80981974589927E-05,2.18772234373025E-05,2.37933454912845E-05,2.57586224156206E-05,2.97176231900464E-05,3.578123861327E-05,3.81321173550304E-05,4.3559434073819E-05,4.41726387571495E-05,4.47866570998708E-05,4.54064537227732E-05,4.79036709603118E-05,5.10706835370208E-05,5.52443196327202E-05,5.54752376653168E-05,5.59590980451257E-05,5.6174799718725E-05,5.66788440084424E-05,5.69158889426565E-05,5.74015928406381E-05,5.83558105798516E-05,6.08549292446205E-05,6.21213833246639E-05,6.26332940706736E-05,6.31537437897612E-05,6.34075789685358E-05,6.35586411960333E-05,6.37613443653755E-05,6.41647862344349E-05,6.45490001149794E-05,6.49205902877424E-05,6.5079735452858E-05,6.5152058167645E-05,6.51652527446032E-05,6.52855490757297E-05
YGR277C,34299.8,YGR277C_translation_Ribosome,0,0,0,0,0,0,0,0,0,0,0,0,0,0,0,0,0,0,0,0,0,0,0,0,0,0,0,0,0,0,0,0,0,0,0,0,0,0
YGR280C,31339.3,YGR280C_translation_Ribosome,2.28445196600039E-06,3.0277593389257E-06,4.61892212543163E-06,9.02473657990588E-06,1.09091625875314E-05,1.18646443050514E-05,1.28446372899267E-05,1.48188084298865E-05,1.78424538531635E-05,1.9014728684608E-05,2.17210812831895E-05,2.20268581844064E-05,2.23330408200443E-05,2.26421048175768E-05,2.3887351909319E-05,2.54665950529972E-05,2.75477949310192E-05,2.76629431064359E-05,2.79042219674453E-05,2.80117824462438E-05,2.82631260924611E-05,2.83813294712081E-05,2.86235276097271E-05,2.90993519980833E-05,3.0345547243912E-05,3.09770694984811E-05,3.12323357837357E-05,3.14918600611392E-05,3.16184359606642E-05,3.1693763728163E-05,3.17948424522388E-05,3.19960203099683E-05,3.2187610056412E-05,3.23729049418539E-05,3.24522632976453E-05,3.24883273007691E-05,3.24949068279071E-05,3.25548930614757E-05
YGR282C,34099.7,YGR282C_translation_Ribosome,0,0,0,0,0,0,0,0,0,0,0,0,0,0,0,0,0,0,0,0,0,0,0,0,0,0,0,0,0,0,0,0,0,0,0,0,0,0
YGR285C,49022.5,YGR285C_translation_Ribosome,1.14225804819762E-05,1.57883989163011E-05,2.63073107996016E-05,5.92060451629709E-05,7.31789230907139E-05,8.15912107802935E-05,8.85422298634952E-05,0.00010419400426,0.000130603691808,0.000142494442812,0.00016509638845,0.000167676197306,0.00017029685543,0.000172856404702,0.000183300321437,0.000196608335257,0.0001893802481,0.000190181396498,0.000191835122643,0.000192628296259,0.000194317907616,0.000193144408047,0.000196812152974,0.00020011574069,0.000208641826023,0.000212221556133,0.000214711853137,0.000216457744656,0.000216808825529,0.000210849669775,0.000191300953258,0.000186937107761,0.000171978179561,0.000146253125699,0.000150861219317,0.000151138108044,0.000151189265317,0.000151433770939
YGR286C,41891.9,YGR286C_translation_Ribosome,0,0,0,0,0,0,0,0,0,0,0,0,0,0,0,0,0,0,0,0,0,0,0,0,0,0,0,0,0,0,0,0,0,0,0,0,0,0
YGR287C,68571.9,YGR287C_translation_Ribosome,0,0,0,0,0,0,0,0,0,0,0,0,0,0,0,0,0,0,0,0,0,0,0,0,0,0,0,0,0,0,0,0,0,0,0,0,0,0
YGR289C,67975.9,YGR289C_translation_Ribosome,0,0,0,0,0,0,0,0,0,0,0,0,0,0,0,0,0,0,0,0,0,0,0,0,0,0,0,0,0,0,0,0,0,0,0,0,0,0
YGR292W,68078.6,YGR292W_translation_Ribosome,0,0,0,0,0,0,0,0,0,0,0,0,0,0,0,0,0,0,0,0,0,0,0,0,0,0,0,0,0,0,0,0,0,0,0,0,0,0
YHL001W,15172.4,YHL001W_translation_Ribosome,0,0,0,0,0,0,0,0,0,0,0,0,0,0,0,0,0,0,0,0,0,0,0,0,0,0,0,0,0,0,0,0,0,0,0,0,0,0
YHL003C,48462.9,YHL003C_translation_Ribosome,0,0,0,0,0,0,0,0,0,0,0,0,0,0,0,0,0,0,0,0,0,0,0,0,0,0,0,0,0,0,0,0,0,0,0,0,0,0
YHL004W,44155.3,YHL004W_translation_Ribosome,7.91358317433872E-06,1.28260552075843E-05,2.47331591352557E-05,6.22093413690884E-05,7.90972793017893E-05,8.77749108436529E-05,9.66525683404839E-05,0.000114726906286,0.000142533611582,0.000150007202948,0.000153713137772,0.000154076159924,0.000154429085025,0.000154775327712,0.000156067396834,0.0001574976259,0.000147892378302,0.000145683404533,0.000141349108104,0.000139048052327,0.000134758333999,0.000132529324689,0.000128121356712,0.000119112149806,9.66224913185914E-05,8.51918809926333E-05,8.05956940251911E-05,7.60078064728239E-05,7.39672507150761E-05,7.41655057356121E-05,7.44230567967392E-05,7.49617042710856E-05,7.54667365319948E-05,7.59411141836765E-05,7.6163184742639E-05,7.62605936339239E-05,7.6260492891752E-05,7.64323948534542E-05
YHL011C,35127.2,YHL011C_translation_Ribosome,0,0,0,0,0,0,0,0,0,0,0,0,0,0,0,0,0.002914497410339,0.002924755226247,0.00294497839747,0.002955282883459,0.002975582685434,0.002985300691921,0.003006007218664,0.003047166620208,0.003150338529683,0.003202024097332,0.003223585208312,0.003244357187083,0.003254397421785,0.003255635300296,0.003256882396862,0.003260508844694,0.003263951969183,0.00326653592297,0.00326809515935,0.00327232807398,0.003272643905947,0.003277331833319
YHL015W,13912.2,YHL015W_translation_Ribosome,0.000788132847868,0.000847736821268,0.000958068762907,0.001196568094467,0.001281281729643,0.001321464762493,0.0013614000974,0.001437258818501,0.001544502858241,0.001583827169255,0.001671063604794,0.001680580009105,0.001690041188785,0.001699538238941,0.001737176331071,0.001783540745778,0.001843185145239,0.001846504238094,0.001853424310818,0.001856487712071,0.00186367168781,0.001867032806318,0.001873898144932,0.001887304593737,0.001921941866417,0.001939226066335,0.001946160710788,0.00195319457609,0.001956604186895,0.001958642918419,0.001961383223147,0.00196680336135,0.001971951980912,0.001976922133539,0.001979047466055,0.001979966374146,0.001980126982688,0.001981664667581
YHL016C,80606.4,YHL016C_translation_Ribosome,0,0,0,0,0,0,0,0,0,0,0,0,0,0,0,0,0,0,0,0,0,0,0,0,0,0,0,0,0,0,0,0,0,0,0,0,0,0
YHL030W,210421,YHL030W_translation_Ribosome,0.0015021900961,0.001511514845018,0.001529508510235,0.001575308540749,0.001592940401343,0.001598663553207,0.001612953610511,0.001633322255626,0.001665597206586,0.001689245461637,0.001710245847701,0.001712508934483,0.001714799770052,0.001717110275096,0.001726867416542,0.001738076849576,0.001735873239346,0.001735540652045,0.001735065844257,0.0017345378785,0.001734214387635,0.001733980074244,0.001733315926063,0.001731773276261,0.001728395655208,0.001726485451254,0.001725683118306,0.001724957228563,0.001724730097677,0.00172543474092,0.001726354541194,0.001728239106419,0.001730028658171,0.00173176944369,0.001732485398256,0.001732904767273,0.001732914354007,0.001733379272284
YHL032C,79829.2,YHL032C_translation_Ribosome,0,0,0,0,0,0,0,0,0,0,0,0,0,0,0,0,0,0,0,0,0,0,0,0,0,0,0,0,0,0,0,0,0,0,0,0,0,0
YHL033C,28150.2,YHL033C_translation_Ribosome,0.001594722423058,0.001715326193273,0.00193857386248,0.002421157773241,0.002592568892468,0.002673875976274,0.002754681863533,0.002908175787622,0.003125175339634,0.003204744869968,0.003381260669604,0.003400516336188,0.003419660260242,0.003438876765273,0.003515034369469,0.003608848974411,0.003729534543459,0.003736250456664,0.003750252658413,0.003756451200554,0.003770987388493,0.003777788337173,0.003791679788923,0.003818806642703,0.003888892333923,0.003923865500247,0.003937897186702,0.003952129638436,0.003959028707316,0.00396315391398,0.0039686986967,0.003979665903501,0.003990083714515,0.004000140412268,0.004004440848963,0.004006300184405,0.004006625162668,0.004009736542413
YHL036W,60629,YHL036W_translation_Ribosome,0,0,0,0,0,0,0,0,0,0,0,0,0,0,0,0,0,0,0,0,0,0,0,0,0,0,0,0,0,0,0,0,0,0,0,0,0,0
YHR001WA,8594,YHR001WA_translation_Ribosome,0.000136855042684,0.000179936146456,0.000256781223078,0.00041174912503,0.000463292125269,0.000487312688998,0.000510392153868,0.000553881102882,0.000613357953521,0.000620880570491,0.000587190294498,0.000583665688026,0.000580185328369,0.000576726756533,0.000563261016372,0.000547200183941,0.000490790041473,0.0004823312013,0.000465707215771,0.000457142118338,0.00044083636613,0.000432539590582,0.000416185331024,0.00038342077127,0.000304040694464,0.000265185940412,0.000249820694662,0.000234612741605,0.000227849623253,0.000228147871531,0.000228521588701,0.000229342654717,0.000230096460997,0.000230811245707,0.000231130384929,0.000231278577401,0.000231310890442,0.000231580416835
YHR002W,40842.8,YHR002W_translation_Ribosome,9.42751496749776E-07,1.39089795291119E-06,2.14720599105687E-06,3.49768448545877E-06,3.89474973598104E-06,4.07025540938366E-06,4.23441485293922E-06,4.52695532848942E-06,4.89473327935463E-06,5.01610354904782E-06,5.25936254997921E-06,5.28410895352802E-06,5.30839084314481E-06,5.33237695853409E-06,5.42417606649108E-06,5.530324681328E-06,5.6537063572934E-06,5.65994369772148E-06,5.67288692740623E-06,5.67861848997025E-06,5.69178007121257E-06,5.6979077352897E-06,5.71032131740953E-06,5.73416829831762E-06,5.79332762716043E-06,5.82160402039509E-06,5.8327178948067E-06,5.84383364371081E-06,5.84919575952856E-06,5.8523529500974E-06,5.85655928683975E-06,5.86488051662296E-06,5.8726945272969E-06,5.88017109519289E-06,5.88333754940528E-06,5.88482820768754E-06,5.88510667676842E-06,5.88756660405444E-06
YHR005CA,10303.8,YHR005CA_translation_Ribosome,0,0,0,0,0,0,0,0,0,0,0,0,0,0,0,0,0,0,0,0,0,0,0,0,0,0,0,0,0,0,0,0,0,0,0,0,0,0
YHR007C,60726.8,YHR007C_translation_Ribosome,6.68194103575064E-07,9.85826926834953E-07,1.5218754754903E-06,2.47905429734879E-06,2.76048228770281E-06,2.88487546715244E-06,3.00122677776628E-06,3.20857072947954E-06,3.46924075656545E-06,3.55526437873725E-06,3.72767909313898E-06,3.74521860486929E-06,3.7624288829983E-06,3.77942952518878E-06,3.84449399112894E-06,3.9197289589664E-06,4.00717820582894E-06,4.01159904643264E-06,4.02077282105552E-06,4.02483518141533E-06,4.03416371710068E-06,4.03850682238255E-06,4.04730519863049E-06,4.06420722645626E-06,4.10613759181822E-06,4.12617905480702E-06,4.13405623704997E-06,4.14193474787721E-06,4.1457352554176E-06,4.14797297779644E-06,4.15095430364804E-06,4.15685214278677E-06,4.16239048017006E-06,4.1676896481908E-06,4.1699339363635E-06,4.17099047043222E-06,4.17118784099967E-06,4.17293136398893E-06
YHR010W,15551.6,YHR010W_translation_Ribosome,0,0,0,0,0,0,0,0,0,0,0,0,0,0,0,0,0.002060384274572,0.002064094486073,0.002071830013378,0.002075254402829,0.002083284931222,0,0.002094716464019,0.002109702715599,0.002148421610512,0.002167742563592,0.002175494379745,0.002183357108834,0.002187168504831,0.002189447478478,0.002192510698027,0.002198569539999,0.002204324867839,0.002209880698376,0.002212256477991,0.00221328366931,0.002213463203805,0.002215182087977
YHR011W,50399.6,YHR011W_translation_Ribosome,0.000114408698541,0.000140600158744,0.000188719500506,0.000291867606775,0.000328420319285,0.000346589198979,0.000363299012119,0.000395621840917,0.000440819677751,5.12071930747431E-06,5.24494454775152E-06,5.25708209952072E-06,5.26887532204526E-06,5.28043891231892E-06,5.32352293691505E-06,5.37106834450901E-06,0.000565725353981,0.000567132357917,0.000569857710743,0.000571061663605,0.000573986183004,0.000575387414001,0.000578188527148,0.000583391222917,0.000597462708943,0.000604556615944,0.000607140425701,0.00061005757591,0.000611427482937,0.000612034020723,0.00061270628154,0.00061446310738,0.000615912047569,0.000617288976964,0.000617992227309,0.000618185228161,0.000618271716406,0.000618947168139
YHR018C,51975.6,YHR018C_translation_Ribosome,2.3767580513197E-08,1.51380191336324E-07,3.99401423016715E-07,1.00132292594902E-06,1.23276517235316E-06,1.35827764898402E-06,1.46234490576201E-06,1.69028199728766E-06,2.02639055416277E-06,2.15394229831111E-06,2.41827102802836E-06,2.44850935838224E-06,2.47915442476769E-06,2.50824129544684E-06,2.62370438986251E-06,2.77381741812521E-06,2.94359677323429E-06,2.95230509510014E-06,2.96839855554824E-06,2.97820491583915E-06,2.99330702497352E-06,3.00122872465794E-06,3.01852923068412E-06,3.05231588372666E-06,3.13499393287434E-06,3.17686007519316E-06,3.19497562857696E-06,3.21114503253243E-06,3.2194604461072E-06,3.22341413214223E-06,3.22966906608291E-06,3.23848807905543E-06,3.2491958631379E-06,3.25868390410268E-06,3.26278181503888E-06,3.26374900471908E-06,3.26475399963153E-06,3.26918989898554E-06
YHR019C,62196.4,YHR019C_translation_Ribosome,5.77561264958138E-05,7.08905544193624E-05,9.4876711090752E-05,0.000145587669832,0.000163306111335,0.000171671464781,0.000179926628648,0.000195343574161,0.000216136064088,0.000224485361334,0.000241961277602,0.000243791584326,0.000245453334751,0.000247537934113,0.000255170623007,0.000264160012054,0.000276196734216,0.000276832058718,0.000278256372453,0.000278706845225,0.000280313545009,0.000280810052117,0.000282329514187,0.000284956705103,0.000292007519374,0.000295470098875,0.000296799297427,0.000298278171306,0.000298949316731,0.000299054466648,0.000299222288356,0.000299535513638,0.000299753163274,0.000300113473137,0.000300108857327,0.000300528207822,0.000300535290308,0.000300858179873
YHR020W,77378.9,YHR020W_translation_Ribosome,9.95243918478611E-05,0.000123408687798,0.000168649028568,0.000270501108765,0.00030783981211,0.000326672616284,0.000343695740454,0.000378295500773,0.000427864092251,0.000447099478374,0.000486740372496,0.000490976850971,0.000495091709381,0.000499486122995,0.000516977459839,0.000537818516691,0.000561476478292,0.000562690299598,0.000565549824355,0.000566795313967,0.000569610704508,0.000570923810131,0.000573625453291,0.00057905216195,0.000592669817893,0.000599473223914,0.00060232200773,0.000605011042398,0.000606339167876,0.000606726207883,0.000607056021074,0.000608332756929,0.000609330331461,0.000610200452731,0.000610650930313,0.000611069127018,0.000611092248866,0.000611776615449
YHR021C,8871.5,YHR021C_translation_Ribosome,0,0,0,0,0,0,0,0,0,0,0,0,0,0,0,0,0,0,0,0,0,0,0,0,0,0,0,0,0,0,0,0,0,0,0,0,0,0
YHR024C,53331.2,YHR024C_translation_Ribosome,2.43373548957977E-05,3.70783674973528E-05,6.65190511202448E-05,0.000155568742443,0.000195211219642,0.000215590862252,0.000236420787787,0.000278914508528,0.000345320629173,0.000365948761629,0.000375115054071,0.000376054647343,0.000376977809506,0.000377887445346,0.000381677310103,0.000386439084084,0.000359140924491,0.000353970646754,0.000343828410081,0.000338442815359,0.000328410758414,0.000323194442482,0.000312891639864,0.000291828499287,0.000239298195599,0.000212612929929,0.000201889642736,0.000191183005086,0.0001864276783,0.000186935030785,0.000187599882062,0.000188970669476,0.000190265845277,0.000191492439413,0.000192050037295,0.000192296001372,0.0001923169077,0.000192754988787
YHR025W,38705.8,YHR025W_translation_Ribosome,1.14360141111984E-05,2.00624687362529E-05,3.62840406697143E-05,7.26165264985357E-05,8.58564555544553E-05,9.21974747215276E-05,9.8504586808178E-05,0.000110682734871,0.000128050785583,0.000134509966666,0.000148240888899,0.000149772973765,0.000151317974141,0.000152813226152,0.000158663845373,0.000166140298769,0.000190902489277,0.000191426522657,0.00019248080354,0.000192956278427,0.000194055560368,0.000194568680296,0.000195627095979,0.000197676105,0.000203026756019,0.000205688829496,0.000206736123702,0.000207832707962,0.000208369746936,0.000208817961795,0.00020946327353,0.000210571520436,0.000211713480721,0.000212818383948,0.000213269630343,0.000213396750312,0.000213406356045,0.000213654491629
YHR026W,22597.9,YHR026W_translation_Ribosome,0,0,0,0,0,0,0,0,0,0,0,0,0,0,0,0,0,0,0,0,0,0,0,0,0,0,0,0,0,0,0,0,0,0,0,0,0,0
YHR027C,109406.5,YHR027C_translation_Ribosome,0.000781050183912,0.00078589850296,0.000795254146806,0.000819067459348,0.000828234986145,0.000831210687308,0.000838640673642,0.000849231166852,0.000866012236337,0.000878307933137,0.000889226894352,0.000890403565901,0.000891594665182,0.000892795991428,0.000897869129069,0.000903697372616,0.000902551625363,0.000902378699597,0.000902131827573,0.000901857316542,0.000901689120386,0.000901567291253,0.0009012219734,0.000900419886557,0.000898663722972,0.000897670529665,0.000897253363889,0.000896875944068,0.000896757849414,0.000897124222309,0.000897602464161,0.000898582326842,0.000899512788126,0.000900417893847,0.000900790147962,0.000901008195097,0.000901013179633,0.000901254909696
YHR037W,64433.7,YHR037W_translation_Ribosome,0,0,0,0,0,0,0,0,0,0,0,0,0,0,0,0,0,0,0,0,0,0,0,0,0,0,0,0,0,0,0,0,0,0,0,0,0,0
YHR039CA,12715.8,YHR039CA_translation_Ribosome,0,0,0,0,0,0,0,0,0,0,0,0,0,0,0,0,0,0,0,0,0,0,0,0,0,0,0,0,0,0,0,0,0,0,0,0,0,0
YHR042W,76748.2,YHR042W_translation_Ribosome,8.44482085339583E-07,1.24591518318295E-06,1.92338808183577E-06,3.13309700204497E-06,3.48877343632586E-06,3.64598495768111E-06,3.79303294402738E-06,4.05507993275195E-06,4.38452188215148E-06,4.49324090174688E-06,4.71114335970361E-06,4.73331027701491E-06,4.75506109984603E-06,4.77654697901245E-06,4.8587772405258E-06,4.95386126205473E-06,5.06438202534302E-06,5.06996920528369E-06,5.08156327395702E-06,5.08669739670623E-06,5.09848705666668E-06,5.10397599256967E-06,5.11509562245224E-06,5.13645687007237E-06,5.1894496190213E-06,5.21477857114387E-06,5.22473397070747E-06,5.23469104937244E-06,5.23949423532676E-06,5.24232233041287E-06,5.24609021201908E-06,5.25354406332999E-06,5.26054356643505E-06,5.26724080072187E-06,5.27007719383885E-06,5.2714124706526E-06,5.27166191300399E-06,5.27386542530966E-06
YHR046C,32815.5,YHR046C_translation_Ribosome,0,2.45953951096284E-08,0,0,3.77423612078436E-07,0,4.25751610542959E-07,4.67528754090686E-07,5.20311857167985E-07,5.37811589195512E-07,5.73042640704805E-07,0,5.80172996489208E-07,5.83665690820494E-07,5.97060280161892E-07,0,6.307826670143E-07,0,0,6.3446707144448E-07,6.36415947876732E-07,0,6.39164234747682E-07,6.42703939093038E-07,0,6.55736096820079E-07,6.57399501451168E-07,6.59064443826048E-07,0,0,0,6.62221991840563E-07,6.63396187616884E-07,0,6.64996578667044E-07,0,6.65262791380195E-07,6.65632921899916E-07
YHR051W,17339.8,YHR051W_translation_Ribosome,1.01145474838757E-05,1.32985432009311E-05,1.89779333143656E-05,3.04311481322713E-05,3.42405373455132E-05,3.60158254727832E-05,3.77215597939236E-05,4.09356981347294E-05,4.53314545364003E-05,4.58874286902359E-05,4.33974810083767E-05,4.31369878703621E-05,4.28797648822747E-05,4.26241521669797E-05,4.16289395274568E-05,4.04419313685557E-05,3.62728262089931E-05,3.56476585943134E-05,3.44190294718044E-05,3.37860087004154E-05,3.25808992522213E-05,3.19677093499829E-05,3.07590148684923E-05,2.83374841091862E-05,2.24707397029871E-05,1.95991008716614E-05,1.84635014469751E-05,1.73395270554174E-05,1.68396851762736E-05,1.68617278157299E-05,1.68893481356849E-05,1.6950030672801E-05,1.70057422436831E-05,1.70585698468371E-05,1.7082156473668E-05,1.7093108936695E-05,1.70954970970499E-05,1.71154169877682E-05
YHR052W,42535.1,YHR052W_translation_Ribosome,3.10056040878459E-06,4.10941042898656E-06,6.26900774737939E-06,1.22487762298442E-05,1.48064035117857E-05,1.61032260446083E-05,1.74333163660568E-05,2.01127497565697E-05,2.42165765951919E-05,2.58076404410012E-05,2.94808232630784E-05,2.98958373530853E-05,3.03114021239998E-05,3.07308776081825E-05,3.24209826702599E-05,3.45644021161526E-05,3.73890996981552E-05,3.75453839532652E-05,3.78728584176252E-05,3.80188443114308E-05,3.83599791525479E-05,3.85204100662997E-05,3.88491322152219E-05,3.94949423622632E-05,4.11863343014848E-05,4.20434645580738E-05,4.2389923380381E-05,4.27421613401245E-05,4.29139558136413E-05,4.3016194029662E-05,4.31533825959808E-05,4.34264301846733E-05,4.36864643597812E-05,4.39379548679214E-05,4.40456635786911E-05,4.40946112571418E-05,4.41035412857247E-05,4.41849572855545E-05
YHR062C,32238.8,YHR062C_translation_Ribosome,0,0,0,0,0,0,0,0,0,0,0,0,0,0,0,0,0,0,0,0,0,0,0,0,0,0,0,0,0,0,0,0,0,0,0,0,0,0
YHR063C,42818.8,YHR063C_translation_Ribosome,0,0,0,0,0,0,0,0,0,0,0,0,0,0,0,0,0,0,0,0,0,0,0,0,0,0,0,0,0,0,0,0,0,0,0,0,0,0
YHR064C,58215.1,YHR064C_translation_Ribosome,1.35645196596725E-05,1.87490075323037E-05,3.12404044863049E-05,7.03082429449103E-05,8.69012866666983E-05,9.68910295210539E-05,0.000105145489637,0.000123732253096,0.000155094231811,0.000169214712382,0.00019605492913,0.000199118498522,0.000202230577154,0.000205270087927,0.000217672426794,0.000233475932435,0.000224892449001,0.000225843827126,0.000227807656651,0.000228749564579,0.000230756008438,0.000229362456605,0.000233717969639,0.000237641039438,0.000247765919039,0.000252016912896,0.000254974185355,0.000257047462919,0.000257464377767,0.000250387773184,0.000227173320904,0.000221991175929,0.000204227179784,0.000173678215878,0.000179150409886,0.000179479220228,0.000179539970408,0.00017983032523
YHR065C,55981.6,YHR065C_translation_Ribosome,4.08073173873849E-06,5.40850664207569E-06,8.25081130902934E-06,1.61209469682367E-05,1.94871096773108E-05,2.11938930233818E-05,2.29444610093321E-05,2.64709360451106E-05,3.18720939723051E-05,3.39661362994786E-05,3.88005119438852E-05,3.9346723255981E-05,3.98936593341712E-05,4.04457424082752E-05,4.26701355692927E-05,4.54911480989961E-05,4.92088092813287E-05,4.94144992328244E-05,4.9845497266778E-05,5.00376332653454E-05,5.04866100920481E-05,5.06977575735701E-05,5.11303977190524E-05,5.19803659882608E-05,5.42064528432283E-05,5.53345452462617E-05,5.57905291091625E-05,5.62541190517552E-05,5.64802224228212E-05,5.66147809148428E-05,5.67953385118446E-05,5.7154703856963E-05,5.74969418951296E-05,5.7827935381227E-05,5.79696937399195E-05,5.80341151085294E-05,5.80458681616107E-05,5.81530219695498E-05
YHR066W,51776.8,YHR066W_translation_Ribosome,3.77422637242085E-06,5.00227158040186E-06,7.63108962561539E-06,1.49100962992304E-05,1.80234252029272E-05,1.96020113804006E-05,2.12210935162266E-05,2.44826936246996E-05,2.9478168455086E-05,3.14149264392379E-05,3.58861902270774E-05,3.6391375392634E-05,3.68972308868185E-05,3.74078467840288E-05,3.94651648996126E-05,4.20742900683814E-05,4.55127162567254E-05,4.57029567550428E-05,4.6101582357105E-05,4.62792869452309E-05,4.66945409458457E-05,4.6889829056962E-05,4.72899734309101E-05,4.80761002490279E-05,5.01349848445429E-05,5.1178345783376E-05,5.16000805189435E-05,5.20288500385648E-05,5.22379706964776E-05,5.23624224472261E-05,5.2529418292083E-05,5.28617915647499E-05,5.31783239692283E-05,5.34844564043671E-05,5.36155672369683E-05,5.36751498912376E-05,5.36860201678781E-05,5.3785125611147E-05
YHR067W,33062.6,YHR067W_translation_Ribosome,0,0,0,0,0,0,0,0,0,0,0,0,0,0,0,0,0,0,0,0,0,0,0,0,0,0,0,0,0,0,0,0,0,0,0,0,0,0
YHR068W,42883.6,YHR068W_translation_Ribosome,0,0,0,0,0,0,0,0,0,0,0,0,0,0,0,0,0,0,0,0,0,0,0,0,0,0,0,0,0,0,0,0,0,0,0,0,0,0
YHR070W,56525,YHR070W_translation_Ribosome,0,0,0,0,0,0,0,0,0,0,0,0,0,0,0,0,0,0,0,0,0,0,0,0,0,0,0,0,0,0,0,0,0,0,0,0,0,0
YHR072W,83452,YHR072W_translation_Ribosome,8.00391612921553E-08,1.18086585890126E-07,1.82296784718124E-07,2.96951777478862E-07,3.30662431601003E-07,3.45562781215499E-07,3.5949984122089E-07,3.84336390818287E-07,4.15560566892771E-07,4.25864846043254E-07,4.46517421486986E-07,4.4861837957814E-07,4.50679900653649E-07,4.5271631063553E-07,4.60510011980557E-07,4.69521979750603E-07,4.79997026353168E-07,4.80526573639254E-07,4.81625447787903E-07,4.82112054769805E-07,4.83229466863603E-07,4.83749702678772E-07,4.84803609996796E-07,4.86828207526277E-07,4.91850806885188E-07,4.94251459450227E-07,4.95195022191499E-07,4.96138744076308E-07,4.96593985202186E-07,4.96862029205341E-07,4.97219145228102E-07,4.97925613746119E-07,4.98589019598909E-07,4.99223776717621E-07,4.99492607199782E-07,4.99619163390992E-07,4.99642805285761E-07,4.99851651962209E-07
YHR074W,80678.6,YHR074W_translation_Ribosome,0,0,0,0,0,0,0,0,0,0,0,0,0,0,0,0,0,0,0,0,0,0,0,0,0,0,0,0,0,0,0,0,0,0,0,0,0,0
YHR075C,44886.3,YHR075C_translation_Ribosome,8.04459415830761E-06,1.3038393168299E-05,2.51426216307629E-05,6.32392297073128E-05,8.04067508979422E-05,8.92280424003791E-05,9.82526713282769E-05,0.000116626233626,0.000144893284601,0.000152490602797,0.000156257890128,0.000156626922186,0.000156985690034,0.00015733766484,0.000158651124429,0.00016010503123,0.000150340766798,0.000148095223018,0.000143689171426,0.000141350021202,0.000136989285712,0.000134723374698,0.000130242431911,0.000121084075747,9.82220963751506E-05,8.66022499631898E-05,8.19299721827943E-05,7.72661312159835E-05,7.5191793641355E-05,7.53933308142037E-05,7.56551456856929E-05,7.62027105788711E-05,7.67161037518957E-05,7.71983348223827E-05,7.74240818047554E-05,7.75231033201087E-05,7.75230009101297E-05,7.7697748743879E-05
YHR083W,37403.6,YHR083W_translation_Ribosome,0,0,0,0,0,0,0,0,0,0,0,0,0,0,0,0,0,0,0,0,0,0,0,0,0,0,0,0,0,0,0,0,0,0,0,0,0,0
YHR085W,37883.4,YHR085W_translation_Ribosome,2.76147864211323E-06,3.65999936629911E-06,5.58342000129475E-06,1.0909232361642E-05,1.31871538282121E-05,1.43421539749128E-05,1.55267836968028E-05,1.79131903798988E-05,2.15682167853441E-05,2.29852795898593E-05,2.62567578306976E-05,2.66263853801183E-05,2.69965033871869E-05,2.73701044262696E-05,2.88753771565254E-05,3.07843891545349E-05,3.33001737272298E-05,3.34393665103673E-05,3.37310278940984E-05,3.38610485596051E-05,3.41648764015515E-05,3.43077623587498E-05,3.46005349784563E-05,3.51757183946096E-05,3.66821372672656E-05,3.74455305204251E-05,3.77541001052854E-05,3.8067816812761E-05,3.82208235944079E-05,3.83118808913885E-05,3.84340663178547E-05,3.8677253027689E-05,3.89088494896529E-05,3.91328366324145E-05,3.92287661629333E-05,3.92723608525384E-05,3.92803142802914E-05,3.93528265087322E-05
YHR088W,35132.8,YHR088W_translation_Ribosome,2.56097596408019E-06,3.3942577946096E-06,5.17802462876849E-06,1.01171457344139E-05,1.22296741584918E-05,1.33008132102667E-05,1.43994305226836E-05,1.66125673772393E-05,2.00022132827608E-05,2.13163874091187E-05,2.43503334313798E-05,2.46931234335519E-05,2.50363682827138E-05,2.53828432713865E-05,2.67788226654623E-05,2.85492270305316E-05,3.08823480343374E-05,3.10114344471572E-05,3.12819191729829E-05,3.14024994281108E-05,3.16842672421279E-05,3.18167786787217E-05,3.20882939570131E-05,3.26217150312311E-05,3.40187573497466E-05,3.47267229094535E-05,3.50128881826597E-05,3.53038268613527E-05,3.54457242797007E-05,3.55301701795766E-05,3.56434840888601E-05,3.58690137414063E-05,3.60837946792019E-05,3.62915187876297E-05,3.63804831627864E-05,3.64209125727907E-05,3.64282885260199E-05,3.64955358591358E-05
YHR091C,73715,YHR091C_translation_Ribosome,2.56315040144801E-08,4.15352255177369E-08,8.00636669195522E-08,2.01193748584982E-07,2.5572555740713E-07,2.8373563307637E-07,3.12382702649355E-07,3.70685756712507E-07,4.60329288931781E-07,4.84394284643673E-07,4.9621922435424E-07,4.97375809647719E-07,4.98499860099086E-07,4.99602227298019E-07,5.03712235273278E-07,5.08253313054336E-07,4.7719289498231E-07,4.70066567146411E-07,4.56083637364219E-07,4.48661188860206E-07,4.34822937758966E-07,4.27633012381812E-07,4.13415030756675E-07,3.84358698017727E-07,3.11838038192893E-07,2.74986539726199E-07,2.60170095355542E-07,2.45381207381853E-07,2.38803688769651E-07,2.39441554968961E-07,2.4026994416421E-07,2.42003202674294E-07,2.43627945264151E-07,2.45160573316265E-07,2.45868416888724E-07,2.46182989047018E-07,2.4619589843998E-07,2.4674930938773E-07
YHR092C,63908.6,YHR092C_translation_Ribosome,0,0,0,0,0,0,0,0,0,0,0,0,0,0,0,0,0,0,0,0,0,0,0,0,0,0,0,0,0,0,0,0,0,0,0,0,0,0
YHR094C,63263,YHR094C_translation_Ribosome,0,0,0,0,0,0,0,0,0,0,0,0,0,0,0,0,0,0,0,0,0,0,0,0,0,0,0,0,0,0,0,0,0,0,0,0,0,0
YHR096C,66254.1,YHR096C_translation_Ribosome,0,0,0,0,0,0,0,0,0,0,0,0,0,0,0,0,0,0,0,0,0,0,0,0,0,0,0,0,0,0,0,0,0,0,0,0,0,0
YHR100C,20949.4,YHR100C_translation_Ribosome,6.13118300375751E-10,9.04570283710264E-10,1.39643510758798E-09,2.27471860226901E-09,2.53294993085984E-09,2.64709002032411E-09,2.75385109084057E-09,2.94410474705602E-09,3.18328908452737E-09,3.26222222197647E-09,3.42042567825719E-09,3.43651949824758E-09,3.45231122167039E-09,3.4679105883615E-09,3.52761212502718E-09,3.59664586142316E-09,3.67688711664862E-09,3.6809435701008E-09,3.68936119766389E-09,3.69308871855135E-09,3.70164835102454E-09,3.70563347647602E-09,3.71370664782236E-09,3.72921552843072E-09,3.76768978943524E-09,3.78607933771373E-09,3.79330724433786E-09,3.80053637003619E-09,3.80402362128284E-09,3.80607689972094E-09,3.80881249021935E-09,3.81422420081144E-09,3.8193060415274E-09,3.82416842637991E-09,3.82622772942414E-09,3.82719717883452E-09,3.82737828115255E-09,3.82897809451762E-09
YHR104W,37117.1,YHR104W_translation_Ribosome,0,0,0,0,0,0,0,0,0,0,0,0,0,0,0,0,0,0,0,0,0,0,0,0,0,0,0,0,0,0,0,0,0,0,0,0,0,0
YHR106W,37085.8,YHR106W_translation_Ribosome,0,0,0,0,0,0,0,0,0,0,0,0,0,0,0,0,0,0,0,0,0,0,0,0,0,0,0,0,0,0,0,0,0,0,0,0,0,0
YHR117W,71849.9,YHR117W_translation_Ribosome,3.27879361684204E-05,4.9952879976558E-05,8.96159367238216E-05,0.000209585508603,0.00026299274048,0.000290448669099,0.000318511239776,0.00037575982876,0.000465223894557,0.000493014593591,0.000505362967482,0.000506628734815,0.000507872365863,0.000509097773458,0.000514203512604,0.000520618872329,0.000483840273873,0.0004768746228,0.000463210501152,0.00045595476753,0.000442439081989,0.00043541140522,0.000421530961549,0.000393153664733,0.000322382243149,0.000286430533285,0.000271983589702,0.000257559075942,0.000251152460552,0.00025183596815,0.000252731658321,0.000254578390289,0.000256323257733,0.000257976421683,0.000258726930533,0.000259058294429,0.000259087917255,0.000259678105425
YHR123W,44555,YHR123W_translation_Ribosome,5.30373384023936E-07,5.19227565513069E-07,4.99731111074985E-07,4.61954972622092E-07,4.49807962110378E-07,4.44231216338258E-07,4.38879520137694E-07,4.2896578607611E-07,4.15651572294074E-07,4.10994810091082E-07,0,0,1.27125445438453E-07,3.98038822018526E-07,0,3.89132694362369E-07,0,0,0,0,0,0,0,0,0,0,0,0,0,3.72543746042936E-07,0,0,0,0,0,0,0,0
YHR128W,24591.7,YHR128W_translation_Ribosome,0,0,0,0,0,0,0,0,0,0,0,0,0,0,0,0,0,0,0,0,0,0,0,0,0,0,0,0,0,0,0,0,0,0,0,0,0,0
YHR137W,58518,YHR137W_translation_Ribosome,2.91158303094822E-06,6.70003615659198E-07,9.51799175776776E-07,8.31987499358584E-06,1.72545916848605E-06,1.80871825600071E-06,1.9073040762399E-06,2.07493934248129E-06,1.71536645241258E-05,2.60315192655179E-05,5.20001026471384E-06,2.85441324622019E-05,3.42702438918874E-05,2.9034388617154E-05,3.00009334859438E-05,3.11977592499212E-05,2.90901852059668E-06,2.91687241130829E-06,2.93245720389204E-06,2.93821626173486E-06,1.60855416129485E-05,2.96470386310654E-06,2.97881122971068E-06,3.00910572514355E-06,3.08908557004181E-06,3.12821600933898E-06,3.14446253156956E-06,3.16090225422787E-06,3.16874745361687E-06,3.17962775177964E-06,3.19555331052287E-06,3.22326594924546E-06,3.25127649168278E-06,1.78401359168203E-05,1.79020414811559E-05,3.29013065625414E-06,3.29034986324506E-06,3.29371334916495E-06
YHR141C,12239,YHR141C_translation_Ribosome,0,0,0,0,0,0,0,0,0,0,0,0,0,0,0,0,0,0,0,0,0,0,0,0,0,0,0,0,0,0,0,0,0,0,0,0,0,0
YHR144C,35649.7,YHR144C_translation_Ribosome,2.15637919998251E-09,3.21744957070584E-09,5.07358185549326E-09,8.66992078786003E-09,9.82630783898554E-09,1.03572909897188E-08,1.08667941283267E-08,1.18105078583053E-08,1.30780835585192E-08,1.3521452528359E-08,1.44585320387567E-08,1.45580906420221E-08,1.465663847605E-08,1.47548588874982E-08,1.51392892786682E-08,1.56027460404187E-08,1.61721531462219E-08,1.62019558886119E-08,1.62641403856067E-08,1.62918124221163E-08,1.63557428270615E-08,1.63856795077935E-08,1.64466733537857E-08,1.65651775107897E-08,1.68673608879649E-08,1.70163065290503E-08,1.70757365017479E-08,1.71356647427484E-08,1.71647804790659E-08,1.71819785662701E-08,1.72049522407129E-08,1.72506274642436E-08,1.72938362107157E-08,1.7335411677185E-08,1.73531213755393E-08,1.17516333082984E-08,1.17526915690181E-08,1.17620290200646E-08
YHR147C,23902.2,YHR147C_translation_Ribosome,4.28379034339431E-06,6.94301560135977E-06,1.33885833927684E-05,3.36752353459771E-05,4.28170341799791E-05,4.75144201028452E-05,5.23200843157654E-05,6.2104106628621E-05,7.71564657186896E-05,8.12020791681477E-05,8.32081802560863E-05,8.34046918428272E-05,8.35957376824055E-05,8.37831661894941E-05,8.4482590597393E-05,8.5256803912443E-05,8.00572797524878E-05,7.88615154203453E-05,7.65152688739935E-05,7.52696585988015E-05,7.2947543124381E-05,7.1740933128971E-05,6.93548066120438E-05,6.44779319152395E-05,5.23038029861701E-05,4.61161712832235E-05,4.36281578367472E-05,4.11446370396019E-05,4.00400409473357E-05,4.01473605930375E-05,4.0286778442611E-05,4.05783597400163E-05,4.08517444097322E-05,4.11085350895832E-05,4.12287465911342E-05,4.12814760890941E-05,4.12814215552207E-05,4.13744757314803E-05
YHR148W,21897.8,YHR148W_translation_Ribosome,1.59622174908448E-06,2.11559506600106E-06,3.2273928555608E-06,6.30588036999751E-06,7.62259082076642E-06,8.29021733297028E-06,8.9749706741171E-06,1.03543890015402E-05,1.24671095393262E-05,1.32862165329094E-05,1.5177234134873E-05,1.53908905160771E-05,1.56048303972701E-05,1.58207835808181E-05,1.66908786935217E-05,1.77943478364712E-05,1.92485506645162E-05,1.93290084831541E-05,1.9497597961624E-05,1.9572754006993E-05,1.97483760820279E-05,1.98309686717515E-05,2.00002004796624E-05,2.03326746348396E-05,2.12034322539985E-05,2.16446976308928E-05,2.18230605828811E-05,2.20043987340756E-05,2.20928414795299E-05,2.21454754690299E-05,2.22161024991188E-05,2.23566720872395E-05,2.24905421465476E-05,2.26200137793674E-05,2.26754640735172E-05,2.27006631790366E-05,2.27052605111201E-05,2.27471748661133E-05
YHR162W,14565.1,YHR162W_translation_Ribosome,0,0,0,0,0,0,0.000199245425093,0,0,0.000244504238243,0.000236003366388,0.00023513064598,0.000234273446149,0.000233421236374,0.000230130179421,0.000226225649404,0,0,0,6.20213219507235E-05,0,0,0.000186070734058,0,0,0,0,0,4.32174965656003E-06,1.84022888622314E-05,0,0,0,0,0,0,0,9.94904031884044E-05
YHR163W,27777.7,YHR163W_translation_Ribosome,0.001147711596221,0.001921409108236,0.003342000545064,0.006388782084218,0.007462764643354,0.007978736378151,0.008470363254969,0.009424918899891,0.010769882623702,0.011766312108751,0.012874801751172,0.012995028434948,0.013113386971944,0.013234760863214,0.01371181632538,0.014295713484962,0.014387334484982,0.014423324784567,0.014500301299582,0.014532397063566,0.014613028908956,0.014649085030067,0.014725701783985,0.014871899105152,0.01525348506844,0.015443151380083,0.015518289479732,0.015596014550411,0.01563368204741,0.015656184903341,0.015685645917733,0.015746065958013,0.015802889858057,0.015857634880031,0.015881039241689,0.015892488514334,0.015894338952284,0.015911973024283
YHR169W,47895.3,YHR169W_translation_Ribosome,3.49128768821187E-06,4.62727124937851E-06,7.05901730013706E-06,1.37923459016496E-05,1.66722809660264E-05,1.81325268395826E-05,1.96302328511558E-05,2.26473238199941E-05,2.72683078445729E-05,2.90598748143036E-05,3.3195945805514E-05,3.36632592559374E-05,3.41311927831275E-05,3.46035298449323E-05,3.65066190343245E-05,3.89201485049703E-05,4.21008096083717E-05,4.22767885359814E-05,4.26455307679936E-05,4.28099135525548E-05,4.31940376184616E-05,4.33746857594891E-05,4.37448329071218E-05,4.44720269359495E-05,4.63765651725259E-05,4.73417095069322E-05,4.77318284729638E-05,4.8128454853372E-05,4.83218985703829E-05,4.84370206701964E-05,4.85914975032216E-05,4.88989540784901E-05,4.91917573122205E-05,4.94749402207955E-05,4.95962221976787E-05,4.96513381782148E-05,4.96613935536103E-05,4.9753069457432E-05
YHR170W,59076.8,YHR170W_translation_Ribosome,4.30635374450009E-06,5.70754078469671E-06,8.70699532598684E-06,1.70122675995885E-05,2.05645440820655E-05,2.2365694788354E-05,2.42130509695349E-05,2.79345033823576E-05,3.36342891447024E-05,3.58441102243779E-05,4.09457765409798E-05,4.15221876553893E-05,4.2099363607917E-05,4.26819711316789E-05,4.50293500900294E-05,4.80063352604208E-05,5.19295444244394E-05,5.21466068900803E-05,5.26014346308428E-05,5.28041937509853E-05,5.32779943246693E-05,5.35008160649622E-05,5.3957376708935E-05,5.48543393796406E-05,5.7203505675594E-05,5.83939698508859E-05,5.88751648769627E-05,5.93643865197981E-05,5.9602991054713E-05,5.97449892312828E-05,5.99355297847246E-05,6.03147642942866E-05,6.06759245350293E-05,6.10252185169712E-05,6.11748146379253E-05,6.12427978379248E-05,6.12552007125527E-05,6.13682790111518E-05
YHR174W,46905.6,YHR174W_translation_Ribosome,0,0,0,0,0,0,0,0,0,0,0,0,0,0,0,0,0,0,0,0,0,0,0,0,0,0,0,0,0,0,0,0,0,0,0,0,0,0
YHR183W,53539.8,YHR183W_translation_Ribosome,0,0,0,0.000448078068681,0.000523401976203,0.000559589721438,0.000594070036868,0.000661017922112,0.000755347129129,0,0,0,0,0,0,0,0,0,0,0,0,0,0,0,0,0,0,0,0,0,0,0.001104352399374,0,0,0,0,0,0
YHR190W,51707.2,YHR190W_translation_Ribosome,1.0850259878574E-05,1.60080406190737E-05,2.47124964490847E-05,4.02553438221238E-05,4.48252237658533E-05,4.68451433026005E-05,4.87344774805262E-05,5.21013670539338E-05,5.63341753371925E-05,5.7731042881019E-05,6.05307450156829E-05,6.08155548627002E-05,6.10950185533901E-05,6.13710781367992E-05,6.24276070114693E-05,6.36492863837132E-05,6.50693034858807E-05,6.51410899161639E-05,6.52900553712512E-05,6.53560207327959E-05,6.5507499226741E-05,6.55780233764397E-05,6.57208930430364E-05,6.59953513080874E-05,6.66762243636061E-05,6.70016613595506E-05,6.71295725069098E-05,6.72575052280673E-05,6.73192185749272E-05,6.73555551262625E-05,6.74039664488101E-05,6.74997366554535E-05,6.75896692058642E-05,6.76757180797731E-05,6.77121612476879E-05,6.7729317444001E-05,6.77325223839095E-05,6.77608340338276E-05
YHR196W,65235.8,YHR196W_translation_Ribosome,4.75530887938173E-06,6.30257544623808E-06,9.6147354915468E-06,1.87858666460139E-05,2.27084825994097E-05,2.46974106937767E-05,2.67373613743192E-05,3.08467905463871E-05,3.71408024772157E-05,3.95810065165255E-05,4.52145425830792E-05,4.58510469329659E-05,4.64883958584987E-05,4.71317426189634E-05,4.97238455130125E-05,5.30111936628551E-05,5.73434135593642E-05,5.75831056820935E-05,5.80853510902882E-05,5.83092486847718E-05,5.88324449219535E-05,5.90784967474653E-05,5.95826557211755E-05,6.05731304488794E-05,6.31672070178465E-05,6.44817819922274E-05,6.50131435839544E-05,6.55533686003346E-05,6.58168486418873E-05,6.59736507138863E-05,6.61840559057081E-05,6.6602827176645E-05,6.70016398617099E-05,6.73873491815641E-05,6.75525413149793E-05,6.76276120439037E-05,6.76413079693543E-05,6.77661751468546E-05
YHR197W,86717.5,YHR197W_translation_Ribosome,6.3211993682577E-06,8.37797016759433E-06,1.27808017221864E-05,2.4971923251891E-05,3.01862296440652E-05,3.28300980724936E-05,3.55417904735978E-05,4.10044263917408E-05,4.93710131372338E-05,5.26147595736819E-05,6.01033802980598E-05,6.0949481150066E-05,6.17967046906661E-05,6.26519011119655E-05,6.60975656506805E-05,7.04674149233801E-05,7.62262050183206E-05,7.65448261075505E-05,7.72124574723091E-05,7.75100830038369E-05,7.82055641613884E-05,7.85326391597608E-05,7.92028142139905E-05,8.05194454532741E-05,8.39677335844751E-05,8.57151890512722E-05,8.64215243584285E-05,8.71396417549798E-05,8.74898839609978E-05,8.7698319876225E-05,8.79780100497464E-05,8.85346798183009E-05,8.90648187760068E-05,8.95775395205131E-05,8.97971282866419E-05,8.98969192899791E-05,8.99151251894279E-05,9.00811102691676E-05
YHR200W,29730.4,YHR200W_translation_Ribosome,0.000212244559398,0.000213562053922,0.000216104380327,0.000222575470318,0.000225066677319,0.000225875301906,0.00022789434525,0.000230772232756,0.00023533236317,0.000238673627027,0.000241640773262,0.000241960524975,0.000242284197317,0.00024261064876,0.000243989236059,0.000245573017753,0.000245261669487,0.0002452146782,0.00024514759257,0.000245072996245,0.000245027290195,0.000244994184037,0.000244900346487,0.000244682385373,0.000244205161023,0.000243935268153,0.000243821906466,0.000243719345446,0.000243687254105,0.000243786813205,0.00024391677186,0.000244183042232,0.000244435888143,0.000244681843869,0.000244783001147,0.000244842253829,0.000244843608339,0.00024490929668
YHR203C,29432.7,YHR203C_translation_Ribosome,0,0,0,0,0,0,0,0,0,0,0,0,0,0,0,0,0,0,0,0,0,0,0,0,0,0,0,0,0,0,0,0,0,0,0,0,0,0
YHR208W,43603.5,YHR208W_translation_Ribosome,2.71247310561999E-07,3.85009765432101E-07,6.00461669348834E-07,1.08022064178932E-06,1.25606057986079E-06,1.33339185935967E-06,1.42414854594441E-06,1.58483111971679E-06,1.81718702333882E-06,1.90123457969243E-06,2.07924278507128E-06,2.09758732864189E-06,2.11561161305198E-06,2.13489697300704E-06,2.21461068471586E-06,2.30588326181619E-06,2.41886308548329E-06,2.42300372336309E-06,2.43493280499299E-06,2.43882339986931E-06,2.45094183951137E-06,2.45614890436992E-06,2.46692843914616E-06,2.48726435014159E-06,2.54189575761643E-06,2.56866618967031E-06,2.57954750453003E-06,2.59078974545716E-06,2.59642369835482E-06,2.6022776360124E-06,2.60958423699263E-06,2.62594699535999E-06,2.64052317536879E-06,2.65526474768359E-06,2.66103788806643E-06,2.6635221135229E-06,2.66388109924999E-06,2.66666835393167E-06
YHR216W,56536.7,YHR216W_translation_Ribosome,6.91537277946433E-05,0.000107975133074,0.000184300807225,0.00036716536876,0.000437286004126,0.000471555149741,0.000505733722745,0.000572552446586,0.000669954349605,0.000706239120074,0.000786963431451,0.000795866671127,0.000804753004469,0.000813677458457,0.000849230848208,0.000893465964041,0.000949956320799,0.000952979504556,0.000959302661565,0.000962133847413,0.000968680929665,0,0.000978063768281,0.000990376904141,0.001022275885929,0,0.001044705069544,0.001051222284838,0.00105439909874,0.001056273767585,0.001058792700846,0.001063801314199,0.001068562195686,0.001073146666973,0.001075112286101,0.001076037324601,0.001076209391941,0.001077741482137
YIL002C,108423.4,YIL002C_translation_Ribosome,0,0,0,0,0,0,0,0,0,0,0,0,0,0,0,0,0,0,0,0,0,0,0,0,0,0,0,0,0,0,0,0,0,0,0,0,0,0
YIL006W,41959.8,YIL006W_translation_Ribosome,0,0,0,0,0,0,0,0,0,0,0,0,0,0,0,0,0,0,0,0,0,0,0,0,0,0,0,0,0,0,0,0,0,0,0,0,0,0
YIL009W,77964.4,YIL009W_translation_Ribosome,0,0,0,0,0,0,0,0,0,0,0,0,0,0,0,0,0,0,0,0,0,0,0,0,0,0,0,0,0,0,0,0,0,0,0,0,0,0
YIL010W,24128,YIL010W_translation_Ribosome,0,0,0,0,0,0,0,0,0,0,0,0,0,0,0,0,0,0,0,0,0,0,0,0,0,0,0,0,0,0,0,0,0,0,0,0,0,0
YIL013C,160528.8,YIL013C_translation_Ribosome,0,0,0,0,0,0,0,0,0,0,0,0,0,0,0,0,0,0,0,0,0,0,0,0,0,0,0,0,0,0,0,0,0,0,0,0,0,0
YIL018W,27437.1,YIL018W_translation_Ribosome,0.001554324963719,0.001671873602939,0.00188946596906,0.002359825079047,0.002526894017078,0.002606141432339,0.002684900347349,0.002834505968078,0.003046008494117,0.003123562371557,0.003295606678389,0.00331437456102,0.003333033531779,0.003351763244896,0.003425991627006,0.003517429723264,0,0,0,0,0,0,0,0,0,0,0,0,0,0,0,0,0,0,0,0,0,0
YIL020C,29550.9,YIL020C_translation_Ribosome,8.51791688432439E-07,1.71465750930748E-06,3.30059149389208E-06,6.73516843604692E-06,7.94525657228183E-06,8.54847634266764E-06,9.08015287538775E-06,1.01706830081291E-05,1.16923599139404E-05,1.22651874208621E-05,1.34992944092529E-05,1.36433024165307E-05,1.37903936198109E-05,1.39222787385572E-05,1.44383015501907E-05,1.51360924655034E-05,1.58986859179225E-05,1.59572456828093E-05,1.60512754448305E-05,1.61120353300625E-05,1.62069662356601E-05,1.62586589074553E-05,1.63562920512776E-05,1.65746426028901E-05,1.70855123240845E-05,1.73399714643873E-05,1.7458845063847E-05,1.75579202022149E-05,1.76062221610137E-05,1.7606770286611E-05,1.76088790559733E-05,1.76059333924677E-05,1.76133538081966E-05,1.7608377897733E-05,1.76140860193116E-05,1.76334960759096E-05,1.76364413208605E-05,1.76547654306757E-05
YIL022W,48869.1,YIL022W_translation_Ribosome,2.23011038592462E-05,3.39761049641651E-05,6.09535536627782E-05,0.000142552660194,0.000178878341643,0.000197552865986,0.000216639999109,0.000255578367048,0.000316428438871,0.000335330662481,0.000343730032118,0.000344591011761,0.00034543693505,0.000346270463732,0.000349743239139,0.000354106606339,0.000329092421567,0.000324354729188,0.000315061070351,0.000310126076069,0.000300933378473,0.00029615349981,0.000286712709215,0.000267411873622,0.000219276660764,0.000194824090476,0.000184997996291,0.000175187158621,0.000170829699193,0.000171294602652,0.000171903827337,0.000173159924091,0.000174346735484,0.000175470703283,0.00017598164822,0.000176207033043,0.000176226190186,0.000176627618027
YIL035C,44672,YIL035C_translation_Ribosome,3.25632794048269E-06,4.31586108140542E-06,6.58395334890319E-06,1.28641364835065E-05,1.55502551464201E-05,1.69122281096023E-05,1.83091401855053E-05,2.112318431426E-05,2.54331812940468E-05,2.71041778150376E-05,3.09618958650206E-05,3.13977596440828E-05,3.18342017694403E-05,3.22747510764692E-05,3.40497644967533E-05,3.63008661395593E-05,3.92674723161809E-05,3.94316080592325E-05,3.97755343523855E-05,3.99288543598166E-05,4.0287127306686E-05,4.04556180303265E-05,4.08008546898536E-05,4.14791093757161E-05,4.32554743239331E-05,4.41556655265481E-05,4.45195299234839E-05,4.48894637931036E-05,4.50698889648075E-05,4.5177263476354E-05,4.5321344191683E-05,4.56081092840907E-05,4.58812071884196E-05,4.61453322046918E-05,4.62584520404863E-05,4.63098587773166E-05,4.631923743722E-05,4.64047436554819E-05
YIL052C,13666.5,YIL052C_translation_Ribosome,0,0,0,0,0,0,0,0,0,0,0,0,0,0,0,0,0,0,0,0,0,0,0,0,0,0,0,0,0,0,0,0,0,0,0,0,0,0
YIL053W,27939,YIL053W_translation_Ribosome,0,0,0,0,0,0,0,0,0,0,0,0,0,0,0,0,0,0,0,0,0,0,0,0,0,0,0,0,0,0,0,0,0,0,0,0,0,0
YIL066C,97498.6,YIL066C_translation_Ribosome,1.55285057382193E-06,0,3.65358490552085E-06,4.50154038942242E-06,2.18539036201072E-06,7.4584865485421E-06,7.82538966148145E-06,8.50497626069038E-06,6.79031825035237E-06,0,0,0,0,0,0,0,0,0,0,0,0,0,0,0,0,0,0,0,0,0,0,3.70821257445499E-07,0,0,0,0,0,0
YIL069C,15348.1,YIL069C_translation_Ribosome,0,0,0,0,0,0,0,0,0,0,0,0,0,0,0,0,0,0,0,0,0,0,0,0,0,0,0,0,0,0,0,0,0,0,0,0,0,0
YIL074C,51181.7,YIL074C_translation_Ribosome,3.16538514282264E-07,0,8.09385548349474E-07,1.48850415991442E-06,1.72603058967202E-06,1.83922684562371E-06,1.94968209603383E-06,0,2.44824062144377E-06,2.55665008913292E-06,2.79029955827406E-06,2.81580209976996E-06,2.84081705332355E-06,0,2.96960661816198E-06,3.09885571098461E-06,3.27491776245339E-06,3.28422530346616E-06,3.30339424832687E-06,0,3.33196219261786E-06,3.34096408231496E-06,3.36079093989264E-06,3.39777183888235E-06,3.49481610006442E-06,3.54338801646071E-06,3.5623567807337E-06,3.5822081452147E-06,0,0,3.60203107143067E-06,3.61441496002764E-06,0,3.63638205142439E-06,0,0,3.64442978631827E-06,0
YIL075C,104223,YIL075C_translation_Ribosome,0.000744045311,0.000748663924667,0.000757576313497,0.000780261390462,0.00078899457492,0.000791829292256,0.00079890725806,0.000808995991123,0.000824982001141,0.000836695148052,0.000847096786846,0.000848217709633,0.000849352376589,0.000850496785974,0.000855329566698,0.000860881677653,0.00085979021402,0.000859625481193,0.000859390305559,0.000859128800409,0.000858968573111,0.000858852516041,0.00085852355878,0.000857759473492,0.000856086514049,0.000855140376607,0.000854742975459,0.000854383437169,0.000854270937645,0.000854619952395,0.000855075535934,0.000856008974334,0.000856895351893,0.000857757575193,0.000858112192521,0.000858319908942,0.000858324657319,0.000858554934609
YIL078W,84517.4,YIL078W_translation_Ribosome,0.000278048311767,0.000342591560966,0.000462230202199,0.000721807659087,0.000814031159955,0.000855798644067,0.000901662970394,0.000985401025968,0.001102720675666,0.001141922108013,0.001238416685164,0.001248672278573,0.001258827497835,0.001269378685082,0.001311691726534,0.001361801896561,0.001427387513881,0.001430945063089,0.001438953456937,0.001443280162037,0.001450496850213,0.001454313718223,0.001461951086906,0.001477588892006,0.001516144131344,0.001535541353631,0.001543660409608,0.001551344483721,0.001555198230316,0.001558378016389,0.001562767388471,0.001570890739577,0.001579146590577,0.001587127414542,0.001590264606005,0.001590558909182,0.001590628981619,0.001592147408159
YIL083C,41869.3,YIL083C_translation_Ribosome,0,0,0,0,0,0,0,0,0,0,0,0,0,0,0,0,0,0,0,0,0,0,0,0,0,0,0,0,0,0,0,0,0,0,0,0,0,0
YIL091C,83980,YIL091C_translation_Ribosome,6.12165160372798E-06,8.11349421598376E-06,1.23773370845471E-05,2.41836090142567E-05,2.92333100643884E-05,3.17937167945111E-05,3.44198064286072E-05,3.9709997732619E-05,4.78124678786276E-05,5.09538156542545E-05,5.82060354303463E-05,5.90254265515327E-05,5.98459049202542E-05,6.06741044815967E-05,6.40109962042742E-05,6.82428979763653E-05,7.38198944554279E-05,7.41284573069114E-05,7.47750128696575E-05,7.50632429516789E-05,7.57367691443295E-05,7.60535190317608E-05,7.67025379847311E-05,7.79776057792943E-05,8.1317038272831E-05,8.3009330025956E-05,8.36933677241713E-05,8.43888155745173E-05,8.47280013266595E-05,8.49298573322037E-05,8.52007182400058E-05,8.57398150447246E-05,8.62532185638315E-05,8.67497537282866E-05,8.69624105112831E-05,8.70590513099714E-05,8.70766824851749E-05,8.72374277441657E-05
YIL093C,30508.7,YIL093C_translation_Ribosome,5.4678177929025E-06,8.8620453379691E-06,1.7089149708184E-05,4.29829744793288E-05,5.46515404727066E-05,6.06472704852136E-05,6.67812065987395E-05,7.92695048112981E-05,9.84822930806279E-05,0.000103646102565,0.000106206684279,0.000106457511109,0.000106701361474,0.000106940594687,0.000107833338009,0.000108821541679,0.000102184883851,0.000100658613663,9.76638712543618E-05,9.60739778469452E-05,9.31100362694146E-05,9.15699227080285E-05,8.85242776181632E-05,8.22994486458346E-05,6.67604251560177E-05,5.88625496744434E-05,5.56868563979035E-05,5.25168975261734E-05,5.11069942201965E-05,5.12439767102946E-05,5.142192925639E-05,5.17941027938949E-05,5.2143050207646E-05,5.24708170999977E-05,5.26242547181822E-05,5.26915584991902E-05,5.26914888923095E-05,5.28102629778436E-05
YIL094C,40071.4,YIL094C_translation_Ribosome,1.12042366635238E-05,1.89725438497128E-05,3.3603917974538E-05,6.61510382134095E-05,7.81332521457331E-05,8.36713132835881E-05,8.93952704398403E-05,0.000100220967839,0.000116102303643,0.000121828798843,0.000134639628608,0.000135975830091,0.000137315980738,0.00013869475957,0.000144343849802,0.000151066255666,0.000160055765917,0.000160457074467,0.000161493300427,0.000161809610388,0.000162922396382,0.000163436041058,0.000164353624367,0.000166157741474,0.000171101032315,0.000173557927309,0.000174479119425,0.000175518573654,0.000176012016417,0.000176325114822,0.000176633276472,0.000177588468772,0.000178369562456,0.000179121050749,0.000179461487098,0.000179624611685,0.000179645290509,0.00017987959195
YIL099W,61439.2,YIL099W_translation_Ribosome,0,0,0,0,0,0,0,0,0,0,0,0,0,0,0,0,0,0,0,0,0,0,0,0,0,0,0,0,0,0,0,0,0,0,0,0,0,0
YIL107C,93425.2,YIL107C_translation_Ribosome,0,0,0,0,0,0,0,0,0,0,0,0,0,0,0,0,0,0,0,0,0,0,0,0,0,0,0,0,0,0,0,0,0,0,0,0,0,0
YIL111W,17205,YIL111W_translation_Ribosome,1.00359167614437E-05,1.31951600233001E-05,1.8830398428682E-05,3.01945756938216E-05,3.39743506285859E-05,3.57358376255341E-05,0,4.06174630853885E-05,4.49790467767083E-05,0,4.30601080029251E-05,0,4.2546416613775E-05,4.22927910375487E-05,4.13053152037448E-05,4.01275348732973E-05,3.59908404321691E-05,3.537053288476E-05,3.41514551530234E-05,3.3523355499524E-05,3.23276145996186E-05,3.17191916496416E-05,3.05198935865703E-05,2.81171878625214E-05,2.22960516609127E-05,1.94467370152444E-05,1.83199657663414E-05,1.72047291772948E-05,1.67087730803001E-05,1.67306443597753E-05,1.67580499587342E-05,1.6818260748425E-05,1.68735392162867E-05,0,0,1.88452786211922E-06,0,0
YIL115C,158830.7,YIL115C_translation_Ribosome,0,0,0,0,0,0,0,0,0,0,0,0,0,0,0,0,0,0,0,0,0,0,0,0,0,0,0,0,0,0,0,0,0,0,0,0,0,0
YIL116W,42643.6,YIL116W_translation_Ribosome,9.59362344854626E-06,1.93119734682911E-05,3.71741499475631E-05,7.58573612720728E-05,8.94864328822399E-05,9.62804218497186E-05,0.000102268628263,0.000114551133005,0.000131689590028,0.000138141274727,0.00015204086767,0.000153662811878,0.000155319481738,0.000156804887365,0.000162616787872,0.000170475919839,0.000179064914691,0.000179724466012,0.000180783511483,0.000181467842485,0.000182537037423,0.000183119245532,0.000184218875443,0.000186678130446,0.000192431992339,0.000195297933869,0.00019663679238,0.000197752663295,0.000198296682226,0.000198302855697,0.000198326606503,0.000198293429862,0.000198377005078,0.00019832096202,0.000198385251881,0.000198603864925,0.000198637036851,0.000198843419012
YIL124W,32823.3,YIL124W_translation_Ribosome,0,0,0,0,0,0,0,0,0,0,0,0,0,0,0,0,0,0,0,0,0,0,0,0,0,0,0,0,0,0,0,0,0,0,0,0,0,0
YIL125W,114412.3,YIL125W_translation_Ribosome,0.000108027199988,0.000137301232603,0.000188982747082,0.000291097328789,0.000324331837484,0.000339720089721,0.000354353575759,0.00038181771299,0.000418834287873,0.000414961756056,0.000369583545507,0.000364781855978,0.000360021742506,0.000355291514532,0.000336678819672,0.000314219368148,0.000258639166927,0.000250372525441,0.000234050086922,0.000225719890596,0.000209656220411,0.000201518309943,0.000185466750967,0.000153345736127,7.52096648165672E-05,3.69115647123154E-05,2.17511416921626E-05,6.7244377449536E-06,0,0,0,0,0,0,0,0,0,0
YIL133C,22228.6,YIL133C_translation_Ribosome,0,0,0,0,0,0,0,0,0,0,0,0,0,0,0.002775621238399,0.002849701256567,0,0,0,0,0,0,0,0,0,0,0,0,0,0,0,0,0,0,0,0,0,0
YIL134W,34427.7,YIL134W_translation_Ribosome,0,0,0,0,0,0,0,0,0,0,0,0,0,0,0,0,0,0,0,0,0,0,0,0,0,0,0,0,0,0,0,0,0,0,0,0,0,0
YIL142W,57197,YIL142W_translation_Ribosome,1.0922642176687E-05,1.52141975160339E-05,2.40965404580535E-05,4.68862844894229E-05,5.93888008610051E-05,6.24199227984954E-05,7.58987217594104E-05,8.82914982686148E-05,0.000104349820506,0.000110807109919,0.000134819850738,0.000137804716396,0.000140612229623,0.000143553179367,0.000154302512422,0.000169015388112,0.000174090604349,0.000176089656636,0.000179445961411,0.000181312109764,0.000184956066141,0.000186776156758,0.000190377023556,0.00019777175492,0.000216168276003,0.000224722283137,0.000229266092766,0.000233072339648,0.000234975379723,0.000235965953245,0.00022223323709,0.000239868300123,0.000242433027898,0.000230660796201,0.000245868820215,0.000246037899825,0.000245437940689,0.0002457966314
YIL145C,35024.5,YIL145C_translation_Ribosome,0,0,0,0,0,0,0,0,0,0,0,0,0,0,0,0,0,0,0,0,0,0,0,0,0,0,0,0,0,0,0,0,0,0,0,0,0,0
YIL148W,14568.3,YIL148W_translation_Ribosome,0,0,0,0,0,0,0,0,0,0,0,0,0,0,0,0,0,0,0,0,0,0,0,0,0,0,0,0,0,0,0,0,0,0,0,0,0,0
YIL149C,195121.7,YIL149C_translation_Ribosome,0,0,0,0,0,0,0,0,0,0,0,0,0,0,0,0,0,0,0,0,0,0,0,0,0,0,0,0,0,0,0,0,0,0,0,0,0,0
YIL155C,72391.7,YIL155C_translation_Ribosome,0,0,0,0,0,0,0,0,0.000469891137723,0,0,0,0,0,0,0,0,0,0,0,0,0,0,0,0,0,0,0,0,0,0,0,0,0,0,0,0,0
YIL160C,44731.9,YIL160C_translation_Ribosome,0,0,0,0,0,0,0,0,0,0,0,0,0,0,0,0,0,0,0,0,0,0,0,0,0,0,0,0,0,0,0,0,0,0,0,0,0,0
YIL162W,60616.5,YIL162W_translation_Ribosome,0,0,0,0,0,0,0,0,0,0,0,0,0,0,0,0,0,0,0,0,0,0,0,0,0,0,0,0,0,0,0,0,0,0,0,0,0,0
YIL172C,68681.1,YIL172C_translation_Ribosome,0,0,0,0,0,0,0,0,0,0,0,0,0,0,0,0,0,0,0,0,0,0,0,0,0,0,0,0,0,0,0,0,0,0,0,0,0,0
YIR012W,47125.1,YIR012W_translation_Ribosome,3.43514460574948E-06,4.55286051771441E-06,6.94550187953075E-06,1.35705524310282E-05,1.64041755193535E-05,1.78409393107051E-05,1.93145608469725E-05,2.22831342480286E-05,2.68298086452383E-05,2.85925655880961E-05,3.26621247946965E-05,3.3121923419667E-05,3.35823321500056E-05,3.40470736021159E-05,3.59195593858781E-05,3.82942771067637E-05,4.14237902858E-05,4.15969393121449E-05,4.19597518335782E-05,4.21214911934052E-05,4.24994381948493E-05,4.26771813494121E-05,4.30413761941445E-05,4.37568762813744E-05,4.56307878103237E-05,4.65804117457273E-05,4.69642572438479E-05,4.73545055112013E-05,4.75448384772441E-05,4.76581093089525E-05,4.78101020139568E-05,4.81126144077656E-05,4.84007090990999E-05,4.86793381688602E-05,4.87986698212106E-05,4.88528994866342E-05,4.88627931624448E-05,4.89529948343247E-05
YIR015W,16359.4,YIR015W_translation_Ribosome,0,0,0,0,0,0,0,0,0,0,0,0,0,0,0,0,0,0,0,0,0,0,0,0,0,0,0,0,0,0,0,0,0,0,0,0,0,0
YIR026C,41188.6,YIR026C_translation_Ribosome,3.00240842159217E-06,3.97932207507107E-06,6.07055473018074E-06,1.1861026413963E-05,1.43376889130515E-05,1.55934589612098E-05,1.68814436659363E-05,1.94760563540099E-05,2.34499715940181E-05,2.49906683907695E-05,2.85475721710689E-05,2.89494484884551E-05,2.93518580542794E-05,2.97580545350166E-05,3.13946572786303E-05,3.3470224191347E-05,3.6205502557357E-05,3.63568394454805E-05,3.66739473098735E-05,3.68153118437667E-05,3.71456476491799E-05,3.73009999284542E-05,3.76193159804465E-05,3.82446822267331E-05,3.98825311098395E-05,4.07125278721968E-05,4.10480191217409E-05,4.13891065631408E-05,4.15554626749613E-05,4.1654464416685E-05,4.17873101131258E-05,4.20517140503828E-05,4.23035165293907E-05,4.25470458015349E-05,4.26513448628844E-05,4.26987430434138E-05,4.27073903811488E-05,4.27862290591015E-05
YIR027C,50113.8,YIR027C_translation_Ribosome,0,0,0,0,0,0,0,0,0,0,0,0,0,0,0,0,0,0,0,0,0,0,0,0,0,0,0,0,0,0,0,0,0,0,0,0,0,0
YIR028W,71759.6,YIR028W_translation_Ribosome,0,0,0,0,0,0,0,0,0,0,0,0,0,0,0,0,0,0,0,0,0,0,0,0,0,0,0,0,0,0,0,0,0,0,0,0,0,0
YIR029W,38706.1,YIR029W_translation_Ribosome,0,0,0,0,0,0,0,0,0,0,0,0,0,0,0,0,0,0,0,0,0,0,0,0,0,0,0,0,0,0,0,0,0,0,0,0,0,0
YIR031C,62786.6,YIR031C_translation_Ribosome,0,0,0,0,0,0,0,0,0,0,0,0,0,0,0,0,0,0,0,0,0,0,0,0,0,0,0,0,0,0,0,0,0,0,0,0,0,0
YIR032C,21718.9,YIR032C_translation_Ribosome,0,0,0,0,0,0,0,0,0,0,0,0,0,0,0,0,0,0,0,0,0,0,0,0,0,0,0,0,0,0,0,0,0,0,0,0,0,0
YIR034C,41473.3,YIR034C_translation_Ribosome,2.09718826451672E-05,3.55124561400802E-05,6.28991912027495E-05,0.000123820287979,0.000146248374066,0.000156614414319,0.000167328411296,0.000187591751159,0.000217318141339,0.00022803688898,0.000252015962832,0.000254517040018,0.000257025509173,0.000259606281851,0.000270180144307,0.000282763019081,0.000299589417851,0.000300340579761,0.000302280168318,0.000302872231445,0.000304955123657,0.000305916554246,0.000307634069687,0.000311010982669,0.000320263742899,0.000324862513437,0.000326586783777,0.000328532414948,0.000329456031973,0.000330042083767,0.000330618895036,0.000332406806288,0.000333868842978,0.000335275464845,0.000335912687296,0.000336218020877,0.000336256727116,0.000336695288214
YIR037W,18643.6,YIR037W_translation_Ribosome,0,0,0,0,0,0,0,0,0,0,0,0,0,0,0,0,0,0,0,0,0,0,0,0,0,0,0,0,0,0,0,0,0,0,0,0,0,0
YJL001W,23543.8,YJL001W_translation_Ribosome,0.000168078581437,0.000169121918478,0.00017113521209,0.000176259732734,0.000178232544381,0.000178872902248,0.000180471802791,0.000182750830582,0.000186362043296,0.000189008023437,0.000191357736106,0.000191610950674,0.000191867270026,0.000192125790177,0.000193217507195,0.0001944717197,0.000194225159906,0.000194187947038,0.000194134821258,0.000194075747686,0.000194039552609,0.000194013335513,0.000193939024622,0.000193766419044,0.000193388500326,0.000193174769473,0.000193084997223,0.00019300377813,0.000192978364677,0.000193057206521,0.000193160122074,0.000193370984235,0.000193571215431,0.000193765990221,0.000193846097678,0.000193893020467,0.000193894093117,0.000193946112369
YJL005W,227830.7,YJL005W_translation_Ribosome,0,0,0,0,0,0,0,0,0,0,0,0,0,0,0,0,0,0,0,0,0,0,0,0,0,0,0,0,0,0,0,0,0,0,0,0,0,0
YJL008C,61651,YJL008C_translation_Ribosome,1.177320161608E-05,1.63989455926186E-05,2.59729673895389E-05,5.0537376524248E-05,6.40134790615212E-05,6.72806381532255E-05,8.18090475932201E-05,9.51668646914763E-05,0.000112475668025,0.000119435794423,0.000145318436594,0.000148535737373,0.000151561875071,0.000154731840152,0.000166318236854,0.00018217682208,0.000187647251582,0.000189801972504,0.000193419636816,0.000195431104412,0.000199358820107,0.000201320643395,0.000205201914073,0.000213172482169,0.000233001562737,0.000242221680816,0.000247119322432,0.000251221966391,0.000253273198513,0.0002543409092,0.000239538809725,0.000258547136578,0.000261311582827,0.00024862263312,0.000265014924473,0.000265197170518,0.000264550491834,0.000264937114227
YJL010C,77726,YJL010C_translation_Ribosome,5.66577152359325E-06,7.50928139356459E-06,1.14555954064481E-05,2.23826529440595E-05,2.70563021917677E-05,2.94260351461082E-05,3.18565595912112E-05,3.67527897566748E-05,4.42518680439892E-05,4.71592792991496E-05,5.38714254567647E-05,5.46297964294407E-05,5.53891736822062E-05,5.6155697129514E-05,5.92440901521007E-05,6.31608417255414E-05,6.83225186525671E-05,6.86081027939628E-05,6.92065092915813E-05,6.94732748471326E-05,7.00966434688278E-05,7.03898049566878E-05,7.09904913955848E-05,7.21706047487667E-05,7.52613493307223E-05,7.68276159275715E-05,7.74607132618354E-05,7.81043710329237E-05,7.84182975841383E-05,7.86051213503556E-05,7.88558112160358E-05,7.93547614213654E-05,7.98299317229384E-05,8.02894898581186E-05,8.04863100666824E-05,8.05757540142753E-05,8.05920721938879E-05,8.07408467354492E-05
YJL014W,58807.9,YJL014W_translation_Ribosome,1.12302681759951E-05,1.56426911569343E-05,2.47751969789179E-05,4.82067928322383E-05,6.10614308819327E-05,6.41779215333258E-05,7.80363382582169E-05,9.07781457249658E-05,0.000107288735587,0.000113927888515,0.000138616925717,0.000141685857324,0.000144572441534,0.000147596220377,0.000158648298342,0.000173775548413,0.000178993703368,0.000181049057092,0.000184499889051,0.000186418595727,0.000190165180727,0.000192036532493,0.000195738814336,0.000203341811392,0.000222256453282,0.000231051376024,0.000235723157802,0.000239636604067,0.000241593241485,0.000242611713584,0.000228492228324,0.000246623966411,0.000249260927345,0.000237157141754,0.000252793485538,0.000252967327118,0.000252350470694,0.000252719263593
YJL026W,46129.7,YJL026W_translation_Ribosome,0,2.19244409289982E-06,0,1.64823839742514E-06,4.62791614218985E-06,0,0,0,2.48627409792129E-06,9.21382855325453E-06,9.85237607109429E-06,9.92021759178637E-06,9.98737035108664E-06,1.00542999971152E-05,1.03162597020708E-05,1.06320697924187E-05,0,0,0,0,0,0,0,0,0,0,0,0,0,0,3.27083298716138E-06,0,0,0,0,0,0,0
YJL033W,87192.6,YJL033W_translation_Ribosome,6.35583138393918E-06,8.42387063320536E-06,1.28508240233161E-05,2.51087371676171E-05,3.03516112302952E-05,3.30099646460715E-05,3.5736513622374E-05,4.12290777363796E-05,4.96415025810196E-05,5.29030205622189E-05,6.04326692648728E-05,6.1283405657742E-05,6.213527089009E-05,6.29951526842351E-05,6.64596950183472E-05,7.08534854262209E-05,7.66438262597564E-05,7.69641929814075E-05,7.76354821045356E-05,7.7934738239921E-05,7.86340297367691E-05,7.8962896684076E-05,7.9636743432811E-05,8.09605881123089E-05,8.44277684128083E-05,8.61847976806522E-05,8.68950027938388E-05,8.76170545470667E-05,8.79692156284222E-05,8.81787935034997E-05,8.84600160182606E-05,8.90197356188218E-05,8.95527790539263E-05,9.00683088464992E-05,9.02891006757097E-05,9.03894384049752E-05,9.040774404926E-05,9.05746385130501E-05
YJL035C,28251.8,YJL035C_translation_Ribosome,0,0,0,0,0,0,0,0,0,0,0,0,0,0,0,0,0,0,0,0,0,0,0,0,0,0,0,0,0,0,0,0,0,0,0,0,0,0
YJL039C,191493.4,YJL039C_translation_Ribosome,0,0,0,0,0,0,0,0,0,0,0,0,0,0,0,0,0,0,0,0,0,0,0,0,0,0,0,0,0,0,0,0,0,0,0,0,0,0
YJL041W,86513.9,YJL041W_translation_Ribosome,0,0,0,0,0,0,0,0,0,0,0,0,0,0,0,0,0,0,0,0,0,0,0,0,0,0,0,0,0,0,0,0,0,0,0,0,0,0
YJL045W,69381.4,YJL045W_translation_Ribosome,0,0,0,0,0,0,0.000223384403862,0.000240909775476,0,0.00092645194525,0.000908344598793,0.00090655072885,0.000904793103139,0.000903055734764,0.000896467876417,0.000888928080108,0.000167514934347,0.00016241779606,0.000152356344636,0.000147218316635,0.000137318885115,0.000132301908984,0,0,5.44545818768344E-05,3.08556220238618E-05,2.15146511254835E-05,0,8.11644472283668E-06,0,0,8.18876222093658E-06,8.22532649339567E-06,8.26058540143839E-06,8.27571084172449E-06,8.28278209170404E-06,0,8.29589178752667E-06
YJL050W,122040.2,YJL050W_translation_Ribosome,8.896017933428E-06,1.17905746227376E-05,1.79868146375988E-05,3.51437542369814E-05,4.24820077032623E-05,4.62028049100439E-05,5.00190528757859E-05,5.77067881077444E-05,6.94813424910847E-05,7.40463664349648E-05,8.45853322830025E-05,8.5776075987549E-05,8.69683996862205E-05,8.81719438646696E-05,9.30211333528086E-05,9.91709563897978E-05,0.000107275478487,0.000107723883727,0.000108663461843,0.000109082319391,0.000110061091376,0.000110521394062,0.000111464551991,0.000113317487554,0.000118170369305,0.000120629617031,0.000121623664393,0.000122634293052,0.000123127199661,0.000123420537923,0.000123814154491,0.000124597572946,0.000125343653777,0.000126065221421,0.000126374255433,0.000126514694376,0.000126540316097,0.000126773911996
YJL052W,35752.3,YJL052W_translation_Ribosome,0,0,0,0.004797865636566,0.00496439255402,0.005783592440412,0,0,0,0,0,0,0,0,0,0,0,0,0,0,0,0,0,0,0,0,0,0,0,0,0,0,0,0,0,0,0,0
YJL054W,54176.2,YJL054W_translation_Ribosome,0,0,0,0,0,0,0,0,0,0,0,0,0,0,0,0,0,0,0,0,0,0,0,0,0,0,0,0,0,0,0,0,0,0,0,0,0,0
YJL060W,50079.7,YJL060W_translation_Ribosome,3.09148875894082E-07,5.23493101773276E-07,9.27204037137692E-07,0,2.15586369658186E-06,0,2.46660689136429E-06,2.7653110585714E-06,3.20351111262288E-06,3.36151737463323E-06,3.71499559363241E-06,3.75186425313322E-06,3.78884187849273E-06,3.82688533820391E-06,3.98275583144286E-06,4.16824140075733E-06,4.41628123356173E-06,0,4.45594588820348E-06,4.46467355720316E-06,4.49537770507687E-06,4.50955026129763E-06,4.53486834918435E-06,4.58464780246475E-06,0,4.788834772178E-06,4.81425243477971E-06,4.84293320225325E-06,0,4.86518739975154E-06,4.87369023940129E-06,4.90004603984276E-06,0,4.94233325759948E-06,4.95172662527321E-06,0,4.95679815487191E-06,4.96326303323538E-06
YJL063C,26958.8,YJL063C_translation_Ribosome,4.83159906240842E-06,7.83088456267364E-06,1.51007079670058E-05,3.79816056532507E-05,4.8292452621567E-05,5.35905376353885E-05,5.90107475065833E-05,7.00459451339068E-05,8.7023191506096E-05,9.15861557462602E-05,9.38487959220398E-05,9.40704373008514E-05,9.42859139758027E-05,9.44973107358039E-05,9.52861771467479E-05,9.61593964285617E-05,9.02949600200554E-05,8.89462820122835E-05,8.62999987666498E-05,8.48951005444423E-05,8.22760342387547E-05,8.0915123630348E-05,7.82238605857522E-05,7.27233338737254E-05,5.89923841296434E-05,5.20134815368529E-05,4.92073023190041E-05,4.64061902679761E-05,4.51603390437296E-05,4.52813826658458E-05,4.54386291922359E-05,4.57674977432684E-05,4.60758426920153E-05,4.63654716207317E-05,4.65010557020302E-05,4.65605282187694E-05,4.65604667111347E-05,4.66654206035357E-05
YJL068C,33929.4,YJL068C_translation_Ribosome,0,0,0,0,0,0,0,0,0,0,0,0,0,0,0,0,0,0,0,0,0,0,0,0,0,0,0,0,0,0,0,0,0,0,0,0,0,0
YJL069C,66390,YJL069C_translation_Ribosome,4.8394433194987E-06,6.41408527029248E-06,9.78484649967951E-06,1.91182400864075E-05,2.31102578610948E-05,2.51343755416479E-05,2.72104185376903E-05,3.13925547686184E-05,3.77979250114561E-05,4.02813029445815E-05,4.60145116958882E-05,4.66622775512772E-05,4.73109029251688E-05,4.7965632252122E-05,5.06035965468179E-05,5.39491068903417E-05,5.83579756239088E-05,5.86019085568689E-05,5.91130400621167E-05,5.93408990183611E-05,5.98733520301505E-05,6.01237571864563E-05,6.06368361134353E-05,6.16448350522428E-05,6.42848079415724E-05,6.56226413482165E-05,6.61634041820401E-05,6.67131872587783E-05,6.69813289840072E-05,6.7140905314182E-05,6.73550331502022E-05,6.77812136320465E-05,6.8187082405963E-05,6.85796159802446E-05,6.87477308150045E-05,6.88241297507621E-05,6.88380679946507E-05,6.89651444145649E-05
YJL071W,65619.9,YJL071W_translation_Ribosome,0,0,0,0,0,0,0,0,0,0,0,0,0,0,0,0,0,0,0,0,0,0,0,0,0,0,0,0,0,0,0,0,0,0,0,0,0,0
YJL088W,37839.6,YJL088W_translation_Ribosome,8.84285344459216E-09,5.63217970654669E-08,1.48599401917974E-07,3.7254746565225E-07,4.58656771759478E-07,5.05354349398825E-07,5.44073120102371E-07,6.28878314885604E-07,7.53929272776319E-07,8.01385570630434E-07,8.99730465971672E-07,9.10980795957094E-07,9.22382454224156E-07,9.33204377576206E-07,9.76163029661551E-07,1.03201337203502E-06,1.09518067483697E-06,1.09842065182854E-06,1.10440830850567E-06,1.10805681647345E-06,1.11367563567574E-06,1.11662294574386E-06,1.1230596900823E-06,1.13563019220272E-06,1.16639099561272E-06,1.18196751424953E-06,1.18870750124786E-06,1.19472341310667E-06,1.19781720650024E-06,1.19928819620213E-06,1.20161537730129E-06,1.20489653750178E-06,1.20888042493639E-06,1.21241050052323E-06,1.21393514985881E-06,1.2142949978707E-06,1.21466891151826E-06,1.21631931122389E-06
YJL091C,55484.7,YJL091C_translation_Ribosome,0,0,0,0,0,0,0,0,0,0,0,0,0,0,0,0,0,0,0,0,0,0,0,0,0,0,0,0,0,0,0,0,0,0,0,0,0,0
YJL096W,18406.9,YJL096W_translation_Ribosome,3.29891392724623E-06,5.34676280311726E-06,1.0310444881741E-05,2.59330391968047E-05,3.29730680208289E-05,3.65904887161459E-05,4.02912936881066E-05,4.78258938634253E-05,5.94175995865379E-05,6.25330953234505E-05,6.40779783097688E-05,6.42293103681559E-05,6.43764332967789E-05,6.45207705455313E-05,6.50593918914223E-05,6.56556075982942E-05,6.1651494116695E-05,6.07306452205551E-05,5.89238188382957E-05,5.79645839655881E-05,5.61763407358389E-05,5.52471396780069E-05,5.34096020377718E-05,4.96539584210082E-05,4.02787555616694E-05,3.55137080767949E-05,3.35977080973811E-05,3.16851678725911E-05,3.08345269353245E-05,3.09171729673412E-05,3.10245375787708E-05,3.12490820886155E-05,3.14596135157224E-05,3.16573660391281E-05,3.17499399899736E-05,3.17905465699536E-05,3.1790504573838E-05,3.18621648777847E-05
YJL097W,24526.9,YJL097W_translation_Ribosome,3.08288667319564E-11,4.54836802443501E-11,7.02156693174897E-11,2.24687868350324E-10,1.27362004705204E-10,1.33101206429808E-10,1.38469375693515E-10,1.48035726280626E-10,1.60062413560657E-10,3.22229640365078E-10,1.71986136014991E-10,1.72795366845944E-10,3.41005893434698E-10,3.42546738287684E-10,1.77375694083791E-10,3.55262708542936E-10,3.63188628070926E-10,3.63589308787252E-10,1.85508774765588E-10,1.85696202289207E-10,3.65634446627852E-10,3.66028081841428E-10,3.66825518350226E-10,3.68357425338731E-10,1.89447299705179E-10,1.90371964541774E-10,1.90735398759896E-10,1.9109889427576E-10,1.91274240540889E-10,1.91377483662367E-10,1.91515034857279E-10,1.91787146951406E-10,1.9204267250033E-10,1.92287163350879E-10,1.92390709402264E-10,1.92439455339733E-10,1.92448561542381E-10,3.7821158413094E-10
YJL100W,70209.5,YJL100W_translation_Ribosome,0,0,0,0,0,0,0,0,0,0,0,0,0,0,0,0,0,0,0,0,0,0,0,0,0,0,0,0,0,0,0,0,0,0,0,0,0,0
YJL101C,78241.2,YJL101C_translation_Ribosome,0,0,0,0,0,0,0,0,0,0,0,0,0,0,0,0,0,0,0,0,0,0,0,0,0,0,0,0,0,0,0,0,0,0,0,0,0,0
YJL104W,16222.3,YJL104W_translation_Ribosome,7.40294372386332E-06,1.12785086600771E-05,2.02337844074003E-05,4.73209455354607E-05,5.93794058338179E-05,6.55784914778788E-05,7.19145443140657E-05,8.4840296706232E-05,0.000105039729889,0.000111314401247,0.00011410260676,0.000114388412516,0.000114669220253,0.000114945913549,0.000116098715718,0.000117547153519,0.000109243591357,0.000107670894764,0.000104585826249,0.000102947634473,9.98960804597612E-05,9.83093799553356E-05,9.51754704443624E-05,8.87684781889628E-05,7.27897950628908E-05,6.46726631538933E-05,6.14108505218014E-05,5.81541023529555E-05,5.6707625661638E-05,5.68619522887599E-05,5.70641869445964E-05,5.74811534607503E-05,5.78751204143172E-05,5.82482261769696E-05,5.84178364636813E-05,5.84926538884722E-05,5.84990131813755E-05,5.8632268814366E-05
YJL109C,200069.9,YJL109C_translation_Ribosome,1.4583927413583E-05,1.93291971474452E-05,2.94871706688692E-05,5.76138632665092E-05,6.96440274023717E-05,7.57438168576583E-05,8.20000860941985E-05,9.46031826073508E-05,0.000113906116542,0.000121389911914,0.000138667250392,0.000140619328264,0.000142573996342,0.000144547059017,0.000152496708853,0.000162578587448,0.000175864954771,0.000176600060021,0.000178140382797,0.000178827048238,0.000180431624542,0.000181186234191,0.000182732425629,0.000185770085622,0.000193725788468,0.000197757422688,0.000199387041096,0.0002010438425,0.00020185190227,0.000202332794278,0.000202978080236,0.000204262398452,0.000205485506225,0.000206668427643,0.000207175050902,0.000207405283278,0.000207447286939,0.000207830238688
YJL111W,59725.2,YJL111W_translation_Ribosome,1.14054406442832E-05,1.58866896775116E-05,2.51616465577799E-05,4.89587341711572E-05,6.20138820075127E-05,6.51789844419235E-05,7.92535681386286E-05,9.21941254330239E-05,0.000108962251511,0.00011570496357,0.00014077910641,0.000143895907962,0.000146827517818,0.000149898462303,0.000161122933281,0.000176486141897,0.000181785690908,0.000183873104543,0.000187377763422,0.000189326398554,0.000193131423702,0.000195031965271,0.000198791996211,0.000206513586674,0.000225723263771,0.000234655371869,0.000239400025241,0.000243374514397,0.000245361671924,0.0002463960304,0.000232056305957,0.000250470867327,0.000253148960222,0.000240856376825,0.000256736620122,0.000256913173325,0.000256286695024,0.000256661240445
YJL121C,25961.4,YJL121C_translation_Ribosome,8.90323369183923E-07,1.48137706255536E-06,2.56123929834447E-06,4.85335159940681E-06,5.65576942839828E-06,6.03806830153315E-06,6.40531622668749E-06,7.11251559096069E-06,8.10502862403954E-06,8.89800954111456E-06,9.71773051253989E-06,9.80633241913653E-06,9.89328376772028E-06,9.98309032610291E-06,1.03347742054529E-05,1.07645003149153E-05,1.07391036436632E-05,1.07647402614331E-05,1.08202110495545E-05,1.08424530922896E-05,1.09010398081608E-05,1.09268005577415E-05,1.09819450911638E-05,1.10860935598119E-05,1.13599942910985E-05,1.1495902098829E-05,1.154932875552E-05,1.16052552110916E-05,1.16323731661481E-05,1.16506048216021E-05,1.16745909614987E-05,1.17234417816483E-05,1.17693727773708E-05,1.18138358240503E-05,1.18327589893765E-05,1.18404883772914E-05,1.18418543857656E-05,1.18546280479582E-05
YJL122W,19301.4,YJL122W_translation_Ribosome,1.40695935060961E-06,1.86475109859954E-06,2.84472414865061E-06,5.5581985118811E-06,6.71878793613701E-06,7.30725464798257E-06,7.91081747798426E-06,9.1266795693781E-06,1.09888969696659E-05,1.17108832754111E-05,1.33776848327612E-05,1.3566008192924E-05,1.37545814387687E-05,1.39449292717443E-05,1.47118580868919E-05,1.56844900095382E-05,1.69662694789473E-05,1.70371874953991E-05,1.71857874899072E-05,1.72520323589847E-05,1.74068311021953E-05,1.74796307720842E-05,1.7628796935681E-05,1.79218499665215E-05,1.86893627354039E-05,1.90783077228267E-05,1.92355223599824E-05,1.93953594299832E-05,1.94733156085543E-05,1.95197088391498E-05,1.95819616937086E-05,1.97058640879286E-05,1.9823861309692E-05,1.99379816219475E-05,1.99868572307987E-05,2.00090685038614E-05,2.00131207349292E-05,2.00500653472403E-05
YJL125C,43920.2,YJL125C_translation_Ribosome,0,0,0,0,0,0,0,0,0,0,0,0,0,0,0,0,0,0,0,0,0,0,0,0,0,0,0,0,0,0,0,0,0,0,0,0,0,0
YJL129C,141084.1,YJL129C_translation_Ribosome,0,0,0,0,0,0,0,0,0,0,0,0,0,0,0,0,0,0,0,0,0,0,0,0,0,0,0,0,0,0,0,0,0,0,0,0,0,0
YJL130C,244996.8,YJL130C_translation_Ribosome,1.17604816691204E-06,1.83567042518806E-06,4.141028331705E-06,6.23331661144035E-06,7.42171399115575E-06,8.0024868149263E-06,1.1825059840129E-05,1.34302067893546E-05,1.13629407338553E-05,1.19772348581801E-05,1.33439292776863E-05,1.34947579543501E-05,1.36450750250162E-05,1.37960685739111E-05,1.43978895173608E-05,1.5146501567499E-05,2.24478945579364E-05,2.2518338104353E-05,2.266318214846E-05,2.27311700354012E-05,2.28791555819946E-05,2.29496633719204E-05,2.30953785682397E-05,1.67866391090614E-05,2.4112155066858E-05,2.44794796757993E-05,2.46288023567157E-05,1.78162835239546E-05,2.48502081131374E-05,2.48921465080641E-05,2.49495705720951E-05,2.50590872811317E-05,2.51661094791165E-05,1.81871844711918E-05,1.82204858849928E-05,2.5331329814043E-05,2.51487725741038E-05,2.53717805020421E-05
YJL134W,47386.3,YJL134W_translation_Ribosome,0,0,0,0,0,0,0,0,0,0,0,0,0,0,0,0,0,0,0,0,0,0,0,0,0,0,0,0,0,0,0,0,0,0,0,0,0,0
YJL136C,9759,YJL136C_translation_Ribosome,0.000552852062387,0.00059466250045,0.00067205711945,0.00083935740098,0.00089878152985,0.000926968748089,0.000954982213491,0.001008194880015,0.001083423426458,0.001111008276532,0.001172202075817,0.001178877554151,0.001185514294026,0.001192176195988,0.001218578213002,0.0012511014892,0.001292940284958,0.001295268531186,0.001300122759109,0.001302271645182,0.001307310993325,0.001309668719315,0.001314484552866,0.001323888783246,0.001348185813485,0.001360310172464,0.001365174622028,0.001370108672105,0.001372500414018,0.001373930524349,0.001375852767692,0.00137965483557,0.001383266441089,0.001386752857292,0.001388243715676,0.001388888302734,0.001389000964912,0.001390079605737
YJL137C,44536.3,YJL137C_translation_Ribosome,8.05664105636321E-05,0,0,0,0,0,0,0,0,0,0,0,0,0,0,0,2.48835917710637E-05,2.38741124704563E-05,2.1766149909908E-05,2.08277149197027E-05,1.86560278146965E-05,1.76388375134741E-05,1.55635468965551E-05,1.15259562052183E-05,1.20797045985824E-06,0,0,0,0,0,0,0,0,0,0,0,0,0
YJL138C,44684.5,YJL138C_translation_Ribosome,0,0,0,0,0,0,0,0,0,0,0,0,0,0,0,0,0,0,0,0,0,0,0,0,0,0,0,0,0,0,0,0,0,0,0,0,0,0
YJL139C,50820.4,YJL139C_translation_Ribosome,0,0,0,0,0,0,0,0,0,0,0,0,0,0,0,0,0,0,0,0,0,0,0,0,0,0,0,0,0,0,0,0,0,0,0,0,0,0
YJL143W,16590.5,YJL143W_translation_Ribosome,7.57096945875458E-06,1.15344986792878E-05,2.06930336765425E-05,4.83949962031315E-05,6.07271492011587E-05,6.70669364309468E-05,7.35467996179646E-05,8.67659297698071E-05,0.000107423832546,0.000113840921071,0.000116692410907,0.000116984703639,0.000117271884912,0.000117554858357,0.000118733825852,0.000120215139065,0.000111723109695,0.000110114717369,0.000106959626587,0.000105284252524,0.000102163436927,0.000100540722841,9.73356825115548E-05,9.07832697825825E-05,7.44419160655943E-05,6.61405483843022E-05,6.28047018968917E-05,5.94740348216164E-05,5.79947272297643E-05,5.81525566317151E-05,5.8359381438164E-05,5.87858119064854E-05,5.91887207876644E-05,5.95702949883194E-05,5.97437549453965E-05,5.98202705126091E-05,5.98267741433465E-05,5.99630542996208E-05
YJL153C,59633.6,YJL153C_translation_Ribosome,0,4.99102055158265E-06,2.652585031345E-05,6.51636199923742E-05,7.65886864650776E-05,8.16515975290847E-05,8.63956455514499E-05,9.48732724041082E-05,0.000105584283594,0.000109135416715,0.000116284677841,0.000117014720355,0.000117731605288,0.000118440360285,0.000121158457327,0.000124313811156,0.000128001572677,0.00012818867792,0.000128577159437,0.000128749230446,0.000129144706196,0.000129328940383,0.000129702402309,0.000130420696813,0.000132208028457,0.00013306524742,0.000133402793804,0.000133740652236,0.00013390381001,0.000133999903579,0.000134127951068,0.000134381397666,0.000134619671344,0.000134847729535,0.000134944430698,0.0001349899401,0.000134998451913,0.000135073560648
YJL155C,52593.4,YJL155C_translation_Ribosome,0,0,0,0,0,0,0,0,0,0,0,0,0,0,0,0,0,0,0,0,0,0,0,0,0,0,0,0,0,0,0,0,0,0,0,0,0,0
YJL166W,10980.7,YJL166W_translation_Ribosome,0.000174862016197,0.000229907475377,0.000328093737055,0.000526098861673,0.000591956229921,0.000622647712833,0.000652136737721,0.000707703307705,0.000783697891578,0.000793309667256,0.000750263028484,0.000745759578835,0.000741312664093,0.000736893588022,0.000719688182741,0.000699166983919,0.000627090785246,0.000616282781256,0.00059504203214,0.000584098261442,0.000563264124454,0.000552663193193,0.00053176707754,0.000489903242155,0.000388477967617,0.000338832587373,0.000319200151487,0.00029976869115,0.000291127339779,0.000291508416677,0.000291985921463,0.00029303501148,0.000293998162587,0.00029491145517,0.000295319224784,0.000295508572827,0.000295549859749,0.000295894238206
YJL167W,40474.7,YJL167W_translation_Ribosome,5.6055291027937E-05,8.27017403943644E-05,0.000127671244374,0.000207969674333,0.000231578873843,0.000242014308455,0.000251775104821,0.00026916934026,0.000291037139081,0.000298253723529,0.000312717719756,0.000314189122197,0.00031563290499,0.000317059101271,0.000322517406806,0.000328828923168,0.000336165104311,0.000336535971856,0.000337305566505,0.00033764636088,0.000338428938547,0.000338793284819,0.000339531387024,0.000340949310474,0.000344466879427,0.000346148172384,0.000346808994952,0.000347469928975,0.000347788756327,0.00034797648049,0.000348226586092,0.000348721360122,0.000349185975287,0.00034963052636,0.000349818801333,0.000349907434747,0.000349923992308,0.000350070257724
YJL177W,20574.9,YJL177W_translation_Ribosome,0.001165578020127,0.001253726967978,0.001416898045596,0.001769617234288,0.001894901127013,0.001954328240092,0.00201338903006,0.002125577296529,0.002284181643308,0,0,0,0,0,0,0,0,0,0,0,0,0,0,0,0,0,0,0,0,0,0,0,0,0,0,0,0,0
YJL179W,12784.9,YJL179W_translation_Ribosome,3.08401104039424E-06,4.82596436072913E-06,7.44585160618111E-06,1.57627918781277E-05,1.94449931452773E-05,2.14165108391513E-05,2.44914441603496E-05,2.86393893939155E-05,3.54756171848506E-05,3.7061565000557E-05,4.48295370067513E-05,4.53771981532456E-05,4.59301814920385E-05,4.67540038720235E-05,5.07549055031044E-05,5.39460684649135E-05,5.39185966623674E-05,5.4129663076411E-05,5.53848597027067E-05,5.58220081720489E-05,5.67808889267293E-05,6.13127297634002E-05,5.82421407347111E-05,6.01193030357854E-05,6.49976864433392E-05,6.74114901465209E-05,6.84185393960745E-05,6.94035991766287E-05,6.98629717713822E-05,7.01287514748984E-05,7.2107225010581E-05,7.12269570149986E-05,7.18625423512647E-05,7.45176294959688E-05,7.28228092934749E-05,7.34552737907978E-05,7.33303210567762E-05,7.3447507254E-05
YJL184W,13598.2,YJL184W_translation_Ribosome,0,0,0,0,0,0,0,0,0,0,0,0,0,0,0,0,0,0,0,0,0,0,0,0,0,0,0,0,0,0,0,0,0,0,0,0,0,0
YJL189W,6358.9,YJL189W_translation_Ribosome,0.000360234755561,0.000387478161093,0.000437907984104,0.000546919743528,0.000585640113758,0.000604006719154,0.000622260108348,0.000656933130703,0.000705951555129,0.000723925661403,0.000763799137198,0.000768148834828,0.000772473290735,0.000776814142091,0.00079401752215,0.000815209474298,0.000842471357518,0.000843988427396,0.000847151410277,0.000848551610262,0.000851835216257,0.000853371494954,0.000856509460316,0.000862637194773,0.000878468979339,0.000886369131641,0.000889538774876,0.000892753769346,0.000894312212594,0.000895244063048,0.000896496584125,0.000898973986464,0.000901327284788,0.000903599010578,0.000904570444063,0.000904990452736,0.000905063862668,0.000905766697911
YJL190C,14635.3,YJL190C_translation_Ribosome,0.000829096812036,0.000891798759384,0.001007865309999,0.001258760874122,0.001347877582111,0.001390149166811,0.00143216017923,0.001511961730453,0.001624779882493,0.001666148112463,0.001757918745794,0.001767929774389,0.001777882707999,0.001787873376488,0.001827467744722,0.001876241994558,0.00193898646915,0.001942478075055,0.001949757825226,0.001952980449711,0.001960537819511,0.001964073635392,0.001971295806596,0.001985399068495,0.002021836646797,0.00204001920966,0.002047314288941,0.002054713746169,0.002058300574781,0.00206044527134,0.002063328006046,0.002069029861156,0.00207444608518,0.002079674566279,0.002081910365,0.002082877034225,0.00208304599055,0.002084663598098
YJL191W,14661.1,YJL191W_translation_Ribosome,0.000830558394494,0.000893370876662,0.001009642036476,0.00126097989461,0.001350253702971,0.0013925998066,0.001434684878596,0.001514627108863,0.001627644143626,0.001669085300037,0.001761017712241,0.001771046388888,0.001781016868137,0.001791025148786,0.001830689316389,0.001879549548449,0,0,0,0,0,0,0,0,0,0,0,0,0,0,0,0,0,0,0,0,0,0
YJL196C,36249.2,YJL196C_translation_Ribosome,0,0,0,0,0,0,0,0,0,0,0,0,0,0,0,0,0,0,0,0,0,0,0,0,0,0,0,0,0,0,0,0,0,0,0,0,0,0
YJL198W,97687.3,YJL198W_translation_Ribosome,0,1.56260547074226E-05,0,0,0,0,0,0,0,0,0,9.1927191999047E-05,0,9.36563887839481E-05,0,0.000101319107759,0,0,0,0,0,0,0,0,0,0,0,0,0,0,0,0,0,0,0,0,0,0
YJL212C,91630.2,YJL212C_translation_Ribosome,0,0,0,0,0,0,0,0,0,0,0,0,0,0,0,0,0,0,0,0,0,0,0,0,0,0,0,0,0,0,0,0,0,0,0,0,0,0
YJL214W,63486,YJL214W_translation_Ribosome,0,0,0,0,0,0,0,0,0,0,0,0,0,0,0,0,0,0,0,0,0,0,0,0,0,0,0,0,0,0,0,0,0,0,0,0,0,0
YJL216C,67538.3,YJL216C_translation_Ribosome,0,0,0,0,0,0,0,0,0,0,0,0,0,0,0,0,0,0,0,0,0,0,0,0,0,0,0,0,0,0,0,0,0,0,0,0,0,0
YJL219W,62863.3,YJL219W_translation_Ribosome,0,0,0,0,0,0,0,0,0,0,0,0,0,0,0,0,0,0,0,0,0,0,0,0,0,0,0,0,0,0,0,0,0,0,0,0,0,0
YJL221C,68681.1,YJL221C_translation_Ribosome,0,0,0,0,0,0,0,0,0,0,0,0,0,0,0,0,0,0,0,0,0,0,0,0,0,0,0,0,0,0,0,0,0,0,0,0,0,0
YJR001W,65351.8,YJR001W_translation_Ribosome,0,0,0,0,0,0,0,0,0,0,0,0,0,0,0,0,0,0,0,0,0,0,0,0,0,0,0,0,0,0,0,0,0,0,0,0,0,0
YJR002W,66896.9,YJR002W_translation_Ribosome,4.87639336948595E-06,6.46305800449207E-06,9.85955562290119E-06,1.92642114058803E-05,2.32867089788805E-05,2.53262811744549E-05,2.74181751449618E-05,3.16322427639824E-05,3.80865192001639E-05,4.05888581857715E-05,4.63658410523974E-05,4.7018552720591E-05,4.76721304698708E-05,4.83318587770293E-05,5.09899644198346E-05,5.43610183571697E-05,5.88035496236641E-05,5.90493450299443E-05,5.95643791193164E-05,5.97939778210785E-05,6.03304962106608E-05,6.05828132569159E-05,6.10998096369464E-05,6.21155048351616E-05,6.47756344085943E-05,6.61236824221645E-05,6.66685740808182E-05,6.7222554853619E-05,6.74927438908003E-05,6.76535386159407E-05,6.78693013578214E-05,6.82987358069235E-05,6.87077034644293E-05,6.91032341055705E-05,6.92726325283669E-05,6.93496147842109E-05,6.93636594491843E-05,6.94917061212036E-05
YJR007W,34703.9,YJR007W_translation_Ribosome,0.00067563329713,0.000586433161638,0.000537932187855,0.000568952113475,0.000579909197672,0.000586253768615,0.000587306786805,0.000606797524323,0.000638254453081,0.000650486770049,0.000655094578261,0.000656865482675,0.00066037055819,0.000659556426007,0.000661557214536,0.000668972029128,0.000667829559577,0.00066742895623,0.000664498533429,0.000665723865074,0.000660798071455,0.000660032605459,0.000658342442704,0.000654638961571,0.00064200048845,0.000637217762196,0.000635168611387,0.000632785439954,0.00063487346986,0.000635637370688,0.00064010173896,0.000638615539902,0.000640395289418,0.000643553867043,0.000642804055689,0.000643995477552,0.000644848919072,0.000644598049479
YJR009C,35845.2,YJR009C_translation_Ribosome,0.001337701406875,0,0,0,0,0,0,0,0,0,0,0,0,0,0,0,0,0,0,0,0,0,0,0,0,0,0,0,0,0,0,0,0,0,0,0,0,0
YJR010W,57710.9,YJR010W_translation_Ribosome,0,0,0,0,0,0,0,0,0,0,0,0,0,0,0,0,0,0,0,0,0,0,0,0,0,0,0,0,0,0,0,0,0,0,0,0,0,0
YJR013W,47177.6,YJR013W_translation_Ribosome,0,0,0,0,0,0,0,0,0,0,0,0,0,0,0,0,0,0,0,0,0,0,0,0,0,0,0,0,0,0,0,0,0,0,0,0,0,0
YJR016C,62863.9,YJR016C_translation_Ribosome,1.12794993330732E-05,1.8782814484568E-05,3.29094277750702E-05,6.45645931260014E-05,7.60845502752593E-05,8.16710755788048E-05,8.71667395852673E-05,9.77890977464934E-05,0.000113005818749,0.000119015973663,0.000131105697227,0.000132438579058,0.000133761378967,0.000135092847465,0.000140368128459,0.000146885113767,0.000154366622289,0.000154774224768,0.00015560855184,0.00015596895791,0.000156849589317,0.000157230778673,0.000158092888341,0.000159712116039,0.000163909497084,0.000166000467664,0.000166843977672,0.00016769469867,0.000168112317413,0.000168400655247,0.00016878911985,0.000169550827816,0.000170280575402,0.000170976676051,0.000171284225072,0.000171431741079,0.000171445651867,0.000171650115673
YJR019C,40264,YJR019C_translation_Ribosome,0,0,0,0,0,0,0,0,0,0,0,0,0,0,0,0,0,0,0,0,0,0,0,0,0,0,0,0,0,0,0,0,0,0,0,0,0,0
YJR025C,20229.2,YJR025C_translation_Ribosome,0,0,0,0,0,0,0,0,0,0,0,0,0,0,0,0,0,0,0,0,0,0,0,0,0,0,0,0,0,0,0,0,0,0,0,0,0,0
YJR041C,135099.7,YJR041C_translation_Ribosome,9.84797922324565E-06,1.30522819067771E-05,1.99115804586948E-05,3.89044810995878E-05,4.70279997583455E-05,5.1146958809519E-05,5.53715827883174E-05,6.38819811940642E-05,7.69165285384881E-05,8.19700548790793E-05,9.36367935797709E-05,9.49549585554192E-05,9.62748726000817E-05,9.76072078260582E-05,0.000102975308215,0.000109783222717,0.000118755008275,0.000119251397281,0.000120291519483,0.000120755198902,0.000121838709102,0.000122348268697,0.000123392353786,0.000125443571654,0.000130815759414,0.000133538170799,0.000134638590992,0.000135757366843,0.0001363030193,0.000136627747638,0.000137063485044,0.000137930736968,0.000138756655775,0.000139555438244,0.000139897541931,0.00014005300922,0.000140081372717,0.00014033996567
YJR042W,84849.2,YJR042W_translation_Ribosome,0,0,0,0,0,0,0,0,0,0,0,0,0,0,0,0,0,0,0,0,0,0,0,0,0,0,0,0,0,0,0,0,0,0,0,0,0,0
YJR045C,70620.5,YJR045C_translation_Ribosome,0.000126877827977,0.000200466606271,0.0003766728737,0.000931885893544,0.001184597922081,0.001315328218927,0.001449514690431,0.001724575152009,0.002156408454254,0.002289524713046,0.002361860415454,0.002369306382933,0.002376627790675,0.00238386016159,0.002413240006649,0.002449439389632,0.002288918227207,0.002256180694589,0.002191974049615,0.002157785009217,0.002094224755732,0.002061114701495,0.001995690029103,0.001861705433858,0.001526665095291,0.00135590814177,0.001287187585885,0.001218528845089,0.001188028935851,0.001191387414761,0.001195787100834,0.001204868692763,0.001213444655169,0.001221559466188,0.001225265969555,0.001226899911026,0.00122701212719,0.00122991222162
YJR047C,17120.5,YJR047C_translation_Ribosome,0.000333310661439,0.000289305494305,0.000265378473952,0.000280681556215,0.00028608702246,0.000289216994216,0.000289736480439,0.000299351860026,0.000314870529363,0.00032090510711,0.000323178280456,0.000324051922007,0.000325781083437,0.000325379447021,0.000326366497467,0.000330024453295,0.000329460837967,0.00032926320803,0.000327817540437,0.000328422034181,0.000325991988864,0.000325614360973,0.000324780551762,0.000322953510746,0.000316718563692,0.000314359097902,0.000313348188856,0.000312172497176,0.000313202586474,0.00031357944222,0.000315781852238,0.000315048664585,0.000315926669697,0.000317484893073,0.000317114988097,0.000317702753103,0.000318123782024,0.000318000020347
YJR048W,12190.2,YJR048W_translation_Ribosome,0.000201233397313,9.34912175042331E-06,0.000377574379963,0,0.000681230640011,0.000716550782769,0.000723968167801,0.000233905315635,0.000901889344634,0.000912950696412,0.000863412085619,0.000858229459384,0.00085311189423,0.000848026366164,0.000828226170375,0.000776178692376,0.000721663926124,0.000709225939828,0.00062819218063,2.37521887945538E-05,0.000648211405848,0.000636011721441,0.000611964209952,0.000563786784103,0.000447065308436,0.000389932783347,0.000367339530354,0.000344977562538,0.0003350329872,0.000335471535265,0.00032414752974,0.000337228359676,0.000338336766028,0.000327395304563,0.000339857060942,0.00032939343152,0.000328104028004,0.000340518793586
YJR049C,59468,YJR049C_translation_Ribosome,0,0,0,0,0,0,0,0,0,0,0,0,0,0,0,0,0,0,0,0,0,0,0,0,0,0,0,0,0,0,0,0,0,0,0,0,0,0
YJR057W,24683.6,YJR057W_translation_Ribosome,0,0,0,0,0,0,0,0,0,0,0,0,0,0,0,0,0,0,0,0,0,0,0,0,0,0,0,0,0,0,0,0,0,0,0,0,0,0
YJR064W,61900.8,YJR064W_translation_Ribosome,1.18209047476383E-05,1.64653914995631E-05,2.60782057028494E-05,5.07421458979119E-05,6.42728514491478E-05,6.75532485473906E-05,8.21405247807562E-05,9.55524656192784E-05,0.000112931401458,0.000119919729176,0.000145907243677,0.000149137580444,0.000152175979569,0.000155358788842,0.000166992131771,0.000182914973451,0.000188407568259,0.000190571019765,0.000194203342275,0.000196222960017,0.000200166590188,0.00020213636247,0.000206033359437,0.000214036223001,0.000233945647835,0.000243203124359,0.000248120610436,0.000252239877653,0.000254299421039,0.00025537145792,0.000240509382703,0.000259594728259,0.000262370375602,0.000249630012299,0.000266088722597,0.000266271707074,0.000265622408151,0.000266010597077
YJR073C,23156.6,YJR073C_translation_Ribosome,1.27912298503539E-07,2.01363264450721E-07,3.25354721459308E-07,5.35191002298091E-07,6.12086540236345E-07,6.40910036618794E-07,6.67876636906998E-07,7.15950587438248E-07,7.76429381764092E-07,6.97788599788529E-07,8.34801742979239E-07,8.405294462282E-07,7.02793079793909E-07,6.85091511941465E-07,5.75741523523601E-07,7.18066723032465E-07,6.00986078256522E-07,9.02509008909097E-07,9.04646323540313E-07,9.05592808718867E-07,9.07766519132404E-07,6.15451075020735E-07,9.1082915386346E-07,7.80536861569694E-07,9.24546960091779E-07,6.19481870324391E-07,9.31061098433547E-07,9.32899897965337E-07,9.33787052325156E-07,9.34309425752435E-07,6.23336935004595E-07,9.36382330061981E-07,9.37675539762624E-07,7.59210051258326E-07,9.21163108916185E-07,9.39683861494991E-07,9.39729963533715E-07,9.40137154020531E-07
YJR077C,32821.4,YJR077C_translation_Ribosome,0.000727403491032,0,0.000553494248875,0,0,0.002525598599388,0.002642937849394,0.002863318478053,0.003163593257023,0.003192537217971,0.002992155217332,0.002971121275236,0.002950325753941,0.002929671855868,0.002849076174895,0.00275273808325,0.002440623865079,0.002394252907022,0.002303049938059,0.002256135265072,0.002166634341792,0.002121130720109,0.002031425791654,0.001851752559912,0.001416221593113,0.001203019053093,0.001118695448035,0.001035228012882,0.000998060165563,0.000999372251362,0.001001010916736,0.00100462974948,0.001007943942651,0.001010883051742,0.001012493186654,0.001013103506134,0.001012836928313,0.001014007425703
YJR078W,50779,YJR078W_translation_Ribosome,0,0,0,0,0,0,0,0,0,0,0,0,0,0,0,0,6.11407228407774E-06,6.22229319812944E-06,6.42884658740977E-06,6.59021438267798E-06,6.73647791781954E-06,6.79939902511076E-06,7.05067481271093E-06,7.51502161555518E-06,8.53348245493812E-06,9.05529457376573E-06,9.28888071807401E-06,9.48197814590662E-06,9.56980346310493E-06,9.2222103922384E-06,8.70640120503668E-06,7.83149978985095E-06,6.96532522543608E-06,6.0892512233092E-06,5.73899707452177E-06,5.90082698188989E-06,5.87826593174773E-06,5.93475031400443E-06
YJR080C,44447.4,YJR080C_translation_Ribosome,0,0,0,0,0,0,0,0,0,0,0,0,0,0,0,0,0,0,0,0,0,0,0,0,0,0,0,0,0,0,0,0,0,0,0,0,0,0
YJR094WA,10108.2,YJR094WA_translation_Ribosome,0,0,0,0,0,0,0,0,0,0,0,0,0,0,0,0,0,0,0,0,0,0,0,0,0,0,0,0,0.001421611710727,0.001423092993773,0.001425084019509,0.001429022134328,0.001432762971597,0.001436374139981,0.001437918344789,0.001438585996689,0.001438702690186,0.001439819927319
YJR095W,35359.8,YJR095W_translation_Ribosome,7.86444433157079E-07,1.22754562918188E-06,2.09419126532473E-06,4.16833024963974E-06,4.96303282216246E-06,5.35140599176023E-06,5.73865305572708E-06,6.49553540513233E-06,7.59860160141103E-06,0.000985596655472,0.001000319588412,0.001002057345359,0.001003810549746,0.001005566325148,0.001012840757147,0.001022221679397,1.07681217083398E-05,1.08023099782428E-05,1.08739668970128E-05,1.0905911618215E-05,1.09801285097724E-05,1.10149441875902E-05,1.10861989640885E-05,1.12255256631216E-05,1.15865961483668E-05,1.17675279096411E-05,1.18402565456107E-05,1.19140672900775E-05,1.1949876443498E-05,1.19711539149887E-05,1.19996567090508E-05,1.2056349806714E-05,1.21101835421798E-05,1.21620953840061E-05,1.21843646347365E-05,1.2194775666468E-05,1.21966946820005E-05,1.22140771279628E-05
YJR101W,30227.8,YJR101W_translation_Ribosome,5.41747444762635E-06,8.7804506277574E-06,1.69318063224275E-05,4.25872212177593E-05,5.41483522765926E-05,6.00888783452897E-05,6.61663380224453E-05,7.85396538539812E-05,9.75755459518958E-05,0.000102691811159,0.000105228817061,0.000105477334475,0.000105718939659,0.000105955970201,0.000106840493848,0.00010781959892,0.000101244046192,9.973182869456E-05,9.67646595070455E-05,9.51894045817059E-05,9.22527526359567E-05,9.0726819223164E-05,8.77092160264552E-05,8.15417003601123E-05,6.61457479188255E-05,5.83205898333636E-05,5.51741358309121E-05,5.20333634354025E-05,5.06364414048863E-05,5.07721626684665E-05,5.0948476768145E-05,5.13172236258279E-05,5.166295820755E-05,5.19877072813758E-05,5.21397321672267E-05,5.22064162682062E-05,5.22063473022107E-05,5.23240278098267E-05
YJR103W,64490.1,YJR103W_translation_Ribosome,1.09670072475582E-05,0,0,5.73975984334462E-05,0,7.3483791451199E-05,0,0,0,0,0,0,0,0,0,0,0,0,0,0,0,0,0,0,0,0,0,0,0,0,0,0,0,0,0,0,0,0
YJR105W,36359.5,YJR105W_translation_Ribosome,1.85626375672021E-06,2.8733742197504E-06,4.59023755707982E-06,7.65741862757692E-06,8.55975792880306E-06,8.95870461085246E-06,9.33192919923062E-06,9.99722717720254E-06,1.08340662151666E-05,1.11103657185408E-05,1.16644061734279E-05,1.17207905800026E-05,1.17761210775776E-05,1.18307825452509E-05,1.20400273330169E-05,1.22820816494497E-05,1.25635983880347E-05,1.25778355203592E-05,1.2607381047995E-05,1.26204648412404E-05,1.26505124157538E-05,1.26645026429463E-05,1.26928463435568E-05,1.27473027630886E-05,1.28824419209659E-05,1.29470584308728E-05,1.29724606792756E-05,1.2997869305648E-05,1.3010127614705E-05,1.30173454753705E-05,1.30269620358194E-05,1.30459872078123E-05,1.30638549676694E-05,1.30809517292955E-05,1.30881934405154E-05,1.30916024738389E-05,1.30922393974527E-05,1.30978651466271E-05
YJR109C,123885.1,YJR109C_translation_Ribosome,6.94192754004852E-07,1.56203685227778E-06,0,7.34436431564721E-06,8.91431173234971E-06,9.73349179721621E-06,0,0,1.42300517680634E-05,1.50747203969408E-05,1.68725174657516E-05,1.70753899486819E-05,1.72797066902969E-05,1.74778415120976E-05,1.82655891526408E-05,1.92726385192478E-05,0,0,0,0,0,0,0,2.12680319266928E-05,0,0,0,2.24536815430358E-05,0,0,0,0,0,2.28402711810235E-05,2.28742678624672E-05,0,6.03763378422125E-07,0
YJR110W,80152.6,YJR110W_translation_Ribosome,0,0,0,0,0,0,0,0,0,0,0,0,0,0,0,0,0,0,0,0,0,0,0,0,0,0,0,0,0,0,0,0,0,0,0,0,0,0
YJR113C,27828.6,YJR113C_translation_Ribosome,4.9874860033881E-06,8.08354059308351E-06,1.55879179240403E-05,3.92070459769E-05,4.98505626001358E-05,5.53195852797666E-05,6.09146730589531E-05,7.23059108251643E-05,8.98309118783678E-05,9.4541095812884E-05,9.68767379184562E-05,9.7105530345211E-05,9.73279591698082E-05,9.7546176444886E-05,9.83604948790743E-05,9.92618877491532E-05,9.32082408866164E-05,9.18160490677268E-05,8.90843860141249E-05,8.76341600891385E-05,8.49305921041222E-05,8.35257730113915E-05,8.07476789284635E-05,7.50696829620886E-05,6.08957172051498E-05,5.36916469685767E-05,5.07949290515393E-05,4.7903441788633E-05,4.66173943614825E-05,4.67423433407554E-05,4.69046632765203E-05,4.7244142458059E-05,4.75624358628358E-05,4.78614093930255E-05,4.80013679655444E-05,4.80627593063803E-05,4.80626958142604E-05,4.81710359440166E-05
YJR121W,54785.2,YJR121W_translation_Ribosome,0.002395887671742,0.003148686636901,0.004491349169318,0.007198388946903,0.008098643818047,0.008518010343157,0.008921160160458,0.009680564497326,0.010719030890366,0.010849288175287,0.010255310827915,0.010193151162591,0.010131766868684,0.010070770813862,0.009833242496809,0.009549927536428,0.00855895662984,0.008410536269236,0.008118853873898,0.007968589044747,0.007682468206888,0.007536898755716,0.007249938784919,0.006675044625893,0.005282175627597,0.004600374445661,0.004330760269862,0.004063898487078,0.00394521488241,0.003950415262594,0.003956952549719,0.003971244378112,0.003984391930278,0.003996098314201,0.004002423491754,0.004004868473233,0.004003907470361,0.004008569915671
YJR123W,25040.9,YJR123W_translation_Ribosome,0.001418579076651,0.001525861687417,0.001724450775944,0.002153731400983,0.002306209489787,0.002378535887286,0.002450416447362,0.002586956365506,0.002779987465888,0.002850768229511,0.003007787166751,0.003024915969437,0.003041945371994,0.003059039338674,0.003126785036782,0.003210237450652,0.003317592825248,0.003323566939498,0.003336022543146,0.003341536431995,0.003354467040963,0.003360516798186,0.003372873884606,0.00339700447099,0.003459348922726,0.003490459165659,0.00350294099731,0.003515601418928,0.003521738458591,0.00352540802,0.00353034035972,0.003540096195514,0.003549363318441,0.003558309214484,0.003562134651079,0.003563788615629,0.003564077698768,0.003566845414416
YJR130C,72341.2,YJR130C_translation_Ribosome,0,0,0,0,0,0,0,0,0,0,0,0,0,0,0,0,0,0,0,0,0,0,0,0,0,0,0,0,0,0,0,0,0,0,0,0,0,0
YJR133W,23666.4,YJR133W_translation_Ribosome,0,0,0,0,0,0,0,0,0,0,0,0,0,0,0,0,0,0,0,0,0,0,0,0,0,0,0,0,0,0,0,0,0,0,0,0,0,0
YJR137C,161180.1,YJR137C_translation_Ribosome,1.99435152178164E-06,4.68711261365097E-06,9.67033869733556E-06,2.07522588713651E-05,2.47727540537602E-05,2.67238162069585E-05,2.84962953139673E-05,3.20702545073205E-05,3.69643046870835E-05,3.92175850094881E-05,4.33326004019614E-05,4.37694033642187E-05,4.41448025890574E-05,4.46530639132659E-05,4.64894109178345E-05,4.86093441965126E-05,5.13034736280711E-05,5.14353822077843E-05,5.17497178346101E-05,5.18351755611951E-05,5.21911347532117E-05,5.22786011785547E-05,5.26433195990487E-05,5.31945692505948E-05,5.47255912224878E-05,5.54738048677662E-05,5.5756533936765E-05,5.60778287303874E-05,5.6232014965156E-05,5.63272978097232E-05,5.64462375070799E-05,5.67133532201187E-05,5.69470113180459E-05,5.71809471048812E-05,5.72792037487919E-05,5.73515621031629E-05,5.73608131184907E-05,5.74226765875637E-05
YJR139C,38502.4,YJR139C_translation_Ribosome,2.38466306755932E-05,4.37959442838293E-05,8.11769010984745E-05,0.000164770486943,0.000195203352307,0.000209820727946,0.000224082433346,0.000251869896968,0.000291164378334,0.000306492906671,0.00033796428154,0.000341438950835,0.000344835496752,0.000348361893752,0.000361908497376,0.000378845414824,0.000398782830756,0.000399864803312,0.000402074355134,0.000403024164971,0.000405349330808,0.000406358491009,0.000408631480862,0.000412867531599,0.000424041118085,0.000429588596335,0.000431745090333,0.000434045824384,0.000435172605887,0.000436115454763,0.000437476307068,0.00043982056666,0.000442213027208,0.000444547471546,0.000445492650105,0.000445814792576,0.000445840740413,0.00044635054352
YJR143C,87959.7,YJR143C_translation_Ribosome,0,0,0,0,0,0,0,0,0,0,0,0.000132017241144,0,0,0,0,0,0,0,0,0,0,0,0,0,0,0,0,0,0,0,0,0,0,0,0,0,0
YJR145C,29432.7,YJR145C_translation_Ribosome,0.001667376667346,0.001793475046314,0.002026893696038,0.00253146373356,0.002710684202647,0.002795695570436,0.002880182907574,0.003040669888823,0.003267555762263,0.00335075041507,0.003535308129613,0.003555441068558,0.003575457174074,0.003595549167298,0.003675176449413,0.003773265170733,0.00389944907522,0.003906470959916,0.003921111090482,0.003927592033113,0.00394279047784,0.003949901272158,0.003964425607045,0.003992788338012,0.004066067075781,0.004102633590849,0.004117304549418,0.004132185419968,0.004139398804763,0.004143711952456,0.004149509350923,0.004160976214661,0.004171868652592,0.004182383525239,0.004186879886299,0.004188823931537,0.004189163715542,0.004192416847193
YJR148W,41625.1,YJR148W_translation_Ribosome,4.30474241600157E-07,7.96984519898441E-07,1.4873766308635E-06,3.04868871028598E-06,3.61636143792491E-06,3.90768351669602E-06,4.16859942276594E-06,4.69937641969563E-06,5.45725664045085E-06,5.76384963499349E-06,6.36206420526507E-06,6.43018262161324E-06,6.49809473042015E-06,6.5644110257385E-06,6.82301562287978E-06,7.15240212308689E-06,7.50786520619088E-06,7.52930785844709E-06,7.56727685541407E-06,7.58674315118224E-06,7.62665089573793E-06,7.64384805645596E-06,7.68629640896805E-06,7.76545894327074E-06,7.9637631338947E-06,8.0636675725625E-06,8.10470360589476E-06,8.14399855540972E-06,8.16350787599724E-06,8.17360015253633E-06,8.18758725210521E-06,8.21337204880696E-06,8.2393606802317E-06,8.2621335427556E-06,8.27411473781581E-06,8.28059045712975E-06,8.28096990220826E-06,8.29175889115893E-06
YJR152W,60857.7,YJR152W_translation_Ribosome,0,0,0,0,0,0,0,0,0,0,0,0,0,0,0,0,0,0,0,0,0,0,0,0,0,0,0,0,0,0,0,0,0,0,0,0,0,0
YJR153W,37291.3,YJR153W_translation_Ribosome,0,0,0,0,0,0,0,0,0,0,0,0,0,0,0,0,0,0,0,0,0,0,0,0,0,0,0,0,0,0,0,0,0,0,0,0,0,0
YJR158W,62924.9,YJR158W_translation_Ribosome,0,0,0,0,0,0,0,0,0,0,0,0,0,0,0,0,0,0,0,0,0,0,0,0,0,0,0,0,0,0,0,0,0,0,0,0,0,0
YJR159W,38164,YJR159W_translation_Ribosome,0,0,0,0,0,0,0,0,0,0,0,0,0,0,0,0,0,0,0,0,0,0,0,0,0,0,0,0,0,0,0,0,0,0,0,0,0,0
YJR160C,67262.5,YJR160C_translation_Ribosome,0,0,0,0,0,0,0,0,0,0,0,0,0,0,0,0,0,0,0,0,0,0,0,0,0,0,0,0,0,0,0,0,0,0,0,0,0,0
YKL001C,23062.7,YKL001C_translation_Ribosome,5.05874005771823E-06,1.18890196009831E-05,2.45291410293668E-05,5.26388061954744E-05,6.28369281458493E-05,6.77858632566792E-05,7.22818164335213E-05,8.13472847517216E-05,9.37612084850529E-05,9.94767301991152E-05,0.000109914605858,0.000111022571338,0.000111974784163,0.000113264006195,0.000117921962453,0.000123299244883,0.000130132995266,0.000130467585838,0.000131264908782,0.000131481675194,0.000132384577719,0.000132606439264,0.000133531559867,0.000134929823244,0.000138813312235,0.000140711181441,0.000141428333283,0.000142243308389,0.000142634406986,0.000142876095142,0.000143177789706,0.000143855337742,0.000144448019407,0.000145041405439,0.000145290636738,0.00014547417615,0.000145497641663,0.000145654560443
YKL003C,15028.9,YKL003C_translation_Ribosome,2.69350338846796E-06,4.36553485333049E-06,8.4182912431315E-06,2.11738561509466E-05,2.69219119992087E-05,2.9875470386979E-05,3.289711052427E-05,3.90489749107146E-05,4.85133923923159E-05,5.10571381550726E-05,5.23185070935184E-05,5.24420669744486E-05,5.25621901772684E-05,5.26800389229982E-05,5.31198134828242E-05,5.36066127937895E-05,5.0337326759552E-05,4.95854703374931E-05,4.81102293671863E-05,4.73270314914747E-05,4.58669633281459E-05,4.51082875175504E-05,4.36079713621234E-05,4.05415564659715E-05,3.28868733714408E-05,2.89962985247566E-05,2.74319192924789E-05,2.58703648871013E-05,2.51758319900852E-05,2.52433109762575E-05,2.53309722341942E-05,2.55143087538691E-05,2.5686203845647E-05,2.58476651943267E-05,2.59232501461579E-05,2.59564046822211E-05,2.59563703931544E-05,2.60148797316082E-05
YKL004W,45186.5,YKL004W_translation_Ribosome,1.34719777969507E-08,1.98760186582E-08,3.06837077816656E-08,4.9982129852135E-08,5.56562170929597E-08,5.81642041324573E-08,6.05100528384682E-08,6.46904745136457E-08,6.99460444123393E-08,7.16804331501436E-08,7.51566194736496E-08,7.55102471266477E-08,7.58572368465482E-08,7.61999999342439E-08,7.7511814923079E-08,7.90286852618581E-08,8.07918171209716E-08,8.08809491054422E-08,8.1065908666407E-08,8.11478130535773E-08,8.13358928719366E-08,8.14234575744954E-08,8.1600848438646E-08,8.19416232859193E-08,8.27870137916868E-08,8.31910852178763E-08,8.33499031776712E-08,8.3508747924109E-08,8.35853728941828E-08,8.3630489344692E-08,8.3690598159585E-08,8.38095090531422E-08,8.39211717539284E-08,8.40280123763511E-08,8.40732612049014E-08,8.40945628048954E-08,8.40985421454585E-08,8.41336946600958E-08
YKL006W,15186.4,YKL006W_translation_Ribosome,0.000860316893149,0.00092537991565,0.001045817013917,0.001306160183855,0.001398632628847,0.001442495972536,0.001486088931956,0.001568895453004,0.001685961832521,0.001728887805177,0.001824114110481,0.001834502109679,0.001844829826294,0.001855196698714,0.001896282013929,0.001946892884065,0.002012000035196,0.002015623119377,0.00202317699241,0.002026520966533,0.002034362913109,0.002038031872017,0.002045525997915,0.002060160325637,0.002097969980316,0.002116837217247,0.002124406996616,0.002132085084338,0.002135806976888,0.002138032433136,0.00214102371875,0.002146940280244,0.002152560455063,0.002157985817396,0.002160305806307,0.002161308875974,0.002161484194441,0.00216316271386
YKL008C,49007.5,YKL008C_translation_Ribosome,0,0,0,0,0,0,0,0,0,0,0,0,0,0,0,0,0,0,0,0,0,0,0,0,0,0,0,0,0,0,0,0,0,0,0,0,0,0
YKL009W,27061.3,YKL009W_translation_Ribosome,1.97261074712984E-06,2.61445226276496E-06,3.98841190814546E-06,7.79280660416177E-06,9.41999730466103E-06,1.02450501106371E-05,1.1091268250851E-05,1.27959533417686E-05,1.54068532627281E-05,1.6419105639015E-05,1.87560250844395E-05,1.90200616282328E-05,1.92844485212964E-05,1.95513234532964E-05,2.06265869443049E-05,2.1990254048676E-05,2.37873578212273E-05,2.38867875889441E-05,2.40951304568905E-05,2.41880082935017E-05,2.44050420438848E-05,2.45071099615883E-05,2.47162466202215E-05,2.51271181623627E-05,2.62032003788112E-05,2.67485161065897E-05,2.69689370325568E-05,2.71930347095342E-05,2.73023322493585E-05,2.73673773306021E-05,2.74546582103866E-05,2.76283740994261E-05,2.77938107111385E-05,2.79538117476456E-05,2.8022337218016E-05,2.80534782711899E-05,2.80591596539183E-05,2.81109574114455E-05
YKL010C,167753.9,YKL010C_translation_Ribosome,0.001197590768803,0.001205024736883,0.001219369823711,0.001255882974674,0.001269939620061,0.001274502287501,0.001285894747588,0.001302133239258,0.001327863793223,0.001346716887796,0.001363459022201,0.001365263222513,0.001367089544985,0.00136893154855,0.001376710232856,0.001385646727352,0.001383889943523,0.001383624795002,0.001383246264065,0.00138282535401,0.00138256745744,0.001382380655812,0.001381851177065,0.001380621330611,0.001377928590322,0.001376405718731,0.001375766074964,0.001375187374001,0.001375006298481,0.0013755680611,0.001376301353325,0.001377803784957,0.001379230469012,0.001380618275172,0.001381189055515,0.001381523389009,0.001381531031839,0.001381901678563
YKL014C,203286.5,YKL014C_translation_Ribosome,1.48183987704364E-05,1.96399600135459E-05,2.99612471450082E-05,5.85401432945547E-05,7.07637209621849E-05,7.69615790562916E-05,8.33184327167069E-05,9.61241540137183E-05,0.000115737428571,0.000123341543772,0.000140896656603,0.000142880118774,0.000144866212796,0.00014687099715,0.000154948456536,0.000165192425333,0.000178692402646,0.000179439326463,0.000181004413595,0.000181702118818,0.000183332492506,0.000184099234302,0.000185670284449,0.000188756782058,0.00019684039177,0.00020093684411,0.000202592662513,0.000204276100944,0.000205097152199,0.000205585775691,0.000206241436157,0.000207546402847,0.000208789174989,0.000209991114685,0.00021050588312,0.000210739817029,0.000210782495999,0.00021117160461
YKL016C,19812.8,YKL016C_translation_Ribosome,0.000288820358191,0.000379569047843,0.000541424830197,0.000867754068174,0.000976278327226,0.001026832279076,0.001075431333201,0.001166976289659,0.001292161722659,0.00130786402629,0.001236261024092,0.001228767777637,0.001221368000943,0.00121401502584,0.001185381373928,0.001151228216707,0.001031768287273,0.001013876454439,0.000978714616556,0.000960600436041,0.000926109034858,0.000908560874514,0.000873968317221,0.00080466576231,0.000636757672233,0.000554567649761,0.000522066099815,0.000489896346366,0.000475589231047,0.000476216128411,0.000477004187731,0.000478727044376,0.000480311960385,0.000481723145908,0.000482485635764,0.000482780374301,0.000482664526969,0.000483226577161
YKL019W,37491.9,YKL019W_translation_Ribosome,0,0,0,0,0,0,0,0,0,0,0,0,0,0,0,0,0,0,0,0,0,0,0,0,0,0,0,0,0,0,0,0,0,0,0,0,0,0
YKL021C,53679,YKL021C_translation_Ribosome,3.9128856446358E-06,5.18604734484154E-06,7.91144412195054E-06,1.54578703057429E-05,1.86855781251048E-05,2.0322159130895E-05,2.20007238542653E-05,2.53821501344279E-05,3.05611510271118E-05,3.25690625208946E-05,3.72045936635575E-05,3.77283385551289E-05,3.8252778402171E-05,3.87821535421246E-05,4.09150543611483E-05,4.36200347758194E-05,4.71847834540714E-05,4.73820130957097E-05,4.77952835893111E-05,4.79795167706975E-05,4.841002656464E-05,4.86124892606083E-05,4.90273343234387E-05,4.98423422318021E-05,5.19768670808204E-05,5.30585594958715E-05,5.34957881170016E-05,5.39403099693322E-05,5.4157113398592E-05,5.4286137315258E-05,5.44592683306177E-05,5.48038524861369E-05,5.51320138043333E-05,5.54493930743117E-05,5.5585320717256E-05,5.56470923466058E-05,5.56583619804918E-05,5.57611084053236E-05
YKL024C,22932.5,YKL024C_translation_Ribosome,1.25801201324806E-07,1.95911953243491E-07,3.32962475952432E-07,6.58400844742219E-07,7.82420589462317E-07,8.42923601105544E-07,9.03195126180345E-07,1.0208306787938E-06,1.19194054118581E-06,1.25557730973561E-06,1.39701523195383E-06,1.41260931165248E-06,1.42815272782089E-06,1.44376159374126E-06,1.5059501552939E-06,1.58327406486049E-06,1.68195988543792E-06,1.68723214899E-06,1.69829554118203E-06,1.70321909928698E-06,1.71466742118042E-06,1.72004105429901E-06,1.73102581253824E-06,1.75251805322664E-06,1.80817914934548E-06,1.83606695709653E-06,1.84727631576142E-06,1.8586523447545E-06,1.86417175688223E-06,1.86744981145233E-06,1.8718362387263E-06,1.88057462321454E-06,1.88886362324935E-06,1.89687153627399E-06,1.90029385779249E-06,1.90191017281101E-06,1.90220187722918E-06,1.90487827883301E-06
YKL026C,19488.8,YKL026C_translation_Ribosome,0,0,0,0,0,0,0,0,0,0,0,0,0,0,0,0,0,0,0,0,0,0,0,0,0,0,0,0,0,0,0,0,0,0,0,0,0,0
YKL029C,74380.9,YKL029C_translation_Ribosome,3.2269669962361E-06,4.16010047225047E-06,5.97506062097129E-06,1.01043695300811E-05,1.17336443959279E-05,1.23432233864797E-05,1.32999288735131E-05,1.48244805643002E-05,1.70677268899122E-05,1.79342499798459E-05,1.9686340137413E-05,1.987267303704E-05,2.00537793854701E-05,2.02496528724875E-05,2.10225882883953E-05,2.19941811991166E-05,2.31659980328321E-05,2.32054827102121E-05,2.33159063460912E-05,2.33563245728944E-05,2.34636449334945E-05,2.35024763329146E-05,2.36182908294234E-05,2.38065414091592E-05,2.43131913093395E-05,2.45594944905508E-05,2.46733845068172E-05,2.47769227240794E-05,2.483342787567E-05,2.49116277754022E-05,2.50147896157538E-05,2.52219623434539E-05,2.54228945861535E-05,2.56155827492167E-05,2.56971190843101E-05,2.57059544722009E-05,2.57115095951492E-05,2.57462577233555E-05
YKL035W,55987.5,YKL035W_translation_Ribosome,0.000550241460791,0.000881943418174,0.001501631150542,0.002864626980911,0.003355162272704,0.003590383777701,0.003821377143529,0.00426585878917,0.004898900575242,0.005439755848339,0.005971659520901,0.006029909237062,0.006088326433415,0.006145864667696,0.006376832979734,0.006665002618964,0.00664357499996,0.006662453917531,0.006701426137345,0.006719223797672,0.006759362952159,0.006778737846195,0.006817167361739,0.00689332004738,0.007089274944854,0.007187313341415,0.007226959154857,0.007266746548159,0.007227324915747,0.0065729755982,0.005579276975974,0.003964696110974,0.002346497841451,0.000727335982982,8.22757951558427E-05,0,0,0
YKL055C,31192.5,YKL055C_translation_Ribosome,0,0,0,0,0,0,0,0,0,0,0,0,0,0,0,0,0,0,0,0,0,0,0,0,0,0,0,0,0,0,0,0,0,0,0,0,0,0
YKL057C,120404.6,YKL057C_translation_Ribosome,0,0,0,0,0,0,0,0,0,0,0,0,0,0,0,0,0,0,0,0,0,0,0,0,0,0,0,0,0,0,0,0,0,0,0,0,0,0
YKL060C,39609.1,YKL060C_translation_Ribosome,0.000245512808589,0.000340465712522,0.00051140022724,0.000862613980288,0.000981502680446,0.001037442405211,0.001091389401154,0.001193623028123,0.001335031236233,0.001461588590001,0.002199763519604,0.002277367736223,0.002354204665732,0.002430052865147,0.002725659630272,0.003078418818305,0.003843999329257,0.003924546546263,0.004083887400634,0.004164258549461,0.004321174406033,0.004399890839585,0.004555955815966,0.004865825556563,0.005617612002086,0.005983467493578,0.006127859748401,0.006270887237132,0.006342356386237,0.00641928374802,0.006535724608071,0.006725423081788,0.006915219834813,0.007104848708942,0.007179839201364,0.007179654112192,0.00717325583811,0.007139904480713
YKL067W,17168.9,YKL067W_translation_Ribosome,2.2305391283422E-05,2.83569127495053E-05,3.90936269750589E-05,6.08280584412815E-05,6.83126038797319E-05,7.22557183174107E-05,7.52490044357493E-05,8.16993587822143E-05,9.11611309651038E-05,9.43942203192183E-05,0.000101458924188,0.000102222200328,0.00010297975616,0.00010373778073,0.000106219080746,0.000110346639159,0.000114436824254,0.000114691222835,0.000115219706314,0.000115927128858,0.000116001978828,0.000116727472731,0.000116781077481,0.000118263720633,0.000120425388448,0.000121729223208,0.000122252254346,0.000122781019316,0.000123037159439,0.000123188740882,0.000123392494167,0.00012422636014,0.000124177333047,0.000124545571522,0.000125129836275,0.000124772489199,0.000125266956873,0.000125381111153
YKL068W,100005.5,YKL068W_translation_Ribosome,0,0,0,0,0,0,0,0,0,0,0,0,0,0,0,0,0,0,0,0,0,0,0,0,0,0,0,0,0,0,0,0,0,0,0,0,0,0
YKL078W,82730.5,YKL078W_translation_Ribosome,6.03057035010976E-06,7.99277724738563E-06,1.21931803485726E-05,2.382379215949E-05,2.87983610178838E-05,3.13206726276292E-05,3.3907689875469E-05,3.91191708432774E-05,4.71010880427816E-05,5.01956971419897E-05,5.73400144578503E-05,5.81472142334077E-05,5.89554850798415E-05,5.97713622388037E-05,6.30586058761337E-05,6.72275431178101E-05,7.27215620176801E-05,7.30255339036608E-05,7.36624696619814E-05,7.39464113004748E-05,7.46099164050364E-05,7.49219535158024E-05,7.55613160126911E-05,7.68174126568696E-05,8.01071592620915E-05,8.17742721804281E-05,8.2448132394672E-05,8.31332329946131E-05,8.34673721571232E-05,8.3666224839508E-05,8.3933055731779E-05,8.44641315617717E-05,8.49698963847947E-05,8.54590438296977E-05,8.56685365897083E-05,8.57637395141652E-05,8.57811083631789E-05,8.59394619670005E-05
YKL080W,44185.8,YKL080W_translation_Ribosome,0,0,0,0,0,0,0,0,0,0,0,0,0,0,0,0,0,0,0,0,0,0,0,0,0,0,0,0,0,0,0,0,0,0,0,0,0,0
YKL081W,46521.5,YKL081W_translation_Ribosome,0.000863699889278,0.001063012620398,0.001431954041384,0.002229480416754,0.002512758175148,0.002647125305953,0.002780666001496,0.00303433559925,0.003392951244297,0.003524447891876,0.003816163029276,0.003847984813043,0.003879621116258,0.003911378952928,0.004037238653143,0.004192277517375,0.00439172505173,0.004402824457757,0.004425965556989,0.004436207361411,0.004460230134093,0.004471469444265,0.004494426996392,0.004539257188586,0.004655082952024,0.0047128792779,0.004736069969383,0.004759589126023,0.004770992063635,0.004777809825395,0.004786972801443,0.004805095853322,0.00482231454244,0.004838932344435,0.004846040907605,0.004849113426194,0.004849650818173,0.004854791934351
YKL082C,50507.5,YKL082C_translation_Ribosome,3.68170181442357E-06,4.87964168985235E-06,7.44401467965902E-06,1.45445776647722E-05,1.7581583806586E-05,1.91214711955081E-05,2.07008617908178E-05,2.38825042924536E-05,2.8755515853534E-05,3.06447945243779E-05,3.50064459930724E-05,3.54992466248099E-05,3.5992701152176E-05,3.64907993820462E-05,3.84976826719145E-05,4.10428455530039E-05,4.43969792713447E-05,4.45825560541656E-05,4.49714094131248E-05,4.51447576015947E-05,4.55498317165661E-05,4.57403323707628E-05,4.6130667269157E-05,4.68975223136188E-05,4.89059336814124E-05,4.99237167931171E-05,5.03351127688566E-05,5.07533710720402E-05,5.09573651703531E-05,5.10787660062667E-05,5.12416679746022E-05,5.15658931694621E-05,5.18746658324925E-05,5.21732934797741E-05,5.23011901512102E-05,5.2359312146206E-05,5.23699159397472E-05,5.24665918288694E-05
YKL085W,35652.3,YKL085W_translation_Ribosome,0.000140083648813,0.000181817260546,0.000256068862598,0.000404963798539,0.000454243615344,0.000477073167794,0.000499070606515,0.000540388730499,0.000596707210228,0.000596302401232,0.000551366827908,0.000546634909047,0.00054196134308,0.000537301463598,0.000519041922845,0.00049714794304,0.000437018306015,0.000427446679059,0.000408605071246,0.000398943421392,0.000380425772917,0.000371039232044,0.00035249004201,0.000315378194208,0.000225307986761,0.000181198184668,0.000163752582727,0.000146470991463,0.000138761833972,0.000138944302519,0.000139174028987,0.000139675207389,0.00014013670612,0.000140577573218,0.000140768680465,0.000140838781929,0.000140866519959,0.000141045084044
YKL088W,65205.8,YKL088W_translation_Ribosome,0,0,0,0,0,0,0,0,0,0,0,0,0,0,0,0,0,0,0,0,0,0,0,0,0,0,0,0,0,0,0,0,0,0,0,0,0,0
YKL094W,35566,YKL094W_translation_Ribosome,0,0,0,0,0,0,0,0,0,0,0,0,0,0,0,0,0,0,0,0,0,0,0,0,0,0,0,0,0,0,0,0,0,0,0,0,0,0
YKL099C,29764.8,YKL099C_translation_Ribosome,2.16968011020056E-06,2.87564339890347E-06,4.38686547813919E-06,8.57132990697248E-06,1.03610815361337E-05,1.12685594385004E-05,1.21993171515385E-05,1.40743050787314E-05,1.69460412468894E-05,1.80594204832788E-05,2.06298047556224E-05,2.09202192929395E-05,2.12110191804046E-05,2.15045556688953E-05,2.26872410076325E-05,2.41871422920567E-05,2.61637817871746E-05,2.62731448684063E-05,2.65023017749795E-05,2.66044583687561E-05,2.6843174401371E-05,2.6955439191195E-05,2.71854691903778E-05,2.76373879554601E-05,2.8820973812612E-05,2.94207681157011E-05,2.96632097122697E-05,2.99096953776184E-05,3.00299120491516E-05,3.0101455316999E-05,3.01974558022163E-05,3.03885263972758E-05,3.05704905919115E-05,3.07464761820874E-05,3.08218475397266E-05,3.08560996717199E-05,3.0862348640566E-05,3.09193211397898E-05
YKL104C,80035.5,YKL104C_translation_Ribosome,4.8805421429995E-11,7.28206719065592E-11,1.1483059223486E-10,1.96226683052598E-10,2.22399239978962E-10,2.34417004036403E-10,2.45948610072977E-10,2.67307722747248E-10,2.95996817060465E-10,3.06031605664525E-10,3.27240565767063E-10,3.29493879836032E-10,3.31724317122192E-10,3.33947343839292E-10,3.42648173105174E-10,3.53137609551232E-10,3.66025024605217E-10,3.66699551331373E-10,3.68106975675974E-10,3.68733278046024E-10,3.7018021759894E-10,3.70857775757243E-10,3.72238252047454E-10,3.74920361633669E-10,3.81759690761076E-10,3.85130783741101E-10,3.86475864821045E-10,3.87832223228514E-10,3.88491200917239E-10,3.88880445950672E-10,3.89400410093799E-10,3.90434179355413E-10,3.91412124737678E-10,3.92353104024715E-10,3.92753928374897E-10,3.92942803759376E-10,3.92978189132915E-10,3.93290408217523E-10
YKL106W,51807,YKL106W_translation_Ribosome,5.17113977646824E-10,1.03718477974387E-09,2.42977962698333E-09,7.23495544778369E-09,9.49128471515764E-09,1.06633105346211E-08,1.18699799918157E-08,1.43451485990247E-08,1.81928188189137E-08,1.92702074373268E-08,1.99948833229626E-08,2.00671709135091E-08,2.0137754879403E-08,2.02072561154986E-08,2.04697860567362E-08,2.07669471931387E-08,1.96217141873185E-08,1.93348718622784E-08,1.87721970909922E-08,1.84721169717831E-08,1.79144955422252E-08,1.7623826594531E-08,1.70487590008281E-08,1.58699935247059E-08,1.29150797005269E-08,1.14055085408132E-08,1.07971758218841E-08,1.01892734694908E-08,9.91890066709761E-09,9.94709367270541E-09,9.98378137939108E-09,1.0060339145439E-08,1.01321927521753E-08,1.02000316220253E-08,1.02313145284407E-08,1.02452294652977E-08,1.02458065003359E-08,1.02702173182222E-08
YKL120W,35166.5,YKL120W_translation_Ribosome,0,0,0,0,0,0,0,0,0,0,0,0,0,0,0,0,0,0,0,0,0,0,0,0,0,0,0,0,0,0,0,0,0,0,0,0,0,0
YKL127W,63111.4,YKL127W_translation_Ribosome,0,0,0.000103466507859,0,0.000169140982137,0,0,0,0,0,0,0,0,0,0,0,0,0,0,0,0,0,0,0,0,0,0,0,0,0,0,0,0,0,0,0,0,0
YKL132C,48143,YKL132C_translation_Ribosome,0,0,0,0,0,0,0,0,0,0,0,0,0,0,0,0,0,0,0,0,0,0,0,0,0,0,0,0,0,0,0,0,0,0,0,0,0,0
YKL138C,15544.8,YKL138C_translation_Ribosome,2.78596380793383E-06,4.51539142505784E-06,8.70726757888006E-06,2.19006952668016E-05,2.78460657563295E-05,3.09010115225673E-05,3.40263760939039E-05,4.03894167365593E-05,5.01787211346188E-05,5.28097865574308E-05,5.41144547549937E-05,5.42422561002075E-05,5.43665027957869E-05,5.44883969585414E-05,5.49432677459964E-05,5.54467775124526E-05,5.20652660548599E-05,5.12876005098352E-05,4.97617186531974E-05,4.89516357902891E-05,4.74414475805523E-05,4.66567285565023E-05,4.51049107539431E-05,4.19332344318103E-05,3.40157875283203E-05,2.99916601552766E-05,2.83735801700541E-05,2.67584219801191E-05,2.60400477160322E-05,2.61098430666068E-05,2.62005134897498E-05,2.63901434381189E-05,2.65679392064498E-05,2.67349430705354E-05,2.68131226418431E-05,2.68474152801729E-05,2.68473798140587E-05,2.69078976140571E-05
YKL140W,62973.6,YKL140W_translation_Ribosome,0,0,0,0,0,0,0,0,0,0,0,0,0,0,0,0,0,0,0,0,0,0,0,0,0,0,0,0,0,0,0,0,0,0,0,0,0,0
YKL141W,22083.3,YKL141W_translation_Ribosome,2.14673563761447E-05,2.73340305256287E-05,3.77102893804504E-05,5.82903640741446E-05,6.50142808394415E-05,6.81320030657704E-05,7.11006812461351E-05,7.66788050510005E-05,0.000102573771281,0.000294878976823,0.000289115617133,0.000288544649004,0.000287985216997,0.000287432232666,0.000285335393279,0.00028293556301,5.33180729944148E-05,5.16957126221496E-05,4.84932685920061E-05,4.68578934950467E-05,4.37070185332393E-05,4.2110172851228E-05,3.89610452276749E-05,3.26585735645356E-05,1.73322658228386E-05,9.82098887943379E-06,6.84786549708409E-06,3.90133848870308E-06,2.58337081332777E-06,2.587970659953E-06,2.59413250494163E-06,2.60638863951446E-06,2.61802662603529E-06,2.62924913010669E-06,2.6340633834292E-06,2.6363140808016E-06,2.63672894105061E-06,2.64048674589281E-06
YKL143W,53343.5,YKL143W_translation_Ribosome,3.88842965376832E-06,5.15363394510991E-06,7.86199667503621E-06,1.53612568165278E-05,1.85687910862075E-05,2.01951432701596E-05,2.18632167685688E-05,2.52235087407712E-05,3.03701402748699E-05,3.23655020880296E-05,3.69720606213227E-05,3.74925320463406E-05,3.80136940832767E-05,3.85397605669689E-05,4.0659330507534E-05,4.33474044796647E-05,4.68898730636237E-05,4.70858699970377E-05,4.74965575019359E-05,4.76796392044878E-05,4.81074582620927E-05,4.83086555426379E-05,4.8720907775524E-05,4.95308217895664E-05,5.16520056097495E-05,5.2726937321262E-05,5.31614332126022E-05,5.36031767515988E-05,5.38186251341827E-05,5.39468426363468E-05,5.41188915627024E-05,5.44613220271287E-05,5.47874322988776E-05,5.51028279114653E-05,5.52379059908148E-05,5.52992915402889E-05,5.5310490737651E-05,5.54125949853644E-05
YKL145W,51974.5,YKL145W_translation_Ribosome,0.000371044616031,0.000373347851747,0.000377792330923,0.000389105050119,0.000393460162672,0.000394873795135,0.000398403474128,0.00040343457913,0.000411406570702,0.000417247747353,0.000422434893909,0.000422993881862,0.000423559723833,0.000424130424211,0.000426540461936,0.000429309219224,0.000428764922125,0.00042868277225,0.000428565493569,0.00042843508474,0.000428355181708,0.000428297305729,0.000428133259509,0.000427752221247,0.000426917940612,0.000426446115579,0.000426247937384,0.000426068640848,0.000426012538966,0.000426186587565,0.000426413780475,0.00042687927268,0.000427321296326,0.000427751274593,0.000427928117116,0.000428031702285,0.000428034070232,0.00042814890618
YKL146W,75467.2,YKL146W_translation_Ribosome,0,0,0,0,0,0,0,0,0,0,0,0,0,0,0,0,0,0,0,0,0,0,0,0,0,0,0,0,0,0,0,0,0,0,0,0,0,0
YKL148C,70229.3,YKL148C_translation_Ribosome,6.82704763847423E-05,8.69276706829838E-05,0.000119926244084,0.000185374987691,0.000206758384542,0.000216673363261,0,0,0.000326205057913,0,0,0,0,0,0,0,0,0,0,0,0,0,0.000123903897226,0.000103860779885,0,0,0,1.24070347785283E-05,0,8.23026304352326E-06,8.24985893998168E-06,0,0,0,0,0,8.3853241055334E-06,0
YKL152C,27611.8,YKL152C_translation_Ribosome,8.38467452577085E-05,0.000116702324694,0.000175856359221,0.000297478867515,0.000338700764367,0.000358079323147,0.000376781399396,0.000412253876426,0.000461368421124,0.000506961652033,0.000758509232128,0.000784955296036,0.000811137399766,0.000836992455608,0.000937721710914,0.001057910454407,0.001315514939175,0.001342863756519,0.001396978789704,0.001424262921986,0.001477556879842,0.001504284129767,0.001557283456394,0.001662507499238,0.001917812446871,0.002042052807807,0.00209108905983,0.002139663611119,0.002163934498771,0.002190057448139,0.002229594384971,0.002294015570215,0.002358468809694,0.002422863802687,0.002448328754567,0.002448277806078,0.002446105288134,0.002434799882074
YKL155C,72213.4,YKL155C_translation_Ribosome,1.29422005331589E-05,2.0976260044148E-05,4.0449629238118E-05,0.000101739724382,0.000129358955077,0.000143550711845,0.000158069599314,0.000187629117555,0.000233105351036,0.000245327970806,0.00025138880957,0.000251982510979,0.000252559699256,0.000253125958837,0.000255239062005,0.000257578117648,0.000241869299298,0.000238256652428,0.000231168165161,0.000227404923574,0.000220389341176,0.000216743927355,0.000209534954598,0.000194800925796,0.000158020410111,0.000139326318219,0.000131809524359,0.000124306303704,0.0001209690946,0.000121293329043,0.000121714538678,0.000122595464989,0.000123421415592,0.000124197232382,0.000124560415739,0.00012471972226,0.000124719557502,0.000125000693065
YKL156W,8885.6,YKL156W_translation_Ribosome,0.000503373530644,0.00054144206517,0.000611910107653,0.000764237536853,0.000818343391909,0.000844007942209,0.000869514290009,0.000917964589186,0.000986460415836,0.001011576508039,0.001067293653538,0.001073371697424,0.001079414469823,0.00108548015238,0.001109519271385,0.001139131816009,0.001177226170306,0.001179346045773,0.001183765835468,0.001185722402954,0.001190310745188,0.001192457462071,0.00119684229357,0.001205404874722,0.00122752739669,0.001238566663434,0.001242995759965,0.00124748822798,0.001249665916467,0.001250968036393,0.001252718244964,0.00125618003965,0.001259468417762,0.001262642810611,0.00126400024183,0.00126458714036,0.001264689719626,0.001265671825467
YKL165C,105683.8,YKL165C_translation_Ribosome,0,0,0,0,0,0,0,0,0,0,0,0,0,0,0,0,0,0,0,0,0,0,0,0,0,0,0,0,0,0,0,0,0,0,0,0,0,0
YKL167C,16026,YKL167C_translation_Ribosome,2.872205238147E-06,4.65516847936139E-06,8.97680704924681E-06,2.25786463863004E-05,2.87080599178462E-05,3.18575736362426E-05,3.50796860223936E-05,4.16396989745831E-05,5.17320380386625E-05,5.44445499053951E-05,5.57896050064027E-05,5.59213625303591E-05,5.60494553680511E-05,5.61751228486429E-05,5.66440744748944E-05,5.71631707332719E-05,5.36769822574227E-05,5.28752435393584E-05,5.13021269579629E-05,5.04669674215927E-05,4.89100302947565E-05,4.81010197523613E-05,4.65011643599591E-05,4.32313066108404E-05,3.50687696804629E-05,3.09200726705048E-05,2.92519039038963E-05,2.75867473787626E-05,2.68461353441107E-05,2.69180912578766E-05,2.70115684464728E-05,2.72070685206174E-05,2.73903680795227E-05,2.75625416633473E-05,2.76431413371788E-05,2.76784955277682E-05,2.7678458963776E-05,2.7740850133992E-05
YKL170W,14919,YKL170W_translation_Ribosome,2.67380693547455E-06,4.33361154022167E-06,8.35673183375222E-06,2.1019020681219E-05,2.67250434240826E-05,2.96570036864534E-05,3.26565478452571E-05,3.87634262449648E-05,4.81586344377141E-05,5.06837788617615E-05,5.19359239417523E-05,5.20585802814443E-05,5.21778250740019E-05,5.22948120416138E-05,5.27313707157712E-05,5.32146102689182E-05,4.99692311430481E-05,4.9222872729545E-05,4.77584195735585E-05,4.69809488932198E-05,4.55315575918803E-05,4.47784296571495E-05,4.32890846802839E-05,4.02450931815255E-05,3.2646385552404E-05,2.8784260836844E-05,2.72313212493591E-05,2.56811858320079E-05,2.49917317608129E-05,2.50587173016512E-05,2.51457375298221E-05,2.53277333869394E-05,2.54983714824909E-05,2.56586521325021E-05,2.5733684363495E-05,2.57665964544349E-05,2.57665624161097E-05,2.58246439004759E-05
YKL172W,49728,YKL172W_translation_Ribosome,3.62488081626798E-06,4.80433246454442E-06,7.32912858466731E-06,1.4320106085508E-05,1.73102410440808E-05,1.88263628096862E-05,2.03813781148104E-05,2.3513917209427E-05,2.83117218703071E-05,3.01718426393756E-05,3.44661792079098E-05,3.4951374274287E-05,3.54372131444915E-05,3.59276240493074E-05,3.79035344039789E-05,4.04094168917444E-05,4.37117850854908E-05,4.38944977965955E-05,4.42773498449908E-05,4.44480226899392E-05,4.48468451537178E-05,4.50344057443606E-05,4.5418716467072E-05,4.61737363680965E-05,4.81511512173296E-05,4.91532265245385E-05,4.9558273281586E-05,4.9970076457366E-05,5.01709222430594E-05,5.0290449457202E-05,5.0450837302203E-05,5.07700586156712E-05,5.10740658816648E-05,5.13680847035036E-05,5.14940075006559E-05,5.15512324784742E-05,5.15616726199426E-05,5.1656856476088E-05
YKL174C,69225,YKL174C_translation_Ribosome,0,0,0,0,0,0,0,0,0,0,0,0,0,0,0,0,0,0,0,0,0,0,0,0,0,0,0,0,0,0,0,0,0,0,0,0,0,0
YKL180W,20572.9,YKL180W_translation_Ribosome,0,0,0,0,0,0,0,0,0,0.002342111094606,0.002471113442522,0.002485185985633,0.002499176864389,0.002513220787216,0.002568878749694,0.002637440908614,0.002725641068593,0.002730549233039,0.002740782407097,0.002745312463282,0.002755935888368,0.002760906198955,0.002771058434027,0.002790883445932,0.00284210389612,0.002867663197776,0.002877917920025,0.002888319366774,0.002893361386162,0.002896376194731,0.002900428466488,0.002908443587119,0.002916057194987,0.002923406891871,0.002926549763115,0.002927908613926,0.002928146116513,0.00293041999394
YKL181W,47035,YKL181W_translation_Ribosome,0,0,0,0,0,0,0,0,0,0,0,0,0,0,0,0,0.003902485415726,0.003916220537547,0.003943299179126,0.003957096791759,0.003984278041215,0.003997290363152,0.004025016213357,0.004080128276137,0.004218274520703,0.004287481023766,0.004316351154461,0.004344164644334,0.004357608426907,0.004359265934928,0.004360935785842,0.00436579156637,0.004370401878616,0.004373861769139,0.004375949572412,0.004381617406444,0.004382040302564,0.004388317394502
YKL182W,228654.9,YKL182W_translation_Ribosome,0.005751492835833,0.008485523108817,0.013099570689833,0.021338504716749,0.023760901235462,0.024831617778158,0.025833113789354,0.027617830605096,0.029861552579416,0.030602002463641,0.032086065237274,0.032237036901823,0.032385174682197,0.032531508017435,0.033091551585196,0.033739137932043,0.034491858906589,0.034529911372072,0.034608874803116,0.03464384164341,0.034724137183099,0.03476152054039,0.034837252723124,0.034982737233438,0.035343653611916,0.035516160867192,0.035583963855865,0.035651778280358,0.035684491217769,0.03570375245363,0.035729414269838,0.035780180026931,0.035827851366162,0.035873464050778,0.035892781801827,0.03590187593794,0.035903574808668,0.035918582214346
YKL184W,52270.7,YKL184W_translation_Ribosome,0,0,0,0,0,0,0,0,0,0,0,0,0,0,0,0,0,0,0,0,0,0,0,0,0,0,0,0,0,0,0,0,0,0,0,0,0,0
YKL186C,20784.9,YKL186C_translation_Ribosome,1.51509783779859E-06,2.00807532662302E-06,3.06336882077404E-06,5.98540003572785E-06,7.23519202616464E-06,7.86888811862626E-06,8.51884061250246E-06,9.82815351122545E-06,1.18335004002201E-05,1.26109783638023E-05,1.44058898049084E-05,1.46086876438551E-05,1.48117545746248E-05,1.50167324867771E-05,1.58426072279855E-05,1.68899953578109E-05,1.82702920250848E-05,1.83466607796907E-05,1.85066821266319E-05,1.8578018557113E-05,1.87447150867823E-05,1.8823110118162E-05,1.89837411497837E-05,1.92993181514891E-05,2.01258217289469E-05,2.05446609151761E-05,2.07139590236976E-05,2.08860811244914E-05,2.09700289923135E-05,2.10199879931427E-05,2.10870255840283E-05,2.12204510802941E-05,2.13475175342627E-05,2.14704091005842E-05,2.15230412745412E-05,2.15469596996026E-05,2.15513233839737E-05,2.15911075484605E-05
YKL188C,97142.6,YKL188C_translation_Ribosome,0,0,0,0,0,0,0,0,0,0,0,0,0,0,0,0,0,0,0,0,0,0,0,0,0,0,0,0,0,0,0,0,0,0,0,0,0,0
YKL192C,13937.8,YKL192C_translation_Ribosome,0,0,0,0,0,0,0,0,0,0,0,0,0,0,0,0,0,0,0,0,0,0,0,0,0,0,0,0,0,0,0,0,0,0,0,0,0,0
YKL194C,54097.6,YKL194C_translation_Ribosome,7.16414198819756E-07,1.16088940367582E-06,2.23772290791456E-06,5.62357597324542E-06,7.14803627406081E-06,7.931084948702E-06,8.73200180687574E-06,1.03620826230049E-05,1.28685849662627E-05,1.35414054123714E-05,1.38715668844213E-05,1.39038475632842E-05,1.39352171504017E-05,1.39659806520903E-05,1.40806474369018E-05,1.42072923423703E-05,1.3337934009603E-05,1.31385499366192E-05,1.27473265344396E-05,1.25396608810657E-05,1.21524748532164E-05,1.19513087512797E-05,1.15534978311282E-05,1.07405134674248E-05,8.71134541601362E-06,7.68018625007811E-06,7.26559657291473E-06,6.85177233875037E-06,6.66771480395878E-06,6.6855421012234E-06,6.7086997325926E-06,6.75713536484002E-06,6.80254587591448E-06,6.84517857756533E-06,6.86516561496059E-06,6.87392036317714E-06,6.87387244645427E-06,6.88932944072021E-06
YKL205W,126791.6,YKL205W_translation_Ribosome,0,0,0,0,0,0,0,0,0,0,0,0,0,0,0,0,0,0,0,0,0,0,0,0,0,0,0,0,0,0,0,0,0,0,0,0,0,0
YKL211C,53485.9,YKL211C_translation_Ribosome,3.11230025149702E-06,4.8364634251326E-06,8.11237155367536E-06,1.59519133256474E-05,1.88599936217908E-05,2.04047533499666E-05,2.15887275189831E-05,2.4345198567734E-05,2.83661724006441E-05,3.00647143541789E-05,3.33771871057915E-05,3.37459070237649E-05,3.41116907463605E-05,3.44748820812808E-05,3.59561049102598E-05,3.7720923791288E-05,4.66528285853417E-05,4.68965610972153E-05,4.73838413660935E-05,4.76789755913927E-05,4.8108600909553E-05,4.82975072758277E-05,4.88415724260408E-05,4.98545294454667E-05,5.22892930545167E-05,5.35138649961133E-05,5.40262104578986E-05,5.45089681689547E-05,5.47341590332168E-05,5.43675338247613E-05,5.3811456874904E-05,5.28994301546218E-05,5.19788477724997E-05,5.10549693120623E-05,5.0679764030529E-05,5.0897143762917E-05,5.0876527428717E-05,5.09888625869489E-05
YKL212W,71125.2,YKL212W_translation_Ribosome,0,0,0,0,0,0,0,0,0,0,0,0,0,0,0,0,0,0,0,0,0,0,0,0,0,0,0,0,0,0,0,0,0,0,0,0,0,0
YKL216W,34798.2,YKL216W_translation_Ribosome,1.63896093417608E-05,2.55822184800926E-05,4.36432318400613E-05,8.68685714066136E-05,0.0001034302815,0.00011152403137,0.000119594313045,0.000135367844526,0.000158355894632,0.000166916803106,0.000185963291384,0.00018806526574,0.000190160110267,0.00019226438231,0.000200651462393,0.000211084248562,0.00022440912632,0.000225121614532,0.000226614954501,0.000227280686851,0.000228827377002,0.000229552940481,0.00023103789975,0.000233941487177,0.000241466245378,0.000245236887981,0.000246752562682,0.000248290788673,0.000249037056318,0.000249480481729,0.000250074483848,0.000251255975742,0.000252377878138,0.000253459728008,0.000253923822233,0.000254140789555,0.000254180782101,0.000254543034648
YKL217W,69367.7,YKL217W_translation_Ribosome,0,0,0,0,0,0,0,0,0,0,0,0,0,0,0,0,0,0,0,0,0,0,0,0,0,0,0,0,0,0,0,0,0,0,0,0,0,0
YKR006C,30277.7,YKR006C_translation_Ribosome,5.42641760508196E-06,8.79494538047924E-06,1.69597573190428E-05,4.26575241289459E-05,5.4237740282951E-05,6.01880729618159E-05,6.62755652989034E-05,7.86693069788303E-05,9.77366234945221E-05,0.000102861334623,0.00010540252861,0.000105651456276,0.000105893460302,0.000106130882134,0.000107016865951,0.000107997587328,0.000101411179689,9.98964658250114E-05,9.692439843973E-05,9.53465430862821E-05,9.2405043320576E-05,9.08765908995425E-05,8.78540062486917E-05,8.16763092581456E-05,6.62549412051762E-05,5.84168653622703E-05,5.52652171989892E-05,5.2119260021837E-05,5.07200319548471E-05,5.08559772668546E-05,5.10325824255442E-05,5.14019380099025E-05,5.17482433296746E-05,5.20735284987102E-05,5.22258043469799E-05,5.2292598529958E-05,5.22925294501136E-05,5.24104042245083E-05
YKR009C,98719.1,YKR009C_translation_Ribosome,0,0,0,0,0,0,0,0,0,0,0,0,0,0,0,0,0,0,0,0,0,0,0,0,0,0,0,0,0,0,0,0,0,0,0,0,0,0
YKR024C,83331.5,YKR024C_translation_Ribosome,6.0743797406056E-06,8.05084119146524E-06,1.22817583384251E-05,2.39968613309304E-05,2.9007568202317E-05,3.15482032753251E-05,3.41540140438852E-05,3.94033540849695E-05,4.74432563351733E-05,5.05603463823828E-05,5.77565639612277E-05,5.85696276813414E-05,5.93837702531812E-05,6.02055743940006E-05,6.35166983829064E-05,6.77159210849903E-05,7.324985156957E-05,7.35560316750523E-05,7.41975944861617E-05,7.44835988333869E-05,7.51519240051286E-05,7.54662279256391E-05,7.61102351044847E-05,7.73754567277597E-05,8.06891018674972E-05,8.23683256139313E-05,8.30470811205856E-05,8.37371586693009E-05,8.40737252030546E-05,8.42740224610447E-05,8.45427917601458E-05,8.5077725617998E-05,8.558716459576E-05,8.60798654775984E-05,8.6290880108609E-05,8.6386774639639E-05,8.64042696655555E-05,8.65637736373297E-05
YKR026C,34015.4,YKR026C_translation_Ribosome,0.000662229226548,0.00057479875652,0.000527260006592,0.000557664519569,0.000568404223228,0.000574622922523,0.000575655049602,0.000594759105139,0.000625591951433,0.000637581588177,0.000642097980843,0.000643833751808,0.000647269289188,0.000646471308793,0.00064843240314,0.000655700113232,0.000654580309441,0.000654187653773,0.000651315368417,0.000652516390378,0.000647688320902,0.000646938041192,0.00064528141003,0.000641651403255,0.000629263668199,0.000624575827737,0.000622567330582,0.000620231439528,0.000622278044447,0.000623026790041,0.000627402588511,0.000625945874556,0.000627690315143,0.000630786228897,0.000630051293252,0.000631219078176,0.000632055588041,0.000631809695517
YKR031C,195204.3,YKR031C_translation_Ribosome,0,0,0,0,0,0,0,0,0,0,0,0,0,0,0,0,0,0,0,0,0,0,0,0,0,0,0,0,0,0,0,0,0,0,0,0,0,0
YKR038C,42748,YKR038C_translation_Ribosome,0,0,0,0,0,0,0,0,0,0,0,0,0,0,0,0,0,0,0,0,0,0,0,0,0,0,0,0,0,0,0,0,0,0,0,0,0,0
YKR039W,65661,YKR039W_translation_Ribosome,0,0,0,0,0,0,0,0,0,0,0,0,0,0,0,0,0,0,0,0,0,0,0,0,0,0,0,0,0,0,0,0,0,0,0,0,0,0
YKR043C,31014.3,YKR043C_translation_Ribosome,0,0,0,0,0,0,0,0,0,0,0,0,0,0,0,0,0,0,0,0,0,0,0,0,0,0,0,0,0,0,0,0,0,0,0,0,0,0
YKR053C,46489.5,YKR053C_translation_Ribosome,0,0,0,0,0,0,0,0,0,0,0,0,0,0,0,0,0,0,0,0,0,0,0,0,0,0,0,0,0,0,0,0,0,0,0,0,0,0
YKR056W,72866.2,YKR056W_translation_Ribosome,0,0,0,0,0,0,0,0,0,0,0,0,0,0,0,0,0,0,0,0,0,0,0,0,0,0,0,0,0,0,0,0,0,0,0,0,0,0
YKR057W,9745,YKR057W_translation_Ribosome,0,0,0,0,0,0,0,0,0,0,0,0,0,0,0,0,0,0,0,0,0,0,0,0,0,0,0,0,0,0,0,0,0,0,0,0,0,0
YKR058W,69655.1,YKR058W_translation_Ribosome,0,0.000174335274686,0.000236663248722,0.000275818277519,0.000265708205397,0.000257475146442,0.000247500122577,0.000223811280355,0.000181915978879,0.000164726857647,0.000124487454605,0.000119923675915,0.000115354859669,0.000110750579659,9.22758598126496E-05,6.87911571466336E-05,0,0,0,0,0,0,0,0,0,0,0,0,0,0,0,0,0,0,0,0,0,0
YKR059W,44684.5,YKR059W_translation_Ribosome,0.000869940729014,0.000755087255646,0.000692637739511,0.00073257877975,0.000746687045069,0.000754856270438,0.000756212129328,0.000781308267244,0.000821811989681,0.000837562235837,0.000843495217606,0.000845775421799,0.000850288532627,0.000849240261698,0.000851816463075,0.000861363726716,0.000859892690876,0.000859376876797,0.000855603684803,0.000857181413296,0.00085083899573,0.000849853387044,0.000847677145248,0.00084290856873,0.000826635358739,0.000820477153716,0.000817838681402,0.00081477012646,0.000817458659227,0.000818442252615,0.000824190542117,0.000822276922558,0.000824568515643,0.0008286354782,0.00082767002632,0.000829204092815,0.000830302978174,0.000829979960233
YKR060W,31632.3,YKR060W_translation_Ribosome,2.30580995504411E-06,3.05606671931726E-06,4.662105737789E-06,9.10911140059149E-06,1.10111554411735E-05,1.19755702281378E-05,1.29647254452445E-05,1.49573536708445E-05,1.80092680123495E-05,1.91925027735184E-05,2.19241578297612E-05,2.22327935259115E-05,2.2541838749809E-05,2.28537922742702E-05,2.41106815340851E-05,2.57046894696092E-05,2.7805347075285E-05,2.79215718036367E-05,2.81651064491172E-05,2.82736725413241E-05,2.85273660705427E-05,2.86466745661868E-05,2.88911370837629E-05,2.93714100892161E-05,3.06292563676789E-05,3.12666829028346E-05,3.15243357449548E-05,3.17862863883997E-05,3.1914045681892E-05,3.19900777100437E-05,3.20921014477654E-05,3.22951601743182E-05,3.24885411476147E-05,3.26755684074694E-05,3.27556687070262E-05,3.27920698827389E-05,3.27987109237413E-05,3.28592579856129E-05
YKR061W,50643.7,YKR061W_translation_Ribosome,0,0,0,0,0,0,0,0,0,0,0,0,0,0,0,0,0,0,0,0,0,0,0,0,0,0,0,0,0,0,0,0,0,0,0,0,0,0
YKR066C,40348.3,YKR066C_translation_Ribosome,0,0,0,0,0,0,0,0,0,0,0,0,0,0,0,0,0,0,0,0,0,0,0,0,0,0,0,0,0,0,0,0,0,0,0,0,0,0
YKR067W,83674.9,YKR067W_translation_Ribosome,2.2689064581129E-05,3.33569106373588E-05,2.26911235964669E-05,3.69626348340862E-05,4.14845189773211E-05,4.32638847061738E-05,4.47482128808102E-05,4.78397057861493E-05,5.17262890827302E-05,0.000265354768666,0.000278223310012,0.000279532409022,0.000128241143745,0.000257841019715,0.000286942040022,0.000292557362924,0.000299084324691,0.000299414283594,0.000274824149996,0.000300402190867,0.0003010984461,0.000301422603061,0.000276637666561,0.000303340807743,0.000280658923958,0.000307966207833,0.00028256719341,0.000283017869801,0.000309425826735,0.000309592843935,0.000309815361573,0.00028359472371,0.000310668925093,0.000311064439843,0.000284482092107,0.000311310803778,0.000311325534953,0.000311455666524
YKR069W,66120.8,YKR069W_translation_Ribosome,0,0,0,0,0,0,0,0,0,0,0,0,0,0,0,0,0,0,0,0,0,0,0,0,0,0,0,0,0,0,0,0,0,0,0,0,0,0
YKR072C,62438.6,YKR072C_translation_Ribosome,0,0,0,0,0,0,0,0,0,0,0,0,0,0,0,0,0,0,0,0,0,0,0,0,0,0,0,0,0,0,0,0,0,0,0,0,0,0
YKR080W,36239,YKR080W_translation_Ribosome,0,0,0,0,0,0,0,0,0,0,0,0,0,0,0,0,0,0,0,0,0,0,0,0,0,0,0,0,0,0,0,0,0,0,0,0,0,0
YKR081C,39606.2,YKR081C_translation_Ribosome,2.88706070192392E-06,3.8264428985127E-06,5.83733374658241E-06,1.14053447885265E-05,1.37868578836887E-05,1.49943832591899E-05,1.62328856557835E-05,1.87278174827061E-05,2.25490612680936E-05,2.40305669631523E-05,2.74508202007786E-05,2.78372570741285E-05,2.82242067093662E-05,2.8614797772315E-05,3.01885248614637E-05,3.21843518198561E-05,3.48145451748103E-05,3.49600679422362E-05,3.52649930307005E-05,3.54009265657631E-05,3.57185713989538E-05,3.58679552926378E-05,3.61740421520702E-05,3.67753828294342E-05,3.83503081833936E-05,3.91484178003574E-05,3.9471020013778E-05,3.97990034223321E-05,3.99589683989514E-05,4.00541666524259E-05,4.01819086301181E-05,4.04361545918596E-05,4.0678283223182E-05,4.09124564909891E-05,4.10127485495592E-05,4.10583257679565E-05,4.10666408888346E-05,4.11424507111333E-05
YKR082W,133274.2,YKR082W_translation_Ribosome,0,0,0,0,0,0,0,0,0,0,0,0,0,0,0,0,0,0,0,0,0,0,0,0,0,0,0,0,0,0,0,0,0,0,0,0,0,0
YKR084C,68709.1,YKR084C_translation_Ribosome,0.000225082089241,0.000279009955888,0.000380767870279,0.000610347886201,0.000694474887581,0.000733594223234,0.000776253048596,0.000855230619197,0.000969736160413,0.001019433793156,0.001113442725118,0.001123767221278,0.001134082530472,0.001144445847086,0.001186087596688,0.001237188380949,0.001293981853756,0.001297335447625,0.001304450143464,0.001307498181814,0.001314955036554,0.001318468862851,0.001325470584823,0.001339145897993,0.00137508607521,0.001393149479126,0.001400419687959,0.001407848453717,0.001411512797081,0.001413863869172,0.001416991857292,0.001423263731079,0.001429224505666,0.001434991395251,0.001437428208635,0.001438648665677,0.001438823282379,0.001440643152131
YKR085C,22413.3,YKR085C_translation_Ribosome,4.01694731462375E-06,6.51052587535696E-06,1.25545906300314E-05,3.15775599057823E-05,4.01499038660092E-05,4.45546833383998E-05,4.90609963013674E-05,5.82355587811696E-05,7.23502862955169E-05,7.61438930734177E-05,7.80250314420321E-05,7.82093020592598E-05,7.83884473980244E-05,7.85642007327772E-05,7.92200570590384E-05,7.99460435914166E-05,7.5070404744184E-05,7.39491261712656E-05,7.17490304596849E-05,7.05810109141634E-05,6.84035431177753E-05,6.72720944724572E-05,6.50346029669955E-05,6.04615153164076E-05,4.9045729157564E-05,4.32435333074894E-05,4.09105015455634E-05,3.8581682579834E-05,3.754589325522E-05,3.76465278166833E-05,3.77772611419774E-05,3.80506794504651E-05,3.83070346235347E-05,3.85478294685575E-05,3.86605528349301E-05,3.87099977419523E-05,3.87099466050668E-05,3.87972043122553E-05
YKR089C,102720.8,YKR089C_translation_Ribosome,3.94868055989616E-09,0,3.50537131271797E-09,3.70060416631447E-08,3.58765952311895E-08,4.30639304046674E-08,4.05876498795817E-08,4.0505510163357E-08,4.86663596187893E-08,2.28025829698437E-08,4.81973977280713E-08,7.4541898920899E-08,7.15000344478915E-08,7.52228062946693E-08,7.65177984847488E-08,7.8015216381944E-08,0,7.62351871439183E-08,8.00263143041524E-08,8.0107168344265E-08,8.02928362150906E-08,7.63519157075111E-08,8.05543939747737E-08,8.08907987037638E-08,5.76007209385747E-08,8.21242374565452E-08,8.22810187247303E-08,5.35535574332403E-08,7.83791739592808E-08,8.25580066369222E-08,5.76817516035577E-08,3.03841253947832E-08,5.82473926103111E-08,6.21820784992539E-08,6.21039197003408E-08,7.92642124520589E-08,8.30200570988339E-08,8.30547588153931E-08
YKR094C,14568.3,YKR094C_translation_Ribosome,0.000825301229683,0.000887716129245,0.001003251330391,0.001252998301536,0.001341707035692,0.001383785102243,0.001425603789405,0.001505040011326,0.001617341684975,0.001658520532329,0.00174987104223,0.001759836240612,0.001769743609967,0.00177968854145,0.001819101647759,0.001867652610423,0.00193010984254,0.001933585463969,0.001940831887644,0.001944039759043,0.001951562531413,0.001955082160426,0.001962271268729,0.001976309966284,0.002012580734357,0.002030680057948,0.002037941740557,0.002045307323274,0.002048877731483,0.002051012609681,0.002053882147307,0.002059557899481,0.002064949328181,0.002070153873438,0.002072379436734,0.002073341680573,0.002073509863422,0.002075120065606
YKR095W,218385.3,YKR095W_translation_Ribosome,0,0,0,0,0,0,0,0,0,0,0,0,0,0,0,0,0,0,0,0,0,0,0,0,0,0,0,0,0,0,0,0,0,0,0,0,0,0
YKR095WA,9990.6,YKR095WA_translation_Ribosome,0,0,0,0,0,0,0,0,0,0,0,0,0,0,0,0,0,0,0,0,0,0,0,0,0,0,0,0,0,0,0,0,0,0,0,0,0,0
YKR097W,60973.8,YKR097W_translation_Ribosome,0,0,0,0,0,0,0,0,0,0,0,0,0,0,0,0,0,0,0,0,0,0,0,0,0,0,0,0,0,0,0,0,0,0,0,0,0,0
YLL008W,84831.1,YLL008W_translation_Ribosome,6.18369182377958E-06,8.19572087622696E-06,1.25027758984631E-05,2.44286991503848E-05,2.95295766778178E-05,3.2115931992937E-05,3.47686358790881E-05,4.01124409223098E-05,4.82970260045088E-05,5.14702099446014E-05,5.87959277470261E-05,5.96236230332904E-05,6.04524165858606E-05,6.12890095819097E-05,6.46597192201049E-05,6.89345094370426E-05,7.45680262983788E-05,7.48797162973128E-05,7.55328244135175E-05,7.58239755794019E-05,7.65043276608661E-05,7.68242876677209E-05,7.74798841395156E-05,7.87678741798511E-05,8.21411503384895E-05,8.38505927168954E-05,8.45415628333645E-05,8.52440587387882E-05,8.55866819878779E-05,8.57905837143833E-05,8.60641896771821E-05,8.66087499885751E-05,8.71273566243182E-05,8.76289239521273E-05,8.78437359171672E-05,8.7941356127427E-05,8.79591659867602E-05,8.81215403275554E-05
YLL011W,56806.7,YLL011W_translation_Ribosome,4.14087671061556E-06,5.48822138460496E-06,8.37241813003982E-06,1.63585499189114E-05,1.97743257303488E-05,2.15062649658341E-05,2.32826341729931E-05,2.68610851178563E-05,3.2341849476552E-05,3.44667554147004E-05,3.93723838161593E-05,3.99266456118713E-05,4.04816428558395E-05,4.10418629561171E-05,4.32990409392396E-05,4.61616317274826E-05,4.99340866677918E-05,5.01428082364435E-05,5.05801586518548E-05,5.07751264989657E-05,5.12307206924409E-05,5.14449802284059E-05,5.18839969580522E-05,5.27464927152017E-05,5.5005389355242E-05,5.61501084542209E-05,5.66128129589983E-05,5.70832356477368E-05,5.73126715046815E-05,5.74492132235448E-05,5.76324320176773E-05,5.79970939664344E-05,5.83443761727793E-05,5.86802480961736E-05,5.88240957988962E-05,5.88894666593255E-05,5.89013929379684E-05,5.90101260613777E-05
YLL012W,66499.4,YLL012W_translation_Ribosome,0,0,0,0,0,0,0,0,0,0,0,0,0,0,0,0,0,0,0,0,0,0,0,0,0,0,0,0,0,0,0,0,0,0,0,0,0,0
YLL015W,176877.6,YLL015W_translation_Ribosome,0,0,0,0,0,0,0,0,0,0,0,0,0,0,0,0,0,0,0,0,0,0,0,0,0,0,0,0,0,0,0,0,0,0,0,0,0,0
YLL018C,63510.1,YLL018C_translation_Ribosome,0.00018308501396,0.000225581056553,0.000304677379649,0.00047967406448,0.000542838884015,0.000575903052379,0.000602872376596,0.000660473096284,0.000743007179336,0.000772333044421,0.000839558926105,0.000847090182233,0.000854647977047,0.000861855236464,0.000890438597419,0.000926968383531,0.000974993760444,0.000977637832032,0.000982892836698,0.000985517791585,0.000990774844767,0.000993556566891,0.000998712155846,0.001009070542035,0.001035602614224,0.001048920835093,0.001054233537699,0.001059594317766,0.001062239317363,0.001064017572139,0.001066461764357,0.001071076098359,0.00107558373781,0.001079739924438,0.001081768715953,0.001082663343634,0.001082907043755,0.001083915356412
YLL024C,69447.5,YLL024C_translation_Ribosome,7.1742748863387E-05,9.57742697122597E-05,0.000151603112404,0.000328370832888,0.000407174861838,0.000457605196442,0.000477981682237,0.000558207469936,0.000679669234304,0.000711346831405,0.000831460121397,0.000846371646088,0.000859687377365,0.000873684690651,0.000947071095338,0.001020040987617,0.000972690699862,0.000978672887796,0.000990219009896,0.000995806732518,0.00100785374213,0.001035757280818,0.001025591705692,0.001049086371798,0.001109593244218,0.001144407672968,0.001152637391865,0.001165106496812,0.0011713215878,0.001174948992363,0.001206978745079,0.00119334102154,0.001198667946086,0.001227513579182,0.001211368271611,0.001210664063433,0.001210108815397,0.001212153168505
YLL026W,102009.9,YLL026W_translation_Ribosome,0,0,0,0,0,0,0,0,0,0,0,0,0,0,0,0,0,0,0,0,0,0,0,0,0,0,0,0,0,0,0,0,0,0,0,0,0,0
YLL028W,64269.7,YLL028W_translation_Ribosome,0,0,0,0,0,0,0,0,0,0,0,0,0,0,0,0,0,0,0,0,0,0,0,0,0,0,0,0,0,0,0,0,0,0,0,0,0,0
YLL031C,115622.1,YLL031C_translation_Ribosome,0,0,0,0,0,0,0,0,0,0,0,0,0,0,0,0,0,0,0,0,0,0,0,0,0,0,0,0,0,0,0,0,0,0,0,0,0,0
YLL034C,93053.3,YLL034C_translation_Ribosome,6.78304219072614E-06,8.9900858695904E-06,1.37145994395033E-05,2.67964351593991E-05,3.23917119720713E-05,3.52287481185363E-05,3.81385636287581E-05,4.40003135509969E-05,5.297818429686E-05,5.64589270566806E-05,6.44946853621177E-05,6.54026044835406E-05,6.63117283200272E-05,6.72294075560533E-05,7.09268210656727E-05,7.5615942584712E-05,8.17954844573621E-05,8.21373848096835E-05,8.28537950114801E-05,8.31731658175216E-05,8.39194605884501E-05,8.42704325139098E-05,8.49895722535673E-05,8.64023999031008E-05,9.01026286915125E-05,9.19777576768789E-05,9.27356996290501E-05,9.35062844998837E-05,9.38821162878072E-05,9.41057810584753E-05,9.44059061038667E-05,9.50032475744377E-05,9.55721198259797E-05,9.61223012455866E-05,9.6357933722667E-05,9.64650157092423E-05,9.64845517777771E-05,9.66626641474896E-05
YLL041C,30244.8,YLL041C_translation_Ribosome,2.94012172150549E-05,3.74360845725745E-05,5.16471795544075E-05,7.98331953716016E-05,8.90421232846875E-05,9.33120867951625E-05,9.73779228717224E-05,0.000105017598049,0.000140482771942,0.000403859734651,0.000395966364495,0.000395184379155,0.000394418193433,0.000393660838305,0.000390789053387,0.000387502298847,7.30232553151693E-05,7.08013063769631E-05,6.64153097549508E-05,6.41755361372162E-05,5.98601673723635E-05,5.76731627904716E-05,5.33601871415042E-05,4.47284611332847E-05,2.37378885111641E-05,1.34506094859328E-05,9.37868535890056E-06,5.34318703831071E-06,3.53812761566142E-06,3.5444274640179E-06,3.55286659083827E-06,3.56965232208896E-06,3.58559145141859E-06,3.60096154516086E-06,3.60755504019505E-06,3.61063754561266E-06,3.61120572904808E-06,3.61635233557389E-06
YLL043W,73873.3,YLL043W_translation_Ribosome,0,0,0,0,0,0,0,0,0,0,0,0,0,0,0,0,0,0,0,0,0,0,0,0,0,0,0,0,0,0,0,0,0,0,0,0,0,0
YLL045C,28137.3,YLL045C_translation_Ribosome,0,0,0,0,0,0,0,0,0,0,0,0,0,0,0,0,0,0,0,0,0,0,0,0,0,0,0,0,0,0,0,0,0,0,0,0,0,0
YLL048C,189169.9,YLL048C_translation_Ribosome,0,0,0,0,0,0,0,0,0,0,0,0,0,0,0,0,0,0,0,0,0,0,0,0,0,0,0,0,0,0,0,0,0,0,0,0,0,0
YLL052C,17014.3,YLL052C_translation_Ribosome,2.34198846975841E-05,0,4.95498933045815E-05,8.41731435814834E-05,9.59203893060792E-05,0.000101468623773,0.000106776252087,0.000116891676391,0.000130883270933,0.000135457790123,0.000136823255016,0.000136987916967,0.000137153574117,0.000137323433192,0.000138018374094,0.000138904205721,0.000134067228194,0.000133227041671,0.000131597208231,0.000130731793852,0.000129152727667,0.00012833255621,0.000126732549416,0.000123507072943,0.000115800061209,0.000112043563542,0.000110564270626,0.00010910694083,0.000108474422818,0.000108613264184,0.000108795807993,0.000109168318022,0.000109519633246,0.00010985568701,0.000110000946312,0.00011007446801,0.000110088573444,0.000110207813936
YLL057C,46975,YLL057C_translation_Ribosome,0,0,0,0,0,0,0,0,0,0,0,0,0,0,0,0,0,0,0,0,0,0,0,0,0,0,0,0,0,0,0,0,0,0,0,0,0,0
YLL061W,64222.3,YLL061W_translation_Ribosome,0,0,0,0,0,0,0,0,0,0,0,0,0,0,0,0,0,0,0,0,0,0,0,0,0,0,0,0,0,0,0,0,0,0,0,0,0,0
YLL062C,36705.1,YLL062C_translation_Ribosome,0,0,0,0,0,0,0,0,0,0,0,0,0,0,0,0,0,0,0,0,0,0,0,0,0,0,0,0,0,0,0,0,0,0,0,0,0,0
YLR002C,75572.8,YLR002C_translation_Ribosome,5.50881581707804E-06,7.30125596196354E-06,1.11382474401413E-05,2.17625988010553E-05,2.63067765519649E-05,2.86108621167924E-05,3.09740550996409E-05,3.57346477333612E-05,4.30259832400327E-05,4.58528521037847E-05,5.23790554223682E-05,5.31164176672264E-05,5.38547583157583E-05,5.46000471917934E-05,5.76028841860726E-05,6.14111321765689E-05,6.64298180483587E-05,6.67074908116665E-05,6.72893199880454E-05,6.75486954862901E-05,6.81547952749534E-05,6.84398354737253E-05,6.90238814314419E-05,7.01713027630085E-05,7.31764261727197E-05,7.4699303360152E-05,7.53148623522893E-05,7.59406892313632E-05,7.62459192505284E-05,7.64275675422144E-05,7.66713126864528E-05,7.71564407527026E-05,7.76184476765982E-05,7.80652749292338E-05,7.82566427374029E-05,7.83436088692333E-05,7.8359474995423E-05,7.85041281188889E-05
YLR008C,17916.6,YLR008C_translation_Ribosome,8.17612678368478E-06,1.24564659918223E-05,2.23470544690721E-05,5.22632704844957E-05,6.55811483305192E-05,7.24276829064043E-05,7.9425489890915E-05,9.37012421152904E-05,0.000116010357626,0.000122940372289,0.000126019785375,0.000126335441441,0.000126645577482,0.000126951169358,0.000128224373241,0.000129824089724,0.000120653281526,0.000118916328334,0.000115509047088,0.000113699758222,0.000110329491821,0.000108577072111,0.000105115848786,9.80396932814935E-05,8.03921541473027E-05,7.14272474718778E-05,6.7824762484907E-05,6.4227870907144E-05,6.26303203571197E-05,6.28007652661334E-05,6.30241218453337E-05,6.34846374493678E-05,6.3919751355551E-05,6.43318252727599E-05,6.45191501072717E-05,6.46017816621688E-05,6.46088051364746E-05,6.47559783408931E-05
YLR009W,23989,YLR009W_translation_Ribosome,1.74865801764504E-06,2.3176305399766E-06,3.5356029926316E-06,6.90808045538229E-06,8.3505343550204E-06,9.08191798265689E-06,9.83206402019358E-06,1.13432142844463E-05,1.36576957840009E-05,1.45550260029758E-05,1.66266323403022E-05,1.68606925166078E-05,1.70950632666346E-05,1.73316395857231E-05,1.82848271962888E-05,1.94936756317579E-05,2.10867521801769E-05,2.11748935738926E-05,2.13595830403693E-05,2.14419163511292E-05,2.16343100143287E-05,2.17247900458789E-05,2.19101831830878E-05,2.22744080142831E-05,2.32283213994635E-05,2.37117268158211E-05,2.3907123104729E-05,2.41057787189461E-05,2.42026675854398E-05,2.42603280250326E-05,2.43376998078054E-05,2.44916935354596E-05,2.46383479415069E-05,2.47801838793506E-05,2.48409295755557E-05,2.48685351497369E-05,2.48735715186575E-05,2.49194886181804E-05
YLR011W,21276.8,YLR011W_translation_Ribosome,0,0,0,0,0,0,0,0,0,0.005632052601887,0.005711608685449,0.00572103912683,0.005730560534647,0.005740094148331,0.005779684857407,0.005830845900583,0,0,0,0,0,0,0,0,0,0,0,0,0,0,0,0,0,0,0,0,0,0
YLR017W,37858,YLR017W_translation_Ribosome,0,0,0,0,0,0,0,0,0,0,0,0,0,0,0,0,0,0,0,0,0,0,0,0,0,0,0,0,0,0,0,0,0,0,0,0,0,0
YLR018C,34246.8,YLR018C_translation_Ribosome,0,0,0,0,0,0,0,0,0,0,0,0,0,0,0,0,0,0,0,0,0,0,0,0,0,0,0,0,0,0,0,0,0,0,0,0,0,0
YLR020C,62450.2,YLR020C_translation_Ribosome,0,0,0,0,0,0,0,0,0,0,0,0,0,0,0,0,0,0,0,0,0,0,0,0,0,0,0,0,0,0,0,0,0,0,0,0,0,0
YLR022C,28293.7,YLR022C_translation_Ribosome,2.06244551060251E-06,2.73351716240509E-06,4.17004837186296E-06,8.14769919464963E-06,9.84899386721584E-06,1.07116204437825E-05,1.15963762461191E-05,1.33786944849655E-05,1.61084975281915E-05,1.71668489399474E-05,1.96101941492688E-05,1.98862551943451E-05,2.01626825439652E-05,2.04417112404257E-05,2.15659433591912E-05,2.29917132945212E-05,2.48706590587466E-05,2.49746169624263E-05,2.5192447983213E-05,2.5289555573969E-05,2.55164732690988E-05,2.56231894668841E-05,2.58418504284185E-05,2.62714334917554E-05,2.73965216215765E-05,2.79666715998499E-05,2.81971307260941E-05,2.84314340464482E-05,2.85457091109324E-05,2.86137164134338E-05,2.87049721560759E-05,2.88865992489989E-05,2.9059570017617E-05,2.9226857669231E-05,2.92985038614324E-05,2.93310631108471E-05,2.9337003229707E-05,2.93911599114682E-05
YLR027C,46061.1,YLR027C_translation_Ribosome,3.49014841069963E-06,6.24535238883659E-06,1.14456055064117E-05,2.32149487701117E-05,2.75360953067649E-05,2.96776840270775E-05,3.16769242460311E-05,3.56715324853679E-05,4.13682582980644E-05,4.35343023878879E-05,4.81415891902696E-05,4.86525183200488E-05,4.91566018322368E-05,4.96688027445822E-05,5.16628473879547E-05,5.41686504788925E-05,5.72228534305149E-05,5.7389236161875E-05,5.77259146687887E-05,5.78808027266156E-05,5.82285487169335E-05,5.83870095787134E-05,5.87317222786346E-05,5.93921645391633E-05,6.10965464105175E-05,6.19479597609391E-05,6.22900681963102E-05,6.26367143147549E-05,6.28069878839116E-05,6.29078787781245E-05,6.3051867594656E-05,6.33076903706575E-05,6.3564622971182E-05,6.38121766135747E-05,6.39149938073486E-05,6.39694613307268E-05,6.39774536973016E-05,6.40561288122182E-05
YLR028C,65277,YLR028C_translation_Ribosome,0,0,0,0,0,0,0,0,0,0,0,0,0,0,0,0,0,0,0,0,0,0,0,0,0,0,0,0,0,0,0,0,0,0,0,0,0,0
YLR029C,24463.9,YLR029C_translation_Ribosome,0.001385891748032,0.001490702320396,0.001684715459013,0.002104104469907,0.00225306911242,0.002323728943168,0.002393953209614,0.002527346933621,0.00271593015294,0.002785079964775,0.002938480824119,0.002955214939747,0.002971851945654,0.002988552027977,0.003054736709197,0.003136266187278,0.003241147846826,0.003246984303727,0.003259152901584,0.003264539737736,0.003277172395697,0.003283082752583,0.003295155103276,0.003318729665382,0.003379637557384,0.003410030948678,0.003422225170185,0.003434593866535,0.003440589494672,0.003444174500935,0,0.003458524227062,0.003467577814137,0,0.003480054865861,0.003481670719259,0.003481953141256,0.003484657082363
YLR038C,9784,YLR038C_translation_Ribosome,5.70714382993116E-06,7.50371669096009E-06,1.0708318408964E-05,1.71708066601773E-05,1.93202584452243E-05,2.032196659856E-05,2.12844289451867E-05,2.30980098126964E-05,2.55783198874347E-05,2.58920288760694E-05,2.44870733333693E-05,2.43400898120868E-05,2.4194951476267E-05,2.40507217385281E-05,2.34891719821819E-05,2.28194014065877E-05,2.04669795285291E-05,2.01142280583837E-05,1.94209728112282E-05,1.90637901893254E-05,1.83838059426137E-05,1.80378129090435E-05,1.73558058036038E-05,1.59894545798843E-05,1.26791380093211E-05,1.10588128426127E-05,1.04180496982205E-05,9.78384599073832E-06,9.50180969588238E-06,9.51424727788677E-06,9.5298320718544E-06,9.56407225589019E-06,9.59550756711125E-06,9.62531559657287E-06,9.63862437504281E-06,9.64480431358057E-06,9.64615183551922E-06,9.65739165436304E-06
YLR043C,11232.1,YLR043C_translation_Ribosome,3.51859468046744E-06,9.08010320255045E-07,1.68220761746184E-05,3.60011486931349E-05,4.2952681509254E-05,4.63247738225327E-05,5.13419961192423E-06,5.55651384421089E-05,5.74061788980002E-05,6.79077275231882E-05,7.50117377348622E-05,6.79746101287567E-05,7.64144777042172E-05,7.72911428380951E-05,8.04598451615855E-05,8.41187621509637E-05,8.87678480952927E-05,8.89955597105845E-05,8.95377996587821E-05,8.96856955012374E-05,9.02994493114845E-05,9.04508931816167E-05,9.10795495330742E-05,9.20308943284481E-05,9.46719298411507E-05,9.81092576693413E-06,9.64505386927024E-05,9.70046220544191E-05,9.72705370991409E-05,9.74348299684753E-05,9.76399804070308E-05,8.80767791635819E-05,9.85033803567503E-05,9.89067188123786E-05,9.90761381826393E-05,9.92006936868567E-05,9.92166401649618E-05,9.93234259583142E-05
YLR044C,61486.9,YLR044C_translation_Ribosome,6.03247631291197E-05,8.90007498357711E-05,0.000137395374952,0.000223809773279,0.000249217180447,0.000260447436007,0.000270951669324,0.000289670747815,0.000313204122871,0.000506086399169,0.002522623212312,0.002734030391106,0.002943172092541,0.003149623645507,0.003952665385695,0.004908900116312,0.007217325044408,0.007464095373954,0.007951384377996,0.008198334913254,0.008677544865185,0.008918608607284,0.009396078090169,0.010345319135624,0.012645273480324,0.0137647359115,0.014206502724829,0.014643889165898,0.014859557178634,0.015066405548424,0.015380258604151,0.015889492590267,0.016399601177574,0.016909635591461,0.017110987603124,0.017108753193282,0.017090869473013,0.016996452478381
YLR048W,27945.6,YLR048W_translation_Ribosome,0,0,0,0,0,0,0,0,0,0,0,0,0,0,0,0,0,0,0,0,0,0,0,0,0,0,0,0,0,0,0,0,0,0,0,0,0,0
YLR056W,42730.6,YLR056W_translation_Ribosome,0,0,0,0,0,0,0,0,0,0,0,0,0,0,0,0,0,0,0,0,0,0,0,0,0,0,0,0,0,0,0,0,0,0,0,0,0,0
YLR058C,52218,YLR058C_translation_Ribosome,4.08138658751279E-06,5.68504444275412E-06,8.65247796487284E-06,1.49782071024227E-05,1.72000845681765E-05,1.82156885337296E-05,1.93016725627057E-05,2.12609957102256E-05,2.39851121415476E-05,2.49405393845407E-05,2.71472385563038E-05,2.73876720540543E-05,2.76266006635012E-05,2.78669537127845E-05,2.88740252395516E-05,3.01543893631332E-05,3.15834797057944E-05,3.16717003768624E-05,3.18497403549091E-05,3.19261759562447E-05,3.21169879662691E-05,3.2202337015649E-05,3.23827785301108E-05,3.2730688763464E-05,3.36376225105003E-05,3.40886454161842E-05,3.42708703799231E-05,3.44561528335934E-05,3.45470662307038E-05,3.46255682401976E-05,3.47368725757557E-05,3.49396697445436E-05,3.51391644902072E-05,3.53321896016946E-05,3.54142455014567E-05,3.54365337687091E-05,3.54436737946486E-05,3.54831814159004E-05
YLR059C,30868.7,YLR059C_translation_Ribosome,2.25014797404141E-06,2.98229362830362E-06,4.5495630538433E-06,8.88921852320061E-06,1.07453474444461E-05,1.16864813719305E-05,1.26517584984847E-05,1.45962849131805E-05,1.75745264015836E-05,1.87291980148426E-05,2.13949112394467E-05,2.16960965062074E-05,2.19976814147636E-05,2.23021044178502E-05,2.35286525188245E-05,2.50841812903433E-05,2.71341292685909E-05,2.72475483456758E-05,2.74852040934698E-05,2.75911494129851E-05,2.78387188102592E-05,2.79551472128568E-05,2.81937084340232E-05,2.86623877056359E-05,2.98898697229404E-05,3.051190885654E-05,3.0763341989368E-05,3.10189691751024E-05,3.11436443742826E-05,3.1217840998221E-05,3.13174018949186E-05,3.15155588077053E-05,3.17042715870605E-05,3.18867840308688E-05,3.19649507186192E-05,3.20004731742333E-05,3.20069539012874E-05,3.20660393642097E-05
YLR060W,67349.5,YLR060W_translation_Ribosome,7.15003724493321E-07,8.88430532825204E-07,1.2145061296466E-06,1.96465020765685E-06,2.23568402153743E-06,2.39565062482078E-06,2.5064715343929E-06,2.76231190120872E-06,3.13110107285445E-06,3.25902036593246E-06,3.55533885802497E-06,3.58841278849722E-06,3.62138915157151E-06,3.65404925115286E-06,3.78580093936456E-06,3.94442569932258E-06,4.14904627530248E-06,4.15986832826334E-06,4.18105843085707E-06,4.18944900423828E-06,4.21328333485076E-06,4.22408203493066E-06,4.24485384009671E-06,4.28639191229132E-06,4.39605173021823E-06,4.45070568930951E-06,4.47114050217538E-06,4.49358372825352E-06,4.50388593673352E-06,4.50785349356958E-06,4.51570906285235E-06,4.52420338719876E-06,4.53384225364255E-06,4.54488603032741E-06,4.5476529111924E-06,4.55093726163331E-06,4.55160531506502E-06,4.55577926511848E-06
YLR061W,13692.5,YLR061W_translation_Ribosome,0.00077568673678,0.000834349450498,0.000942939041712,0.001177672016899,0.001261047863252,0.001300596329871,0.001339901010168,0.001414561778318,0.001520112231456,0.001558815537085,0.001644674344003,0.001654040466258,0.001663352235983,0.001672699309721,0.001709743025057,0.0017553752578,0,0,0,0,0,0,0,0,0,0,0,0,0,0,0,0,0,0,0,0,0,0
YLR068W,18215.7,YLR068W_translation_Ribosome,1.32781816049092E-06,1.75985921159914E-06,2.6847089679803E-06,5.24555092547031E-06,6.34085742009859E-06,6.89622299373393E-06,7.46583553181209E-06,8.61330561679053E-06,1.03707736501157E-05,1.10521483664349E-05,1.2625192660021E-05,1.28029228677632E-05,1.29808889051664E-05,1.31605297095192E-05,1.38843189278185E-05,1.48022404937852E-05,1.60119201170724E-05,1.60788490088772E-05,1.62190902825651E-05,1.62816088906275E-05,1.64277002346078E-05,1.64964049372094E-05,1.66371805330849E-05,1.69137493878768E-05,1.76380897126269E-05,1.80051566200739E-05,1.81535279644342E-05,1.83043742303017E-05,1.83779453889739E-05,1.8421729009362E-05,1.84804801529468E-05,1.85974130615645E-05,1.8708772962529E-05,1.88164740293921E-05,1.88626003947414E-05,1.88835622880096E-05,1.88873865818671E-05,1.89222530669136E-05
YLR069C,84570.6,YLR069C_translation_Ribosome,0,0,0,0,0,0,0,0,0,0,0,0,0,0,0,0,0,0,0,0,0,0,0,0,0,0,0,0,0,0,0,0,0,0,0,0,0,0
YLR070C,38593.7,YLR070C_translation_Ribosome,0,0,0,0,0,0,0,0,0,0,0,0,0,0,0,0,0,0,0,0,0,0,0,0,0,0,0,0,0,0,0,0,0,0,0,0,0,0
YLR074C,18521.2,YLR074C_translation_Ribosome,1.35008732654164E-06,1.78937424473778E-06,2.72973488461913E-06,5.33352535454694E-06,6.44720150469814E-06,7.01188125142294E-06,7.59104690194712E-06,8.75776149089526E-06,1.05447044543181E-05,1.12375066741555E-05,1.28369328817877E-05,1.30176438467046E-05,1.31985945964398E-05,1.33812482010544E-05,1.41171762669517E-05,1.50504925220274E-05,1.62804599808034E-05,1.63485113535695E-05,1.64911046482674E-05,1.65546717713341E-05,1.67032132492969E-05,1.67730702154209E-05,1.69162067935556E-05,1.71974140528634E-05,1.79339024679538E-05,1.83071255450909E-05,1.84579852618828E-05,1.86113614077012E-05,1.86861664464316E-05,1.87306843727222E-05,1.87904208462348E-05,1.89093148655198E-05,1.90225424108649E-05,1.9132049758899E-05,1.91789497209047E-05,1.9200263171258E-05,1.92041516032915E-05,1.92396028427631E-05
YLR075W,25382.9,YLR075W_translation_Ribosome,0.001437953541795,0.001546701381562,0.001748002731559,0.002183146323734,0.002337706905835,0.002411021112396,0.00248388339244,0.002622288125827,0.002817955578589,0.002889703041538,0.00304886648942,0.003066229231402,0.003083491215682,0.00310081864588,0.003169489591434,0.003254081769671,0.003362903367051,0.003368959073699,0.003381584791697,0.003387173987344,0.003400281198122,0.003406413580849,0.003418939436106,0.003443399589739,0.003506595520555,0.003538130656486,0.003550782960701,0.003563616294003,0.003569837151244,0.00357355683026,0.003578556534179,0.003588445611824,0.003597839301929,0.003606907377943,0.003610785061035,0.003612461614864,0.003612754646201,0.003615560162358
YLR081W,63626.5,YLR081W_translation_Ribosome,0,0,0,0,0,0,0,0,0,0,0,0,0,0,0,0,0,0,0,0,0,0,0,0,0,0,0,0,0,0,0,0,0,0,0,0,0,0
YLR089C,66418.2,YLR089C_translation_Ribosome,2.1496405927662E-07,4.30628726325643E-07,1.00661024860789E-06,2.98335046835136E-06,3.90729301910171E-06,4.38630881520134E-06,4.87890021330097E-06,5.88751567631888E-06,7.45097444812014E-06,7.8860297543113E-06,8.16803635994695E-06,8.19596803215877E-06,8.22319952476057E-06,8.24997518189661E-06,8.35070176430959E-06,8.46384567009234E-06,7.98679310147985E-06,7.86937963543095E-06,7.63903795350362E-06,7.51630892921246E-06,7.28807481225865E-06,7.16918199033647E-06,6.93397040243896E-06,6.45210379971081E-06,5.24507461324014E-06,4.62905321787328E-06,4.38091837946042E-06,4.13301224907585E-06,4.02274666188896E-06,4.03404246991717E-06,4.04873973498986E-06,4.07940897468855E-06,4.10818993862157E-06,4.13517532439827E-06,4.14788573200672E-06,4.15342504883104E-06,4.1532935297884E-06,4.16306560906107E-06
YLR092W,99644.5,YLR092W_translation_Ribosome,0,0,0,0,0,1.24549143120338E-05,0,0,0,0,0,0,0,0,0,0,0,0,0,0,0,0,0,0,2.43836290150115E-05,0,0,0,0,0,0,0,0,0,0,0,0,0
YLR100W,39727,YLR100W_translation_Ribosome,1.37549416466759E-05,2.0293492234945E-05,3.132818479971E-05,5.10319486755888E-05,5.68252137827628E-05,5.93858782894078E-05,6.17809989279241E-05,6.60492256921949E-05,7.14151829678137E-05,7.31860006043029E-05,7.67352003397323E-05,7.7096255546701E-05,7.74505333981831E-05,7.78004958417828E-05,7.91398640395725E-05,8.06885945459584E-05,8.24887590209279E-05,8.25797631231908E-05,8.27686075531885E-05,8.28522322505601E-05,8.30442624754818E-05,8.31336663768301E-05,8.33147831380054E-05,8.36627155804051E-05,8.4525862569718E-05,8.49384210649967E-05,8.51005748186923E-05,8.52627559216259E-05,8.53409903136477E-05,8.53870543848175E-05,8.54484257182356E-05,8.55698342023284E-05,8.56838422534607E-05,8.57929269438392E-05,8.58391261735072E-05,8.58608751898263E-05,8.58649381119973E-05,8.59008289659402E-05
YLR105C,44113.8,YLR105C_translation_Ribosome,0,0,0,0,0,0,0,0,0,0,0,0,0,0,0,0,0,0,0,0,0,0,0,0,0,0,0,0,0,0,0,0,0,0,0,0,0,0
YLR106C,559077.9,YLR106C_translation_Ribosome,4.07535142074764E-05,5.40137569413473E-05,8.23993287070819E-05,0.000160996920006,0.000194614165288,0.00021165949534,0.000229142094505,0.000264360349385,0.000318300716068,0.000339213530042,0.000387493546746,0.00039294845824,0.00039841060784,0.000403924159537,0.000426138763215,0.000454311694338,0.000491439289954,0.000493493477511,0.000497797775276,0.000499716602008,0.000504200450655,0.000506309141556,0.000510629838785,0.00051911831491,0.000541349833196,0.000552615883678,0.000557169710302,0.000561799497439,0.000564057550047,0.000565401360855,0.000567204556229,0.00057079347156,0.000574211339639,0.000577516910454,0.000578932625001,0.000579575989311,0.000579693364882,0.000580763490172
YLR109W,19108.8,YLR109W_translation_Ribosome,0,0,0,0,0,0,0,0,0,0,0,0,0,0,0,0,0,0,0,0,0,0,0,0,0,0,0,0,0,0,0,0,0,0,0,0,0,0
YLR129W,106322.1,YLR129W_translation_Ribosome,7.75026022834874E-06,1.0272014091227E-05,1.56702128034881E-05,3.06174338649048E-05,3.70105610383056E-05,4.02521402285983E-05,4.35768766501907E-05,5.02744742787246E-05,6.05325314484191E-05,6.45096056605526E-05,7.36912112363518E-05,7.4728593764643E-05,7.57673527925906E-05,7.68158871648341E-05,8.1040527977262E-05,8.63982879606205E-05,9.34589926206174E-05,9.38496457565035E-05,9.46682114292571E-05,9.50331224509729E-05,9.5885834039537E-05,9.62868522963417E-05,9.71085367214382E-05,9.8722824475193E-05,0.000102950682007,0.000105093192283,0.000105959211866,0.000106839677166,0.000107269100141,0.000107524658065,0.000107867579004,0.000108550097513,0.000109200087276,0.000109828721015,0.000110097953163,0.00011022030435,0.000110242626135,0.00011044613618
YLR133W,66306.2,YLR133W_translation_Ribosome,1.64978154599894E-06,1.61511131885675E-06,1.55446557057216E-06,1.43695896489402E-06,1.39917442595423E-06,1.38182737849916E-06,1.36518037113145E-06,1.33434267075015E-06,1.29292742470135E-06,1.27844208177499E-06,1.24782192828079E-06,1.24456940032338E-06,1.24135068744683E-06,1.2381411340349E-06,1.22557993603739E-06,1.21043769812346E-06,1.19183242274948E-06,1.19085809248436E-06,1.18882548071595E-06,1.18792327915899E-06,1.18583439967826E-06,1.18485630174294E-06,1.18286309796853E-06,1.17899120361462E-06,1.16911674859805E-06,1.16425100286134E-06,1.16230755214073E-06,1.16035104736369E-06,1.15939834352008E-06,1.15883604987089E-06,1.15808582298153E-06,1.15659492884165E-06,1.15518115016751E-06,1.15382472308726E-06,1.1532445351401E-06,1.15297211065367E-06,1.15292070910475E-06,1.15247075689332E-06
YLR134W,61904.6,YLR134W_translation_Ribosome,0,0,0,0,0,0,0,0,0,0,0,0,0,0,0,0,0,0,0,0,0,0,0,0,0,0,0,0,0,0,0,0,0,0,0,0,0,0
YLR138W,109347.2,YLR138W_translation_Ribosome,0,0,0,0,0,0,0,0,0,0,0,0,0,0,0,0,0,0,0,0,0,0,0,0,0,0,0,0,0,0,0,0,0,0,0,0,0,0
YLR142W,53281,YLR142W_translation_Ribosome,0,0,0,0,0,0,0,0,0,0,0,0,0,0,0,0,0,0,0,0,0,0,0,0,0,0,0,0,0,0,0,0,0,0,0,0,0,0
YLR146C,34078,YLR146C_translation_Ribosome,0,0,0,0,0,0,0,0,0,0,0,0,0,0,0,0,0,0,0,0,0,0,0,0,0,0,0,0,0,0,0,0,0,0,0,0,0,0
YLR153C,75483.3,YLR153C_translation_Ribosome,2.95704317562559E-07,4.43050415804355E-07,0,0,0,0,1.40409809124697E-06,0,1.63869288309739E-06,1.6845205720158E-06,0,0,0,1.80224566352404E-06,0,0,1.92623632944275E-06,0,0,0,1.94131505823075E-06,0,0,0,0,0,0,0,2.00509915751633E-06,0,0,0,0,0,0,2.02033334321458E-06,0,0
YLR155C,38672.8,YLR155C_translation_Ribosome,0,0,0,0,0,0,0,0,0,0,0,0,0,0,0,0,0,0,0,0,0,0,0,0,0,0,0,0,0,0,0,0,0,0,0,0,0,0
YLR157C,38672.8,YLR157C_translation_Ribosome,0,0,0,0,0,0,0,0,0,0,0,0,0,0,0,0,0,0,0,0,0,0,0,0,0,0,0,0,0,0,0,0,0,0,0,0,0,0
YLR158C,38672.8,YLR158C_translation_Ribosome,0,0,0,0,0,0,0,0,0,0,0,0,0,0,0,0,0,0,0,0,0,0,0,0,0,0,0,0,0,0,0,0,0,0,0,0,0,0
YLR160C,38672.8,YLR160C_translation_Ribosome,0,0,0,0,0,0,0,0,0,0,0,0,0,0,0,0,0,0,0,0,0,0,0,0,0,0,0,0,0,0,0,0,0,0,0,0,0,0
YLR163C,51082.3,YLR163C_translation_Ribosome,2.33110836432259E-05,3.55148260682307E-05,6.37140384060302E-05,0.000149008632323,0.000186979443274,0.000206499705666,0.0002264512632,0.000267153084855,0.000330758954901,0.00035051722868,0.000359296991753,0.000360196963728,0.00036108119747,0.000361952475275,0.000365582526887,0.000370143503707,0.000343996468243,0.000339044213681,0.000329329660542,0.000324171168603,0.000314562149071,0.000309565797679,0.000299697449429,0.000279522511197,0.000229207334863,0.000203647348466,0.000193376246871,0.000183121092732,0.000178566291237,0.000179052249397,0.000179689064853,0.000181002048133,0.000182242608233,0.000183417478658,0.00018395156344,0.000184187155565,0.000184207180303,0.000184626788141
YLR167W,17234.5,YLR167W_translation_Ribosome,0.000976342747127,0.00105018043488,0.001186860172677,0.001482314287036,0.001587257944073,0.001637036877645,0.001686508961821,0.001780483108887,0.00191333753902,0.00196205268387,0.00207012159808,0.002081910565326,0.002093631120033,0.002105396111257,0.002152022360076,0.002209458819102,0.002283346586853,0.002287458294981,0.002296030914218,0.002299825870365,0.002308725413922,0.002312889183629,0.002321393997989,0.002338001970987,0.002380910790296,0.002402322539947,0.002410913210713,0.002419626796741,0.002423850638938,0.002426376229316,0.002429770931939,0.002436485425108,0.002442863559683,0.002449020608566,0.002451653480667,0.002452791828411,0.002452990791042,0.002454895682454
YLR172C,33830.6,YLR172C_translation_Ribosome,0,0,0,0,0,0,0,0,0,0,0,0,0,0,0,0,0,0,0,0,0,0,0,0,0,0,0,0,0,0,0,0,0,0,0,0,0,0
YLR174W,46555.6,YLR174W_translation_Ribosome,0,0,0,0,0,0,0,0,0,0,0,0,0,0,0,0,0,0,0,0,0,0,0,0,0,0,0,0,0,0,0,0,0,0,0,0,0,0
YLR175W,54718.6,YLR175W_translation_Ribosome,3.98866641395273E-06,5.28648540851071E-06,8.06466488443083E-06,1.57572425364076E-05,1.90474613013723E-05,2.0715737935129E-05,2.24268113841913E-05,2.58737256719706E-05,3.11530281598413E-05,3.31998268308989E-05,3.79251342021785E-05,3.84590224494249E-05,3.89936191113291E-05,3.9533246647853E-05,4.17074553096356E-05,4.44648230198802E-05,4.80986101065584E-05,4.8299659490283E-05,4.87209337843491E-05,4.89087350056649E-05,4.93475824732187E-05,4.95539662597202E-05,4.99768456176626E-05,5.0807637766074E-05,5.2983501910404E-05,5.40861434384172E-05,5.45318398565354E-05,5.49849707537007E-05,5.52059730101566E-05,5.53374957301491E-05,5.55139797700355E-05,5.58652374792363E-05,5.6199754290389E-05,5.65232802376354E-05,5.66618403882197E-05,5.67248083473423E-05,5.67362962399773E-05,5.68410325525352E-05
YLR180W,41803.6,YLR180W_translation_Ribosome,0,0,0,0,0,0,0,0,0,0,0,0,0,0,0,0,0.000982242618445,0.000983355700676,0.000985665618228,0.000986688530529,0.000989037698925,0.00099013147771,0.000992347434465,0.000996604926185,0.001007170326016,0,0.001014208139399,0.001016194627261,0.001017153001861,0.001017717305983,0.001018469144368,0.001019956563352,0.001021353493968,0.001022690146683,0.001023256315481,0.001023522839268,0.001023572634995,0.001024012465243
YLR185W,9872.7,YLR185W_translation_Ribosome,0.00055929322229,0.000601590784731,0.000679887111712,0.000849136572666,0.000909253039221,0.000937768660648,0.000966108504881,0.001019941140683,0.001096046158663,0.001123952393863,0.00118585914888,0.001192612401769,0.001199326464867,0.001206065983208,0.001232775604417,0.001265677802277,0.001308004052803,0.001310359424924,0.001315270208408,0.001317444130688,0.001322542191188,0.001324927386534,0.001329799328321,0.001339313125357,0.001363893235044,0.00137615885231,0.001381079976524,0.001386071512152,0.001388491119734,0.001389937891971,0.001391882530956,0.001395728895904,0.001399382579459,0.001402909615143,0.001404417843197,0.001405069940199,0.00140518391498,0.001406275122815
YLR186W,27899.8,YLR186W_translation_Ribosome,2.03373250075839E-06,2.6954616090391E-06,4.11199367934566E-06,8.03426833503168E-06,9.71187787728534E-06,1.05624951157835E-05,1.14349335007961E-05,1.31924386132475E-05,1.58842378104327E-05,1.69278550368012E-05,1.93371844165227E-05,1.96094021874548E-05,1.98819811633021E-05,2.01571252704888E-05,2.12657060240535E-05,2.26716266368301E-05,2.45244140429572E-05,2.46269246626741E-05,2.48417230776479E-05,2.49374787533133E-05,2.51612373395209E-05,2.52664678528497E-05,2.54820846542796E-05,2.59056871364748E-05,2.70151119838572E-05,2.75773244327002E-05,2.78045751468306E-05,2.80356165368649E-05,2.81483006836572E-05,2.82153612002503E-05,2.83053464962195E-05,2.84844450081544E-05,2.8655007707635E-05,2.88199664094838E-05,2.88906151557835E-05,2.89227211209567E-05,2.89285785425087E-05,2.89819812643091E-05
YLR189C,136054.6,YLR189C_translation_Ribosome,0,0,0,0,0,0,0,0,0,0,0,0,0,0,0,0,0,0,0,0,0,0,0,0,0,0,0,0,0,0,0,0,0,0,0,0,0,0
YLR192C,29554.5,YLR192C_translation_Ribosome,0.000575382140913,0.000499417612304,0.00045811326237,0.000484530419857,0.00049386168075,0.0004992648378,0.000500161608079,0.000516760290129,0.000543549607784,0.000553966881112,0.000557890978052,0.000559399113866,0.00056238410271,0.000561690772289,0.000563394681779,0.000569709278636,0.000568736329879,0.000568395168465,0.000565899564782,0.00056694308047,0.000562748181121,0.000562096295749,0.000560656921063,0.00055750296623,0.000546739802613,0.000542666742148,0.000540921646421,0.000538892092391,0.000540670298294,0.00054132085074,0.000545122791505,0.000543857116176,0.000545372784647,0.00054806268931,0.000547424135727,0.000548438773201,0.0005491655802,0.000548951934893
YLR197W,56874.8,YLR197W_translation_Ribosome,4.14584080294961E-06,5.49480067677106E-06,8.3824550037652E-06,1.63781605854257E-05,1.97980312366049E-05,2.15320467247494E-05,2.33105454473178E-05,2.68932862472394E-05,3.23806209586017E-05,3.45080742387782E-05,3.94195835186218E-05,3.99745097646239E-05,4.05301723405391E-05,4.10910640339356E-05,4.33509479271119E-05,4.6216970395644E-05,4.99939477634386E-05,5.02029195479772E-05,5.06407942600523E-05,5.08359958350578E-05,5.12921361958789E-05,5.15066525866586E-05,5.194619561055E-05,5.28097253295571E-05,5.5071329939981E-05,5.62174213307959E-05,5.66806805267766E-05,5.71516671592946E-05,5.73813780644617E-05,5.75180834698454E-05,5.77015219070812E-05,5.80666210134044E-05,5.84143195424411E-05,5.87505941098541E-05,5.88946142575271E-05,5.89600634846912E-05,5.89720040605838E-05,5.90808675335065E-05
YLR200W,13276,YLR200W_translation_Ribosome,3.20247562141854E-06,5.01134172758801E-06,7.73186539774737E-06,1.63682801565928E-05,2.01919239881972E-05,2.22391726099205E-05,2.54322218142341E-05,2.9739500003412E-05,3.68383244097394E-05,3.8485192449483E-05,4.65515516978334E-05,4.7120249879349E-05,4.76944746918867E-05,4.85499421508955E-05,5.27045284248773E-05,5.6018271941133E-05,5.59897448779098E-05,5.62089188810575E-05,5.75123307505835E-05,5.79662711864873E-05,5.89619849503131E-05,6.36679051333136E-05,6.0479367096655E-05,6.24286358988406E-05,6.74944102200073E-05,7.00009341633654E-05,7.10466666944822E-05,7.2069565086072E-05,7.25465833316546E-05,7.28225722986297E-05,7.48770439534508E-05,7.39629626615086E-05,7.46229624209333E-05,7.7380038106554E-05,7.56201156192206E-05,7.62768746604691E-05,7.6147122179271E-05,7.62688097915591E-05
YLR201C,29962.8,YLR201C_translation_Ribosome,0,0,0,0,0,0,0,0,0,0,0,0,0,0,0,0,0,0,0,0,0,0,0,0,0,0,0,0,0,0,0,0,0,0,0,0,0,0
YLR208W,33031.2,YLR208W_translation_Ribosome,0,0,0,0,0,0,0,0,0,0,0,0,0,0,0,0,0,0,0,0,0,0,0,0,0,0,0,0,0,0,0,0,0,0,0,0,0,0
YLR209C,33754.3,YLR209C_translation_Ribosome,0,0,0,0,0,0,0,0,0,0,0,0,0,0,0,0,0,0,0,0,0,0,0,0,0,0,0,0,0,0,0,0,0,0,0,0,0,0
YLR221C,24642.5,YLR221C_translation_Ribosome,1.79629435157022E-06,2.38076662559395E-06,3.63191866046622E-06,7.09626798206504E-06,8.57801670947476E-06,9.32932443568395E-06,1.00999056908425E-05,1.16522221853544E-05,1.40297539854618E-05,1.49515289623716E-05,1.70795692794988E-05,1.73200056417736E-05,1.75607610383111E-05,1.78037820872558E-05,1.87829361034035E-05,2.0024715567785E-05,2.16611901538209E-05,2.17517326647483E-05,2.19414533774772E-05,2.20260295836717E-05,2.22236643681727E-05,2.23166092252937E-05,2.25070527779083E-05,2.28811996953591E-05,2.38610992574213E-05,2.43576734361112E-05,2.45583926428065E-05,2.47624599642182E-05,2.48619882435366E-05,2.49212194487834E-05,2.500069896677E-05,2.51588877380284E-05,2.53095372524317E-05,2.54552370355954E-05,2.55176375449428E-05,2.55459951405807E-05,2.5551168708513E-05,2.55983366657014E-05
YLR222C,91005.6,YLR222C_translation_Ribosome,6.63377681814988E-06,8.79225302717471E-06,1.3412800521332E-05,2.62067617112151E-05,3.16789107215492E-05,3.44535159932669E-05,3.72992990702459E-05,4.30320572714412E-05,5.18123639768425E-05,5.52165106680736E-05,6.30754367463673E-05,6.3963376501288E-05,6.48524944607131E-05,6.57499795523981E-05,6.93660290089033E-05,7.39519632778984E-05,7.99955202054405E-05,8.03298968122155E-05,8.10305419291605E-05,8.1342884767365E-05,8.20727568235436E-05,8.24160053774328E-05,8.31193199669355E-05,8.45010574006686E-05,8.81198601838765E-05,8.99537257038597E-05,9.06949886372808E-05,9.14486162734972E-05,9.18161776319772E-05,9.20349205100214E-05,9.23284411033897E-05,9.29126376760442E-05,9.3468991513844E-05,9.40070658239456E-05,9.42375130510314E-05,9.43422386269914E-05,9.43613447912935E-05,9.45355376793814E-05
YLR231C,51014.4,YLR231C_translation_Ribosome,0,0,0,0,0,0,0,0,0,0,0,0,0,0,0,0,9.21362361789891E-06,9.37670752062825E-06,9.68797390699178E-06,9.9311476969915E-06,1.01515600668824E-05,1.02463792599286E-05,1.06250402282113E-05,1.13247893431707E-05,1.28595626346255E-05,1.36459093179439E-05,1.39979128134893E-05,1.42889016894741E-05,1.44212503728378E-05,1.38974437218281E-05,1.31201431783086E-05,1.1801707286852E-05,1.04964223551218E-05,9.17621942948024E-06,8.64840265735294E-06,8.89227282887801E-06,8.85827437174476E-06,8.94339371842933E-06
YLR237W,66902.4,YLR237W_translation_Ribosome,0,0,0,0,0,0,0,0,0,0,0,0,0,0,0,0,0,0,0,0,0,0,0,0,0,0,0,0,0,0,0,0,0,0,0,0,0,0
YLR240W,100924.3,YLR240W_translation_Ribosome,0,0,0,0,0,0,0,0,0,0,0,0,0,0,0,0,0,0,0,0,0,0,0,0,0,0,0,0,0,0,0,0,0,0,0,0,0,0
YLR245C,15536.3,YLR245C_translation_Ribosome,0,0,0,0,0,0,0,0,0,0,0,0,0,0,0,0,0,0,0,0,0,0,0,0,0,0,0,0,0,0,0,0,0,0,0,0,0,0
YLR249W,115924.9,YLR249W_translation_Ribosome,0.002152216142956,0.002648874858257,0.003568223919091,0.005555545164368,0.006261432674748,0.006596256276777,0.006929020520766,0.007561128744978,0.008454747454403,0,0,0,0,0,0,0,0,0,0,0,0,0,0,0,0,0,0,0,0,0,0,0,0,0,0,0,0,0
YLR258W,80064.6,YLR258W_translation_Ribosome,0.000144837299803,0,0,0,0,0,0,0,0,0,0,0,0,0,0,0,0,0,0,0,0,0,0,0,0,0,0,0,0,0,0,0,0,0,0,0,0,0
YLR259C,60741.2,YLR259C_translation_Ribosome,0,0,0,0,0,0,0,0,0,0,0,0,0,0,0,0,0,0,0,0,0,0,0,0,0,0,0,0,0,0,0,0,0,0,0,0,0,0
YLR260W,77561.5,YLR260W_translation_Ribosome,0,0,0,0,0,0,0,0,0,0,0,0,0,0,0,0,0,0,0,0,0,0,0,0,0,0,0,0,0,0,0,0,0,0,0,0,0,0
YLR264W,7570,YLR264W_translation_Ribosome,0.000428844155372,0.000461276270971,0.000521310830437,0.000651084693659,0.000697179647604,0.000719044310179,0.00074077419368,0.000782050952118,0.000840405301598,0.000861802710661,0.000909270387738,0.00091444851777,0.000919596598604,0.000924764197523,0.000945244089807,0.000970472207526,0.001002926320025,0.001004732327193,0.001008497723788,0.001010164602319,0.001014073595601,0.00101590247005,0.001019638084353,0.001026932891605,0.001045779957791,0.001055184753105,0.001058958078569,0.001062785392749,0.001064640653153,0.001065749981486,0.001067241054558,0.001070190296676,0.001072991798242,0.001075696191177,0.001076852641425,0.001077352643887,0.001077440035289,0.001078276730754
YLR276C,68077.4,YLR276C_translation_Ribosome,4.96244492602562E-06,6.57710872992633E-06,1.00335428392421E-05,1.96041584223287E-05,2.36976392305E-05,2.57732028543302E-05,2.79020115523084E-05,3.21904429583544E-05,3.8758615155519E-05,4.13051118102041E-05,4.71840385378169E-05,4.7848268320068E-05,4.85133794667553E-05,4.91847497074952E-05,5.18897617646685E-05,5.53203031995262E-05,5.98412298499636E-05,6.00913626990418E-05,6.06154853671448E-05,6.08491356956255E-05,6.13951217878802E-05,6.16518913614288E-05,6.21780109478654E-05,6.32116296699134E-05,6.59187013731224E-05,6.72905377936296E-05,6.78450449143308E-05,6.84088015407555E-05,6.86837584843478E-05,6.88473906828693E-05,6.90669608944054E-05,6.95039733832548E-05,6.99201579120907E-05,7.03226683074786E-05,7.04950560293024E-05,7.05733967569594E-05,7.05876892619224E-05,7.07179955169167E-05
YLR284C,31701.8,YLR284C_translation_Ribosome,0,0,0,0,0,0,0,0,0,0,0,0,0,0,0,0,0,0,0,0,0,0,0,0,0,0,0,0,0,0,0,0,0,0,0,0,0,0
YLR285W,29614.7,YLR285W_translation_Ribosome,0,0,0,0,0,0,0,0,0,0,0,0,0,0,0,0,0,0,0,0,0,0,0,0,0,0,0,0,0,0,0,0,0,0,0,0,0,0
YLR287CA,7134.7,YLR287CA_translation_Ribosome,0.000404184200176,0.00043475136202,0.000491333736053,0.00061364517356,0.000657089515424,0.000677696887692,0.00069817723113,0.00073708043964,0.000792079221309,0.000812246208686,0.000856984337569,0.000861864708023,0.000866716757208,0.000871587202123,0.000890889432965,0.000914666850599,0.00094525474445,0.000946956900241,0.000950505774097,0.000952076801607,0.000955761014866,0.000957484722994,0.000961005527138,0.000967880858882,0.000985644156519,0.000994508145044,0.000998064491832,0.001001671722807,0.00100342029961,0.001004465837901,0.001005871169347,0.001008650820303,0.001011291226277,0.001013840107687,0.001014930058227,0.001015401308896,0.001015483675004,0.001016272257716
YLR291C,42571.1,YLR291C_translation_Ribosome,0.000828795975538,0.000719374616899,0.000659878715717,0.00069793070283,0.000711371703036,0.000719154556378,0.000720446288508,0.000744355478424,0.000782943535094,0.000797948856943,0.000803601232155,0.000805773591714,0.000810073250262,0.000809074558399,0.000811528915647,0.000820624631503,0.000819223169837,0.000818731751722,0.000815137016776,0.000816640124956,0.000810597678638,0.000809658685342,0.000807585371171,0.000803042329449,0.000787538777885,0.000781671831588,0.000779158148572,0.000776234724133,0.000778796099941,0.000779733173255,0.000785209591413,0.000783386478486,0.000785569688287,0.000789444299612,0.000788524509785,0.000789986021006,0.000791032933437,0.000790725192966
YLR295C,14117.9,YLR295C_translation_Ribosome,0.000205803164364,0.000270467468532,0.000385800170104,0.000618330834565,0.000695661380317,0.000731684337033,0.000766314302825,0.000831545998535,0.000920748707115,0.000931937612895,0.000880915847938,0.00087557642574,0.000870303606785,0.000865064136987,0.000844660810132,0.000820324479157,0.000735201561763,0.000722452474972,0.00069739739386,0.000684489869982,0.000659912518332,0.000647408320394,0.000622758888481,0.000573376340836,0.000453730979004,0.000395165278131,0.000372005824042,0.000349082796392,0.00033888805242,0.000339334757293,0.000339896300471,0.000341123947135,0.000342253302184,0.000343258863039,0.000343802186322,0.000344012206571,0.000343929657863,0.000344330154935
YLR299W,73164.1,YLR299W_translation_Ribosome,0,0,0,0,0,0,0,0,0,0,0,0,0,0,0,0,0,0,0,0,0,0,0,0,0,0,0,0,0,0,0,0,0,0,0,0,0,0
YLR300W,51280.2,YLR300W_translation_Ribosome,0,0,0,0,0,0,0,0,0,0,0,0,0,0,0,0,0,0,0,0,0,0,0,0,0,0,0,0,0,0,0,0,0,0,0,0,0,0
YLR303W,48663,YLR303W_translation_Ribosome,1.56553403935779E-05,3.67930841821638E-05,7.59106117324448E-05,0.000162901912235,0.000194462156226,0.000209777682001,0.000223691359434,0.000251746367347,0.000290163878317,0.000307851768373,0.000340153980892,0.000343582814267,0.000346529638126,0.00035051940821,0.000364934438421,0.000381575575516,0.000333715582689,0.000334566426998,0.000336548296512,0.000337110082784,0.000339337913828,0.00033988781306,0.000342200626336,0.000345679717777,0.000355389987116,0.000360140378989,0.000361901877287,0.00036394708062,0.00036493633439,0.000365636656102,0.000366581414702,0.000368467629342,0.000370193045163,0.000371939981411,0.000372644556773,0.000373151291406,0.000373208249558,0.00037360279186
YLR304C,85372.2,YLR304C_translation_Ribosome,0.007175198835092,0.009312765854338,0.013115802101574,0.020741593971387,0.023265391401324,0.024434553556704,0.02556108771311,0.027677038256522,0.030561093854312,0.030540174569163,0.028238385417262,0.027995997310217,0.027756598414485,0.02751790074562,0.026582575699592,0.025461083495966,0.022381352412956,0.021891128910213,0.020926130770503,0.020431298430058,0.019482893091965,0.019002150621273,0.018052132664531,0.016151411813898,0.011538391065313,0.009279281476306,0.008385796592593,0.00750071249962,0.007105884561182,0.007115226039463,0.007126986683117,0.007152644664649,0.007176271001013,0.007198841242338,0.007208624678541,0.007212212995667,0.00721363367896,0.007222775812318
YLR305C,214607.9,YLR305C_translation_Ribosome,0,0,0,0,0,0,0,0,0,0,0,0,0,0,0,0,0,0,0,0,0,0,0,0,0,0,0,0,0,0,0,0,0,0,0,0,0,0
YLR307W,34625.5,YLR307W_translation_Ribosome,0,0,0,0,0,0,0,0,0,0,0,0,0,0,0,0,0,0,0,0,0,0,0,0,0,0,0,0,0,0,0,0,0,0,0,0,0,0
YLR308W,35676.4,YLR308W_translation_Ribosome,0,0,0,0,0,0,0,0,0,0,0,0,0,0,0,0,0,0,0,0,0,0,0,0,0,0,0,0,0,0,0,0,0,0,0,0,0,0
YLR312WA,28177.9,YLR312WA_translation_Ribosome,5.05008810557734E-06,8.18500386213636E-06,1.57835749003477E-05,3.96991663552062E-05,5.04762786446449E-05,5.60139475954499E-05,6.16792639941597E-05,7.3213482699108E-05,9.0958454676752E-05,9.57277600635987E-05,9.80927187638784E-05,9.83243829554602E-05,9.85496036699991E-05,9.87705599723433E-05,9.95950995972873E-05,0.000100507806602,9.43781753620012E-05,9.29685089808866E-05,9.02025585429167E-05,8.87341296211716E-05,8.5996626896457E-05,8.45741747460415E-05,8.1761210484119E-05,7.60119452483214E-05,6.16600702096042E-05,5.43655756709234E-05,5.14324986280794E-05,4.8504717893675E-05,4.72025282112078E-05,4.73290455294722E-05,4.74934028783144E-05,4.78371431465809E-05,4.81594317177077E-05,4.84621579143663E-05,4.8603873223817E-05,4.86660351386435E-05,4.86659708495809E-05,4.87756708467873E-05
YLR316C,37104.9,YLR316C_translation_Ribosome,0,0,0,0,0,0,0,0,0,0,0,0,0,0,0,0,0,0,0,0,0,0,0,0,0,0,0,0,0,0,0,0,0,0,0,0,0,0
YLR325C,8840.7,YLR325C_translation_Ribosome,0.000500829923962,0.000538706093629,0.000608818052661,0.000760375753135,0.000814208204831,0.000839743069088,0.00086512053026,0.000913326004278,0.00098147571332,0.001006464890904,0.001061900491001,0.001067947821804,0.00107396005935,0.001079995091287,0.001103912737748,0.001133375646641,0.001171277505608,0.00117338666909,0.001177784125059,0.001179730805775,0.001184295962567,0.001186431831832,0.001190794506253,0.001199313819658,0.001221324553876,0.001232308037884,0.00123671475366,0.001241184520697,0.001243351205063,0.001244646745221,0.001246388109779,0.001249832411602,0.001253104173147,0.001256262525408,0.001257613097365,0.001258197030226,0.001258299091147,0.00125927623429
YLR328W,45853.5,YLR328W_translation_Ribosome,0,0,0,0,0,0,0,0,0,0,0,0,0,0,0,0,0,0,0,0,0,0,0,0,0,0,0,0,0,0,0,0,0,0,0,0,0,0
YLR333C,12025.5,YLR333C_translation_Ribosome,0,0,0,0,0,0,0,0,0,0,0,0,0,0,0,0,0,0,0,0,0,0,0,0,0,0,0,0,0,0,0,0,0,0,0,0,0,0
YLR335W,77881.6,YLR335W_translation_Ribosome,0,0,0,0,0,0,0,0,0,0,0,0,0,0,0,0,0,0,0,0,0,0,0,0,0,0,0,0,0,0,0,0,0,0,0,0,0,0
YLR336C,102841,YLR336C_translation_Ribosome,7.4965083660275E-06,9.93569729299817E-06,1.51571531687534E-05,2.96149861233053E-05,3.57987954314333E-05,3.89342418297727E-05,4.2150122802148E-05,4.86284338749735E-05,5.85506312110734E-05,6.23974917325456E-05,7.1278481658636E-05,7.22818991663036E-05,7.32866481055473E-05,7.43008523337924E-05,7.83871738585826E-05,8.35695150129481E-05,9.0399044602175E-05,9.07769073338899E-05,9.15686722854066E-05,9.19216357274781E-05,9.27464286207668E-05,9.31343171081842E-05,9.39290987007351E-05,9.54905329357991E-05,9.95799658611123E-05,0.000101652328045,0.000102489993214,0.000103341631132,0.000103756994337,0.000104004185019,0.000104335878358,0.000104996050476,0.000105624758875,0.000106232810469,0.000106493227666,0.000106611572943,0.00010663316389,0.000106830010796
YLR340W,33701.4,YLR340W_translation_Ribosome,0.001909200583599,0.002053587334015,0.002320859289418,0.002898608414118,0.003103821687684,0.003201162472267,0.00329790322469,0.00348166604461,0.003741457758423,0.003836718345189,0.004048042938614,0.004071095809351,0.004094014902009,0.004117020888562,0.004208196719711,0.004320511499962,0.004464996179882,0.004473036466533,0.004489799892798,0.004497220783168,0.00451462349733,0.004522765588393,0.004539396424836,0.004571872675448,0.004655779216577,0.004697649067148,0.004714447792481,0.004731486873869,0.004739746434368,0.004744685128938,0.00475132333898,0.004764453271388,0.00477692546754,0.004788965339146,0.004794113818987,0.004796339814094,0.004796728877846,0.004800453819527
YLR342W,214847.9,YLR342W_translation_Ribosome,0,0,0,0,0,0,0,0,0,0,0,0,0,0,0,0,0,0,0,0,0,0,0,0,0,0,0,0,0,0,0,0,0,0,0,0,0,0
YLR344W,14252,YLR344W_translation_Ribosome,0,0,0,0,0,0,0,0,0,0,0,0,0,0,0,0,0,0,0,0,0,0,0,0,0,0,0,0,0,0,0,0,0,0,0,0,0,0
YLR348C,33006,YLR348C_translation_Ribosome,0,0,0,0,0,0,0,0,0,0,0,0,0,0,0,0,0,0,0,0,0,0,0,0,0,0,0,0,0,0,0,0,0,0,0,0,0,0
YLR354C,37034.7,YLR354C_translation_Ribosome,0.000133188790534,0.000226935565435,0.00039878853917,0.000766696594334,0.000895928547353,0.000958433755147,0.001017222854858,0.001132012181899,0.001293725886583,0.001414131134377,0.001546922460753,0.001561286822826,0.001575433365754,0.001589950643886,0.001647172794999,0.001716824523529,0.001723280375529,0.001727461356764,0.00173649999425,0.001740217821652,0.001749691673925,0.001753948854244,0.001762870734886,0.001779934693847,0.001824574948328,0.001846764559598,0.001855497346544,0.001864590978608,0.001868998081497,0.001871823546159,0.00187554982721,0.00188311596988,0.001890229981854,0.001897142059095,0.00190004775013,0.001901342238185,0.001901577849305,0.00190362067536
YLR355C,44377,YLR355C_translation_Ribosome,0.000603553325704,0.001005047282108,0.001760946474143,0.003454778776367,0.004071198729424,0.004370127416463,0.004664194217666,0.005232584658209,0.00604681428811,0.006368410919222,0.007015318432458,0.007086639440418,0.007157420976065,0.007228666358216,0.007510940712229,0.00785965726783,0.008259984376002,0.008281794726281,0.008326438629736,0.008345723553305,0.008392845149587,0.008413242163413,0.008459372682292,0.008546015735624,0.008770612875462,0.00888249835994,0.008927633631987,0.008973154755967,0.008995501065278,0.009010929698551,0.009031716002605,0.009072474139379,0.009111522112105,0.009148769675091,0.009165226277342,0.009173119692994,0.009173864043615,0.009184804671968
YLR359W,54504,YLR359W_translation_Ribosome,0.000114320838878,0.000190488717834,0.000336581200022,0.000674439498004,0.000800449594285,0.000862386901964,0.000921930375486,0.001039918107988,0.001209676518874,0.00127308199007,0.001412829810722,0.001428502963231,0.001444230206957,0.00145953787667,0.001520197650024,0.001597411147537,0.001691965558965,0.00169758631259,0.001708448862264,0.001713885030122,0.001725051462395,0.001730533158919,0.001741469222779,0.001763712234618,0.001819612950187,0.001847588211218,0.001859362484969,0.001870614271985,0.001876104272815,0.001878456752168,0.001881661458787,0.001887824338321,0.001894004935801,0.001899571340759,0.001902201374384,0.001903968395241,0.001904276436859,0.001906759466389
YLR367W,14635.3,YLR367W_translation_Ribosome,0,0,0,0,0,0,0,0,0,0,0,0,0,0,0,0,0,0,0,0,0,0,0,0,0,0,0,0,0,0,0,0,0,0,0,0,0,0
YLR372W,39478.6,YLR372W_translation_Ribosome,2.3278328882834E-07,3.43439178849907E-07,2.64087217037449E-07,8.6364487419645E-07,4.79019536605496E-07,1.5094418955563E-06,5.20795321432697E-07,5.56775194989574E-07,6.02008608055865E-07,1.86020681452208E-06,1.2986367200111E-06,1.95959580736661E-06,1.31074273879565E-06,1.31666536723563E-06,1.33933231428951E-06,6.80180690855202E-07,6.95355538342834E-07,1.3975478300286E-06,6.97714577672881E-07,1.40215899168963E-06,2.81614997759287E-06,2.8191817920407E-06,1.40998702321423E-06,1.41587529670259E-06,2.86639316053875E-06,1.43746484073025E-06,7.17372363443178E-07,7.18739501578011E-07,7.19398994076313E-07,7.19787300403025E-07,2.89767859932309E-06,1.44815063137154E-06,1.45008005933839E-06,2.18064364797895E-06,7.23598130214647E-07,7.23781467909682E-07,7.2381571712699E-07,2.18338625004977E-06
YLR377C,38255.9,YLR377C_translation_Ribosome,0,0,0,0,0,0,0,0,0,0,0,0,0,0,0,0,0,0,0,0,0,0,0,0,0,0,0,0,0,0,0,0,0,0,0,0,0,0
YLR382C,101929.3,YLR382C_translation_Ribosome,1.96120202183864E-07,3.17781277174035E-07,6.12512865193298E-07,1.53911990494943E-06,1.95627959391205E-06,2.17054580820343E-06,2.38969942511461E-06,2.83571646598229E-06,3.52149737530233E-06,3.70553868362569E-06,3.79565290243939E-06,3.80445966630002E-06,3.81301697349393E-06,3.82140831128633E-06,3.85267692582573E-06,3.88719437584596E-06,3.64909312350616E-06,3.59451708536585E-06,3.48742975179902E-06,3.43058850466943E-06,3.32460583722602E-06,3.26954290461774E-06,3.16065401885619E-06,2.93812677263846E-06,2.38271535858441E-06,2.10047760099885E-06,1.98700169608946E-06,1.87373546856656E-06,1.8233572839537E-06,1.82823214293576E-06,1.8345650622949E-06,1.847809130157E-06,1.86022665186371E-06,1.87186319067128E-06,1.8773499492327E-06,1.87974001205541E-06,1.87968408829432E-06,1.8839097654117E-06
YLR386W,99751.4,YLR386W_translation_Ribosome,0,0,0,0,0,0,0,0,0,0,0,0,0,0,0,0,0,0,0,0,0,0,0,0,0,0,0,0,0,0,0,0,0,0,0,0,0,0
YLR387C,49691.5,YLR387C_translation_Ribosome,3.62222017940759E-06,4.80080611852295E-06,7.32374905616545E-06,1.43095952290062E-05,1.72975354496851E-05,1.88125443926464E-05,2.03664183275438E-05,2.34966581606387E-05,2.82909412668591E-05,3.01496967204499E-05,3.44408812763403E-05,3.49257202129732E-05,3.5411202480886E-05,3.59012534275692E-05,3.78757134780268E-05,4.03797566657842E-05,4.36797009446522E-05,4.38622795459203E-05,4.42448505836221E-05,4.44153981559104E-05,4.48139278868237E-05,4.50013508093206E-05,4.53853794506819E-05,4.61398451724435E-05,4.81158086131743E-05,4.91171484042009E-05,4.95218978597959E-05,4.99333987749598E-05,5.01340971412682E-05,5.02535366232817E-05,5.04138067447398E-05,5.07327937520235E-05,5.10365778788358E-05,5.13303808929406E-05,5.14562112636511E-05,5.15133942387407E-05,5.15238267172192E-05,5.1618940709088E-05
YLR388W,6669.9,YLR388W_translation_Ribosome,0,0,0,0,0,0,0,0,0,0,0,0,0,0,0,0,0,0,0,0,0,0,0,0,0,0,0,0,0,0,0,0,0,0,0,0,0,0
YLR395C,8917.9,YLR395C_translation_Ribosome,5.20193560516589E-06,6.83947210530591E-06,9.76039582372237E-06,1.56508111932538E-05,1.76099890421776E-05,1.85230239093723E-05,1.94002870901758E-05,2.10533260127397E-05,2.33140738884049E-05,2.3600012705836E-05,2.2319426745672E-05,2.21854545109576E-05,2.20531641220566E-05,2.19217019002473E-05,2.14098616945932E-05,2.07993806013704E-05,1.86551999936089E-05,1.83336748162163E-05,1.77017879633332E-05,1.73762238889396E-05,1.6756433259979E-05,1.64410682483196E-05,1.58194338282868E-05,1.45740348526114E-05,1.15567543799392E-05,1.00798637621766E-05,9.49582230210147E-06,8.91775962395802E-06,8.66068976767268E-06,8.67202634908692E-06,8.6862315447251E-06,8.71744071655796E-06,8.74609330874299E-06,8.77326266952956E-06,8.78539332728887E-06,8.79102620483239E-06,8.79225444133042E-06,8.80249928806665E-06
YLR397C,84731.5,YLR397C_translation_Ribosome,6.17643156538792E-06,8.18609829913823E-06,1.24880964179484E-05,2.44000174707251E-05,2.9494906069549E-05,3.2078224750823E-05,3.47278141034237E-05,4.00653449973971E-05,4.82403205770176E-05,5.1409778889122E-05,5.87268955830721E-05,5.95536190741986E-05,6.0381439542159E-05,6.12170502962897E-05,6.45838023920274E-05,6.88535735875732E-05,7.44804761496795E-05,7.47918001941006E-05,7.54441414975635E-05,7.57349508235316E-05,7.64145041051769E-05,7.67340884477213E-05,7.73889151852018E-05,7.86753929993841E-05,8.20447086022193E-05,8.37521439282483E-05,8.44423027782879E-05,8.51439738848799E-05,8.54861948607984E-05,8.56898571867542E-05,8.59631419094195E-05,8.65070628537995E-05,8.70250605946807E-05,8.75260390334402E-05,8.77405987882446E-05,8.78381043828393E-05,8.78558933316575E-05,8.80180770291114E-05
YLR401C,76596.5,YLR401C_translation_Ribosome,0,0,0,0,0,0,0,0,0,0,0,0,0,0,0,0,0,0,0,0,0,0,0,0,0,0,0,0,0,0,0,0,0,0,0,0,0,0
YLR405W,41700.1,YLR405W_translation_Ribosome,0,0,0,0,0,0,0,0,0,0,0,0,0,0,0,0,0,0,0,0,0,0,0,0,0,0,0,0,0,0,0,0,0,0,0,0,0,0
YLR406C,12976.4,YLR406C_translation_Ribosome,0.000735119325993,0.000790714055829,0.000893624552191,0.001116081297066,0.001195096694738,0.001232576827821,0.00126982592429,0.001340582031051,0.001440612332318,0.001477291505235,0.001558660007852,0.001567536294055,0.001576361070295,0.001585219304193,0.001620325681238,0.001663571407363,0.001719203844013,0.001722299679073,0.001728754275161,0.001731611617639,0.001738312365384,0.001741447399254,0.001747850942906,0.001760355610915,0.001792663017738,0.001808784601083,0.001815252788737,0.001821813523179,0.001824993787526,0.00182689538438,0.001829451363324,0.001834506917542,0.001839309216738,0.001843945053526,0.001845927426181,0.001846784524192,0.001846934329449,0.001848368582424
YLR409C,104793,YLR409C_translation_Ribosome,7.63879776743828E-06,1.01242843459822E-05,1.54448474053459E-05,3.01771009696476E-05,3.64782836577453E-05,3.96732432013241E-05,4.29501640280189E-05,4.95514383471582E-05,5.96619664968448E-05,6.3581843341942E-05,7.26314011770932E-05,7.36538643083445E-05,7.46776841427506E-05,7.57111387346983E-05,7.98750217341571E-05,8.51557276451208E-05,9.21148868738706E-05,9.2499921726163E-05,9.33067149755896E-05,9.36663779308799E-05,9.45068260174056E-05,9.49020769218303E-05,9.57119440704207E-05,9.73030155088067E-05,0.000101470068966,0.000103581766152,0.00010443533084,0.00010530313349,0.000105726380603,0.000105978263151,0.000106316252281,0.000106988954965,0.000107629596725,0.000108249189598,0.000108514549711,0.000108635141271,0.00010865714203,0.000108857725239
YLR410W,129769.8,YLR410W_translation_Ribosome,0,0,0,0,0,0,0,0,0,0,0,0,0,0,0,0,0,0,0,0,0,0,0,0,0,0,0,0,0,0,0,0,0,0,0,0,0,0
YLR420W,40307.6,YLR420W_translation_Ribosome,4.13764361140899E-07,6.45836643525833E-07,1.10179648360594E-06,2.19304305562042E-06,2.61115219131217E-06,2.81548318995348E-06,3.01922172159101E-06,3.41743287111025E-06,3.99777836121332E-06,4.21390302604847E-06,4.69474170193929E-06,4.74780715690734E-06,4.80069261556676E-06,4.85381607687784E-06,5.06555235196725E-06,5.32893355979745E-06,5.66532715026386E-06,5.68331429221379E-06,5.72101444999499E-06,5.73782121548637E-06,5.7768682268535E-06,5.79518546082788E-06,5.83267404340669E-06,5.90597664456298E-06,6.09594314741504E-06,6.19113501534298E-06,6.22939902527156E-06,6.26823235441984E-06,6.28707227605116E-06,6.29826678519494E-06,6.31326268303411E-06,6.34309007114536E-06,6.37141309083214E-06,6.39872496330944E-06,6.41044126761916E-06,6.41591872249277E-06,6.41692835547173E-06,6.42607361271484E-06
YLR421C,17889.1,YLR421C_translation_Ribosome,0.000127709823868,0.000128502574429,0.000130032319447,0.000133926043581,0.000135425029506,0.000135911587578,0.000137126467576,0.000138858123301,0.000141602002596,0.000143612476833,0.000145397840492,0.000145590238521,0.000145784995635,0.000145981424963,0.000146810935702,0.000147763914104,0.000147576572519,0.000147548297359,0.000147507931216,0.000147463045809,0.00014743554399,0.00014741562366,0.000147359160602,0.000147228011065,0.000146940860064,0.000146778462635,0.000146710251694,0.00014664853963,0.000146629229926,0.000146689135703,0.000146767333217,0.000146927550951,0.000147079691043,0.000147227685236,0.000147288552654,0.000147324205627,0.00014732502065,0.000147364546028
YLR430W,252527.1,YLR430W_translation_Ribosome,1.8407750972848E-05,2.43972036821762E-05,3.72185406011329E-05,7.27198934496798E-05,8.79042988087737E-05,9.56034186751509E-05,0.000103500046439,0.000119407603815,0.000143771658219,0.000153217662552,0.000175025021788,0.000177488923474,0.000179956094503,0.000182446483089,0.000192480486301,0.000205205776632,0.000221975754574,0.000222903600276,0.000224847787002,0.00022571449225,0.000227739779416,0.000228692243461,0.000230643837579,0.000234477954899,0.000244519598186,0.000249608304172,0.000251665199341,0.000253756404733,0.00025477633322,0.000255383312402,0.0002561977887,0.000257818847914,0.000259362647649,0.000260855724395,0.000261495181417,0.000261785779424,0.000261838796209,0.000262322155748
YLR432W,56585.5,YLR432W_translation_Ribosome,0,0,0,0,0,0,0,0,0,0,0,0,0,0,0,0,0,0,0,0,0,0.0009725999945,0,0,0,0.001039165955998,0,0,0,0,0,0,0,0,0,0,0,0
YLR438W,46081.4,YLR438W_translation_Ribosome,0,0,0,0,0,0,0,0,0,0,0,0,0,0,0,0,0,0,0,0,0,0,0,0,0,0,0,0,0,0,0,0,0,0,0,0,0,0
YLR439W,36965.3,YLR439W_translation_Ribosome,6.62497992572541E-06,1.07375327212116E-05,2.07057510057109E-05,5.20795231039255E-05,6.62175244777962E-05,7.34821394443902E-05,8.09142092676641E-05,9.60454239676249E-05,0.000119324242213,0.000125580876115,0.000128683357416,0.000128987267087,0.000129282723856,0.000129572586337,0.000130654262211,0.000131851600843,0.000123810417586,0.000121961140647,0.0001183326166,0.000116406251768,0.000112815046977,0.000110948996971,0.000107258797636,9.97165991677086E-05,8.08890298183712E-05,7.131971560508E-05,6.74719457992449E-05,6.36311239785457E-05,6.19228408109106E-05,6.20888131021332E-05,6.23044260011483E-05,6.27553631589403E-05,6.31781588150494E-05,6.35752914855941E-05,6.37612013272942E-05,6.38427487041439E-05,6.38426643662591E-05,6.39865747821075E-05
YLR441C,28763.9,YLR441C_translation_Ribosome,0,0,0,0,0,0,0,0,0,0,0,0,0,0,0,0,0.003810841793472,0.003817704119702,0.003832011582203,0.003838345258208,0.003853198348284,0.00386014756384,0.003874341861891,0.003902060105791,0.003973673728916,0.00400940934212,0.00402374693212,0.004038289664265,0.004045339139131,0.004049554279058,0.004055219943091,0.004066426244989,0.004077071173772,0.004087347116697,0.004091741306829,0.004093641177477,0.004093973240562,0.004097152451219
YLR447C,39765.8,YLR447C_translation_Ribosome,0,0,0,0,0,0,0,0,0,0,0,0,0,0,0,0,0,0,0,0,0,0,0,0,0,0,0,0,0,0,0,0,0,0,0,0,0,0
YLR448W,20004.8,YLR448W_translation_Ribosome,0,0,0,0,0,0,0,0,0,0,0,0,0,0,0,0,0,0,0,0,0,0,0,0,0,0,0,0,0,0,0,0,0,0,0,0,0,0
YLR449W,43868.6,YLR449W_translation_Ribosome,3.19776477188975E-06,4.23824282404507E-06,6.46554476812532E-06,1.26327824529986E-05,1.52705928303242E-05,1.66080715000201E-05,1.79798609227673E-05,2.0743296100657E-05,2.49757802855485E-05,2.66167249036702E-05,3.04050641328851E-05,3.08330891547817E-05,3.12616821217512E-05,3.16943084051128E-05,3.34373992389476E-05,3.56480161248628E-05,3.85612696107095E-05,3.87224534676587E-05,3.90601944459854E-05,3.92107570820436E-05,3.95625866978439E-05,3.9728047213583E-05,4.0067074992105E-05,4.07331316609854E-05,4.24775497163076E-05,4.33615515024607E-05,4.37188720093425E-05,4.40821528329635E-05,4.42593331626422E-05,4.43647766059004E-05,4.45062661131641E-05,4.47878739017743E-05,4.50560602987532E-05,4.53154351798608E-05,4.5426520621044E-05,4.54770028375401E-05,4.54862128276869E-05,4.55701812662266E-05
YLR450W,115694,YLR450W_translation_Ribosome,0,0,0,0,0,0,0,0,0,0,0,0,0,0,0,0,0,0,0,0,0,0,0,0,0,0,0,0,0,0,0,0,0,0,0,0,0,0
YML004C,37205.3,YML004C_translation_Ribosome,0,0,0,0,0,0,0,0,0,0,0,0,0,0,0,0,0,0,0,0,0,0,0,0,0,0,0,0,0,0,0,0,0,0,0,0,0,0
YML005W,52728,YML005W_translation_Ribosome,0,0,0,0,0,0,0,0,0,0,0,0,0,0,0,0,0,0,0,0,0,0,0,0,0,0,0,0,0,0,0,0,0,0,0,0,0,0
YML008C,43422.2,YML008C_translation_Ribosome,0,0,0,0,0,0,0,0,0,0,0,0,0,0,0,0,0,0,0,0,0,0,0,0,0,0,0,0,0,0,0,0,0,0,0,0,0,0
YML009C,7987.8,YML009C_translation_Ribosome,1.43158623494762E-06,2.32026424431816E-06,4.47428799126255E-06,1.1253819518563E-05,1.43088881200407E-05,1.58786925428415E-05,1.74846821421238E-05,2.07543733601132E-05,2.57846732463015E-05,2.71366639045498E-05,2.78070764301849E-05,2.78727480107327E-05,2.79365930106651E-05,2.79992291457874E-05,2.82329675583777E-05,2.84916994373661E-05,2.67540870383028E-05,2.63544783691306E-05,2.55703937173852E-05,2.51541271914513E-05,2.43781068256868E-05,2.39748736788913E-05,2.31774616669463E-05,2.15476744631268E-05,1.74792411365033E-05,1.54114162284699E-05,1.45799549484302E-05,1.37499950525446E-05,1.33808536067445E-05,1.34167184169267E-05,1.34633100235078E-05,1.35607526475095E-05,1.36521141985281E-05,1.37379302569877E-05,1.37781033553673E-05,1.37957248581497E-05,1.37957066336484E-05,1.38268041120867E-05
YML022W,20580.9,YML022W_translation_Ribosome,0,0,0,0,0,0,0,0,0,0,0,0,0,0,0,0,0,0,0,0,0,0,0,0,0,0,0,0,0,0,0,0,0,0,0,0,0,0
YML024W,15805.7,YML024W_translation_Ribosome,0,0,0,0,0,0,0,0,0,0,0,0,0,0,0,0,0,0,0,0,0,0,0,0,0,0,0,0,0,0,0,0,0,0,0,0,0,0
YML025C,31979,YML025C_translation_Ribosome,5.73132730005634E-06,9.28913221025195E-06,1.79127238629642E-05,4.50544448263759E-05,5.72853518103585E-05,6.35700329036192E-05,6.99995806383455E-05,8.30897250410703E-05,0.000103228431576,0.000108641099552,0.000111325082897,0.000111587997776,0.000111843599976,0.000112094362509,0.000113030129641,0.000114065957624,0.000107109460602,0.000105509635164,0.000102370567702,0.000100704052863,9.75972706100099E-05,9.59829346474954E-05,9.27905113607345E-05,8.62656903848786E-05,6.99777976794911E-05,6.16993013808856E-05,5.83705625198241E-05,5.5047834420657E-05,5.35699839117256E-05,5.37135679730211E-05,5.39000965524619E-05,5.4290206178761E-05,5.46559703491237E-05,5.49995332492314E-05,5.51603654574842E-05,5.52309127968613E-05,5.52308398354295E-05,5.53553379779689E-05
YML026C,17049.9,YML026C_translation_Ribosome,0,0,0,0,0,0,0,0,0,0,0,0,0,0,0,0,0,0,0,0,0,0,0,0,0,0,0,0,0,0,0,0,0,0,0,0,0,0
YML031W,74139.3,YML031W_translation_Ribosome,0,0,0,0,0,0,0,0,0,0,0,0,0,0,0,0,0,0,0,0,0,0,0,0,0,0,0,0,0,0,0,0,0,0,0,0,0,0
YML035C,93288.5,YML035C_translation_Ribosome,0,0,0,0,0,0,0,0,0,0,0,0,0,0,0,0,0,0,0,0,0,0,0,0,0,0,0,0,0,0,0,0,0,0,0,0,0,0
YML036W,20661,YML036W_translation_Ribosome,0,0,0,0,0,0,0,0,0,0,0,0,0,0,0,0,0,0,0,0,0,0,0,0,0,0,0,0,0,0,0,0,0,0,0,0,0,0
YML042W,77246.6,YML042W_translation_Ribosome,0,0,0,0,0,0,0,0,0,0,0,0,0,0,0,0,0,0,0,0,0,0,0,0,0,0,0,0,0,0,0,0,0,0,0,0,0,0
YML054C,65546.1,YML054C_translation_Ribosome,0,0,0,0,0,0,0,0,0,0,0,0,0,0,0,0,0,0,0,0,0,0,0,0,0,0,0,0,0,0,0,0,0,0,0,0,0,0
YML056C,56398.6,YML056C_translation_Ribosome,0,0,0,0,0,0,0,0,0,0,0,0,0,0,0,0,0,0,0,0,0,0,0,0,0,0,0,0,0,0,0,0,0,0,0,0,0,0
YML059C,187138.8,YML059C_translation_Ribosome,0,0,0,0,0,0,0,0,0,0,0,0,0,0,0,0,0,0,0,0,0,0,0,0,0,0,0,0,0,0,0,0,0,0,0,0,0,0
YML063W,28832.9,YML063W_translation_Ribosome,0.001633397707717,0.00175692636635,0.001985588248733,0.002479875807634,0.002655443997543,0.002738722944644,0.002821488540154,0.00297870500625,0.003200967241801,0.003282466496199,0.00346326316547,0.003482985821403,0.003502594024822,0.003522276569454,0.003600281151518,0.003696370952757,0,0,0,0,0,0,0,0,0,0,0,0,0,0,0,0,0,0,0,0,0,0
YML070W,62192.1,YML070W_translation_Ribosome,0,0,0,0,0,0,0,0,0,0,0,0,0,0,0,0,0,0,0,0,0,0,0,0,0,0,0,0,0,0,0,0,0,0,0,0,0,0
YML073C,19980.8,YML073C_translation_Ribosome,0.00113192196825,0.00121752561625,0.001375985130885,0.001718519557075,0.001840185878844,0.001897897034719,0.001955252445058,0.002064201276628,0.002218225924724,0.002274703778227,0.002399993363714,0.002413660890867,0.002427249104015,0.002440888834594,0.002494944928614,0.002561533828815,0.00264719553701,0.002651962441635,0.002661901099006,0.002666300777544,0.002676618454291,0.002681445716456,0.002691305764311,0.00271056020087,0.00276030649678,0.002785130186902,0.002795089772295,0.002805191859371,0.002810088766515,0.002813016807144,0.002816952452168,0.002824736892976,0.002832131376792,0.002839269545135,0.00284232196272,0.002843641705017,0.002843872372141,0.002846080806056
YML074C,46495,YML074C_translation_Ribosome,3.38921399518138E-06,4.49198515803959E-06,6.85263500531102E-06,1.33891033712535E-05,1.61848386692515E-05,1.76023917880542E-05,1.90563098344617E-05,2.19851910523711E-05,2.64710728032483E-05,2.82102602863129E-05,3.2225406255465E-05,3.26790570077818E-05,3.31333097078735E-05,3.35918371978071E-05,3.54392863600587E-05,3.77822522197083E-05,4.0869921322995E-05,4.10407552093933E-05,4.13987166393751E-05,4.1558293415555E-05,4.19311869655347E-05,4.21065535530093E-05,4.24658788235303E-05,4.31718121065526E-05,4.50206679506463E-05,4.59575946601194E-05,4.6336307839192E-05,4.67213381773897E-05,4.69091262405696E-05,4.70208825513314E-05,4.71708429932016E-05,4.7469310556138E-05,4.77535531927285E-05,4.80284567706202E-05,4.81461928640403E-05,4.81996974357838E-05,4.82094588252942E-05,4.82984544292092E-05
YML075C,115631.8,YML075C_translation_Ribosome,0.000240215791085,0.000354404796205,0.00054711425815,0.000891220060151,0.000992393427253,0.001037112777285,0.00107894107534,0.001153481229347,0.001247192108317,0.001278117601885,0.001340100694512,0.001346406149264,0.001352593244531,0.001358704975674,0.001382095652236,0.001409142624395,0.001440580630062,0.001442169922331,0.001445467894457,0.001446928313072,0.001450281921803,0.001451843268222,0.001455006284626,0.001461082563904,0.001476156530932,0.001483361437202,0.001486193284346,0.001489025609117,0.001490391891639,0.001491196352871,0.001492268139563,0.001494388412829,0.001496379445208,0.001498284496198,0.001499091317832,0.001499471141847,0.001499542096569,0.001500168893112
YML080W,48140,YML080W_translation_Ribosome,0,0,0,0,0,0,0,0,0,0,0,0,0,0,0,0,0,0,0,0,0,0,0,0,0,0,0,0,0,0,0,0,0,0,0,0,0,0
YML081CA,6691.9,YML081CA_translation_Ribosome,9.755092440129E-05,0.000128201875114,0.000182869701465,0.000293089490068,0.000329744253107,0.000346819173885,0.000363233815445,0.000394153710367,0.000436435891538,0.000441739445083,0.000417555072838,0.000415024180892,0.000412524858955,0.000410041344556,0.00040037014537,0.000388834697942,0.000348486342243,0.000342443261198,0.00033056712542,0.000324448945023,0.000312799253531,0.000306872250069,0.000295188392454,0.000271781011003,0.000215068978984,0.000187308772886,0.000176331166385,0.000165465626274,0.000160633306511,0.000160845045108,0.000161111217187,0.000161693123045,0.00016222843857,0.000162705075512,0.000162962611341,0.000163062161168,0.00016302303299,0.000163212869039
YML086C,59491.2,YML086C_translation_Ribosome,0,0,0,0,0,0,0,0,0,0,0,0,0,0,0,0,0,0,0,0,0,0,0,0,0,0,0,0,0,0,0,0,0,0,0,0,0,0
YML092C,27158.1,YML092C_translation_Ribosome,0.000193880975991,0.000195084479745,0.000197406841864,0.000203318047536,0.000205593713145,0.000206332374831,0.000208176728794,0.000210805618976,0.000214971202951,0.00021802337776,0.000220733803929,0.000221025890446,0.000221321558376,0.000221619764957,0.000222879075687,0.000224325827215,0.000224041417071,0.000223998491511,0.000223937210188,0.000223869068002,0.000223827316479,0.000223797074695,0.000223711356051,0.000223512253121,0.000223076318636,0.000222829777131,0.000222726223596,0.000222632536244,0.000222603221474,0.000222694166634,0.000222812881154,0.000223056113582,0.000223287083045,0.000223511758468,0.000223604163531,0.00022365828962,0.000223659526937,0.000223719531865
YML093W,102977.5,YML093W_translation_Ribosome,7.50645841894377E-06,9.94888486099629E-06,1.51772711315069E-05,2.96542938469353E-05,3.58463108734884E-05,3.89859189236337E-05,4.2206068307953E-05,4.86929779889352E-05,5.86283449746532E-05,6.24803114019527E-05,7.13730889917658E-05,7.23778383271072E-05,7.33839208612226E-05,7.43994712342656E-05,7.84912164994719E-05,8.368043613195E-05,9.05190304987357E-05,9.08973947644972E-05,9.16902106190183E-05,9.20436425465173E-05,9.28695301805215E-05,9.32579335090872E-05,9.4053770008605E-05,9.56172767222825E-05,9.97121375177477E-05,0.00010178725033,0.000102626027326,0.000103478795616,0.000103894710129,0.000104142228905,0.000104474362498,0.000105135410857,0.000105764953735,0.000106373812391,0.000106634575237,0.000106753077593,0.000106774697197,0.000106971805377
YML094W,18359.1,YML094W_translation_Ribosome,4.42863589795008E-06,6.93007863143726E-06,1.06922333552112E-05,2.26353489170611E-05,2.79229852132955E-05,3.07540820927081E-05,3.51696823975373E-05,4.11261264321062E-05,5.09429407706272E-05,5.32203597995859E-05,6.43751576360118E-05,6.51615983398581E-05,6.59556817050179E-05,6.71386895859073E-05,7.28839791959299E-05,7.74664851155812E-05,7.74270356423647E-05,7.77301267421831E-05,7.95325874874237E-05,8.01603321286411E-05,8.1537283662345E-05,8.80450012905256E-05,8.36356393841668E-05,8.63312420405548E-05,9.33365943559909E-05,9.68028133774211E-05,9.82489348079744E-05,9.96634793892517E-05,0.000100323137846,0.000100704797159,0.000103545882619,0.000102281818906,0.000103194518634,0.000107007220368,0.000104573460731,0.000105481678938,0.000105302246972,0.000105470526201
YML100W,123007.1,YML100W_translation_Ribosome,8.19049558282194E-05,0.000112271115606,0.0001493067711,8.11803736902785E-05,7.51889954105175E-05,7.11716623587409E-05,0,0,3.89797595530159E-05,3.20677729652291E-05,1.61636722238801E-05,0,1.25975131142131E-05,0,3.64725478860171E-06,0,0,0,0,0,0,0,0,0,0,0,0,0,0,0,0,0,0,0,0,0,0,0
YML103C,188543,YML103C_translation_Ribosome,0,0,0,0,0,0,0,0,0,0,0,0,0,0,0,0,0,0,0,0,0,0,0,0,0,0,0,0,0,0,0,0,0,0,0,0,0,0
YML106W,24662.7,YML106W_translation_Ribosome,7.59500415288291E-05,0.000118548924227,0.000202244312331,0.000402552096777,0.000479299659404,0.000516806388571,0.000554204365275,0.00062729947975,0.000733826934055,0.000773498493066,0.000861760607526,0.000871501232595,0.000881208817778,0.000890960090414,0.000929826122379,0.000978172030223,0.001039919994923,0.001043221691024,0.001050141882365,0.001053226910118,0.00106039432813,0.001063756615489,0.001070637970364,0.00108409329935,0.001118963300577,0.001136436594562,0.00114346028586,0.001150588480646,0.001154046711863,0.001156101561227,0.001158854188497,0.001164329264599,0.001169528200814,0.001174541532178,0.001176692161576,0.001177697595983,0.001177882922883,0.001179561614266
YML110C,34681.9,YML110C_translation_Ribosome,0,0,0,0,0,0,0,0,0,0,0,0,0,0,0,0,0,0,0,0,0,0,0,0,0,0,0,0,0,0,0,0,0,0,0,0,0,0
YML120C,57264.4,YML120C_translation_Ribosome,0.000123299208559,0.000159266670567,0.00022313421892,0.000350646823917,0.000392707341253,0.000412104884582,0.000430869208145,0.000465974420811,0.000513728844516,0.000512545264704,0.000470929223133,0.000466532313778,0.00046218471148,0.000457860354362,0.000440947988822,0.000420639967993,0.000366027649852,0.000357467339176,0.00034062736022,0.000331986513167,0.000315432850208,0.00030704036172,0.000290455616983,0.000257269583092,0.000176706884354,0.000137243407455,0.000121628568765,0.000106165171409,9.92621908784878E-05,9.93946765022994E-05,9.95487478028569E-05,9.99269428769886E-05,0.000100260809171,0.000100578693979,0.000100719882638,0.000100769733531,0.000100788348253,0.000100915337287
YML123C,64372.6,YML123C_translation_Ribosome,0,0,0,0,3.63410656016139E-05,0,4.11970708047818E-05,4.5816888429621E-05,0,0,0,0,0,0,0,0,0,0,0,0,0,7.16393973819603E-05,0,7.27866390815624E-05,0,0,7.61132441929224E-05,0,0,0,0,0,7.75639048693012E-05,0,7.79613079071591E-05,0,0,0
YML126C,55018.1,YML126C_translation_Ribosome,2.48468872339909E-05,3.66581063080993E-05,5.6591143383886E-05,9.21839660715386E-05,0.000102648903585,0.000107274480623,0.000111601019691,0.000119311132306,0.000129004182175,0.000132202982087,0.000138614246334,0.000139266455427,0.000139906421924,0.000140538593081,0.000142958023961,0.000145755646316,0.000149007458273,0.000149171847823,0.000149512975861,0.000149664035275,0.000150010918124,0.000150172417075,0.000150499585875,0.000151128090043,0.000152687276295,0.00015343252078,0.000153725434857,0.000154018398337,0.000154159720719,0.000154242930726,0.000154353791727,0.000154573103665,0.000154779047482,0.000154976097755,0.000155059551911,0.000155098839272,0.000155106178523,0.000155171011659
YMR006C,75429.1,YMR006C_translation_Ribosome,0,0,0,0,0,0,0,0,0,0,0,0,0,0,0,0,0,0,0,0,0,0,0,0,0,0,0,0,0,0,0,0,0,0,0,0,0,0
YMR008C,71639.9,YMR008C_translation_Ribosome,0,0,0,0,0,0,0,0,0,0,0,0,0,0,0,0,0,0,0,0,0,0,0,0,0,0,0,0,0,0,0,0,0,0,0,0,0,0
YMR009W,20870.5,YMR009W_translation_Ribosome,0,0,0,0,0,0,0,0,0,0,0,0,0,0,0,0,0,0,0,0,0,0,0,0,0,0,0,0,0,0,0,0,0,0,0,0,0,0
YMR011W,59847.2,YMR011W_translation_Ribosome,0.006970323545649,0.006661135000478,0.006139246697552,0.005195524395027,0.004910647787856,0.004782836580439,0.004661944711794,0.00444252963177,0.004157008047133,0.004059606435179,0.003857897381371,0.003836801405549,0.003815985331538,0.003795294115447,0.003714906059058,0.003619250149204,0.003503588951518,0.003497589728052,0.00348509165082,0.003479546935434,0.00346673775613,0.003460748719788,0.003448562434945,0.003424955626284,0.003365154687021,0.003335895628263,0.003324252311451,0.003312546391822,0.003306858969116,0.003303503762374,0.003299028163424,0.003290142412718,0.003281735431822,0.003273672382673,0.003270231846338,0.003236598075659,0.003217465971832,0.00312424860334
YMR013C,58916.6,YMR013C_translation_Ribosome,0,0,0,0,0,0,0,0,0,0,0,0,0,0,0,0,0,0,0,0,0,0,0,0,0,0,0,0,0,0,0,0,0,0,0,0,0,0
YMR015C,61337.9,YMR015C_translation_Ribosome,0,0,0,0,0,0,0,0,0,0,0,0,0,0,0,0,0,0,0,0,0,0,0,0,0,0,0,0,0,0,0,0,0,0,0,0,0,0
YMR020W,57792.2,YMR020W_translation_Ribosome,0,0,0,0,0,0,0,0,0,0,0,0,0,0,0,0,0,0,0,0,0,0,0,0,0,0,0,0,0,0,0,0,0,0,0,0,0,0
YMR024W,44015.4,YMR024W_translation_Ribosome,7.88851007357641E-06,1.2785417614282E-05,2.46547955194944E-05,6.20122396200903E-05,7.88466704422794E-05,8.74968081011276E-05,9.63463379601936E-05,0.000114363409849,0.000142082013421,0.00014953192574,0.000153226118819,0.000153587990785,0.000153939797692,0.000154284943357,0.000155572918735,0.000156998616317,0.000147423801626,0.000145221826687,0.000140901262879,0.000138607497682,0.000134331370737,0.000132109423737,0.0001277154218,0.000118734759329,9.63163562332116E-05,8.49219622252176E-05,8.034033764455E-05,7.57669861834012E-05,7.37328956461481E-05,7.39305225228967E-05,7.41872575688806E-05,7.47241984127282E-05,7.5227630548323E-05,7.57005051996067E-05,7.59218721585213E-05,7.60189724231205E-05,7.60188720001364E-05,7.61902293140966E-05
YMR041C,38210.7,YMR041C_translation_Ribosome,0,0,0,0,0,0,0,0,0,0,0,0,0,0,0,0,0,0,0,0,0,0,0,0,0,0,0,0,0,0,0,0,0,0,0,0,0,0
YMR047C,116252.9,YMR047C_translation_Ribosome,0,0,0,0,0,0,0,0,0,0,0,0,0,0,0,0,0,0,0,0,0,0,0,0,0,0,0,0,0,0,0,0,0,0,0,0,0,0
YMR049C,91666.3,YMR049C_translation_Ribosome,6.68193799003108E-06,8.85608472077438E-06,1.35101773564328E-05,2.63970226123311E-05,3.19088993850351E-05,3.47036482710251E-05,3.75700917126296E-05,4.33444696970419E-05,5.21885213658329E-05,5.5617382137504E-05,6.35333639624763E-05,6.44277501536171E-05,6.53233231030185E-05,6.62273239299998E-05,6.98696258794935E-05,7.44888539982245E-05,8.05762871054964E-05,8.09130912840264E-05,8.16188230794699E-05,8.19334335244283E-05,8.26686044464736E-05,8.30143449823898E-05,8.37227656307425E-05,8.51145344682844E-05,8.87596097336128E-05,9.0606789104052E-05,9.13534336010265E-05,9.21125325684494E-05,9.24827624197424E-05,9.27030933695045E-05,9.29987449202648E-05,9.35871827558257E-05,9.41475757184776E-05,9.46895564441919E-05,9.49216767164852E-05,9.50271625993717E-05,9.5046407474289E-05,9.52218650014887E-05
YMR054W,101631.5,YMR054W_translation_Ribosome,0,0,0,0,0,0,0,0,0,0,0,0,0,0,0,0,0,0,0,0,0,0,0,0,0,0,0,0,0,0,0,0,0,0,0,0,0,0
YMR056C,34137,YMR056C_translation_Ribosome,0.000757428670791,0.000990378623497,0,0.002236704516568,0,0,0,0.002993937385008,0.003308945895135,0,0,0,0,0,0,0,0,0,0,0.002372605997009,0,0,0,0.001428979475948,0,0,0.000733123751797,0,0,0,0,0,0,0,0,0,0,0
YMR059W,14889.2,YMR059W_translation_Ribosome,0,0,0,0,0,0,0,0,0,0,0,0,0,0,0,0,0,0,0,0,0,0,0,0,0,0,0,0,0,0,0,0,0,0,0,0,0,0
YMR060C,37493.2,YMR060C_translation_Ribosome,0,0,0,0,0,0,0,0,0,0,0,0,0,0,0,0,0,0,0,0,0,0,0,0,0,0,0,0,0,0,0,0,0,0,0,0,0,0
YMR062C,47849.3,YMR062C_translation_Ribosome,1.60276068745191E-06,1.02082843223394E-05,2.69335323790361E-05,6.75239543320066E-05,8.31312027747395E-05,9.15951043997688E-05,9.86128531320017E-05,0.000113983732356,0.000136649126563,0.000145250545669,0.000163075485667,0.000165114599708,0.000167181141889,0.000169142607543,0.000176928831659,0.000187051665165,0.000198500692371,0.000199087935819,0.000200173194191,0.000200834483579,0.000201852890429,0.000202387088213,0.000203553743393,0.000205832137664,0.000211407510673,0.000214230743227,0.000215452360917,0.00021654274052,0.000217103488298,0.000217370104101,0.000217791903964,0.000218386611839,0.000219108688509,0.000219748512114,0.000220024853686,0.000220090075873,0.000220157847447,0.000220456981181
YMR083W,40375,YMR083W_translation_Ribosome,0,0,0,0,0,0,0,0,0,0,0,0,0,0,0,0,0,0,0,0,0,0,0,0,0,0,0,0,0,0,0,0,0,0,0,0,0,0
YMR088C,62649.9,YMR088C_translation_Ribosome,0,0,0,0,0,0,0,0,0,0,0,0,0,0,0,0,0,0,0,0,0,0,0,0,0,0,0,0,0,0,0,0,0,0,0,0,0,0
YMR093W,57700.2,YMR093W_translation_Ribosome,4.20600764307484E-06,5.57454440296626E-06,8.50410604007844E-06,1.66158499267018E-05,2.00853517191858E-05,2.18445322432323E-05,2.36488415681343E-05,2.72835771751806E-05,3.2850547262329E-05,3.50088753752514E-05,3.99916633191006E-05,4.05546429758127E-05,4.11183696484836E-05,4.16874013266138E-05,4.39800819622037E-05,4.68876978068096E-05,5.07194888551688E-05,5.09314933591361E-05,5.13757227623459E-05,5.15737572155331E-05,5.20365173491503E-05,5.22541469258919E-05,5.27000688524242E-05,5.35761306142705E-05,5.58705569391522E-05,5.70332810712511E-05,5.75032633526819E-05,5.79810852156795E-05,5.82141298183915E-05,5.8352819171703E-05,5.85389197736602E-05,5.89093174094263E-05,5.92620619406619E-05,5.96032167191341E-05,5.97493269705065E-05,5.9815726034718E-05,5.98278398991556E-05,5.99382832617756E-05
YMR101C,40216.5,YMR101C_translation_Ribosome,0,0,0,0,0,0,0,0,0,0,0,0,0,0,0,0,0,0,0,0,0,0,0,0,0,0,0,0,0,0,0,0,0,0,0,0,0,0
YMR105C,63084,YMR105C_translation_Ribosome,4.76680557741824E-05,6.91682191962631E-05,0,0.000156283646085,0,0.000174189178771,0.000178644020951,0.000185666285903,0.000192469318315,0.000194105124256,0.000196235366555,0.000196353202194,0.000196449073066,0.00019652363599,0.00019661388096,0.00019608604195,0.000194610362542,0.000194512964572,0.000194303642125,0.000194208052835,0.000193979578074,0.000193869803491,0.000193639181816,0.000193166950667,0.00019181725347,0.000191467268554,0.000191361395085,0.000191246650486,0.000191187454495,0.000191151539166,0.000191102716447,0.000191001947459,0.000190901503725,0.00019080125027,0.000190756850192,0.000190735683863,0.000190731769024,0.000190696532634
YMR108W,74941.7,YMR108W_translation_Ribosome,3.22831860723684E-05,2.80541244956284E-05,4.39361642543023E-05,9.64340639713289E-05,9.92044721850664E-05,0.000106302837599,0.000113392979207,0.000126973276234,0.000146423295093,0.000177762972895,0.000169502546198,0.000171200320061,0.000199786798795,0.00020177548814,0.000334505430216,0.000219388487895,0.000199374414373,0.000199895168655,0.000200986425767,0.000201468644282,0.000202596883708,0.000203089542053,0.000204211849389,0.000238546975507,0.000211760943572,0.000214474209768,0.000215582454401,0.000216677146038,0.000217217892033,0.000217577962866,0.000218049364527,0.000258787465495,0.000219927482331,0.000220793690571,0.000221179765513,0.000221366366182,0.000221384931669,0.00022164773564
YMR113W,47847.7,YMR113W_translation_Ribosome,0,0,0,0,0,0,0,0,0,0,0,0,0,0,0,0,0,0,0,0,0,0,0,0,0,0,0,0,0,0,0,0,0,0,0,0,0,0
YMR116C,34800.6,YMR116C_translation_Ribosome,0.001971470794377,0.002120566842212,0.00239655610115,0.002993149007944,0.003205055488033,0.003305571125602,0.003405467160449,0.00359522356199,0.003863488604858,0.003961856197178,0.004180073323053,0.004203878082896,0.004227544701373,0.004251301047864,0.004345450656767,0.004461428679686,0.00461062585108,0.004618928378561,0.004636238558319,0.004643901487378,0.004661871805955,0.004670279458285,0.004687452723689,0.004720988215006,0.004807631439774,0.00485086691135,0.004868213541486,0.004885808367093,0.004894337320226,0.004899437094545,0.004906291815489,0.004919849991878,0.00493272897938,0.004945161541701,0.004950477943618,0.00495277654146,0.004953178294859,0.004957024728701
YMR120C,65257.9,YMR120C_translation_Ribosome,9.22461214517974E-05,0.000156613152817,0.000279436723131,0.00056135658013,0.000665853236911,0.000717301762364,0.000766300457673,0.000863757636687,0.001003538258774,0.001055794874744,0.001170704821992,0.001183644015112,0.001196657579323,0.001209212427737,0.001258905712575,0.00132255900888,0.00139962032369,0.001404328701531,0.00141324245217,0.00141783907983,0.001426986399768,0.001431524651933,0.001440530470844,0.001459036731983,0.001505179759462,0.001528260155451,0.001538088287151,0.001547340258316,0.00155185303487,0.001553593447498,0.001555977380214,0.00156049096247,0.001565117652172,0.001569172608246,0.001571167140022,0.001572656962469,0.001572912375604,0.001574921117844
YMR121C,24463.9,YMR121C_translation_Ribosome,0,0,0,0,0,0,0,0,0,0,0,0,0,0,0,0,0,0,0,0,0,0,0,0,0,0,0,0,0,0,0.00344899318819,0,0,0.003476317576134,0,0,0,0
YMR128W,144939.1,YMR128W_translation_Ribosome,1.05652140266479E-05,1.40028881819468E-05,2.1361753958453E-05,4.17379200437992E-05,5.04530799089473E-05,5.4872025456672E-05,5.94043315781916E-05,6.85345478967355E-05,8.25184098964896E-05,8.79399878839432E-05,0.000100456422837,0.000101870590635,0.000103286634887,0.000104716004964,0.000110475067635,0.000117778807027,0.000127404013628,0.000127936554971,0.000129052429957,0.000129549879453,0.000130712302414,0.000131258973569,0.000132379100062,0.000134579709476,0.000140343157203,0.0001432638436,0.00014444440812,0.000145644665152,0.000146230057836,0.000146578436352,0.0001470459088,0.000147976323253,0.000148862394269,0.000149719352591,0.000150086371914,0.000150253161988,0.000150283591217,0.000150561017666
YMR129W,151642.6,YMR129W_translation_Ribosome,0,0,0,0,0,0,0,0,0,0,0,0,0,0,0,0,0,0,0,0,0,0,0,0,0,0,0,0,0,0,0,0,0,0,0,0,0,0
YMR142C,22550.5,YMR142C_translation_Ribosome,0.001277496714097,0.001374109715789,0.001552948465227,0.00193953571788,0.002076849358427,0.002141982657422,0.002206714458995,0.002329675032461,0.002503508553986,0.002567249937486,0.002708652824133,0.002724078110962,0.002739413883333,0.002754807798712,0.002815815963961,0.002890968760345,0.002987647289265,0.002993027258172,0.003004244111003,0.003009209625441,0.003020854242748,0.003026302331685,0.003037430465152,0.003059161185224,0.003115305275846,0.003143321502629,0.003154561975003,0.003165963275982,0.003171489966833,0.00317479457827,0.003179236380556,0.003188021966341,0.003196367443363,0.003204423640573,0.003207868624896,0.003209358097223,0.003209618430091,0.0032121108873
YMR143W,15863.7,YMR143W_translation_Ribosome,0,0,0,0,0,0,0,0,0,0,0,0,0,0,0,0,0,0,0,0,0,0,0,0,0,0,0,0,0,0,0,0,0,0,0,0,0,0
YMR145C,62789.8,YMR145C_translation_Ribosome,0,0,0,0.001062054802614,0,0,0,0,0,0,0,0,0,0,0,0,0,0,0,0,0,0,0,0,0,0,0,0,0,0,0,0,0,0,0,0,0,0
YMR146C,38742.7,YMR146C_translation_Ribosome,0.000754262723807,0.000654681579056,0.000600536117681,0.000635166106597,0.00064739836366,0.000654481308479,0.000655656875716,0.000677415922867,0.000712533772844,0.000726189672803,0.000731333732439,0.000733310732673,0.000737223724849,0.000736314844899,0.000738548482897,0.00074682622509,0.000745550796245,0.000745103571142,0.000741832109103,0.000743200043436,0.000737700991616,0.000736846441567,0.000734959579613,0.000730825091603,0.000716715767503,0.000711376433065,0.000709088804439,0.000706428282254,0.00070875931468,0.000709612117409,0.00071459604373,0.000712936882534,0.000714923757253,0.000718449926513,0.000717612852974,0.000718942931144,0.000719895695208,0.0007196156297
YMR153W,52634.5,YMR153W_translation_Ribosome,0,0,0,0,0,0,0,0,0,0,0,0,0,0,0,0,0,0,0,0,0,0,0,0,0,0,0,0,0,0,0,0,0,0,0,0,0,0
YMR158W,17481.9,YMR158W_translation_Ribosome,3.13313395437178E-06,5.07807249715137E-06,9.79231518496367E-06,2.46298289192977E-05,3.13160759189939E-05,3.47517107544883E-05,3.82665395653864E-05,4.54225042745391E-05,5.64316932352486E-05,5.93906262942173E-05,6.08578744391259E-05,6.10016016235795E-05,6.1141331199222E-05,6.127841508347E-05,6.17899691478008E-05,6.23562232897782E-05,5.85533280997154E-05,5.76787545258149E-05,5.59627263987527E-05,5.50516958547074E-05,5.33533170229567E-05,5.24708110076628E-05,5.07256149522257E-05,4.71587032971453E-05,3.82546315160917E-05,3.37290414587856E-05,3.19093260238066E-05,3.00928964807681E-05,2.9285002712605E-05,2.93634955423108E-05,2.94654647712713E-05,2.96787252695982E-05,2.98786768831529E-05,3.00664917699033E-05,3.01544136117825E-05,3.01929795935911E-05,3.01929397079019E-05,3.02609988741691E-05
YMR165C,94989.7,YMR165C_translation_Ribosome,0,0,0,0,0,0,0,0,0,0,0,0,0,0,0,0,0,0,0,0,0,0,0,0,0,0,0,0,0,0,0,0,0,0,0,0,0,0
YMR169C,55379.7,YMR169C_translation_Ribosome,0,0,0,0,0,0,0,0,0,0,0,0,0,0,0,0,0,0,0,0,0,0,0,0,0,0,0,0,0,0,0,0,0,0,0,0,0,0
YMR170C,55181.2,YMR170C_translation_Ribosome,0,0,0,0,0,0,0,0,0,0,0,0,0,0,0,0,0,0,0,0,0,0,0,0,0,0,0,0,0,0,0,0,0,0,0,0,0,0
YMR186W,80858,YMR186W_translation_Ribosome,2.01072646813827E-05,2.77000775221405E-05,4.52579427043861E-05,9.50490694779045E-05,0.000116909059624,0.00012951962965,0.000147520568867,0.000173609680436,0.000216895463544,0.000230532100665,0.000278000424069,0.000281419587701,0.00028392559139,0.000289635862692,0.00031458575153,0.000334674810247,0.000360446648924,0.000361549328631,0.000368835895736,0.000371604430139,0.000377201309162,0.000379954192483,0.000385593166052,0.000396741197782,0.000425043232574,0.000441877508816,0.000445228570355,0.000451026033779,0.000454107418836,0.000456604863323,0.000465781360271,0.000466627534227,0.000472922155822,0.00048918851285,0.000481713421096,0.000479972210469,0.000479989157931,0.000480171658723
YMR188C,27645.3,YMR188C_translation_Ribosome,4.95463468552011E-06,8.03029634110129E-06,1.54852442230465E-05,3.89487990105572E-05,4.95222094625505E-05,5.49552090631484E-05,6.05134434041481E-05,7.18296499477126E-05,8.92392182197826E-05,9.39183773555235E-05,9.62386351730629E-05,9.6465920601556E-05,9.6686884343341E-05,9.69036642760256E-05,9.77126189991762E-05,9.86080746207738E-05,9.25943016099544E-05,9.12112798089745E-05,8.8497609533943E-05,8.705693588295E-05,8.43711756213424E-05,8.29756097192034E-05,8.02158142443764E-05,7.45752178115977E-05,6.04946124077937E-05,5.33379935728134E-05,5.0460355609284E-05,4.75879138468804E-05,4.63103372911857E-05,4.64344632629088E-05,4.65957140380179E-05,4.69329571554364E-05,4.72491540414844E-05,4.75461583081078E-05,4.76851950086553E-05,4.77461819801454E-05,4.77461189062322E-05,4.78537454267596E-05
YMR189W,114448.5,YMR189W_translation_Ribosome,0,0,0,0,0,0,0,0,0,0,0,0,0,0,0.000115028947317,0.000362896954836,0,0,0,0,0,0,0,0,0,0,0,0,0,0,0,0,0,0,0,0,0,0
YMR193W,30079.7,YMR193W_translation_Ribosome,5.39093172980721E-06,8.73743113120222E-06,1.68488495569218E-05,4.23785666857607E-05,5.38830544060177E-05,5.97944750846178E-05,6.58421584704725E-05,7.81548516938579E-05,9.70974781350029E-05,0.000102188676388,0.000104713252322,0.000104960552134,0.000105200973583,0.000105436842802,0.000106317032758,0.00010729134074,0.000100748004693,9.92431962492724E-05,9.6290564598617E-05,9.47230275771422E-05,9.18007636501428E-05,9.02823064922689E-05,8.72794879320018E-05,8.11421897829836E-05,6.5821669247312E-05,5.80348502375505E-05,5.49038121713484E-05,5.1778427875263E-05,5.0388350013119E-05,5.05234063153346E-05,5.06988565705334E-05,5.10657967664804E-05,5.14098374342705E-05,5.17329954118924E-05,5.18842754573779E-05,5.19506328420448E-05,5.19505642139456E-05,5.20676681502208E-05
YMR194W,11144.5,YMR194W_translation_Ribosome,0.000631341306412,0.000679087635645,0.00076747008584,0.000958522241543,0.001026382903927,0.001058571904199,0.001090562483682,0.001151329833009,0.001237238690047,0.001268739803034,0.001338621378619,0.001346244584715,0.001353823552595,0.001361431254861,0.001391581606189,0.001428722261132,0,0,0,0,0,0,0,0,0,0,0,0,0,0,0,0,0,0,0,0,0,0
YMR202W,24888.7,YMR202W_translation_Ribosome,0,0,0,0,0,0,0,0,0,0,0,0,0,0,0,0,0,0,0,0,0,0,0,0,0,0,0,0,0,0,0,0,0,0,0,0,0,0
YMR203W,42032.8,YMR203W_translation_Ribosome,1.91812203410162E-05,2.92228578394496E-05,5.24260819447912E-05,0.000122609297522,0.000153852980478,0.000169914931245,0.000186331772755,0.000219822682151,0.000272159918317,0.000288417712613,0.000295641615918,0.000296382100528,0.000297109635223,0.000297826509044,0.000300813409686,0.000304566449457,0.000283050657881,0.00027897569301,0.000270982066124,0.000266737400507,0.00025883061,0.000254719359572,0.000246599182471,0.000229998223505,0.000188596342512,0.000167564287765,0.000159112703417,0.000150674240705,0.000146926316444,0.000147326174178,0.000147850160513,0.000148930514355,0.000149951276587,0.000150918391498,0.000151357445531,0.000151551296217,0.000151568625821,0.000151913890899
YMR205C,104610.9,YMR205C_translation_Ribosome,0.000117151436115,0.000162460147799,0.00024402503232,0.000411613826524,0.000468343990793,0.000495036769592,0.000520778677256,0.000569561534197,0.000637037340261,0.000697426758761,0.001049661958238,0.00108669239049,0.001123356696073,0.001159549208957,0.001300603996522,0.001468930226499,0.00183424255719,0.001872677302007,0.001948710035405,0.001987060765705,0.002061936362023,0.002099497511233,0.002173967092741,0.002321827749495,0.002680557960971,0.00285513335883,0.002924033063549,0.002992281542336,0.003026384502192,0.003063091959376,0.003118654086892,0.003209172576549,0.003299737962179,0.003390223240974,0.003426006481501,0.003425918162434,0.003422865095665,0.003406950816333
YMR207C,241795.9,YMR207C_translation_Ribosome,0,0,0,0,0,0,0,0,0,0,0,0,0,0,0,0,0,0,0,0,0,0,0,0,0,0,0,0,0,0,0,0,0,0,0,0,0,0
YMR208W,48447.9,YMR208W_translation_Ribosome,7.06292061643229E-06,1.04203513448012E-05,1.60864719008637E-05,2.62040081053078E-05,2.91787478470649E-05,3.04936040347769E-05,3.17234563577569E-05,3.39151157324997E-05,3.66704404181571E-05,3.75797241297113E-05,3.94021757712461E-05,3.95875712698585E-05,3.97694867156272E-05,3.99491862753469E-05,4.06369282883746E-05,4.14321741646444E-05,4.2356526961612E-05,4.24032559675622E-05,4.25002242610083E-05,4.25431640723343E-05,4.26417682154428E-05,4.26876755463674E-05,4.27806758177859E-05,4.29593330075926E-05,4.34025438057496E-05,4.361438533708E-05,4.36976484376752E-05,4.37809255816231E-05,4.38210975659556E-05,4.38447506563358E-05,4.38762637566593E-05,4.39386048779331E-05,4.3997146007039E-05,4.40531590769888E-05,4.40768815688806E-05,4.40880493062431E-05,4.40901355453201E-05,4.41085648675787E-05
YMR217W,58473.7,YMR217W_translation_Ribosome,4.69003234077291E-05,7.32291493557703E-05,0.000124993514288,0.00024901296124,0.000296569045071,0.000319810511056,0.000342990550348,0.00038830726512,0.000454365609302,0.000478974079793,0.000533721617361,0.000539759828655,0.000545786574008,0.00055183917293,0.000575951618213,0.000605952043421,0.000644264020025,0.000646314354844,0.000650602744177,0.000652522865278,0.00065696312157,0.000659052181432,0.000663326598705,0.000671677414668,0.000693311426455,0.000704158537983,0.000708522984803,0.00071294298521,0.000715097512582,0.000716368920182,0.000718077270381,0.000721474131166,0.000724702979249,0.000727812185258,0.000729145275689,0.000729772640348,0.000729889337078,0.000730928406524
YMR220W,50447.3,YMR220W_translation_Ribosome,3.08235916481392E-05,4.54758975961047E-05,7.0203654813546E-05,0.000114358024003,0.000127340211973,0.00013307843167,0.000138445682394,0.000148010396097,0.000160035025507,0.000164003269147,0.00017195670771,0.000172765800075,0.000173559704993,0.000174343939469,0.000177345343579,0.000180815909862,0.000184849917138,0.000185053849176,0.000185477032621,0.000185664428074,0.000186094750601,0.000186295096732,0.000186700963164,0.000187480648589,0.000189414883645,0.000190339390264,0.000190702762295,0.000191066195614,0.000191241511876,0.000191344737332,0.00019148226499,0.000191754330524,0.00019200981235,0.000192254261366,0.0001923577897,0.000192406527297,0.000192415631941,0.000192496060129
YMR225C,11481.6,YMR225C_translation_Ribosome,2.05775063411385E-06,3.3351293156518E-06,6.43130586650644E-06,1.61761504024053E-05,2.05674816393825E-05,2.28239059941272E-05,2.51323426328912E-05,2.98321707067623E-05,3.70626836356363E-05,3.90060242227496E-05,3.99696698391061E-05,4.00640656451124E-05,4.0155835938713E-05,4.02458686196792E-05,4.05818423493665E-05,4.09537414882775E-05,3.8456111287085E-05,3.78817169737612E-05,3.67546799501152E-05,3.61563417663646E-05,3.50408962830573E-05,3.44612921745109E-05,3.33150985096285E-05,3.09724553839401E-05,2.51245217748161E-05,2.21522467473897E-05,2.09571109361647E-05,1.97641332025459E-05,1.92335322330551E-05,1.92850840251115E-05,1.93520544287422E-05,1.94921176791664E-05,1.96234400437943E-05,1.97467913616553E-05,1.98045358527987E-05,1.98298648603284E-05,1.98298386645757E-05,1.98745379320131E-05
YMR226C,29157.7,YMR226C_translation_Ribosome,0,0,0,0,0,0,0,0,0,0,0,0,0,0,0,0,0,0,0,0,0,0,0,0,0,0,0,0,0,0,0,0,0,0,0,0,0,0
YMR229C,193111,YMR229C_translation_Ribosome,1.40766642396703E-05,1.86568823713127E-05,2.84615377677302E-05,5.56099180799254E-05,6.72216449135997E-05,7.31092693963423E-05,7.91479309268249E-05,9.13126622069992E-05,0.000109944194862,0.000117167686292,0.000133844078447,0.000135728258476,0.000137614938617,0.000139519373548,0.000147192515932,0.000156923723162,0.000169747959493,0.000170457496059,0.000171944242799,0.000172607024406,0.000174155789786,0.000174884152343,0.00017637656362,0.000179308566678,0.000186987551535,0.000190878956069,0.000192451892529,0.000194051066497,0.000194831020055,0.000195295185512,0.000195918026912,0.000197157673531,0.000198338238748,0.000199480015387,0.000199969017102,0.000200191241457,0.000200231784132,0.000200601415922
YMR230W,12741.6,YMR230W_translation_Ribosome,0,0,0,0,0,0,0,0,0,0,0,0,0,0,0,0,0,0,0,0,0,0,0,0,0,0,0,0,0,0,0,0,0,0,0,0,0,0
YMR241W,34203.1,YMR241W_translation_Ribosome,8.24621349686E-07,2.08275205936116E-06,4.4582752962514E-06,0,1.18881756116996E-05,1.29512642939523E-05,1.38050414262864E-05,1.56600101296854E-05,1.83452028189917E-05,1.93169174488548E-05,2.14320786990247E-05,2.16621998774522E-05,2.18946739480216E-05,2.21222697137658E-05,2.30631985007083E-05,2.41770975839811E-05,2.5521609520921E-05,2.55914903604381E-05,2.57416415116533E-05,2.58143360706939E-05,2.59632490701083E-05,2.60409326808031E-05,2.61817170284146E-05,2.64761151243855E-05,2.72188238296883E-05,2.75926071360227E-05,2.77408574387468E-05,2.78896735547553E-05,2.79615293270157E-05,2.79914998107352E-05,2.80321319665119E-05,2.81118293828364E-05,2.81867765189921E-05,2.82627204918167E-05,2.82902337993588E-05,2.83158291088325E-05,2.83212646455952E-05,2.83506962138895E-05
YMR242C,20457.1,YMR242C_translation_Ribosome,0.001158904593244,0.001246548851106,0.001408785705328,0.001759485427562,0.001884052017041,0.001943138884776,0.002001861526756,0.002113407467974,0.002271103737822,0.002328927903867,0.002457204128004,0.00247119746009,0.002485109587491,0.00249907446039,0.00255441913733,0.002622595376034,0.002710299078123,0.002715179615669,0.002725355189605,0.002729859747172,0.002740423375505,0.002745365709387,0.002755460799923,0.002775174221513,0.002826106363873,0.00285152179825,0.002861718799088,0.002872061698547,0.002877075337598,0.002880073176521,0.002884102638996,0.002892072644404,0.00289964339707,0.002906951724244,0.002910076905007,0.002911428107168,0.002911664272908,0.002913925351216
YMR246W,77260.8,YMR246W_translation_Ribosome,0,0,0,0,0,0,0,0,0,0,0,0,0,0,0,0,0,0,0,0,0,0,0,0,0,0,0,0,0,0,0,0,0,0,0,0,0,0
YMR250W,65979.6,YMR250W_translation_Ribosome,0,0,0,0,0,0,0,0,0,0,0,0,0,0,0,0,0,0,0,0,0,0,0,0,0,0,0,0,0,0,0,0,0,0,0,0,0,0
YMR256C,6941.5,YMR256C_translation_Ribosome,4.04907388547293E-06,5.32369679173134E-06,7.59728048199339E-06,1.21822520882687E-05,1.37072336465172E-05,1.44179201905054E-05,1.51007628294167E-05,1.63874524851627E-05,1.81471696135147E-05,1.83697381892105E-05,1.73729578437841E-05,1.72686767610998E-05,1.71657047907306E-05,1.70633774476689E-05,1.66649721294272E-05,1.61897868830569E-05,1.45208031886023E-05,1.42705349619042E-05,1.3778687936339E-05,1.35252759197876E-05,1.30428443326506E-05,1.2797371045393E-05,1.23135042912629E-05,1.13441127316299E-05,8.99552703308488E-06,7.84594739850733E-06,7.39134218930885E-06,6.94139073433259E-06,6.74129313204901E-06,6.75011728121944E-06,6.76117429750382E-06,6.78546684017393E-06,6.80776939667853E-06,6.82891743802234E-06,6.83835967900242E-06,6.84274418874893E-06,6.84370022140808E-06,6.85167458797639E-06
YMR259C,163565.5,YMR259C_translation_Ribosome,0,0,0,0,0,0,0,0,0,0,0,0,0,0,0,0,0,0,0,0,0,0,0,0,0,0,0,0,0,0,0,0,0,0,0,0,0,0
YMR260C,17423.3,YMR260C_translation_Ribosome,0.000339205726904,0.000294422266811,0.00027007206362,0.000285645802308,0.000291146871787,0.000294332201473,0.000294860875537,0.000304646316568,0.000320439455288,0.000326580762986,0.000328894140584,0.000329783233708,0.000331542977778,0.00033113423786,0.000332138745675,0.000335861397569,0.000335287813916,0.000335086688617,0.00033361545237,0.000334230637431,0.000331757613363,0.000331373306593,0.000330524750301,0.000328665395507,0.000322320174689,0.000319918978445,0.000318890190059,0.000317693704626,0.000318742012495,0.000319125533462,0.000321366896182,0.00032062074108,0.000321514274941,0.000323100057678,0.000322723610415,0.000323321770868,0.000323750246274,0.000323624295698
YMR261C,118818.2,YMR261C_translation_Ribosome,0,0,0,7.84158465422422E-05,7.26284994482915E-05,6.87479731858839E-05,0.000128643858545,0.000108739999457,3.76523376823139E-05,3.0975732797027E-05,1.56132323990357E-05,2.77789270336029E-05,1.21685157418328E-05,2.08747574652381E-05,3.52305069319605E-06,0,0,0,0,0,0,0,0,0,0,0,0,0,0,0,0,0,0,0,0,0,0,0
YMR267W,35572.9,YMR267W_translation_Ribosome,1.4424974165704E-07,2.31910357907083E-07,4.39850302915553E-07,1.08016269099457E-06,1.36580331440443E-06,1.51218457689912E-06,1.66172897685037E-06,1.96562061330846E-06,2.43202010883637E-06,2.55768753172099E-06,2.62253610680481E-06,2.62890137612691E-06,2.63509274217658E-06,2.64116918729304E-06,2.66387669604493E-06,2.68907594332659E-06,2.53142920091393E-06,2.49486731178221E-06,2.42313780857788E-06,2.38504115550813E-06,2.31405418319336E-06,2.27715828127403E-06,2.20419901051522E-06,2.05506021088048E-06,1.68275927158477E-06,1.49350793924329E-06,1.41740733868972E-06,1.34144439475864E-06,1.30766410326253E-06,1.31099697500567E-06,1.31532811422955E-06,1.32437981501388E-06,1.33286679267665E-06,1.34084095025693E-06,1.34456866604388E-06,1.34620545952099E-06,1.34620849042158E-06,1.34909454125775E-06
YMR271C,24813.8,YMR271C_translation_Ribosome,0,0,0,0,0,0,0,0,0,0,0,0,0,0,0,0,0,0,0,0,0,0,0,0,0,0,0,0,0,0,0,0,0,0,0,0,0,0
YMR272C,44871.7,YMR272C_translation_Ribosome,0,0,0,0,0,0,0,0,0,0,0,0,0,0,0,0,0,0,0,0,0,0,0,0,0,0,0,0,0,0,0,0,0,0,0,0,0,0
YMR276W,39334.2,YMR276W_translation_Ribosome,0.000280805840092,0.00028254892438,0.000285912497533,0.000294473941306,0.000297769881972,0.000298839716257,0.000301510970419,0.000305318500849,0.000311351688488,0.000315772279559,0.000319697901933,0.000320120942923,0.00032054917102,0.000320981075951,0.00032280498779,0.000324900377893,0.000324488454912,0.000324426284048,0.000324337527771,0.000324238834624,0.000324178364166,0.000324134563738,0.00032401041388,0.000323722044868,0.000323090662914,0.000322733586651,0.000322583605781,0.000322447914513,0.000322405456718,0.000322537176357,0.000322709115508,0.000323061399099,0.000323395921729,0.000323721328442,0.000323855162518,0.000323933555571,0.000323935347629,0.00032402225525
YMR278W,71056.6,YMR278W_translation_Ribosome,0,0,0,0,0,0,0,0,0,0,0,0,0,0,0,0,0,0,0,0,0,0,0,0,0,0,0,0,0,0,0,0,0,0,0,0,0,0
YMR281W,35451.3,YMR281W_translation_Ribosome,0,0,0,0,0,0,0,0,0,0,0,0,0,0,0,0,0,0,0,0,0,0,0,0,0,0,0,0,0,0,0,0,0,0,0,0,0,0
YMR282C,67554.4,YMR282C_translation_Ribosome,0,0,0,0,0,0,0,0,0,0,0,0,0,0,0,0,0,0,0,0,0,0,0,0,0,0,0,0,0,0,0,0,0,0,0,0,0,0
YMR283C,58883.2,YMR283C_translation_Ribosome,0,0,0,0,0,0,0,0,0,0,0,0,0,0,0,0,0,0,0,0,0,0,0,0,0,0,0,0,0,0,0,0,0,0,0,0,0,0
YMR285C,59542.3,YMR285C_translation_Ribosome,4.34028597624021E-06,5.75251377299798E-06,8.77560273742833E-06,1.71463170160702E-05,2.07265839229201E-05,2.25419269289571E-05,2.44038394893315E-05,2.81546153607397E-05,3.38993130051156E-05,3.61265465328687E-05,4.1268411805243E-05,4.18493647935143E-05,4.24310886465021E-05,4.301828686919E-05,4.53841621730621E-05,4.83846047175296E-05,5.23387270973258E-05,5.25574999226639E-05,5.30159115121339E-05,5.32202682877084E-05,5.36978022079354E-05,5.39223796885545E-05,5.43825378357735E-05,5.52865681899557E-05,5.76542449148891E-05,5.88540894403963E-05,5.93390760781487E-05,5.98321525789781E-05,6.00726372159128E-05,6.02157542775812E-05,6.04077962093581E-05,6.07900189251906E-05,6.11540249546704E-05,6.15060712242886E-05,6.16568460989041E-05,6.17253649775389E-05,6.17378655815317E-05,6.18518348889193E-05
YMR286W,9540.4,YMR286W_translation_Ribosome,1.70984567914749E-06,2.77125729193182E-06,5.34396168555062E-06,1.34412403584089E-05,1.70901269711856E-05,1.89650565031329E-05,2.08832045755674E-05,2.47884303068209E-05,3.07964767068548E-05,3.241125570432E-05,3.32119772621418E-05,3.32904135208185E-05,3.33666681638184E-05,3.3441478973243E-05,3.37206494521579E-05,3.40296714129357E-05,3.19543168306948E-05,3.14770356584859E-05,3.05405473623954E-05,3.00433705222116E-05,2.91165139787904E-05,2.86349038341088E-05,2.76824977199397E-05,2.57359264688669E-05,2.08767059939778E-05,1.8406955029682E-05,1.7413881442951E-05,1.64226010665385E-05,1.59817090750626E-05,1.60245449791992E-05,1.60801926623443E-05,1.61965753471919E-05,1.63056949722874E-05,1.64081912195806E-05,1.64561728199938E-05,1.64772194392312E-05,1.64771976724079E-05,1.65143396117769E-05
YMR289W,42634.3,YMR289W_translation_Ribosome,0,0,0,0,0,0,0,0,0,0,0,0,0,0,0,0,0,0,0,0,0,0,0,0,0,0,0,0,0,0,0,0,0,0,0,0,0,0
YMR290C,56734.2,YMR290C_translation_Ribosome,4.13559188397504E-06,5.4812169986719E-06,8.36173276520737E-06,1.63376721902434E-05,1.97490885907957E-05,2.14788174251387E-05,2.32529195270527E-05,2.68268034456056E-05,3.23005729354565E-05,3.44227669456014E-05,3.9322134500028E-05,3.98756889147412E-05,4.04299778390889E-05,4.09894829540343E-05,4.32437801959102E-05,4.61027175800274E-05,4.98703578948933E-05,5.00788130809928E-05,5.05156053244787E-05,5.07103243423332E-05,5.11653370801169E-05,5.13793231656552E-05,5.18177795967294E-05,5.26791745868497E-05,5.49351882921939E-05,5.60784464343724E-05,5.65405604088673E-05,5.701038271693E-05,5.72395257545483E-05,5.73758932109635E-05,5.75588781706613E-05,5.79230747167232E-05,5.82699137014066E-05,5.86053569656032E-05,5.87490210815579E-05,5.88143085119098E-05,5.88262195695452E-05,5.89348139214462E-05
YMR293C,50925.1,YMR293C_translation_Ribosome,0,0,0,0,0,0,0,0,0,0,0,0,0,0,0,0,0,0,0,0,0,0,0,0,0,0,0,0,0,0,0,0,0,0,0,0,0,0
YMR296C,62198.6,YMR296C_translation_Ribosome,1.60061725019772E-05,2.36148684395588E-05,3.64555766908082E-05,5.93841976647689E-05,6.61256294379449E-05,6.91053903751981E-05,7.18925133661848E-05,7.68593082549821E-05,8.31034959802466E-05,8.51641381325068E-05,8.92942249528422E-05,8.97143730039108E-05,9.01266344696623E-05,9.05338742373999E-05,9.20924528899465E-05,9.38946595645394E-05,9.5989451666042E-05,9.60953501421556E-05,9.63151021847516E-05,9.64124134904424E-05,9.66358727376469E-05,9.67399091126559E-05,9.69506687215806E-05,9.73555462437936E-05,9.83599619629102E-05,9.88400426940562E-05,9.90287356758292E-05,9.92174604830452E-05,9.93084992679478E-05,9.93621025102067E-05,9.94335183093278E-05,9.95747973630256E-05,9.97074647766635E-05,9.98344030375837E-05,9.9888163559329E-05,9.99134721731901E-05,9.99182000618818E-05,9.99599650663745E-05
YMR298W,17204.8,YMR298W_translation_Ribosome,0,0,0,0,0,0,0,0,0,0,0,0,0,0,0,0,0,0,0,0,0,0,0,0,0,0,0,0,0,0,0,0,0,0,0,0,0,0
YMR300C,56713,YMR300C_translation_Ribosome,4.13960604377835E-05,6.45950296876476E-05,0.000110145312889,0.000219053109511,0.000260754589312,0.00028112864708,0.000301439341769,0.000341137143293,0.000398973672129,0.000420512000996,0.000468414145955,0.000473701250017,0.000478970978818,0.000484267174614,0.000505356893684,0.000531591788338,0.000565093184669,0.00056688668691,0.000570638575253,0.000572313484655,0.000576196778848,0.000578026092895,0.000581760992359,0.000589060623612,0.00060797202894,0.000617454117264,0.000621269026563,0.000625131985523,0.000627016690601,0.000628126435613,0.00062961775268,0.000632588246405,0.000635412093386,0.000638130087483,0.000639294289065,0.000639843139524,0.000639945331537,0.000640851520514
YMR303C,36728.3,YMR303C_translation_Ribosome,0,0,0,0,0,0,0,0,0,0,0,0,0,0,0,0,0,0,0,0,0,0,0,0,0,0,0,0,0,0,0,0,0,0,0,0,0,0
YMR309C,93169,YMR309C_translation_Ribosome,0.001813861804015,0.001574387640486,0.001444177859268,0.001527456552731,0.001556872859761,0.001573906026933,0.001576733047866,0.001629059516182,0.001713511424915,0.001746351328777,0.001758721837083,0.001763476155571,0.001772886175214,0.001770700487688,0.001776071972346,0.001795978405362,0.001792911235803,0.001791835742468,0.001783968483689,0.00178725811177,0.001774033913173,0.001771978878973,0.001767441326314,0.001757498650315,0.001723568345586,0.001710728237635,0.001705226915543,0.001698828853677,0.00170443455385,0.001706485386071,0.001718470803489,0.001714480828874,0.001719258893664,0.001727738676015,0.001725725669578,0.001728924260616,0.001731215481286,0.001730541975741
YMR313C,73621.3,YMR313C_translation_Ribosome,0,0,0,0,0,0,0,0,0,0,0,0,0,0,0,0,0,0,0,0,0,0,0,0,0,0,0,0,0,0,0,0,0,0,0,0,0,0
YMR314W,25604.3,YMR314W_translation_Ribosome,0.000182788437835,0.000183923085368,0.000186112577873,0.000191685584946,0.000193831052595,0.000194527453131,0.000196266285825,0.000198744768962,0.000202672026825,0.00020554957715,0.000208104931344,0.000208380306677,0.000208659058518,0.000208940203766,0.000210127465383,0.000211491443723,0.000211223305574,0.00021118283592,0.000211125060693,0.000211060817135,0.000211021454348,0.000210992942791,0.000210912128379,0.000210724416752,0.000210313423445,0.000210080987352,0.000209983358439,0.000209895031234,0.000209867393653,0.000209953135557,0.000210065058046,0.000210294374385,0.000210512129362,0.0002107239504,0.000210811068679,0.000210862098045,0.000210863264571,0.00021091983643
YMR318C,39613.9,YMR318C_translation_Ribosome,0,0,0,0,0,0,0,0,0,0,0,0,0,0,0,0,0,0,0,0,0,0,0,0,0,0,0,0,0,0,0,0,0,0,0,0,0,0
YMR319C,62778.5,YMR319C_translation_Ribosome,0,0,0,0,0,0,0,0,0,0,0,0,0,0,0,0,0,0,0,0,0,0,0,0,0,0,0,0,0,0,0,0,0,0,0,0,0,0
YNL001W,44050.1,YNL001W_translation_Ribosome,0.000144302407385,0.000178876108956,0.00024411413863,0.000391300212373,0.000445234885123,0.00047031468747,0.000497663692524,0.00054829701304,0.0006217076754,0.000653569331164,0.00071383940971,0.00072045854878,0.000727071797994,0.000733715825251,0.000760412772731,0.000793174003147,0.000829584873854,0.000831734896854,0.000836296200425,0.000838250328686,0.000843030993794,0.000845283743426,0.000849772618307,0.000858540000105,0.000881581611775,0.000893162242999,0.000897823247526,0.000902585904503,0.000904935152152,0.000906442448285,0.000908447833153,0.000912468794969,0.000916290307936,0.000919987519265,0.00092154978501,0.000922332232382,0.000922444180918,0.000923610917851
YNL002C,36570.5,YNL002C_translation_Ribosome,2.66577589871558E-06,3.53315718296778E-06,5.38991909800466E-06,1.05311582931159E-05,1.27301353382914E-05,1.38451074069263E-05,1.49886821981112E-05,1.72923847592373E-05,2.08207413259746E-05,2.21886939197894E-05,2.53467946976123E-05,2.57036123089167E-05,2.60609033804019E-05,2.64215567747586E-05,2.78746622611147E-05,2.97175148897912E-05,3.21461115763542E-05,3.22804804470398E-05,3.25620339146202E-05,3.26875485397044E-05,3.29808468205847E-05,3.31187808734342E-05,3.34014070656181E-05,3.39566567295985E-05,3.54108686372537E-05,3.61478054740917E-05,3.64456811664302E-05,3.67485256009512E-05,3.68962297275137E-05,3.69841313118285E-05,3.71020822385822E-05,3.73368409870577E-05,3.75604111632365E-05,3.77766357313682E-05,3.78692406954379E-05,3.79113245526472E-05,3.79190023437019E-05,3.7989001563682E-05
YNL003C,31040.3,YNL003C_translation_Ribosome,0,0,0,0,0,0,0,0,0,0,0,0,0,0,0,0,0,0,0,0,0,0,0,0,0,0,0,0,0,0,0,0,0,0,0,0,0,0
YNL005C,43253.3,YNL005C_translation_Ribosome,7.75192529808709E-06,1.25640458497667E-05,2.42279126633712E-05,6.0938535239022E-05,7.74814880846486E-05,8.59818538475284E-05,9.46781594554097E-05,0.000112383276654,0.000139621949388,0.000146942870986,0.000150573101349,0.000150928707721,0.000151274423304,0.000151613592981,0.000152879267845,0.000154280280337,0.000144871247765,0.000142707398688,0.000138461642827,0.000136207592785,0.00013200550439,0.000129822029056,0.000125504106602,0.000116678938864,9.46486968438767E-05,8.34515898689096E-05,7.89492933437164E-05,7.44551266939868E-05,7.24562552027594E-05,7.26504602897988E-05,7.29027501239126E-05,7.34303941621627E-05,7.39251096751541E-05,7.43897967881729E-05,7.460733091223E-05,7.47027499445412E-05,7.47026512603202E-05,7.48710416261448E-05
YNL007C,37595.5,YNL007C_translation_Ribosome,1.54090127572677E-05,2.06408198840734E-05,3.2399890133102E-05,6.60285839813091E-05,8.10579174872723E-05,8.89065078393548E-05,9.95160119178044E-05,0.000116226635459,0.000143294556784,0.000151564327943,0.000179601495662,0.000183032517043,0.000186553268443,0.00018965041263,0.000202401288555,0.000219377193536,0.000267451867302,0.000269467999274,0.000273149379382,0.000275045307892,0.000278861765698,0.000282308449426,0.000284655109335,0.000292314694963,0.000311874523882,0.000321842474393,0.000325802200013,0.000329830807582,0.000331918146169,0.00033352670707,0.000333838594254,0.000341878128786,0.000343918663607,0.000345606977713,0.000349513708651,0.000348831614345,0.000348506162873,0.000349063085772
YNL009W,47868,YNL009W_translation_Ribosome,0,0,0,0,0,0,0,0,0,0,0,0,0,0,0,0,0,0,0,0,0,0,0,0,0,0,0,0,0,0,0,0,0,0,0,0,0,0
YNL014W,115852.8,YNL014W_translation_Ribosome,0,0,0,0,0,0,0,0,0,0.008776955960749,0.009503416102192,0.009582662101363,0.009661446197083,0.009740532948374,0.010053962194574,0.010440056506454,0.010936742024077,0.01096438294852,0.01102201138142,0.011047516614901,0.011107340685039,0.011135330013704,0.011192501358031,0.011304142282984,0.011592583949877,0.011736514523537,0.011794266456347,0.011852836368117,0.01188123317928,0.011898211496611,0.011921030116634,0.011966162072928,0.01200904188864,0.012050425311165,0.012068127813173,0.012075779326594,0.012077117597405,0.012089920553121
YNL026W,54411.6,YNL026W_translation_Ribosome,0,0,0,0,0,0,0,0,0,0,0,0,0,0,0,0,0,0,0,0,0,0,0,0,0,0,0,0,0,0,0,0,0,0,0,0,0,0
YNL029C,61710.3,YNL029C_translation_Ribosome,0,0,0,0,0,0,0,0,0,0,0,0,0,0,0,0,0,0,0,0,0,0,0,0,0,0,0,0,0,0,0,0,0,0,0,0,0,0
YNL037C,39328.5,YNL037C_translation_Ribosome,0.001348565135821,0.001715213473883,0.002361068832577,0.003627351958013,0.00403745523432,0.004224505866926,0.004405269847189,0.004740499819387,0.005190872802604,0.005139300318466,0.004587264947748,0.004528577679792,0.00447051636004,0.004412654319073,0.004186326579508,0.003913715652951,0.003240897954855,0.003140547951806,0.002942885747588,0.00284183985353,0.002647245709634,0.002548999346874,0.002354040336032,0.00196471063659,0.001018071595588,0.000554153570335,0.000370452970618,0.00018851507047,0.000107031737915,0.00010676728314,0.00010617898951,0.000105794753089,0.000105070479536,0.000104439845325,0.000104130828571,0.000103837590024,0.00010395684676,0.000104147583173
YNL045W,77343.3,YNL045W_translation_Ribosome,0,0,0,0,0,0,0,0,0,0,0,0,0,0,0,0,0,0,0,0,0,0,0,0,0,0,0,0,0,0,0,0,0,0,0,0,0,0
YNL052W,17147.8,YNL052W_translation_Ribosome,0,0,0,0,0,0,3.73038768056288E-05,0,0,4.5379326733551E-05,0,4.26593409729867E-05,0,0,0,0,0,0,0,0,0,0,0,0,0,0,0,0,0,0,0,0,0,1.68696838498479E-05,1.68930093068642E-05,1.50255779629068E-05,1.69062022122973E-05,1.69259015342075E-05
YNL061W,69780.8,YNL061W_translation_Ribosome,5.08661283912148E-06,6.74167798507645E-06,1.02845973282849E-05,2.00946842569903E-05,2.42905901755308E-05,2.64180875553038E-05,2.86001622818927E-05,3.2995896758518E-05,3.97284146052029E-05,4.23386284759038E-05,4.83646548839951E-05,4.90455047047773E-05,4.9727257943073E-05,5.04154268874661E-05,5.3188122456909E-05,5.67045012515974E-05,6.13385483569341E-05,6.15949399100039E-05,6.21321769237318E-05,6.23716735384915E-05,6.29313210324676E-05,6.31945153709394E-05,6.37337992689322E-05,6.47932807021169E-05,6.75680874530694E-05,6.89742493054921E-05,6.95426310369951E-05,7.01204937109107E-05,7.04023304950627E-05,7.05700570198505E-05,7.07951212117432E-05,7.12430684171579E-05,7.1669666515349E-05,7.20822483324937E-05,7.22589494570819E-05,7.23392503887932E-05,7.23539005139496E-05,7.24874672294604E-05
YNL062C,54389.9,YNL062C_translation_Ribosome,0,0,0,0,0,0,0,0,0,0,0,0,0,0,0,0,0,0,0,0,0,0,0,0,0,0,0,0,0,0,0,0,0,0,0,0,0,0
YNL064C,44666.2,YNL064C_translation_Ribosome,1.83070326400413E-05,2.45228016413134E-05,3.84934359873698E-05,7.84467805409144E-05,9.63027264983842E-05,0.000105627425103,0.000118232290873,0.000138085732195,0.000170244399788,0.000180069491955,0.000213379695058,0.000217455999062,0.000221638908883,0.000225318542395,0.000240467514326,0.000260636129375,0.000317752353215,0.000320147665257,0.000324521413715,0.000326773915265,0.000331308145895,0.000335403057912,0.000338191061287,0.000347291208473,0.000370529713891,0.000382372367165,0.000387076810422,0.000391863090467,0.000394343001169,0.000396254089009,0.000396624633764,0.000406176188001,0.00040860049241,0.000410606332883,0.000415247814588,0.000414437436731,0.000414050776612,0.000414712441694
YNL067W,21667.5,YNL067W_translation_Ribosome,0,0,0,0,0,0,0,0,0,0,0,0,0,0,0,0,0,0,0,0,0,0,0,0,0,0,0,0,0,0,0,0,0,0,0,0,0,0
YNL069C,22277.6,YNL069C_translation_Ribosome,0.00126203679732,0.001357480614819,0.001534155106492,0.001916063985661,0.002051715893985,0.002116060967561,0.002180009402528,0.002301481940673,0.002473211776337,0.002536181779,0.002675873446482,0.002691112060698,0.002706262243734,0.002721469866149,0,0,0.002951491596697,0.002956806458688,0.002967887568226,0.002972792991362,0.002984296688687,0.002989678846338,0.003000672310169,0.003022140050994,0.003077604701146,0.003105281883194,0.003116386326437,0.003127649651982,0.003133109460328,0.003136374080258,0.003140762129065,0.003149441394087,0.003157685876423,0.003165644579731,0.003169047873794,0.003170519320932,0.003170776503323,0.003173238797495
YNL070W,6871,YNL070W_translation_Ribosome,3.13550762649936E-06,4.77698978452204E-06,8.56996462388087E-06,2.00426448694934E-05,2.5149974040837E-05,2.7775582225967E-05,3.04592035409882E-05,3.59338813750609E-05,4.44893225947241E-05,4.71469448469812E-05,4.83278188218701E-05,4.84488640473441E-05,4.85677923816632E-05,4.86849780086968E-05,4.91732394214007E-05,4.97867397418099E-05,4.62696054104845E-05,4.56034807739104E-05,4.42967819497925E-05,4.36029167431256E-05,4.23104128516419E-05,4.16383567028776E-05,4.03109710215986E-05,3.75972524718755E-05,3.08293872737153E-05,2.73913282301415E-05,2.60097682090042E-05,2.46303531500362E-05,2.4017689049725E-05,2.40830528248336E-05,2.41687076018769E-05,2.43453104273689E-05,2.45121719568928E-05,2.46702638888111E-05,2.47420349880629E-05,2.47737232900628E-05,2.47765561185354E-05,2.4832995764391E-05
YNL071W,51819.7,YNL071W_translation_Ribosome,3.0597314270007E-05,4.02390335210182E-05,5.74417927500526E-05,9.21502125456915E-05,0.000103709119966,0.000109088352899,0.000114266674182,0.000124025924035,0.000137393432258,0.00013795615473,0.000130023408562,0.000129191760664,0.000128371786343,0.000127554587835,0.000124363587139,0.000120546954962,0.000108972081261,0.000107038345874,0.000103239324071,0.00010128273144,9.75541221558931E-05,9.56588433797414E-05,9.19194212508997E-05,8.44301820792108E-05,6.62792555424959E-05,5.73945806578981E-05,5.38811313237727E-05,5.04025357942452E-05,4.88546649062407E-05,4.89165018167229E-05,4.89906815755153E-05,4.91640451757288E-05,4.93203192041354E-05,4.94669956585263E-05,4.95341789967907E-05,4.95630050136888E-05,4.95701805669782E-05,4.96303861777546E-05
YNL073W,66141,YNL073W_translation_Ribosome,1.5797119851936E-08,2.56636853154242E-08,4.97054449518365E-08,1.26211148288182E-07,1.61015197158116E-07,1.78966751805895E-07,1.97378614813954E-07,2.34996826024409E-07,2.93200940396149E-07,3.09052575721285E-07,3.17755877983098E-07,3.18623109522748E-07,3.19469398744044E-07,3.20302625993294E-07,3.23443893283611E-07,3.26989487949626E-07,3.07731486347434E-07,3.03169889367278E-07,2.94220788086018E-07,2.89461783075326E-07,2.8060105733282E-07,2.75991502838587E-07,2.66874631019288E-07,2.48221332441276E-07,2.01585514093808E-07,1.77835226530714E-07,1.68276904492045E-07,1.58731537634275E-07,1.54486115621538E-07,1.54911583919978E-07,1.55464864184426E-07,1.56620691299248E-07,1.57705190925298E-07,1.58723370569488E-07,1.59201262200017E-07,1.59410329433917E-07,1.5940806014722E-07,1.59776840751106E-07
YNL075W,33487.6,YNL075W_translation_Ribosome,2.44105049112885E-06,3.23531137064989E-06,4.93554790846012E-06,9.64337967642086E-06,1.16569825447989E-05,1.2677962259203E-05,1.37251334812887E-05,1.58346334850066E-05,1.90655489322735E-05,2.03181828661992E-05,2.32100551569096E-05,2.35367929767457E-05,2.38639643439808E-05,2.41942145896394E-05,2.55248230113152E-05,2.72123228182106E-05,2.94361883491973E-05,2.95592298989155E-05,2.98170483564413E-05,2.99319820751208E-05,3.02005552559853E-05,3.03268614423433E-05,3.05856621935875E-05,3.10941042068909E-05,3.24257257783431E-05,3.31005387018005E-05,3.33733034174799E-05,3.36506180094452E-05,3.37858706504721E-05,3.38663621147643E-05,3.39743697562993E-05,3.41893382983058E-05,3.43940614667559E-05,3.45920582632933E-05,3.46768566115461E-05,3.47153927917099E-05,3.47224233435406E-05,3.47865216161649E-05
YNL081C,16106.3,YNL081C_translation_Ribosome,2.88659673200843E-06,4.67849370267929E-06,9.02178630832921E-06,2.26917791271478E-05,2.88519047457136E-05,3.20171994419951E-05,3.52554565694795E-05,4.18483391734886E-05,5.19912469900231E-05,5.47173501897707E-05,5.60691448343083E-05,5.62015625435369E-05,5.63302972041957E-05,5.64565943552413E-05,5.69278957141515E-05,5.74495929602706E-05,5.39459365613832E-05,5.31401806450748E-05,5.15591817935254E-05,5.07198376002994E-05,4.915509927221E-05,4.83420350953111E-05,4.67341634550611E-05,4.34479217313227E-05,3.52444855300412E-05,3.10750010266412E-05,2.93984737206617E-05,2.77249737493176E-05,2.69806507982559E-05,2.7052967254882E-05,2.7146912821005E-05,2.73433924693386E-05,2.75276104704366E-05,2.77006467485567E-05,2.77816502757396E-05,2.78171816123108E-05,2.78171448651108E-05,2.78798486530086E-05
YNL096C,21646.6,YNL096C_translation_Ribosome,0.001226290342625,0.001319030769775,0.001490701059728,0.001861792593098,0.0019936022404,0.002056124777373,0.002118261910294,0.00223629380979,0.002403159498225,0.002464345912365,0.002600080895008,0.002614887884382,0.002629608947338,0.002644385822735,0.002702948575219,0.002775088994376,0.002867892322201,0.002873056643832,0.002883823887419,0.002888590367312,0.002899768229133,0.002904997940315,0.002915680020707,0.00293653970032,0.002990433346672,0.003017326588715,0.003028116505093,0.003039060803524,0.003044365965989,0.003047538117469,0.003051801877357,0.00306023530727,0.003068246269462,0.003075979547151,0.003079286444898,0.003080716214157,0.003080966112007,0.003083358663135
YNL101W,80040.6,YNL101W_translation_Ribosome,0,0,0,0,0,0,0,0,0,0,0,0,0,0,0,0,0,0,0,0,0,0,0,0,0,0,0,0,0,0,0,0,0,0,0,0,0,0
YNL104C,68398.6,YNL104C_translation_Ribosome,1.47978386608124E-06,2.51401762786462E-06,4.47099442046315E-06,8.92429576057994E-06,1.05474430504052E-05,1.13878531301376E-05,1.21439109760633E-05,1.36799266155304E-05,1.58775190857975E-05,1.67397182185403E-05,1.84206539479221E-05,1.8611626113983E-05,1.88019699879118E-05,1.89877860974293E-05,1.97203109733831E-05,2.06402080892852E-05,2.16065141928947E-05,2.16598113236102E-05,2.17530401579562E-05,2.18060861893695E-05,2.18991653123426E-05,2.19389366815721E-05,2.20463884549846E-05,2.22454969454106E-05,2.27255768346131E-05,2.29696345404709E-05,2.30741471737553E-05,2.31662816148546E-05,2.32138499288706E-05,2.32361288109389E-05,2.32643392798384E-05,2.33239867234979E-05,2.33817188978926E-05,2.34287145473992E-05,2.34576156989406E-05,2.3474551046316E-05,2.34754642834262E-05,2.35069453911896E-05
YNL106C,133346.6,YNL106C_translation_Ribosome,0,0,0,0,0,0,0,0,0,0,0,0,0,0,0,0,0,0,0,0,0,0,0,0,0,0,0,0,0,0,0,0,0,0,0,0,0,0
YNL110C,25455.4,YNL110C_translation_Ribosome,1.85555001468847E-06,2.45930269904207E-06,3.75172739249799E-06,7.33035771495012E-06,8.86098596109826E-06,9.63707761956414E-06,1.04330785968417E-05,1.2036602480149E-05,1.44925636441726E-05,1.54447458800346E-05,1.76429854047825E-05,1.78913532155262E-05,1.81400505847468E-05,1.83910883450921E-05,1.94025424241281E-05,2.06852853673204E-05,2.2375743526086E-05,2.24692728284157E-05,2.26652519957404E-05,2.27526181785207E-05,2.29567724848365E-05,2.30527833812942E-05,2.32495092333475E-05,2.36359984062187E-05,2.46482226250324E-05,2.51611776559028E-05,2.53685181324824E-05,2.5579317170464E-05,2.56821286612366E-05,2.57433137691614E-05,2.58254151355876E-05,2.59888221944449E-05,2.61444412935193E-05,2.62949473809839E-05,2.63594063411397E-05,2.6388699389329E-05,2.63940436214946E-05,2.64427675422581E-05
YNL112W,61007.3,YNL112W_translation_Ribosome,4.44707592145885E-06,5.89405067495578E-06,8.9915207992152E-06,1.75681911194983E-05,2.12365481911308E-05,2.30965565443888E-05,2.500428026592E-05,2.884734156553E-05,3.47333838010455E-05,3.70154169774208E-05,4.22837945381016E-05,4.28790415010398E-05,4.34750782953253E-05,4.40767241526567E-05,4.65008102968923E-05,4.95750768005896E-05,5.36264878186548E-05,5.3850643408668E-05,5.43203339204936E-05,5.45297187631098E-05,5.50190020983431E-05,5.52491051634477E-05,5.57205852059524E-05,5.66468586456197E-05,5.90727905337233E-05,6.03021564621637E-05,6.07990758842443E-05,6.13042842152804E-05,6.15506858220519E-05,6.16973241869844E-05,6.1894091186991E-05,6.22857182469401E-05,6.26586804106839E-05,6.3019388552366E-05,6.31738731458085E-05,6.32440778873877E-05,6.32568860607027E-05,6.33736595096052E-05
YNL117W,62789.8,YNL117W_translation_Ribosome,0,0,0,0,0,0,0,0,0,0,0,0,0,0,0,0,0,0,0,0,0,0,0,0,0,0,0,0,0,0,0,0,0,0,0,0,0,0
YNL121C,70110.7,YNL121C_translation_Ribosome,3.19942707828858E-05,4.87437196457123E-05,8.74466917123453E-05,0.000204512277929,0.00025662673337,0.000283418063276,0.000310801350852,0.000366664179439,0.000453962676414,0.000481080673277,0.000493130142203,0.000494365270348,0.00049557879804,0.000496774543396,0.000501756692927,0.000508016762337,0.000472128427311,0.000465331386915,0.000451998019247,0.000444917918047,0.000431729393439,0.000424871828742,0.000411327375346,0.000383636979898,0.000314578652646,0.000279497190532,0.00026539994993,0.000251324596215,0.000245073059476,0.000245740022076,0.000246614031155,0.000248416061094,0.000250118692245,0.000251731839678,0.000252464181697,0.000252787524592,0.000252816430368,0.000253392332432
YNL122C,13269,YNL122C_translation_Ribosome,2.37809130818498E-06,3.85432612957982E-06,7.43250048274403E-06,1.86943753213416E-05,2.37693277829715E-05,2.63770213764697E-05,2.90448242749994E-05,3.44762988701949E-05,4.28324231083872E-05,4.50782935663726E-05,4.61919548752002E-05,4.63010457640918E-05,4.64071024134949E-05,4.65111509471261E-05,4.68994274433654E-05,4.73292220429168E-05,4.44427728424898E-05,4.37789595983868E-05,4.2476470897617E-05,4.17849863170544E-05,4.04958936716039E-05,3.98260595965357E-05,3.85014320412016E-05,3.57940975551754E-05,2.90357859035357E-05,2.56008014641787E-05,2.42196126856858E-05,2.28409179438912E-05,2.22277155797457E-05,2.22872927056511E-05,2.23646887380661E-05,2.25265563584221E-05,2.26783223541237E-05,2.282087640902E-05,2.28876102834785E-05,2.2916882388491E-05,2.29168521147101E-05,2.29685099480806E-05
YNL129W,27687.8,YNL129W_translation_Ribosome,0,0,0,0,0,0,0,0,0,0,0,0,0,0,0,0,0,0,0,0,0,0,0,0,0,0,0,0,0,0,0,0,0,0,0,0,0,0
YNL130C,44824.7,YNL130C_translation_Ribosome,0,0,0,0,0,0,0,0,0,0,4.0357925759346E-07,4.02527302351609E-07,2.7359132356406E-07,0,3.96385597573911E-07,0,3.85470741816307E-07,3.85155617136946E-07,3.8449821568416E-07,3.8420641937388E-07,3.8353081942574E-07,3.83214476180249E-07,3.8256982033531E-07,3.81317545300373E-07,3.7812388029545E-07,3.76550166925332E-07,3.75921602559522E-07,3.75288816159877E-07,3.74980686048364E-07,0,3.74556181515691E-07,3.7407398615072E-07,3.73616732006696E-07,3.73178026914552E-07,3.72990378488383E-07,3.72902269063882E-07,3.72885644416979E-07,3.72740117739394E-07
YNL131W,16770.5,YNL131W_translation_Ribosome,7.65303895360319E-06,1.16595120333761E-05,2.09172743013818E-05,4.89193968540006E-05,6.13851898780173E-05,6.77936838481413E-05,7.43437742663575E-05,8.77061792461735E-05,0.000108588005323,0.000115074638125,0.000117956874626,0.00011825231764,0.00011854259382,0.00011882861646,0.000120020348089,0.000121517758527,0.000112933258265,0.000111307404209,0.000108118058753,0.000106424496469,0.000103269797515,0.000101629466029,9.83896288047911E-05,9.17660780933763E-05,7.52473059633012E-05,6.68558099379404E-05,6.34837458520019E-05,6.01169171158031E-05,5.86215476944277E-05,5.87810853440362E-05,5.89901485718638E-05,5.942119466194E-05,5.98284645325384E-05,6.02143298715335E-05,6.03895062970906E-05,6.04668500125161E-05,6.04737642826224E-05,6.06115202251082E-05
YNL137C,56383.7,YNL137C_translation_Ribosome,1.01051764935797E-05,1.63781120048527E-05,3.15827777126305E-05,7.94376403501339E-05,0.000101002535754,0.00011208335671,0.000123419598951,0.000146499456825,0.000182006970745,0.000191550303788,0.000196282562823,0.000196746120585,0.000197196785014,0.000197638916396,0.000199288812054,0.000201115129769,0.00018884979811,0.000186029069584,0.000180494430036,0.000177556118246,0.000172078402292,0.000169232089568,0.000163603375822,0.000152099152786,0.000123381192377,0.000108784980746,0.00010291592251,9.70574621352762E-05,9.44517934232954E-05,9.47049533293859E-05,9.50338307634713E-05,9.57216516501893E-05,9.6366547902495E-05,9.69723000364205E-05,9.7255870972987E-05,9.73802563514929E-05,9.73801277097127E-05,9.75996363222242E-05
YNL141W,39618.2,YNL141W_translation_Ribosome,0,0,0,0,0,0,0,0,0,0,0,0,0,0,0,0,0,0,0,0,0,0,0,0,0,0,0,0,0,0,0,0,0,0,0,0,0,0
YNL142W,53397.1,YNL142W_translation_Ribosome,0,0,0,0,0,0,0,0,0,0,0,0,0,0,0,0,0,0,0,0,0,0,0,0,0,0,0,0,0,0,0,0,0,0,0,0,0,0
YNL153C,15169.2,YNL153C_translation_Ribosome,3.65915887288507E-06,5.72597506282977E-06,8.83445409698023E-06,1.87024491828403E-05,2.30713568365291E-05,2.54105496500758E-05,2.90589378686713E-05,3.39804476839227E-05,4.20915871223425E-05,4.39733038042104E-05,5.31899516431737E-05,5.38397480016436E-05,5.449585910637E-05,5.54733189571681E-05,6.02203625024593E-05,6.40066564273452E-05,6.39740613137986E-05,6.42244902297784E-05,6.57137727946483E-05,6.62324465864766E-05,6.73701523130679E-05,7.27471517436171E-05,6.91039179995917E-05,7.13311587584132E-05,7.7119328676509E-05,7.99832909393585E-05,8.1178148269203E-05,8.2346915238298E-05,8.28919578091695E-05,8.32073036842704E-05,8.5554749558503E-05,8.45103173549982E-05,8.52644351879799E-05,8.84146786717338E-05,8.64037856169841E-05,8.71542005950277E-05,8.70059449956159E-05,8.71449856500541E-05
YNL162W,12239,YNL162W_translation_Ribosome,0.00069334525992,0.000745780750384,0.000842843230346,0.001052658595203,0.00112718384505,0.001162534123154,0.001197666493587,0.001264401796957,0.001358747752477,0.001393342585969,0.001470087222658,0.001478459102905,0.001486782400306,0.001495137254093,0.001528248667787,0.001569036901969,0.001621507956511,0.001624427866911,0.001630515672582,0.001633210643035,0.001639530612492,0.00164248749418,0.001648527148533,0.001660321223297,0.001690792721717,0.001705998176124,0.001712098801005,0.001718286713587,0.001721286255474,0.001723079791732,0.001725490524007,0.001730258790095,0.001734788192693,0.001739160592314,0.001741030314188,0.001741838706543,0.00174197999893,0.001743332748705
YNL163C,124416.7,YNL163C_translation_Ribosome,9.06925090599599E-06,1.20201735630125E-05,1.83370735275896E-05,3.58281117842829E-05,4.33092637328886E-05,4.71025163647016E-05,5.09930784768527E-05,5.88305176815902E-05,7.08343590416152E-05,7.54882781151546E-05,8.62324702110833E-05,8.74464013769241E-05,8.86619433042604E-05,8.98889242088053E-05,9.48325424082916E-05,0.000101102121513,0.000109364463712,0.000109821600788,0.000110779475395,0.000111206489394,0.000112204321095,0.000112673587298,0.000113635111428,0.000115524129376,0.000120471511737,0.000122978648619,0.000123992053157,0.00012502236188,0.000125524866905,0.00012582391737,0.000126225198869,0.000127023872904,0.000127784482235,0.000128520101032,0.000128835152892,0.000128978326615,0.00012900444727,0.000129242592003
YNL169C,56605.5,YNL169C_translation_Ribosome,7.02213831478222E-08,1.06729392254943E-07,1.68349772323409E-07,2.78415532752024E-07,3.10789225853751E-07,3.25101096392458E-07,3.38489331282686E-07,3.62352322261718E-07,3.92362661004326E-07,4.0226948588467E-07,4.22131518257285E-07,4.24152580938719E-07,4.26135810345545E-07,4.28094997073931E-07,4.35594211830966E-07,4.44268019085987E-07,4.54353842543976E-07,4.54863842336694E-07,4.55922194184137E-07,4.5639086502371E-07,4.57467155143982E-07,4.57968267006915E-07,4.58983477387753E-07,4.60933900307671E-07,4.65773515856195E-07,4.68087265416771E-07,4.6899678981372E-07,4.69906516217213E-07,4.70345392312894E-07,4.70603805796821E-07,4.70948095171431E-07,4.71629215017332E-07,4.72268869880352E-07,2.48251335459769E-07,4.73140149562498E-07,4.73262185234232E-07,0,0
YNL177C,34920.9,YNL177C_translation_Ribosome,6.25857930243402E-06,1.01436835736261E-05,1.95606003548011E-05,4.91992170592386E-05,6.25553032313189E-05,6.9418141968917E-05,7.64391743179461E-05,9.07335432373343E-05,0.000112724904976,0.000118635509971,0.000121566405683,0.00012185350735,0.000122132623609,0.000122406454978,0.000123428307771,0.000124559426486,0.000116962968284,0.00011521596731,0.000111788122132,0.000109968296682,0.000106575706784,0.000104812860394,0.000101326750936,9.42016807080055E-05,7.64153874413128E-05,6.73753129738819E-05,6.37403476249577E-05,6.01119459964452E-05,5.84981410045023E-05,5.86549340451257E-05,5.88586222739569E-05,5.9284619936455E-05,5.96840324889682E-05,6.00592013709962E-05,6.02348292974846E-05,6.03118666214677E-05,6.03117869479674E-05,6.0447738265576E-05
YNL178W,26510.1,YNL178W_translation_Ribosome,0.001501809966093,0.001615387063548,0.001825627773576,0.002280095156851,0.002441519442001,0.002518089374804,0.002594187312006,0.002738738301946,0.00294309492548,0.003018028538957,0.003184260093259,0.003202393877272,0.003220422429149,0.003238519333258,0.003310239807819,0.003398588542765,0.003512242673251,0.003518567300808,0.003531753699789,0.003537591099594,0.003551280373414,0.00355768508207,0.00357076718362,0.003596313560072,0.003662315886265,0.003695251429762,0.003708465595597,0.003721868829632,0.003728365941763,0.003732250803725,0.003737472533743,0.003747800764058,0.003757611607738,0.003767082377506,0.003771132260165,0.003772883266144,0.003773189310372,0.003776119413468
YNL182C,61760.5,YNL182C_translation_Ribosome,4.50197980319174E-06,5.96681899888385E-06,9.10253068599874E-06,1.77850891227078E-05,2.14987359637016E-05,2.33817080982067E-05,2.53129846979518E-05,2.9203492676416E-05,3.51622043631577E-05,3.74724116660465E-05,4.28058329506538E-05,4.3408428870397E-05,4.40118243727954E-05,4.46208981880883E-05,4.70749122537995E-05,5.01871338469791E-05,5.42885638427537E-05,5.4515486871916E-05,5.49909762126278E-05,5.52029461338077E-05,5.56982701921691E-05,5.59312141243279E-05,5.64085150893782E-05,5.73462243597536E-05,5.98021069570038E-05,6.10466507152662E-05,6.15497051360881E-05,6.20611508012619E-05,6.2310594497918E-05,6.24590432694161E-05,6.26582395673003E-05,6.30547016798013E-05,6.34322684581033E-05,6.37974299254089E-05,6.39538217954524E-05,6.40248932892295E-05,6.40378595930655E-05,6.41560747343838E-05
YNL185C,16681,YNL185C_translation_Ribosome,2.98959538110134E-06,4.84543026358588E-06,9.34369888858642E-06,2.3501460150373E-05,2.98813894602267E-05,3.31596272199028E-05,3.65134308336171E-05,4.3341558629416E-05,5.3846382536062E-05,5.66697577044737E-05,5.80697866661552E-05,5.82069292630051E-05,5.83402573938887E-05,5.84710610406971E-05,5.89591792284858E-05,5.94994915138967E-05,5.5870818734311E-05,5.50363120853636E-05,5.33989005232609E-05,5.2529607110919E-05,5.09090362752299E-05,5.00669605946049E-05,4.84017173772917E-05,4.4998216995846E-05,3.65020683289531E-05,3.21838095729871E-05,3.04474609397788E-05,2.8714247661621E-05,2.79433660099282E-05,2.80182628399251E-05,2.81155605425941E-05,2.83190509167864E-05,2.85098421274503E-05,2.86890526323659E-05,2.87729465022763E-05,2.88097456569763E-05,2.8809707598574E-05,2.88746487635792E-05
YNL192W,129855.9,YNL192W_translation_Ribosome,0,0,0,0,0,0,1.4166148318159E-08,0,0,0,0,0,0,0,0,0,0,0,2.12022259968353E-08,0,0,0,0,0,0,0,0,0,0,0,0,0,2.25445559985659E-08,0,0,0,2.26347581773549E-08,0
YNL202W,31117.3,YNL202W_translation_Ribosome,0,0,0,0,0,0,0,0,0,0,0,0,0,0,0,0,0,0,0,0,0,0,0,0,0,0,0,0,0,0,0,0,0,0,0,0,0,0
YNL209W,66584.2,YNL209W_translation_Ribosome,0.000283532057097,0.000380036216654,0.000595879389046,0.001246736623999,0.001509253058369,0.001664677448876,0.001787575210213,0.002083269734431,0.002538562983015,0.002890034751118,0.003329091357312,0.00337805442875,0.003429016431667,0.003479212579889,0.003655424628348,0.003904985051876,0.003852239539991,0.003870066822948,0.003906262611033,0.003923011394353,0.003960869655687,0.003937155872551,0.004015505031159,0.004087480048898,0.004276331209472,0.004368886549697,0.0044096706304,0.004449507460612,0.004396808996221,0.004399389947154,0.004394101808795,0.004402416613214,0.0044156737558,0.004416037064914,0.004424523019433,0.004430066006591,0.004433928041586,0.004437626089533
YNL220W,48281.8,YNL220W_translation_Ribosome,2.88419312148184E-05,5.16168187422912E-05,9.4443893093377E-05,0.000190590571019,0.000225571061751,0.000242865058828,0.000258902608044,0.000291127207142,0.000336906491887,0.000354057103111,0.00039150766117,0.00039577710828,0.000400090219892,0.000404152596378,0.000420167383982,0.000441047996402,0.000465501735125,0.00046711616149,0.00047000405808,0.000471613946001,0.000474561154809,0.000476070521439,0.000479012380765,0.000485236935647,0.000500420613961,0.000508004630806,0.000511339480228,0.00051434983871,0.000515818757834,0.000516202813325,0.00051674260996,0.000517697365459,0.000518780897557,0.000519614822681,0.000520106298293,0.000520625998802,0.000520711308779,0.000521332006145
YNL221C,100455.3,YNL221C_translation_Ribosome,0,0,0,0,0,0,0,0,0,0,0,0,0,0,0,0,0,0,0,0,0,0,0,0,0,0,0,0,0,0,0,0,0,0,0,0,0,0
YNL224C,86927.4,YNL224C_translation_Ribosome,6.33649985255899E-06,8.3982490725233E-06,1.28117376956807E-05,2.50323678759931E-05,3.02592955143024E-05,3.29095634351415E-05,3.562781949681E-05,4.11036777435397E-05,4.94905158403503E-05,5.27421137759423E-05,6.02488607319348E-05,6.10970095738951E-05,6.19462838219207E-05,6.28035502490301E-05,6.62575550303337E-05,7.06379815378744E-05,7.64107108035813E-05,7.67301031162278E-05,7.73993504849472E-05,7.76976964200735E-05,7.83948609921028E-05,7.87227276766073E-05,7.93945248918066E-05,8.07143430414269E-05,8.4170977765631E-05,8.59226629542544E-05,8.6630707948394E-05,8.73505635505155E-05,8.77016535189696E-05,8.79105939540296E-05,8.81909611185553E-05,8.87489783081543E-05,8.92804004689879E-05,8.97943622557782E-05,9.0014482537253E-05,9.01145150850489E-05,9.01327650519384E-05,9.02991518991211E-05
YNL227C,68775.5,YNL227C_translation_Ribosome,5.01333233951172E-06,6.64455372054527E-06,1.01364318487529E-05,1.98051893517506E-05,2.39406467770105E-05,2.60374942772195E-05,2.81881328534255E-05,3.25205399983298E-05,3.91560655463986E-05,4.17286752623146E-05,4.76678874701094E-05,4.83389285996063E-05,4.90108601314949E-05,4.96891149413438E-05,5.24218655566452E-05,5.58875854938499E-05,6.04548720066597E-05,6.07075698441473E-05,6.12370671304731E-05,6.14731134272826E-05,6.202469833634E-05,6.22841009546185E-05,6.28156156366858E-05,6.38598336064998E-05,6.65946649884864E-05,6.79805689116473E-05,6.8540762228075E-05,6.91102998993238E-05,6.93880763901128E-05,6.95533865557392E-05,6.97752083509826E-05,7.02167021863355E-05,7.06371544812668E-05,7.10437924212881E-05,7.12179478937693E-05,7.12970919667652E-05,7.13115310342837E-05,7.14431735153474E-05
YNL241C,57515,YNL241C_translation_Ribosome,1.2106003517373E-06,2.02669255056756E-06,3.52512516966911E-06,6.73885483408204E-06,7.87168617266094E-06,8.41593053308123E-06,8.93449606117921E-06,9.94135649833172E-06,1.13600173905627E-05,1.24110461412113E-05,1.35802753756554E-05,1.37070898699476E-05,1.38319338525206E-05,1.39599584154405E-05,1.44631540895086E-05,1.50790458423626E-05,1.51756872069844E-05,1.52136495918555E-05,1.52948440282101E-05,1.53286984767455E-05,1.54137485369799E-05,1.5451780350062E-05,1.55325953122421E-05,1.56868035027062E-05,1.60892984351395E-05,1.62893574955724E-05,1.63686127807532E-05,1.64505967898132E-05,1.64903282739826E-05,1.65140641719159E-05,1.65451394999894E-05,1.66088702510384E-05,1.66688078116645E-05,1.67265525822813E-05,1.67512393838679E-05,1.67633160183959E-05,1.676526785093E-05,1.6783868180347E-05
YNL244C,12313.3,YNL244C_translation_Ribosome,0.000239721630063,0.000208072506237,0.000190863862814,0.000201870050883,0.000205757736845,0.000208008855751,0.000208382477415,0.000215297991184,0.000226459232453,0.000230799384094,0.000232434281752,0.000233062616819,0.000234306253596,0.000234017391139,0.00023472729145,0.00023735814379,0.000236952783864,0.000236810645684,0.00023577090159,0.000236205661837,0.000234457939691,0.000234186344497,0.0002335866574,0.000232272624273,0.00022778836426,0.000226091403884,0.00022536434414,0.000224518770449,0.000225259624896,0.000225530664752,0.000227114668448,0.000226587349764,0.000227218823164,0.000228339518932,0.000228073478166,0.000228496206874,0.000228799016687,0.00022871000558
YNL247W,87526,YNL247W_translation_Ribosome,2.55962570896595E-06,3.14482930919444E-06,4.18323599800297E-06,6.36513104556691E-06,7.12638875093368E-06,7.4876261300041E-06,7.79441695720634E-06,8.42333328147942E-06,9.25764363003366E-06,9.70998663663255E-06,1.0487588683048E-05,1.05634062218666E-05,1.06225715930814E-05,1.07231936917356E-05,1.10789930214896E-05,1.14460144987449E-05,1.19641857019644E-05,1.19936510622797E-05,1.20720368497084E-05,1.20889076161343E-05,1.21807523482822E-05,1.22020136084723E-05,1.22914154503976E-05,1.24277204590575E-05,1.2798941933332E-05,1.2979255392447E-05,1.30528091580418E-05,1.31294802917494E-05,1.31648097474991E-05,1.31708460681949E-05,1.31663046002832E-05,1.31965388967441E-05,1.32098828292683E-05,1.32201781854748E-05,1.32293786673734E-05,1.32384436190729E-05,1.32409150981099E-05,1.32546740022749E-05
YNL252C,32218,YNL252C_translation_Ribosome,5.77416126061526E-06,9.35855597579341E-06,1.80465973738072E-05,4.53911661845642E-05,5.77134827426164E-05,6.40451333715502E-05,7.05227333251888E-05,8.37107089456582E-05,0.000103999925217,0.000109453045604,0.000112157088113,0.000112421967927,0.00011267948041,0.000112932117056,0.000113874877788,0.000114918447191,0.000107909959714,0.000106298177733,0.000103135649965,0.000101456680169,9.83266788990681E-05,9.67002779471843E-05,9.34839955914864E-05,8.69104103574226E-05,7.05007875680242E-05,6.21604206475929E-05,5.88068039420773E-05,5.54592429208145E-05,5.39703474676499E-05,5.41150046266236E-05,5.43029272562375E-05,5.46959524271341E-05,5.5064450192566E-05,5.54105807631176E-05,5.55726149757412E-05,5.56436895615647E-05,5.56436160548443E-05,5.57690446534977E-05
YNL256W,93108.8,YNL256W_translation_Ribosome,0,0,0,0,0,0,0,0,0,0,0,0,0,0,0,0,0,0,0,0,0,0,0,0,0,0,0,0,0,0,0,0,0,0,0,0,0,0
YNL267W,119912.6,YNL267W_translation_Ribosome,0,0,0,0,0,0,0,0,0,0,0,0,0,0,0,0,0,0,0,0,0,0,0,0,0,0,0,0,0,0,0,0,0,0,0,0,0,0
YNL268W,68088.1,YNL268W_translation_Ribosome,0,0,0,0,0,0,0,0,0,0,0,0,0,0,0,0,0,0,0,0,0,0,0,0,0,0,0,0,0,0,0,0,0,0,0,0,0,0
YNL270C,64015.9,YNL270C_translation_Ribosome,0,0,0,0,0,0,0,0,0,0,0,0,0,0,0,0,0,0,0,0,0,0,0,0,0,0,0,0,0,0,0,0,0,0,0,0,0,0
YNL277W,53649,YNL277W_translation_Ribosome,4.24411058319059E-07,9.9744824475232E-07,2.05791137420622E-06,4.41621652648227E-06,5.2718042183665E-06,5.68700301569056E-06,6.06419817182934E-06,6.82476008234204E-06,7.86624599572017E-06,8.34575879768946E-06,9.221461008982E-06,9.31441553854403E-06,9.39430295085115E-06,9.50246428758346E-06,9.89325095038488E-06,1.03443866285956E-05,7.17612135408323E-06,7.19418255592115E-06,7.23474552048894E-06,7.24701923391855E-06,7.29206030146969E-06,7.30326204326005E-06,7.3510467696181E-06,7.42237125337853E-06,7.62304408455849E-06,7.7213824028498E-06,7.75672306940354E-06,7.79923899512651E-06,7.82006383482552E-06,7.83775799805341E-06,7.86367103320804E-06,7.9090963609722E-06,7.95292328352723E-06,7.99785793526518E-06,8.01514988455954E-06,8.02722636704123E-06,8.02834592342588E-06,8.03657279278834E-06
YNL280C,50624.8,YNL280C_translation_Ribosome,1.34624876560903E-07,1.98620172829257E-07,3.06620930853411E-07,4.99469206601379E-07,5.56170108718719E-07,5.81232311960001E-07,6.04674274026532E-07,6.46449042399524E-07,6.98967719280704E-07,7.16299389006969E-07,7.51036764747683E-07,7.54570550198642E-07,7.58038003078427E-07,7.61463219410185E-07,7.74572128406583E-07,7.897301464196E-07,8.07349044882223E-07,8.08239736849399E-07,8.10088029537998E-07,8.1090649644613E-07,8.12785969728541E-07,8.13660999917127E-07,8.15433658954341E-07,8.18839006887673E-07,8.27286956713636E-07,8.31324824552533E-07,8.32911885380265E-07,8.34499213885451E-07,8.35264923812784E-07,8.35715770501519E-07,8.36316435222462E-07,8.37504706507377E-07,8.38620546923491E-07,8.39688200524219E-07,8.40140370060886E-07,8.40353236004813E-07,8.40393001378582E-07,8.40744278898025E-07
YNL282W,22624,YNL282W_translation_Ribosome,0,0,0,0,0,0,0,0,0,0,0,0,0,0,0,0,0,0,0,0,0,0,0,0,0,0,0,0,0,0,0,0,0,0,0,0,0,0
YNL284C,36383.1,YNL284C_translation_Ribosome,6.52063711469026E-06,1.05684175902567E-05,2.03796373738582E-05,5.12592755108827E-05,6.51746046921871E-05,7.23248026559826E-05,7.96398180782072E-05,9.45327175690849E-05,0.000117444896616,0.000123602989122,0.000126656606633,0.000126955729757,0.000127246533109,0.000127531830283,0.000128596469863,0.000129774950525,0.000121860415149,0.000120040264147,0.000116468889013,0.000114572864245,0.000111038220593,0.000109201560698,0.000105569481656,9.81460721048837E-05,7.96150352028735E-05,7.01964367888583E-05,6.64092689957475E-05,6.26289397576599E-05,6.09475618893244E-05,6.11109201325628E-05,6.13231371486875E-05,6.17669720886356E-05,6.21831087529067E-05,6.25739866212237E-05,6.27569684003938E-05,6.28372314137242E-05,6.28371484041532E-05,6.29787922444805E-05
YNL292W,45269.8,YNL292W_translation_Ribosome,0,0,0,0,0,0,0,0,0,0,0,0,0,0,0,0,0,0,0,0,0,0,0,0,0,0,0,0,0,0,0,0,0,0,0,0,0,0
YNL301C,20593.7,YNL301C_translation_Ribosome,0,0,0,0,0,0,0,0,0,0,0,0,0,0,0,0,0.002728396797452,0.002733309924242,0.002743553444436,0.002748088080683,0.002758722246464,0.002763697582228,0.002773860081603,0.002793705137364,0.002844977373415,0.002870562516516,0.002880827606688,0.002891239569703,0.002896286686768,0.002899304543426,0.002903360912186,0.002911384136415,0.002919005441936,0.002926362569649,0.002929508618457,0.00293086884312,0.00293110658583,0.002933382762235
YNL302C,15897.3,YNL302C_translation_Ribosome,0,0,0,0,0,0,0,0,0,0,0,0,0,0,0,0,0.002106185018143,0.002109977704766,0.00211788518684,0.002121385697812,0.002129594738619,0.00213343544744,0.002141280385519,0.002156599769843,0.002196179355744,0.002215929798619,0.002223853931629,0.002231891443084,0.002235787563457,0.002238117196919,0.002241248509462,0.002247442034789,0.002253325299101,0.00225900463144,0.002261433222792,0.002262483247776,0.002262666773184,0.002264423866818
YNL306W,24580.8,YNL306W_translation_Ribosome,4.40541011592686E-06,7.14013261933648E-06,1.37686945411285E-05,3.46312985830758E-05,4.40326394127415E-05,4.88633873728785E-05,5.38054877186604E-05,6.38672851962082E-05,7.93469911781327E-05,8.35074623932695E-05,8.55705180794574E-05,8.57726087661457E-05,8.59690785293267E-05,8.61618282614452E-05,8.68811098123352E-05,8.76773035792094E-05,8.23301613299174E-05,8.11004484208325E-05,7.86875903112626E-05,7.74066162983081E-05,7.50185743585019E-05,7.37777078702634E-05,7.13238375701536E-05,6.63085050255675E-05,5.37887441508501E-05,4.74254413015815E-05,4.48667914314798E-05,4.23127617601328E-05,4.11768054203492E-05,4.12871719450651E-05,4.14305479638749E-05,4.17304074561083E-05,4.20115537057988E-05,4.2275634850768E-05,4.23992592400428E-05,4.24534857649423E-05,4.24534296828145E-05,4.25491257315382E-05
YNL316C,38217.6,YNL316C_translation_Ribosome,2.18097007653916E-08,5.36927799767714E-08,1.14026216951838E-07,2.53406985103845E-07,3.04114143426917E-07,3.33283614172035E-07,3.54456132758342E-07,4.02293215150397E-07,4.71308720185853E-07,4.95520370877649E-07,5.49070565633948E-07,5.55031254905028E-07,5.60974960427751E-07,5.66863418291313E-07,5.90661944126884E-07,6.19273739617435E-07,6.54404160501793E-07,6.56201724216246E-07,6.59560096353267E-07,6.60955356464316E-07,6.64811628453302E-07,6.66545360635483E-07,6.69830232112824E-07,6.765610776065E-07,6.94225413738415E-07,7.02957423402672E-07,7.06316371019164E-07,7.09934842259203E-07,7.115444271824E-07,7.12294248879617E-07,7.13702754362236E-07,7.15335713995088E-07,7.17200813795392E-07,7.19244523228527E-07,7.19807389568588E-07,7.20363460850096E-07,7.20512987905809E-07,7.21239928276188E-07
YNL318C,60980,YNL318C_translation_Ribosome,0,0,0,0,0,0,0,0,0,0,0,0,0,0,0,0,0,0,0,0,0,0,0,0,0,0,0,0,0,0,0,0,0,0,0,0,0,0
YNL325C,101720.8,YNL325C_translation_Ribosome,0,0,0,0,0,0,0,0,0,0,0,0,0,0,0,0,0,0,0,0,0,0,0,0,0,0,0,0,0,0,0,0,0,0,0,0,0,0
YNR001C,53362.5,YNR001C_translation_Ribosome,0.001291700335844,0,0,0,0,0,0,0,0.005501697737256,0,0,0,0.001062107762137,0,0,0,0,0,0,0,0,0.000856510134364,0,0,0,0,0,0,0,0,0,0,0,0,0,0,0,0
YNR008W,75385,YNR008W_translation_Ribosome,3.68591819834968E-07,5.43805668233499E-07,8.39502845164352E-07,1.36750553475466E-06,1.52274793297684E-06,1.59136618049412E-06,1.65554834117119E-06,1.76992421501456E-06,1.91371602512826E-06,1.96116870882495E-06,2.05627678147627E-06,2.0659519948809E-06,2.07544559517214E-06,2.08482355527202E-06,2.12071466801811E-06,2.16221607241675E-06,2.21045516472862E-06,2.21289380594914E-06,2.21795427904164E-06,2.22019517400118E-06,2.22534101699331E-06,2.22773677755315E-06,2.2325901719412E-06,2.24191373400318E-06,2.26504352457211E-06,2.276098874022E-06,2.28044411580514E-06,2.28479009046844E-06,2.28688654116089E-06,2.28812092224669E-06,2.28976549276143E-06,2.29301888163396E-06,2.29607396075591E-06,2.29899710834615E-06,2.30023511128317E-06,2.30081792069937E-06,2.3009267950162E-06,2.30188856392025E-06
YNR012W,56297.7,YNR012W_translation_Ribosome,0,0,0,0,0,0,0,0,0,0,0,0,0,0,0,0,0,0,0,0,0,0,0,0,0,0,0,0,0,0,0,0,0,0,0,0,0,0
YNR013C,99494.3,YNR013C_translation_Ribosome,0,0,0,0,0,0,0,0,0,0,0,0,0,0,0,0,0,0,0,0,0,0,0,0,0,0,0,0,0,0,0,0,0,0,0,0,0,0
YNR015W,42827,YNR015W_translation_Ribosome,0,0,0,0,0,0,0,0,0,0,0,0,0,0,0,0,0,0,0,0,0,0,0,0,0,0,0,0,0,0,0,0,0,0,0,0,0,0
YNR016C,250318.7,YNR016C_translation_Ribosome,4.40378728752913E-08,6.49717210144696E-08,1.00300434204794E-07,1.63384078688323E-07,1.81931818030012E-07,1.90130051138979E-07,1.9779827837755E-07,2.11463449228567E-07,2.28643118210681E-07,2.3431257461144E-07,2.4567570582444E-07,2.46831661532108E-07,2.47965918833007E-07,2.49086359907797E-07,2.53374486163999E-07,2.58332907574276E-07,2.64096320923431E-07,2.64387679999304E-07,2.64992285036182E-07,2.65260018181582E-07,2.65874822871467E-07,2.6616105873805E-07,2.6674092284134E-07,2.67854864656693E-07,2.70618319301892E-07,2.71939168131015E-07,2.72458320198304E-07,2.72977559827076E-07,2.73228035350593E-07,2.73375514253979E-07,2.73572000945729E-07,2.73960702804721E-07,2.74325711409752E-07,2.74674957364489E-07,2.74822868991823E-07,2.74892500724223E-07,2.74905508591097E-07,2.75020416884013E-07
YNR017W,23243.8,YNR017W_translation_Ribosome,1.06071607188089E-05,1.61601868781308E-05,2.89915756710658E-05,6.7802875907679E-05,8.5080600982604E-05,9.39628375885983E-05,0.000103041324912,0.000121561732219,0.000150504088421,0.000159494626514,0.000163489651345,0.00016389916244,0.000164301512222,0.000164697966709,0.000166349736375,0.000168425101678,0.000156527507738,0.000154274100696,0.000149853721616,0.000147506471102,0.00014313411261,0.000140860640341,0.000136370280411,0.000127190148951,0.000104295410545,9.26649394855516E-05,8.79913161116887E-05,8.33249492532888E-05,8.12523938870556E-05,8.14735177261842E-05,8.17632856316805E-05,8.23607278136262E-05,8.29252155296293E-05,8.34598127030227E-05,8.3702835429903E-05,8.38100360893875E-05,8.38191478757793E-05,8.40100805599305E-05
YNR019W,74024.5,YNR019W_translation_Ribosome,0,0,0,0,0,0,0,0,0,0,1.17658637837388E-06,0,0,0,0,0,0,0,0,0,0,0,0,0,0,0,0,0,0,0,0,0,0,0,0,0,0,0
YNR022C,16286,YNR022C_translation_Ribosome,2.91880285214415E-06,4.73069224103829E-06,9.12244350455719E-06,2.2944954139978E-05,2.91738090491728E-05,3.23744193335733E-05,3.56488061001312E-05,4.23152463184862E-05,5.25713198238898E-05,5.53278384973958E-05,5.66947152835564E-05,5.68286103936995E-05,5.695878136304E-05,5.70864876271682E-05,5.75630473541826E-05,5.80905652416115E-05,5.4547818110844E-05,5.37330722751773E-05,5.21344340220506E-05,5.12857251608672E-05,4.9703528851891E-05,4.8881393216458E-05,4.7255582351572E-05,4.39326756186289E-05,3.56377126554361E-05,3.14217086928642E-05,2.97264761624145E-05,2.80343047429507E-05,2.7281677287794E-05,2.73548005881554E-05,2.74497943166889E-05,2.76484661129898E-05,2.7834739457326E-05,2.80097063228051E-05,2.80916136164542E-05,2.81275413805836E-05,2.81275042233905E-05,2.81909076052785E-05
YNR033W,88526.9,YNR033W_translation_Ribosome,0,0,0,0,0,0,0,0,0,0,0,0,0,0,0,0,0,0,0,0,0,0,0,0,0,0,0,0,0,0,0,0,0,0,0,0,0,0
YNR036C,16940.2,YNR036C_translation_Ribosome,3.03604961782465E-06,4.92072164445762E-06,9.48888723172662E-06,2.38666408032701E-05,3.03457055173031E-05,3.36748826227802E-05,3.70807997726539E-05,4.40150273661071E-05,5.46830819157962E-05,5.75503284854221E-05,5.897211198861E-05,5.91113855944583E-05,5.92467854627392E-05,5.93796216199039E-05,5.98753244989146E-05,6.04240325006722E-05,5.67389750927987E-05,5.58915013481492E-05,5.42286466425361E-05,5.33458455956111E-05,5.17000932983424E-05,5.08449329095813E-05,4.91538140827767E-05,4.5697427945149E-05,3.70692607101571E-05,3.2683902099893E-05,3.09205729759631E-05,2.9160427926227E-05,2.83775678245541E-05,2.84536284491877E-05,2.85524380255172E-05,2.87590903627207E-05,2.89528462087065E-05,2.91348414005638E-05,2.92200388668462E-05,2.92574098302445E-05,2.92573711804666E-05,2.93233214426464E-05
YNR037C,10284.2,YNR037C_translation_Ribosome,1.84315069949778E-06,2.98731334552904E-06,5.76059397578086E-06,1.44891623091221E-05,1.84225277553422E-05,2.04436327711123E-05,2.25113257825721E-05,2.67210153621869E-05,3.31974682139781E-05,3.49381405302049E-05,3.5801288893476E-05,3.58858402929439E-05,3.59680399910215E-05,3.60486832896551E-05,3.6349618789137E-05,3.6682733087178E-05,3.44455772452132E-05,3.39310857111862E-05,3.29215858018895E-05,3.23856474701824E-05,3.13865302357004E-05,3.08673722287055E-05,2.98407134974848E-05,2.77423813457634E-05,2.25043205508434E-05,1.98420199274932E-05,1.87715231578966E-05,1.7702959403012E-05,1.72276940662613E-05,1.72738695940506E-05,1.73338557479855E-05,1.74593119979866E-05,1.75769389369417E-05,1.76874261184448E-05,1.77391485173976E-05,1.77618359981701E-05,1.77618125343358E-05,1.78018501777113E-05
YNR038W,70354.4,YNR038W_translation_Ribosome,5.128424929618E-06,6.79709475433446E-06,1.03691369871525E-05,2.02598630868376E-05,2.44902594617052E-05,2.66352449255507E-05,2.88352563634294E-05,3.32671238923526E-05,4.00549832117185E-05,4.26866531086649E-05,4.87622136113451E-05,4.94486600354507E-05,5.01360173031856E-05,5.08298430142897E-05,5.36253302137889E-05,5.71706137340842E-05,6.18427528277561E-05,6.2101251926094E-05,6.26429050421175E-05,6.28843703253108E-05,6.3448618136316E-05,6.37139759391297E-05,6.42576927648603E-05,6.53258831631196E-05,6.81234988980955E-05,6.95412194377008E-05,7.01142732818937E-05,7.06968860020936E-05,7.09810394919783E-05,7.1150144733184E-05,7.13770589586171E-05,7.18286883017692E-05,7.22587930474783E-05,7.26747662979443E-05,7.28529199103955E-05,7.29338809178644E-05,7.29486514674326E-05,7.30833161048361E-05
YNR041C,41026.1,YNR041C_translation_Ribosome,0,0,0,0,0,0,0,0,0,0,0,0,0,0,0,0,0,0,0,0,0,0,0,0,0,0,0,0,0,0,0,0,0,0,0,0,0,0
YNR043W,44108.3,YNR043W_translation_Ribosome,3.74005912374961E-05,5.51793404404519E-05,8.51833954664467E-05,0.000138759225702,0.000154511494652,0.000161474109904,0.000167986600489,0.000179592189856,0.0001941825807,0.000198997550351,0.000208648057924,0.000209629790784,0.00021059309557,0.000211544666477,0.00021518649672,0.000219397596854,0.000224292362489,0.00022453980863,0.000225053289059,0.000225280670112,0.000225802812927,0.000226045908016,0.000226538376405,0.000227484427606,0.000229831381054,0.000230953154743,0.000231394061467,0.000231835042556,0.000232047767014,0.000232173018254,0.000232339890947,0.000232670008603,0.000232980003994,0.000233276612444,0.000233402231188,0.000233461368194,0.000233472415547,0.00023357000514
YNR046W,15058.4,YNR046W_translation_Ribosome,0,0,0,0,0,0,0,0,0,0,0,0,0,0,0,0,0,0,0,0,0,0,0,0,0,0,0,0,0,0,0,0,0,0,0,0,0,0
YNR050C,48906.1,YNR050C_translation_Ribosome,1.16233070945086E-07,1.9682171142205E-07,3.48608004209982E-07,6.86252758546437E-07,8.10556587883523E-07,8.68008592198119E-07,9.27389087113518E-07,1.03969518092727E-06,1.20444861185404E-06,1.26385543650739E-06,1.39675535014172E-06,1.41061714246755E-06,1.42451990352195E-06,1.43882339448183E-06,1.49742721779023E-06,1.56716564810173E-06,1.66042308402215E-06,1.66458627037675E-06,1.67533610805839E-06,1.678617516626E-06,1.69016159029534E-06,1.69549015481919E-06,1.70500919025809E-06,1.7237251526177E-06,1.77500699290221E-06,1.80049489168954E-06,1.81005136499678E-06,1.820834692838E-06,1.82595368214954E-06,1.82920177393821E-06,1.83239865169293E-06,1.8423078438699E-06,1.85041093204813E-06,1.85820689304927E-06,1.8617385894466E-06,1.8634308485684E-06,1.86364537127765E-06,1.86607602111683E-06
YNR053C,55510.4,YNR053C_translation_Ribosome,4.04638401028318E-06,5.36298296412176E-06,8.1813638068355E-06,1.59852561303286E-05,1.93230856751396E-05,2.10155029381999E-05,2.27513363035789E-05,2.62481288180135E-05,3.16038249217644E-05,3.36802415872104E-05,3.8473926043733E-05,3.90155398671851E-05,3.95578723563381E-05,4.01053085188762E-05,4.23109788485085E-05,4.51082467709839E-05,4.87946162083661E-05,4.89985748569847E-05,4.94259451583691E-05,4.96164639383768E-05,5.0061661704089E-05,5.02710319464236E-05,5.07000305375996E-05,5.15428445802684E-05,5.37501943479419E-05,5.48687915393287E-05,5.53209373626558E-05,5.57806252449117E-05,5.60048254923006E-05,5.61382513985897E-05,5.63172892330319E-05,5.6673629781599E-05,5.70129871846357E-05,5.73411946815751E-05,5.74817598528879E-05,5.75456389835323E-05,5.75572931105627E-05,5.76635449994015E-05
YNR054C,36409.2,YNR054C_translation_Ribosome,2.65401807061744E-06,3.51757363191946E-06,5.36614600355673E-06,1.04847089464382E-05,1.26739870540168E-05,1.37840413612135E-05,1.49225722341086E-05,1.72161139491126E-05,2.07289081386822E-05,2.20908271602629E-05,2.52349986328955E-05,2.55902424434397E-05,2.59459576258933E-05,2.63050203011592E-05,2.77517166349209E-05,2.95864410693151E-05,3.20043260443744E-05,3.21381022598095E-05,3.24184138910923E-05,3.25433749139827E-05,3.28353795562006E-05,3.29727052289972E-05,3.32540848534612E-05,3.38068855005892E-05,3.52546833756032E-05,3.59883698354494E-05,3.62849316997249E-05,3.65864403907563E-05,3.67334930448037E-05,3.68210069252164E-05,3.69384376106694E-05,3.71721609183899E-05,3.73947450027894E-05,3.7610015878113E-05,3.7702212393277E-05,3.77441106329485E-05,3.7751754559886E-05,3.7821445037186E-05
YNR056C,62428.6,YNR056C_translation_Ribosome,0,0,0,0,0,0,0,0,0,0,0,0,0,0,0,0,0,0,0,0,0,0,0,0,0,0,0,0,0,0,0,0,0,0,0,0,0,0
YNR057C,26245,YNR057C_translation_Ribosome,0,0,0,0,0,0,0,0,0,0,0,0,0,0,0,0,0,0,0,0,0,0,0,0,0,0,0,0,0,0,0,0,0,0,0,0,0,0
YNR058W,53699.2,YNR058W_translation_Ribosome,0,0,0,0,0,0,0,0,0,0,0,0,0,0,0,0,0,0,0,0,0,0,0,0,0,0,0,0,0,0,0,0,0,0,0,0,0,0
YNR067C,121005.9,YNR067C_translation_Ribosome,0,0,0,0,0,0,0,0,0,0,0,0,0,0,0,0,0,0,0,0,0,0,0,0,0,0,0,0,0,0,0,0,0,0,0,0,0,0
YNR072W,62827.8,YNR072W_translation_Ribosome,0,0,0,0,0,0,0,0,0,0,0,0,0,0,0,0,0,0,0,0,0,0,0,0,0,0,0,0,0,0,0,0,0,0,0,0,0,0
YOL010W,40177.1,YOL010W_translation_Ribosome,2.92867597818694E-06,3.88159881477734E-06,5.92147546772516E-06,1.15697461029614E-05,1.39855873039764E-05,1.52105184451625E-05,1.64668731229197E-05,1.8997767919781E-05,2.28740926792857E-05,2.43769534046505E-05,2.78465075742863E-05,2.82385147071158E-05,2.86310419929929E-05,2.90272631956127E-05,3.06236746320403E-05,3.26482702582308E-05,3.53163762982278E-05,3.54639966904681E-05,3.57733170941357E-05,3.59112100308871E-05,3.6233433526895E-05,3.63849707012498E-05,3.66954696221284E-05,3.73054782704845E-05,3.89031052440028E-05,3.97127191401028E-05,4.0039971474051E-05,4.0372682569885E-05,4.05349533472414E-05,4.06315238273599E-05,4.07611071302755E-05,4.10190178975161E-05,4.12646366701704E-05,4.15021854074392E-05,4.16039231168477E-05,4.16501573039516E-05,4.16585922823901E-05,4.17354948585392E-05
YOL011W,75056.6,YOL011W_translation_Ribosome,0,0,0,0,0,0,0,0,0,0,0,0,0,0,0,0,0,0,0,0,0,0,0,0,0,0,0,0,0,0,0,0,0,0,0,0,0,0
YOL020W,65412,YOL020W_translation_Ribosome,0,0,0,0,0,0,0,0,0,0,0,0,0,0,0,0,0,0,0,0,0,0,0,0,0,0,0,0,0,0,0,0,0,0,0,0,0,0
YOL023W,75668.6,YOL023W_translation_Ribosome,0,0,0,0,0,0,0,0,0,0,0,0,0,0,0,0,0,0,0,0,0,0,0,0,0,0,0,0,0,0,0,0,0,0,0,0,0,0
YOL033W,61621.1,YOL033W_translation_Ribosome,1.81845277922495E-07,2.94595313061044E-07,5.67602054544138E-07,1.4249883606613E-06,1.81061984577964E-06,2.00861974296776E-06,2.21107894252442E-06,2.62297657786348E-06,3.25592855762008E-06,3.42558512817486E-06,3.50784861280322E-06,3.51587451720685E-06,3.52367018964489E-06,3.53131169135251E-06,3.55975706679168E-06,3.59109299707828E-06,3.37058848839091E-06,3.32017118101519E-06,3.22124284413249E-06,3.16873992545571E-06,3.07083744598609E-06,3.01997754570813E-06,2.91940274899984E-06,2.71388754108323E-06,2.20102129923232E-06,1.94045706152356E-06,1.83570447149723E-06,1.73115072922386E-06,1.68464828025552E-06,1.68913793299801E-06,1.69496903000485E-06,1.70716761599328E-06,1.71860297876518E-06,1.72934982717121E-06,1.73437136867242E-06,1.7365780471144E-06,1.73658937397572E-06,1.74048275302608E-06
YOL038W,28439.4,YOL038W_translation_Ribosome,0.000203028143669,0.000204288427882,0.000206720357407,0.000212910449593,0.0002152934795,0.000216066990724,0.000217998360006,0.000220751279372,0.00022511339266,0.000228309566924,0.000231147869087,0.00023145373604,0.000231763353375,0.000232075629132,0.000233394353254,0.000234909361498,0.000234611533084,0.000234566582327,0.000234502409793,0.000234431052708,0.000234387331377,0.000234355662807,0.000234265900018,0.000234057403552,0.000233600901986,0.000233342728826,0.000233234289708,0.000233136182254,0.000233105484433,0.000233200720322,0.000233325035709,0.000233579743671,0.000233821610111,0.000234056885562,0.000234153650231,0.00023421032995,0.000234211625643,0.000234274461561
YOL039W,10728.7,YOL039W_translation_Ribosome,0.000607786035632,0.00065375095487,0.000738835866118,0.000922759888092,0.000988088677048,0.00101907670946,0.00104987372414,0.001108373850725,0.001191077458289,0.001221403268411,0.001288677570532,0.001296016355694,0.001303312553163,0.001310636412942,0.001339661858165,0.001375416799588,0.001421412894274,0.001423972485965,0.001429309052736,0.001431671462206,0.00143721154361,0.00143980354431,0.001445097901664,0.001455436580471,0.001482147877563,0.001495476969702,0.001500824773784,0.001506249094212,0.001508878490817,0.001510450703616,0.001512563950071,0.001516743809241,0.001520714280819,0.001524547123683,0.001526186120748,0.001526894756997,0.001527018613819,0.001528204433453
YOL040C,16017.2,YOL040C_translation_Ribosome,0.000907382114322,0.000976004529378,0.001103030361067,0.001377616083919,0.001475147404439,0.001521410373183,0.001567388165788,0.001654724770179,0.001778195481737,0.001823469798838,0.001923905634673,0.001934861928512,0.001945754641898,0.00195668865318,0.002000021616282,0.002053401247342,0.002122070205167,0.002125891496844,0.002133858618423,0.002137385530814,0.00214565648553,0.002149526161596,0.002157430267463,0.002172865193054,0.002212743294574,0.002232642698473,0.002240626596573,0.002248724728235,0.002252650233776,0.002254997437709,0.002258152367116,0.00226439260501,0.00227032024185,0.002276042408629,0.002278489316808,0.002279547261251,0.002279732170837,0.002281502516754
YOL041C,51963.7,YOL041C_translation_Ribosome,3.78785029102929E-06,5.0203284042762E-06,7.65863575923175E-06,1.4963917643893E-05,1.80884848082026E-05,1.96727692473795E-05,2.1297695824175E-05,2.45710694115086E-05,2.95845765313722E-05,3.15283256788876E-05,3.60157294985936E-05,3.65227382435804E-05,3.7030419736897E-05,3.75428788169843E-05,3.96076232848302E-05,4.22261666774762E-05,4.567700463817E-05,4.58679318523357E-05,4.62679963831272E-05,4.64463424359152E-05,4.68630953892022E-05,4.705908843666E-05,4.74606772216858E-05,4.82496417412898E-05,5.03159583436283E-05,5.13630855283373E-05,5.17863426102467E-05,5.22166598698446E-05,5.24265353957864E-05,5.25514363831083E-05,5.27190350370111E-05,5.30526080857294E-05,5.33702830850842E-05,5.3677520574072E-05,5.38091046806997E-05,5.38689024119548E-05,5.38798119273027E-05,5.39792751139498E-05
YOL049W,55808.6,YOL049W_translation_Ribosome,0,0,0,0,0,0,0,0,0,0,0,0,0,0,0,0,0,0,0,0,0,0,0,0,0,0,0,0,0,0,0,0,0,0,0,0,0,0
YOL052C,46218.7,YOL052C_translation_Ribosome,0,0,0,0,0,0,0,0,0,0,0,0,0,0,0,0,0,0,0,0,0,0,0,0,0,0,0,0,0,0,0,0,0,0,0,0,0,0
YOL055C,61259.8,YOL055C_translation_Ribosome,0,0,0,0,0,0,0,0,0,0,0,0,0,0,0,0,0,0,0,0,0,0,0,0,0,0,0,0,0,0,0,0,0,0,0,0,0,0
YOL058W,46922.1,YOL058W_translation_Ribosome,1.74633701290597E-10,1.11227489480733E-09,2.93462554017276E-09,7.35727932628704E-09,9.05781489835019E-09,9.98002523187679E-09,1.07446655461995E-08,1.24194467858142E-08,1.48890242545831E-08,1.58262182266127E-08,1.77683891767578E-08,1.7990567094599E-08,1.82157335294499E-08,1.84294510293376E-08,1.92778229336246E-08,2.03807872729227E-08,2.16282511100165E-08,2.16922360191502E-08,2.18104836701076E-08,2.18825364814082E-08,2.19935001200489E-08,2.20517052762546E-08,2.21788217658727E-08,2.24270711941965E-08,2.30345530424279E-08,2.33421669953009E-08,2.34752720935074E-08,2.35940777438697E-08,2.36551757361335E-08,2.36842256777401E-08,2.37301841742215E-08,2.37949823927977E-08,2.38736584686357E-08,2.3943372409891E-08,2.39734820524753E-08,2.39805885357629E-08,2.39879727952268E-08,2.40205658276692E-08
YOL059W,49418.2,YOL059W_translation_Ribosome,0,0,2.24281652967099E-06,3.65342897338844E-06,4.0681746992008E-06,5.77945033860562E-08,0,0,0.000123798038305,5.2394600244232E-06,5.49355083385372E-06,5.51939914238087E-06,5.54476225315429E-06,5.56981641949929E-06,5.66570314745801E-06,5.77657833546875E-06,0,0,0,0,0,0,0,0,0,6.08082772706557E-06,0,0,0,0,0,0,0,0,0,0,0,0
YOL061W,53504.4,YOL061W_translation_Ribosome,0.000303293777178,0.000495433874072,0.000865316101387,0.001729334478276,0.002053143951506,0.002213395121538,0.002365281180485,0.002669895199813,0.003109905253246,0.003276293092271,0.003639059743196,0.003679583067156,0.003720159214353,0.003759960383207,0.003918348647086,0.004117773426201,0,0,0,0,0,0,0,0,0,0,0,0,0,0,0,0,0,0,0,0,0,0
YOL064C,39141.6,YOL064C_translation_Ribosome,2.86186757327229E-06,6.72594347324487E-06,1.38768057878489E-05,2.97792119831794E-05,3.55485684207621E-05,3.83483163331507E-05,4.08917999794637E-05,4.6020383286843E-05,5.30432793803657E-05,5.62767062952063E-05,6.21816979612268E-05,6.28085043290815E-05,6.33471971607431E-05,6.40765453155767E-05,6.67116785346973E-05,6.97537542377457E-05,7.36197936867431E-05,7.38090807220498E-05,7.42601481129847E-05,7.43827787996656E-05,7.48935754460514E-05,7.50190885883963E-05,7.55424546096755E-05,7.63334904352595E-05,7.85304863446936E-05,7.96041628485174E-05,8.00098752546565E-05,8.04709289562164E-05,8.06921841264861E-05,8.0828913725144E-05,8.09995905889376E-05,8.13828980395591E-05,8.17181942631121E-05,8.20538889665081E-05,8.21948859271719E-05,8.22987191911518E-05,8.23119942735519E-05,8.24007675184771E-05
YOL065C,43800.4,YOL065C_translation_Ribosome,0,0,0,0,0,0,0,0,0,0,0,0,0,0,0,0,0,0,0,0,0,0,0,0,0,0,0,0,0,0,0,0,0,0,0,0,0,0
YOL066C,67027.6,YOL066C_translation_Ribosome,8.37054189104253E-09,1.24893601339358E-08,1.96944162044338E-08,3.36545330929696E-08,3.81433476084239E-08,4.02044956229691E-08,4.21822634317892E-08,4.58455316130082E-08,5.07659535400949E-08,5.24870045200259E-08,5.61245202672956E-08,5.6510982657238E-08,5.68935214857558E-08,5.72747893391045E-08,5.87670550285082E-08,6.05660819524145E-08,6.27763824562503E-08,6.28920694855286E-08,6.31334546450002E-08,6.32408707899972E-08,6.34890331413636E-08,6.36052400868526E-08,6.38420034274455E-08,6.43020078693696E-08,6.54750105664102E-08,6.60531814781884E-08,6.62838742413411E-08,6.65165011613908E-08,6.66295213994529E-08,6.66962802094941E-08,6.67854584506477E-08,6.69627586082219E-08,6.71304844991077E-08,6.7291870392518E-08,6.73606151531581E-08,6.73930088764709E-08,6.7399077766829E-08,6.74526259762353E-08
YOL068C,57710.7,YOL068C_translation_Ribosome,0,0,0,0,0,0,0,0,0,0,0,0,0,0,0,0,0,0,0,0,0,0,0,0,0,0,0,0,0,0,0,0,0,0,0,0,0,0
YOL077C,33540.8,YOL077C_translation_Ribosome,2.44492846047058E-06,3.24045114074147E-06,4.94338875548201E-06,9.65869960973306E-06,1.16755013837537E-05,1.26981030752719E-05,1.37469378835512E-05,1.58597891396788E-05,1.90958373734636E-05,2.03504613014553E-05,2.32469277585397E-05,2.35741846496743E-05,2.39018757769619E-05,2.42326506739264E-05,2.55653729636618E-05,2.72555536133088E-05,2.94829520832414E-05,2.96061891026394E-05,2.98644171428746E-05,2.99795334507463E-05,3.02485332997872E-05,3.03750401421824E-05,3.06342520366548E-05,3.11435017852126E-05,3.24772388342626E-05,3.31531237977445E-05,3.34263218404725E-05,3.37040769876372E-05,3.38395444974663E-05,3.39201638343412E-05,3.40283430619717E-05,3.42436531132662E-05,3.44487015147149E-05,3.46470128584153E-05,3.47319459213723E-05,3.47705433219515E-05,3.47775850428525E-05,3.48417851450526E-05
YOL086C,36845.5,YOL086C_translation_Ribosome,0,0,0,0,0,0,0,0,0,0,0,0,0,0,0,0,0,0,0,0,0,0,0,0,0,0,0,0,0,0,0,0,0,0,0,0,0,0
YOL093W,34531,YOL093W_translation_Ribosome,0,0,0,0,0,0,0,0,0,0,0,0,0,0,0,0,0,0,0,0,0,0,0,0,0,0,0,0,0,0,0,0,0,0,0,0,0,0
YOL096C,36329.3,YOL096C_translation_Ribosome,0,0,0,0,0,0,0,0,0,0,0,0,0,0,0,0,0,0,0,0,0,0,0,0,0,0,0,0,0,0,0,0,0,0,0,0,0,0
YOL097C,49347.7,YOL097C_translation_Ribosome,5.68839687049868E-06,7.13820290796198E-06,9.84923897155958E-06,1.63568593185617E-05,1.87458016604941E-05,2.00356426426237E-05,2.0969746398242E-05,2.32326412211559E-05,2.65318264604823E-05,2.79554396397817E-05,3.07043338809104E-05,3.10105688385191E-05,3.13141712811362E-05,3.16152186808521E-05,3.28461408679738E-05,3.43056866925339E-05,3.59278062365701E-05,3.60313162966566E-05,3.62473074205096E-05,3.63432857911974E-05,3.65684006139027E-05,3.66687335267957E-05,3.68901205347043E-05,3.73051674259186E-05,3.83967322994558E-05,3.89356966275306E-05,3.91458814014683E-05,3.93706724027075E-05,3.94772374454157E-05,3.94975405709193E-05,3.9517735476955E-05,3.95777545498163E-05,3.96219847377635E-05,3.96740269665978E-05,3.96891749410331E-05,3.97161161576852E-05,3.97201587593818E-05,3.97586393297323E-05
YOL103W,66715.8,YOL103W_translation_Ribosome,0,0,0,1.94822037213146E-05,0,0,0,0,0,1.73330412986976E-05,0,0,0,0,0,0,0,0,0,0,0,0,0,0,0,1.57848454789816E-05,0,0,0,0,0,1.56810448852269E-05,0,0,0,0,1.56312300337385E-05,0
YOL120C,20593.7,YOL120C_translation_Ribosome,0.001166643049205,0.001254872541808,0.001418192714501,0.001771234194954,0.001896632563919,0.001956113977613,0.002015228733474,0.002127519510254,0.002286268779328,0.002344479059782,0.002473611834076,0.002487698605074,0.002501703629152,0.002515761750929,0.002571475985767,0.002640107463689,0,0,0,0,0,0,0,0,0,0,0,0,0,0,0,0,0,0,0,0,0,0
YOL121C,15923.4,YOL121C_translation_Ribosome,0.000902068299029,0.000970288847183,0.001096570789615,0.001369548482299,0.001466508639453,0.001512500682787,0.001558209220033,0.001645034363402,0.001767782005212,0.001812791186651,0.001912638849684,0.001923530981224,0.001934359904652,0.001945229884127,0.001988309080532,0.002041376109553,0,0,0,0,0,0,0,0,0,0,0,0,0,0,0,0,0,0,0,0,0,0
YOL124C,50074.3,YOL124C_translation_Ribosome,0,0,0,0,0,0,0,0,0,0,0,0,0,0,0,0,0,0,0,0,0,0,0,0,0,0,0,0,0,0,0,0,0,0,0,0,0,0
YOL125W,54103.8,YOL125W_translation_Ribosome,0,0,0,0,0,0,0,0,0,0,0,0,0,0,0,0,0,0,0,0,0,0,0,0,0,0,0,0,0,0,0,0,0,0,0,0,0,0
YOL126C,40728.2,YOL126C_translation_Ribosome,1.29438139150611E-05,1.88982276749841E-05,2.98191281575461E-05,5.2543334005282E-05,6.0558797228723E-05,6.39037902943199E-05,6.79295286314125E-05,7.48360432278839E-05,8.46063330067959E-05,8.80252297022289E-05,9.56962680107206E-05,9.64983178632439E-05,9.73000094013856E-05,9.81136221880938E-05,0.000101387553305,0.000105367490433,0.000110744170308,0.00011099135361,0.000111593687316,0.000111820716141,0.000112437363571,0.000112728282114,0.000113287753473,0.000114368809064,0.000117245707819,0.000118673938725,0.000119247332737,0.000119840639504,0.000120126581817,0.000120337775169,0.000120593129536,0.000121188118926,0.000121715051675,0.000122232240926,0.00012245002568,0.000122495604672,0.000122518601439,0.000122672328366
YOL127W,15775.9,YOL127W_translation_Ribosome,0.000893712352804,0.000961300967399,0.001086413147938,0.001356862221756,0.001452924227561,0.001498490242133,0.001543775376761,0.001629796250398,0.001751406868887,0.001795999125908,0.001894921890345,0.001905713127014,0.001916441741073,0.001927211030873,0.0019698911805,0.002022466644479,0.002090101100672,0.002093864824381,0.002101711920834,0.002105185700095,0.002113332052423,0.002117143431606,0.002124928461683,0.00214013085927,0.002179408194995,0.002199007813278,0.002206871433513,0.002214847566376,0.00221871393396,0.002221025777137,0.002224133177358,0.002230279405725,0.002236117742389,0.002241753704411,0.002244163749784,0.002245205756235,0.002245387880148,0.002247131555706
YOL136C,45304.9,YOL136C_translation_Ribosome,0,0,0,0,0,0,0,0,0,0,0,0,0,0,0,0,0,0,0,0,0,0,0,0,0,0,0,0,0,0,0,0,0,0,0,0,0,0
YOL139C,24245.3,YOL139C_translation_Ribosome,0.000472019916462,0.000409701731905,0.000375817336789,0.00039748888963,0.000405143873464,0.000409576401966,0.000410312075534,0.000423928953704,0.000445905811488,0.000454451715394,0.000457670883627,0.000458908096413,0.000461356858868,0.000460788079019,0.000462185896501,0.00046736613285,0.000466567965583,0.000466288090747,0.000464240799811,0.000465096857295,0.000461655533869,0.000461120753838,0.000459939949864,0.000457352574638,0.00044852291652,0.000445181544719,0.000443749939738,0.000442084976828,0.00044354374404,0.000444077430593,0.000447196386908,0.000446158078763,0.000447401471032,0.000449608158525,0.000449084315348,0.000449916682329,0.00045051292499,0.00045033765914
YOL140W,46681.9,YOL140W_translation_Ribosome,1.00881142568841E-05,6.42530974316825E-05,0.000169525340937,0.000425010029077,0.0005232453469,0.000576518931236,0.000620690123848,0.000717437683887,0.000860098461773,0.000914237610178,0.001026431547011,0.001039266161429,0.001052273414352,0.001064619293422,0.001113627432398,0.001177342684345,0.001249405279519,0.001253101513804,0.001259932359195,0.001264094654259,0.001270504722056,0.001273867075724,0.001281210249818,0.001295550944533,0.001330643519727,0.001348413541668,0.001356102661402,0.001362965740902,0.001366495205846,0.001368173342013,0.001370828239436,0.001374571456397,0.001379116359451,0.00138314354435,0.001384882896562,0.001385293418786,0.001385719987384,0.001387602798278
YOL141W,78954.4,YOL141W_translation_Ribosome,0,0,0,0,0,0,0,0,0,0,0,0,0,0,0,0,0,0,0,0,0,0,0,0,0,0,0,0,0,0,0,0,0,0,0,0,0,0
YOL143C,18552.7,YOL143C_translation_Ribosome,3.93869642401989E-06,5.87677580951726E-06,9.26706152209479E-06,1.58358910176637E-05,1.79480694059026E-05,1.89179273219059E-05,1.98485513003221E-05,2.15722749819434E-05,2.38875430376023E-05,2.46973708155941E-05,2.64089768803602E-05,2.65908238925486E-05,2.67708247019997E-05,2.69502274635086E-05,2.76524020193556E-05,2.84989207996377E-05,2.95389613135957E-05,2.95933969874691E-05,2.97069789845247E-05,2.97575228551234E-05,2.9874293809576E-05,2.99289741261675E-05,3.00403813606178E-05,3.02568330400938E-05,3.0808780762038E-05,3.10808347977666E-05,3.11893855670123E-05,3.12988464394454E-05,3.13520272744847E-05,3.13834401375709E-05,3.14254022977398E-05,3.15088295723064E-05,3.15877517466706E-05,3.16636906822301E-05,3.1696038019646E-05,3.17112806459698E-05,3.17141363173304E-05,3.1739333030237E-05
YOL144W,56955.2,YOL144W_translation_Ribosome,4.15170149345854E-06,5.50256829924028E-06,8.39430470490354E-06,1.64013132665968E-05,1.9826018354123E-05,2.15624851009137E-05,2.33434979650227E-05,2.69313034396388E-05,3.24263952193476E-05,3.45568559341652E-05,3.94753082774763E-05,4.00310189846137E-05,4.05874670625632E-05,4.11491516500385E-05,4.34122301859214E-05,4.62823041536494E-05,5.00646207750391E-05,5.02738879686426E-05,5.07123816741357E-05,5.09078591922061E-05,5.13646443673389E-05,5.15794640052124E-05,5.20196283808997E-05,5.28843788125847E-05,5.51491804981751E-05,5.62968920397038E-05,5.67608061134046E-05,5.72324585473892E-05,5.74624941790921E-05,5.75993928355219E-05,5.77830905870824E-05,5.81487058089462E-05,5.84968958555219E-05,5.88336457912039E-05,5.89778695302718E-05,5.90434112785149E-05,5.90553687339799E-05,5.91643860997203E-05
YOL151W,38162.8,YOL151W_translation_Ribosome,0,0,0,0,0,0,0,0,0,0,0,0,0,0,0,0,0,0,0,0,0,0,0,0,0,0,0,0,0,0,0,0,0,0,0,0,0,0
YOL156W,62740.3,YOL156W_translation_Ribosome,0,0,0,0,0,0,0,0,0,0,0,0,0,0,0,0,0,0,0,0,0,0,0,0,0,0,0,0,0,0,0,0,0,0,0,0,0,0
YOR004W,28828.8,YOR004W_translation_Ribosome,2.10145117591752E-06,2.7852143612021E-06,4.24891373354361E-06,8.30179123065259E-06,1.00352613620414E-05,1.09142022234532E-05,1.18156908260185E-05,1.36317168687084E-05,1.64131468680564E-05,1.74915141787732E-05,1.9981068757018E-05,2.0262350761715E-05,2.05440059986309E-05,2.08283117799363E-05,2.19738057558202E-05,2.34265403331869E-05,2.53410213536156E-05,2.54469453442425E-05,2.56688960587852E-05,2.57678401810593E-05,2.59990494201958E-05,2.61077838707171E-05,2.63305802221269E-05,2.67682877052884E-05,2.79146538813978E-05,2.84955867284149E-05,2.87304043754059E-05,2.89691389192027E-05,2.90855751922601E-05,2.91548686718104E-05,2.92478502738447E-05,2.94329123596256E-05,2.96091544097759E-05,2.9779605861896E-05,2.98526070510559E-05,2.98857820719803E-05,2.98918345323721E-05,2.994701544357E-05
YOR011W,157749.2,YOR011W_translation_Ribosome,0,0,0,0,0,0,0,0,0,0,0,0,0,0,0,0,0,0,0,0,0,0,0,0,0,0,0,0,0,0,0,0,0,0,0,0,0,0
YOR020C,11374.4,YOR020C_translation_Ribosome,0,0,0,0,0,0,0,0,0,0,0,0,0,0,0,0,0,0,0,0,0,0,0,0,0,0,0,0,0,0,0,0,0,0,0,0,0,0
YOR025W,50540.8,YOR025W_translation_Ribosome,0,0,0,0,0,0,0,0,0,0,0,0,0,0,0,0,0,0,0,0,0,0,0,0,0,0,0,0,0,0,0,0,0,0,0,0,0,0
YOR039W,29836.3,YOR039W_translation_Ribosome,2.17489204268051E-06,2.88255117261677E-06,4.39740345862912E-06,8.59191966696914E-06,1.03859705772102E-05,1.12956283924276E-05,1.22286219402935E-05,1.41081139003303E-05,1.69867484563836E-05,1.8102802214873E-05,2.06793609777381E-05,2.09704731390747E-05,2.12619715762346E-05,2.15562131881908E-05,2.27417395338127E-05,2.42452438305814E-05,2.62266315425159E-05,2.63362573320576E-05,2.65659647116333E-05,2.66683667025384E-05,2.69076561707664E-05,2.7020190639287E-05,2.72507732087858E-05,2.77037775579038E-05,2.88902065851353E-05,2.94914416938965E-05,2.97344656755024E-05,2.9981543440414E-05,3.01020488923864E-05,3.0173764019062E-05,3.02699951134113E-05,3.04615246918185E-05,3.06439259947136E-05,3.08203343315465E-05,3.08958867437222E-05,3.09302211550334E-05,3.09364851349419E-05,3.09935944915843E-05
YOR040W,32339.3,YOR040W_translation_Ribosome,0,0,0,0,0,0,0,0,0,0,0,0,0,0,0,0,0,0,0,0,0,0,0,0,0,0,0,0,0,0,0,0,0,0,0,0,0,0
YOR045W,6407.6,YOR045W_translation_Ribosome,2.92403997490282E-06,4.45481585552371E-06,7.99198156367037E-06,1.86909112597534E-05,2.34537874638433E-05,2.59023170820995E-05,2.84049472579299E-05,3.35103970744928E-05,4.14888347340932E-05,4.39672192987217E-05,4.50684517367218E-05,4.51813333240812E-05,4.52922407895132E-05,4.54015230808507E-05,4.58568547397129E-05,4.64289788341757E-05,4.31490501569233E-05,4.25278508815177E-05,4.13092795839748E-05,4.06622106423012E-05,3.9456876930313E-05,3.88301461809574E-05,3.75922832073927E-05,3.50615856409241E-05,2.87501647351271E-05,2.55439782808114E-05,2.42555946406659E-05,2.29692113002725E-05,2.23978670288193E-05,2.2458822482958E-05,2.25387004555067E-05,2.27033926785634E-05,2.28590005866666E-05,2.30064303440469E-05,2.30733609939619E-05,2.31029121457439E-05,2.31055539201175E-05,2.31581871139443E-05
YOR048C,115928.3,YOR048C_translation_Ribosome,8.45049611350868E-06,1.12000903967472E-05,1.70860162745714E-05,3.33837185149733E-05,4.03544646241657E-05,4.38889204414041E-05,4.75140467444332E-05,5.48167722094115E-05,6.60016446769934E-05,7.0338047479294E-05,8.03492109690381E-05,8.1480320991832E-05,8.26129318810038E-05,8.37562013166693E-05,8.83625383575609E-05,9.42043718679861E-05,0.000101903011079,0.000102328959719,0.000103221482787,0.000103619363514,0.00010454911758,0.00010498636783,0.00010588229143,0.000107642430056,0.000112252274446,0.000114588360491,0.000115532624929,0.000116492640254,0.000116960861588,0.000117239509166,0.000117613413007,0.000118357597052,0.00011906631338,0.000119751744167,0.000120045301435,0.000120178707049,0.000120203045608,0.000120424942781
YOR054C,73595.7,YOR054C_translation_Ribosome,0,0,0,0,0,0,0,0,0,0,0,0,0,0,0,0,0,0,0,0,0,0,0,0,0,0,0,0,0,0,0,0,0,0,0,0,0,0
YOR061W,39409,YOR061W_translation_Ribosome,2.87268597346173E-06,3.80739096877476E-06,5.80826955423813E-06,1.13485573665497E-05,1.37182128641043E-05,1.49197259484983E-05,1.61520618188257E-05,1.86345713341841E-05,2.24367890763138E-05,2.39109183272031E-05,2.73141420609016E-05,2.76986548579347E-05,2.80836778638044E-05,2.84723241666497E-05,3.00382156396076E-05,3.2024105338778E-05,3.46412029125263E-05,3.47860011194102E-05,3.50894079802373E-05,3.52246646997227E-05,3.55407279734327E-05,3.56893680819559E-05,3.59939309292721E-05,3.65922775203169E-05,3.81593612919028E-05,3.89534971063694E-05,3.92744930774216E-05,3.96008434505377E-05,3.97600119585892E-05,3.98547362182045E-05,3.99818421662347E-05,4.02348222326453E-05,4.04757453010483E-05,4.07087526158376E-05,4.08085453183991E-05,4.08538956069858E-05,4.08621693267237E-05,4.09376016905195E-05
YOR063W,43798.5,YOR063W_translation_Ribosome,0.002481206174247,0.002668851882974,0.003016199789551,0.003767045304519,0.004033741452521,0.004160245999916,0.004285970742657,0.004524789778907,0.004862416327876,0.004986217440278,0.005260855888684,0.005290815509322,0.005320601271331,0.00535049996106,0.005468992505601,0.005614957329104,0.005802730307482,0.005813179502319,0.005834965330957,0.005844609555436,0.005867226205672,0.005877807706008,0.005899421220281,0.0059416275103,0.006050672850897,0.006105087108175,0.006126918811652,0.006149062883,0.006159797047175,0.006166215398167,0.006174842447564,0.006191906170275,0.006208115095813,0.006223762170313,0.006230453159243,0.006233346073089,0.006233851702194,0.00623869265415
YOR065W,34056.9,YOR065W_translation_Ribosome,0.000542338666881,0.000713063456625,0.001017590462676,0.001631708026091,0.001835966206779,0.001931156564807,0.002022617470918,0.002194958498107,0.002430657492117,0.002460468641048,0.00232695847576,0.002312990920471,0.002299198709532,0.002285492840884,0.002232129870663,0.002168482888581,0.001944936858674,0.001911415579421,0.001845536895134,0.001811594532235,0.00174697696505,0.001714097926749,0.001649288131273,0.001519446458583,0.001204873577763,0.001050897260184,0.000990006797306,0.000929739664832,0.000902938309772,0.000904120228757,0.000905601221113,0.000908854998539,0.000911842234412,0.000914674832896,0.00091593953997,0.000916526807389,0.000916654859752,0.000917722957657
YOR071C,67196,YOR071C_translation_Ribosome,0,0,0,0,0,0,0,0,0,0,0,0,0,0,0,0,0,0,0,0,0,0,0,0,0,0,0,0,0,0,0,0,0,0,0,0,0,0
YOR074C,35046.6,YOR074C_translation_Ribosome,1.23659977102819E-07,1.84508244304241E-07,2.90950226233243E-07,4.97186304764355E-07,5.63500613613808E-07,5.93950436289796E-07,6.23168463645361E-07,6.77286783021528E-07,7.49977329315893E-07,7.75402818793318E-07,8.29140691427331E-07,8.34849990886487E-07,8.40501326653181E-07,8.46133886005831E-07,8.68179476767459E-07,8.94756923139918E-07,9.27410210496041E-07,9.29119282092345E-07,9.32685321625001E-07,9.34272205509428E-07,9.37938366086269E-07,9.39655118526603E-07,9.4315287884578E-07,9.49948632274409E-07,9.6727767602638E-07,9.75819130408028E-07,9.79227208663962E-07,9.82663860673031E-07,9.843335351377E-07,9.85319778684243E-07,9.86637229740897E-07,9.89256526521362E-07,9.91734380416182E-07,9.94118572042438E-07,9.95134154502612E-07,9.95612714569006E-07,9.95702371708591E-07,9.96493451955875E-07
YOR078W,24383.2,YOR078W_translation_Ribosome,1.77739289573732E-06,2.35571507700852E-06,3.59370190045165E-06,7.02159770560163E-06,8.48775477449386E-06,9.23115688668638E-06,9.99362972267223E-06,1.15296120113598E-05,1.38821263012402E-05,1.47942019273734E-05,1.68998500012529E-05,1.71377563787965E-05,1.7375978433574E-05,1.76164423004962E-05,1.85852931965713E-05,1.9814006072128E-05,2.14332609012335E-05,2.15228506811846E-05,2.17105750631511E-05,2.17942613186399E-05,2.19898164967851E-05,2.20817833443109E-05,2.22702229601012E-05,2.26404329273361E-05,2.36100215243402E-05,2.41013705154667E-05,2.42999776600621E-05,2.45018976889327E-05,2.46003786847845E-05,2.46589866313716E-05,2.47376298284081E-05,2.48941540628546E-05,2.50432183720602E-05,2.51873850334313E-05,2.52491289352074E-05,2.5277188138858E-05,2.528230726807E-05,2.53289789017807E-05
YOR081C,84730.9,YOR081C_translation_Ribosome,7.71293613017514E-09,1.61848016943479E-08,1.58476559482198E-08,0,4.39691385832539E-09,0,3.47525366881692E-09,6.09607011172669E-09,2.57413793164539E-09,3.95594336827956E-08,2.14427297748795E-08,0,0,0,0,0,6.57877999168357E-08,2.97656173109889E-09,0,0,0,3.32203439003504E-09,0,0,1.98995855940894E-08,0,0,2.38256527251446E-08,3.41023940188258E-09,0,2.05685239764886E-08,4.31822366388525E-08,2.02896992068369E-08,1.71311094477958E-08,1.72324255611354E-08,3.09482838922053E-09,0,0
YOR095C,28253.3,YOR095C_translation_Ribosome,8.30364969297187E-08,1.40342753923464E-07,2.46337923920835E-07,4.77111526986464E-07,5.5925881494835E-07,5.99184977451535E-07,6.36799522595009E-07,7.10674218950785E-07,8.15328950528898E-07,8.84635666507452E-07,9.70650564875957E-07,9.80023506482798E-07,9.89289974948138E-07,9.98701058430178E-07,1.03587678672676E-06,1.08148205636773E-06,1.10189903225594E-06,1.10483179393776E-06,1.11101305154817E-06,1.11371721372361E-06,1.12012308696576E-06,1.12305014940569E-06,1.129212160834E-06,1.14112425614617E-06,1.17192043509049E-06,1.1872611424984E-06,1.19339782455106E-06,1.19965134311762E-06,1.20267985800187E-06,1.20419834668372E-06,1.20616959053342E-06,1.21026122145363E-06,1.21411106533868E-06,1.21778965798722E-06,1.21937455663999E-06,1.22036860240965E-06,1.22051253043973E-06,1.22191910411434E-06
YOR096W,21632.5,YOR096W_translation_Ribosome,0,0,0,0,0,0,0,0,0,0,0,0,0,0,0,0,0,0,0,0,0,0,0,0,0,0,0,0,0,0,0,0,0,0,0,0,0,0
YOR098C,113615.1,YOR098C_translation_Ribosome,0,0,0,0,0,0,0,0,0,0,0,0,0,0,0,0,0,0,0,0,0,0,0,0,0,0,0,0,0,0,0,0,0,0,0,0,0,0
YOR099W,46016.4,YOR099W_translation_Ribosome,0,0,0,0,0,0,0,0,0,0,0,0,0,0,0,0,0,0,0,0,0,0,0,0,0,0,0,0,0,0,0,0,0,0,0,0,0,0
YOR100C,34771.7,YOR100C_translation_Ribosome,0,0,0,0,0,0,0,0,0,0,0,0,0,0,0,0,0,0,0,0,0,0,0,0,0,0,0,0,0,0,0,0,0,0,0,0,0,0
YOR108W,67195.9,YOR108W_translation_Ribosome,0,0,0,0,0,0,0,0,0,0,0,0,0,0,0,0,0,0,0,0,0,0,0,0,0,0,0,0,0,0,0,0,0,0,0,0,0,0
YOR109W,124575.1,YOR109W_translation_Ribosome,0,0,0,0,0,0,0,0,0,0,0,0,0,0,0,0,0,0,0,0,0,0,0,0,0,0,0,0,0,0,0,0,0,0,0,0,0,0
YOR117W,48240.3,YOR117W_translation_Ribosome,0.000344386258467,0.000346524014134,0.000350649171833,0.000361149108684,0.000365191320462,0.000366503387997,0.000369779470952,0.000374449107304,0.000381848337024,0.000387269843994,0.000392084310819,0.000392603137292,0.000393128325344,0.000393658022744,0.00039589490704,0.000398464738057,0.000397959546947,0.000397883299275,0.000397774446689,0.000397653407313,0.000397579245056,0.000397525527279,0.00039737326725,0.000397019605357,0.000396245265092,0.000395807339164,0.000395623399433,0.000395456984774,0.00039540491363,0.000395566457399,0.000395777327232,0.000396209375326,0.000396619641,0.000397018726717,0.000397182863676,0.000397279006585,0.000397281204403,0.000397387789758
YOR120W,35080.5,YOR120W_translation_Ribosome,0,0,0,0,0,0,0,0,0,0,0,0,0,0,0,0,0,0,0,0,0,0,0,0,0,0,0,0,0,0,0,0,0,0,0,0,0,0
YOR125C,26061,YOR125C_translation_Ribosome,0,0,0,0,0,0,0,0,0,0,0,0,0,0,0,0,0,0,0,0,0,0,0,0,0,0,0,0,0,0,0,0,0,0,0,0,0,0
YOR126C,27340.4,YOR126C_translation_Ribosome,0,0,0,0,0,0,0,0,0,0,0,0,0,0,0,0,0,0,0,0,0,0,0,0,0,0,0,0,0,0,0,0,0,0,0,0,0,0
YOR128C,62339,YOR128C_translation_Ribosome,1.71373432388031E-06,2.67413658104409E-06,4.55984944742657E-06,9.06846759212657E-06,1.07948458159587E-05,1.16383010081698E-05,1.24791330647009E-05,1.41225620367958E-05,1.65169068993763E-05,1.74085611550979E-05,1.93916375429032E-05,1.96105156585818E-05,1.9828674464722E-05,2.00479289644452E-05,2.0921011452715E-05,2.20070964322003E-05,2.33940035963853E-05,2.34682518779426E-05,2.36235743836364E-05,2.36929131009393E-05,2.38536756101485E-05,2.39294064463202E-05,2.40840256381136E-05,2.43862193371466E-05,2.51691229294377E-05,2.55616670520398E-05,2.57195985300272E-05,2.58795191913493E-05,2.59575431325044E-05,2.60034848983977E-05,2.60652231705492E-05,2.61881971202744E-05,2.63051001164948E-05,2.64176209633361E-05,2.64658171489198E-05,2.64885387281942E-05,2.64927693230622E-05,2.65302841768241E-05
YOR130C,31530,YOR130C_translation_Ribosome,1.17347692474172E-07,7.474095282754E-07,1.97196493500413E-06,4.94383240718841E-06,6.08653237791051E-06,6.70622521964385E-06,7.22003656187257E-06,8.34543052887549E-06,1.00048995500583E-05,1.06346608687821E-05,1.19397312973738E-05,1.20890270277209E-05,1.2240330936171E-05,1.23839415638324E-05,1.29540175834796E-05,1.36951707465942E-05,1.45334224794847E-05,1.45764180833374E-05,1.46558763372585E-05,1.4704293287022E-05,1.47788569413842E-05,1.4817968754971E-05,1.49033865558986E-05,1.50702014224252E-05,1.54784078143362E-05,1.56851135491155E-05,1.5774555483952E-05,1.58543886938071E-05,1.58954443912697E-05,1.59149649281927E-05,1.59458474180662E-05,1.59893895371999E-05,1.6042257087302E-05,1.60891023988263E-05,1.61093350174582E-05,1.61141103237664E-05,1.61190722858752E-05,1.61409736549671E-05
YOR133W,93279.1,YOR133W_translation_Ribosome,0,0,0,0,0,0,0,0,0,0,0,0,0,0,0,0,0,0,0,0,0,0,0,0,0,0,0,0,0,0,0,0,0,0,0,0,0,0
YOR136W,39743.9,YOR136W_translation_Ribosome,0.001362809105396,0.001733330098648,0.002386007184995,0.003665665191504,0.004080100107741,0.004269126428023,0.004451799694361,0.004790570471077,0.005245700435547,0.005193583226593,0.004635717084475,0.004576409943117,0.004517735361425,0.004459262163363,0.00423054387895,0.003955053549952,0.003275129339486,0.003173719408108,0.002973969433453,0.002871856260847,0.002675206752333,0.002575922680556,0.002378904451256,0.001985462528944,0.001028824788331,0.000560006714826,0.000374365811535,0.000190506226001,0.00010816224083,0.000107894992802,0.000107300485429,0.000106912190582,0.000106180267023,0.000105542971855,0.000105230691169,0.000104934355345,0.000105054871707,0.000105247622738
YOR142W,35035.8,YOR142W_translation_Ribosome,4.37069716342105E-05,5.55510193675657E-05,7.64609613783449E-05,0.000117775733275,0.000131222159073,0.000137448127201,0.000143368722747,0.000154480500772,0.00016945712137,0.000167890324875,0.000149530651001,0.000147587924465,0.00014566201928,0.000143748205538,0.000136217652803,0.000127130732002,0.000104643411415,0.000101298792051,9.46948593619189E-05,9.1324526199938E-05,8.48252891818133E-05,8.15327533942036E-05,7.5038416477664E-05,6.20425017023979E-05,3.04292501067738E-05,1.49341342924852E-05,8.80034410833986E-06,2.7206556294019E-06,0,0,0,0,0,0,0,0,0,0
YOR143C,36612.4,YOR143C_translation_Ribosome,0,0,0,0,0,0,0,0,0,0,0,0,0,0,0,0,0,0,0,0,0,0,0,0,0,0,0,0,0,0,0,0,0,0,0,0,0,0
YOR150W,18479.8,YOR150W_translation_Ribosome,3.31197918132466E-06,5.36793850398743E-06,1.03512791032492E-05,2.60357462554321E-05,3.31036569118816E-05,3.67354042982051E-05,4.04508662022107E-05,4.80153069456197E-05,5.96529212870882E-05,6.27807558555922E-05,6.43317573067092E-05,6.44836887113771E-05,6.46313943161431E-05,6.47763032084332E-05,6.53170577487304E-05,6.59156347508248E-05,6.18956630925197E-05,6.09711672007136E-05,5.91571849343418E-05,5.81941510394077E-05,5.63988255235893E-05,5.5465944391594E-05,5.36211292361894E-05,4.98506115004997E-05,4.0438278418883E-05,3.56543590999872E-05,3.37307708575579E-05,3.18106560720115E-05,3.0956646195688E-05,3.10396195449462E-05,3.11474093708429E-05,3.13728431827845E-05,3.15842084135757E-05,3.17827441301838E-05,3.18756847175089E-05,3.19164521186853E-05,3.19164099562453E-05,3.19883540687723E-05
YOR155C,51315.4,YOR155C_translation_Ribosome,0,0,0,0,0,0,0,0,0,0,0,0,0,0,0,0,0,0,0,0,0,0,0,0,0,0,0,0,0,0,0,0,0,0,0,0,0,0
YOR157C,28264.2,YOR157C_translation_Ribosome,0.000201777395384,0.000203029915657,0.00020544686336,0.000211598821683,0.000213967171013,0.000214735917045,0.000216655388189,0.000219391348285,0.000223726588916,0.000226903073252,0.000229723890147,0.000230027872817,0.000230335582764,0.000230645934756,0.000231956534921,0.000233462210007,0.000233166216355,0.000233121542515,0.000233057765314,0.000232986847822,0.000232943395835,0.000232911922358,0.00023282271255,0.00023261550052,0.000232161811216,0.000231905228524,0.000231797457442,0.000231699954375,0.000231669445667,0.000231764094859,0.000231887644404,0.000232140783247,0.000232381159676,0.000232614985721,0.000232711154274,0.000232767484819,0.00023276877253,0.00023283122135
YOR158W,36018.8,YOR158W_translation_Ribosome,6.45534668861658E-06,1.04625971811071E-05,2.01755782943599E-05,5.07460219929413E-05,6.45220185054861E-05,7.16006223192995E-05,7.88423932923618E-05,9.3586171809916E-05,0.000116268933714,0.000122365365914,0.000125388407887,0.000125684535923,0.000125972427493,0.000126254868018,0.000127308847479,0.000128475528142,0.000120640240143,0.000118838314114,0.000115302698769,0.00011342565869,0.000109926407037,0.000108108137418,0.000104512425986,9.71633462220477E-05,7.88178585652477E-05,6.94935675467602E-05,6.57443202504468E-05,6.20018430354533E-05,6.03373006197712E-05,6.04990231747914E-05,6.07091152851501E-05,6.11485061543999E-05,6.15604760877769E-05,6.19474401387604E-05,6.21285897413938E-05,6.22080490899525E-05,6.22079669115472E-05,6.23481924875971E-05
YOR163W,21574.8,YOR163W_translation_Ribosome,0,0,0,0,0,0,0,0,0,0,0,0,0,0,0,0,0,0,0,0,0,0,0,0,0,0,0,0,0,0,0,0,0,0,0,0,0,0
YOR168W,93140.8,YOR168W_translation_Ribosome,0.000191748737165,0.000231557356862,0.000300930606945,0.000429018015356,0.000468887755936,0.000483126477663,0.000502509517445,0.000532074311383,0.000568472085557,0.000579290481806,0.00060867703683,0.000612113046428,0.000615546725386,0.000618521056803,0.000628862177121,0.000644169606977,0.000669303206254,0.000671164101483,0.000674131325443,0.000675878183545,0.000678963676055,0.000680561407039,0.00068383047709,0.000690243105264,0.000706511687026,0.000714716814909,0.000717992974589,0.000721264669398,0.000722847794519,0.000723431073042,0.000724451760008,0.000725794436481,0.000727217069811,0.000728443657465,0.000729223706105,0.00072966312679,0.000729821417887,0.000730661469247
YOR171C,69633,YOR171C_translation_Ribosome,0,0,0,0,0,0,0,0,0,0,0,0,0,0,0,0,0,0,0,0,0,0,0,0,0,0,0,0,0,0,0,0,0,0,0,0,0,0
YOR175C,72257.8,YOR175C_translation_Ribosome,5.6222421944219E-06,8.29483186815568E-06,1.28051900894928E-05,2.08589743582653E-05,2.32269334791182E-05,2.42735883036033E-05,2.52525781576127E-05,2.69971878568626E-05,2.91904877038128E-05,2.99142977998648E-05,3.13650099163953E-05,3.1512588864476E-05,3.16573976129493E-05,3.18004424667463E-05,3.23479004341414E-05,3.29809338721871E-05,3.3716739296018E-05,3.37539366260242E-05,3.38311255483591E-05,3.38653065950064E-05,3.39437976901288E-05,3.39803409485003E-05,3.40543712368798E-05,3.41965863410047E-05,3.45493920124452E-05,3.47180225918679E-05,3.47843018753002E-05,3.48505923375614E-05,3.48825701322464E-05,3.49013985192462E-05,3.49264836493175E-05,3.4976108571003E-05,3.5022708614249E-05,3.50672962660758E-05,3.50861798982333E-05,3.50950696660262E-05,3.50967303588164E-05,3.51114005099981E-05
YOR176W,44604.6,YOR176W_translation_Ribosome,0,0,0,0,0,0,0,0,0,0,0,0,0,0,0,0,0,0,0,0,0,0,0,0,0,0,0,0,0,0,0,0,0,0,0,0,0,0
YOR180C,30062.2,YOR180C_translation_Ribosome,0,0,0,0,0,0,0,0,0,0,0,0,0,0,0,0,0,0,0,0,0,0,0,0,0,0,0,0,0,0,0,0,0,0,0,0,0,0
YOR182C,7134.7,YOR182C_translation_Ribosome,0,0,0,0,0,0,0,0,0,0,0,0,0,0,0,0,0,0,0,0,0,0,0,0,0,0,0,0,0,0,0,0,0,0,0,0,0,0
YOR184W,43409.9,YOR184W_translation_Ribosome,2.71061861054315E-05,4.19859973806718E-05,6.93102239212627E-05,0.000127465281338,0.000147805414748,0.000157498765294,0.000166957394936,0.000184822131948,0.000209650525675,0.000218933968524,0.000238942105633,0.000241125968274,0.000243268077231,0.000245467981328,0.00025429673174,0.000265364737072,0.000280441482928,0.000281238516867,0.000282880013757,0.000283594384482,0.000285326376457,0.000286097236515,0.000287795072536,0.000290961862942,0.0002992720675,0.000303431433093,0.000305055787892,0.000306755722515,0.000307582845746,0.000307968651561,0.000308453221881,0.000309513693115,0.00031047907286,0.000311394804073,0.000311815137374,0.000312039960999,0.000312083956861,0.000312456953035
YOR187W,47966.7,YOR187W_translation_Ribosome,0,0,0,0,0,0,0,0,0,0,0,0,0,0,0,0,0,0,0,0,0,0,0,0,0,0,0,0,0,0,0,0,0,0,0,0,0,0
YOR190W,51796.8,YOR190W_translation_Ribosome,0,0,0,0,0,0,0,0,0,0,0,0,0,0,0,0,0,0,0,0,0,0,0,0,0,0,0,0,0,0,0,0,0,0,0,0,0,0
YOR192C,67185,YOR192C_translation_Ribosome,0,0,0,0,0,0,0,0,0,0,0,0,0,0,0,0,0,0,0,0,0,0,0,0,0,0,0,0,0,0,0,0,0,0,0,0,0,0
YOR202W,23826.4,YOR202W_translation_Ribosome,2.33799100481411E-11,4.70637819966921E-11,9.05943709956467E-11,1.84866363844951E-10,2.18080766098112E-10,2.34637894046655E-10,2.49231308937307E-10,2.79164092685411E-10,3.20930958532239E-10,3.3665388206719E-10,3.70527551850772E-10,3.74480272101614E-10,3.78517619669413E-10,3.82137591846711E-10,3.96301344654608E-10,4.15454253815351E-10,4.36385857824859E-10,4.37993201561701E-10,4.4057412293926E-10,4.42241855403139E-10,4.44847511297414E-10,4.46266367613028E-10,4.48946194325688E-10,4.54939462779689E-10,4.68961773973901E-10,4.7594614807851E-10,4.79208981116458E-10,4.81928387579922E-10,4.83254175876755E-10,4.83269220784254E-10,4.83327102116829E-10,4.83246249780831E-10,4.83449924757493E-10,4.83313346365585E-10,4.83470022429538E-10,4.84002788108581E-10,4.84083628956122E-10,4.8458658765484E-10
YOR206W,81608.2,YOR206W_translation_Ribosome,5.94876123371462E-06,7.88434935314177E-06,1.20277709009662E-05,2.35006049197102E-05,2.8407690097602E-05,3.08957846976639E-05,3.34477071563117E-05,3.85884905568364E-05,4.64621271866232E-05,4.95147556403373E-05,5.6562155044139E-05,5.73584045618337E-05,5.81557106205416E-05,5.89605198065615E-05,6.22031695693933E-05,6.63155521152038E-05,7.17350406132109E-05,7.20348888972837E-05,7.26631841541984E-05,7.29432739158038E-05,7.35977780862619E-05,7.39055821844218E-05,7.45362712594134E-05,7.5775328029981E-05,7.90204468061067E-05,8.06649441131724E-05,8.13296629186439E-05,8.20054696257243E-05,8.23350759450619E-05,8.25312310447481E-05,8.27944421799719E-05,8.33183135762431E-05,8.38172173279456E-05,8.42997291284681E-05,8.45063799653119E-05,8.46002913921697E-05,8.46174246199887E-05,8.477363004086E-05
YOR209C,49016,YOR209C_translation_Ribosome,0,0,0,0,0,0,0,0,0,0,0,0,0,0,0,0,0,0,0,0,0,0,0,0,0,0,0,0,0,0,0,0,0,0,0,0,0,0
YOR221C,40705.7,YOR221C_translation_Ribosome,0,0,0,0,0,0,0,0,0,0,0,0,0,0,0,0,0,0,0,0,0,0,0,0,0,0,0,0,0,0,0,0,0,0,0,0,0,0
YOR222W,34026.5,YOR222W_translation_Ribosome,1.79709671014193E-06,0,0,5.76292054997021E-05,0,0,0,0,1.86221582231148E-05,0,0,0,0,0,0,0,0,0,0,0,0,0,0,0.000112457312727,0,2.93754846191864E-05,0,0,0,0,0,0,0,0,0,0,0,0
YOR232W,26067.8,YOR232W_translation_Ribosome,1.1895875209121E-05,1.81235649722394E-05,3.25139003208688E-05,7.60405703278377E-05,9.54174485365699E-05,0.000105378830385,0.000115560306385,0.00013633084621,0.000168789547154,0.000178872388553,0.000183352787984,0.000183812052532,0.000184263285706,0.000184707907337,0.00018656035837,0.000188887869691,0.000175544780381,0.000173017596181,0.000168060164187,0.000165427735026,0.00016052415787,0.000157974470624,0.000152938555473,0.000142643086106,0.000116966756856,0.000103923244458,9.86818003139022E-05,9.34484943143927E-05,9.11241343226575E-05,9.1372123550479E-05,9.1697096739325E-05,9.23671250182864E-05,9.30001950362364E-05,9.35997429671506E-05,9.38722916829273E-05,9.39925166612574E-05,9.40027354819883E-05,9.42168654875776E-05
YOR234C,12184.4,YOR234C_translation_Ribosome,0,0,0,0,0,0,0,0,0,0,0,0,0,0,0,0,0,0,0,0,0,0,0,0,0,0,0,0,0,0,0,0,0,0,0,0,0,0
YOR236W,24262.3,YOR236W_translation_Ribosome,9.42481352027482E-09,1.40623978449786E-08,2.21749323441172E-08,3.78933290869238E-08,4.29475107977318E-08,4.52682608671582E-08,4.74951289752408E-08,5.16197866057929E-08,5.7159936778566E-08,5.90977545155627E-08,6.31934161873317E-08,6.36285536019959E-08,6.40592732817938E-08,6.4488561906815E-08,6.6168778794611E-08,6.81943935632218E-08,7.06830819114294E-08,7.08133397480015E-08,7.10851274224668E-08,7.12060726550267E-08,7.14854911102265E-08,7.16163343465726E-08,7.18829180830346E-08,7.24008601876278E-08,7.37216028375413E-08,7.43725945053792E-08,7.46323430738104E-08,7.48942694066337E-08,7.50215245690374E-08,7.50966916661817E-08,7.5197101926817E-08,7.53967330790176E-08,7.55855840834922E-08,7.57672965663869E-08,7.58446997450536E-08,7.58811734650856E-08,7.58880067335459E-08,7.59482993519412E-08
YOR239W,71433.2,YOR239W_translation_Ribosome,0,0,0,0,0,0,0,0,0,0,0,0,0,0,0,0,0,0,0,0,0,0,0,0,0,0,0,0,0,0,0,0,0,0,0,0,0,0
YOR241W,62160.1,YOR241W_translation_Ribosome,0,0,0,0,0,0,0,0,0,0,0,0,0,0,0,0,0,0,0,0,0,0,0,0,0,0,0,0,0,0,0,0,0,0,0,0,0,0
YOR243C,77004.3,YOR243C_translation_Ribosome,0,0,0,0,0,0,0,0,0,0,0,0,0,0,0,0,0,0,0,0,0,0,0,0,0,0,0,0,0,0,0,0,0,0,0,0,0,0
YOR245C,47732.9,YOR245C_translation_Ribosome,9.11956601786151E-07,1.34546439325738E-06,2.0770676956651E-06,3.38343292847587E-06,3.76752807741961E-06,3.93730087338809E-06,4.09609806311921E-06,4.3790827296882E-06,3.89701842717358E-06,0,0,0,0,0,0,0,5.46902853494538E-06,5.47506213320212E-06,5.48758257342716E-06,5.49312691499288E-06,5.50585857433944E-06,5.51178607880831E-06,5.52379417235401E-06,5.54686219372745E-06,5.60408908828667E-06,5.63144183560761E-06,5.64219267628856E-06,5.65294533023085E-06,5.65813229300911E-06,5.66118635421711E-06,5.66525529134003E-06,5.67330470888168E-06,5.68086347558501E-06,5.68809582204554E-06,5.69115884430974E-06,5.6926008103708E-06,5.69287018327894E-06,5.69524975726069E-06
YOR259C,49397.7,YOR259C_translation_Ribosome,0.000352648907239,0.00035483795277,0.000359062082853,0.000369813938264,0.000373953132356,0.000375296679525,0.000378651363533,0.000383433035613,0.000391009790524,0.000396561372393,0.000401491349775,0.000402022624134,0.000402560412702,0.000403102818807,0.000405393371299,0.000408024858699,0.000407507546848,0.000407429469813,0.000407318005593,0.000407194062193,0.000407118120606,0.000407063114012,0.000406907200901,0.000406545053815,0.000405752135278,0.00040530370246,0.000405115349576,0.000404944942232,0.000404891621777,0.000405057041367,0.000405272970471,0.00040571538443,0.000406135493357,0.000406544154094,0.00040671222909,0.000406810678698,0.000406812929246,0.000406922071839
YOR260W,65671,YOR260W_translation_Ribosome,0.001278516658239,0.00110972115981,0.00101794163505,0.001076641364342,0.001097375710519,0.001109381690205,0.001111374341105,0.001148257118646,0.001207783799178,0.001230931298094,0.001239650761123,0.001243001884881,0.001249634621091,0.00124809401976,0.001251880158593,0.001265911385316,0.001263749463517,0.001262991392454,0.001257446084989,0.00125976480866,0.001250443614421,0.00124899510525,0.001245796770818,0.001238788587028,0.001214872509343,0.001205822044819,0.001201944388913,0.001197434657985,0.001201385885712,0.00120283143308,0.001211279461365,0.001208467092198,0.001211834953748,0.001217812003913,0.001216393118385,0.001218647673786,0.001220262661095,0.001219787934709
YOR261C,38302.9,YOR261C_translation_Ribosome,0.00027344341597,0.000275140798481,0.0002784161824,0.000286753154416,0.000289962679099,0.00029100446349,0.00029360568027,0.000297313381388,0.000303188385399,0.000307493073374,0.000311315770194,0.000311727719508,0.00031214471993,0.000312565300783,0.000314341391634,0.000316381842885,0.000315980720077,0.000315920179265,0.000315833750082,0.000315737644562,0.000315678759573,0.000315636107545,0.000315515212761,0.000315234404471,0.000314619576667,0.000314271862556,0.000314125814021,0.000313993680431,0.000313952335833,0.000314080601927,0.000314248033019,0.000314591080117,0.000314916831928,0.000315233706829,0.000315364031921,0.000315440369594,0.000315442114666,0.000315526743663
YOR267C,85692.1,YOR267C_translation_Ribosome,0,0,0,0,0,0,0,0,0,0,0,0,0,0,0,0,0,0,0,0,0,0,0,0,0,0,0,0,0,0,0,0,0,0,0,0,0,0
YOR270C,95502.3,YOR270C_translation_Ribosome,0,0,0,0,0,0,0,0,0,0,0,0,0,0,0,0,0,0,0,0,0,0,0,0,0,0,0,0,0,0,0,0,0,0,0,0,0,0
YOR272W,51356.3,YOR272W_translation_Ribosome,3.74357437790587E-06,4.96164614199008E-06,7.56911450958715E-06,1.47890054729563E-05,1.78770497935193E-05,1.94428156443671E-05,2.10487485697723E-05,2.42838599256454E-05,2.92387645167321E-05,3.11597933184638E-05,3.55947441935163E-05,3.60958265492794E-05,3.65975737896648E-05,3.71040427719484E-05,3.91446525883016E-05,4.17325880131413E-05,4.51430893739139E-05,4.53317848534286E-05,4.57271730583233E-05,4.59034344367624E-05,4.63153159943669E-05,4.6509018093008E-05,4.69059127352375E-05,4.76856551045865E-05,4.97278186788639E-05,5.07627060682544E-05,5.11810157281836E-05,5.16063030398855E-05,5.18137253457052E-05,5.1937166374254E-05,5.21028059793904E-05,5.24324799164252E-05,5.27464416352667E-05,5.30500878470589E-05,5.31801338764064E-05,5.32392326362263E-05,5.32500146310239E-05,5.33483151995439E-05
YOR273C,73226.5,YOR273C_translation_Ribosome,0,0,0,0,0,0,0,0,0,0,0,0,0,0,0,0,0,0,0,0,0,0,0,0,0,0,0,0,0,0,0,0,0,0,0,0,0,0
YOR274W,50249.3,YOR274W_translation_Ribosome,0,0,0,0,0,0,0,0,0,0,0,0,0,0,0,0,0,0,0,0,0,0,0,0,0,0,0,0,0,0,0,0,0,0,0,0,0,0
YOR278W,30913.9,YOR278W_translation_Ribosome,0,0,0,0,0,0,0,0,0,0,0,0,0,0,0,0,0,0,0,0,0,0,0,0,0,0,0,0,0,0,0,0,0,0,0,0,0,0
YOR287C,36129,YOR287C_translation_Ribosome,2.63359312682887E-06,3.49050288794091E-06,5.32484891078356E-06,1.0404020124745E-05,1.25764498608751E-05,1.36779613487603E-05,1.48077302507638E-05,1.70836211964967E-05,2.05693814239931E-05,2.19208193114141E-05,2.50407936897235E-05,2.53933035946693E-05,2.57462812439136E-05,2.61025806241439E-05,2.75381433896669E-05,2.93587480470124E-05,3.17580253248411E-05,3.18907720176399E-05,3.21689264106675E-05,3.22929257513838E-05,3.25826831676052E-05,3.2718952001649E-05,3.29981661687348E-05,3.35467125410827E-05,3.49833683705538E-05,3.57114084842553E-05,3.60056880508048E-05,3.63048763740383E-05,3.64507973318752E-05,3.65376377179708E-05,3.66541646736505E-05,3.68860892801959E-05,3.71069603892911E-05,3.73205745707224E-05,3.74120615546814E-05,3.7453637351488E-05,3.74612224518562E-05,3.75303766012022E-05
YOR293W,12741.6,YOR293W_translation_Ribosome,0.000721817792614,0.000776406569908,0.000877454963949,0.001095886490452,0.001173472152961,0.00121027410602,0.001246849202932,0.001316325021335,0.001414545335645,0.001450560821422,0.001530457010885,0.001539172686133,0.001547837783458,0.001556535733047,0.001591006881728,0.001633470102961,0.001688095904787,0.00169113572261,0.00169747352674,0.001700279167358,0.001706858669182,0.001709936976537,0.001716224651993,0.001728503055704,0.001760225879813,0.001776055752994,0.00178240690276,0.001788848924736,0.00179197164415,0.001793838832775,0.001796348562847,0.001801312639912,0.001806028044449,0.001810579998613,0.001812526501451,0.001813368090799,0.001813515185421,0.001814923486469
YOR294W,22971.7,YOR294W_translation_Ribosome,1.67450278810857E-06,2.21934692880822E-06,3.38566890098942E-06,6.61512992608718E-06,7.99641377478103E-06,8.69678166335401E-06,9.41511630550173E-06,1.08621833164373E-05,1.30785147459808E-05,1.39377919393289E-05,1.59215477982292E-05,1.6145682199498E-05,1.63701140040081E-05,1.65966578461526E-05,1.75094236902325E-05,1.86670085668453E-05,2.01925276192159E-05,2.02769312064441E-05,2.04537885584414E-05,2.0532630365719E-05,2.07168652030578E-05,2.08035082536544E-05,2.09810394358639E-05,2.13298186077663E-05,2.22432794485829E-05,2.27061851221392E-05,2.28932952530286E-05,2.30835264912258E-05,2.31763065977093E-05,2.32315218347009E-05,2.33056125171939E-05,2.34530758426161E-05,2.35935110845769E-05,2.37293321948092E-05,2.37875018521319E-05,2.38139367584814E-05,2.3818759550425E-05,2.38627294464236E-05
YOR297C,21976.6,YOR297C_translation_Ribosome,0,0,0,0,0,0,0,0,0,0,0,0,0,0,0,0,0,0,0,0,0,0,0,0,0,0,0,0,0,0,0,0,0,0,0,0,0,0
YOR303W,45361,YOR303W_translation_Ribosome,2.54181314091962E-07,5.71945727582835E-07,0,2.68916689514779E-06,3.26400910594668E-06,3.56395499873289E-06,0,0,5.21038751432677E-06,5.5196661416557E-06,6.17793636816662E-06,6.25221889849676E-06,6.32703024963097E-06,6.3995780673403E-06,6.68801485854988E-06,7.05674980987707E-06,0,0,0,0,0,0,0,7.78737068644021E-06,0,0,0,8.22150079770405E-06,0,0,0,0,0,8.36305206229325E-06,8.37550007635602E-06,0,2.21070254684429E-07,0
YOR310C,56965.9,YOR310C_translation_Ribosome,4.15248146097652E-06,5.50360204999178E-06,8.39588171736847E-06,1.64043945313795E-05,1.98297430078226E-05,2.15665359793336E-05,2.33478834369063E-05,2.69363629416123E-05,3.24324870674817E-05,3.45633480254667E-05,3.94827243834433E-05,4.00385394902591E-05,4.05950921064147E-05,4.11568822158632E-05,4.34203859094197E-05,4.62909990692049E-05,5.00740262629014E-05,5.02833327708953E-05,5.07219088548657E-05,5.09174230967022E-05,5.13742940866749E-05,5.15891540820598E-05,5.2029401150088E-05,5.28943140398035E-05,5.51595412067905E-05,5.63074683653918E-05,5.67714695932171E-05,5.72432106351083E-05,5.74732894829049E-05,5.76102138580684E-05,5.77939461203661E-05,5.81596300292484E-05,5.8507885489228E-05,5.8844698689095E-05,5.89889495230376E-05,5.90545035844094E-05,5.90664632862851E-05,5.9175501132786E-05
YOR311C,32844.3,YOR311C_translation_Ribosome,4.10312902778016E-07,6.57078576962436E-07,1.07366402258742E-06,1.81810925095148E-06,2.03719403324806E-06,2.13407186962796E-06,2.22471328651683E-06,2.38631491225053E-06,2.58964544555573E-06,2.65679813819369E-06,2.79149064810304E-06,2.80520142100844E-06,2.81865654969409E-06,2.83194968104724E-06,2.8828423834995E-06,2.94172934140913E-06,3.01023995881023E-06,3.01370552382504E-06,3.02089766653019E-06,3.02408264778069E-06,3.03139750955463E-06,3.03480345662715E-06,3.04170405518901E-06,3.05496308480961E-06,3.08787293561506E-06,3.10361208594325E-06,3.10980022650287E-06,3.11599021451322E-06,3.11897675964698E-06,3.12073530947964E-06,3.12307830023509E-06,3.12771377257251E-06,3.13206755964042E-06,3.1362335651249E-06,3.13799830072924E-06,3.13882903313534E-06,3.13898425402935E-06,3.14035517720078E-06
YOR312C,20457.1,YOR312C_translation_Ribosome,0,0,0,0,0,0,0,0,0,0,0,0,0,0,0,0,0,0,0,0,0,0,0,0,0,0,0,0,0,0,0,0,0,0,0,0,0,0
YOR317W,77868.1,YOR317W_translation_Ribosome,0,0,0,0,0,0,0,0,0,0,0,0,0,0,0,0,0,0,0,0,0,0,0,0,0,0,0,0,0,0,0,0,0,0,0,0,0,0
YOR321W,86317.3,YOR321W_translation_Ribosome,0,0,4.4283352230786E-05,0,0,0,0,0,0,0,0,0,0,0,0,0,0,0,0,0,0,0,0,0,0,0,0,0,0,0,0,0,0,0,0,0,0,0
YOR323C,49728.9,YOR323C_translation_Ribosome,4.65632254248442E-07,8.71852687234686E-07,1.64105248845792E-06,3.37965930456345E-06,4.01644270185873E-06,4.33837577435187E-06,4.62834968511878E-06,5.21843181810355E-06,6.06397329585345E-06,6.3909989207296E-06,7.05900954219291E-06,7.13063546687334E-06,7.20044401949047E-06,7.27431968334311E-06,7.56789581429275E-06,7.91955164827792E-06,8.3149720964561E-06,8.33492496857047E-06,8.38151633094144E-06,8.40177432392081E-06,8.44788767453874E-06,8.46936550283711E-06,8.51356366447399E-06,8.60207787933594E-06,8.82502151746509E-06,8.93644158896047E-06,8.98295644304015E-06,9.02712922734409E-06,9.04896287239972E-06,9.05614064915598E-06,9.06290284929304E-06,9.08610207940436E-06,9.10411537563886E-06,9.12045945103236E-06,9.12863082957118E-06,9.13613476702316E-06,9.13620802490534E-06,9.14799883466281E-06
YOR332W,26467.6,YOR332W_translation_Ribosome,0,0,0,0,0,0,0,0,0,0,0,0,0,0,0,0,0,0,0,0,0,0,0,0,0,0,0,0,0,0,0,0,0,0,0,0,0,0
YOR335C,107252.8,YOR335C_translation_Ribosome,1.69182450966218E-05,2.07116061849612E-05,2.76479778940693E-05,4.19895613011674E-05,4.68903594880294E-05,4.90152274291386E-05,5.14570571162202E-05,5.56825305800288E-05,6.16523759173231E-05,6.34374034330729E-05,6.81253908410983E-05,6.86378247338807E-05,6.91672166088343E-05,6.9647131652388E-05,7.16165654935058E-05,7.40708508291568E-05,7.75968224417207E-05,7.77869500118515E-05,7.81760341614339E-05,7.83257909909315E-05,7.87550651806482E-05,7.89646881523521E-05,7.93266188612894E-05,8.00804154953084E-05,8.20500666120253E-05,8.3019592819599E-05,8.34189741685469E-05,8.38216292321524E-05,8.4017531986368E-05,8.42112672774248E-05,8.44886560200905E-05,8.49823227021395E-05,8.54820385119634E-05,8.59590787239824E-05,8.61629289523173E-05,8.62086140049674E-05,8.6204573329757E-05,8.63004255565288E-05
YOR347C,55192.9,YOR347C_translation_Ribosome,0.000378750233935,0.000522482101985,0,0,0,0,0,0,0,0.001949000711998,0,0.001446780086542,0.003594350523543,0.003037455590851,0,0.00470979097676,8.71838424566128E-05,0.001209645526434,0,0,0,0,0,0,0,0,0,0,0,0,0.001483129124925,0,0,0,0,0,0,0
YOR348C,68789.1,YOR348C_translation_Ribosome,0,0,0,0,0,0,0,0,0,0,0,0,0,5.43592542770792E-05,0,0,0,0,0,0,0,0,0,0,0,0,0,0,0,0,0,0,0,0,0,0,0,0
YOR360C,60989.3,YOR360C_translation_Ribosome,0,0,0,0,0,0,0,0,0,0,0,0,0,0,0,0,0,0,0,0,0,0,0,0,0,0,0,0,0,0,0,0,0,0,0,0,0,0
YOR361C,88116.6,YOR361C_translation_Ribosome,0.001715499093471,0.001489011215765,0.001365862494542,0.001444625122888,0.001472446232485,0.001488555719314,0.001491229435602,0.00154071832652,0.001620590548623,0.001651649599086,0.001663349275291,0.001667845774989,0.001676745504909,0.001674678343585,0.001679758541558,0.001698585481801,0.001695684639749,0.001694667468629,0.001687226838217,0.001690338075236,0.001677831002946,0.001675887409835,0.001671595921114,0.001662192419907,0.001630102099203,0.001617958288963,0.001612755294423,0.001606704188817,0.001612005901188,0.001613945520186,0.00162528098834,0.001621507383417,0.001626026341695,0.001634046279545,0.001632142435101,0.001635167571864,0.001637334543446,0.001636697560987
YOR362C,31521.3,YOR362C_translation_Ribosome,0.000225029748344,0.00022642660611,0.000229122077187,0.000235982972733,0.000238624245075,0.000239481579594,0.000241622246083,0.000244673491791,0.000249508315368,0.000253050850295,0.000256196731501,0.00025653574442,0.000256878914138,0.000257225030365,0.000258686661013,0.000260365846558,0.000260035743293,0.000259985921345,0.00025991479461,0.000259835704752,0.00025978724546,0.000259752145053,0.000259652654917,0.000259421564259,0.000258915592866,0.000258629442188,0.000258509251819,0.000258400512728,0.000258366488268,0.00025847204461,0.000258609831715,0.000258892141683,0.000259160218528,0.000259420990136,0.000259528240927,0.000259591062872,0.000259592498976,0.000259662144251
YOR369C,15461.8,YOR369C_translation_Ribosome,0.000875918436133,0.000942161353566,0.00106478253607,0.001329846937439,0.001423996337559,0.001468655127493,0.001513038629835,0.001597346817893,0.001716536154854,0.001760240574862,0.001857193775578,0.001867770157472,0.00187828516358,0.00188884003557,0.001930670418464,0.001982199098854,0.002048486945174,0.002052175732707,0.002059866592559,0.002063271208472,0.00207125536598,0.002074990860161,0.002082620889385,0.002097520605472,0.002136015924883,0.002155225312492,0.002162932367136,0.002170749694267,0.002174539082024,0.002176804896135,0.002179850427657,0.002185874283904,0.002191596378608,0.002197120127971,0.002199482189061,0.002200503449043,0.002200681946847,0.002202390905623
YOR374W,56721.1,YOR374W_translation_Ribosome,0,0,0,0,0,0,0,0,0,0,0,0,0,0,0,0,0,0,0,0,0,0,0,0,0,0,0,0,0,0,0,0,0,0,0,0,0,0
YOR375C,49564.4,YOR375C_translation_Ribosome,0.002119740561748,0.003501436828531,0.006081803792433,0.011771039445712,0.013820987431115,0.014810757103431,0.015770497862414,0.01763134887853,0.020283079333976,0.022710310839442,0.024968803972588,0.025216347730935,0.025463126455282,0.025709317276971,0.026689204461655,0.027907778867807,0.027559222374396,0.027635587022185,0.027793996180949,0.027864238276906,0.028028955352152,0.028106193728546,0.028263657399512,0.028571005460157,0.029366641137321,0.029763928458888,0.029923581105732,0.03008541057499,0.03016419698126,0.030211769693303,0.030275735117536,0.030401447406294,0.030522415212486,0.030638081127955,0.030687948001374,0.030709586359122,0.030713932274217,0.030751089079633
YOR377W,61032.6,YOR377W_translation_Ribosome,0,0,0,0,0,0,0,0,0,0,0,0,0,0,0,0,0,0,0,0,0,0,0,0,0,0,0,0,0,0,0,0,0,0,0,0,0,0
YOR388C,41709.7,YOR388C_translation_Ribosome,2.39300247731849E-05,2.49642195450462E-05,2.60809347825705E-05,2.35409748602235E-05,2.12723022480337E-05,1.9330539641285E-05,1.88403074374924E-05,1.56093889481262E-05,1.02036171484954E-05,0,0,0,0,0,0,0,0,0,0,0,0,0,0,0,0,0,0,0,0,0,0,0,0,0,0,0,0,0
YPL005W,70350.1,YPL005W_translation_Ribosome,0,0,0,0,0,0,0,0,0,0,0,0,0,0,0,0,0,0,0,0,0,0,0,0,0,0,0,0,0,0,0,0,0,0,0,0,0,0
YPL012W,137506,YPL012W_translation_Ribosome,1.00233844417983E-05,1.3284759891201E-05,2.02662314020926E-05,3.95974201132935E-05,4.78656291225743E-05,5.20579521498695E-05,5.63578221335086E-05,6.50198017173317E-05,7.82865111707379E-05,8.34300473369125E-05,9.53045857095166E-05,9.66462289044423E-05,9.79896523215583E-05,9.93457181572569E-05,0.000104809431342,0.000111738603586,0.000120870188223,0.000121375418557,0.000122434066678,0.000122906004826,0.000124008813741,0.00012452744925,0.000125590130842,0.000127677883547,0.000133145756903,0.000135916657949,0.000137036678046,0.000138175380738,0.00013873075197,0.000139061264138,0.00013950476259,0.00014038746139,0.000141228090877,0.000142041100693,0.000142389297687,0.000142547534049,0.000142576402736,0.000142839601565
YPL013C,13652.3,YPL013C_translation_Ribosome,2.44678694451231E-06,3.96566558285196E-06,7.6472022262843E-06,1.9234397482821E-05,2.44559494831157E-05,2.71389712064192E-05,2.98838386049871E-05,3.5472211550649E-05,4.40697181402241E-05,4.63804647868106E-05,4.75262962953271E-05,4.76385384795471E-05,4.77476587745691E-05,4.78547129456213E-05,4.82542055381006E-05,4.86964155623267E-05,4.57265858525529E-05,4.50435971154613E-05,4.37034835809433E-05,4.29920241688387E-05,4.16656936598718E-05,4.09765101687983E-05,3.96136182572987E-05,3.68280773270421E-05,2.98745391431789E-05,2.63403287232954E-05,2.49192417114167E-05,2.35007207811731E-05,2.28698049144142E-05,2.29311030375583E-05,2.30107347998116E-05,2.31772782705619E-05,2.33334283122468E-05,2.34801003089053E-05,2.35487619167332E-05,2.35788796015069E-05,2.3578848453211E-05,2.36319985201734E-05
YPL015C,39967.6,YPL015C_translation_Ribosome,0,0,0,0,0,0,0,0,0,0,0,0,0,0,0,0,0,0,0,0,0,0,0,0,0,0,0,0,0,0,0,0,0,0,0,0,0,0
YPL023C,73917.1,YPL023C_translation_Ribosome,0,1.5942216799474E-06,0,0,6.31349090250048E-06,0,0,7.87636532442921E-06,0,0,1.0106621066443E-05,1.01923066081503E-05,0,0,0,0,0,0,0,0,1.17595738417884E-05,0,0,1.19278342644679E-05,0,0,1.23520442839512E-05,0,0,0,0,0,0,1.264052353461E-05,1.26610361863905E-05,0,0,0
YPL028W,41729.2,YPL028W_translation_Ribosome,8.25610090239362E-05,0.00012180721944,0.000188040532224,0.00030630803702,0.000341080835413,0.000356450660373,0.000370826844709,0.000396445936193,0.000428653913401,0.000439282856411,0.000460586146451,0.000462753300843,0.000464879775651,0.000466980348173,0.000475019610912,0.000484315524817,0.000495120615764,0.000495666847853,0.000496800344969,0.000497302283805,0.000498454902953,0.000498991530189,0.000500078643674,0.000502167031561,0.000507347881338,0.00050982417288,0.000510797465087,0.000511770921453,0.000512240506167,0.000512516995613,0.000512885363531,0.000513614091228,0.000514298399456,0.000514953156294,0.000515230456999,0.000515361000682,0.000515385387478,0.000515600814427
YPL030W,64862.8,YPL030W_translation_Ribosome,0,0,0,0,0,0,0,0,0,0,0,0,0,0,0,0,0,0,0,0,0,0,0,0,0,0,0,0,0,0,0,0,0,0,0,0,0,0
YPL036W,102138.6,YPL036W_translation_Ribosome,0,0,0,0,0,0,0,0,0,0,0,0,0,0,0,0,0,0,0,0,0,0,0,0,0,0,0,0,0,0,0,0,0,0,0,0,0,0
YPL040C,115800.7,YPL040C_translation_Ribosome,7.92181220568451E-08,1.28385179786452E-07,2.47543444552951E-07,6.22479860610017E-07,7.91399317036793E-07,8.78187750895559E-07,9.66972040292793E-07,1.14771480046462E-06,1.42574218185278E-06,1.50043923732147E-06,1.5373602242387E-06,1.54097472360206E-06,1.54448821101605E-06,1.54793476826263E-06,1.56079143625683E-06,1.57501292748543E-06,1.47884472497774E-06,1.45674727896823E-06,1.41338897524305E-06,1.3903714044884E-06,1.34745928078018E-06,1.32516220357959E-06,1.28106870719528E-06,1.19095085803425E-06,9.65997661179947E-07,8.51668140540506E-07,8.05697867930157E-07,7.59811037587916E-07,7.3940182797953E-07,7.41382560585164E-07,7.43955760525634E-07,7.49337181345169E-07,7.54382824360689E-07,7.59117754284169E-07,7.61340784840144E-07,7.62313155665341E-07,7.62303336683446E-07,7.64020577106788E-07
YPL043W,77842.3,YPL043W_translation_Ribosome,5.67424911446624E-06,7.52051739472342E-06,1.14727362054828E-05,2.24161437005296E-05,2.70967860445956E-05,2.94700647872513E-05,3.19042259818715E-05,3.68077822874714E-05,4.43180813092224E-05,4.72298428709594E-05,5.39520322907793E-05,5.47115380001474E-05,5.54720514952834E-05,5.62397218776827E-05,5.93327360065727E-05,6.32553481441489E-05,6.84247483944719E-05,6.87107598502238E-05,6.93100617325999E-05,6.95772264445996E-05,7.02015278014247E-05,7.04951279414864E-05,7.10967131765758E-05,7.22785923119024E-05,7.53739615187567E-05,7.69425716918251E-05,7.75766163181145E-05,7.82212371826179E-05,7.85356334564209E-05,7.87227367636414E-05,7.89738017320076E-05,7.94734985074538E-05,7.99493797977059E-05,8.04096255613646E-05,8.06067402684264E-05,8.06963180493712E-05,8.0712660645579E-05,8.08616577957808E-05
YPL053C,52115.4,YPL053C_translation_Ribosome,0,0,0,0,0,0,0,0,0,0,0,0,0,0,0,0,0,0,0,0,0,0,0,0,0,0,0,0,0,0,0,0,0,0,0,0,0,0
YPL057C,44819.4,YPL057C_translation_Ribosome,1.72807599155263E-07,2.54953438675204E-07,3.93585704701139E-07,6.41130203047703E-07,7.13912789855929E-07,7.46083212457595E-07,7.76173856086661E-07,8.29796913074478E-07,8.97211099029494E-07,9.19458430364167E-07,9.64048127722288E-07,9.68584176298948E-07,9.73035078856138E-07,9.77431765605179E-07,9.94258663791404E-07,1.01371584561171E-06,1.03633187038246E-06,1.0374751831519E-06,1.03984769431193E-06,1.04089829732813E-06,1.04331083261812E-06,1.04443404156683E-06,1.04670946762595E-06,1.05108065084026E-06,1.0619246342444E-06,1.06710773461011E-06,1.06914492252341E-06,1.07118245403375E-06,1.0721653369716E-06,1.07274405418832E-06,1.07351508128955E-06,1.07504037374026E-06,1.0764726922557E-06,1.07784315706271E-06,1.07842357231771E-06,1.07869681195689E-06,1.07874785570856E-06,1.07919876364131E-06
YPL059W,16925.6,YPL059W_translation_Ribosome,0,0,0,0,0,0,0,0,0,0,0,0,0,0,0,0,0,0,0,0,0,0,0,0,0,0,0,0,0,0,0,0,0,0,0,0,0,0
YPL061W,54405.6,YPL061W_translation_Ribosome,0.001950940449188,0.002878339737382,0.004443452085374,0.007238147602497,0.008059838990595,0.00842303245694,0.00876274591129,0.009368132580126,0.010129216601384,0.010380381680027,0.010883784774259,0.010934995280887,0.010985244517238,0.011034881675299,0.011224851867189,0.011444517113697,0.011699844685212,0.011712752315461,0.011739537196947,0.011751398164316,0.011778634905628,0.011791315570624,0.011817004393548,0.011866353636417,0.01198877870167,0.012047294230841,0.012070293424926,0.012093296498379,0.012104392929786,0.012110926460568,0.012119631107972,0.012136851168131,0.012153021582702,0.01216849368896,0.012175046390296,0.012178131177846,0.012178707445369,0.01218379805076
YPL063W,55098.2,YPL063W_translation_Ribosome,2.51437141395589E-05,3.83068693005716E-05,6.87229985905712E-05,0.000160723135517,0.000201679070077,0.00022273394273,0.000244254017342,0.000288155664485,0.000356761990923,0.000378073586531,0.000387543581848,0.000388514306264,0.000389468055167,0.000390407829585,0.000394323262322,0.000399242806137,0.000371040188216,0.000365698605863,0.000355220330769,0.000349656297425,0.000339291852597,0.000333902706685,0.000323258545683,0.000301497529016,0.000247226761084,0.000219657343841,0.000208578766526,0.000197517390399,0.00019260450739,0.000193128669769,0.000193815549282,0.000195231754413,0.000196569842723,0.000197837077082,0.000198413149618,0.000198667263118,0.000198688862126,0.000199141457968
YPL069C,38641.7,YPL069C_translation_Ribosome,0,0,0,0,0,0,0,0,0,0,0,0,0,0,0,0,0,0,0,0,0,0,0,0,0,0,0,0,0,0,0,0,0,0,0,0,0,0
YPL078C,26930.4,YPL078C_translation_Ribosome,0.000392576908576,0.000515926385267,0.000735927645115,0.001179488217595,0.001326999003852,0.00139571408425,0.001461771984558,0.001586203780941,0.001756361143094,0.001777704381693,0.00168037853727,0.00167019339815,0.001660135307105,0.00165014083077,0.001611220753878,0.001564798330736,0.00140242331642,0.001378103976652,0.001330310511876,0.001305688947688,0.001258806768974,0.001234954563464,0.001187934889066,0.001093735910387,0.000865508096599,0.000753791924166,0.000709614435842,0.000665887939422,0.000646441100086,0.000647293205633,0.000648364369361,0.000650706149351,0.000652860434565,0.000654778577917,0.000655814986543,0.000656215607692,0.000656058143074,0.000656822105587
YPL079W,18294.7,YPL079W_translation_Ribosome,0.001036403589073,0.001114783486728,0.001259871235086,0.001573500547566,0.001684899933821,0.001737741075486,0.001790256491562,0.001890011565879,0.002031038688393,0.002082750601154,0.002197467498355,0.002209981677418,0.002222423235467,0.002234911963597,0.002284406479496,0.002345376208061,0,0,0,0,0,0,0,0,0,0,0,0,0,0,0,0,0,0,0,0,0,0
YPL081W,22456.2,YPL081W_translation_Ribosome,0,0,0,0,0,0,0,0,0,0,0,0,0,0,0,0,0,0,0,0,0,0,0,0,0,0,0,0,0,0,0,0,0,0,0,0,0,0
YPL083C,54658.4,YPL083C_translation_Ribosome,0,0,0,0,0,0,0,0,0,0,0,0,0,0,0,0,0,0,0,0,0,0,0,0,0,0,0,0,0,0,0,0,0,0,0,0,0,0
YPL087W,37230,YPL087W_translation_Ribosome,6.84339916994859E-08,1.00964781591451E-07,1.55864909762191E-07,2.53895657414002E-07,2.82718480981047E-07,2.95458374620283E-07,3.07374649520298E-07,3.28610057307576E-07,3.55306926337821E-07,3.64117150513898E-07,3.81775233803084E-07,3.83571566326417E-07,3.85334179950741E-07,3.87075323430333E-07,3.93738987623519E-07,4.01444277354378E-07,4.10400508787512E-07,4.10853275083418E-07,4.1179281946588E-07,4.12208871528614E-07,4.13164265972006E-07,4.13609070901037E-07,4.14510168357406E-07,4.1624121211512E-07,4.20535566494743E-07,4.22588139698378E-07,4.23394891840204E-07,4.24201780050919E-07,4.24591014107317E-07,4.2482019343394E-07,4.25125529903584E-07,4.25729564977357E-07,4.26296781198635E-07,4.26839502570224E-07,4.27069354341372E-07,4.27177560689309E-07,4.27197774659603E-07,4.27376339895636E-07
YPL090C,27023.9,YPL090C_translation_Ribosome,0,0,0,0,0,0,0,0,0,0,0,0,0,0,0,0,0,0,0,0,0,0,0,0,0,0,0,0,0,0,0,0,0,0,0,0,0,0
YPL091W,53442.5,YPL091W_translation_Ribosome,0,0,0,0,0,0,0,0,0,0,0,0,0,0,0,0,0,0,0,0,0,0,0,0,0,0,0,0,0,0,0,0,0,0,0,0,0,0
YPL092W,52552.6,YPL092W_translation_Ribosome,0,0,0,0,0,0,0,0,0,0,0,0,0,0,0,0,0,0,0,0,0,0,0,0,0,0,0,0,0,0,0,0,0,0,0,0,0,0
YPL093W,74421.2,YPL093W_translation_Ribosome,5.42487090177853E-06,7.18999732968053E-06,1.09685196312991E-05,2.1430974079207E-05,2.59059063463189E-05,2.81748815945185E-05,3.05020635649519E-05,3.51901129228243E-05,4.23703409679557E-05,4.51541331932413E-05,5.15808883539997E-05,5.23070144615019E-05,5.3034104063482E-05,5.37680360138819E-05,5.67251149168556E-05,6.04753317323015E-05,6.54175414294629E-05,6.56909829355694E-05,6.62639460320952E-05,6.65193690921111E-05,6.71162329583708E-05,6.73969296328468E-05,6.79720757307605E-05,6.91020123270066E-05,7.20613428043583E-05,7.3561013952461E-05,7.41671928801393E-05,7.47834832297484E-05,7.50840620663443E-05,7.52629423492665E-05,7.55029732350931E-05,7.5980708780739E-05,7.64356755106289E-05,7.68756938814427E-05,7.70641455720683E-05,7.71497864890408E-05,7.71654108426494E-05,7.73078597003347E-05
YPL097W,55301.1,YPL097W_translation_Ribosome,1.85682622543432E-07,3.01242212456127E-07,5.81909429888041E-07,1.46899847494646E-06,1.87019804506814E-06,2.07665725580327E-06,2.28806754625092E-06,2.71908393174592E-06,3.38364245561319E-06,3.5632379953091E-06,3.65635667854037E-06,3.66555066892728E-06,3.67450476308637E-06,3.68330335446712E-06,3.71629577172757E-06,3.75315031104045E-06,3.52784157378936E-06,3.47538374833984E-06,3.37246152586199E-06,3.31778214828186E-06,3.21590551831E-06,3.16294248172451E-06,3.05820268069093E-06,2.8440409661263E-06,2.30912486935646E-06,2.03704303354816E-06,1.92760271920523E-06,1.81834225889425E-06,1.76974857501823E-06,1.77453816100193E-06,1.78076075261279E-06,1.79377539685183E-06,1.8059787792439E-06,1.81751597762243E-06,1.82280989228169E-06,1.82517725469731E-06,1.82531979867219E-06,1.82947586636206E-06
YPL104W,75471.5,YPL104W_translation_Ribosome,8.50184151707886E-08,1.37863712968683E-07,2.66084820709042E-07,6.70509648788061E-07,8.53092440707955E-07,9.46981786770158E-07,1.04307964095795E-06,1.23886782258446E-06,1.54041847371249E-06,1.62169531583171E-06,1.66294759927113E-06,1.6670054909623E-06,1.67095422472102E-06,1.67483146805951E-06,1.68933733850517E-06,1.70547251713728E-06,1.60230428471094E-06,1.57842793403076E-06,1.53158102433592E-06,1.50670124122765E-06,1.4603332089044E-06,1.43623346615545E-06,1.38857448501332E-06,1.29114601644172E-06,1.04786511115757E-06,9.24167481077231E-07,8.74420582033175E-07,8.2475941523727E-07,8.02672134149893E-07,8.04834157206699E-07,8.07642892783957E-07,8.13517405290146E-07,8.19025473976891E-07,8.24218058284887E-07,8.26621763682098E-07,8.27687585130484E-07,8.27723238949432E-07,8.29598678235315E-07
YPL106C,77339.9,YPL106C_translation_Ribosome,4.26645015357465E-05,5.86020724662928E-05,9.01152362216258E-05,0.00019519053558,0.000238125896736,0.00027732745198,0.000273822029825,0.00031946573718,0.000392043144299,0.000409938890011,0.00047725611396,0.000487252710626,0.000498355698163,0.000505578051411,0.000554155748172,0.00060361822714,0.000708951868784,0.000714904590171,0.000721395002169,0.000725344772741,0.000734046163984,0.000738843189156,0.000746764645579,0.000764228414871,0.00080717548772,0.000828056525023,0.000838782549438,0.000847102881576,0.000851583893257,0.000854747119744,0.000869250166157,0.000867422214172,0.000876129360196,0.000892782873079,0.000887228823143,0.000887502428741,0.00088684753994,0.000888690734931
YPL110C,138002.7,YPL110C_translation_Ribosome,0,0,0,0,0,0,0,0,0,0,0,0,0,0,0,0,0,0,0,0,0,0,0,0,0,0,0,0,0,0,0,0,0,0,0,0,0,0
YPL111W,35651.2,YPL111W_translation_Ribosome,0,0,0,0,0,0,0,0,0,0,0,0,0,0,0,0,0,0,0,0,0,0,0,0,0,0,0,0,0,0,0,0,0,0,0,0,0,0
YPL117C,33331.8,YPL117C_translation_Ribosome,7.71952488265683E-10,1.1389079087916E-09,1.75819504220345E-09,2.86400631664531E-09,3.1891349525597E-09,3.33284412910833E-09,3.46726268093446E-09,3.70680337516614E-09,4.00795071386404E-09,4.10733223912721E-09,4.30651982112461E-09,4.32678289984789E-09,4.34666562098288E-09,4.36630615353299E-09,4.44147394701015E-09,4.52839153624954E-09,4.62942005977483E-09,4.63452737647517E-09,4.6451256713554E-09,4.64981884235347E-09,4.66059592987288E-09,4.66561344037051E-09,4.67577804433956E-09,4.69530464950868E-09,4.74374603757512E-09,4.76689957505768E-09,4.77599994035637E-09,4.78510184054433E-09,4.78949249774525E-09,4.79207769768812E-09,4.79552196919121E-09,4.8023356354211E-09,4.80873397581501E-09,4.81485600819671E-09,4.81744879348176E-09,4.81866938806486E-09,4.81889740668974E-09,4.82091166707113E-09
YPL118W,39467.1,YPL118W_translation_Ribosome,7.0733565053333E-06,1.14642455941472E-05,2.21071097899244E-05,5.560424901989E-05,7.06991059268457E-05,7.84553877735523E-05,8.63904577695251E-05,0.000102545748371,0.000127400069791,0.000134080150728,0.000137392606998,0.000137717085182,0.000138032538372,0.000138342018656,0.000139496902016,0.000140775276154,0.000132189868118,0.00013021543269,0.000126341331266,0.00012428459066,0.000120450334247,0.000118457990557,0.00011451803968,0.000106465387566,8.63635741829402E-05,7.61466117617672E-05,7.20384260929406E-05,6.79376586467217E-05,6.61137594059372E-05,6.62909646501774E-05,6.65211701630967E-05,6.70026266073916E-05,6.74540369419275E-05,6.78780474280228E-05,6.8076539589952E-05,6.81636060678885E-05,6.81635160220419E-05,6.83171662500484E-05
YPL126W,101223,YPL126W_translation_Ribosome,7.37856561424336E-06,9.77937872141611E-06,1.49186853025615E-05,2.91490528131711E-05,3.52355720963037E-05,3.83216884388044E-05,4.14869738761955E-05,4.78633615204679E-05,5.7629452680142E-05,6.14157904497571E-05,7.01570555413902E-05,7.11446862565587E-05,7.21336274558572E-05,7.31318751838612E-05,7.71539065108984E-05,8.22547137635345E-05,8.89767941945913E-05,8.93487120025898E-05,9.01280200965151E-05,9.04754303560109E-05,9.12872467622823E-05,9.16690325905206E-05,9.2451309864592E-05,9.39881780161647E-05,9.80132717919834E-05,0.00010005302945,0.000100877515613,0.00010171575469,0.000102124582976,0.0001023678846,0.0001026943594,0.000103344145014,0.000103962961928,0.000104561447031,0.000104817767078,0.000104934250426,0.000104955501681,0.00010514925159
YPL131W,33713.1,YPL131W_translation_Ribosome,0.001909863394249,0.00205430027092,0.002321665014215,0.002899614714106,0.003104899230864,0.003202273808915,0.003299048146495,0.003482874762726,0.003742756667541,0.003838050325601,0.004049448283863,0.004072509157787,0.004095436207187,0.00411845018065,0.004209657665002,0.004322011437191,0.004466546277365,0.004474589355335,0.004491358601301,0.004498782067956,0.00451619082376,0.004524335741484,0.004540972351598,0.004573459876879,0.004657395547555,0.004699279933939,0.004716084491229,0.004733129488016,0.004741391915959,0.004746332325078,0.004752972839685,0.004766107330367,0.004778583856449,0.004790627907896,0.004795778175117,0.004798004943016,0.004798394141837,0.004802120376694
YPL134C,34225.7,YPL134C_translation_Ribosome,9.9621854971279E-06,1.85396808548063E-05,3.11766203772814E-05,1.06723706530792E-05,6.8699937425096E-05,7.32314235557871E-05,7.80852296900756E-05,8.70465501872678E-05,8.11943772213473E-05,0.000104565190868,0.000114819043645,0.000115918449406,0.000117021148956,0.000118123920945,0.000122556965223,0.000128020288943,0.000135081501475,0.000135425700908,0.000136209298852,0.000136530270428,0.000137334104275,0.000137718569284,0.00013846284235,2.68067902149303E-05,0.000143747870961,0.000116107309108,0.000146423924479,0.000147207726638,0.000147587945117,0.000147826487779,0.000148116167736,0.000148781491436,0.000149385235302,0.000149963353305,0.00015021495709,0.000150298939626,0.000150326507866,0.000150519606688
YPL143W,12170.4,YPL143W_translation_Ribosome,0.000689459036795,0.0007416006246,0.000838119066149,0.001046758408944,0.001120865942299,0.001156018080925,0.001190953533259,0.001257314783045,0.001351131926362,0.001385532854667,0.001461847335129,0.00147017229071,0.001478448935754,0.001486756960309,0.001519682783433,0.001560242398213,0.001612419350758,0.001615322894963,0.001621376578282,0.001624056443337,0.001630340989155,0.001633281297423,0.001639287099314,0.001651015067898,0.001681315772562,0.001696435999894,0.00170250243057,0.001708655659698,0.001711638389053,0.001713421872481,0.001715819092522,0.001720560632321,0.001725064647467,0.001729412539643,0.001731271781665,0.001732075642954,0.001732216143393,0.00173356131096
YPL146C,52574.4,YPL146C_translation_Ribosome,3.83236675488255E-06,5.07932948688755E-06,7.74864337720666E-06,1.51397801114449E-05,1.83010685478588E-05,1.99039721867271E-05,2.15479956072894E-05,2.48598393045226E-05,2.99322673402967E-05,3.18988602730773E-05,3.64390020139224E-05,3.69519693461646E-05,3.74656173331675E-05,3.79840990552186E-05,4.00731092979518E-05,4.27224269512815E-05,4.62138206603649E-05,4.64069917341806E-05,4.68117579973151E-05,4.69922000504733E-05,4.74138508657018E-05,4.76121473086854E-05,4.80184557397529E-05,4.88166925134905E-05,5.09072933671246E-05,5.19667268458754E-05,5.23949582290744E-05,5.28303327642403E-05,5.30426748386322E-05,5.31690437166732E-05,5.33386120628407E-05,5.36761054070894E-05,5.39975138611848E-05,5.43083621387524E-05,5.44414926790236E-05,5.45019931792208E-05,5.45130309079374E-05,5.46136630292078E-05
YPL147W,100057.5,YPL147W_translation_Ribosome,0,0,0,0,0,0,0,0,0,0,0,0,0,0,0,0,0,0,0,0,0,0,0,0,0,0,0,0,0,0,0,0,0,0,0,0,0,0
YPL148C,19977.4,YPL148C_translation_Ribosome,0,0,0,0,0,0,0,0,0,0,0,0,0,0,0,0,0,0,0,0,0,0,0,0,0,0,0,0,0,0,0,0,0,0,0,0,0,0
YPL160W,124120.4,YPL160W_translation_Ribosome,0,0,0,0,0,0,0,0,0,0,0,0,0,0,0,0,0,0,0,0,0,0,0,0,0,0,0,0,0,0,0,0,0,0,0,0,0,0
YPL169C,67361.6,YPL169C_translation_Ribosome,4.91026728589763E-06,6.50795370301753E-06,9.92804512686867E-06,1.93980304474251E-05,2.34484703409538E-05,2.55022104456434E-05,2.760863577901E-05,3.18519764618432E-05,3.8351087595296E-05,4.08708091042585E-05,4.66879218414482E-05,4.73451675779201E-05,4.80032854117194E-05,4.86675965283106E-05,5.13441667291479E-05,5.47386377271342E-05,5.92120290825048E-05,5.94595319090884E-05,5.99781436880295E-05,6.02093372995215E-05,6.0749582619584E-05,6.10036523887813E-05,6.1524240089453E-05,6.25469908247501E-05,6.52255990154695E-05,6.65830112583524E-05,6.71316880124856E-05,6.76895170183902E-05,6.79615829264814E-05,6.81234946138244E-05,6.83407561537982E-05,6.87731736736928E-05,6.9184982229214E-05,6.95832604279989E-05,6.97538355786717E-05,6.98313525925432E-05,6.98454948189254E-05,6.99744309684615E-05
YPL172C,52176.4,YPL172C_translation_Ribosome,0,0,0,0,0,0,0,0,0,0,0,0,0,0,0,0,0,0,0,0,0,0,0,0,0,0,0,0,0,0,0,0,0,0,0,0,0,0
YPL173W,33762.4,YPL173W_translation_Ribosome,6.05095108775829E-06,9.80716712015418E-06,1.89116779183508E-05,4.75670342414095E-05,6.04800325826964E-05,6.7115196813695E-05,7.390330658695E-05,8.77234601684428E-05,0.000108985259021,0.000114699779841,0.000117533443159,0.000117811020236,0.00011808087682,0.00011834562384,0.000119333576691,0.000120427170571,0.000113082724683,0.000111393680424,0.000108079553925,0.00010632010114,0.000103040060328,0.000101335696324,9.79652384616674E-05,9.10765422636863E-05,7.38803088393649E-05,6.51401386204076E-05,6.16257631576756E-05,5.81177336640918E-05,5.65574666131288E-05,5.67090580484796E-05,5.6905988925321E-05,5.73178541258263E-05,5.77040161767177E-05,5.80667388402968E-05,5.82365403146366E-05,5.83110219272883E-05,5.83109448969544E-05,5.84423860329397E-05
YPL183WA,10716.3,YPL183WA_translation_Ribosome,1.92059234952918E-06,3.11282802791591E-06,6.00263056170246E-06,1.50979376182148E-05,1.91965669847507E-05,2.13025905627147E-05,2.34571595733044E-05,2.78437230825736E-05,3.45922899808885E-05,3.64060982248337E-05,3.7305512550238E-05,3.73936164535185E-05,3.74792698465397E-05,3.75633014465813E-05,3.78768810242924E-05,3.82239914219994E-05,3.58928394462261E-05,3.53567310832913E-05,3.43048161187831E-05,3.37463598514922E-05,3.27052637993073E-05,3.21642928973062E-05,3.10944981673923E-05,2.89080026852458E-05,2.34498600104047E-05,2.06757004092681E-05,1.95602257459955E-05,1.8446765314803E-05,1.79515312734365E-05,1.79996469079485E-05,1.80621534346023E-05,1.81928808428486E-05,1.83154499844371E-05,1.84305793851821E-05,1.84844749476856E-05,1.85081156635606E-05,1.8508091213872E-05,1.8549811075184E-05
YPL188W,46254.4,YPL188W_translation_Ribosome,0,0,0,0,0,0,0,0,0,0,0,0,0,0,0,0,0,0,0,0,0,0,0,0,0,0,0,0,0,0,0,0,0,0,0,0,0,0
YPL189W,71314.3,YPL189W_translation_Ribosome,0,0,0,0,0,0,0,0,0,0,0,0,0,0,0,0,0,0,0,0,0,0,0,0,0,0,0,0,0,0,0,0,0,0,0,0,0,0
YPL198W,27720.8,YPL198W_translation_Ribosome,0.001570396705711,0.001689160799514,0.001909003073762,0.002384225703563,0.002553022136764,0.002633088971414,0.002712662254713,0.002863814799665,0.003077504264799,0.003155860050423,0.003329683297808,0.003348645240609,0.003367497145389,0.003386420524003,0.003461416428628,0.003553799996087,0.003672644640973,0.003679258110389,0.003693046724121,0.003699150714393,0.003713465168948,0.003720162376718,0.003733841929819,0.003760554993607,0.003829571605538,0.003864011295097,0.003877828943777,0.003891844295286,0.003898638126542,0.003902700407765,0.003908160610989,0.003918960525245,0.003929219424136,0.003939122718148,0.003943357556463,0.00394518852981,0.003945508550891,0.003948572469997
YPL206C,37076.1,YPL206C_translation_Ribosome,0,0,0,0,0,0,0,0,0,0,0,0,0,0,0,0,0,0,0,0,0,0,0,0,0,0,0,0,0,0,0,0,0,0,0,0,0,0
YPL207W,89816.3,YPL207W_translation_Ribosome,0,0,0,0,0,0,0,0,0,0,0,0,0,0,0,0,0,0,0,0,0,0,0,0,0,0,0,0,0,0,0,0,0,0,0,0,0,0
YPL211W,20385.9,YPL211W_translation_Ribosome,1.48601306773563E-06,1.96952705093622E-06,3.0045624681099E-06,5.87050053588636E-06,7.09630073400351E-06,7.71783199810935E-06,8.35530759553397E-06,9.6394861011836E-06,1.16063370912945E-05,1.23688900993816E-05,1.41293452926828E-05,1.43282500968908E-05,1.45274188272661E-05,1.47284618546247E-05,1.5538482585386E-05,1.65657643945747E-05,1.79195640197536E-05,1.79944667517619E-05,1.81514162283824E-05,1.82213832399218E-05,1.83848797582685E-05,1.84617698693686E-05,1.86193173267794E-05,1.89288363140762E-05,1.97394738095511E-05,2.01502726955958E-05,2.03163208512525E-05,2.04851387880514E-05,2.05674751398565E-05,2.06164750963155E-05,2.06822257914853E-05,2.08130899680906E-05,2.09377171745703E-05,2.10582496371693E-05,2.1109871450845E-05,2.11333307227905E-05,2.11376106391346E-05,2.11766310818027E-05
YPL212C,62146.2,YPL212C_translation_Ribosome,0,0,0,0,0,0,0,0,0,0,0,0,0,0,0,0,0,0,0,0,0,0,0,0,0,0,0,0,0,0,0,0,0,0,0,0,0,0
YPL214C,58052.3,YPL214C_translation_Ribosome,0,0,0,0,0,0,0,0,0,0,0,0,0,0,0,0,0,0,0,0,0,0,0,0,0,0,0,0,0,0,0,0,0,0,0,0,0,0
YPL217C,135565,YPL217C_translation_Ribosome,9.88189687615365E-06,1.30972355726344E-05,1.99801583932678E-05,3.90384729223352E-05,4.71899699795048E-05,5.13231152327684E-05,5.55622893366769E-05,6.4101998602316E-05,7.7181438532581E-05,8.22523698400691E-05,9.3959290225231E-05,9.52819951233453E-05,9.66064551144827E-05,9.79433790670118E-05,0.000103329967855,0.000110161329652,0.000119164015145,0.000119662113775,0.000120705818286,0.000121171094674,0.000122258336616,0.000122769651197,0.000123817332245,0.000125875614759,0.000131266304995,0.0001339980927,0.000135102302876,0.000136224931929,0.00013677246368,0.000137098310422,0.000137535548562,0.000138405787408,0.000139234550781,0.000140036084356,0.000140379366289,0.000140535369026,0.000140563830211,0.000140823313791
YPL220W,24502.1,YPL220W_translation_Ribosome,0.001388055796478,0.001493030028924,0.001687346116044,0.002107389996367,0.002256587244856,0.002327357409832,0.00239769133038,0.002531293346616,0.002720171035703,0.002789428823896,0.0029430692163,0.00295982946199,0.002976492446323,0.002993218605566,0.003059506633138,0.003141163418232,0.003246208848863,0.003252054419301,0.003264242018235,0.003269637265848,0.003282289649508,0.003288209235325,0.003300300436806,0.003323911810224,0.003384914808954,0.003415355659057,0.003427568921652,0.003439956931529,0.003445961921746,0.003449552525941,0.003454378737501,0.003463924658942,0.003472992383053,0.003481745792053,0.003485488917499,0.003487107294027,0.003487390157022,0.003490098320291
YPL231W,206899.6,YPL231W_translation_Ribosome,0.005204268822302,0.007678170627461,0.01185321607321,0.01930825926098,0.021500177609387,0.022469021156571,0.023375230138395,0.024990140622668,0.027020384361149,0.027690384369311,0.029033246447664,0.029169853959712,0.029303897216621,0.02943630771177,0.029943066106855,0.030529038050287,0.031210141619662,0.031244573595043,0.031316024074773,0.031347664005822,0.031420319851131,0.031454146380412,0.031522673047957,0.031654315479369,0.031980892580233,0.032136986685865,0.032198338580074,0.032259700822046,0.032289301297107,0.032306729928617,0.03232995015923,0.032375885824008,0.032419021488358,0.032460294368152,0.03247777413773,0.032486003015065,0.032487540247261,0.032501119777951
YPL234C,17038.6,YPL234C_translation_Ribosome,0,0,0,0,0,0,0,0,0,0,0,0,0,0,0,0,0,0,0,0,0,0,0,0,0,0,0,0,0,0,0,0,0,0,0,0,0,0
YPL237W,31590.7,YPL237W_translation_Ribosome,0.000615023925255,0.000533825710636,0.000489675637806,0.000517912843546,0.000527886995147,0.000533662410512,0.000534620965077,0.00055236323732,0.000580998243741,0.000592133230173,0.000596327683444,0.000597939724456,0.00060113036842,0.000600389269998,0.000602210572795,0.000608960222931,0.000607920241463,0.00060755557524,0.000604888033334,0.000606003443543,0.00060151953054,0.000600822732582,0.000599284190097,0.000595912938987,0.000584408231653,0.0005800545518,0.00057818922518,0.000576019842092,0.000577920560061,0.000578615933258,0.000582679814228,0.000581326938367,0.000582947031009,0.000585822260542,0.000585139712887,0.000586224255276,0.000587001136694,0.000586772771985
YPL240C,81368.7,YPL240C_translation_Ribosome,2.02342623819538E-05,2.78750315104974E-05,4.55437923585839E-05,9.56494004257683E-05,0.000117647458505,0.000130337677028,0.000148452310371,0.00017470620105,0.00021826537763,0.000231988143899,0.000279756277745,0.000283197036852,0.000285718868488,0.000291465205924,0.000316572678529,0.000336788619958,0.000362723233846,0.00036383287809,0.000371165467231,0.000373951487728,0.000379583716698,0.000382353987261,0.000388028576647,0.000399247019466,0.000427727810215,0.000444668411927,0.000448040638807,0.000453874719072,0.000456975566191,0.000459488784564,0.000468723240366,0.000469574758765,0.000475909137258,0.000492278232773,0.000484755928259,0.000483003720127,0.000483020774629,0.000483204428098
YPL244C,38096,YPL244C_translation_Ribosome,0,0,0,0,0,0,0,0,0,0,0,0,0,0,0,0,0,0,0,0,0,0,0,0,0,0,0,0,0,0,0,0,0,0,0,0,0,0
YPL249CA,11155.6,YPL249CA_translation_Ribosome,0,0,0,0,0,0,0,0,0,0,0,0,0,0,0,0,0.00147797157935,0.001480633018393,0.001486181929656,0.001488638340505,0.001494398864344,0.001497094001967,0.001502599024281,0.001513349083962,0.00154112323608,0.001554982699041,0.001560543294754,0.001566183451433,0.001568917472961,0.001570552244844,0.001572749578365,0.00157709575609,0.001581224214593,0.001585209568071,0.001586913781596,0.001587650614815,0.001587779399957,0.00158901240391
YPL252C,18926.7,YPL252C_translation_Ribosome,0,0,0,0,0,0,0,0,0,0,0,0,0,0,0,0,0,0,0,0,0,0,0,0,0,0,0,0,0,0,0,0,0,0,0,0,0,0
YPL258C,61321.8,YPL258C_translation_Ribosome,0,0,0,0,0,0,0,0,0,0,0,0,0,0,0,0,0,0,0,0,0,0,0,0,0,0,0,0,0,0,0,0,0,0,0,0,0,0
YPL262W,53156.5,YPL262W_translation_Ribosome,4.71501195758596E-05,6.05303775585153E-05,8.42855565364669E-05,0.000131826525535,0.000147494036806,0.000154819074888,0.000161749090746,0.000174880024527,0.00019272164239,0.000191795357107,0.000173898434818,0.000172016218978,0.000170153249841,0.000168296377479,0.000160995227021,0.000152238776821,0.000129429737695,0.000125940460624,0.000119046534481,0.000115531669274,0.000108748146049,0.000105311181113,9.85371186786842E-05,8.49815501901056E-05,5.20195956447304E-05,3.58705765190249E-05,2.94864100077551E-05,2.31512361080046E-05,2.03219571190907E-05,2.0347222242542E-05,2.03839043521593E-05,2.04460831830199E-05,2.05132963051363E-05,2.05734245531982E-05,2.06008308700478E-05,2.06145902296895E-05,2.0619168257885E-05,2.06465202557732E-05
YPL265W,68111,YPL265W_translation_Ribosome,0,0,0,0,0,0,0,0,0,0,0,0,0,0,0,0,0,0,0,0,0,0,0,0,0,0,0,0,0,0,0,0,0,0,0,0,0,0
YPL268W,100571.8,YPL268W_translation_Ribosome,0,0,0,0,0,0,0,0,0,0,0,0,0,0,0,0,0,0,0,0,0,0,0,0,0,0,0,0,0,0,0,0,0,0,0,0,0,0
YPL271W,6746.7,YPL271W_translation_Ribosome,9.83497693716558E-05,0.000129251720861,0.000184367222295,0.000295489601255,0.000332444530319,0.000349659277701,0.000366208338837,0.000397381436922,0.000440009867069,0.000445356851438,0.000420974433257,0.000418422815825,0.00041590302693,0.00041339917502,0.000403648778339,0.000392018867079,0.000351340098509,0.000345247530645,0.000333274141137,0.000327105858931,0.000315360768063,0.000309385228341,0.000297605691563,0.000274006626957,0.000216830179846,0.000188842645292,0.000177775143121,0.000166820625052,0.0001619487334,0.000162162205925,0.000162430557688,0.000163017228776,0.000163556928002,0.000164037468127,0.000164297112917,0.000164397477959,0.00016435802936,0.000164549419978
YPL273W,36658.8,YPL273W_translation_Ribosome,0,0,0,0,0,0,0,0,0,0,0,0,0,0,0,0,0,0,0,0,0,0,0,0,0,0,0,0,0,0,0,0,0,0,0,0,0,0
YPL274W,64357.2,YPL274W_translation_Ribosome,0,0,0,0,0,0,0,0,0,0,0,0,0,0,0,0,0,0,0,0,0,0,0,0,0,0,0,0,0,0,0,0,0,0,0,0,0,0
YPR001W,53817.9,YPR001W_translation_Ribosome,0,0.001690818906621,0.002381295365491,0.003765828518489,0.004224047320267,0.004436319539728,0.004640852251105,0.005025022672679,0,0.005544851591967,0.005126940449567,0.00508293264345,0.003968295678484,0.004996129783456,0.004826312857272,0.004622695559126,0.004063541852923,0.003974537234974,0.003799332883765,0.003709491488639,0.003537299714265,0.002586196802635,0.003277531905282,0.002932438428143,0.002094901780026,0.001684739507618,0.001522519050474,0.001361823834707,0.001290139165124,0.001291835197038,0.001293970450834,0.001298628895056,0.001302918475277,0.001307016311662,0.00130879258513,0.001309444077344,0.001309702015555,0.001311361854552
YPR002W,57696.3,YPR002W_translation_Ribosome,0,0,0,0,0,0,0,0,0,0,0,0,0,0,0,0,0,0,0,0,0,0,0,0,0,0,0,0,0,0,0,0,0,0,0,0,0,0
YPR006C,64976.6,YPR006C_translation_Ribosome,0,0,0,0,0,0,0,0,0,0,0,0,0,0,0,0,0,0,0,0,0,0,0,0,0,0,0,0,0,0,0,0,0,0,0,0,0,0
YPR016C,26442.9,YPR016C_translation_Ribosome,1.92753299824028E-06,2.55470726606141E-06,3.89726943073317E-06,7.61472677784103E-06,9.20473320673512E-06,1.00109320531743E-05,1.08378125674091E-05,1.25035424987363E-05,1.50547786004735E-05,1.60438991660382E-05,1.83274157451906E-05,1.85854185729879E-05,1.88437637439365E-05,1.91045400975996E-05,2.01552318591332E-05,2.14877366861066E-05,2.32437733638418E-05,2.33409309802444E-05,2.35445128341399E-05,2.36352682429978E-05,2.38473423768349E-05,2.39470778566914E-05,2.41514353617105E-05,2.4552917740668E-05,2.56044095182739E-05,2.61372637883228E-05,2.63526476946117E-05,2.65716243314528E-05,2.66784242233952E-05,2.67419829060458E-05,2.6827269258736E-05,2.69970154232692E-05,2.71586715070438E-05,2.73150162284081E-05,2.73819757669541E-05,2.74124051903363E-05,2.74179567431202E-05,2.74685708275328E-05
YPR020W,12932.3,YPR020W_translation_Ribosome,0,0,0,0,0,0,0,0,0,0,0,0,0,0,0,0,0,0,0,0,0,0,0,0,0,0,0,0,0,0,0,0,0,0,0,0,0,0
YPR021C,104308.2,YPR021C_translation_Ribosome,9.66809104066096E-06,1.75507516257125E-05,3.26666449419795E-05,6.7864548399048E-05,8.1094811819899E-05,8.7679768254399E-05,9.40035314544702E-05,0.000106610565262,0.000125040360971,0.000131916675938,0.000146363740942,0.000147950634427,0.00014954037798,0.000151120703104,0.000157498386295,0.000165386016109,0.000174697479592,0.000175131544731,0.000176075770253,0.000176538124122,0.000177455953029,0.000177899545583,0.000178846041154,0.000180673620729,0.000185309169607,0.000187627819433,0.00018860591389,0.000189532274227,0.000190001821927,0.000190321952704,0.000190764577495,0.000191586585236,0.000192411823281,0.000193202857407,0.000193524881037,0.000193637430132,0.000193682061023,0.00019391737674
YPR026W,136884.5,YPR026W_translation_Ribosome,0,0,0,0,0,0,0,0,0,0,0,0,0,0,0,0,0,0,0,0,0,0,0,0,0,0,0,0,0,0,0,0,0,0,0,0,0,0
YPR033C,59954.2,YPR033C_translation_Ribosome,5.8440334989469E-06,7.1995945138203E-06,9.68099870965902E-06,1.50516426397654E-05,1.69509955118039E-05,1.78913299635819E-05,1.87291746793247E-05,2.04458045190707E-05,2.28376006524265E-05,2.37367927921337E-05,2.57009410013365E-05,2.59324906686493E-05,2.61698019423014E-05,2.63792035691402E-05,2.71928699658464E-05,2.83145997228732E-05,2.95433442918225E-05,2.96380891738313E-05,2.97928255968298E-05,2.98919994709021E-05,3.00451023481807E-05,3.01298023579575E-05,3.02911023308426E-05,3.0648006170213E-05,3.14800697722335E-05,3.18966430114988E-05,3.20900737321763E-05,3.22503190905751E-05,3.23313443035683E-05,3.23278677998474E-05,3.23257307483442E-05,3.23086494263728E-05,3.23109444050053E-05,3.22913973155561E-05,3.22971787961087E-05,3.23281604325237E-05,3.23330571006857E-05,3.23625442627037E-05
YPR035W,41759.5,YPR035W_translation_Ribosome,0.000821761774034,0.001409911475734,0.002513344704348,0.004965605619251,0.005853609204796,0.006281620354831,0.006697072300491,0.007505542705601,0.008648559406062,0.009073728255604,0.010001341962031,0.010104608573461,0.01020695458031,0.010309211969366,0.010707078262157,0.01121130617826,0.011847595285522,0.011883836997528,0.011954556943371,0.011988872409069,0.012061976898394,0.012095831459007,0.012168969007145,0.012311041047397,0.012673804077405,0.012855348518777,0.012929617035758,0.013003206848171,0.01303875837839,0.013054334175585,0.013076745123887,0.013116535743006,0.013156318004358,0.013194103150618,0.013210270425825,0.013221536526274,0.013223932825108,0.013241240025363
YPR036W,54409.3,YPR036W_translation_Ribosome,0,0,0,0,0,0,0,0,0,0,0,0,0,0,0,0,0,0,0,0,0,0,0,0,0,0,0,0,0,0,0,0,0,0,0,0,0,0
YPR041W,45240.4,YPR041W_translation_Ribosome,0.000880763274891,0.000764480960519,0.000701254537716,0.000741692466681,0.000755976246657,0.000764247101727,0.000765619828255,0.000791028176066,0.000832035787308,0.000847981975275,0.000853988766633,0.000856297337832,0.000860866594266,0.000859805282264,0.000862413533017,0.000872079569921,0.000870590233578,0.000870068002485,0.000866247869887,0.000867845226199,0.000861423905435,0.000860426035229,0.000858222719778,0.000853394819518,0.000836919161756,0.000830684345243,0.000828013048867,0.000824906319397,0.000827628299005,0.000828624128841,0.000834443930257,0.000832506504208,0.000834826605984,0.000838944163814,0.000837966701177,0.000839519852311,0.000840632408415,0.000840305371951
YPR043W,10108.2,YPR043W_translation_Ribosome,0.000572634411008,0.000615940924997,0.00069610490571,0.000869391585263,0.000930942049394,0.000960137872675,0.000989153725834,0.001044270466869,0.001122190867848,0.001150762768812,0.001214146226332,0.001221060569,0.001227934787056,0.001234835067557,0.001262181810909,0.001295868846514,0.001339204732904,0.001341616289264,0.001346644212893,0.00134886999117,0.001354089659056,0.001356531750034,0.00136151990545,0.001371260641337,0.001396427076531,0.001408985273625,0.001414023784649,0.001419134386656,0,0,0,0,0,0,0,0,0,0
YPR047W,54831.5,YPR047W_translation_Ribosome,3.73160051739536E-09,6.04429781431522E-09,1.16420274005895E-08,2.92079432986369E-08,3.71031974747983E-08,4.11558230323155E-08,4.52989523019778E-08,5.37258065565359E-08,6.66696102130198E-08,7.01355451808687E-08,7.18017512713099E-08,7.19640551212864E-08,7.21216471736993E-08,7.22760708840818E-08,7.28503481752467E-08,7.34817769274613E-08,6.89579768412433E-08,6.79258694962184E-08,6.59006556286325E-08,6.48259760116215E-08,6.28218221773751E-08,6.17807645089688E-08,5.97221059064756E-08,5.55157615784119E-08,4.50199564620007E-08,3.96882961638447E-08,3.75449923258917E-08,3.54058282213024E-08,3.44543882010855E-08,3.45460223445981E-08,3.46650272944312E-08,3.49140023770073E-08,3.51473880519669E-08,3.53666821564535E-08,3.54691980432969E-08,3.55142274161396E-08,3.55143969791151E-08,3.55938610356702E-08
YPR060C,29744.4,YPR060C_translation_Ribosome,2.54129418542081E-07,7.42370987957109E-07,1.66355826966761E-06,3.77067050457309E-06,4.52807562580903E-06,4.93770649448845E-06,5.26856752884961E-06,5.98129800695974E-06,7.01200008176644E-06,7.37689866715369E-06,8.18397364171605E-06,8.27150315491693E-06,8.36015050562254E-06,8.44676870627785E-06,8.80554081209518E-06,9.22989005738993E-06,9.7474255863573E-06,9.77372211012858E-06,9.83045210120682E-06,9.85827171274389E-06,9.91409930619664E-06,9.94388701168369E-06,9.9963606795911E-06,1.01079235906318E-05,1.03875972235734E-05,1.05287244677772E-05,1.05848202381768E-05,1.06406123958787E-05,1.06676096384418E-05,1.06796354164504E-05,1.06962145491515E-05,1.07279730984302E-05,1.0758286479033E-05,1.0788766999164E-05,1.07999117608024E-05,1.08099101077079E-05,1.0812098399232E-05,1.0823264551839E-05
YPR062W,17504.2,YPR062W_translation_Ribosome,0,0,0,0,0,0,0,0,0,0,0,0,0,0,0,0,0,0,0,0,0,0,0,0,0,0,0,0,0,0,0,0,0,0,0,0,0,0
YPR069C,33312.2,YPR069C_translation_Ribosome,0,0,0,0,0,0,0,0,0,0,0,0,0,0,0,0,0,0,0,0,0,0,0,0,0,0,0,0,0,0,0,0,0,0,0,0,0,0
YPR074C,73802.2,YPR074C_translation_Ribosome,7.66759191530142E-05,0.000204125097371,0.000354210627408,0.000232026929082,0.000785240714237,0.000286944136627,0.000889819342138,0.000988559201084,0.000744789565908,0.001236310904637,0.001350708678553,0.001363075940438,0.001375222780259,0.001387749703024,0.001436879870022,0.001162268046207,0.001495431004246,0.001499014371194,0.001506766239861,0.001509893241724,0.001518066032582,0.00152167795457,0.001529371495713,0.001543944656293,0.001582223376231,0.001601224924034,0.001608696584034,0.001616508275405,0.001620295600212,0.001622814326644,0.001626129846766,0.001632877738657,0.001639222327435,0.001645369235704,0.001647978100429,0.001649065272582,0.001094725981455,0.001651036133313
YPR080W,50045.3,YPR080W_translation_Ribosome,0.000929121375469,0.001143531173578,0.001540418292344,0.002398353799868,0.002703088608552,0.002847633461389,0.002991289280111,0.003264173239581,0.003649952450076,0.003791409393148,0.004105220675366,0.004139452819969,0.00417348543468,0.004207648788474,0.004343041810091,0.004509824189682,0.004724379001781,0.004736319139232,0.004761213075442,0.004772230651721,0.004798073044285,0.004810163683008,0.004834860169224,0.004883086052254,0.005007685110302,0.005069859254889,0.005094806539745,0.005120107169558,0.005132373829782,0.005139708007155,0.005149565038531,0.005169060832266,0.005187583761718,0.005205460289478,0.005213107295193,0.005216412543617,0.005216990640687,0.005222521173913
YPR081C,71019.2,YPR081C_translation_Ribosome,0.002399284752198,0.002932463905383,0.003897220845023,0.005860301306648,0.006521229774169,0.006816454958428,0.007139394431245,0.007700581616197,0.008460143801987,0.008722275042198,0.009340156968112,0.009407113216719,0.009473337654032,0.009540427754307,0.009803221872906,0.010122028890494,0.010582303976866,0.010608840972912,0.010661783658017,0.01068378399282,0.010741388079806,0.010766441363689,0.010820766862601,0.010924088267759,0.011194596017615,0.011328748562692,0.011382716375937,0.011437957536705,0.011465308393014,0.011492528170809,0.01153192584793,0.011602299306304,0.011670352143463,0.011737349605029,0.011765731789805,0.011772551713129,0.0117739554686,0.011785358460614
YPR100W,16138.1,YPR100W_translation_Ribosome,2.89229597864346E-06,4.68773083968439E-06,9.03959876709409E-06,2.27365813831745E-05,2.89088694471605E-05,3.20804136465148E-05,3.53250643328335E-05,4.1930963810166E-05,5.20938976083701E-05,5.48253831791E-05,5.61798467835909E-05,5.63125259360532E-05,5.64415147681982E-05,5.65680612781532E-05,5.70402931663106E-05,5.75630204424445E-05,5.4052446484994E-05,5.3245099698148E-05,5.16609793498253E-05,5.08199779699491E-05,4.92521502495826E-05,4.8437480772843E-05,4.68264345786507E-05,4.35337045561215E-05,3.53140716323649E-05,3.11363549709144E-05,2.94565175584344E-05,2.77797134577068E-05,2.7033920928291E-05,2.71063801652776E-05,2.72005112159006E-05,2.73973787902518E-05,2.75819605081833E-05,2.77553384261366E-05,2.78365018852818E-05,2.7872103374309E-05,2.78720665545559E-05,2.79348941437275E-05
YPR102C,19732,YPR102C_translation_Ribosome,0,0,0,0,0,0,0,0,0,0,0,0,0,0,0,0,0,0,0,0,0,0,0,0,0,0,0,0,0,0,0,0,0,0,0,0,0,0
YPR103W,31631.9,YPR103W_translation_Ribosome,0.000225819318893,0.000227221077868,0.000229926006648,0.000236810975283,0.000239461515159,0.000240321857841,0.000242470035369,0.000245531987101,0.000250383774809,0.000253938739565,0.000257095658845,0.000257435861272,0.000257780235083,0.000258127565741,0.000259594324869,0.000261279402237,0.000260948140726,0.000260898143966,0.000260826767666,0.000260747400302,0.000260698770979,0.000260663547414,0.000260563708193,0.000260331806699,0.000259824059984,0.000259536905278,0.000259416293193,0.000259307172565,0.000259273028722,0.000259378955434,0.000259517225997,0.000259800526518,0.000260069543973,0.000260331230561,0.000260438857667,0.000260501900038,0.00026050334118,0.000260573230823
YPR108W,48946.9,YPR108W_translation_Ribosome,0.000349430657657,0.000351599726109,0.000355785307073,0.000366439041793,0.000370540461886,0.000371871747936,0.00037519581733,0.000379933852201,0.000387441462169,0.000392942380685,0.000397827367434,0.00039835379342,0.000398886674166,0.000399424130311,0.000401693779379,0.000404301252007,0.000403788661108,0.000403711296599,0.000403600849593,0.000403478037293,0.000403402788743,0.000403348284135,0.000403193793877,0.00040283495172,0.000402049269302,0.000401604928852,0.000401418294863,0.000401249442645,0.000401196608789,0.000401360518771,0.000401574477321,0.000402012853841,0.000402429128883,0.00040283406021,0.000403000601365,0.000403098152529,0.000403100382538,0.000403208529104
YPR112C,101112.9,YPR112C_translation_Ribosome,7.37053996716584E-06,9.76874171601983E-06,1.49024582864504E-05,2.9117347462463E-05,3.51972464540307E-05,3.82800060356241E-05,4.14418486000847E-05,4.7811300663712E-05,5.7566769270837E-05,6.13489886504771E-05,7.00807458902723E-05,7.10673023620204E-05,7.20551678924883E-05,7.3052329828974E-05,7.70699864027526E-05,8.21652455202956E-05,8.88800143615413E-05,8.92515276354847E-05,9.00299880779756E-05,9.03770204602145E-05,9.11879538558428E-05,9.15693244166054E-05,9.23507508096728E-05,9.38859473136605E-05,9.79066630052028E-05,9.9944202024071E-05,0.000100767791395,0.000101605118722,0.000102013502326,0.000102256539312,0.000102582659006,0.00010323173785,0.000103849881678,0.00010444771581,0.000104703757059,0.000104820113708,0.000104841341849,0.000105034881016
YPR113W,24829,YPR113W_translation_Ribosome,4.74848748785423E-06,7.00572902726857E-06,1.08151308351462E-05,1.76172735582207E-05,1.96172272898949E-05,2.0501221107006E-05,2.13280657913417E-05,2.28015450619972E-05,2.46539833811233E-05,2.52653058865996E-05,2.64905623048771E-05,2.66152059548993E-05,2.6737509923046E-05,2.68583241240305E-05,2.73207014493747E-05,2.78553549303214E-05,2.84768085653154E-05,2.85082250447199E-05,2.85734180085323E-05,2.86022869662741E-05,2.86685797317214E-05,2.86994437890045E-05,2.87619690033116E-05,2.88820824063226E-05,2.91800584199033E-05,2.93224820595774E-05,2.93784608554381E-05,2.94344490928217E-05,2.94614572067896E-05,2.9477359467314E-05,2.94985461081839E-05,2.95404588027235E-05,2.95798167162799E-05,2.96174749849023E-05,2.96334239049091E-05,2.96409321106502E-05,2.96423347145709E-05,2.96547249722167E-05
YPR121W,63287.7,YPR121W_translation_Ribosome,0,0,0,0,0,0,0,0,0,0,0,0,0,0,0,0,0,0,0,0,0,0,0,0,0,0,0,0,0,0,0,0,0,0,0,0,0,0
YPR128C,36382.8,YPR128C_translation_Ribosome,0,0,0,0,0,0,0,0,0,0,0,0,0,0,0,0,0,0,0,0,0,0,0,0,0,0,0,0,0,0,0,0,0,0,0,0,0,0
YPR132W,16061.2,YPR132W_translation_Ribosome,0,0,0,0,0,0,0,0,0,0,0,0,0,0,0,0,0,0,0,0,0,0,0,0,0,0,0,0,0,0,0,0,0,0,0,0,0,0
YPR133WA,5986,YPR133WA_translation_Ribosome,2.73164730784823E-06,4.16170293263702E-06,7.46613422188196E-06,1.74611078720401E-05,2.19106017477005E-05,2.41980257902253E-05,2.6535990743175E-05,3.13055179611577E-05,3.87589994254138E-05,4.10743140523984E-05,4.21030888469968E-05,4.22085431796538E-05,4.23121532814199E-05,4.24142451404539E-05,4.28396174030716E-05,4.3374097525029E-05,4.03099778761694E-05,3.97296515663844E-05,3.85912584414871E-05,3.79867646084048E-05,3.68607380774165E-05,3.6275244247333E-05,3.51188287782403E-05,3.27546431809994E-05,2.68584939922078E-05,2.38632645591074E-05,2.26596525249744E-05,2.14579091771383E-05,2.09241575682803E-05,2.09811023445575E-05,2.10557245968323E-05,2.12095805877209E-05,2.13549499831117E-05,2.14926793244685E-05,2.1555206147365E-05,2.15828129259665E-05,2.15852808798651E-05,2.16344509744789E-05
YPR137W,65043.6,YPR137W_translation_Ribosome,4.74129862172233E-06,6.28400657759897E-06,9.5864082209151E-06,1.87305190673935E-05,2.26415780722083E-05,2.46246463169262E-05,2.66585868232883E-05,3.07559086511238E-05,3.70313769434425E-05,3.94643915681003E-05,4.50813299132802E-05,4.57159589717465E-05,4.63514301175404E-05,4.69928814272348E-05,4.95773473769032E-05,5.28550102264291E-05,5.71744663848663E-05,5.74134523182642E-05,5.79142179934372E-05,5.8137455932982E-05,5.86591107110754E-05,5.89044376100766E-05,5.94071112129514E-05,6.03946677693035E-05,6.29811015789796E-05,6.42918035065048E-05,6.48215995820899E-05,6.53602329685958E-05,6.5622936736017E-05,6.57792768322568E-05,6.59890621209293E-05,6.64065995932728E-05,6.68042372824295E-05,6.71888102119693E-05,6.73535156505321E-05,6.74283652034444E-05,6.74420207774794E-05,6.75665200669257E-05
YPR138C,53685.2,YPR138C_translation_Ribosome,0,0,0,0,0,0,0,0,0,0,0,0,0,0,0,0,0,0,0,0,0,0,0,0,0,0,0,0,0,0,0,0,0,0,0,0,0,0
YPR140W,44192,YPR140W_translation_Ribosome,0,0,0,0,0,0,0,0,0,0,0,0,0,0,0,0,0,0,0,0,0,0,0,0,0,0,0,0,0,0,0,0,0,0,0,0,0,0
YPR143W,28207.7,YPR143W_translation_Ribosome,2.05617661279445E-06,2.72520851150518E-06,4.15737331840653E-06,8.12293388891938E-06,9.81905739822872E-06,1.06790619817162E-05,1.1561128528176E-05,1.33380293289164E-05,1.60595350104783E-05,1.71146695145334E-05,1.95505880639269E-05,1.98258100087839E-05,2.01013971447851E-05,2.03795777207137E-05,2.15003926843451E-05,2.29218289265054E-05,2.47950635488256E-05,2.48987054676848E-05,2.5115874381084E-05,2.52126868088601E-05,2.54389147772387E-05,2.55453066062419E-05,2.57633029377459E-05,2.61915802636413E-05,2.73132486364436E-05,2.78816656176847E-05,2.81114242528353E-05,2.83450153974912E-05,2.8458943117671E-05,2.85267437088545E-05,2.86177220754776E-05,2.87987971045139E-05,2.89712421205405E-05,2.91380212936579E-05,2.9209449713969E-05,2.92419099980505E-05,2.92478320616464E-05,2.93018241316874E-05
YPR144C,63625.5,YPR144C_translation_Ribosome,4.6379274126339E-06,6.14700078874821E-06,9.37740248479227E-06,1.83221506946486E-05,2.21479396225499E-05,2.40877724209236E-05,2.60773683486943E-05,3.00853591418999E-05,3.62240077996144E-05,3.8603977112524E-05,4.40984532897535E-05,4.47192459758817E-05,4.5340862389898E-05,4.59683285864948E-05,4.84964472373785E-05,5.17026495022056E-05,5.5927931586971E-05,5.61617070776482E-05,5.66515549099594E-05,5.68699257492504E-05,5.73802072540193E-05,5.76201854626732E-05,5.81118996254764E-05,5.90779251787389E-05,6.16079687857586E-05,6.2890094398267E-05,6.34083397015273E-05,6.39352296420154E-05,6.41922058634124E-05,6.43451373861649E-05,6.45503488732971E-05,6.49587830689227E-05,6.53477513423798E-05,6.57239396980126E-05,6.58850541793956E-05,6.59582718399927E-05,6.59716296911228E-05,6.60934146098645E-05
YPR145W,64455.8,YPR145W_translation_Ribosome,2.11248893191908E-05,4.49340795410024E-05,0,0,0.000213748806753,0.000229334947153,0,0,0,0,0,0,0,0,0,0,0.000417553917387,0.000418618871867,0.000420996927274,0.000421769026746,0.000424436788626,0.000425290190432,0.000427812847143,0.000432212340087,0.000444000783551,0.000449799366074,0.000452033761231,0.000454503109337,0.000455631922238,0.000455880810358,0.000456231401571,0.00045689744092,0.000457386882195,0.000458126281346,0.000458170584244,0.000458911985362,0.000458910842342,0.000459484088079
YPR156C,68065.3,YPR156C_translation_Ribosome,0,0,0,0,0,0,0,0,0,0,0,0,0,0,0,0,0,0,0,0,0,0,0,0,0,0,0,0,0,0,0,0,0,0,0,0,0,0
YPR159W,80077.2,YPR159W_translation_Ribosome,0,0,0,0,0,0,0,0,0,0,0,0,0,0,0,0,0,0,0,0,0,0,0,0,0,0,0,0,0,0,0,0,0,0,0,0,0,0
YPR160W,103252,YPR160W_translation_Ribosome,0,0,0,0,0,0,0,0,0,0,0,0,0,0,0,0,0,0,0,0,0,0,0,0,0,0,0,0,0,0,0,0,0,0,0,0,0,0
YPR163C,48512.6,YPR163C_translation_Ribosome,0.000944468140191,0.000819775224032,0.000751975687359,0.000795338457642,0.000810655371384,0.000819524450431,0.000820996465111,0.000848242577303,0.000892216234502,0.000909315796804,0.000915757054317,0.000918232602526,0.000923132349426,0.000921994273621,0.000924791176954,0.000935156350159,0.000933559291374,0.000932999287746,0.000928902848177,0.000930615739925,0.000923729970443,0.000922659925126,0.000920297245725,0.000915120147509,0.000897452819308,0.000890767043771,0.00088790253478,0.000884571098186,0.000887489956285,0.000888557813654,0.000894798556401,0.000892720997959,0.00089520891074,0.000899624288058,0.000898576126372,0.000900241615619,0.000901434641967,0.000901083951232
YPR166C,13555.3,YPR166C_translation_Ribosome,2.42940245005953E-06,3.93748941022634E-06,7.59286862564927E-06,1.90977365131797E-05,2.42821892302746E-05,2.69461480039535E-05,2.96715130375235E-05,3.52201804261928E-05,4.3756601474197E-05,4.6050930196718E-05,4.71886205380813E-05,4.73000652382239E-05,4.74084102302847E-05,4.75147037782484E-05,4.79113579639046E-05,4.83504260726769E-05,4.54016970918534E-05,4.4723561010175E-05,4.33929690224182E-05,4.26865645507248E-05,4.13696576597101E-05,4.06853708379622E-05,3.93321623142739E-05,3.65664127356748E-05,2.96622796486696E-05,2.61531798995691E-05,2.4742189753431E-05,2.33337474568414E-05,2.27073142661939E-05,2.27681768643389E-05,2.28472428405387E-05,2.3012603014946E-05,2.31676436059125E-05,2.3313273493646E-05,2.33814472586959E-05,2.34113509564181E-05,2.34113200294317E-05,2.3464092463578E-05
YPR167C,30371.5,YPR167C_translation_Ribosome,8.37496667928027E-06,1.96827948998145E-05,4.06090719128537E-05,8.71458590270077E-05,0.00010402929849,0.00011222247825,0.000119665726493,0.000134674008048,0.000155225804827,0.000164688102428,0.000181968464701,0.000183802750289,0.000185379180505,0.000187513544286,0.000195224995756,0.000204127323344,0.000215440897692,0.000215994827101,0.000217314830306,0.000217673696637,0.000219168491481,0.000219535793027,0.000221067370879,0.000223382257404,0.000229811544247,0.000232953550197,0.000234140826616,0.000235490053751,0.000236137534682,0.000236537660055,0.000237037128675,0.000238158839252,0.000239140049818,0.000240122426494,0.000240535039873,0.000240838897443,0.000240877745632,0.000241137531575
YPR183W,30363.5,YPR183W_translation_Ribosome,6.357770040768E-06,9.63841717811694E-06,1.55773821175995E-05,2.75126692530032E-05,3.13498947643589E-05,3.30903317388856E-05,3.47408394977857E-05,3.7729371750748E-05,4.15448000899276E-05,4.28077369410373E-05,4.53195464070366E-05,4.55720688164549E-05,4.58190377162459E-05,4.60620834340052E-05,4.69829827976482E-05,4.78030329342925E-05,4.8481739198502E-05,4.85127151356284E-05,4.85757072039794E-05,4.8603097088322E-05,4.86647881421068E-05,4.86929123433588E-05,4.87486550314246E-05,4.88511107794386E-05,4.90762074146958E-05,4.90177987189044E-05,4.89721284868176E-05,4.89241236550899E-05,4.88999823626427E-05,4.88854684933725E-05,4.88658795208398E-05,4.88259780739969E-05,4.8786971328724E-05,4.87484946338101E-05,4.8731715494654E-05,4.87238371636707E-05,4.87222869700066E-05,4.8709059861928E-05
YPR184W,174929.9,YPR184W_translation_Ribosome,0,0,0,0,0,0,0,0,0,0,0,0,0,0,0,0,0,0,0,0,0,0,0,0,0,0,0,0,0,0,0,0,0,0,0,0,0,0
YPR191W,40479.4,YPR191W_translation_Ribosome,0.000644613685689,0.000847534005917,0.001209489160048,0.001939417911535,0.002182195398604,0.002295336893535,0.002404045631055,0.002608886981148,0.002889034436088,0.002924467415074,0.002765779707598,0.002749178130309,0.002732784964064,0.002716494422666,0.002653068185493,0.002577418562465,0.002311715895369,0.00227187312426,0.002193570941363,0.002153227678037,0.002076424435549,0.002037345020129,0.001960313298658,0.001805985893477,0.001432090398824,0.001249077002132,0.00117670372673,0.001105071330291,0.001073215736505,0.001074620543501,0.00107638082356,0.001080248203091,0.001083798776273,0.001087165550321,0.001088668757704,0.001089366772872,0.001089518973537,0.001090788494906
YPR192W,32711.2,YPR192W_translation_Ribosome,0,0.000629563581567,0,0,0,0,0,0,0,0,0,0,0,0,0,0,0,0,0,0,0,0,0,0,0,0,0,0,0,0,0,0,0,0,0,0,0,0
YBL022C,127085,YBL022C_translation_Ribosome,1.12552746976539E-06,1.47955495080473E-06,2.11140580989169E-06,3.38713367243619E-06,3.81198071244854E-06,4.01000250212227E-06,4.20042847280576E-06,4.55931942332731E-06,5.05050756318286E-06,5.11269242072167E-06,4.83458588506504E-06,4.80547959880292E-06,4.77673585631126E-06,4.74817315252448E-06,4.63693988868706E-06,4.50425077071621E-06,4.03802741297795E-06,3.96809038757743E-06,3.83064767711949E-06,3.75983211887831E-06,3.62500596957746E-06,3.55640374580747E-06,3.42116769046845E-06,3.15021249185704E-06,2.49364953980591E-06,2.17221103193576E-06,2.0450897793558E-06,1.91926148239121E-06,1.86330115425085E-06,1.86576900752044E-06,1.86887148644167E-06,1.87565395337608E-06,1.8818934924191E-06,1.88748523078132E-06,1.89045145089754E-06,1.89161828721241E-06,1.8912329923036E-06,1.89344639990553E-06
