,translation_inhibitor,translation_inhibitor,translation_inhibitor,translation_inhibitor,translation_inhibitor,translation_inhibitor,translation_inhibitor,translation_inhibitor
Protein,0.121,0.106,0.2,0.201,0.327,0.318,0.421,0.399
Q0250,0.00031012,0.00033803,0.000273074,0.000272907,0.000245054,0.000242486,0.000156892,0.000212007
YAL003W,0.002600354,0.002260362,0.002872045,0.003024735,0.003157505,0.00331638,0.003059363,0.003431218
YAL007C,5.18E-05,5.94E-05,5.31E-05,5.40E-05,5.80E-05,5.84E-05,5.29E-05,5.73E-05
YAL012W,0.002398716,0.002185127,0.001876781,0.001949622,0.002121896,0.002205057,0.002438171,0.002327693
YAL016W,0.000259135,0.00027232,0.000245184,0.000199262,0.000165618,0.000180861,0.000121448,0.000128631
YAL023C,7.28E-05,0.000100318,9.66E-05,9.23E-05,0.00011934,0.00010554,0.000116377,0.000131854
YAL025C,8.16E-05,6.46E-05,6.42E-05,5.98E-05,5.61E-05,6.48E-05,5.52E-05,5.41E-05
YAL029C,3.19E-05,2.65E-05,2.84E-05,2.25E-05,2.30E-05,1.74E-05,1.15E-05,1.75E-05
YAL035W,0.001180755,0.0012452,0.00114362,0.001025112,0.001009544,0.000920004,0.000803952,0.000902912
YAL036C,0.000202052,0.000209462,0.00018924,0.000187393,0.000165425,0.000180921,0.000139403,0.000141159
YAL038W,0.020225331,0.019684049,0.021553434,0.022345492,0.028161395,0.026779501,0.035071798,0.034054635
YAL041W,8.74E-05,9.37E-05,7.06E-05,6.90E-05,5.40E-05,4.74E-05,3.13E-05,3.91E-05
YAL042W,5.76E-05,5.64E-05,5.36E-05,5.77E-05,4.89E-05,4.11E-05,3.78E-05,4.39E-05
YAL043C,7.83E-05,8.81E-05,6.66E-05,6.42E-05,4.00E-05,4.55E-05,2.48E-05,3.19E-05
YAL060W,0.000112655,0.00010518,0.000121052,0.000124812,0.000162278,0.00015045,0.000174069,0.00017267
YAR002C-A,0.000182343,0.000165475,0.000172299,0.000159811,0.000141945,0.00016158,0.000163668,0.000171349
YAR007C,0.000164594,0.000177546,0.00016309,0.000146962,0.000135274,0.00013124,0.000130577,0.00014058
YAR015W,0.000557516,0.000554131,0.000983338,0.000867429,0.000795618,0.000866657,0.000629616,0.000677779
YBL004W,4.69E-05,5.24E-05,5.24E-05,5.09E-05,4.16E-05,5.73E-05,2.79E-05,4.71E-05
YBL007C,0.000153244,0.000139905,0.000109682,0.000104328,8.13E-05,8.66E-05,7.03E-05,7.78E-05
YBL015W,9.45E-05,0.000107894,7.22E-05,7.30E-05,9.48E-05,0.000112668,0.000111277,0.00013414
YBL017C,6.21E-05,6.24E-05,5.84E-05,6.33E-05,5.16E-05,5.88E-05,6.27E-05,6.09E-05
YBL022C,0.000247376,0.000242546,0.000205442,0.000209514,0.000201917,0.000200817,0.000190088,0.000182031
YBL023C,2.47E-05,4.82E-05,1.40E-05,2.39E-05,2.00E-05,1.56E-05,2.04E-05,2.02E-05
YBL024W,0.000611664,0.000594004,0.000531182,0.000559885,0.000445309,0.000470384,0.000400336,0.000418832
YBL026W,6.34E-05,6.88E-05,5.74E-05,6.63E-05,6.52E-05,5.66E-05,4.53E-05,4.57E-05
YBL030C,0.002446784,0.002659487,0.002174745,0.001987373,0.001911505,0.001775286,0.002122388,0.002150699
YBL032W,8.37E-05,7.57E-05,7.81E-05,7.00E-05,7.40E-05,6.29E-05,4.66E-05,6.01E-05
YBL036C,0.000196383,0.00018299,0.000175199,0.00015765,0.000121054,0.000121678,9.77E-05,0.000103383
YBL037W,4.28E-05,4.18E-05,3.49E-05,3.53E-05,2.51E-05,2.71E-05,1.78E-05,1.96E-05
YBL039C,0.000438584,0.000470012,0.000465707,0.000427561,0.000444822,0.000422746,0.000373251,0.000392282
YBL041W,0.000290253,0.000274185,0.000243218,0.000232273,0.000190598,0.000179929,0.000147183,0.000139507
YBL045C,0.001150282,0.00122197,0.001028974,0.001048259,0.000919037,0.000987058,0.00077988,0.00081893
YBL047C,0.000260274,0.00025402,0.00024684,0.00023301,0.000218805,0.000237407,0.000232999,0.000232047
YBL050W,0.000237357,0.000234359,0.000206711,0.00023015,0.000175864,0.000163374,0.000122544,0.000141869
YBL056W,7.69E-05,7.32E-05,6.34E-05,5.30E-05,5.73E-05,5.36E-05,5.47E-05,5.39E-05
YBL057C,3.63E-05,5.51E-05,4.15E-05,3.49E-05,3.31E-05,2.97E-05,3.10E-05,3.13E-05
YBL058W,0.000310645,0.000306291,0.000269276,0.000261278,0.000224527,0.000215065,0.000186029,0.000200253
YBL064C,0.000112419,0.000103189,6.24E-05,6.82E-05,5.62E-05,3.91E-05,2.18E-05,5.17E-05
YBL068W,9.10E-05,9.64E-05,8.81E-05,8.39E-05,5.26E-05,6.71E-05,4.43E-05,4.34E-05
YBL075C,0.001065374,0.001281415,0.001297934,0.001205852,0.001232224,0.001163187,0.000999931,0.001182839
YBL076C,0.002142471,0.002075859,0.002038872,0.002099887,0.001810892,0.001797208,0.001721272,0.001752774
YBL079W,8.22E-05,9.08E-05,7.94E-05,6.76E-05,5.56E-05,5.95E-05,4.42E-05,5.02E-05
YBL091C,0.000106689,0.000115413,9.56E-05,0.00010254,6.75E-05,7.12E-05,5.11E-05,5.17E-05
YBL092W,0.002808322,0.002526513,0.00243093,0.002515066,0.002294048,0.002489903,0.002147099,0.002012292
YBL098W,5.24E-05,6.78E-05,5.64E-05,5.83E-05,6.46E-05,6.24E-05,5.65E-05,6.85E-05
YBL099W,0.002429437,0.002788601,0.002266646,0.002347758,0.002389406,0.002662333,0.002349397,0.002488442
YBR011C,0.002829868,0.002842215,0.00288911,0.003140048,0.003320207,0.003225005,0.004056804,0.003757754
YBR017C,0.000103339,9.14E-05,7.82E-05,6.15E-05,4.25E-05,4.00E-05,3.33E-05,3.18E-05
YBR023C,1.86E-05,1.80E-05,2.01E-05,1.82E-05,1.86E-05,1.54E-05,1.66E-05,1.67E-05
YBR025C,0.002799226,0.002626729,0.002686067,0.002641141,0.00259147,0.002475777,0.00206848,0.002062274
YBR034C,5.81E-05,6.12E-05,5.14E-05,6.18E-05,5.70E-05,4.78E-05,7.02E-05,5.61E-05
YBR035C,0.000264896,0.000254788,0.000249562,0.000248801,0.000157147,0.00017356,0.000175797,0.000155962
YBR039W,0.000338903,0.000336315,0.000347079,0.00032827,0.000357484,0.000339805,0.000342457,0.000387857
YBR041W,2.56E-05,3.04E-05,2.42E-05,2.32E-05,1.65E-05,1.41E-05,1.35E-05,2.16E-05
YBR042C,2.38E-05,3.01E-05,2.22E-05,2.20E-05,1.77E-05,1.61E-05,1.24E-05,1.70E-05
YBR049C,5.45E-05,5.89E-05,5.80E-05,5.54E-05,4.71E-05,4.56E-05,3.99E-05,4.56E-05
YBR078W,0.000603579,0.000637832,0.000645176,0.000613225,0.000734736,0.000579822,0.000857982,0.000879568
YBR079C,0.001418585,0.001431238,0.001297127,0.001320866,0.001119436,0.001153086,0.000947399,0.001025304
YBR080C,0.000439925,0.000437498,0.000366076,0.000358496,0.000292394,0.000282561,0.000246249,0.00022854
YBR084C-A,0.005079353,0.005000506,0.004759618,0.004271885,0.004259322,0.004343691,0.005494071,0.003935717
YBR084W,0.000314716,0.000336327,0.000313976,0.000323443,0.000332488,0.000319831,0.000309539,0.000311691
YBR086C,6.24E-05,5.90E-05,6.24E-05,6.13E-05,6.56E-05,6.09E-05,6.31E-05,6.45E-05
YBR087W,6.49E-05,7.45E-05,6.89E-05,6.37E-05,5.41E-05,5.61E-05,4.12952E-05,4.97E-05
YBR088C,0.000364151,0.000328007,0.00033467,0.000337471,0.000339282,0.000317747,0.000327399,0.000296014
YBR094W,4.87E-05,5.12E-05,5.07E-05,4.02E-05,3.57E-05,3.34E-05,2.36E-05,3.16E-05
YBR101C,0.000219302,0.000229413,0.000210861,0.00018808,0.000139756,0.000131692,8.71E-05,0.000100419
YBR106W,0.000310747,0.000278259,0.000368093,0.000345454,0.000428883,0.000335445,0.000377214,0.000467818
YBR109C,0.000449113,0.000405185,0.000372691,0.000357053,0.000314427,0.000319285,0.000302614,0.000260868
YBR112C,9.34E-05,7.07E-05,7.26E-05,8.20E-05,7.36E-05,7.00E-05,7.80E-05,7.20E-05
YBR115C,0.001991417,0.002066662,0.00218503,0.002246264,0.001931909,0.001837418,0.00212032,0.002197788
YBR121C,0.001595456,0.001615928,0.001527118,0.001594063,0.001655631,0.001714127,0.001842048,0.001766789
YBR126C,0.000201318,0.000215086,0.000155108,0.000155327,0.000114152,0.000124469,9.13E-05,8.76E-05
YBR127C,0.001145666,0.001250941,0.001261968,0.001181167,0.00159453,0.001571032,0.001864408,0.001823177
YBR130C,4.67E-05,5.55E-05,5.37E-05,4.83E-05,3.15E-05,4.01E-05,1.87E-05,3.51E-05
YBR142W,7.69E-05,9.39E-05,8.49E-05,7.75E-05,7.16E-05,6.33E-05,5.72E-05,6.40E-05
YBR143C,0.001081598,0.001035303,0.000966139,0.00099332,0.00083963,0.00079471,0.000649638,0.00075769
YBR149W,0.000373221,0.000346692,0.000255424,0.000265337,0.000173297,0.000163827,9.27E-05,0.000116312
YBR154C,6.94E-05,8.11E-05,6.09E-05,7.19E-05,6.40E-05,8.40E-05,8.01E-05,7.08E-05
YBR159W,0.000134839,0.000139484,0.000130276,0.000118956,0.000110739,0.000109964,9.57E-05,0.000118784
YBR160W,0.000122957,0.00012072,9.87E-05,9.83E-05,7.74E-05,7.98E-05,5.58E-05,4.99E-05
YBR164C,0.000107686,9.85E-05,8.22E-05,9.71E-05,4.53E-05,6.21E-05,6.32E-05,6.32E-05
YBR166C,9.16E-05,7.27E-05,6.58E-05,5.83E-05,4.95E-05,4.82E-05,3.80E-05,3.40E-05
YBR169C,4.49E-05,3.32E-05,1.78E-05,1.77E-05,2.82E-06,2.77E-06,0,2.25E-06
YBR170C,0.00021508,0.000213997,0.000161095,0.000161197,9.85E-05,0.000107204,5.71E-05,7.56E-05
YBR171W,7.31E-05,7.48E-05,6.63E-05,6.76E-05,6.38E-05,6.32E-05,5.32E-05,5.90E-05
YBR177C,0.000478156,0.000476171,0.000552481,0.000520549,0.000407281,0.00039943,0.000323653,0.000328295
YBR189W,0.000740353,0.000754144,0.000689286,0.000602198,0.000642642,0.000612721,0.000593778,0.00060551
YBR191W,0.000248263,0.000157477,0.000163312,0.000151126,0.000150777,0.000147775,0.000143917,0.000143323
YBR196C,0.003404893,0.003387985,0.003562396,0.00368947,0.00421496,0.004218509,0.004710988,0.004783213
YBR198C,8.59E-05,8.56E-05,6.68E-05,6.48E-05,4.81E-05,6.49E-05,4.73E-05,4.01E-05
YBR202W,4.27E-05,7.26E-05,4.80E-05,4.13E-05,1.74E-05,1.44E-05,1.20E-05,2.39E-05
YBR213W,2.69E-05,3.30E-05,3.17E-05,3.40E-05,4.30E-05,2.79E-05,3.11E-05,4.16E-05
YBR221C,0.000470949,0.000465167,0.000422821,0.000395207,0.000427386,0.000424218,0.00052226,0.000498682
YBR222C,6.04E-05,6.48E-05,5.30E-05,5.04E-05,4.83E-05,5.26E-05,2.94E-05,3.52E-05
YBR234C,0.000207014,0.000207074,0.000172369,0.000171125,0.000133719,0.000130494,0.000124382,0.000103269
YBR245C,0.000153505,0.000148221,0.000129699,0.000135227,0.000105183,9.72E-05,7.64E-05,8.10E-05
YBR247C,0.000134633,0.000137703,0.000126881,0.000129978,0.000128518,0.000121433,0.000116299,0.000122671
YBR248C,0.000925907,0.000911383,0.001023042,0.001019493,0.000953991,0.000918576,0.000877928,0.00093002
YBR249C,0.00084816,0.000913976,0.000955679,0.0008847,0.000866559,0.000843505,0.001292034,0.001302299
YBR252W,0.000126338,0.000124591,0.000107761,0.000104198,8.88E-05,9.21E-05,9.81E-05,8.86E-05
YBR256C,4.84E-05,5.07E-05,4.86E-05,4.85E-05,3.34E-05,2.46E-05,3.24E-05,2.97E-05
YBR261C,4.61E-05,4.31E-05,4.23E-05,3.88E-05,3.83E-05,4.16E-05,3.65E-05,3.64E-05
YBR263W,0.000735002,0.000734618,0.000683104,0.000695261,0.000757418,0.000765454,0.000924059,0.000946923
YBR272C,4.24E-05,4.80E-05,2.87E-05,2.91E-05,1.18E-05,1.65E-05,1.14E-05,1.10E-05
YBR281C,0.000142639,0.000137848,0.000104525,9.64E-05,6.20E-05,5.75E-05,2.09E-05,5.14E-05
YBR283C,0.000229094,0.000235032,0.000231817,0.000232326,0.000227639,0.000243703,0.000232121,0.000252502
YBR286W,0.000470279,0.000436076,0.000382964,0.000373844,0.000316484,0.000345548,0.0003193,0.000321495
YBR288C,0.000113383,0.000114631,9.13E-05,9.33E-05,6.77E-05,6.69E-05,4.23E-05,5.58E-05
YBR291C,0.000324725,0.000304279,0.000341624,0.000316896,0.000275378,0.000258891,0.00023566,0.000265652
YCL009C,0.000593487,0.000625964,0.000613284,0.000639515,0.000544126,0.000600947,0.000685247,0.000688766
YCL011C,0.000147855,0.000172068,0.000134096,0.000128771,0.000104378,0.000117454,9.55E-05,9.34E-05
YCL028W,0.000133576,0.000126689,0.00012296,0.000125495,0.000110268,0.000105284,8.04E-05,7.91E-05
YCL030C,0.002758364,0.002576306,0.003029207,0.002963314,0.002842032,0.002717455,0.003301291,0.00329623
YCL034W,4.40E-05,4.42E-05,3.72E-05,3.57E-05,2.89E-05,2.48E-05,1.77E-05,1.94E-05
YCL037C,0.000633444,0.000633986,0.000611901,0.000639367,0.000505185,0.000523544,0.000330833,0.000342269
YCL040W,0.000174743,0.000175897,9.59E-05,8.44E-05,7.77E-05,9.08E-05,5.23E-05,5.19E-05
YCL043C,0.001640471,0.00161942,0.001559074,0.001590513,0.001638889,0.001615531,0.001835317,0.001692116
YCL044C,4.70E-05,4.14E-05,4.00E-05,3.80E-05,3.12E-05,3.76E-05,2.05E-05,2.17E-05
YCL045C,6.43E-05,7.15E-05,5.47E-05,5.26E-05,5.48E-05,5.27E-05,6.23E-05,6.68E-05
YCL050C,0.000367894,0.000414387,0.000442894,0.00040949,0.000411849,0.000383235,0.000400571,0.000390336
YCL054W,5.95E-05,6.61E-05,6.82E-05,6.21E-05,7.02E-05,7.05E-05,6.08E-05,6.58E-05
YCL057C-A,9.70E-05,0.000108282,7.65E-05,6.69E-05,6.05E-05,6.60E-05,5.28E-05,6.88E-05
YCL057W,0.000225137,0.000266518,0.000219846,0.000219744,0.000191142,0.000200256,0.000178357,0.000171291
YCL059C,7.21E-05,7.88E-05,6.80E-05,5.69E-05,4.57E-05,6.00E-05,5.56E-05,5.36E-05
YCR002C,0.000178355,0.000195551,0.00018021,0.000170396,0.000153974,0.000153144,0.000130323,0.000128474
YCR004C,0.000148734,0.000146768,0.000155979,0.000141168,0.000149297,0.000150365,0.000165925,0.000158884
YCR005C,7.41E-05,7.48E-05,7.98E-05,8.32E-05,0.000123047,0.000118551,0.000139803,0.00013047
YCR009C,0.000224129,0.000219712,0.000203569,0.000205014,0.000166824,0.000156756,0.000116526,0.000133255
YCR012W,0.015403903,0.013864812,0.019809076,0.018968195,0.02446285,0.022230102,0.024164315,0.025547194
YCR028C-A,0.000173135,0.000193031,0.000172791,0.000186485,0.000160865,0.000118151,0.000184797,0.000165868
YCR030C,0.000182168,0.000176139,0.000158445,0.000148849,0.000116298,0.000115068,9.98E-05,0.000111987
YCR031C,0.000237358,0.000270437,0.000267241,0.000258343,0.000238682,0.000245677,0.000218309,0.000150325
YCR035C,6.22E-05,6.57E-05,5.28E-05,5.38E-05,3.72E-05,3.57E-05,2.06E-05,3.89E-05
YCR052W,5.81E-05,4.80E-05,4.37E-05,4.91E-05,3.60E-05,3.14E-05,3.31E-05,3.26E-05
YCR053W,0.000803873,0.000849362,0.001078707,0.00106975,0.001069807,0.001023013,0.001212138,0.0011167
YCR057C,0.000116326,0.000107134,9.92E-05,8.94E-05,7.54E-05,7.59E-05,3.81E-05,5.63E-05
YCR072C,8.88E-05,8.72E-05,8.67E-05,8.34E-05,6.63E-05,5.75E-05,3.68E-05,4.54E-05
YCR073W-A,7.57E-05,6.75E-05,5.99E-05,5.24E-05,4.04E-05,3.46E-05,3.17E-05,2.93E-05
YCR077C,5.30E-05,5.14E-05,5.50E-05,4.41E-05,3.77E-05,4.14E-05,3.38E-05,5.44E-05
YCR084C,0.000244729,0.000250143,0.00023085,0.000241434,0.000209771,0.000221897,0.000220842,0.00023049
YCR087C-A,6.35E-05,5.98E-05,5.98E-05,6.57E-05,5.31E-05,6.90E-05,4.39E-05,5.21E-05
YCR088W,0.000492488,0.000465009,0.000457158,0.000445055,0.00048597,0.000479257,0.000453783,0.000454464
YCR090C,5.88E-05,5.26E-05,6.17E-05,5.85E-05,4.00E-05,3.94E-05,3.17E-05,3.33E-05
YCR093W,9.90E-05,9.37E-05,9.91E-05,9.40E-05,0.000101662,9.66E-05,6.87E-05,8.92E-05
YDL004W,2.18E-05,1.91E-05,2.14E-05,2.48E-05,2.72E-05,3.65E-05,2.69E-05,3.33E-05
YDL007W,0.000433471,0.000454772,0.000425085,0.000419022,0.000344894,0.000373551,0.000284495,0.00030414
YDL014W,0.001152809,0.00122349,0.001118043,0.001091724,0.001077376,0.001249517,0.001050734,0.00100472
YDL022W,0.000437639,0.000512359,0.000345156,0.00032757,0.00030671,0.000347857,0.000285208,0.000319089
YDL029W,0.000252786,0.000240031,0.000210137,0.000195013,0.000156633,0.000161192,0.000138688,0.000141994
YDL031W,5.59E-05,5.22E-05,5.02E-05,5.83E-05,4.65E-05,4.93503E-05,3.45E-05,4.44E-05
YDL040C,0.000364435,0.000384224,0.00033952,0.000317245,0.000250974,0.00026846,0.000224806,0.000259094
YDL047W,2.76E-05,3.45E-05,3.37E-05,3.82E-05,4.48E-05,2.89E-05,2.96E-05,2.79E-05
YDL051W,0.000258804,0.000271615,0.000234303,0.000247626,0.00022501,0.000227698,0.000233329,0.000197589
YDL052C,6.10E-05,6.02E-05,5.79E-05,6.07E-05,5.62E-05,4.45E-05,5.03E-05,6.35E-05
YDL053C,3.73E-05,4.22E-05,4.38E-05,4.35E-05,4.53E-05,4.24E-05,3.40E-05,3.81E-05
YDL055C,0.001185469,0.001403562,0.001454247,0.001428182,0.001877772,0.001982119,0.002255667,0.002168447
YDL060W,0.000147355,0.000131001,0.000117322,0.000135193,0.000106943,0.000120248,0.000117104,0.000119573
YDL061C,0.000521331,0.000469029,0.000487451,0.000530681,0.000522436,0.000617684,0.000649645,0.000437033
YDL066W,0.00080414,0.000857775,0.000748146,0.000772456,0.000749466,0.00077644,0.001033529,0.001047621
YDL067C,0.000143178,0.000146059,9.40E-05,0.000110409,9.38E-05,7.88E-05,9.08E-05,7.18E-05
YDL072C,0.000111298,0.000116339,8.40E-05,8.66E-05,8.32E-05,8.32E-05,6.50E-05,7.69E-05
YDL075W,0.000211652,0.000249604,0.000266833,0.000204588,0.000168148,0.000232034,0.000213656,0.000196131
YDL078C,0.000257399,0.000248394,0.000208223,0.000216897,0.000185875,0.00016537,0.000172835,0.000159262
YDL084W,0.000715996,0.00074429,0.000730403,0.000800433,0.000787801,0.000860664,0.000776538,0.000739849
YDL086W,0.00022413,0.000250546,0.000195833,0.000185991,0.000130426,0.000138319,0.000140614,0.00012495
YDL092W,6.08E-05,5.14E-05,5.27E-05,4.64E-05,2.06E-05,2.36E-05,2.83E-05,2.40E-05
YDL095W,0.000189346,0.000181527,0.000192304,0.000203468,0.000218359,0.000243423,0.000256021,0.000246808
YDL097C,0.000634243,0.000634555,0.000568714,0.000562768,0.000391716,0.000411397,0.000284186,0.000302774
YDL099W,3.83E-05,3.38E-05,3.59E-05,4.30E-05,2.96E-05,2.81E-05,2.32E-05,2.66E-05
YDL100C,0.000644178,0.00068697,0.000601896,0.000670057,0.000586172,0.000519243,0.000411098,0.0003706
YDL103C,0.000161142,0.000168842,0.000173027,0.000134199,0.000130219,0.000127873,9.03E-05,9.80E-05
YDL112W,0.000155069,0.000151118,0.000139824,0.000120798,8.72E-05,9.00E-05,7.08E-05,9.86E-05
YDL122W,6.19E-05,6.51E-05,6.58E-05,6.25E-05,5.45E-05,5.71E-05,4.76E-05,6.25E-05
YDL124W,9.40E-05,0.000111645,9.11E-05,7.87E-05,7.06E-05,8.80E-05,6.05E-05,7.29E-05
YDL125C,0.000233462,0.000202963,0.000307044,0.000222486,0.000165308,0.000169754,0.000117609,0.000147083
YDL126C,0.002495336,0.002554181,0.00233874,0.002218904,0.002156139,0.002198644,0.001898068,0.001916999
YDL130W,0.000584379,0.000369798,0.00062778,0.000589414,0.001004967,0.000771512,0.000747778,0.000791204
YDL131W,0.000808946,0.000720293,0.000859837,0.00086612,0.000824365,0.000772764,0.000621878,0.000735385
YDL132W,7.43E-05,8.90E-05,8.02E-05,7.98E-05,7.30E-05,5.78E-05,3.40E-05,4.67E-05
YDL134C,2.29E-05,2.73E-05,1.83E-05,2.28E-05,1.37E-05,2.63E-05,1.70E-05,1.90E-05
YDL135C,0.000149448,0.000171858,0.000142509,0.000139722,0.000130252,0.000145614,0.000100748,0.000106608
YDL137W,1.87E-05,2.36E-05,2.32E-05,2.03E-05,1.94E-05,2.52E-05,3.21E-05,2.59E-05
YDL140C,0.00035796,0.000364188,0.000337567,0.000323731,0.000302816,0.000309541,0.000287489,0.00028511
YDL141W,6.24E-05,6.53E-05,6.16E-05,4.55809E-05,4.18E-05,4.47E-05,3.14E-05,3.94E-05
YDL143W,0.001161442,0.001237439,0.001103109,0.001008111,0.000857463,0.0008921,0.000707946,0.000673576
YDL144C,4.49E-05,7.25E-05,4.13E-05,3.93E-05,3.00E-05,2.94E-05,3.42E-05,2.67E-05
YDL145C,0.000674278,0.000709255,0.000636636,0.000615239,0.000550545,0.000534916,0.000488122,0.000512201
YDL147W,0.000552938,0.00055281,0.000439944,0.000446311,0.000281609,0.00031965,0.000198573,0.000228345
YDL148C,4.55E-05,5.34E-05,5.09E-05,4.43E-05,3.46E-05,3.90E-05,2.53E-05,2.80E-05
YDL153C,6.06E-05,6.43E-05,6.46E-05,6.08E-05,4.68E-05,4.78E-05,4.46E-05,5.33E-05
YDL160C,0.000113781,0.000132653,0.000118405,0.000119496,0.00011881,0.000124171,0.000137591,0.00013262
YDL166C,1.78E-05,2.60E-05,2.71E-05,2.57E-05,1.86E-05,2.25E-05,2.21E-05,2.19E-05
YDL168W,0.000307138,0.000311056,0.000232771,0.000271315,0.000200662,0.000192712,0.000161177,0.000146396
YDL171C,0.001247525,0.001240111,0.001504126,0.001485803,0.001647733,0.001616279,0.001926526,0.002048795
YDL174C,0.000406342,0.000424591,0.000434168,0.000399434,0.000412931,0.000426757,0.000393694,0.000422077
YDL178W,0.000210196,0.000207203,0.000170719,0.000175203,0.000138328,0.00015396,0.000153117,0.000140686
YDL182W,0.000618551,0.000699281,0.000744485,0.000690647,0.000819635,0.000725771,0.000890043,0.001067619
YDL185W,0.002300566,0.002220694,0.002210344,0.00230624,0.002472494,0.002417454,0.002753763,0.002732713
YDL188C,1.70E-05,1.48E-05,1.37E-05,1.88E-05,1.95E-05,1.23E-05,4.72E-06,1.27E-05
YDL190C,6.75E-05,7.05E-05,6.66E-05,6.43E-05,3.18E-05,4.39E-05,2.23E-05,4.20E-05
YDL191W,0.003953815,0.004033144,0.004150224,0.003950208,0.003777005,0.003766264,0.003312677,0.003185344
YDL192W,0.000131085,0.000113615,0.000121522,0.000129162,9.08E-05,0.000126249,0.000122566,9.34E-05
YDL195W,0.000568011,0.000612522,0.000506499,0.000511135,0.000512028,0.000540121,0.0005286,0.000533005
YDL198C,0.000116329,0.000140616,0.000168775,0.00016673,0.00014041,0.000152637,0.000234667,0.000272592
YDL201W,8.91E-05,8.55E-05,8.68E-05,8.59E-05,6.64E-05,6.92E-05,6.06E-05,6.70E-05
YDL202W,2.19E-05,1.63E-05,1.77E-05,1.71E-05,1.41E-05,1.44E-05,9.10E-06,2.33E-05
YDL205C,5.10E-05,5.17E-05,4.80E-05,4.39E-05,3.51E-05,3.52E-05,3.34E-05,3.38E-05
YDL213C,6.13E-05,6.94E-05,5.33E-05,7.39E-05,5.55E-05,7.12E-05,5.79E-05,5.67E-05
YDL225W,0.000112823,0.000119982,0.000118492,0.000105481,0.000107508,9.64E-05,4.67E-05,0.000118097
YDL226C,0.000267051,0.000275789,0.000260111,0.000262306,0.000199564,0.000182231,0.000168299,0.000182163
YDL236W,0.000250161,0.000231477,0.000234482,0.000207358,0.000161768,0.000162438,0.000123172,0.000122454
YDL237W,3.78E-05,4.14E-05,3.20E-05,3.06E-05,2.43E-05,2.78E-05,2.28E-05,2.71E-05
YDR001C,3.52E-05,2.27E-05,2.56E-05,2.09E-05,2.07E-05,1.35E-05,1.67E-05,1.38E-05
YDR011W,6.77E-05,5.52E-05,5.61E-05,5.14E-05,4.58E-05,4.17E-05,4.65E-05,5.21E-05
YDR019C,0.000374905,0.000356316,0.00040251,0.000397786,0.000410562,0.000414142,0.000426079,0.000417974
YDR023W,0.001437367,0.001468102,0.00137535,0.001399001,0.001431228,0.001474416,0.00127534,0.001264265
YDR025W,0.005996449,0.005678435,0.005886751,0.006039063,0.005291552,0.0052411,0.004668061,0.004815331
YDR032C,0.000129261,0.000153298,0.000145622,0.000141415,0.000164753,0.00018801,0.000230223,0.000238974
YDR033W,0.000148972,0.000155558,8.29E-05,9.66E-05,0.000112059,0.000145381,0.000149837,0.000113154
YDR035W,0.000370055,0.000411913,0.000385177,0.000413751,0.000298321,0.000285054,0.000309145,0.000329153
YDR036C,5.10E-05,5.11E-05,7.20E-05,4.01E-05,5.42E-05,7.22E-05,7.07E-05,7.97E-05
YDR037W,0.002250088,0.002185338,0.002203231,0.002144706,0.002258486,0.002432983,0.002504977,0.002396064
YDR044W,1.40E-05,1.81E-05,1.55E-05,9.54E-06,2.01E-05,2.17E-05,3.13E-05,2.66E-05
YDR047W,7.76E-05,8.18E-05,5.59E-05,7.10E-05,6.29E-05,6.66E-05,5.15E-05,4.63E-05
YDR050C,0.004818752,0.005182971,0.007476453,0.007270696,0.007832602,0.007817056,0.007301032,0.006951209
YDR051C,0.000109271,9.07E-05,6.33E-05,7.77E-05,2.95E-05,3.91E-05,3.71E-05,3.76E-05
YDR060W,8.18E-05,9.28E-05,9.60E-05,9.02E-05,9.20E-05,7.84E-05,7.29E-05,8.81E-05
YDR061W,5.90E-05,6.37E-05,3.51E-05,3.26E-05,2.36E-05,3.83E-05,2.58E-05,2.36E-05
YDR062W,0.000105508,9.72E-05,9.08E-05,0.000100682,7.74E-05,8.97E-05,9.70E-05,8.15E-05
YDR064W,0.004503297,0.004652824,0.004497443,0.004511489,0.004206129,0.004319793,0.003294996,0.003945167
YDR068W,7.56E-05,8.02E-05,7.54E-05,7.01E-05,5.56E-05,5.46E-05,7.76E-05,4.90E-05
YDR071C,0.00029044,0.000302942,0.000276622,0.000267664,0.000258485,0.000250952,0.000230897,0.000259847
YDR074W,9.76E-05,0.000160214,5.27E-05,5.04E-05,3.17E-05,3.34E-05,1.99E-05,3.72E-05
YDR087C,6.22E-05,5.75E-05,5.85E-05,5.76E-05,4.87E-05,4.53E-05,3.24E-05,3.21E-05
YDR089W,4.50E-05,3.40E-05,6.14E-05,5.87E-05,5.86E-05,3.45E-05,4.48E-05,3.57E-05
YDR097C,0.00012544,0.000218264,0.0001969,0.000122724,9.75E-05,0.000365885,6.14E-05,8.44E-05
YDR098C,4.94E-05,5.56E-05,5.84E-05,3.92E-05,1.76E-05,3.48E-05,4.04E-05,3.63E-05
YDR099W,0.000253445,0.000190661,0.000207711,0.000275104,0.000258106,0.000216344,0.000270102,0.000288504
YDR101C,0.000404768,0.000402175,0.000402693,0.000448617,0.00041796,0.000429893,0.000386007,0.000421859
YDR116C,3.88E-05,4.83E-05,3.66E-05,4.11E-05,3.49E-05,4.23E-05,3.98E-05,4.04E-05
YDR117C,6.17E-05,6.20E-05,5.21E-05,5.33E-05,2.96E-05,2.29E-05,2.34E-05,2.52E-05
YDR119W,0.000101455,0.000105933,8.89E-05,9.42E-05,6.54E-05,7.32E-05,5.83E-05,5.60E-05
YDR120C,0.000224538,0.00022304,0.000193069,0.000191563,0.000184996,0.000164955,0.000152456,0.00015246
YDR127W,0.001055564,0.001161481,0.00122385,0.001240056,0.001076564,0.001156428,0.001515147,0.001624379
YDR129C,0.00057242,0.00062226,0.00054973,0.000543123,0.000532913,0.000537253,0.00044426,0.00049091
YDR135C,0.000152672,0.000150751,0.000147417,0.000122372,0.000130753,0.000124061,0.00015106,0.000153519
YDR141C,9.83E-05,9.87E-05,6.50E-05,9.23E-05,3.84E-05,5.30E-05,6.03E-05,4.22E-05
YDR145W,3.77E-05,3.53E-05,3.26E-05,2.58E-05,1.75E-05,1.37E-05,1.77E-05,1.81E-05
YDR148C,0.000158361,0.000155886,0.000125329,0.000123169,0.000130373,0.000141621,0.00011521,0.000128602
YDR152W,8.04E-05,7.38E-05,6.29E-05,6.15E-05,4.88E-05,4.99E-05,3.36E-05,3.36E-05
YDR153C,3.61E-05,4.00E-05,4.21E-05,3.73E-05,3.80E-05,4.24E-05,3.39E-05,3.15E-05
YDR155C,0.001236988,0.001363876,0.00160591,0.001574763,0.000911009,0.000764063,0.001553412,0.001274032
YDR158W,0.001817163,0.00190979,0.002112777,0.002290467,0.001825636,0.001915096,0.002549296,0.002349743
YDR161W,6.42E-05,5.45E-05,5.54E-05,5.95E-05,4.05E-05,4.55E-05,3.20E-05,4.37E-05
YDR164C,3.79E-05,2.88E-05,2.88E-05,3.18E-05,2.91E-05,2.60E-05,1.45E-05,2.41E-05
YDR165W,0.000183196,0.00019676,0.000162696,0.000174824,0.000121737,0.000131102,8.88E-05,0.00010329
YDR168W,0.000185206,0.000172739,0.000148453,0.000152133,0.000140773,0.000145858,0.000129118,0.000130079
YDR170C,0.000142261,0.000138338,0.000137138,0.000137232,0.000122208,0.000120673,9.10E-05,0.000102443
YDR172W,0.000808042,0.000876641,0.000760485,0.000750728,0.000681196,0.000729037,0.000580465,0.000587597
YDR174W,0.000184961,0.000152422,0.000157176,0.000137713,0.000107115,0.000110115,8.71E-05,9.04E-05
YDR177W,0.00017971,0.000193652,0.000207326,0.000181782,0.000192466,0.000201411,0.000186435,0.000174926
YDR188W,0.000745153,0.000782191,0.000684419,0.000665647,0.0005861,0.000578431,0.000510378,0.000500251
YDR189W,0.000533879,0.000504075,0.000445612,0.000457607,0.000311261,0.000352289,0.000263274,0.000292474
YDR190C,0.000465185,0.000474782,0.000438804,0.000446561,0.000375296,0.000392804,0.000309864,0.000329043
YDR194C,0.0001792,0.000195161,0.000183158,0.000176735,0.000187828,0.000197327,0.000154931,0.000185331
YDR211W,0.000313292,0.000350943,0.000330588,0.000304846,0.000228305,0.000216567,0.000170153,0.000189893
YDR212W,0.000712507,0.000778225,0.000718531,0.000712416,0.000622851,0.000601688,0.000480684,0.000499397
YDR214W,0.001044897,0.000870084,0.00083995,0.000737852,0.000607671,0.000531517,0.000361158,0.000416317
YDR224C,0.001134041,0.001377254,0.001251189,0.001500639,0.001190556,0.001322333,0.000984665,0.001035616
YDR225W,0.000902342,0.000965485,0.000953049,0.001109541,0.001062744,0.00098394,0.000908189,0.000872853
YDR226W,0.000418659,0.000317263,0.000734008,0.00049594,0.000473748,0.000362625,0.000642924,0.000614457
YDR233C,0.000655241,0.000636633,0.000650431,0.000670282,0.000658394,0.000662866,0.000638011,0.000712921
YDR234W,0.000855058,0.000790052,0.000934086,0.000921612,0.000938912,0.000957027,0.001021746,0.000956017
YDR238C,0.000466258,0.000506036,0.00043369,0.000408263,0.000389669,0.000429377,0.000319991,0.000358748
YDR245W,5.18E-05,5.86E-05,5.46E-05,5.10E-05,4.42E-05,4.65E-05,3.95E-05,4.49E-05
YDR257C,7.04E-05,7.47E-05,5.29E-05,6.15E-05,3.96E-05,2.83E-05,1.85E-05,3.89E-05
YDR258C,0.000817009,0.000705036,0.000573813,0.000558391,0.000373332,0.000342314,0.000310451,0.000293419
YDR264C,8.39E-05,9.64E-05,7.34E-05,7.18E-05,5.14E-05,5.76E-05,5.47E-05,5.40E-05
YDR272W,8.93E-05,8.79E-05,7.08E-05,6.78E-05,5.86E-05,5.94E-05,4.74E-05,4.57E-05
YDR280W,8.10E-05,7.28E-05,6.49E-05,5.68E-05,3.16E-05,4.08E-05,2.44E-05,4.04E-05
YDR292C,8.49E-05,8.92E-05,8.08E-05,8.86E-05,6.13E-05,7.91E-05,4.89E-05,5.69E-05
YDR293C,0.000217547,0.000224048,0.000183567,0.000185724,0.000144875,0.000162499,0.000140422,0.000137729
YDR298C,0.000504925,0.000531341,0.000456342,0.000414309,0.000420845,0.000420284,0.000377615,0.000461524
YDR299W,0.000150144,0.000146682,0.000142488,0.000141239,0.00012104,0.000133153,9.34E-05,9.86E-05
YDR300C,0.000161145,0.000156449,0.000145164,0.000145643,0.000122288,0.000121055,8.45E-05,9.74E-05
YDR304C,0.00016328,0.000184216,0.000155595,0.000138087,0.000130951,0.000126702,0.000130319,0.000106655
YDR321W,0.000151986,0.000158586,0.000170372,0.000157395,0.000158386,0.000151025,0.000151163,0.000166767
YDR322W,3.57E-05,3.42E-05,3.30E-05,3.32E-05,2.75E-05,2.90E-05,3.04E-05,2.82E-05
YDR324C,0.000262619,0.000294692,0.000266908,0.000244722,0.00020834,0.000216787,0.000128648,0.000188014
YDR328C,7.31E-05,7.65E-05,5.77E-05,6.12E-05,5.84E-05,5.62E-05,6.27E-05,5.66E-05
YDR333C,5.50E-05,6.40E-05,4.43E-05,4.76E-05,2.17E-05,2.84E-05,1.04E-05,1.11E-05
YDR335W,6.29E-05,6.82E-05,5.83E-05,4.23E-05,3.08E-05,2.16E-05,1.59E-05,2.31E-05
YDR341C,0.00120195,0.001241501,0.001142005,0.001131912,0.001020418,0.001043699,0.000951967,0.000954213
YDR345C,0.00024011,0.000235851,0.000303688,0.000309328,0.000372969,0.000402677,0.000513405,0.000559175
YDR346C,0.000128381,0.000147921,0.000139255,0.000136241,0.00012556,0.000146434,0.000130436,0.000140782
YDR347W,4.90E-05,5.39E-05,4.55E-05,4.97E-05,4.08E-05,4.62E-05,3.96E-05,3.97E-05
YDR353W,0.000602336,0.000608488,0.000619099,0.000657684,0.000695511,0.00067628,0.000728328,0.000628326
YDR354W,9.14E-05,9.40E-05,9.75E-05,8.63E-05,7.33E-05,6.57E-05,7.95E-05,7.57E-05
YDR361C,6.52E-05,6.87E-05,6.59E-05,6.27E-05,5.70E-05,5.45E-05,5.32E-05,5.91E-05
YDR365C,8.94E-05,8.64E-05,8.33E-05,7.95E-05,6.66E-05,6.11E-05,4.87E-05,4.57E-05
YDR368W,0.000163388,0.000152026,0.00021921,0.000171934,0.000174714,0.000177821,0.000164027,0.000138135
YDR372C,7.39E-05,7.07E-05,5.74E-05,6.43E-05,4.93E-05,5.42E-05,4.40E-05,5.89E-05
YDR378C,5.14E-05,5.19E-05,5.59E-05,4.87E-05,4.93E-05,4.41E-05,3.79E-05,4.46E-05
YDR381W,0.000638592,0.000624415,0.000554812,0.000671766,0.000686822,0.000624399,0.000704388,0.000526811
YDR382W,0.002906545,0.00312893,0.003299274,0.00356467,0.003374575,0.00396406,0.0028725,0.002952962
YDR390C,6.84E-05,7.84E-05,5.51E-05,6.44E-05,2.92E-05,2.75E-05,1.38E-05,2.37E-05
YDR394W,0.000357055,0.000363924,0.000328023,0.000329585,0.000254074,0.000276369,0.000212359,0.000219871
YDR395W,0.000188093,0.000183488,0.000160241,0.000178855,0.000135674,0.000138507,0.000106645,0.000117208
YDR398W,5.75E-05,8.33E-05,7.33E-05,7.32E-05,6.32E-05,5.82E-05,5.81E-05,4.52E-05
YDR399W,0.000244249,0.000317726,0.000397596,0.000322743,0.000353668,0.000356933,0.000423942,0.000364962
YDR404C,3.96E-05,4.46E-05,4.42E-05,4.26E-05,4.41E-05,3.84E-05,3.48E-05,3.68E-05
YDR411C,2.74E-05,3.62E-05,2.88E-05,2.40E-05,1.92E-05,2.07E-05,2.01E-05,2.02E-05
YDR427W,0.000623677,0.000687335,0.000596416,0.000540195,0.000370824,0.000400739,0.000265133,0.000279215
YDR429C,0.000424813,0.000421077,0.000392093,0.000375826,0.000337772,0.000368676,0.000261099,0.000297672
YDR430C,6.26E-05,7.33E-05,7.80E-05,7.41E-05,5.40E-05,8.34E-05,2.56E-05,6.40E-05
YDR432W,0.000577379,0.000518124,0.000509101,0.000556241,0.000444277,0.000401992,0.000386803,0.000381534
YDR434W,2.29E-05,2.72E-05,2.54E-05,2.10E-05,2.10E-05,2.31E-05,2.11E-05,2.28E-05
YDR449C,8.37E-05,9.37E-05,7.26E-05,7.26E-05,5.61E-05,6.35E-05,4.14E-05,4.65E-05
YDR452W,1.44E-05,1.30E-05,1.20E-05,1.34E-05,1.14E-05,1.41E-05,1.24E-05,1.44E-05
YDR454C,0.000247452,0.000236506,0.000376029,0.000265362,0.000179793,0.000152632,0.000221358,0.000180292
YDR457W,7.51E-05,9.53E-05,6.68E-05,6.38E-05,4.56E-05,4.05E-05,1.67E-05,2.95E-05
YDR472W,2.90E-05,2.65E-05,2.87E-05,2.90E-05,2.23E-05,2.40E-05,1.86E-05,2.08E-05
YDR477W,0.000105797,0.000100903,9.48E-05,9.81E-05,8.41E-05,7.77E-05,6.71E-05,7.52E-05
YDR481C,9.86E-05,0.000102527,7.34E-05,7.93E-05,6.21E-05,6.61E-05,8.41E-05,7.86E-05
YDR483W,8.14E-05,8.84E-05,0.000101102,8.67E-05,8.79E-05,8.77E-05,8.15E-05,8.85E-05
YDR487C,8.74E-05,8.28E-05,0.000100989,9.99992E-05,7.96E-05,8.05E-05,0.00011162,9.61E-05
YDR493W,1.84E-05,1.87E-05,1.30E-05,1.79E-05,1.71E-05,2.16E-05,2.00E-05,1.93E-05
YDR496C,0.000200229,0.000179832,0.000187069,0.000190682,0.000152415,0.000139932,8.93E-05,0.000113241
YDR502C,0.001910437,0.001963433,0.002375948,0.002131642,0.002838513,0.002963364,0.003051112,0.003127027
YDR507C,7.49E-05,7.99E-05,7.79E-05,6.98E-05,6.58E-05,6.23E-05,3.73E-05,4.71E-05
YDR516C,3.56E-05,1.93E-05,1.10E-05,1.41E-05,9.19E-06,1.36E-05,1.53E-05,1.58E-05
YDR517W,3.47E-05,3.69E-05,3.40E-05,2.78E-05,2.45E-05,1.73E-05,2.29E-05,2.46E-05
YDR527W,1.94E-05,2.20E-05,2.58E-05,2.00E-05,1.69E-05,1.61E-05,1.28E-05,2.11E-05
YDR529C,0.000295713,0.000295262,0.000240836,0.000229074,0.000180484,0.000212659,0.000171242,0.000177357
YDR531W,4.23E-05,6.55E-05,5.47E-05,4.58E-05,2.64E-05,3.56E-05,2.40E-05,2.50E-05
YDR533C,5.60E-05,6.67E-05,7.05E-05,6.36E-05,6.60E-05,7.20E-05,8.65E-05,8.41E-05
YEL002C,0.000133526,0.000144649,0.000134376,0.000118885,0.000121363,0.000123653,0.000106324,0.000106316
YEL013W,0.000228753,0.000231439,0.000202359,0.000210195,0.000163363,0.000154815,0.000107645,0.000132567
YEL015W,9.64E-05,8.83E-05,7.29E-05,7.42E-05,5.51E-05,4.82E-05,4.29E-05,4.25E-05
YEL020W-A,0.000121066,0.000126848,0.000156308,0.000147513,0.000148581,0.000158706,0.000105631,0.000147405
YEL021W,0.000117597,0.00012696,0.000133138,0.000127673,0.000124891,0.000136379,0.000104994,0.000120233
YEL022W,3.45E-05,3.94E-05,3.70E-05,3.85E-05,3.06E-05,2.52E-05,2.00E-05,2.27E-05
YEL024W,0.000415105,0.000418743,0.000329117,0.000339834,0.000280277,0.000308244,0.000254878,0.000258487
YEL026W,0.000245955,0.000300061,0.000276467,0.000296586,0.000258026,0.000319944,0.00018421,0.00031693
YEL031W,0.000605465,0.000608888,0.000573742,0.000565109,0.000525896,0.000541534,0.000578991,0.000558664
YEL032W,0.000193285,0.000202147,0.000182725,0.000202686,0.000166719,0.000173205,9.68E-05,0.000144691
YEL034W,0.00334915,0.003021725,0.003578376,0.00342472,0.003971636,0.004414623,0.004314466,0.00500899
YEL037C,0.000274916,0.000269733,0.000280177,0.000275909,0.000294419,0.000290932,0.000278386,0.000298844
YEL040W,0.000111042,0.000114919,0.00014563,0.00015243,0.000151461,0.000146308,0.000148371,0.000153475
YEL042W,7.12E-05,8.00E-05,9.35E-05,8.82E-05,9.88E-05,0.00010158,0.000103244,0.000117789
YEL046C,0.000296643,0.000336983,0.000291748,0.000299199,0.000203256,0.000231656,0.000220128,0.000232275
YEL047C,0.000109181,0.000105389,0.000115815,0.00011078,0.000113632,0.000118748,9.95E-05,0.000100808
YEL050C,2.52E-05,2.63E-05,3.03E-05,2.61E-05,3.10E-05,2.88E-05,3.04E-05,2.81E-05
YEL051W,0.000103485,9.19E-05,9.47E-05,9.92E-05,9.72E-05,0.000106598,9.56E-05,9.07E-05
YEL054C,0.005259287,0.005260983,0.005248065,0.005306804,0.005125417,0.004736451,0.004374044,0.004486965
YEL055C,0.000107283,9.55E-05,0.000100131,9.67E-05,8.18E-05,7.33E-05,6.53E-05,6.53E-05
YEL056W,4.49E-05,4.32E-05,3.95E-05,3.58E-05,3.01E-05,2.45E-05,1.70E-05,2.14E-05
YEL058W,0.00023419,0.000240261,0.000205027,0.000189681,0.000151088,0.000143521,0.000107598,0.000129799
YEL060C,0.000135315,0.000148645,9.77E-05,9.67E-05,6.85711E-05,9.80E-05,7.63E-05,8.48E-05
YEL071W,0.002982533,0.003331165,0.002838865,0.00295273,0.003073039,0.00316579,0.003912911,0.003635885
YER003C,0.000273304,0.000257214,0.000311068,0.000307467,0.000346193,0.000339047,0.000333933,0.000302487
YER004W,0.00031112,0.000338293,0.000290241,0.000264921,0.000215756,0.000257691,0.000206555,0.000213595
YER006W,0.000228152,0.000231645,0.000254404,0.000234025,0.000229188,0.000240223,0.000217097,0.000210528
YER007C-A,0.000105844,0.000105727,9.43E-05,9.79E-05,8.23E-05,9.45E-05,7.14E-05,8.40E-05
YER009W,0.000252645,0.000259111,0.000258072,0.00020994,0.000130347,0.000115997,0.000156045,0.000175314
YER012W,0.000272993,0.000273954,0.000230735,0.00022122,0.000176819,0.000193145,0.00016614,0.000149935
YER016W,2.23E-05,3.28E-05,2.42E-05,2.17E-05,1.41E-05,1.80E-05,5.61E-06,1.52E-05
YER019W,2.97E-05,2.77E-05,2.41E-05,2.92E-05,1.80E-05,1.95E-05,1.50E-05,1.87E-05
YER021W,0.00056043,0.000550034,0.000466069,0.000452955,0.000368103,0.000358364,0.000224774,0.000280207
YER023W,0.000288887,0.000336172,0.000317936,0.000324454,0.000337675,0.000348097,0.000307247,0.000328237
YER025W,0.00146144,0.001417015,0.001323925,0.001265279,0.001150215,0.00113376,0.000900009,0.001139035
YER026C,3.33E-05,3.99E-05,6.77E-05,5.56E-05,5.97E-05,6.69E-05,5.00E-05,6.10E-05
YER029C,3.21E-05,3.88E-05,2.73E-05,2.93E-05,1.86E-05,1.81E-05,1.03E-05,2.02E-05
YER031C,3.58E-05,3.83E-05,3.65E-05,3.40E-05,3.51E-05,3.61E-05,2.71E-05,4.02E-05
YER036C,0.000810253,0.000816697,0.000810998,0.000872259,0.000834805,0.000828205,0.000682336,0.000704996
YER042W,0.000184699,0.000160168,0.00023562,0.000182024,0.000100246,8.39E-05,7.20E-05,8.75E-05
YER043C,0.003619549,0.003397565,0.003807027,0.003960019,0.005757902,0.005716205,0.007497152,0.007115152
YER048C,0.00010563,0.00011092,0.000102913,9.75E-05,8.67E-05,9.64E-05,8.34E-05,7.85E-05
YER049W,0.000314845,0.000298567,0.000323094,0.000290543,0.000310997,0.000295496,0.000301775,0.00032517
YER052C,0.000668623,0.00080394,0.000827291,0.000824435,0.000617801,0.000688786,0.0007479,0.000826245
YER055C,0.001863834,0.001791182,0.001850861,0.001865877,0.001352336,0.001391851,0.00129578,0.001353408
YER057C,8.42E-05,8.04E-05,0.000110637,6.72E-05,9.19E-05,0.000117491,9.16E-05,0.000125211
YER061C,4.98E-05,4.78E-05,5.32E-05,4.90E-05,2.83E-05,2.98E-05,2.25E-05,2.29E-05
YER062C,0.000115076,4.66E-05,7.95E-05,3.33E-05,2.06E-05,9.93E-06,5.01E-06,2.28E-05
YER063W,7.52E-05,7.21E-05,8.45E-05,0.000115836,0.000101331,0.000101017,0.000113331,9.75E-05
YER069W,0.000763162,0.000825747,0.001103048,0.001062964,0.001158216,0.001140024,0.001343359,0.001374379
YER070W,0.000235462,0.000267047,0.00027638,0.000269109,0.000277391,0.000269361,0.000216155,0.000234119
YER073W,0.000368162,0.000361783,0.000456169,0.000469506,0.000490917,0.000494504,0.000528245,0.000529446
YER080W,7.04E-05,6.70E-05,6.89E-05,5.81E-05,6.39E-05,6.78E-05,6.66E-05,7.40E-05
YER081W,0.000163447,0.000192966,0.000214499,0.000202537,0.000341554,0.000352508,0.00042653,0.000477228
YER082C,9.08E-05,9.69E-05,9.01E-05,9.11E-05,8.67E-05,8.02E-05,6.99E-05,6.155E-05
YER086W,0.000629909,0.000664017,0.000644142,0.000671674,0.000609868,0.000666783,0.000691666,0.000756916
YER089C,8.05E-05,7.44E-05,7.20E-05,6.77E-05,5.92E-05,7.70E-05,7.54E-05,8.20E-05
YER090W,0.000536235,0.000518679,0.000518717,0.000502355,0.000429006,0.0004699,0.000454243,0.00049204
YER091C,0.015677105,0.015383042,0.0175863,0.01862786,0.025253255,0.025695346,0.03062672,0.028993739
YER094C,0.000231073,0.000220585,0.000180417,0.000205313,0.000151208,0.00015919,0.000133526,0.000114795
YER099C,4.49E-05,4.30E-05,3.93E-05,4.10E-05,3.06E-05,3.18E-05,2.33E-05,2.20E-05
YER102W,0.005031059,0.004907394,0.005252847,0.005744607,0.004815997,0.005597047,0.00550846,0.004494794
YER103W,0.000624503,0.000573907,0.000654508,0.000678905,0.000653271,0.000686878,0.000587749,0.000622962
YER105C,0.000117941,0.000111312,0.000101564,9.55E-05,8.24E-05,7.71E-05,4.60E-05,6.74E-05
YER107C,3.77E-05,4.01E-05,3.65E-05,3.63E-05,2.59E-05,3.13E-05,2.60E-05,2.25E-05
YER110C,0.000807275,0.000859682,0.000870625,0.000840856,0.001000995,0.00100488,0.001086666,0.001125346
YER117W,0.004200457,0.004384779,0.00375734,0.003550687,0.003516261,0.003781917,0.003524483,0.003040369
YER120W,0.00066573,0.00067943,0.000646771,0.000615699,0.000534842,0.000521078,0.000469757,0.000437035
YER125W,0.000285139,0.00027116,0.000231129,0.000247621,0.00020036,0.000202695,0.000178756,0.000178462
YER126C,6.93E-05,7.10E-05,7.38E-05,5.84E-05,6.90E-05,6.88E-05,5.51E-05,5.62E-05
YER133W,0.000359176,0.000340316,0.000295897,0.000265826,0.000254911,0.000258166,0.000222507,0.00025578
YER134C,5.10E-05,4.65E-05,4.63E-05,2.87E-05,2.74E-05,3.60E-05,2.17E-05,2.23E-05
YER136W,0.000242786,0.000249777,0.000218551,0.000220959,0.000213173,0.000212375,0.000171007,0.000172427
YER141W,5.79E-05,4.02E-05,3.74E-05,4.23E-05,2.55E-05,4.01E-05,3.94E-05,3.62E-05
YER143W,0.000110377,0.000110177,0.000103747,9.37E-05,8.05E-05,9.09E-05,6.12E-05,5.60E-05
YER151C,0.000121317,0.000105932,0.000102174,0.000103357,8.79E-05,9.15E-05,9.94E-05,9.42E-05
YER155C,9.71E-05,9.39E-05,8.47E-05,7.67E-05,6.38E-05,5.22E-05,3.41E-05,5.28E-05
YER156C,0.000272002,0.000295202,0.00026243,0.000269272,0.000248373,0.000251261,0.000248138,0.000232896
YER164W,4.10E-05,5.52E-05,4.91E-05,4.64E-05,4.49E-05,3.18E-05,3.06E-05,3.38E-05
YER165W,0.002309675,0.002543201,0.002367245,0.002141051,0.002408729,0.00246484,0.002610352,0.002853304
YER166W,1.12E-05,1.36E-05,1.70E-05,2.10E-05,2.15E-05,1.52E-05,1.15E-05,1.95E-05
YER168C,7.32E-05,5.73E-05,5.37E-05,6.32E-05,2.95E-05,4.03E-05,1.73E-05,2.43E-05
YER176W,6.79E-05,7.51E-05,5.18E-05,5.85E-05,3.85E-05,2.35E-05,1.91E-05,1.92E-05
YER177W,0.000966863,0.000821578,0.000950529,0.000942578,0.000947205,0.000905379,0.001004506,0.001049227
YER178W,0.000525722,0.000505044,0.000466191,0.00047922,0.000488433,0.000478549,0.000497711,0.000508113
YFL002C,5.61E-05,3.71E-05,3.70E-05,3.71E-05,3.04E-05,1.52E-05,9.80E-06,2.05E-05
YFL004W,0.000152941,0.000141297,0.000140588,0.000138147,0.000128116,0.000130587,9.90E-05,0.000116535
YFL005W,0.000211933,0.000246516,0.000238441,0.000212768,0.000205571,0.000231826,0.000218847,0.000224999
YFL016C,0.000230108,0.000221256,0.000185489,0.000183042,0.000129628,0.000144762,0.000119847,0.000107276
YFL018C,0.000720505,0.000775418,0.000640437,0.000652983,0.000609527,0.000621992,0.00075245,0.000763441
YFL022C,0.001010155,0.000962693,0.001000363,0.001018533,0.000996392,0.001006506,0.000956658,0.000983794
YFL028C,0.000133122,0.000141511,0.000105566,0.000112498,6.94E-05,8.02E-05,6.15E-05,6.43E-05
YFL034C-A,7.40E-05,7.10E-05,8.90E-05,8.89E-05,0.000172645,0.000182217,0.000190067,0.000189551
YFL037W,0.000517405,0.000555337,0.000517231,0.000469471,0.000455449,0.00043746,0.000467098,0.000480652
YFL038C,0.000436578,0.000427883,0.00038409,0.000396696,0.000325991,0.000341805,0.000313806,0.00031473
YFL039C,0.004140349,0.004622895,0.004599549,0.004320799,0.00465111,0.004842282,0.00508653,0.004810923
YFL041W,7.46E-05,6.58E-05,6.17E-05,5.51E-05,4.07E-05,4.52E-05,5.57E-05,3.65E-05
YFL045C,0.00019014,0.000231767,0.000323591,0.000273963,0.000406876,0.000431531,0.000539198,0.000530655
YFL048C,7.87E-05,7.95E-05,7.04E-05,6.13E-05,6.15E-05,3.85E-05,5.85E-05,5.62E-05
YFR001W,5.63E-05,6.01E-05,5.21E-05,4.68E-05,3.83E-05,4.29E-05,3.77E-05,2.67E-05
YFR002W,0.000113041,0.000116831,9.88E-05,0.000117091,8.39E-05,8.06E-05,6.45562E-05,6.98E-05
YFR004W,0.000380014,0.000389923,0.000353129,0.000355596,0.000261293,0.000283118,0.000204518,0.000197081
YFR006W,9.69E-05,9.64E-05,7.58E-05,6.27E-05,4.26E-05,4.19E-05,3.74E-05,4.19E-05
YFR009W,0.000214078,0.000220763,0.000210535,0.000206394,0.000193266,0.000193754,0.000145438,0.000173091
YFR010W,0.000352756,0.000338878,0.000279153,0.000262887,0.000203472,0.000206394,0.000131976,0.000164528
YFR024C-A,0.000111132,9.75E-05,0.000111397,0.000102437,9.84E-05,8.86E-05,7.09E-05,8.21E-05
YFR028C,5.57E-05,5.25E-05,4.05E-05,4.08E-05,2.99E-05,3.97E-05,3.04E-05,2.67E-05
YFR030W,0.00192177,0.002033642,0.002019779,0.002015649,0.002112328,0.002262662,0.002317978,0.002468086
YFR033C,7.67E-05,0.000103704,8.46E-05,0.000118302,9.30E-05,8.04E-05,6.58E-05,9.16E-05
YFR037C,0.000133106,0.000131272,0.000122598,0.000117882,9.32E-05,9.40E-05,7.61E-05,7.95E-05
YFR044C,0.00060037,0.000639891,0.000544697,0.000510814,0.000471779,0.000491738,0.000484526,0.000429682
YFR047C,7.88E-05,7.45E-05,7.25E-05,8.37E-05,8.18E-05,7.44E-05,8.97E-05,6.49E-05
YFR050C,0.000331649,0.000342802,0.000264489,0.000297168,0.00024268,0.000213942,0.000205889,0.000176686
YFR051C,0.000132851,0.000146598,0.000156899,0.000121349,0.000127875,0.000109836,0.000104524,0.000105614
YFR052W,0.000507237,0.000560425,0.00043952,0.000424196,0.000278001,0.000324778,0.000190706,0.000222795
YFR053C,8.07E-05,4.86E-05,1.96E-05,2.67E-05,2.44E-05,3.58E-05,9.79E-06,2.19E-06
YGL001C,0.000223867,0.000208445,0.000237041,0.000221139,0.000188834,0.000176515,0.00017144,0.000178364
YGL006W,2.28E-05,2.10E-05,1.84E-05,1.59E-05,1.72E-05,1.73E-05,1.23E-05,1.98E-05
YGL008C,0.011631833,0.011778255,0.010383821,0.010274831,0.010043295,0.0102676,0.011703934,0.011784441
YGL009C,0.001956011,0.001990806,0.002422616,0.002270673,0.002807066,0.002775877,0.002798794,0.003053907
YGL011C,0.000594068,0.000597119,0.000491281,0.000521833,0.000377804,0.000365699,0.000308303,0.000312298
YGL012W,6.34E-05,5.70E-05,5.11E-05,4.82E-05,4.82E-05,4.67E-05,5.89E-05,5.39E-05
YGL019W,5.39E-05,6.48E-05,3.77E-05,4.86E-05,2.49E-05,4.66E-05,3.33E-05,3.95E-05
YGL022W,7.64E-05,7.70E-05,7.53E-05,6.61E-05,6.45E-05,7.10E-05,7.79E-05,8.18E-05
YGL026C,0.001521123,0.001628359,0.001712459,0.001582157,0.001719307,0.001638586,0.001786893,0.001730001
YGL027C,6.72E-05,6.61E-05,5.50E-05,5.50E-05,4.96E-05,5.58E-05,5.63E-05,5.30E-05
YGL030W,0.002739626,0.002938013,0.002745735,0.002594472,0.002726668,0.00214929,0.002322513,0.002465335
YGL031C,0.000521291,0.000633126,0.000499957,0.000534001,0.000401188,0.000380017,0.000387669,0.000393685
YGL037C,0.000147794,0.000110488,8.59E-05,5.33E-05,5.37E-05,4.03E-05,3.24E-05,3.84E-05
YGL039W,1.80E-05,2.45E-05,2.25E-05,2.18E-05,1.39E-05,1.28E-05,9.12E-06,1.07E-05
YGL040C,0.000203111,0.00021343,0.000188526,0.000184752,0.00017628,0.000166159,0.000179775,0.000160296
YGL043W,0.000166132,0.000156333,0.000134301,0.000131902,9.63E-05,8.95E-05,6.80E-05,7.96E-05
YGL048C,0.000483478,0.000484902,0.000421655,0.000428533,0.000342219,0.000351649,0.000280453,0.000299846
YGL049C,6.28E-05,5.84E-05,5.79E-05,6.76E-05,6.03E-05,5.67E-05,5.97E-05,5.85E-05
YGL050W,2.61E-05,2.96E-05,2.62E-05,2.77E-05,2.35E-05,2.55E-05,1.66E-05,2.11E-05
YGL055W,0.000257594,0.000254307,0.000233673,0.000229369,0.000270808,0.000258931,0.000291861,0.000271489
YGL056C,0.000151729,0.000170407,0.000137134,0.000132776,0.000111013,0.0001102,8.50E-05,9.05E-05
YGL062W,0.003516549,0.003732699,0.002890891,0.003014754,0.002808716,0.002922924,0.00270003,0.002749627
YGL065C,0.000102243,0.000105243,7.88E-05,7.51E-05,6.05E-05,5.00E-05,5.01E-05,5.60E-05
YGL067W,3.02E-05,4.20E-05,3.27E-05,2.50E-05,2.25E-05,2.28E-05,2.33E-05,2.33E-05
YGL076C,0.000400955,0.000342796,0.0003491,0.000371046,0.000381323,0.000367316,0.000333455,0.000245119
YGL078C,0.000190407,0.000210765,0.000215533,0.000215686,0.000233181,0.000256072,0.000243896,0.000264483
YGL087C,8.16E-05,8.92E-05,7.91E-05,6.50E-05,5.24E-05,4.74E-05,5.22E-05,4.25E-05
YGL092W,9.73E-05,9.15E-05,7.73E-05,7.67E-05,6.21E-05,5.95E-05,3.55E-05,5.71E-05
YGL097W,0.000107982,0.000115389,0.000100956,0.000105324,0.000103351,0.000106069,0.000110679,0.000103487
YGL099W,0.000164368,0.000166611,0.00016002,0.000164683,0.00014283,0.000135318,0.000107262,0.000122125
YGL100W,7.65E-05,9.16E-05,7.09E-05,6.92E-05,5.86E-05,6.25E-05,4.56E-05,4.95E-05
YGL103W,0.003280804,0.002736094,0.002634359,0.002814494,0.002421693,0.002370957,0.002297718,0.002157836
YGL105W,0.001249783,0.001260333,0.001145422,0.001173617,0.001068967,0.001044056,0.000959989,0.00097724
YGL106W,0.000294592,0.000278794,0.000243346,0.000247252,0.000200724,0.000197508,0.000209524,0.000210657
YGL111W,0.00010612,0.00010547,8.26E-05,9.08E-05,5.17E-05,6.14E-05,3.85E-05,3.97E-05
YGL112C,8.67E-05,8.87E-05,7.94E-05,8.05E-05,5.89E-05,5.23E-05,4.77E-05,5.44E-05
YGL115W,9.18E-05,0.000113011,9.18E-05,8.50E-05,7.93E-05,7.63E-05,3.99E-05,6.00E-05
YGL120C,0.000269082,0.000296133,0.000284474,0.000278254,0.000255613,0.000271629,0.000211258,0.00021573
YGL122C,0.000118208,0.000126241,0.000114583,0.00011382,8.71E-05,0.000105228,7.68E-05,7.64E-05
YGL123W,0.008320135,0.007939052,0.007438789,0.007528179,0.007243247,0.007320118,0.006430105,0.006919232
YGL125W,0.00017732,0.000183397,0.000215681,0.000195225,0.000226392,0.000257712,0.000292751,0.000304811
YGL129C,4.12E-05,6.09E-05,4.29E-05,4.10E-05,3.37E-05,4.45E-05,3.15E-05,3.97E-05
YGL135W,0.003520383,0.00342173,0.003555936,0.003912077,0.003312604,0.003262155,0.003406055,0.002972129
YGL137W,0.000619756,0.000639175,0.000608713,0.000605736,0.000542069,0.00057944,0.000455672,0.000441564
YGL147C,0.001162822,0.001113738,0.001036658,0.001036679,0.00088925,0.000958419,0.000843607,0.000697752
YGL148W,0.000519118,0.000513007,0.000539569,0.000564731,0.000519027,0.000552411,0.000612631,0.000655093
YGL157W,0.000117502,0.000140658,0.000132472,0.000117373,8.07E-05,9.14E-05,5.14E-05,5.74E-05
YGL167C,8.65E-05,9.45E-05,8.41E-05,6.90E-05,7.42E-05,8.10E-05,7.61E-05,7.96E-05
YGL171W,0.000121693,0.000134194,0.000113118,0.000121391,9.36E-05,9.71E-05,5.61E-05,7.74E-05
YGL173C,0.000484715,0.000481728,0.000421066,0.000414834,0.00034624,0.000349775,0.00027052,0.000297437
YGL184C,0.000153264,0.000136758,0.000147478,0.000144578,0.000102358,0.000103178,9.21E-05,8.99E-05
YGL187C,0.000411351,0.000412834,0.000319048,0.000311815,0.000254925,0.000274447,0.00025113,0.000258227
YGL189C,0.002337551,0.002572008,0.002485594,0.002347377,0.002213599,0.002084222,0.002590377,0.002099454
YGL190C,2.00E-05,3.53E-05,2.84E-05,4.00E-05,2.20E-05,1.73E-05,2.29E-05,1.81E-05
YGL191W,0.000114442,9.53E-05,8.41E-05,8.02E-05,7.36E-05,8.31E-05,5.35E-05,6.48E-05
YGL195W,0.000891829,0.000909347,0.000823012,0.000818741,0.000697665,0.000718912,0.000601491,0.000643358
YGL200C,0.000145958,0.000146508,0.000138605,0.000154873,0.000162502,0.00013281,0.000108745,0.00013239
YGL201C,8.32E-05,8.13E-05,7.42E-05,7.41E-05,5.41E-05,5.25E-05,3.19E-05,4.47E-05
YGL202W,0.001203651,0.001164379,0.001128581,0.001206453,0.000955009,0.000985536,0.001175799,0.001106209
YGL206C,0.000928208,0.00090914,0.000844377,0.000857319,0.000777172,0.000874675,0.000839115,0.000911429
YGL207W,0.000779176,0.000780861,0.000667508,0.000627545,0.000471422,0.000498599,0.00036028,0.000386447
YGL210W,3.78E-05,1.52E-05,1.75E-05,3.11E-05,2.18E-05,2.25E-05,2.17E-05,2.18E-05
YGL213C,0.000333727,0.000360162,0.00030873,0.000291512,0.000172497,0.000179436,0.000110187,0.000145065
YGL221C,0.000339632,0.000360837,0.000273639,0.000272963,0.000182391,0.000180407,0.000140936,0.000136051
YGL228W,0.000129333,0.000187159,0.000110414,0.000106251,7.89E-05,9.90E-05,6.23E-05,6.77E-05
YGL234W,0.002772017,0.002736141,0.003311806,0.003137319,0.003897616,0.003776682,0.003485883,0.00346993
YGL238W,0.000237065,0.000250502,0.000194285,0.000203164,0.000147637,0.000148379,9.10E-05,0.000107279
YGL242C,6.36E-05,5.55E-05,5.46E-05,5.29E-05,4.27E-05,3.63E-05,5.77E-05,5.34E-05
YGL245W,0.002141179,0.002154004,0.002132743,0.002170704,0.002380551,0.002404321,0.001967777,0.002232125
YGL246C,7.09E-05,7.67E-05,7.41E-05,6.94E-05,5.91E-05,5.18E-05,2.95E-05,3.90E-05
YGL252C,0.000244309,0.000233849,0.000184915,0.000160184,0.00012341,0.000120403,0.000101827,0.000102552
YGL253W,0.001789081,0.001865005,0.002239187,0.002244801,0.002587157,0.002662009,0.002379657,0.002547297
YGR001C,7.67E-05,7.39E-05,6.94E-05,7.76E-05,6.13E-05,5.46E-05,6.75E-05,5.96E-05
YGR012W,8.51E-05,8.92E-05,5.74E-05,6.79E-05,5.44E-05,4.91E-05,3.10E-05,2.99E-05
YGR020C,5.77E-05,5.69E-05,6.01E-05,7.19E-05,6.45E-05,5.93E-05,4.08E-05,5.80E-05
YGR032W,0,0,0,0,1.49E-05,0,0,5.03E-06
YGR034W,0.000511956,0.000504391,0.00046367,0.000641873,0.000597675,0.000578013,0.000481452,0.000470413
YGR037C,0.000105592,9.10E-05,0.000143537,0.000112957,9.39E-05,9.50E-05,0.000112173,0.000118079
YGR048W,6.26E-05,7.17E-05,6.32E-05,6.07E-05,4.94E-05,5.39E-05,3.84E-05,3.79E-05
YGR054W,0.000629757,0.000628256,0.000575345,0.000542202,0.000458638,0.000460193,0.000383612,0.000412751
YGR055W,0.000263139,0.00027527,0.000165466,0.000162827,0.000100271,0.000107066,6.92E-05,7.43E-05
YGR060W,7.80E-05,6.40E-05,0.000103122,0.00010216,0.000133642,0.000124723,0.000150101,0.000167976
YGR061C,0.00204564,0.00206491,0.002372947,0.002320554,0.002753825,0.002816572,0.003006628,0.003260562
YGR078C,7.76E-05,7.73E-05,5.89E-05,6.24E-05,4.66E-05,4.94E-05,4.48E-05,3.88E-05
YGR080W,0.000140278,0.000162349,0.000143741,0.000134242,0.000100993,9.09E-05,7.36E-05,8.48E-05
YGR082W,0.000101051,7.02E-05,0.000104237,0.00010545,0.000108897,0.000108411,0.00010536,0.000121013
YGR083C,0.000127531,0.000129998,9.80E-05,0.000103439,7.05E-05,8.10E-05,5.04E-05,6.47E-05
YGR084C,2.98E-05,3.71E-05,3.03E-05,3.18E-05,2.72E-05,3.25E-05,3.07E-05,3.50E-05
YGR085C,0.003725662,0.003829985,0.003549387,0.003565856,0.003557151,0.004138215,0.003011494,0.003515809
YGR086C,0.001150079,0.001227956,0.001100807,0.001235005,0.001099886,0.001145482,0.00095531,0.0010143
YGR090W,0.000338731,0.000352636,0.000296077,0.000277808,0.000224651,0.000224454,0.000173286,0.000180491
YGR094W,0.002511857,0.002512644,0.002476699,0.002545476,0.002476252,0.002407039,0.002413563,0.002543938
YGR103W,0.000206261,0.000197347,0.000200349,0.000210976,0.00019744,0.00018917,0.00016875,0.000198376
YGR116W,0.000262508,0.000286372,0.000250987,0.000243998,0.000213549,0.000218398,0.000180792,0.000191492
YGR117C,3.89E-05,4.14E-05,3.89E-05,2.98E-05,2.43E-05,2.50E-05,2.51E-05,1.99E-05
YGR119C,6.91E-05,6.33E-05,6.69E-05,5.55E-05,4.47E-05,4.57E-05,3.13E-05,4.34E-05
YGR123C,8.96E-05,9.36E-05,8.81E-05,8.61E-05,7.56E-05,7.30E-05,5.06E-05,6.99E-05
YGR124W,0.000988819,0.000983723,0.00102429,0.000928654,0.00081941,0.000847051,0.000877975,0.000925912
YGR128C,0.000190853,0.000213681,0.000182727,0.000175127,0.000138098,0.000142702,9.43E-05,0.000110394
YGR132C,0.00017557,0.000180189,0.000160616,0.000176601,0.000156358,0.000156412,0.000168087,0.000182732
YGR135W,0.000405861,0.000384924,0.000321765,0.000317711,0.00024235,0.000242069,0.000196243,0.000197578
YGR145W,8.24E-05,8.35E-05,8.26E-05,8.20E-05,7.35E-05,6.86E-05,5.70E-05,6.05E-05
YGR148C,0.000392926,0.000450861,0.000384859,0.000425287,0.000372632,0.000449725,0.000435011,0.000359324
YGR155W,0.00164796,0.001695672,0.001691361,0.001642505,0.001885704,0.001811417,0.001584322,0.001711476
YGR157W,4.85E-05,5.32E-05,7.22E-05,7.15E-05,8.46E-05,9.01E-05,9.34E-05,0.000103914
YGR158C,2.80E-05,2.68E-05,2.06E-05,1.77E-05,1.70E-05,1.96E-05,1.76E-05,1.30E-05
YGR159C,0.000709216,0.000759787,0.000756513,0.000777808,0.000905679,0.000952308,0.000872359,0.000998166
YGR162W,0.000606088,0.000594218,0.000620214,0.000605334,0.000537818,0.000527509,0.000396682,0.00050774
YGR165W,4.41E-05,2.81E-05,3.03E-05,2.81E-05,3.52E-05,3.72E-05,4.25E-05,3.32E-05
YGR167W,7.71E-05,9.04E-05,8.08E-05,7.50E-05,9.07E-05,8.21E-05,9.78E-05,0.000101939
YGR173W,0.000253593,0.000245034,0.00019789,0.000199902,0.000161046,0.000158586,0.00010027,0.000121005
YGR175C,0.000122526,0.000104559,0.000219665,0.000234355,0.000341145,0.000285913,0.000452068,0.000426279
YGR178C,0.000108169,8.96E-05,8.64E-05,9.55E-05,9.60E-05,0.000106638,0.000101106,9.57E-05
YGR180C,0.000611958,0.000580764,0.000627153,0.000608879,0.000633594,0.000648831,0.000654148,0.000684629
YGR184C,3.50E-05,2.94E-05,2.40E-05,2.13E-05,2.27E-05,2.29E-05,2.07E-05,1.57E-05
YGR185C,0.000731772,0.000699035,0.000657135,0.000732109,0.000580357,0.000568944,0.000480447,0.000498517
YGR186W,7.14E-05,6.68E-05,5.66E-05,5.97E-05,4.46E-05,4.36E-05,1.92E-05,3.43E-05
YGR187C,7.57E-05,8.00E-05,7.74E-05,7.40E-05,7.84E-05,9.10E-05,7.48E-05,8.41E-05
YGR189C,0.000300538,0.000308589,0.000203926,0.000199121,0.000178674,0.00021241,0.000161625,0.000164999
YGR192C,0.008185391,0.008437339,0.00845463,0.008515093,0.009057547,0.008813828,0.015708673,0.011477283
YGR193C,0.000114755,0.000116212,0.000116007,0.00010904,9.81E-05,9.91E-05,7.94E-05,9.91E-05
YGR200C,0.000248117,0.000239758,0.000205314,0.00018597,0.000136416,0.000148157,8.94E-05,0.000109804
YGR204W,0.004502295,0.004402342,0.004623735,0.004738362,0.004332129,0.004470292,0.004311011,0.004291722
YGR207C,0.00012422,0.000134053,0.00012136,0.000134405,0.000129685,0.000129224,0.00012173,0.00014542
YGR208W,4.96E-05,4.88E-05,7.37E-05,5.14E-05,4.22E-05,3.63E-05,5.00E-05,3.99E-05
YGR209C,0.000113666,0.000121233,0.000109019,9.87E-05,6.96E-05,6.52E-05,0.000105636,0.000104168
YGR210C,5.72E-05,5.52E-05,5.42E-05,4.99E-05,4.74E-05,4.92E-05,2.85E-05,4.20E-05
YGR211W,0.000468351,0.000500442,0.000448096,0.000424118,0.000334585,0.00034963,0.00028139,0.000326193
YGR214W,0.000137096,0.000146687,0.000164651,0.000182209,0.000174513,0.000197533,7.52E-05,0.000136458
YGR218W,0.000340902,0.000335829,0.0002866,0.000270322,0.000199427,0.000204064,0.000160708,0.000168122
YGR231C,8.89E-05,0.000117473,0.000124123,0.000126009,0.000122235,0.000146297,0.000137611,0.000147107
YGR232W,6.16E-05,6.13E-05,5.63E-05,3.69E-05,3.73E-05,3.14E-05,3.94E-05,3.29E-05
YGR234W,0.001153878,0.001241218,0.001855413,0.001737854,0.001898767,0.002023215,0.001610675,0.001727357
YGR240C,0.002564564,0.002722599,0.002887719,0.002924662,0.003338345,0.003472976,0.003707584,0.003530206
YGR244C,0.000123136,0.000107826,0.000102333,0.000105879,0.00010272,0.000105326,8.99E-05,9.32E-05
YGR245C,3.43E-05,3.78E-05,4.36E-05,4.79E-05,4.91E-05,5.36E-05,3.79E-05,3.87E-05
YGR253C,0.000600167,0.00059105,0.000481845,0.000472929,0.000388129,0.000379559,0.000353593,0.000326653
YGR254W,0.01722943,0.016220288,0.019080927,0.019399951,0.023844105,0.022221603,0.026160166,0.027168198
YGR256W,0.000154255,0,0,0,0,0.000165423,0.000137184,0
YGR261C,6.74E-05,6.55E-05,4.75E-05,5.08E-05,2.20E-05,2.93E-05,1.70E-05,2.42E-05
YGR264C,0.00108291,0.001113623,0.001054587,0.001022892,0.000968971,0.000937255,0.000802939,0.00077427
YGR266W,0.00020258,0.000201855,0.000160081,0.000155512,9.70E-05,0.000108804,6.58E-05,7.79E-05
YGR267C,8.79E-05,8.42E-05,8.61E-05,6.90E-05,7.13E-05,7.49E-05,8.30E-05,7.48E-05
YGR271C-A,3.98E-05,3.94E-05,3.48E-05,3.14E-05,2.90E-05,3.29E-05,2.97E-05,3.39E-05
YGR275W,3.57E-05,3.32E-05,3.16E-05,2.99E-05,2.46E-05,2.38E-05,2.30E-05,2.52E-05
YGR277C,6.28E-05,6.83E-05,5.98E-05,5.98E-05,4.28E-05,4.48E-05,2.42E-05,4.05E-05
YGR279C,0.000165675,0.000174445,0.000174434,0.000165048,0.000149824,0.000147107,0.000135729,0.000164303
YGR282C,0.000812094,0.00092026,0.000708221,0.000797578,0.000669861,0.000787265,0.000757499,0.00068961
YGR285C,0.000779092,0.000835412,0.000779913,0.000778114,0.000903923,0.000894996,0.000977114,0.001030747
YHL001W,0.000305476,0.000274672,0.000319555,0.000252343,0.000116618,0.000187429,0.000238287,0.000258957
YHL004W,4.32E-05,4.38E-05,3.64E-05,4.24E-05,3.70E-05,5.04E-05,4.51E-05,5.10E-05
YHL007C,3.17E-05,4.50E-05,4.79E-05,4.44E-05,3.87E-05,3.55E-05,3.40E-05,3.42E-05
YHL011C,0.000181049,0.000204663,0.000179425,0.000187913,0.00018006,0.000208265,0.000153975,0.000181851
YHL015W,0.005748298,0.004865747,0.00522697,0.005395645,0.00482499,0.00426952,0.004485445,0.004760191
YHL030W,0.000298287,0.000314272,0.000267885,0.000257506,0.000193647,0.000204493,0.000141461,0.000168879
YHL031C,5.09E-05,5.19E-05,5.22E-05,4.67E-05,3.78E-05,3.57E-05,3.41E-05,3.28E-05
YHL033C,0.000288998,0.000294725,0.00025338,0.000337185,0.000337303,0.000369762,0.000314686,0.000266516
YHL034C,0.000445788,0.000430404,0.000412142,0.000438701,0.00049028,0.000475426,0.000436351,0.0004831
YHL039W,8.54E-05,7.40E-05,4.86E-05,6.81E-05,5.00E-05,4.88E-05,3.75E-05,3.58E-05
YHR001W,6.36E-05,6.02E-05,4.35E-05,4.44E-05,3.37E-05,3.30E-05,1.58E-05,3.17E-05
YHR005C-A,5.96E-05,6.16E-05,6.42E-05,6.16E-05,5.34E-05,5.33E-05,5.63E-05,5.23E-05
YHR007C,0.000158918,0.000152724,0.000208263,0.000194552,0.000238305,0.000240757,0.000297015,0.000337458
YHR008C,0.000189971,0.000214629,0.000151996,0.000168718,0.000165907,0.000169465,0.000186695,0.000164532
YHR009C,4.05E-05,4.07E-05,4.33E-05,3.82E-05,4.59E-05,4.73E-05,4.10E-05,5.03E-05
YHR010W,0.005437392,0.005152485,0.005154175,0.004428207,0.004416025,0.004099042,0.004183669,0.004229222
YHR012W,6.58E-05,5.49E-05,5.03E-05,4.59E-05,2.86E-05,2.86E-05,2.41E-05,2.55E-05
YHR013C,6.67E-05,6.87E-05,6.29E-05,4.88E-05,4.20E-05,4.41E-05,3.65E-05,4.32E-05
YHR017W,0.000415101,0.000430046,0.000391699,0.000293001,0.000275941,0.000277509,0.000449884,0.000228737
YHR018C,0.000515999,0.000509396,0.000626673,0.000594327,0.0004881,0.000441852,0.000784644,0.000764626
YHR019C,0.001345966,0.001381879,0.001291359,0.00143292,0.00131245,0.001422202,0.00130781,0.001369802
YHR020W,0.001369481,0.001390102,0.0014921,0.001525133,0.001647778,0.001640063,0.001385986,0.00147043
YHR024C,0.000123901,0.00012327,0.000115969,9.29E-05,9.16E-05,9.57E-05,6.82E-05,8.20E-05
YHR025W,0.000382262,0.00036269,0.00038269,0.000375604,0.000391522,0.000361081,0.000345067,0.000359741
YHR027C,0.00101194,0.001085285,0.000913342,0.000861643,0.000723054,0.000724372,0.000628574,0.000680188
YHR029C,4.26E-05,4.50E-05,5.35E-05,5.68E-05,6.44E-05,4.98E-05,9.06E-05,7.53E-05
YHR030C,0.000156564,0.000187647,9.27E-05,8.71E-05,5.24E-05,5.31E-05,1.23E-05,3.67E-05
YHR037W,0.000318303,0.000331259,0.0002709,0.000263728,0.000206619,0.000216998,0.000181163,0.000191459
YHR039C,0.000101161,0.000103118,0.000106484,9.32E-05,8.03E-05,9.26E-05,0.000100282,8.78E-05
YHR039C-A,0.000172708,0.000166436,0.000219939,0.000183055,0.000203836,0.000187753,0.000189324,0.000222424
YHR042W,0.000166145,0.000182385,0.000177847,0.000165698,0.000185439,0.000187283,0.000223347,0.000225342
YHR047C,0.000255157,0.000265621,0.000209313,0.00021445,0.000154475,0.000156483,0.000175685,0.000163007
YHR049W,0.000187556,0.000202167,0.000255934,0.000263347,0.000192707,0.000208142,0.000106247,0.000118342
YHR051W,0.000329007,0.000357716,0.000277759,0.000258037,0.000210659,0.000242637,0.000201177,0.0002184
YHR052W,0.000235386,0.000250625,0.000235117,0.000245733,0.000215764,0.000235037,0.00020447,0.000234388
YHR063C,0.000253843,0.000234747,0.000204599,0.000222881,0.000164652,0.000162675,0.000153708,0.000144604
YHR064C,0.001312887,0.001361186,0.001530959,0.001477654,0.001846243,0.001874496,0.001871125,0.002072118
YHR065C,0.000160558,0.000160089,0.000150833,0.0001462,0.000115741,0.00013719,9.19E-05,8.96E-05
YHR066W,3.05E-05,4.18E-05,3.06E-05,4.01E-05,2.95E-05,3.39E-05,2.33E-05,2.00E-05
YHR068W,0.000380791,0.000405568,0.000390324,0.000403318,0.000398698,0.000420049,0.000382612,0.000414366
YHR069C,9.75E-05,8.18E-05,7.27E-05,7.69E-05,6.13E-05,5.70E-05,4.43E-05,4.97E-05
YHR070W,9.58E-05,9.05746E-05,7.33E-05,8.05E-05,5.64E-05,6.08E-05,3.18E-05,3.80E-05
YHR072W,6.59E-05,6.60E-05,6.20E-05,6.54E-05,2.26E-05,4.44E-05,3.01E-05,3.55E-05
YHR073W,3.54E-05,3.49E-05,2.85E-05,3.69E-05,2.56E-05,1.59E-05,1.64E-05,1.63E-05
YHR074W,0.000237603,0.000241641,0.000188304,0.000194507,0.000149746,0.000163412,0.000112978,0.000116442
YHR088W,5.03E-05,6.57E-05,6.51E-05,6.06E-05,6.47E-05,6.26E-05,3.99E-05,5.18E-05
YHR089C,0.00027524,0.000285392,0.000277156,0.000259867,0.000261524,0.000268287,0.000258495,0.000287668
YHR092C,7.27E-05,6.99E-05,9.96E-05,0.000106446,0.000126472,0.000131412,0.000126173,0.000128898
YHR094C,3.72E-05,6.13E-05,5.69E-05,7.39E-05,7.78E-05,6.99E-05,6.78E-05,5.74E-05
YHR098C,8.35E-05,9.25E-05,8.65E-05,7.69E-05,6.96E-05,6.63E-05,5.95E-05,6.95E-05
YHR099W,2.47E-05,3.35E-05,3.41818E-05,4.36E-05,2.61E-05,4.80E-05,7.43E-06,2.49E-05
YHR104W,0.000294041,0.000292852,0.000211054,0.000198103,0.000153912,0.00015186,0.000117862,0.000117157
YHR107C,0.000258699,0.000251039,0.000229182,0.000227103,0.000212813,0.000212979,0.000166616,0.000179806
YHR108W,0.000196542,0.000185088,0.000167309,0.000168909,0.000129617,0.000143009,0.00011058,0.000112065
YHR111W,0.000104278,0.000115461,9.25E-05,8.76E-05,5.59E-05,4.87E-05,2.55E-05,4.21E-05
YHR112C,0.000122726,0.000100419,9.25E-05,0.000103536,0.000103956,9.45E-05,9.21E-05,8.49E-05
YHR113W,0.00011319,8.67E-05,9.20E-05,8.55E-05,7.53E-05,6.69E-05,6.25E-05,7.19E-05
YHR117W,5.07E-05,5.64E-05,4.61E-05,4.83E-05,3.55E-05,3.29E-05,2.72E-05,3.16E-05
YHR121W,9.85E-05,0.000104357,9.58E-05,9.92E-05,8.35E-05,0.000101128,6.79E-05,7.16E-05
YHR128W,0.000259608,0.000256402,0.000264171,0.000290201,0.000301229,0.000286779,0.000223894,0.000267575
YHR132C,5.64E-05,6.60E-05,2.45E-05,4.58E-05,3.67E-05,3.99E-05,3.96E-05,3.57E-05
YHR135C,7.10E-05,6.89E-05,7.27E-05,7.61E-05,7.31E-05,7.16E-05,6.53E-05,6.48E-05
YHR146W,0.000228745,0.000197801,0.00022984,0.000219169,0.000212139,0.000195382,0.000190957,0.000206224
YHR163W,6.17E-05,7.27E-05,0.000102012,8.14E-05,5.85E-05,6.96E-05,8.86E-05,8.96E-05
YHR169W,9.22E-05,9.47E-05,8.00E-05,8.00E-05,6.14E-05,7.20E-05,5.00E-05,5.01E-05
YHR170W,0.000266527,0.000278851,0.000249453,0.000222967,0.000203073,0.000199227,0.000173428,0.000175541
YHR179W,0.000898964,0.000906231,0.000979677,0.000985638,0.001310931,0.001409446,0.001635597,0.001457844
YHR183W,0.004328002,0.003643225,0.004045106,0.004063385,0.004762067,0.004718879,0.005457486,0.005653302
YHR190W,0.000460664,0.000479895,0.000449533,0.000442429,0.000351153,0.000376072,0.000249323,0.000300382
YHR193C,0.001533518,0.001434935,0.001387515,0.001593794,0.001524511,0.001486116,0.001285048,0.001635728
YHR196W,0.000484117,0.000518811,0.00045263,0.000459992,0.000398591,0.000463046,0.000392055,0.000331014
YHR197W,8.30E-05,0.000102483,7.93E-05,9.48E-05,7.22E-05,8.29E-05,5.72E-05,6.47E-05
YHR200W,0.000344127,0.000300271,0.000278426,0.000290748,0.000191826,0.000159892,0.000114843,0.000139074
YHR201C,7.69E-05,8.06E-05,7.66E-05,6.23E-05,4.71E-05,5.14E-05,3.20E-05,4.21E-05
YHR203C,0.007948137,0.008465503,0.00778188,0.007752414,0.007341711,0.007350822,0.007560876,0.006454481
YHR205W,4.57E-05,4.23E-05,4.58E-05,4.01E-05,3.58E-05,3.85E-05,2.42E-05,3.61E-05
YHR208W,0.001259827,0.001234771,0.001297067,0.001280539,0.001293806,0.001224047,0.001500849,0.00139286
YIL018W,0.006496006,0.00644664,0.006436165,0.006183693,0.006020641,0.006156217,0.00579714,0.005546046
YIL022W,0.000223637,0.000225655,0.000191505,0.000196669,0.000166036,0.000165591,0.00013853,0.000157957
YIL027C,6.93E-05,7.87E-05,6.68E-05,7.39E-05,5.57E-05,5.37E-05,3.88E-05,4.40E-05
YIL030C,0.000132885,0.0001254,0.000104346,9.82E-05,8.93E-05,9.06E-05,8.03E-05,9.01E-05
YIL033C,9.12E-05,9.11E-05,7.69E-05,7.72526E-05,8.22E-05,7.97E-05,7.84E-05,8.28E-05
YIL034C,0.000181269,0.000178137,0.000126721,0.000139954,0.000100784,9.88E-05,7.49E-05,8.35E-05
YIL038C,5.57E-05,5.04E-05,4.70E-05,5.37E-05,5.76E-05,5.15E-05,5.60E-05,4.29E-05
YIL041W,0.000532736,0.000458257,0.000585724,0.000574807,0.000592017,0.000538951,0.000515733,0.000620146
YIL043C,0.000372168,0.000370544,0.000325416,0.000310478,0.000273973,0.000263958,0.000259369,0.000250948
YIL044C,2.84E-05,2.94E-05,3.10E-05,2.53E-05,2.53E-05,2.59E-05,2.00E-05,1.92E-05
YIL051C,0.000579316,0.00051972,0.000553538,0.000563736,0.000557093,0.000488382,0.000334108,0.000455305
YIL052C,0.00199651,0.001641317,0.001661318,0.00203829,0.001759628,0.002029474,0.001800989,0.001826157
YIL053W,0.000666802,0.00065285,0.00079545,0.000691934,0.000533777,0.000567961,0.000904181,0.000980035
YIL062C,5.82E-05,4.82E-05,5.81E-05,5.34E-05,4.76E-05,4.73E-05,3.78E-05,4.23E-05
YIL063C,2.84E-05,2.61E-05,3.32E-05,2.66E-05,2.67E-05,1.96E-05,2.01E-05,2.21E-05
YIL066C,0,0,0,1.43E-06,0,0,0,0
YIL069C,0.00380906,0.003285076,0.003700583,0.003891858,0.003454363,0.00346995,0.003085977,0.003336834
YIL070C,3.39E-05,4.03E-05,5.18E-05,3.69E-05,6.56E-05,7.97E-05,6.90E-05,0.000105972
YIL074C,0.000345725,0.000392972,0.000411581,0.000379421,0.000508695,0.000475875,0.000567031,0.000539639
YIL075C,0.000838057,0.000874451,0.000758177,0.000761466,0.000603174,0.000641891,0.000436305,0.00047931
YIL078W,0.001285948,0.001318934,0.001250133,0.001358621,0.00133773,0.001355086,0.001265751,0.001302696
YIL091C,7.97E-05,8.43E-05,7.01E-05,5.77E-05,4.33E-05,5.49E-05,3.57E-05,4.80E-05
YIL094C,0.001583575,0.00157172,0.001784548,0.001692106,0.001768168,0.001686154,0.001794816,0.00179197
YIL105C,5.43E-05,4.88E-05,3.47E-05,3.88E-05,2.44E-05,1.58E-05,1.18E-05,1.26E-05
YIL106W,1.81E-05,1.87E-05,1.61E-05,1.58E-05,1.13E-05,1.26E-05,1.26E-05,9.25E-06
YIL108W,8.99E-05,0.0001184,6.61E-05,6.38E-05,3.35E-05,4.57E-05,3.28E-05,2.79E-05
YIL109C,0.000392258,0.000406441,0.000356886,0.000339004,0.000301023,0.000313641,0.000276258,0.000285765
YIL110W,4.71E-05,5.03E-05,4.12E-05,3.56E-05,3.19E-05,3.44E-05,2.49E-05,2.40E-05
YIL115C,0.00011935,0.000113905,9.42E-05,9.61E-05,8.00E-05,7.26E-05,6.11E-05,6.96E-05
YIL116W,0.000616615,0.000580623,0.000618285,0.00055595,0.000453548,0.000390965,0.000352009,0.000402319
YIL118W,0.00010877,0.000111761,9.78E-05,0.000107196,0.000116259,0.000129486,0.000100652,0.000108471
YIL124W,3.85E-05,3.47E-05,3.18E-05,3.02E-05,2.85E-05,2.35E-05,2.06E-05,2.20E-05
YIL125W,0.000238839,0.000235825,0.000180978,0.000206779,0.000200425,0.000216669,0.000187395,0.000197433
YIL126W,0.000127351,0.000126449,0.000116872,0.000128538,9.23E-05,7.64E-05,6.70E-05,8.12E-05
YIL133C,0.001686595,0.001735921,0.001616583,0.001736553,0.001590477,0.001596332,0.001441008,0.001338957
YIL137C,0.000232665,0.000222497,0.000194874,0.000186878,0.000146828,0.000154893,9.94E-05,0.000120957
YIL138C,0.000145564,0.000149971,0.000122004,0.000126499,9.99E-05,9.45E-05,9.21E-05,8.97E-05
YIL142W,0.000798771,0.000821046,0.000820381,0.000826078,0.000746493,0.000752544,0.000633877,0.000652681
YIL145C,4.04E-05,4.77E-05,3.08E-05,3.26E-05,1.42E-05,2.31E-05,2.16E-05,1.56E-05
YIL155C,5.17E-05,5.94E-05,2.46E-05,3.11E-05,1.53E-05,1.14E-05,5.21E-06,1.15E-05
YIR004W,6.69E-05,6.14E-05,5.61E-05,6.58E-05,5.25E-05,5.40E-05,3.91E-05,4.89E-05
YIR006C,0.000196328,0.000199214,0.000186152,0.000177871,0.000173427,0.000177399,0.000177555,0.000163263
YIR026C,6.79E-05,7.30E-05,6.35E-05,6.04E-05,5.32E-05,4.14E-05,2.90E-05,4.73E-05
YIR034C,0.002221002,0.002267966,0.002049425,0.002120132,0.001583623,0.001669358,0.001372558,0.001547218
YIR035C,4.23E-05,4.22E-05,3.05E-05,3.69E-05,2.91E-05,2.70E-05,2.48E-05,3.19E-05
YIR036C,4.15E-05,4.59E-05,5.07E-05,6.04E-05,4.54E-05,4.64E-05,4.17E-05,3.59E-05
YIR037W,5.03E-05,4.56E-05,5.51E-05,5.98E-05,5.22E-05,5.34E-05,4.94E-05,5.15E-05
YJL001W,0.000369252,0.00038723,0.000328963,0.000249628,0.000201937,0.000234455,0.000186122,0.000192774
YJL002C,9.27E-05,0.000117995,0.000102985,8.41E-05,8.27E-05,8.66E-05,9.32E-05,0.00010429
YJL008C,0.001053646,0.001151353,0.00105062,0.001023406,0.000912605,0.000931419,0.000673778,0.000757427
YJL010C,0.000107574,0.000108606,8.96E-05,9.82E-05,8.00E-05,9.31E-05,6.97E-05,7.66E-05
YJL012C,0.000151574,0.000137145,0.000128858,0.000136534,0.000121141,0.000130028,0.00011087,0.000102717
YJL014W,0.000882404,0.000874768,0.000807994,0.000813332,0.00068213,0.000745625,0.000553278,0.000583811
YJL020C,0.000274661,0.00025846,0.000199599,0.000198018,0.000146707,0.000158579,0.000129621,0.00011929
YJL026W,0.000258366,0.000272845,0.000275437,0.00028995,0.000307269,0.000336323,0.000386776,0.000457299
YJL033W,7.91E-05,7.62E-05,7.17E-05,7.31E-05,6.89E-05,7.08E-05,5.71E-05,5.71E-05
YJL034W,0.00132809,0.001317795,0.00116779,0.001178504,0.001113703,0.001203917,0.000971739,0.001117902
YJL039C,8.19E-05,8.22E-05,6.95E-05,6.12E-05,5.56E-05,5.48E-05,3.65E-05,5.12E-05
YJL050W,0.000228256,0.000228104,0.00020691,0.000206098,0.000176732,0.000184307,0.000146152,0.000166474
YJL052W,0.000275646,0.000268468,0.000120417,0.000114087,0.000175597,0.000195264,0.00013918,0.000134084
YJL054W,3.21E-05,3.30E-05,3.20E-05,2.97E-05,2.50E-05,2.57E-05,1.70E-05,2.26E-05
YJL055W,6.73E-05,6.64E-05,7.53E-05,6.59E-05,5.21E-05,5.25E-05,4.39E-05,3.82E-05
YJL060W,0.000574259,0.000548352,0.000449579,0.00047953,0.000407619,0.000419831,0.000394764,0.000339352
YJL063C,6.80E-05,7.31E-05,7.11E-05,6.69E-05,6.78E-05,8.03E-05,7.22E-05,6.70E-05
YJL068C,7.50E-05,6.55E-05,6.69E-05,6.21E-05,5.35E-05,4.26E-05,5.21E-05,4.50E-05
YJL069C,6.84E-05,5.87E-05,5.82E-05,5.20E-05,4.32E-05,4.33E-05,3.85E-05,2.86E-05
YJL080C,0.001124929,0.001143193,0.001196977,0.001206121,0.001387247,0.001462509,0.001495424,0.00162732
YJL081C,2.61E-05,3.35E-05,2.48E-05,3.49E-05,1.91E-05,2.17E-05,2.42E-05,2.43E-05
YJL088W,0.000442499,0.000551322,0.000721844,0.000707797,0.000698115,0.000752461,0.000765066,0.000813481
YJL101C,0.000143681,0.000153777,0.000147048,0.000138508,0.000148487,0.000159273,0.000139576,0.000140525
YJL109C,0.000320949,0.000369524,0.00030487,0.000322197,0.000247459,0.000267409,0.000176611,0.00022805
YJL111W,0.000697221,0.000696388,0.000645581,0.000632904,0.000538267,0.000519056,0.000438527,0.000450277
YJL117W,6.60E-05,5.30E-05,4.55E-05,4.74E-05,3.87E-05,3.12E-05,4.04E-05,3.99E-05
YJL121C,0.000106363,0.000124404,0.00014525,0.000102824,9.46E-05,0.000109301,0.000102924,0.000109263
YJL122W,4.61E-05,6.05E-05,5.79E-05,4.24E-05,4.74E-05,3.97E-05,5.48E-05,7.03E-05
YJL123C,0.000181621,0.000169878,0.000148071,0.000150751,0.000117269,0.000136356,0.000116808,0.000113147
YJL124C,1.73E-05,2.65E-05,2.28E-05,1.97E-05,1.66E-05,2.03E-05,1.17E-05,1.55E-05
YJL125C,5.93E-05,6.44E-05,5.78E-05,5.02E-05,3.98E-05,3.84E-05,3.69E-05,4.63E-05
YJL128C,4.52E-05,4.97E-05,4.29E-05,3.92E-05,3.12E-05,3.16E-05,2.15E-05,3.13E-05
YJL130C,0.004395558,0.004627256,0.004643961,0.004597843,0.004839947,0.005100595,0.006723108,0.00705202
YJL136C,0.000292053,0.000302253,0.000267689,0.000228978,0.000251811,0.000274567,0.000339665,0.000184035
YJL145W,0.000111953,0.000100361,9.73E-05,0.000102022,9.55E-05,8.95E-05,7.19E-05,8.68E-05
YJL166W,7.80E-05,8.91E-05,8.24E-05,7.87E-05,6.48E-05,5.57E-05,5.75E-05,6.14E-05
YJL167W,0.000826203,0.000858166,0.000910967,0.0009394,0.00099429,0.000888025,0.000891318,0.000981553
YJL171C,7.99E-05,9.88E-05,6.79E-05,5.96E-05,6.42E-05,7.38E-05,6.84E-05,6.25E-05
YJL173C,5.71E-05,5.33E-05,4.92E-05,4.46E-05,4.64E-05,4.69E-05,4.94E-05,4.29E-05
YJL176C,4.63E-05,4.47E-05,3.66E-05,4.27E-05,2.97E-05,2.91E-05,1.70E-05,2.12E-05
YJL177W,0.00016179,0.000204834,0.000215935,0.000185028,0.000219608,0.000189317,0.000169476,0.000205718
YJL178C,6.57E-05,6.98E-05,6.49E-05,5.78E-05,4.38E-05,4.78E-05,3.58E-05,4.21E-05
YJL183W,9.07E-05,7.81E-05,6.55E-05,9.06E-05,8.42E-05,8.10E-05,7.42E-05,8.27E-05
YJL189W,0.00032088,0.000407187,0.000295884,0.000341838,0.000383481,0.000442312,0.000334547,0.000321754
YJL191W,4.11E-05,2.53E-05,3.76E-05,1.59E-05,1.09E-05,1.43E-05,1.22E-05,9.98E-06
YJL200C,0.00229694,0.002180008,0.002353901,0.002380878,0.001935694,0.001847538,0.001712776,0.001660952
YJL208C,3.71E-05,3.64E-05,3.60E-05,3.71E-05,3.94E-05,4.18E-05,3.74E-05,4.27E-05
YJL213W,0.0004327,0.000481584,0.00022453,0.000237047,5.62E-05,6.67E-05,4.95E-05,4.52E-05
YJR002W,4.92E-05,6.65E-05,5.12E-05,5.18E-05,4.40E-05,4.98E-05,4.51E-05,5.17E-05
YJR007W,0.000454139,0.000513082,0.000421253,0.00045311,0.000380456,0.000390232,0.000292417,0.00031695
YJR009C,0.000551747,0.000722711,0.000775213,0.000798397,0.001282548,0.001200718,0.002269902,0.001965516
YJR010W,0.000953078,0.001122675,0.001127295,0.00115139,0.001746614,0.001853265,0.002093629,0.002178701
YJR014W,0.000108887,0.000100759,0.000116712,0.000108062,0.000106566,9.59E-05,8.85E-05,9.45E-05
YJR016C,0.001645933,0.001600973,0.001670937,0.001672507,0.001702005,0.001736079,0.001537765,0.001498387
YJR045C,0.0030746,0.002904797,0.00291485,0.002972538,0.003203581,0.00333208,0.003556974,0.003517726
YJR048W,0.00016402,0.000124777,0.000173773,0.000161986,9.39E-05,8.66E-05,5.98E-05,5.94E-05
YJR064W,0.000673551,0.000706245,0.00062639,0.000568216,0.000541579,0.000526052,0.000415827,0.000445356
YJR065C,0.000371678,0.000350721,0.00029843,0.000299341,0.000229587,0.000221638,0.000184439,0.00019647
YJR068W,6.05E-05,5.58E-05,4.29E-05,3.77E-05,2.24E-05,2.68E-05,2.73E-05,2.87E-05
YJR069C,9.66E-05,8.76E-05,0.000109715,0.000106462,0.000102394,0.00010722,0.000102797,0.000101197
YJR072C,0.000109926,0.000104562,0.000101385,0.000104976,8.07E-05,7.80E-05,5.84E-05,6.30E-05
YJR076C,0.000114615,0.000115795,9.62E-05,0.000108853,9.35E-05,9.96E-05,7.31E-05,7.60E-05
YJR077C,0.001608442,0.001704402,0.001408044,0.001427211,0.00153039,0.001596381,0.001281091,0.001331784
YJR080C,3.51E-05,4.14E-05,2.76E-05,2.80E-05,3.04E-05,2.93E-05,2.28E-05,2.70E-05
YJR088C,0.000120497,0.000120639,9.92E-05,9.17E-05,6.71E-05,7.64E-05,4.86E-05,5.71E-05
YJR103W,1.23E-05,1.11E-05,1.35E-05,1.26E-05,1.12E-05,1.02E-05,8.20E-06,1.47E-05
YJR104C,0.00163086,0.001405616,0.002241767,0.001596742,0.001359199,0.001195989,0.001876853,0.001748362
YJR105W,0.000434965,0.000499318,0.000605559,0.000477009,0.000455816,0.000510686,0.000795346,0.000713592
YJR109C,0.00250253,0.00295008,0.002691754,0.002614978,0.001829823,0.001930242,0.003102474,0.003322229
YJR117W,0.000194725,0.000169836,0.000169196,0.000162018,0.000168137,0.000143282,0.000158621,0.000171382
YJR121W,0.002428832,0.002581989,0.002411588,0.002507807,0.002718527,0.002799657,0.002411344,0.002647794
YJR123W,0.006691325,0.007036905,0.006259372,0.006281703,0.005989326,0.005651197,0.006066362,0.005206062
YJR125C,5.71E-05,5.69E-05,6.84E-05,6.08E-05,6.13E-05,6.33E-05,4.05E-05,5.15E-05
YJR133W,3.69E-05,4.06E-05,4.21E-05,2.97E-05,4.44E-05,4.05E-05,4.19E-05,4.12E-05
YJR135W-A,4.65E-05,4.61E-05,4.32E-05,4.88E-05,4.70E-05,5.11E-05,4.47E-05,4.65E-05
YJR137C,0.003032997,0.003231743,0.003366522,0.003412621,0.003846005,0.003752783,0.00437609,0.004561967
YJR139C,0.001916793,0.001917284,0.001954547,0.002067497,0.002354551,0.002535914,0.002426675,0.002576429
YJR143C,9.48E-05,0.000107369,9.17E-05,7.91E-05,8.55E-05,8.77E-05,0.000100575,8.52E-05
YJR144W,0.000120466,0.000124442,8.50E-05,9.22E-05,6.37E-05,6.95E-05,4.64E-05,5.40E-05
YJR148W,7.85E-05,8.10E-05,4.39E-05,3.56E-05,2.79989E-05,2.17E-05,1.61E-05,2.03E-05
YKL001C,0.00067001,0.000709699,0.000615096,0.000609098,0.000723503,0.000659537,0.000705433,0.000704415
YKL006W,0.000595419,0.000601085,0.000692868,0.000683523,0.000649048,0.000590844,0.000476098,0.000510714
YKL007W,0.000162222,0.000168128,0.000130352,0.000130814,8.65E-05,9.29E-05,8.15E-05,7.98E-05
YKL009W,0.000311778,0.000355758,0.000304633,0.000292287,0.000256924,0.000243277,0.000256085,0.00023974
YKL010C,3.99E-05,4.22E-05,2.86E-05,2.21E-05,1.41E-05,1.26E-05,6.38E-06,6.89E-06
YKL013C,0.000103435,9.98E-05,7.64E-05,7.53E-05,6.23E-05,6.20E-05,5.25E-05,5.05E-05
YKL014C,0.000365935,0.000346504,0.000339444,0.000308527,0.000244397,0.000253895,0.000159168,0.000205088
YKL016C,0.000218772,0.000217316,0.000188276,0.000196575,0.000201616,0.000199304,0.000213475,0.000221037
YKL021C,0.000219964,0.000209929,0.000196463,0.000202363,0.000160882,0.000165551,0.000130031,0.00012797
YKL027W,0.000171746,0.000169643,0.000132083,0.00012983,9.51E-05,9.50E-05,7.23E-05,8.18E-05
YKL029C,0.001173268,0.001187316,0.001372502,0.001346416,0.001362187,0.001363375,0.001552003,0.001543635
YKL035W,0.000385724,0.000400666,0.000312854,0.000351621,0.000338713,0.000362435,0.000394906,0.00033942
YKL040C,9.65E-05,8.98E-05,9.06E-05,7.94E-05,6.89E-05,6.36E-05,5.43E-05,6.25E-05
YKL054C,0.000176622,0.000160787,0.000203637,0.000206302,0.000207582,0.000204587,0.000212743,0.000251655
YKL056C,0.002518597,0.002503644,0.002630874,0.002603349,0.00226521,0.002284106,0.001845124,0.002128081
YKL057C,0.000100183,9.78E-05,8.38E-05,7.55E-05,5.95E-05,3.69E-05,1.93E-05,4.59E-05
YKL060C,0.009270734,0.009557863,0.010663809,0.010304563,0.013895713,0.013192999,0.016197249,0.016621873
YKL067W,0.000301695,0.00030519,0.000232635,0.000219632,0.000188236,0.00019774,0.000234096,0.000202955
YKL073W,3.81E-05,4.35E-05,3.32E-05,2.80E-05,3.14E-05,3.32E-05,3.26E-05,3.77E-05
YKL077W,5.57E-05,6.75E-05,5.11E-05,5.70E-05,4.45E-05,4.79E-05,3.88E-05,3.24E-05
YKL080W,0.000665286,0.000666484,0.000607514,0.000644512,0.000576399,0.000622331,0.00047151,0.000509869
YKL081W,0.002520052,0.002322195,0.002634605,0.002669916,0.002905463,0.002837334,0.002832553,0.003178392
YKL085W,0.000307339,0.000315407,0.000242179,0.000233449,0.000266119,0.000285104,0.000335409,0.00032996
YKL094W,8.45E-05,9.43E-05,7.62E-05,7.33E-05,4.98E-05,5.04E-05,3.52E-05,4.20E-05
YKL096W,9.63E-05,0.000105904,0.000107009,8.95E-05,8.76E-05,0.000132301,6.51E-05,8.25E-05
YKL103C,9.07E-05,8.80E-05,6.73E-05,8.76E-05,9.77E-05,7.85E-05,0.000113166,0.000104287
YKL104C,0.000715604,0.000743825,0.000618667,0.00061024,0.000502953,0.000531045,0.000444781,0.00048629
YKL112W,4.17E-05,4.36E-05,4.64E-05,4.41E-05,4.64E-05,3.87E-05,3.91E-05,4.14E-05
YKL113C,5.13E-05,5.00E-05,4.41E-05,4.50E-05,4.10E-05,3.62E-05,3.25E-05,3.38E-05
YKL117W,0.000124311,0.000103258,0.000113932,0.00010803,8.83E-05,8.01E-05,9.41E-05,0.000107292
YKL120W,0.00036576,0.000351435,0.000373941,0.000364555,0.000369087,0.000357786,0.00032453,0.000372777
YKL126W,6.64E-05,8.10E-05,6.05E-05,6.76E-05,5.08E-05,5.53E-05,4.39E-05,5.15E-05
YKL127W,0.000150759,0.000135798,0.000143513,0.000156697,0.000158168,0.000165526,0.000132376,0.000139499
YKL129C,1.53E-05,1.86E-05,1.16E-05,1.00E-05,3.36E-06,9.29E-06,9.42E-06,8.49E-06
YKL142W,0.000192158,0.000201488,0.000174475,0.000160174,0.000133933,0.000136242,0.000135113,0.000129721
YKL145W,0.000531373,0.000556087,0.000455522,0.00043733,0.000352538,0.000366501,0.000284372,0.000272437
YKL148C,6.87E-05,7.02E-05,6.14E-05,5.87E-05,6.15E-05,6.65E-05,7.26E-05,7.19E-05
YKL150W,0.00024091,0.000282108,0.000213038,0.000208318,0.000169131,0.000195558,0.000159875,0.000176561
YKL152C,0.008550423,0.007659051,0.009169098,0.010051429,0.010915214,0.011062745,0.011662481,0.011157547
YKL154W,2.47E-05,3.04E-05,2.13E-05,2.01E-05,2.16E-05,2.11E-05,2.15E-05,1.78E-05
YKL156W,0.003203093,0.00309858,0.003081004,0.003162859,0.003232134,0.00304602,0.002936092,0.003030347
YKL157W,0.000315266,0.000301703,0.000268841,0.000274878,0.00027002,0.000267817,0.000296078,0.000284611
YKL172W,0.000136474,0.000131176,0.000130247,0.000154902,0.000123869,0.000128215,0.000117195,0.000113255
YKL180W,0.000677438,0.000425033,0.000377358,0.000378335,0.000313798,0.000403005,0.000399687,0.000291379
YKL181W,0.000215357,0.000228777,0.000234983,0.000224334,0.000216473,0.000227602,0.000197558,0.000227559
YKL182W,0.004026857,0.004053798,0.004724278,0.004692543,0.004582488,0.004551274,0.004055556,0.00457179
YKL190W,8.52E-05,7.62E-05,5.16E-05,5.07E-05,4.35E-05,4.10E-05,3.81E-05,4.24E-05
YKL193C,8.32E-05,8.97E-05,6.79E-05,7.52E-05,5.58E-05,5.18E-05,3.37E-05,4.89E-05
YKL195W,0.000113817,9.40E-05,9.07E-05,7.90E-05,7.60E-05,7.68E-05,7.73E-05,9.09E-05
YKL196C,0.000242113,0.000221458,0.000273421,0.000242467,0.000195982,0.000188388,0.000177186,0.000178015
YKL204W,3.91E-05,4.44E-05,4.32E-05,4.95E-05,4.25E-05,4.18E-05,3.54E-05,5.16E-05
YKL210W,0.001135694,0.001168579,0.001130796,0.001114168,0.001093803,0.001071433,0.000894551,0.00093463
YKL211C,0.000356985,0.00039685,0.000427276,0.000438777,0.000391288,0.000410597,0.000388976,0.000382712
YKL212W,0.000370271,0.000373607,0.000362033,0.000331934,0.000309283,0.000339447,0.000296644,0.000317599
YKL213C,0.00014766,0.000148113,0.000130033,0.00012558,9.35E-05,9.80E-05,6.63E-05,8.17E-05
YKL215C,7.25E-05,8.22E-05,6.40E-05,6.99E-05,5.25E-05,5.37E-05,4.30E-05,4.24E-05
YKL216W,0.000105388,0.000119857,0.000157082,0.00016199,0.000182257,0.000211175,0.000179748,0.000163902
YKL218C,8.49E-05,8.52E-05,8.70E-05,8.69E-05,8.78E-05,6.99E-05,8.43E-05,8.64E-05
YKR001C,0.00051507,0.000504415,0.000497811,0.0004881,0.000458406,0.000472995,0.000409538,0.00045003
YKR002W,6.88E-05,8.14E-05,5.45E-05,6.48E-05,4.61E-05,3.85E-05,2.82E-05,3.41E-05
YKR008W,4.45E-05,4.69E-05,4.33E-05,4.43E-05,3.45E-05,3.74E-05,2.72E-05,3.05E-05
YKR014C,0.000130388,0.000134812,0.000105471,0.000116287,8.07E-05,8.14E-05,6.63E-05,6.76E-05
YKR016W,0.000146377,0.00015489,0.000119356,0.000125225,9.43E-05,0.000103158,9.14E-05,9.72E-05
YKR018C,0.000203755,0.000234704,0.000200339,0.000193544,0.000157524,0.00016079,9.52E-05,0.000127123
YKR026C,5.35E-05,4.92E-05,5.08E-05,5.19E-05,3.32E-05,3.51E-05,2.21E-05,2.79E-05
YKR028W,2.32E-05,1.71E-05,2.62E-05,2.33E-05,2.11E-05,2.28E-05,2.43E-05,2.98E-05
YKR043C,0.000300802,0.000306035,0.000332711,0.000326586,0.000278697,0.000249548,0.00022597,0.000214779
YKR046C,0.000575467,0.00051806,0.000505645,0.000507326,0.000348953,0.000318199,0.000284863,0.000294283
YKR048C,0.000432318,0.000450232,0.000403558,0.000380312,0.000323329,0.000343527,0.000245524,0.000253231
YKR057W,0.000131057,0.000144261,0.000172758,0.000135682,0.000155198,0.000155132,0.000167505,0.000159389
YKR059W,0.004695336,0.005155637,0.005236395,0.00502912,0.005654924,0.005563673,0.005463455,0.005582461
YKR060W,2.46E-05,2.57E-05,2.24E-05,2.01E-05,1.87E-05,1.97E-05,1.25E-05,1.43E-05
YKR066C,7.32E-05,5.56E-05,6.23E-05,5.49E-05,4.08E-05,4.34E-05,4.37E-05,3.24E-05
YKR069W,0.000195936,0.000155283,0.000153538,0.000164336,0.000138332,0.000141279,0.000117748,0.000133643
YKR071C,8.43E-05,7.78E-05,0.000101139,0.000109735,0.00010134,9.31E-05,8.70E-05,8.93E-05
YKR080W,0.000294901,0.000302468,0.000438687,0.000364507,0.000493116,0.00046616,0.000408078,0.000396556
YKR081C,6.23E-05,6.67E-05,7.00E-05,8.19E-05,7.93E-05,7.97E-05,7.40E-05,7.37E-05
YKR082W,0.000178662,0.000175962,0.000139535,0.000132796,0.000110873,0.000109741,7.87E-05,8.41E-05
YKR084C,0.000132676,0.000140402,0.000109949,0.000103044,7.64E-05,8.77E-05,6.03E-05,7.12E-05
YKR094C,0.000121935,0.000195831,0.000164551,0.000190475,0.000157001,0.000119852,0.00011274,0.000140781
YKR095W,3.81E-05,4.66E-05,3.53E-05,4.79E-05,3.51E-05,3.89E-05,2.20E-05,3.03E-05
YLL001W,0.000296865,0.000320393,0.000257197,0.000259563,0.000200201,0.000219308,0.000161208,0.000160225
YLL008W,0.00017729,0.000175466,0.000173387,0.000177649,0.000146263,0.000154524,6.98E-05,0.00010845
YLL011W,0.000105471,0.000111828,9.85E-05,9.96E-05,8.77E-05,8.14E-05,6.47E-05,6.44E-05
YLL018C,0.001856627,0.00177065,0.001634763,0.001763758,0.00163646,0.001587674,0.001677347,0.00167101
YLL021W,8.43E-05,9.19E-05,8.46E-05,7.64E-05,7.19E-05,8.14E-05,5.61E-05,5.96E-05
YLL026W,0.001462508,0.001334045,0.000914473,0.000917674,0.000635059,0.000635906,0.000479529,0.000455612
YLL028W,7.42E-05,7.79E-05,8.24E-05,6.56E-05,6.35E-05,7.23E-05,6.03E-05,6.44E-05
YLL029W,0.000147975,0.000146364,0.000106255,0.000110046,6.94E-05,7.52E-05,3.81E-05,6.46E-05
YLL034C,9.57E-05,9.78E-05,8.12E-05,8.25E-05,6.67E-05,7.39E-05,5.83E-05,6.02E-05
YLL036C,5.38E-05,5.32E-05,4.56012E-05,4.53E-05,3.73E-05,3.47E-05,2.47E-05,2.63E-05
YLL040C,8.81E-05,0.000101615,8.19E-05,7.87E-05,6.02E-05,6.16E-05,4.55E-05,5.22E-05
YLL041C,6.03E-05,6.09E-05,4.11E-05,3.77E-05,2.93E-05,3.51E-05,4.44E-05,4.63E-05
YLL045C,0.00121259,0.001293526,0.000936058,0.000906906,0.000904906,0.000655362,0.000961652,0.000825308
YLL048C,0.000179711,0.000178881,0.000149942,0.000139877,0.000125746,0.00013096,0.000136301,0.000136003
YLL050C,0.000926571,0.000907425,0.000979213,0.000958125,0.00093724,0.000954878,0.001014442,0.000999981
YLL062C,0.000129119,0.000135294,9.90E-05,8.74E-05,4.96E-05,4.88E-05,3.69E-05,3.66E-05
YLR002C,7.29E-05,7.13E-05,6.06E-05,6.54E-05,4.82E-05,4.46E-05,3.23E-05,3.25E-05
YLR017W,0.000138428,0.000153232,0.000125154,0.000133285,0.00011763,0.000112212,9.52E-05,9.74E-05
YLR022C,0.000142479,0.000153665,0.000112992,0.000104387,6.92E-05,7.62E-05,4.36E-05,5.09E-05
YLR025W,4.92E-05,5.00E-05,4.51E-05,4.55E-05,3.85E-05,3.47E-05,2.86E-05,2.79E-05
YLR026C,2.29E-05,2.27E-05,1.95E-05,2.03E-05,1.59E-05,1.53E-05,1.37E-05,1.63E-05
YLR027C,0.001819251,0.002235563,0.002071085,0.001990408,0.001525396,0.001439314,0.001555499,0.001473998
YLR028C,0.000378705,0.000363672,0.000323363,0.00031819,0.000282399,0.000284997,0.000241481,0.000263649
YLR029C,0.0042687,0.004121425,0.003663258,0.003681426,0.003608388,0.003556573,0.003658352,0.003325498
YLR033W,5.29E-05,5.05E-05,4.45E-05,4.52E-05,3.69E-05,3.16E-05,2.15E-05,3.08E-05
YLR043C,0.000177584,0.000171127,0.00031658,0.000249486,0.000205508,0.000194878,0.000324389,0.000339857
YLR044C,0.03137981,0.029712105,0.029572599,0.030905496,0.030959284,0.028923581,0.029169763,0.030488008
YLR048W,0.000219342,0.000266495,0.0003081,0.000260082,0.000253761,0.00028798,0.000190038,0.000263255
YLR058C,0.005868705,0.006302979,0.008922533,0.008427749,0.010282478,0.009819188,0.009477984,0.009646835
YLR060W,0.001349106,0.001320856,0.0011721,0.001185423,0.001002084,0.001010118,0.001000586,0.000844791
YLR061W,0.001947787,0.002022462,0.001872951,0.001857429,0.00191442,0.002014665,0.001676066,0.001589539
YLR066W,7.23E-05,8.47E-05,6.04E-05,6.23E-05,4.87E-05,4.85E-05,5.57E-05,5.60E-05
YLR069C,5.93E-05,6.88E-05,5.60E-05,7.34E-05,6.78E-05,6.31E-05,6.58E-05,7.16E-05
YLR075W,0.006158191,0.006757029,0.006268303,0.006023321,0.005648571,0.005221644,0.005440766,0.005424072
YLR083C,2.98E-05,2.44E-05,2.83E-05,2.36E-05,2.60E-05,2.57E-05,2.03E-05,3.51E-05
YLR089C,9.58E-05,9.87E-05,8.81E-05,8.36E-05,6.15E-05,6.63E-05,5.15E-05,5.25E-05
YLR095C,3.27E-05,3.05E-05,2.47E-05,2.95E-05,1.54E-05,1.82E-05,9.26E-06,2.06E-05
YLR100W,0.00019801,0.000201835,0.000195258,0.000189377,0.000139179,0.000130352,9.93E-05,0.000118009
YLR106C,6.32E-05,6.93E-05,9.59E-05,9.89E-05,9.74E-05,8.21E-05,7.88E-05,8.67E-05
YLR109W,0.001265482,0.001333198,0.001814319,0.001370461,0.001574967,0.001797221,0.002491475,0.002325127
YLR113W,0.000106648,0.000109692,0.000116152,9.39E-05,8.93E-05,9.59E-05,8.87E-05,9.00E-05
YLR129W,0.000172691,0.000177478,0.000148742,0.000146293,0.000128119,0.000109082,7.66E-05,9.70E-05
YLR133W,6.97E-05,5.77E-05,7.15E-05,6.74E-05,7.07E-05,7.02E-05,3.70E-05,4.75E-05
YLR143W,5.99E-05,6.08E-05,4.99E-05,4.95E-05,3.78E-05,3.04E-05,1.34E-05,3.20E-05
YLR150W,0.003156063,0.003135062,0.003363861,0.003425925,0.003491543,0.003376034,0.003876169,0.004070501
YLR153C,0.00177843,0.001908109,0.002131854,0.002131364,0.002514108,0.002390002,0.002566329,0.002536176
YLR163C,5.37E-05,5.30E-05,4.69E-05,4.94E-05,3.78E-05,4.46E-05,2.39E-05,3.04E-05
YLR167W,0.001209013,0.001366063,0.001303914,0.001159193,0.001270523,0.001147774,0.000987526,0.001064766
YLR172C,0.00027422,0.000290921,0.000281342,0.000302522,0.000289923,0.000266879,0.000243534,0.000237753
YLR175W,0.000618923,0.0006425,0.000647746,0.000619732,0.000598527,0.000646103,0.000630013,0.000624989
YLR179C,5.06E-05,5.90E-05,7.54E-05,5.15E-05,4.23E-05,3.51E-05,7.37E-05,5.68E-05
YLR180W,0.002641544,0.002591404,0.002946747,0.0027106,0.003555573,0.003468972,0.003667173,0.004103712
YLR186W,0.00019254,0.000190695,0.000181857,0.00018244,0.000165086,0.00016342,0.000176574,0.000157343
YLR192C,0.000222931,0.000231002,0.000239011,0.000264016,0.000238595,0.000259352,0.000177726,0.000210503
YLR195C,0.000130157,0.00013672,0.000128611,0.000116048,0.000107976,0.000103868,8.26E-05,9.28E-05
YLR196W,0.000211171,0.000220412,0.000193919,0.000200335,0.000172946,0.000196232,0.000169512,0.000186685
YLR197W,0.001419001,0.00140525,0.001420387,0.001442337,0.001385335,0.001441172,0.001319888,0.001365493
YLR199C,5.88E-05,5.79E-05,3.85E-05,4.07E-05,1.85E-05,2.14E-05,1.09E-05,2.15E-05
YLR206W,2.72E-05,1.48E-05,1.66E-05,1.66E-05,1.55E-05,1.12E-05,1.01E-05,1.57E-05
YLR208W,0.000498356,0.000471893,0.000425037,0.00042274,0.000379924,0.000405152,0.000406593,0.000393894
YLR209C,0.000248223,0.0002439,0.000206569,0.000233582,0.000170043,0.000177574,0.000147049,0.000151149
YLR220W,5.47E-05,4.40E-05,5.13E-05,4.82E-05,3.99E-05,3.81E-05,3.57E-05,3.16E-05
YLR222C,0.000171935,0.00018881,0.000159096,0.000151902,0.000117983,0.00012763,0.000103992,0.000105942
YLR244C,0.000550542,0.000564037,0.000543955,0.000585204,0.00047319,0.000508835,0.000436481,0.000386969
YLR249W,0.010320334,0.011662322,0.012629192,0.011805837,0.013393862,0.013715275,0.01237487,0.012459657
YLR250W,6.21E-05,6.20E-05,5.05E-05,5.35E-05,3.85E-05,4.19E-05,3.92E-05,3.76E-05
YLR259C,0.002210395,0.001906477,0.002174917,0.002307369,0.002817474,0.002645387,0.002703266,0.002717066
YLR268W,7.35E-05,7.30E-05,5.10E-05,5.79E-05,4.07E-05,4.79E-05,3.69E-05,3.53E-05
YLR270W,0.000174226,0.000176891,0.000146445,0.000135357,0.000111433,0.000113908,8.57E-05,1.00E-04
YLR274W,9.50E-05,0.000107269,7.49E-05,6.77E-05,4.07E-05,4.31E-05,2.34E-05,3.17E-05
YLR276C,0.000128492,0.000138026,0.000118794,0.000112106,9.54E-05,9.64E-05,6.56E-05,7.86E-05
YLR287C,6.27E-05,6.00E-05,5.09E-05,5.21E-05,4.37E-05,4.53E-05,3.19E-05,3.72E-05
YLR291C,0.000128993,0.000150007,0.0001213,0.000120575,9.10E-05,9.06E-05,6.85E-05,7.16E-05
YLR293C,0.001461565,0.001424537,0.001532844,0.001493746,0.001375441,0.001508225,0.001212534,0.001292399
YLR295C,0.000114499,0.000123966,0.000119928,0.000120158,0.000130027,0.000134697,0.000127349,0.000147478
YLR300W,5.82E-05,7.00E-05,9.95E-05,0.000101529,0.000153582,0.000159317,0.000185293,0.00015916
YLR301W,0.000269065,0.00028073,0.000384803,0.000351736,0.000381597,0.000378505,0.000388427,0.000385932
YLR303W,0.005539256,0.005249918,0.005218884,0.005576954,0.006214049,0.006365752,0.007335505,0.007296501
YLR304C,0.001532501,0.001621344,0.001468343,0.001408707,0.001593423,0.00158068,0.001781199,0.001900911
YLR312W-A,4.04E-05,3.76E-05,3.23E-05,3.06E-05,2.97E-05,2.95E-05,3.14E-05,2.79E-05
YLR314C,0.000268721,0.000258149,0.000247241,0.000234233,0.000212793,0.000189829,0.000175205,0.000166921
YLR325C,0.001534577,0.00153378,0.00157751,0.001482396,0.001501984,0.001585411,0.001268202,0.001228917
YLR328W,3.30E-05,3.50E-05,3.24E-05,2.55E-05,2.41E-05,2.75E-05,1.99E-05,2.32E-05
YLR333C,0.0017734,0.001861699,0.001729944,0.001864053,0.001799206,0.00177336,0.001650839,0.001533053
YLR335W,0.000114775,0.000115476,0.000107568,0.000117204,9.89E-05,8.66E-05,8.52E-05,8.41E-05
YLR340W,0.008323095,0.00811851,0.008213786,0.008156922,0.007901811,0.007465327,0.004147284,0.006616271
YLR342W,0.000600608,0.000686099,0.000667027,0.000630276,0.000600353,0.000666195,0.000546318,0.000602878
YLR344W,9.29E-05,0.000143997,9.21E-05,0.000181297,0.000155902,0.000141075,9.95E-05,0.000169502
YLR347C,0.000281383,0.000241439,0.000233124,0.00022395,0.000202439,0.000207163,0.000121659,0.000133776
YLR351C,0.000144123,0.000154029,0.000129418,0.000145795,0.000108491,0.000123286,0.000116508,0.000109934
YLR354C,0.003635355,0.003036227,0.002854565,0.002962145,0.002987862,0.003113829,0.003126035,0.003204886
YLR355C,0.004309559,0.004620128,0.005062064,0.005549465,0.006799045,0.006851889,0.006951535,0.008006965
YLR359W,0.001885946,0.001960409,0.002349225,0.002354837,0.002631221,0.002517557,0.002664961,0.00224606
YLR367W,0.00445787,0.004843497,0.003880406,0.003850969,0.004013385,0.003938446,0.003720463,0.003705041
YLR369W,3.41E-05,3.39E-05,3.51E-05,2.79E-05,2.64E-05,2.15E-05,2.00E-05,2.09E-05
YLR370C,3.87E-05,4.54E-05,3.73E-05,3.11E-05,2.41E-05,2.36E-05,1.83E-05,1.74E-05
YLR388W,0.00097528,0.000969005,0.000934672,0.000933711,0.000749004,0.000778573,0.000785198,0.000666588
YLR389C,0.000128606,0.000119582,0.000104729,9.95E-05,7.63E-05,9.08E-05,4.05E-05,7.00E-05
YLR390W-A,0.000371526,0.000403308,0.000315698,0.000345359,0.000297677,0.000311448,0.000400717,0.000302519
YLR397C,0.000143161,0.00015282,0.000131449,0.000125682,8.55E-05,0.000119297,5.94E-05,6.01E-05
YLR398C,6.69E-05,5.29E-05,5.41E-05,4.80E-05,4.00E-05,3.70E-05,2.39E-05,3.44E-05
YLR401C,0.000135415,0.000136081,0.00012713,0.000122674,9.96E-05,0.000113171,9.56E-05,0.000101795
YLR406C,8.83E-05,0.000152899,0.000113357,0.000130611,0.000117413,8.29E-05,0.000135721,0.00012357
YLR409C,0.000101311,0.000115252,9.70E-05,9.05E-05,7.55E-05,8.11E-05,6.04E-05,6.68E-05
YLR410W,0.000183066,0.000181832,0.000152059,0.00014915,0.000125329,0.000117594,6.88E-05,9.16E-05
YLR418C,7.28E-05,7.28E-05,6.12E-05,6.16E-05,3.94E-05,4.23E-05,2.28E-05,3.58E-05
YLR419W,4.42E-05,3.34E-05,2.33E-05,2.95E-05,2.35E-05,2.17E-05,1.10E-05,3.49E-05
YLR420W,0.000130436,0.000145871,0.000127748,0.000130517,0.000109508,0.000103932,9.45E-05,8.89E-05
YLR421C,0.000127084,0.000133211,0.000117142,0.000117861,8.64E-05,8.83E-05,5.79E-05,6.71E-05
YLR429W,0.000440434,0.000409665,0.000359768,0.000369157,0.00029741,0.000291162,0.000239348,0.00027888
YLR432W,0.000749352,0.000692067,0.000831776,0.000804951,0.000860258,0.00082838,0.000835473,0.000747113
YLR441C,0.00157224,0.001210845,0.001497675,0.001551461,0.001375222,0.001203788,0.000984406,0.001130532
YLR447C,0.000275637,0.000288556,0.000302339,0.000281069,0.000289634,0.000288616,0.000238536,0.000280927
YLR448W,0.001745908,0.001442544,0.001457985,0.001591019,0.001662036,0.001686472,0.001598766,0.00145168
YLR449W,0.000100404,0.000109934,7.81E-05,8.08E-05,4.66E-05,3.11E-05,5.09E-05,4.83E-05
YLR450W,0,0,1.12E-06,0,0,1.31E-06,0,1.11E-06
YML001W,0.000153969,0.000149727,0.000155469,0.000149361,0.000132911,0.000141355,0.000125147,0.000140542
YML008C,0.00083665,0.000855104,0.000995742,0.000991136,0.001005167,0.000983045,0.000900757,0.00099027
YML010W,0.000261466,0.000257488,0.000254372,0.000247895,0.000214738,0.00021889,0.000165082,0.000187459
YML012W,0.00014735,0.000127353,0.000135627,0.000130609,0.000129722,0.000126164,0.000126681,0.000114782
YML022W,0.000117312,0.000122694,0.000146526,0.000123628,0.000111553,0.000126523,9.98E-05,0.000113036
YML024W,0.006333037,0.005737353,0.006040302,0.006282883,0.005724025,0.005935613,0.005400311,0.005335687
YML025C,5.33E-05,5.72E-05,5.89E-05,6.01E-05,5.64E-05,5.80E-05,5.26E-05,4.41E-05
YML026C,0.006368532,0.006569679,0.006111044,0.006043202,0.005606136,0.005298168,0.006096335,0.005098967
YML028W,0.00222154,0.00235289,0.002174946,0.002108437,0.002350987,0.002565111,0.003023903,0.002916948
YML035C,0.000144129,0.000134243,0.000120261,0.000118363,0.000102141,0.000107958,8.38E-05,9.79E-05
YML036W,0.000107435,9.82E-05,8.72E-05,8.79E-05,5.65E-05,4.86E-05,5.42E-05,5.38E-05
YML048W,0.000351831,0.000389472,0.000329066,0.000309889,0.000301438,0.000315289,0.000269238,0.000274491
YML049C,5.34E-05,6.21E-05,4.06E-05,4.59E-05,1.50E-05,2.28E-05,2.83E-06,1.83E-05
YML052W,0.000119436,0.000124803,0.000125293,0.000113006,0.000102449,0.000100654,9.68E-05,9.76E-05
YML056C,5.33E-05,5.10E-05,5.40E-05,4.73E-05,7.83E-05,7.10E-05,8.32E-05,8.60E-05
YML057W,7.84E-05,6.46E-05,6.33E-05,5.99E-05,4.81E-05,4.44E-05,3.70E-05,3.39E-05
YML063W,0.001396071,0.001366701,0.001339548,0.001492488,0.001453513,0.001450885,0.001060406,0.001200311
YML069W,0.000331493,0.000306398,0.000236906,0.000248663,0.000189338,0.000192881,0.000138292,0.000150968
YML070W,0.000357105,0.00032804,0.000304625,0.000307976,0.000329851,0.000308649,0.000270882,0.000290822
YML072C,0.000155608,0.000164764,0.000164694,0.000161156,0.000168559,0.000174429,0.000185584,0.000187503
YML073C,0.000977355,0.001031945,0.000909979,0.001015155,0.001061823,0.000971881,0.001017971,0.000754226
YML074C,0.000126536,0.000138215,0.000121368,0.000136576,0.000146962,0.000140896,0.000143249,0.000110789
YML075C,0.000246068,0.000232105,0.000213404,0.000206594,0.000161151,0.000161025,0.000146209,0.000154775
YML078W,0.00025701,0.000240251,0.000251513,0.000251105,0.000163816,0.000162877,0.000243553,0.000209726
YML085C,0.000206158,0.000212849,0.00019523,0.000211807,0.000202638,0.000217775,0.000197241,0.00021781
YML086C,0.000212739,0.000208807,0.000195777,0.000189002,0.000173767,0.00019246,0.000174917,0.000177886
YML092C,0.000580203,0.000576204,0.000486674,0.000469807,0.000350099,0.000346435,0.000269155,0.000318887
YML093W,3.84E-05,3.68E-05,3.98E-05,4.25E-05,3.81E-05,3.78E-05,3.14E-05,3.64E-05
YML103C,0.000115704,0.000125474,0.000104656,0.00010622,7.68E-05,6.87E-05,3.03E-05,5.63E-05
YML105C,7.43E-05,7.95E-05,7.19E-05,6.82E-05,5.74E-05,6.56E-05,6.38E-05,5.64E-05
YML106W,0.00020317,0.000186593,0.000232597,0.0002333,0.000219989,0.00022965,0.000190012,0.000238197
YML120C,0.000231304,0.00027278,0.000189376,0.00016976,0.000145789,0.000162751,0.000123721,0.000132054
YML124C,0.000126946,0.000116482,0.000116318,0.000115219,9.94E-05,0.000100287,8.82E-05,0.000102719
YML125C,0.000219098,0.000236884,0.000189598,0.00019969,0.00016467,0.000178867,0.000156534,0.000157124
YML126C,0.001675811,0.001693366,0.001577144,0.001545794,0.001400044,0.001311538,0.001325628,0.001254795
YML127W,7.04E-05,5.69E-05,5.77E-05,5.32E-05,4.03E-05,4.01E-05,1.76E-05,2.98E-05
YML130C,0.000150284,0.000149734,0.000123146,0.000127979,0.000104024,0.000119062,9.28E-05,8.52E-05
YMR009W,2.43E-05,2.18E-05,2.34E-05,1.75E-05,1.49E-05,1.07E-05,1.42E-05,1.51E-05
YMR011W,2.00E-05,2.22E-05,3.60E-05,3.46E-05,3.50E-05,3.92E-05,3.92E-05,3.77E-05
YMR012W,0.001135772,0.001131871,0.001088329,0.001026057,0.000945448,0.001014894,0.000781815,0.000858292
YMR015C,7.07E-05,6.41E-05,9.11E-05,9.01E-05,8.84E-05,8.42E-05,8.33E-05,7.80E-05
YMR024W,3.56E-05,4.25E-05,3.52E-05,3.86E-05,3.32E-05,4.20E-05,3.85E-05,3.35E-05
YMR027W,0.000135432,0.00012017,0.000117726,0.000116317,0.000102966,0.000106974,8.46E-05,8.05E-05
YMR031C,0.00125627,0.001252797,0.001444758,0.001682714,0.001601367,0.001440797,0.001938916,0.001966345
YMR033W,7.57745E-05,7.55E-05,7.55E-05,6.49E-05,6.26E-05,5.93E-05,3.72E-05,6.60E-05
YMR038C,0.000152841,0.000179358,0.000183425,0.000168657,0.000146281,0.000171141,0.000144967,0.000162762
YMR039C,2.78E-05,3.61E-05,2.91E-05,2.46E-05,2.39E-05,2.88E-05,2.41E-05,2.63E-05
YMR049C,0.000289685,0.000296943,0.000277543,0.000259221,0.00023987,0.00024136,0.000198164,0.000215548
YMR054W,2.33E-05,2.23E-05,2.61E-05,1.82E-05,2.65E-05,2.63E-05,2.00E-05,1.70E-05
YMR056C,0.000159898,0.000169387,0.000150756,0.000141157,0.000142975,0.000125083,0.000148103,0.000144519
YMR062C,0.000642929,0.00061324,0.000606981,0.000597616,0.000368866,0.000353865,0.000596824,0.000584449
YMR067C,6.12E-05,6.98E-05,5.90E-05,5.79E-05,4.37E-05,4.40E-05,2.97E-05,3.19E-05
YMR072W,0.000212019,0.000181229,0.00015365,0.000198477,0.000175522,0.00013882,0.000130658,0.000141298
YMR079W,0.000699667,0.000754107,0.000672945,0.000691341,0.000597603,0.000575322,0.000486215,0.000510036
YMR080C,0.000132193,0.000137457,0.000113177,0.000114449,0.00010214,0.000103281,0.000100765,9.93E-05
YMR083W,0.001318726,0.001306402,0.001378307,0.001591482,0.001651037,0.001786193,0.001803314,0.001809741
YMR091C,6.75E-05,6.17E-05,6.46E-05,5.15E-05,4.59E-05,3.84E-05,3.64E-05,4.57E-05
YMR092C,0.00034668,0.00033006,0.00028967,0.000297174,0.00023876,0.00023658,0.000231158,0.000184909
YMR093W,0.000146481,0.000164298,0.000157753,0.000149068,0.00011552,0.000111202,9.82E-05,9.67E-05
YMR099C,0.000276107,0.000278719,0.000329153,0.000291333,0.000230307,0.000232027,0.000193976,0.000197074
YMR104C,1.83E-05,1.22E-05,1.29E-05,5.32E-06,1.09E-05,7.08E-06,2.30E-06,1.13E-05
YMR108W,0.001062589,0.001097226,0.001251904,0.001258415,0.001348743,0.00135862,0.001440216,0.001601725
YMR109W,0.000128792,0.000136667,0.000129202,0.000102918,9.13E-05,9.21E-05,6.51E-05,7.61E-05
YMR110C,8.21E-05,8.35E-05,6.88E-05,6.15E-05,4.16E-05,4.30E-05,3.32E-05,3.84E-05
YMR116C,0.00974202,0.010187627,0.009597447,0.009328158,0.00900138,0.009569273,0.009211083,0.00831555
YMR120C,0.003337618,0.003311388,0.004599315,0.004191158,0.004438601,0.004448288,0.004318011,0.004235857
YMR125W,0.000215041,0.00022885,0.000204551,0.000199643,0.000160972,0.000181326,0.000146581,0.000158748
YMR128W,4.51E-05,4.53E-05,2.81E-05,3.64E-05,2.86E-05,3.63E-05,2.40E-05,2.44E-05
YMR129W,0.000194209,0.000200822,0.000169159,0.000162605,0.000129342,0.000129903,0.000126737,0.00013066
YMR131C,0.000202843,0.000210119,0.000190859,0.000173603,0.000169539,0.000155293,0.000148452,0.00014525
YMR142C,0.000117262,0.000132646,0.000125454,0.000111115,9.06E-05,7.98E-05,0.000394667,9.92E-05
YMR143W,0.006078856,0.006008142,0.005814442,0.006518053,0.005941994,0.005596674,0.005676972,0.004834069
YMR145C,0.00041117,0.000451709,0.000419753,0.000413091,0.000389673,0.000444336,0.000343846,0.000370601
YMR146C,0.000558805,0.000582555,0.000559786,0.000539123,0.000520588,0.000512318,0.000461073,0.000462416
YMR153W,3.33E-05,2.71E-05,2.45E-05,2.64E-05,2.26E-05,1.50E-05,1.57E-05,1.83E-05
YMR178W,8.84E-05,9.00E-05,7.22E-05,7.61E-05,5.83E-05,4.96E-05,5.21E-05,4.77E-05
YMR183C,0.000139541,0.000145768,0.000136977,0.000131119,0.00011068,0.00012354,9.94E-05,0.000110548
YMR189W,0.000377518,0.000354792,0.000448961,0.000433635,0.000505407,0.000495327,0.00051316,0.000565588
YMR194W,0.0003021,0.000274135,0.0002367,0.000211359,0.000193953,0.000126063,0.000173871,0.000137908
YMR197C,6.82E-05,6.69E-05,5.49E-05,5.28E-05,3.18E-05,3.85E-05,3.54E-05,2.78E-05
YMR202W,0.000207123,0.000239688,0.000232957,0.000267332,0.000211441,0.000208294,0.000161067,0.00020244
YMR203W,0.000263055,0.000321909,0.000302237,0.000298849,0.000259301,0.000319307,0.000301274,0.000284731
YMR205C,0.001988561,0.001815015,0.002083044,0.002239062,0.002344237,0.002274359,0.002403768,0.002250335
YMR208W,0.000198385,0.000187429,0.000182639,0.000176497,0.000149358,0.000157494,0.000134915,0.000127825
YMR214W,5.15E-05,5.54E-05,4.79E-05,4.37E-05,3.02E-05,3.56E-05,2.74E-05,3.48E-05
YMR215W,0.000141623,0.000137595,0.000116054,0.000113474,0.000105907,0.000100986,0.000133939,0.00013008
YMR217W,0.001103521,0.001209075,0.00126593,0.001184926,0.001391068,0.001486719,0.001503081,0.001551108
YMR220W,0.00017045,0.000154587,0.000124012,0.000129925,7.64E-05,8.55E-05,5.07E-05,4.23E-05
YMR221C,2.04E-05,1.85E-05,1.98E-05,2.03E-05,1.83E-05,1.71E-05,1.67E-05,1.68E-05
YMR226C,0.001043131,0.001113605,0.000949022,0.001012259,0.000829801,0.000771843,0.000656505,0.000616868
YMR229C,0.00067491,0.000702149,0.000717556,0.000659324,0.00070539,0.000716293,0.0006922,0.00074405
YMR235C,0.000389811,0.000378229,0.000401766,0.000393533,0.00028909,0.000312567,0.00021008,0.00025047
YMR237W,7.42E-05,7.21E-05,6.20E-05,6.85081E-05,5.70E-05,5.57E-05,3.76E-05,3.90E-05
YMR241W,0.000395057,0.00040902,0.000463394,0.000408533,0.000505678,0.000410188,0.00066773,0.000640304
YMR246W,0.00060034,0.000580718,0.00050685,0.000478277,0.000327797,0.000346644,0.000252445,0.0002382
YMR247C,8.48E-05,8.95E-05,6.54E-05,6.40E-05,3.76E-05,4.43E-05,1.68E-05,3.45E-05
YMR260C,0.000458627,0.000367585,0.000439797,0.000486066,0.000385173,0.000301764,0.000240362,0.000284479
YMR261C,0.000100787,0.000106805,8.74E-05,8.00E-05,5.60E-05,7.21E-05,5.95E-05,6.62E-05
YMR266W,7.33E-05,9.01E-05,7.32E-05,9.30E-05,7.58E-05,7.31E-05,7.19E-05,7.88E-05
YMR272C,6.95E-05,6.22E-05,7.02E-05,7.12E-05,6.42E-05,7.14E-05,6.87E-05,6.42E-05
YMR276W,0.000231864,0.000228192,0.000198113,0.000213607,0.000188213,0.000157504,0.000217758,0.000180584
YMR285C,5.80E-05,5.97E-05,4.51E-05,4.56E-05,1.78E-05,2.53E-05,2.04E-05,2.37E-05
YMR290C,0.000380812,0.000355361,0.000371724,0.000365234,0.00037676,0.00036247,0.000356471,0.000360668
YMR296C,0.000124342,0.000142305,0.000117664,0.000114855,9.63E-05,0.000102212,0.00010663,0.000107061
YMR297W,8.02E-05,6.79E-05,5.98E-05,5.68E-05,5.49E-05,4.16E-05,5.73E-05,5.97E-05
YMR300C,0.001196481,0.001326493,0.001459321,0.0014378,0.001330792,0.001387991,0.001224338,0.001323473
YMR302C,7.99E-05,8.71E-05,6.42E-05,6.77E-05,5.96E-05,6.01E-05,4.57E-05,5.16E-05
YMR304W,9.34E-05,8.23E-05,7.14E-05,6.84E-05,4.94E-05,4.82E-05,3.62E-05,3.91E-05
YMR305C,6.67E-05,6.88E-05,5.95E-05,5.34E-05,3.68E-05,3.62E-05,3.17E-05,2.96E-05
YMR307W,0.000612918,0.000571769,0.000519161,0.000526296,0.000493802,0.000484382,0.000426893,0.000462563
YMR308C,0.000297312,0.000310011,0.000262556,0.00022982,0.000161617,0.000169442,0.000109389,0.000124956
YMR309C,0.000824819,0.000864143,0.000812074,0.000805882,0.000671121,0.000716463,0.000546184,0.000590806
YMR314W,0.000695251,0.00072082,0.000601745,0.000594461,0.000476773,0.000466149,0.000417181,0.000392141
YMR315W,0.00020898,0.000243562,0.000215266,0.000195968,0.000215141,0.000234883,0.000217827,0.000191804
YMR318C,0.000322801,0.000389803,0.000365107,0.000371575,0.000404286,0.000371779,0.000417312,0.00042739
YNL001W,6.06E-05,6.97E-05,5.32E-05,5.22E-05,3.74E-05,3.86E-05,2.45E-05,3.65E-05
YNL002C,0.000107031,0.000112213,0.000115896,0.000120323,0.000105934,0.000119437,0.000107599,0.00010557
YNL004W,7.77E-05,8.09E-05,6.03E-05,5.17E-05,3.97E-05,3.93E-05,3.98E-05,3.51E-05
YNL005C,4.28E-05,4.40E-05,3.90E-05,3.72E-05,3.39E-05,4.00E-05,3.81E-05,3.48E-05
YNL007C,0.001175626,0.001031961,0.000871992,0.000888968,0.000688107,0.000692171,0.000601956,0.000558495
YNL009W,4.20E-05,2.31E-05,3.73E-05,3.97E-05,3.43E-05,4.10E-05,5.41E-05,4.22E-05
YNL010W,9.86E-05,8.01E-05,0.000116735,8.46E-05,7.79E-05,5.99E-05,7.96E-05,8.74E-05
YNL014W,7.70E-05,0.000108318,0.000124285,9.60E-05,0.000104658,9.89E-05,0.000119891,3.07E-05
YNL016W,0.000217099,0.00025319,0.000244483,0.000221212,0.000199363,0.000196001,0.000234241,0.000200663
YNL026W,5.29E-05,4.41E-05,4.30E-05,3.84E-05,1.94E-05,2.77E-05,2.29E-05,1.70E-05
YNL030W,0.000848538,0.000893685,0.000782953,0.000789517,0.000744655,0.000737965,0.000641855,0.000700064
YNL031C,0.000491584,0.000490309,0.000484127,0.000462945,0.000441591,0.000476936,0.000508193,0.000446447
YNL036W,0.00017619,0.000305007,0.000174573,0.00016074,7.95E-05,8.02E-05,6.51E-05,7.56E-05
YNL037C,0.001008817,0.001033147,0.000881418,0.000899235,0.00088181,0.000912765,0.000939286,0.000999082
YNL044W,0.000128862,0.000105032,0.000123442,0.000148623,0.000154412,0.000190682,0.000115782,0.000137771
YNL045W,0.000161077,0.000155006,0.000116541,0.000113058,8.91E-05,8.23E-05,7.84E-05,7.25E-05
YNL049C,0.000305665,0.000276781,0.000288703,0.000317595,0.000284794,0.00017316,0.000459747,0.000281133
YNL052W,0.000235405,0.000199166,0.000151527,0.000167092,0.00012062,0.000139019,0.000121446,0.000115696
YNL055C,0.003413764,0.003109791,0.001967851,0.001932807,0.001787836,0.001820096,0.002189151,0.002131394
YNL059C,8.16E-05,8.80E-05,6.21E-05,6.77E-05,4.51E-05,4.54E-05,3.25E-05,3.96E-05
YNL061W,0.000394985,0.00038939,0.000364836,0.000357705,0.000346855,0.000333423,0.00031872,0.000351516
YNL062C,4.98E-05,8.12E-05,5.96E-05,5.59E-05,4.64E-05,4.86E-05,2.84E-05,3.56E-05
YNL064C,0.001834104,0.001672929,0.001541681,0.001634363,0.001362688,0.001411016,0.000957734,0.001087472
YNL067W,0.000231535,0.000266721,0.000246392,0.000248687,0.000286123,0.000327687,0.000303891,0.000270103
YNL069C,0.003150553,0.003026363,0.002843821,0.003009174,0.002855102,0.002810717,0.002737123,0.002532466
YNL071W,0.000449814,0.000442329,0.000422807,0.000452468,0.000456504,0.000431672,0.000385168,0.000422462
YNL079C,0.000590203,0.00053982,0.000583108,0.000618671,0.000642569,0.000592875,0.000623384,0.000591743
YNL084C,7.06E-05,6.44E-05,7.00E-05,6.46E-05,5.13E-05,5.74E-05,4.84E-05,5.31E-05
YNL085W,0.000221312,0.000242702,0.000216445,0.000217316,0.000205534,0.00021471,0.000171824,0.000197362
YNL087W,6.64E-05,7.36E-05,9.00E-05,9.34E-05,9.89E-05,0.000100306,0.000113314,9.39E-05
YNL088W,8.44E-05,9.05E-05,8.50E-05,9.84E-05,6.66E-05,6.74E-05,3.95E-05,4.51E-05
YNL096C,0.001555092,0.001311085,0.001422986,0.001305129,0.001236487,0.001296131,0.001227105,0.001144048
YNL098C,0.0001451,0.000127628,0.000143953,0.000153293,0.000130504,0.000121502,0.000135275,0.000128676
YNL102W,4.23E-05,5.78E-05,3.63E-05,4.27E-05,2.54E-05,2.10E-05,6.37E-06,1.58E-05
YNL104C,0.000812428,0.000789608,0.000751874,0.000722109,0.000549611,0.000583994,0.000608656,0.000624668
YNL111C,0.000167291,0.000185612,0.000189549,0.000210917,0.000160079,0.000219702,0.000239138,0.000164963
YNL113W,0.000156723,0.00014716,0.000145665,0.000146405,0.000161324,0.000157654,0.00014111,0.000145997
YNL118C,0.000111908,9.65E-05,7.05E-05,7.74E-05,6.27E-05,5.84E-05,4.55E-05,4.64E-05
YNL121C,0.0004173,0.000465252,0.000428019,0.000420261,0.00039312,0.000430137,0.000391322,0.000409795
YNL123W,0.000426411,0.000447858,0.000348764,0.000320737,0.000219791,0.000231394,0.000196441,0.000198681
YNL131W,9.98E-05,9.86E-05,0.000106951,0.000111522,0.0001192,0.000136165,0.000112049,0.00013174
YNL132W,0.00018205,0.000178529,0.000177708,0.000178439,0.000191479,0.000194893,0.00017321,0.000168385
YNL135C,0.000318887,0.000356332,0.000413446,0.000338439,0.000209867,0.000227851,0.000366054,0.000336957
YNL137C,3.40E-05,1.93E-05,2.84E-05,2.89E-05,2.68E-05,3.33E-05,2.74E-05,2.89E-05
YNL138W,0.00021637,0.000251435,0.000212128,0.000209878,0.000183124,0.000191766,0.000159635,0.000155432
YNL139C,5.03E-05,4.93E-05,4.08E-05,3.76E-05,3.22E-05,2.81E-05,2.24E-05,2.79E-05
YNL149C,7.46E-05,7.83E-05,8.18E-05,7.35E-05,7.00E-05,6.69E-05,7.23E-05,5.67E-05
YNL163C,0.00010792,9.63E-05,8.08E-05,9.09E-05,6.33E-05,6.28E-05,4.12E-05,5.71E-05
YNL173C,2.09E-05,1.60E-05,2.24E-05,1.90E-05,1.87E-05,1.55E-05,1.49E-05,1.79E-05
YNL175C,0.000155974,0.000157125,0.00015404,0.000142298,0.000145654,0.000132605,0.000131145,0.000137078
YNL178W,0.013043459,0.012552233,0.011837435,0.012184015,0.011504424,0.011753904,0.010356889,0.010495128
YNL180C,5.24E-05,5.56E-05,4.73E-05,4.39E-05,4.43E-05,4.49E-05,4.42E-05,3.95E-05
YNL181W,0.000636989,0.000177155,0.000351575,0.000665454,0.000512988,0.000769101,0.000464633,0.000413245
YNL182C,8.83E-05,0.000104281,8.24E-05,6.33E-05,6.91E-05,6.55E-05,5.81E-05,6.48E-05
YNL189W,0.000249028,0.000277133,0.000269367,0.000274017,0.000261398,0.000271084,0.000207647,0.000231991
YNL207W,4.08E-05,3.65E-05,4.43E-05,4.85E-05,4.23E-05,4.42E-05,2.71E-05,3.43E-05
YNL212W,4.50E-05,4.66E-05,5.49E-05,4.59E-05,3.65E-05,4.48E-05,3.33E-05,4.15E-05
YNL216W,9.76E-05,0.000108496,0.0001013,0.000100843,7.38E-05,8.55E-05,7.58E-05,8.46E-05
YNL219C,4.11E-05,4.50E-05,3.82E-05,3.67E-05,3.36E-05,3.36E-05,3.54E-05,3.65E-05
YNL220W,0.001480029,0.001586413,0.00180601,0.001745757,0.001872897,0.001779491,0.001557345,0.001857652
YNL231C,0.000154571,0.000134158,0.000164879,0.000157572,0.000133743,0.000126617,9.37E-05,0.000111053
YNL232W,6.24E-05,7.07E-05,5.42E-05,5.20E-05,4.60E-05,4.65E-05,3.50E-05,3.94E-05
YNL239W,0.000155272,0.000159526,0.0001479,0.000167491,0.000157073,0.000175631,0.000205275,0.00020527
YNL241C,0.001406684,0.00149468,0.001396711,0.001364914,0.001386271,0.001505919,0.001365884,0.001413798
YNL243W,0.000190447,0.000175479,0.000160377,0.00015209,0.000129702,0.000132378,0.00011592,0.000111353
YNL244C,0.000446445,0.000427607,0.000400209,0.00037837,0.000371433,0.000379632,0.000396,0.000391164
YNL247W,0.000581326,0.000601933,0.000553904,0.000551623,0.000522581,0.000530907,0.000471234,0.000511545
YNL248C,0.000198907,0.000230761,0.000196116,0.000212588,0.000187492,0.000197077,0.000164259,0.000174073
YNL252C,3.41E-05,3.62E-05,3.25E-05,3.20E-05,3.29E-05,3.62E-05,3.66E-05,3.69E-05
YNL255C,0.000214118,0.000298489,0.000245543,0.000171332,0.000180386,0.000169383,0.000262927,0.000205992
YNL256W,2.90E-05,3.46E-05,2.84E-05,2.87E-05,2.76E-05,2.86E-05,2.59E-05,3.08E-05
YNL277W,8.69E-05,8.21E-05,7.82E-05,8.44E-05,7.78E-05,8.11E-05,6.60E-05,7.33E-05
YNL281W,0.000183766,0.000209331,0.000223998,0.000174716,7.93E-05,8.59E-05,9.91E-05,8.28E-05
YNL287W,0.00056794,0.000577623,0.000530111,0.000537901,0.000498577,0.000498128,0.000480776,0.000459034
YNL290W,7.93E-05,7.34E-05,7.42E-05,6.25E-05,6.04E-05,6.33E-05,4.22E-05,5.11E-05
YNL307C,0.000238816,0.00024183,0.000217087,0.000230689,0.00018349,0.000201295,0.000198957,0.000200247
YNL308C,0.000135033,0.00013956,0.000124292,0.000130479,0.000121901,0.000120242,9.57E-05,9.32E-05
YNL312W,6.83E-05,6.76E-05,6.72E-05,6.10E-05,5.92E-05,5.57E-05,6.05E-05,5.25E-05
YNL313C,0.00015113,0.00016305,0.00014455,0.000143819,0.000120015,0.000121637,8.60E-05,0.000100382
YNR001C,0.00068945,0.000869676,0.000509247,0.000528687,0.000499474,0.000550396,0.000482131,0.000624632
YNR016C,0.003242013,0.003747263,0.003579622,0.003402612,0.00369531,0.003813183,0.003854695,0.004020335
YNR017W,7.85E-05,7.60E-05,6.86E-05,8.51E-05,7.15E-05,7.72E-05,6.55E-05,8.35E-05
YNR021W,0.000279304,0.000271078,0.000235722,0.000235652,0.0002008,0.000208777,0.000169894,0.000161066
YNR034W,2.15E-05,1.70E-05,1.63E-05,1.38E-05,1.36E-05,1.20E-05,5.02E-06,1.05E-05
YNR035C,0.000274707,0.000286458,0.000240573,0.000230725,0.000176111,0.000186063,0.000150099,0.000167561
YNR038W,3.76E-05,3.56E-05,3.34E-05,3.11E-05,2.63E-05,2.89E-05,2.35E-05,2.02E-05
YNR043W,0.000591323,0.000589689,0.000609621,0.000601707,0.000524167,0.000538783,0.000525702,0.000500295
YNR046W,5.98E-05,6.00E-05,5.28E-05,5.29E-05,3.98E-05,4.63E-05,4.13E-05,3.39E-05
YNR050C,0.002768798,0.002882197,0.003352608,0.003235892,0.003376049,0.003375599,0.003270802,0.003309893
YNR051C,9.08E-05,7.76E-05,9.12E-05,7.80E-05,6.86E-05,6.74E-05,6.09E-05,6.37E-05
YNR053C,0.000212757,0.000267783,0.000251561,0.000247547,0.000225888,0.000249291,0.000191981,0.000194545
YOL004W,5.90E-05,6.66E-05,5.14E-05,4.61E-05,4.46E-05,4.23E-05,2.55E-05,3.79E-05
YOL010W,0.000105486,8.73E-05,7.99E-05,9.33E-05,6.86E-05,6.67E-05,4.62E-05,5.71E-05
YOL021C,0.000269135,0.000283016,0.00022745,0.000233003,0.000169874,0.000157525,0.000136469,0.000153072
YOL022C,4.08E-05,4.57E-05,4.26E-05,3.99E-05,3.73E-05,3.26E-05,3.82E-05,3.84E-05
YOL027C,0.000255437,0.000246835,0.000225434,0.000228253,0.000202065,0.000206964,0.000102565,0.000145486
YOL030W,0.000124337,0.00013402,0.000117882,0.00011817,9.85E-05,0.000122508,0.000136802,0.000130641
YOL038W,0.000550664,0.000638943,0.000496281,0.000511354,0.000343592,0.000355373,0.000297276,0.000305808
YOL039W,0.00179542,0.001832302,0.002168457,0.002139357,0.002189563,0.002545106,0.001691784,0.002267273
YOL040C,0.002780424,0.002979043,0.002872984,0.002659588,0.002746919,0.002756037,0.002853466,0.002355195
YOL041C,0.000193916,0.00022149,0.00018841,0.000180867,0.00015717,0.000167593,0.000137043,0.000152752
YOL049W,0.000163043,0.000152568,0.000120248,0.000118725,9.93E-05,9.65E-05,8.19E-05,8.58E-05
YOL052C,6.10E-05,3.68E-05,5.51E-05,5.50E-05,3.90E-05,4.27E-05,3.24E-05,3.17E-05
YOL057W,0.000108152,0.000114722,0.000104131,0.000116726,8.57E-05,8.93E-05,6.96E-05,7.53E-05
YOL058W,0.000885408,0.000966163,0.001288972,0.001235198,0.00165068,0.001595063,0.002830398,0.003012601
YOL059W,0.000132374,0.000150987,0.000164109,0.000155206,0.000169039,0.000180436,0.000222282,0.000218975
YOL061W,0.000284839,0.000304756,0.000281972,0.000286197,0.000230653,0.000242975,0.000215772,0.000215627
YOL064C,0.000412608,0.00039734,0.000471653,0.000438311,0.00038954,0.000378563,0.000435444,0.000458663
YOL076W,0.000185483,0.000220681,0.000171123,0.000174828,0.000100947,0.000118901,8.39E-05,8.22E-05
YOL077C,0.00016793,0.000168246,0.000148598,0.000151203,0.000139733,0.000150509,0.000138777,0.000113318
YOL090W,4.89E-05,1.75E-05,4.78E-05,4.13E-05,3.18E-05,3.08E-05,2.30E-05,2.04E-05
YOL094C,6.46E-05,6.83E-05,5.86E-05,5.54E-05,4.41E-05,4.79E-05,3.37E-05,3.56E-05
YOL097C,0.000319689,0.000319577,0.000323499,0.000331648,0.000300196,0.000302342,0.00023881,0.000280599
YOL098C,0.000238484,0.000252185,0.000208887,0.000202456,0.000156389,0.000168607,8.77E-05,0.000124999
YOL109W,0.002132544,0.001839279,0.002836924,0.002573752,0.002002843,0.001833166,0.001879794,0.001944009
YOL111C,0.000136541,0.000131695,0.000113448,0.000108984,8.48E-05,9.26E-05,7.61E-05,6.66E-05
YOL120C,0.00540057,0.005270567,0.004914994,0.004835468,0.004734916,0.004871318,0.004073849,0.00423962
YOL121C,0.005852501,0.005789714,0.005506968,0.005828523,0.005373534,0.005734034,0.004576339,0.004547428
YOL123W,0.000166832,0.000163443,0.000152148,0.000159328,0.000139993,0.000142364,0.00012333,0.000120769
YOL127W,0.004957535,0.004997631,0.004787543,0.004863811,0.005098194,0.005096721,0.004233789,0.004169524
YOL139C,0.001008989,0.0009205,0.000909755,0.000935732,0.00090639,0.000987871,0.000804797,0.000819049
YOL145C,0.000201038,0.000224647,0.000214912,0.000228298,0.00018889,0.000196055,9.12E-05,0.000156456
YOL151W,0.000145645,0.000173679,0.00016421,0.000113198,8.84E-05,7.95E-05,2.62E-05,6.48E-05
YOR001W,7.93E-05,7.82E-05,7.70E-05,7.92E-05,6.52E-05,6.08E-05,4.39E-05,5.31E-05
YOR004W,3.34E-05,6.20E-05,3.95E-05,3.80E-05,3.28E-05,3.00E-05,2.67E-05,3.17E-05
YOR007C,0.001218705,0.001122423,0.001000209,0.001086104,0.000873106,0.000910342,0.000742065,0.000792549
YOR014W,0.000188732,0.000179064,0.000177437,0.000327093,0.000123772,8.55E-05,8.94E-05,0.000100156
YOR020C,0.000294308,0.000309571,0.000465853,0.000473946,0.000583423,0.000584466,0.000538568,0.000651303
YOR021C,5.14E-05,4.74E-05,6.76E-05,5.42E-05,5.01E-05,5.79E-05,6.04E-05,5.44E-05
YOR027W,0.002752519,0.002554828,0.002537913,0.00252975,0.002357419,0.00224995,0.001731345,0.001779121
YOR042W,0.000131378,0.000136662,0.000123329,0.000119455,0.000102165,0.000102029,9.51E-05,7.48E-05
YOR043W,2.74E-05,3.27E-05,2.64E-05,2.59E-05,1.43E-05,1.81E-05,2.15E-05,2.05E-05
YOR046C,0.000454034,0.000460651,0.000408394,0.000407118,0.000330349,0.000339122,0.000300538,0.000263057
YOR048C,7.02E-05,7.89E-05,6.59E-05,6.23E-05,4.72E-05,4.34E-05,2.84E-05,3.18E-05
YOR051C,4.93E-05,3.80E-05,4.81E-05,4.43E-05,4.82E-05,4.14E-05,3.14E-05,4.50E-05
YOR056C,6.24E-05,5.66E-05,5.66E-05,5.60E-05,5.57E-05,5.69E-05,5.10E-05,4.26E-05
YOR061W,6.02E-05,5.69E-05,5.85E-05,5.99E-05,5.79E-05,6.86E-05,5.05E-05,5.54E-05
YOR063W,0.009118121,0.008743008,0.008723925,0.008908132,0.008138628,0.008525248,0.007948333,0.00724987
YOR065W,0.000329129,0.000349753,0.000289621,0.000283908,0.000205981,0.000212091,0.000190386,0.000196175
YOR069W,3.81E-05,3.38E-05,3.03E-05,3.43E-05,1.87E-05,2.45E-05,2.01E-05,1.54E-05
YOR074C,6.45E-05,7.08E-05,6.81E-05,6.26E-05,5.44E-05,5.50E-05,3.94E-05,4.35E-05
YOR086C,7.24E-05,8.26E-05,7.58E-05,7.09E-05,7.24E-05,7.11E-05,7.70E-05,8.61E-05
YOR089C,0.00011503,0.000134335,9.81E-05,8.87E-05,5.77E-05,5.92E-05,6.84E-05,5.77E-05
YOR091W,6.49E-05,8.37E-05,6.99E-05,6.90E-05,6.06E-05,6.19E-05,5.04E-05,4.63E-05
YOR095C,9.48E-05,0.00010298,9.65E-05,9.94E-05,0.000108589,0.000106426,0.000112372,0.000109611
YOR096W,0.003292739,0.003361138,0.003172246,0.003195839,0.003257155,0.002745337,0.003125173,0.002845499
YOR099W,3.45E-05,3.54E-05,4.54E-05,3.85E-05,5.28E-05,5.89E-05,6.50E-05,4.50E-05
YOR108W,6.63E-05,6.49E-05,7.60E-05,8.90E-05,7.50E-05,6.72E-05,8.45E-05,8.12E-05
YOR109W,0.000125029,0.000129684,0.000106299,0.000100402,8.42E-05,8.00E-05,6.11E-05,6.89E-05
YOR112W,8.23E-05,6.98E-05,7.05E-05,6.42E-05,4.31E-05,4.97E-05,2.92E-05,3.29E-05
YOR116C,7.47E-05,8.80E-05,8.49E-05,7.78E-05,8.63E-05,8.86E-05,7.76E-05,8.20E-05
YOR117W,0.000407023,0.000400614,0.000371692,0.000370251,0.000342058,0.000346233,0.000296753,0.00030925
YOR122C,0.000241264,0.000247545,0.00028504,0.000200506,9.73E-05,7.69E-05,0.000134919,0.000132378
YOR124C,8.60E-05,9.06E-05,6.92E-05,6.47E-05,5.24E-05,4.47E-05,2.59E-05,4.35E-05
YOR128C,0.002123564,0.002111564,0.001968565,0.001949782,0.001551001,0.001641239,0.001290427,0.001240567
YOR136W,0.00089573,0.000951156,0.000763251,0.000775752,0.000694701,0.000832217,0.000782978,0.000754883
YOR141C,6.56E-05,6.03E-05,5.60E-05,4.77E-05,3.92E-05,3.69E-05,2.28E-05,3.82E-05
YOR142W,0.000247168,0.000247284,0.000262682,0.000276767,0.000292809,0.00024949,0.000200222,0.000221361
YOR143C,5.80E-05,5.44E-05,4.91E-05,5.76E-05,3.60E-05,2.91E-05,2.29E-05,2.75E-05
YOR145C,9.48E-05,0.000101138,0.000101731,0.000105826,8.89E-05,0.000105178,9.10E-05,8.62E-05
YOR151C,0.000396118,0.000392806,0.000336345,0.000343334,0.000285204,0.000299174,0.000245571,0.000238232
YOR153W,0.000372177,0.00041729,0.000388369,0.000342013,0.000280915,0.000284241,0.000183814,0.000184462
YOR157C,0.000196748,0.000185321,0.000163223,0.000164951,0.00011967,0.000126897,0.000109168,0.000113727
YOR158W,2.75E-05,3.08E-05,2.64E-05,2.15E-05,1.88E-05,2.90E-05,2.34E-05,2.55E-05
YOR164C,9.87E-05,8.45E-05,7.70E-05,7.89E-05,4.57E-05,6.90E-05,4.18E-05,4.74E-05
YOR165W,0.000150938,0.000158073,0.000143111,0.000146968,0.000128814,0.000122025,8.82E-05,0.000115626
YOR167C,0.002470557,0.002456899,0.00222173,0.002437095,0.00223676,0.00243015,0.002120189,0.001736586
YOR168W,0.001334328,0.001286546,0.001238816,0.001305974,0.001177485,0.00112599,0.000921738,0.000900843
YOR176W,5.35E-05,6.81E-05,5.74E-05,5.19E-05,6.32E-05,3.99E-05,3.82E-05,4.56E-05
YOR182C,0.000918836,0.000889837,0.000839612,0.000839642,0.000717118,0.000875609,0.000963959,0.000768394
YOR184W,0.001666617,0.001748224,0.001834697,0.001972206,0.001708229,0.001796912,0.001361752,0.001343873
YOR187W,0.000433043,0.00045938,0.000421281,0.000401581,0.000407053,0.000431481,0.000402856,0.000461641
YOR197W,8.40E-05,8.54E-05,7.91E-05,7.25E-05,6.00E-05,6.48E-05,5.57E-05,6.38E-05
YOR198C,0.000646694,0.000676043,0.000647968,0.000679769,0.000688589,0.000718848,0.000736657,0.000760154
YOR202W,0.000478087,0.000459833,0.000409308,0.00038634,0.000270639,0.000254025,0.000285122,0.000277605
YOR204W,0.00201268,0.002163572,0.002310877,0.002190027,0.002210135,0.002237428,0.00199436,0.00185607
YOR206W,0.000155911,0.00015398,0.000157253,0.000163816,0.000127486,0.000131316,9.30E-05,0.000108471
YOR207C,0.000131335,0.000131011,0.000115085,0.000119929,9.73E-05,0.000105393,5.63E-05,7.98E-05
YOR209C,0.000296062,0.000310451,0.000279544,0.000273526,0.000238623,0.00025142,0.000226288,0.000202827
YOR210W,0.000100915,7.58E-05,7.75E-05,8.13E-05,7.92E-05,8.95E-05,5.77E-05,6.89E-05
YOR212W,2.73E-05,3.16E-05,2.92E-05,2.40E-05,2.44E-05,2.38E-05,2.04E-05,1.95E-05
YOR222W,0.000217529,0.000211705,0.000288938,0.000298166,0.000259653,0.0002793,0.000254909,0.000267727
YOR224C,8.51E-05,7.77E-05,7.63E-05,7.63E-05,6.60E-05,6.65E-05,5.91E-05,6.53E-05
YOR230W,0.000423009,0.00037427,0.00035684,0.000333556,0.000296906,0.000279392,0.000335704,0.000338999
YOR232W,9.90E-05,0.000114142,0.000131102,0.000126708,0.00015248,0.000160158,0.000160586,0.000177019
YOR234C,0.000436987,0.000391758,0.000382908,0.000404213,0.00041276,0.000420067,0.000362408,0.000387779
YOR241W,0.000219742,0.000215521,0.000176443,0.000143369,0.000132742,0.000115653,0.000117164,6.74E-05
YOR243C,0.000169545,0.000181043,0.000152929,0.000136738,0.00010871,0.000134877,0.000101458,0.000123348
YOR251C,6.25E-05,5.09E-05,5.49E-05,4.82E-05,5.10E-05,4.30E-05,5.28E-05,4.37E-05
YOR254C,0.000227256,0.000232286,0.000212352,0.000209597,0.00018782,0.000188306,0.000155839,0.00017957
YOR259C,0.000391891,0.000395905,0.000324605,0.000363869,0.000264976,0.000276224,0.00024159,0.000231244
YOR260W,0.000131301,0.00015527,0.000128955,0.000121989,0.000101323,9.57E-05,8.63E-05,7.91E-05
YOR261C,0.000446776,0.00048665,0.000419122,0.000436484,0.000317608,0.000301048,0.000247565,0.000227477
YOR270C,0.000452244,0.000443171,0.000441092,0.000436296,0.000407216,0.000421291,0.000376399,0.000397907
YOR271C,0.000142812,0.00014437,0.000147633,0.000135042,0.000150587,0.000151761,0.000150922,0.000153523
YOR272W,0.000183721,0.000192562,0.000189421,0.000177316,0.000171101,0.00016642,0.000144213,0.000153124
YOR276W,9.92E-05,0.000118264,0.000122877,0.00010727,0.000133802,0.000125977,0.000143575,0.000143783
YOR280C,0.000162755,0.000198505,0.000147908,0.000146177,0.000130262,0.000143615,9.95E-05,9.19E-05
YOR283W,6.23E-05,5.94E-05,5.54E-05,5.22E-05,4.48E-05,4.46E-05,4.27E-05,3.54E-05
YOR285W,0.000127719,0.000134675,0.000137159,0.000128745,9.89E-05,0.000123999,0.000164865,0.000134394
YOR293W,0.002406791,0.002259168,0.002148068,0.002260754,0.002097601,0.002207118,0.001974917,0.001673309
YOR294W,3.92E-05,3.96E-05,4.62E-05,4.42E-05,5.68E-05,5.79E-05,6.10E-05,5.55E-05
YOR298C-A,0.002529351,0.002279019,0.00182893,0.001968299,0.001153182,0.001188619,0.000716276,0.000614606
YOR303W,0.000309924,0.000367171,0.000582624,0.000535357,0.000811858,0.000803425,0.00049704,0.000538241
YOR310C,0.001295529,0.001348262,0.001306124,0.00126796,0.001164602,0.001251523,0.001055628,0.001132235
YOR312C,0.00602784,0.006155003,0.005216045,0.005629587,0.005029913,0.005584728,0.005657006,0.004495056
YOR317W,0.000452585,0.000483418,0.000368562,0.000370063,0.000278933,0.00027607,0.000290104,0.000248964
YOR323C,0.000652082,0.000642462,0.000667385,0.000692214,0.000633398,0.000602495,0.000623287,0.000586107
YOR326W,0.000161808,0.000157794,0.000162553,0.000162354,0.00015036,0.000164401,0.000151742,0.000147882
YOR332W,0.000293139,0.000347147,0.000383871,0.000398019,0.000508593,0.00047537,0.000480049,0.000535912
YOR335C,0.001668108,0.001623497,0.001739216,0.001702429,0.001790021,0.001786285,0.001911572,0.00187905
YOR340C,0.000122407,0.000118249,0.000119448,0.000122189,0.000121372,0.000112725,9.74E-05,0.000110117
YOR341W,0.000737712,0.000741262,0.000743357,0.000710619,0.000786537,0.000813974,0.000742606,0.000769231
YOR347C,1.84E-05,2.05E-05,1.08E-05,7.93E-06,3.17E-06,1.12E-05,5.21E-06,9.89E-06
YOR354C,1.10E-05,3.06E-05,2.33E-05,2.11E-05,1.94E-05,1.85E-05,1.12E-05,2.47E-05
YOR356W,0.000101138,0.000119764,9.24E-05,8.60E-05,5.84E-05,5.99E-05,5.15E-05,5.73E-05
YOR361C,0.000987415,0.0010657,0.000988336,0.000905973,0.000738724,0.000787932,0.000629075,0.000654991
YOR362C,0.000526968,0.000465727,0.000373705,0.0003835,0.000298848,0.000313845,0.000272883,0.000250301
YOR369C,0.004306203,0.00397809,0.004341818,0.004033779,0.003667928,0.003664918,0.00380811,0.002970007
YOR370C,3.13E-05,3.04E-05,3.08E-05,2.15E-05,2.27E-05,2.62E-05,2.01E-05,2.03E-05
YOR374W,0.000372838,0.000461327,0.000326995,0.000313702,0.000312207,0.000301112,0.000304243,0.000346354
YOR375C,0.006783649,0.00625924,0.006919965,0.006805766,0.008239387,0.007367149,0.007964414,0.007887981
YPL004C,0.000504833,0.000491072,0.000390804,0.000378149,0.000277762,0.000262272,0.000225713,0.000254539
YPL009C,0.00016747,0.000160625,0.000127141,0.000135413,9.10E-05,9.02E-05,6.03E-05,6.11E-05
YPL012W,0.000235864,0.000240273,0.000232101,0.00025254,0.000230124,0.000246272,0.000193372,0.000228092
YPL028W,0.001464998,0.001482841,0.00129701,0.001272772,0.00106624,0.001075657,0.000982171,0.00083944
YPL030W,6.10E-05,5.88E-05,5.58E-05,5.17E-05,4.29E-05,3.66E-05,2.05E-05,3.84E-05
YPL031C,9.60E-05,8.16E-05,7.04E-05,5.65E-05,2.89E-05,3.81E-05,1.47E-05,3.43E-05
YPL032C,3.59E-05,7.76E-05,5.11E-05,5.74E-05,4.75E-05,5.85E-05,1.65E-05,4.41E-05
YPL037C,0.000767116,0.000659483,0.000822669,0.000827961,0.000926595,0.000832044,0.000886672,0.000956631
YPL043W,6.58E-05,7.89E-05,8.38E-05,8.46E-05,8.33E-05,9.70E-05,7.69E-05,8.17E-05
YPL048W,0.000587219,0.000519854,0.000556874,0.000572886,0.000569163,0.00057288,0.000572435,0.000575218
YPL050C,5.26E-05,6.09E-05,5.64E-05,6.02E-05,5.47E-05,6.26E-05,5.83E-05,5.96E-05
YPL061W,0.004448103,0.004898542,0.005268261,0.005553961,0.007205277,0.007190116,0.007687829,0.007396207
YPL063W,9.99E-05,0.00010245,9.28E-05,0.000105987,9.04E-05,9.17E-05,7.89E-05,8.18E-05
YPL078C,0.000275152,0.000320934,0.000298104,0.000289649,0.000279442,0.00028935,0.000276519,0.000307204
YPL079W,3.74E-05,4.55E-05,5.45E-05,8.16E-05,3.15E-05,5.92E-05,7.82E-05,3.44E-05
YPL081W,0.000161083,0.000166417,0.000209962,0.000203041,0.000152562,0.000103277,0.000128329,0.000178863
YPL082C,2.14E-05,2.46E-05,2.04E-05,1.54E-05,1.42E-05,1.90E-05,1.53E-05,1.65E-05
YPL084W,7.58E-05,7.21E-05,5.28E-05,4.01E-05,3.87E-05,3.30E-05,2.54E-05,3.06E-05
YPL086C,0.000106926,0.000113235,0.000103462,0.000100387,8.90E-05,8.66E-05,7.44E-05,7.50E-05
YPL091W,0.000549073,0.0005422,0.000487349,0.000487786,0.000417317,0.000449737,0.000349001,0.000341358
YPL093W,0.000331466,0.000357077,0.000360844,0.000356565,0.000349617,0.000373956,0.00031815,0.000324347
YPL105C,4.79E-05,4.90E-05,4.90E-05,4.70E-05,3.76E-05,4.50E-05,2.96E-05,4.27E-05
YPL106C,0.003758332,0.003853947,0.003916221,0.003886458,0.004436168,0.004572101,0.004348637,0.004627523
YPL111W,3.33E-05,4.94E-05,2.76E-05,2.94E-05,1.46E-05,2.62E-05,3.07E-05,2.99E-05
YPL112C,0.00032625,0.000343649,0.00029716,0.000274065,0.000256993,0.000254758,0.000175012,0.000199657
YPL117C,0.00016995,0.000152827,0.000195627,0.000158143,0.000121687,0.00012504,0.000141427,0.00012058
YPL126W,0.000283032,0.000308169,0.000274151,0.000245448,0.000213489,0.000208866,0.000170137,0.00016984
YPL128C,3.73E-05,3.79E-05,3.05E-05,3.28E-05,2.55E-05,3.03E-05,2.04E-05,2.97E-05
YPL131W,0.008289695,0.008397091,0.008027091,0.008651624,0.008362468,0.008680103,0.007984843,0.00761228
YPL139C,3.58E-05,6.84E-05,2.79E-05,2.35E-05,2.69E-05,3.21E-05,1.14E-05,2.03E-05
YPL143W,0.001236014,0.000984133,0.001111913,0.001189437,0.001075925,0.000972959,0.00077102,0.000930398
YPL145C,0.000653706,0.000691161,0.000678249,0.000676545,0.000552772,0.000525657,0.00044275,0.000453385
YPL154C,0.000335448,0.000310396,0.000241961,0.000251792,0.000240034,0.000256218,0.00027307,0.000283652
YPL160W,0.00227319,0.002244375,0.002147875,0.002144511,0.001936743,0.00196674,0.001852076,0.001873539
YPL169C,0.000156987,0.000171899,0.0001356,0.00012537,0.00010781,0.000105896,7.91E-05,8.90E-05
YPL173W,3.25E-05,2.62E-05,3.11E-05,3.75E-05,2.59E-05,3.20E-05,2.65E-05,3.48E-05
YPL183C,0.000144158,0.000141104,0.000117119,0.00011881,8.37E-05,9.39E-05,6.62E-05,7.35E-05
YPL184C,3.22E-05,5.10E-05,3.74E-05,3.77E-05,3.75E-05,2.36E-05,2.30E-05,2.96E-05
YPL190C,0.000104202,0.000104733,8.20E-05,8.12E-05,7.00E-05,7.15E-05,4.66E-05,5.85E-05
YPL195W,8.67E-05,8.59E-05,7.52E-05,7.04E-05,5.46E-05,6.06E-05,3.60E-05,4.08E-05
YPL198W,3.34E-05,0.00011886,0.000256465,0.000237063,0.000206306,0.000149968,0.000277134,0.000207138
YPL204W,9.04E-05,6.85E-05,6.49E-05,7.41E-05,6.66E-05,6.49E-05,4.72E-05,5.31E-05
YPL207W,3.09E-05,4.14E-05,4.31E-05,3.98E-05,3.66E-05,3.00E-05,3.03E-05,2.88E-05
YPL208W,2.61E-05,3.45E-05,2.82E-05,2.61E-05,1.70E-05,1.72E-05,1.58E-05,2.44E-05
YPL210C,0.000206011,0.000202078,0.000175296,0.000171774,0.00012574,0.000129244,9.79E-05,0.000102002
YPL211W,7.15E-05,8.92E-05,7.01E-05,6.61E-05,6.50E-05,7.65E-05,6.64E-05,7.59E-05
YPL212C,0.000211599,0.000209283,0.000191939,0.000182654,0.000139241,0.000134273,0.000109669,0.000127002
YPL217C,0.000119443,0.000137024,0.000124047,0.000125818,0.000113574,0.00011727,9.67E-05,0.000101879
YPL218W,0.000898629,0.000861124,0.000822071,0.000772096,0.000680303,0.000754358,0.000660218,0.000663592
YPL225W,0.000377203,0.000388746,0.000338979,0.000292635,0.000256016,0.000265488,0.000216381,0.000213126
YPL226W,0.001278521,0.001379757,0.001320007,0.001261059,0.001128195,0.001148122,0.000856992,0.000961502
YPL228W,5.28E-05,5.89E-05,4.77E-05,4.19E-05,3.31E-05,3.91E-05,2.73E-05,3.00E-05
YPL231W,0.003488337,0.003508639,0.003940585,0.003807939,0.003832672,0.003785416,0.003652204,0.003917826
YPL235W,0.000368586,0.000383176,0.000345895,0.000333504,0.000305398,0.000315476,0.000242131,0.000266692
YPL237W,0.000535155,0.000562993,0.000588249,0.000582169,0.000543121,0.000564613,0.000481536,0.00048768
YPL239W,4.64E-05,4.03E-05,4.29E-05,5.15E-05,6.42E-05,6.72E-05,7.59E-05,7.46E-05
YPL240C,0.015673677,0.014899584,0.014106229,0.014147633,0.013754148,0.013537094,0.010334531,0.010651913
YPL243W,0.00020309,0.000216917,0.00020195,0.000192946,0.000149013,0.00015382,0.00012683,0.000123788
YPL249C-A,0.000530954,0.00061046,0.000613078,0.000458234,0.000486395,0.000505757,0.0005197,0.000462494
YPL260W,0.000138899,0.000130077,0.000108797,0.000110017,0.000101589,9.96E-05,8.98E-05,9.83E-05
YPL262W,0.000420981,0.000460147,0.000331626,0.000340899,0.000320337,0.000320659,0.000369822,0.000333654
YPL263C,0.000141118,0.000146971,0.000113989,0.00011261,7.99E-05,7.06E-05,4.32E-05,5.81E-05
YPL266W,7.38E-05,6.17E-05,7.12E-05,7.48E-05,6.01E-05,6.10E-05,5.95E-05,6.09E-05
YPL274W,2.71E-05,2.67E-05,2.06E-05,2.18E-05,1.90E-05,2.40E-05,1.60E-05,1.79E-05
YPR002W,3.87E-05,4.57E-05,2.17E-05,1.16E-05,3.19E-05,2.63E-05,3.16E-05,4.35E-05
YPR004C,0.000212653,0.000232569,0.000201135,0.000187518,0.00017953,0.000196414,0.00016801,0.000185616
YPR016C,0.000499205,0.00044176,0.000432133,0.00050983,0.000397423,0.000425587,0.000341839,0.000291308
YPR019W,7.17E-05,8.48E-05,6.77E-05,6.22E-05,3.60E-05,5.18E-05,4.14E-05,4.01E-05
YPR020W,9.69E-05,9.89E-05,6.04E-05,8.25E-05,8.46E-05,6.69E-05,5.53E-05,7.30E-05
YPR024W,9.71E-05,0.000104508,0.000110099,0.000105713,0.000100247,0.000103359,7.51E-05,9.29E-05
YPR028W,0.000232384,0.000213361,0.000206243,0.00026046,0.000205247,0.000174904,0.000157081,0.000138331
YPR029C,4.98E-05,6.00E-05,4.67E-05,4.73E-05,2.10E-05,2.54E-05,2.57E-05,3.04E-05
YPR033C,0.000892172,0.000868905,0.000823904,0.000869705,0.000866353,0.000833543,0.000894863,0.000862507
YPR034W,7.91E-05,8.74E-05,7.39E-05,7.39E-05,5.90E-05,5.53E-05,3.00E-05,4.52E-05
YPR035W,0.00090373,0.000947344,0.00131564,0.001402039,0.001857114,0.001836929,0.00244718,0.00233192
YPR036W,0.000533853,0.000522046,0.000484992,0.000516781,0.000418403,0.00042778,0.00032512,0.000349006
YPR041W,0.000504414,0.000577673,0.000597265,0.000605963,0.000574883,0.000651766,0.000448655,0.000495182
YPR043W,0.001490639,0.001767977,0.001766114,0.00149564,0.001384959,0.001410866,0.001493215,0.001316613
YPR058W,3.59E-05,3.83E-05,3.70E-05,3.46E-05,3.68E-05,4.19E-05,4.64E-05,4.59E-05
YPR069C,0.000434293,0.000452013,0.00062861,0.000541827,0.000730723,0.000767182,0.000807182,0.000874182
YPR072W,4.79E-05,4.54E-05,4.45E-05,4.79E-05,3.67E-05,3.92E-05,2.83E-05,2.44E-05
YPR074C,0.002298804,0.002334193,0.002219182,0.002479353,0.002662996,0.002868918,0.003106453,0.003131448
YPR086W,5.21E-05,5.20E-05,4.49E-05,3.08E-05,1.80E-05,2.72E-05,2.92E-05,2.95E-05
YPR088C,0.000149407,0.000142101,0.000135301,0.000123869,0.000116267,0.000105077,0.000110438,0.000102769
YPR103W,0.000318915,0.000287888,0.000227935,0.000239406,0.000189419,0.000200652,0.000164812,0.000150657
YPR108W,0.000466068,0.000512771,0.000427649,0.000440157,0.000337765,0.000361959,0.000221378,0.000274396
YPR110C,0.000312036,0.000284802,0.000268024,0.000265812,0.000270416,0.000281961,0.000266657,0.000297162
YPR112C,9.85E-05,0.000120342,9.04E-05,9.08E-05,6.05E-05,7.26E-05,3.52E-05,6.21E-05
YPR113W,8.15E-05,8.02E-05,5.33E-05,6.72E-05,4.33E-05,4.63E-05,5.06E-05,4.46E-05
YPR118W,0.000180281,0.000169045,0.000172,0.000151812,0.000136295,0.000137003,0.000118529,0.00012112
YPR132W,0.003500498,0.003412081,0.003143558,0.003504887,0.003310568,0.003325181,0.002957377,0.002846932
YPR133C,8.08E-05,8.59E-05,8.59E-05,8.87E-05,6.669E-05,8.52E-05,6.18E-05,6.48E-05
YPR137W,8.73E-05,9.62E-05,8.02E-05,7.19E-05,6.49E-05,8.25E-05,8.23E-05,8.58E-05
YPR145W,0.002325565,0.002307932,0.002115199,0.002073351,0.001163138,0.001207399,0.001082068,0.0011111
YPR148C,0.000107925,0.000123838,0.000118053,0.000108084,9.73E-05,0.000107332,8.32E-05,8.33E-05
YPR149W,0.000181188,0.000148935,0.000132055,0.000149502,0.000140104,0.000152587,0.000166006,0.000136659
YPR159W,0.000149897,0.000165683,0.000132125,0.000122786,8.90E-05,0.000102733,8.92E-05,8.15E-05
YPR165W,0.000572396,0.000628134,0.000506469,0.000498244,0.000396306,0.000449188,0.000375162,0.000422248
YPR167C,5.80E-05,6.47E-05,7.82E-05,8.66E-05,0.000114405,0.000113894,9.60E-05,0.000109434
YPR172W,4.07E-05,3.07E-05,3.27E-05,2.94E-05,3.27E-05,2.84E-05,3.17E-05,2.39E-05
YPR173C,3.28E-05,3.32E-05,3.32E-05,3.38E-05,2.29E-05,2.43E-05,2.25E-05,2.27E-05
YPR181C,0.00052209,0.000560591,0.000507502,0.000483626,0.000451633,0.000462791,0.000428382,0.000432509
YPR183W,0.000439233,0.000492382,0.000476153,0.000498882,0.000452883,0.00046491,0.000411985,0.000448674
YPR187W,0.00015663,0.000175052,0.000158123,0.00015868,0.000128477,0.000160155,0.000140172,0.000141934
YPR189W,8.76E-05,9.73E-05,7.82E-05,8.76E-05,5.72E-05,5.70E-05,4.11E-05,4.02E-05
YPR190C,5.36E-05,6.22E-05,6.38E-05,5.85E-05,5.60E-05,6.55E-05,5.35E-05,5.34E-05
YPR191W,0.001608612,0.001694609,0.001317055,0.001228669,0.001048505,0.001138533,0.000955057,0.00101566
YAL019W,1.36E-05,1.51E-05,1.79E-05,1.63E-05,#N/A,#N/A,1.07E-05,6.14E-06
YAL049C,3.89E-05,3.30E-05,3.56E-05,4.01E-05,3.13E-05,3.28E-05,#N/A,#N/A
YAR002W,3.40E-05,3.57E-05,3.59E-05,3.62E-05,3.96E-05,3.87E-05,3.46E-05,4.68E-05
YBL069W,3.11E-05,3.95E-05,3.46E-05,3.27E-05,#N/A,#N/A,2.09E-05,2.47E-05
YBL101C,1.98E-05,2.29E-05,2.39E-05,1.85E-05,#N/A,#N/A,1.32E-05,1.59E-05
YBL105C,4.52E-05,3.89E-05,2.72E-05,1.87E-05,1.15E-05,1.02E-05,#N/A,#N/A
YBR015C,3.89E-05,5.37E-05,4.12E-05,4.12E-05,4.22E-05,4.83E-05,4.81E-05,4.13E-05
YBR029C,0.000339459,0.000561152,0.000535856,0.000601872,0.000567096,0.000664157,0.000767164,0.000726592
YBR052C,1.89E-05,2.32E-05,#N/A,#N/A,2.57E-05,2.17E-05,2.67E-05,2.70E-05
YBR054W,1.30E-05,7.82E-06,#N/A,#N/A,0,2.38E-06,2.44E-06,0
YBR056W,2.77E-05,2.73E-05,1.59E-05,2.72E-05,#N/A,#N/A,2.73E-05,1.34E-05
YBR074W,4.74E-05,4.83E-05,2.88E-05,2.85E-05,#N/A,#N/A,1.16E-05,2.13E-05
YBR151W,1.73E-05,2.02E-05,1.60E-05,1.47E-05,#N/A,#N/A,1.11E-05,1.38E-05
YBR155W,2.29E-05,1.89E-05,2.69E-05,2.95E-05,2.33E-05,2.14E-05,3.06E-05,3.62E-05
YBR227C,4.60E-05,5.63E-05,4.75E-05,4.41E-05,#N/A,#N/A,3.21E-05,4.01E-05
YBR236C,3.16E-05,3.34E-05,2.73E-05,1.41E-05,1.95E-05,1.67E-05,#N/A,#N/A
YBR251W,2.40E-05,2.54E-05,#N/A,#N/A,2.26E-05,2.44E-05,2.11E-05,2.39E-05
YBR267W,3.12E-05,3.37E-05,4.65E-05,3.61E-05,3.54E-05,4.65E-05,5.46E-05,4.21E-05
YBR279W,3.40E-05,3.76E-05,#N/A,#N/A,3.21E-05,2.11E-05,1.06E-05,4.28E-05
YCL035C,3.72E-05,4.73E-05,4.89E-05,2.92E-05,2.30E-05,1.97E-05,2.85E-05,2.90E-05
YCR036W,3.43E-05,2.33E-05,#N/A,#N/A,2.25E-05,1.71E-05,1.39E-05,1.85E-05
YCR051W,1.57E-05,1.14E-05,2.77E-05,2.11E-05,2.51E-05,1.27E-05,5.06E-05,4.40E-05
YCR067C,5.12E-05,5.62E-05,4.26E-05,4.37E-05,3.26E-05,3.67E-05,#N/A,#N/A
YDL015C,7.35E-05,9.96E-05,7.85E-05,7.39E-05,7.34E-05,7.55E-05,#N/A,#N/A
YDL058W,2.64E-05,3.31E-05,3.23E-05,2.81E-05,1.95E-05,1.77E-05,#N/A,#N/A
YDL074C,4.68E-05,5.47E-05,4.28E-05,4.77E-05,3.32E-05,2.71E-05,#N/A,#N/A
YDL102W,1.67E-05,1.70E-05,1.67E-05,1.77E-05,1.02E-05,1.03E-05,#N/A,#N/A
YDL111C,5.30E-05,5.55E-05,4.70E-05,4.98E-05,3.26E-05,4.17E-05,#N/A,#N/A
YDL116W,8.04E-05,7.54426E-05,5.02E-05,5.95E-05,3.88E-05,2.53E-05,#N/A,#N/A
YDL164C,2.55E-05,2.83E-05,2.54E-05,2.19E-05,1.33E-05,1.35E-05,#N/A,#N/A
YDL167C,#N/A,#N/A,1.34E-05,1.24E-05,1.27E-05,1.30E-05,1.15E-05,1.47E-05
YDR002W,0.000146631,0.000155186,0.00021355,0.000201847,0.00026534,0.000187505,0.000213011,0.00026064
YDR021W,1.18E-05,1.42E-05,1.10E-05,9.66E-06,7.82E-06,6.21E-06,#N/A,#N/A
YDR049W,3.38E-05,4.05E-05,2.83E-05,2.90E-05,1.06E-05,1.86E-05,#N/A,#N/A
YDR138W,2.33E-05,2.37E-05,2.14E-05,1.89E-05,1.07E-05,1.22E-05,#N/A,#N/A
YDR175C,2.00E-05,2.32E-05,#N/A,#N/A,1.22E-05,2.18E-05,2.17E-05,1.93E-05
YDR266C,3.17E-05,3.46E-05,2.22E-05,2.47E-05,#N/A,#N/A,1.14E-05,1.25E-05
YDR267C,3.52E-05,3.60E-05,2.43E-05,2.39E-05,9.00E-06,8.57E-06,#N/A,#N/A
YDR294C,0.000161129,0.000159245,0.000144066,0.000121991,8.15E-05,9.72E-05,#N/A,#N/A
YDR303C,2.15E-05,2.45E-05,2.14E-05,2.24E-05,2.29E-05,2.69E-05,1.73E-05,1.66E-05
YDR312W,#N/A,#N/A,6.16E-06,6.88E-06,4.53E-06,5.53E-06,3.39E-06,3.24E-06
YDR322C-A,#N/A,#N/A,7.03E-05,6.96E-05,7.68E-05,7.98E-05,5.46E-05,8.71E-05
YDR458C,9.32E-05,0.000131984,8.35E-05,5.75E-05,4.76E-05,5.18E-05,#N/A,#N/A
YDR465C,4.11E-05,3.19E-05,3.43E-05,4.09E-05,2.98E-05,2.98E-05,2.00E-05,2.56E-05
YDR500C,0.000103704,0.000115722,#N/A,#N/A,9.42E-05,9.17E-05,8.60E-05,7.33E-05
YDR508C,4.56E-05,5.92E-05,3.73E-05,3.85E-05,#N/A,#N/A,3.20E-05,2.22E-05
YDR513W,5.36E-05,4.07E-05,3.86E-05,3.48E-05,#N/A,#N/A,2.10E-05,1.81E-05
YDR515W,2.37E-05,1.48E-05,1.44E-05,1.51E-05,1.35E-05,1.74E-05,1.41E-05,1.64E-05
YEL063C,2.55E-05,1.80E-05,3.82E-05,3.19E-05,3.93E-05,3.76E-05,4.14E-05,3.50E-05
YER001W,2.40E-05,5.17E-05,5.40E-05,6.17E-05,5.94E-05,6.94E-05,4.22E-05,4.68E-05
YER002W,2.89E-05,3.36E-05,2.95E-05,3.26E-05,2.93E-05,3.05E-05,2.80E-05,2.51E-05
YER008C,4.22E-05,5.22E-05,3.30E-05,2.42E-05,1.52E-05,1.99E-05,#N/A,#N/A
YER056C,5.20E-05,5.54E-05,0.000106417,8.39E-05,0.000113511,0.000133861,0.000129306,0.000136633
YER083C,#N/A,#N/A,5.40E-05,5.17E-05,4.28E-05,4.83E-05,3.60E-05,3.91E-05
YER087C-B,#N/A,#N/A,3.13E-05,2.76E-05,2.83E-05,2.96E-05,3.16E-05,3.40E-05
YER172C,3.33E-05,5.58E-05,4.00E-05,3.17E-05,1.25E-05,2.10E-05,#N/A,#N/A
YER174C,1.18E-05,8.21E-06,1.06E-05,1.01E-05,1.04E-05,5.38E-06,#N/A,#N/A
YFL007W,3.37E-05,4.09E-05,2.93E-05,2.92E-05,2.27E-05,2.32E-05,#N/A,#N/A
YFL008W,3.79E-05,4.77E-05,2.41E-05,3.95E-05,#N/A,#N/A,5.50E-06,1.07E-05
YFL044C,4.46E-05,4.87E-05,3.89E-05,3.36E-05,#N/A,#N/A,3.22E-05,3.00E-05
YGL013C,3.52E-05,4.08E-05,2.71E-05,2.67E-05,1.75E-05,1.26E-05,#N/A,#N/A
YGL016W,2.65E-05,3.80E-05,2.71E-05,2.99E-05,2.17E-05,2.39E-05,#N/A,#N/A
YGL068W,6.82E-05,4.58E-05,4.38E-05,7.04E-05,7.53E-05,6.06E-05,6.71E-05,7.23E-05
YGL070C,3.88E-05,4.52E-05,4.87E-05,3.82E-05,#N/A,#N/A,3.58E-05,3.85E-05
YGL077C,2.72E-05,2.57E-05,3.20E-05,4.09E-05,4.23E-05,4.64E-05,3.08E-05,3.56E-05
YGL101W,5.31E-05,5.60E-05,5.98E-05,7.58E-05,2.70E-05,3.64E-05,#N/A,#N/A
YGL107C,2.73E-05,3.07E-05,1.88E-05,2.17E-05,1.08E-05,1.88E-05,#N/A,#N/A
YGL130W,5.58E-05,5.35E-05,4.66E-05,4.94E-05,3.47E-05,3.39E-05,#N/A,#N/A
YGL196W,2.59E-05,2.37E-05,2.15E-05,2.05E-05,#N/A,#N/A,1.09E-05,1.18E-05
YGL232W,4.28E-05,4.28E-05,3.69E-05,3.25E-05,2.61E-05,2.26E-05,#N/A,#N/A
YGL241W,4.21E-05,3.83E-05,3.34E-05,2.76E-05,2.05E-05,2.01E-05,#N/A,#N/A
YGR029W,1.97E-05,2.54E-05,2.19E-05,2.48E-05,#N/A,#N/A,1.09E-05,1.28E-05
YGR038W,2.12E-05,1.90E-05,2.01E-05,2.22E-05,1.87E-05,1.76E-05,#N/A,#N/A
YGR074W,1.84E-05,1.78E-05,1.55E-05,1.47E-05,1.33E-05,1.40E-05,#N/A,#N/A
YGR095C,3.33E-05,3.66E-05,#N/A,#N/A,2.55E-05,2.83E-05,1.40E-05,1.48E-05
YGR130C,1.57E-05,1.93E-05,1.57E-05,1.56E-05,1.90E-05,1.98E-05,2.00E-05,1.99E-05
YGR191W,2.30E-05,1.99E-05,3.44E-05,3.54E-05,3.42E-05,3.64E-05,3.98E-05,3.94E-05
YGR202C,4.09E-05,3.42E-05,3.89E-05,3.74E-05,#N/A,#N/A,2.29E-05,3.02E-05
YGR229C,2.74E-05,4.15E-05,4.22E-05,4.14E-05,4.84E-05,4.96E-05,4.36E-05,4.54E-05
YGR271W,5.66E-05,7.92E-05,4.55E-05,4.65E-05,1.84E-05,2.27E-05,#N/A,#N/A
YHL013C,2.25E-05,2.25E-05,2.40E-05,1.90E-05,1.17E-05,1.53E-05,#N/A,#N/A
YHL021C,0.000156797,0.00015469,5.97E-05,3.49E-05,2.10E-05,1.08E-05,#N/A,#N/A
YHR003C,9.32E-05,9.75E-05,8.08E-05,7.21E-05,4.47E-05,4.42E-05,#N/A,#N/A
YHR005C,8.45E-05,7.87E-05,6.69E-05,5.86E-05,4.21E-05,4.45E-05,#N/A,#N/A
YHR016C,9.15E-06,1.31E-05,3.35E-06,4.18E-06,3.16E-06,3.96E-06,#N/A,#N/A
YHR041C,3.18E-05,3.04E-05,3.45E-05,2.43E-05,#N/A,#N/A,1.16E-05,1.47E-05
YHR062C,4.98E-05,5.03E-05,4.17E-05,4.10E-05,3.17E-05,3.50E-05,#N/A,#N/A
YHR085W,2.91E-05,3.82E-05,2.92E-05,2.45E-05,1.96E-05,2.52E-05,#N/A,#N/A
YHR148W,5.14E-05,3.86E-05,3.64E-05,3.80E-05,3.27E-05,1.93E-05,2.34E-05,2.35E-05
YHR158C,3.50E-05,4.66E-05,4.41E-05,4.83E-05,3.78E-05,4.06E-05,#N/A,#N/A
YHR188C,2.50E-05,2.98E-05,2.06E-05,2.08E-05,#N/A,#N/A,2.52E-05,2.43E-05
YIL009W,9.04E-06,1.15E-05,1.70E-05,6.48E-06,2.65E-05,2.22E-05,5.33E-06,1.77E-05
YIL010W,#N/A,#N/A,2.29E-05,3.62E-05,4.61E-05,2.12E-05,1.77E-05,1.84E-05
YIL016W,8.74E-05,7.85E-05,7.27E-05,7.73E-05,5.66E-05,6.23E-05,#N/A,#N/A
YIL021W,7.22381E-05,6.76E-05,5.49E-05,4.86E-05,#N/A,#N/A,4.2875E-05,3.37E-05
YIL035C,8.08E-05,7.67E-05,5.63E-05,6.80E-05,4.57E-05,4.23E-05,#N/A,#N/A
YIL048W,3.75E-05,3.68E-05,4.59E-05,3.18E-05,3.66E-05,5.09E-05,#N/A,#N/A
YIL065C,#N/A,#N/A,2.31E-05,2.44E-05,1.56E-05,8.94E-06,1.08E-05,1.58E-05
YIL076W,0.000104613,0.000100353,9.34E-05,9.56E-05,#N/A,#N/A,5.85E-05,6.92E-05
YIL103W,3.57E-05,2.15E-05,2.68E-05,2.85E-05,1.41E-05,2.13E-05,2.09E-05,1.74E-05
YIL104C,3.16E-05,3.08E-05,2.83E-05,2.78E-05,1.43E-05,1.82E-05,#N/A,#N/A
YIL128W,3.49E-05,4.39E-05,4.62E-05,3.64E-05,2.96E-05,3.30E-05,#N/A,#N/A
YIL143C,1.46E-05,2.81E-05,1.41E-05,1.20E-05,9.15E-06,7.44E-06,#N/A,#N/A
YIR003W,4.21E-05,4.18E-05,3.40E-05,2.98E-05,2.19E-05,2.70E-05,#N/A,#N/A
YIR012W,0.000135963,0.000141456,0.000118124,0.000110569,9.32E-05,9.30E-05,#N/A,#N/A
YIR022W,5.08E-05,5.26E-05,#N/A,#N/A,3.33E-05,3.51E-05,3.19E-05,3.00E-05
YJL053W,4.25E-05,4.32E-05,3.69E-05,3.70E-05,2.06E-05,2.30E-05,#N/A,#N/A
YJL061W,7.51E-05,7.06E-05,5.79E-05,6.11E-05,4.87E-05,3.69E-05,#N/A,#N/A
YJL076W,3.79E-05,3.80E-05,3.21E-05,3.04E-05,4.14E-05,4.04E-05,3.77E-05,3.69E-05
YJL115W,6.27E-05,6.34E-05,5.25E-05,5.23E-05,4.37E-05,4.45E-05,#N/A,#N/A
YJL140W,3.03E-05,2.70E-05,3.23E-05,2.85E-05,3.71E-05,3.40E-05,#N/A,#N/A
YJL154C,3.70E-05,4.06E-05,2.59E-05,2.24E-05,1.05E-05,1.18E-05,#N/A,#N/A
YJL172W,7.53E-05,7.69E-05,#N/A,#N/A,5.57E-05,7.74E-05,9.65E-05,9.33E-05
YJL186W,2.87E-05,4.19E-05,5.03E-05,4.62E-05,4.37E-05,4.22E-05,3.88E-05,3.85E-05
YJL201W,1.73E-05,1.60E-05,2.58E-05,1.20E-05,1.59E-05,1.00E-05,1.26E-05,1.06E-05
YJR010C-A,2.57E-05,3.02E-05,2.46E-05,2.08E-05,1.55E-05,1.85E-05,#N/A,#N/A
YJR017C,7.81E-05,9.63E-05,6.64E-05,3.61E-05,#N/A,#N/A,3.75E-05,4.36E-05
YJR025C,3.23E-05,3.50E-05,4.62E-05,3.52E-05,#N/A,#N/A,6.46E-05,6.27E-05
YJR032W,2.69E-05,3.30E-05,3.47E-05,2.94E-05,#N/A,#N/A,1.72E-05,1.79E-05
YJR041C,4.41E-05,6.08E-05,4.88E-05,3.51E-05,1.17E-05,2.44E-05,#N/A,#N/A
YJR042W,4.14E-05,4.73E-05,3.60E-05,3.04E-05,2.71E-05,1.79E-05,#N/A,#N/A
YJR051W,3.72E-05,3.08E-05,2.32E-05,2.19E-05,#N/A,#N/A,1.71E-05,2.08E-05
YJR059W,5.30E-05,4.74E-05,4.31E-05,4.65E-05,3.59E-05,3.53E-05,#N/A,#N/A
YJR070C,0.000116442,0.000119905,0.000219009,0.000131412,0.00019938,0.000176586,0.000247125,0.000289203
YJR085C,1.94E-05,2.55E-05,1.77E-05,2.04E-05,1.74E-05,1.84E-05,#N/A,#N/A
YJR111C,2.50E-05,2.53E-05,2.28E-05,2.06E-05,1.77E-05,1.64E-05,#N/A,#N/A
YJR113C,2.30E-05,2.62E-05,#N/A,#N/A,2.11E-05,2.49E-05,1.04E-05,2.54E-05
YKL024C,1.42E-05,2.03E-05,3.76E-05,2.08E-05,1.95E-05,1.63E-05,2.94E-05,2.49E-05
YKL039W,3.46E-05,3.72E-05,3.98E-05,2.36E-05,3.00E-05,2.65E-05,3.23E-05,3.10E-05
YKL065C,8.80E-05,8.69E-05,7.44E-05,6.77E-05,5.77E-05,5.61E-05,#N/A,#N/A
YKL106W,3.67E-05,3.65E-05,3.53E-05,3.19E-05,2.34E-05,3.06E-05,#N/A,#N/A
YKL110C,3.64E-05,4.12E-05,3.42E-05,2.91E-05,1.61E-05,1.93E-05,#N/A,#N/A
YKL114C,4.68E-05,5.28E-05,4.42E-05,4.17E-05,3.81E-05,3.56E-05,#N/A,#N/A
YKL128C,3.68E-05,3.76E-05,4.09E-05,2.91E-05,2.27E-05,2.17E-05,#N/A,#N/A
YKL135C,3.43E-05,4.42E-05,2.64E-05,2.87E-05,1.66E-05,2.90E-05,#N/A,#N/A
YKL173W,7.81E-05,7.34E-05,7.24E-05,8.15E-05,2.68E-05,2.78E-05,#N/A,#N/A
YKL179C,3.09E-05,2.55E-05,3.18E-05,2.73E-05,1.94E-05,2.39E-05,#N/A,#N/A
YKL205W,5.72E-05,6.08E-05,2.94E-05,2.51E-05,1.70E-05,1.63E-05,#N/A,#N/A
YKR024C,1.76E-05,1.34E-05,2.05E-05,1.65E-05,2.32E-05,1.86E-05,1.76E-05,2.01E-05
YKR062W,1.34E-05,1.22E-05,1.62E-05,1.17E-05,#N/A,#N/A,1.17E-05,8.44E-06
YKR072C,#N/A,#N/A,1.93E-05,1.74E-05,1.72E-05,1.31E-05,1.20E-05,1.32E-05
YLL010C,1.86E-05,7.59E-06,1.46E-05,1.53E-05,1.18E-05,1.30E-05,#N/A,#N/A
YLL023C,4.09E-05,3.39E-05,2.88E-05,3.26E-05,#N/A,#N/A,1.97E-05,2.27E-05
YLR003C,3.11E-05,2.77E-05,2.63E-05,2.84E-05,2.07E-05,2.30E-05,#N/A,#N/A
YLR009W,5.21E-05,4.71E-05,#N/A,#N/A,6.29E-05,5.41E-05,3.58E-05,4.71E-05
YLR056W,2.48E-05,3.24E-05,3.22E-05,3.05E-05,3.99E-05,4.18E-05,6.30E-05,6.89E-05
YLR090W,5.12E-05,5.50E-05,4.01E-05,2.51E-05,2.92E-05,2.54E-05,#N/A,#N/A
YLR118C,1.78E-05,1.91E-05,1.82E-05,1.70E-05,1.34E-05,1.10E-05,#N/A,#N/A
YLR185W,0.000275062,0.000306747,0.000349033,0.000386886,0.000345922,0.000354193,0.000543075,0.000264758
YLR200W,4.39E-05,3.61E-05,4.95E-05,4.79E-05,5.28E-05,5.37E-05,5.25E-05,4.22E-05
YLR203C,2.39E-05,2.27E-05,#N/A,#N/A,2.13E-05,2.84E-05,3.35E-05,2.14E-05
YLR215C,4.50E-05,3.64E-05,3.64E-05,3.80E-05,2.61E-05,3.11E-05,#N/A,#N/A
YLR225C,9.93E-05,9.34E-05,6.00E-05,6.85E-05,4.16E-05,4.12E-05,#N/A,#N/A
YLR229C,7.75E-05,8.31E-05,5.98E-05,6.68E-05,#N/A,#N/A,5.80E-05,5.41E-05
YLR248W,3.01E-05,2.96E-05,3.08E-05,3.07E-05,2.83E-05,2.80E-05,#N/A,#N/A
YLR262C,6.82E-05,6.62E-05,#N/A,#N/A,6.60E-05,5.17E-05,2.57E-05,3.70E-05
YLR305C,6.44E-05,6.55E-05,5.35E-05,4.73E-05,1.05E-05,1.91E-05,#N/A,#N/A
YLR321C,2.18E-05,2.85E-05,2.38E-05,2.45E-05,1.66E-05,1.85E-05,#N/A,#N/A
YLR324W,2.34E-05,1.76E-05,1.77E-05,1.52E-05,1.40E-05,1.98E-05,#N/A,#N/A
YLR336C,1.53E-05,1.66E-05,1.43E-05,1.92E-05,1.39E-05,1.35E-05,#N/A,#N/A
YLR357W,3.48E-05,3.87E-05,3.09E-05,2.49E-05,1.99E-05,1.25E-05,#N/A,#N/A
YLR372W,0.000120942,9.55E-05,9.51E-05,9.54E-05,#N/A,#N/A,0.000111729,0.00010235
YLR373C,1.91E-05,1.43E-05,1.22E-05,1.25E-05,#N/A,#N/A,8.91E-06,4.40E-06
YLR378C,0.000111022,0.000123334,8.98E-05,9.47E-05,8.36E-05,0.000106692,0.000106695,0.000116512
YLR380W,5.23E-05,5.66E-05,4.96E-05,5.04E-05,#N/A,#N/A,5.73E-05,5.42E-05
YLR387C,#N/A,#N/A,7.18E-05,6.90E-05,5.06E-05,4.42E-05,3.19E-05,3.46E-05
YLR396C,1.63E-05,2.97E-05,1.41E-05,1.90E-05,1.07E-05,9.64E-06,#N/A,#N/A
YLR399C,1.97E-05,4.16E-05,2.49E-05,4.02E-05,2.27E-05,2.92E-05,#N/A,#N/A
YLR413W,4.73E-05,4.67E-05,4.84E-05,4.18E-05,3.31E-05,2.69E-05,#N/A,#N/A
YLR438W,2.67E-05,2.71E-05,1.61E-05,1.58E-05,#N/A,#N/A,1.95E-05,2.95E-05
YML004C,4.34E-05,4.50E-05,3.48E-05,4.57E-05,2.48E-05,3.45E-05,#N/A,#N/A
YML016C,3.58E-05,3.44E-05,2.57E-05,1.76E-05,1.20E-05,1.60E-05,#N/A,#N/A
YML017W,#N/A,#N/A,4.24E-05,4.11E-05,3.74E-05,3.05E-05,2.05E-05,2.68E-05
YML031W,3.03E-05,2.59E-05,2.16E-05,2.33E-05,2.19329E-05,1.65E-05,#N/A,#N/A
YML034W,3.13E-05,2.94E-05,2.97E-05,2.58E-05,1.86E-05,2.04E-05,#N/A,#N/A
YML055W,5.62E-05,5.15E-05,4.32E-05,4.53E-05,3.80E-05,3.84E-05,3.20E-05,3.10E-05
YML094W,3.35E-05,6.57E-05,6.58E-05,4.92E-05,4.63E-05,3.03E-05,#N/A,#N/A
YML115C,2.21E-05,2.06E-05,1.30E-05,1.69E-05,#N/A,#N/A,1.87E-05,1.52E-05
YML131W,9.02E-05,0.00010059,5.38E-05,6.04E-05,4.28E-05,4.13E-05,#N/A,#N/A
YMR004W,4.11E-05,4.31E-05,3.46E-05,3.03E-05,1.86E-05,1.23E-05,#N/A,#N/A
YMR061W,0.000314502,8.56E-05,7.00E-05,0.000157068,3.90E-05,0.000366256,#N/A,#N/A
YMR076C,5.28E-05,5.26E-05,4.42E-05,3.17E-05,2.61E-05,1.18E-05,#N/A,#N/A
YMR086W,1.27E-05,1.42E-05,1.58E-05,1.51E-05,1.31E-05,1.04E-05,1.30E-05,1.36E-05
YMR089C,2.61E-05,4.08E-05,3.58E-05,2.96E-05,2.69E-05,3.18E-05,2.07E-05,2.97E-05
YMR105C,#N/A,#N/A,1.63E-05,1.06E-05,2.30E-05,6.75E-06,5.80E-05,2.38E-05
YMR113W,4.18E-05,3.94E-05,2.79E-05,2.82E-05,1.94E-05,1.57E-05,#N/A,#N/A
YMR115W,2.04E-05,1.88E-05,1.75E-05,1.70E-05,1.31E-05,1.25E-05,#N/A,#N/A
YMR212C,1.99E-05,1.47E-05,#N/A,#N/A,1.25E-05,1.28E-05,1.18E-05,1.52E-05
YMR243C,5.78E-05,5.48E-05,5.81E-05,5.77E-05,6.65E-05,6.24E-05,7.29E-05,7.52E-05
YMR264W,2.12E-05,2.33E-05,#N/A,#N/A,2.21E-05,2.10E-05,1.50E-05,1.75E-05
YMR277W,1.87E-05,1.46E-05,1.09E-05,1.18E-05,#N/A,#N/A,3.79E-06,8.65E-06
YNL022C,1.79E-05,2.09E-05,1.50E-05,1.53E-05,1.42E-05,1.30E-05,#N/A,#N/A
YNL035C,7.77E-05,5.83E-05,6.83E-05,4.66E-05,4.64E-05,1.66E-05,#N/A,#N/A
YNL090W,3.44E-05,2.82E-05,2.56E-05,2.86E-05,#N/A,#N/A,2.30E-05,2.87E-05
YNL108C,2.76E-05,3.24E-05,4.39E-05,3.04E-05,#N/A,#N/A,2.39E-05,2.17E-05
YNL119W,1.74E-05,4.04E-05,#N/A,#N/A,1.35E-05,1.34E-05,1.28E-05,1.08E-05
YNL141W,3.78E-05,4.68E-05,7.09E-05,4.10E-05,#N/A,#N/A,6.26E-05,6.95E-05
YNL166C,3.48E-05,3.22E-05,3.51E-05,3.70E-05,3.85E-05,3.77E-05,3.04E-05,3.76E-05
YNL168C,6.98E-05,6.94E-05,5.34E-05,5.39E-05,4.26E-05,3.29E-05,#N/A,#N/A
YNL183C,#N/A,#N/A,3.25E-05,2.42E-05,2.95E-05,2.10E-05,3.30E-05,2.78E-05
YNL185C,4.22E-05,3.94E-05,#N/A,#N/A,2.90E-05,4.19E-05,2.86E-05,3.10E-05
YNL186W,3.49E-05,2.27E-05,2.91E-05,2.58E-05,2.25E-05,2.64E-05,#N/A,#N/A
YNL221C,1.89E-05,1.69E-05,1.60E-05,1.69E-05,1.06E-05,1.07E-05,9.14E-06,1.01E-05
YNL229C,4.48E-05,4.10E-05,3.71E-05,3.21E-05,3.23E-05,2.74E-05,#N/A,#N/A
YNL240C,#N/A,#N/A,1.42E-05,3.31E-05,3.23E-05,1.42453E-05,1.63E-05,1.97E-05
YNL251C,2.77E-05,2.67E-05,2.11E-05,1.84E-05,#N/A,#N/A,1.44E-05,1.78E-05
YNL262W,2.85E-05,1.45E-05,1.43E-05,1.44E-05,1.25E-05,1.04E-05,#N/A,#N/A
YNL267W,4.39E-05,4.04E-05,3.80E-05,4.00E-05,3.01E-05,3.09E-05,#N/A,#N/A
YNL268W,#N/A,#N/A,5.01E-05,4.68E-05,4.39E-05,3.97E-05,3.90E-05,4.31E-05
YNL274C,0.000106323,8.68E-05,2.35E-05,4.58E-05,2.02E-05,2.28E-05,#N/A,#N/A
YNL284C,1.25E-05,1.90E-05,1.74E-05,1.74E-05,1.64E-05,2.37E-05,#N/A,#N/A
YNL292W,6.00E-05,4.71E-05,4.39E-05,4.94E-05,#N/A,#N/A,3.71E-05,2.90E-05
YNL297C,6.82E-05,9.13E-05,5.61E-05,4.28E-05,1.97E-05,1.97E-05,#N/A,#N/A
YNL316C,3.11E-05,3.19E-05,2.68E-05,2.69E-05,2.12E-05,2.00E-05,#N/A,#N/A
YNL323W,2.86E-05,3.37E-05,3.04E-05,3.64E-05,3.19E-05,2.87E-05,#N/A,#N/A
YNL330C,4.40E-05,3.88E-05,3.00E-05,3.12E-05,2.68E-05,2.05E-05,#N/A,#N/A
YNR006W,6.63E-05,5.55E-05,4.19E-05,4.95E-05,3.03E-05,2.36E-05,#N/A,#N/A
YNR026C,6.21E-05,5.69E-05,4.18E-05,4.03E-05,#N/A,#N/A,2.38E-05,2.42E-05
YNR029C,4.73E-05,6.58E-05,4.13E-05,4.12E-05,1.48E-05,1.05E-05,#N/A,#N/A
YOL005C,5.76E-05,6.99E-05,5.01E-05,6.41E-05,4.42E-05,5.20E-05,4.07E-05,3.93E-05
YOL006C,5.96E-05,4.71E-05,4.07E-05,4.74E-05,3.38E-05,2.86E-05,#N/A,#N/A
YOL012C,2.78E-05,3.03E-05,3.26E-05,3.48E-05,3.51E-05,3.60E-05,3.21E-05,3.80E-05
YOL124C,4.58E-05,5.61E-05,3.86E-05,4.13E-05,#N/A,#N/A,4.19E-05,3.81E-05
YOL140W,9.82E-05,9.42E-05,0.000111989,0.000123061,0.000154073,0.000164806,0.000225638,0.000158561
YOL142W,9.74E-05,7.27E-05,5.35E-05,4.05E-05,4.75E-05,3.90E-05,#N/A,#N/A
YOL143C,#N/A,#N/A,5.39E-05,4.83E-05,4.68E-05,4.94E-05,4.23E-05,5.09E-05
YOL144W,1.85E-05,1.99E-05,#N/A,#N/A,1.93E-05,1.86E-05,1.37E-05,1.65E-05
YOR039W,4.73E-05,4.99E-05,4.19E-05,4.70E-05,3.29E-05,3.61E-05,2.32E-05,3.10E-05
YOR057W,3.34E-05,4.53E-05,3.49E-05,2.87E-05,2.45E-05,2.51E-05,#N/A,#N/A
YOR078W,#N/A,#N/A,2.56E-05,2.78E-05,2.27E-05,2.32E-05,1.90E-05,2.19E-05
YOR085W,3.61E-05,3.84E-05,#N/A,#N/A,3.10E-05,3.76E-05,2.84E-05,3.49E-05
YOR094W,2.90E-05,2.29E-05,#N/A,#N/A,1.47E-05,1.36E-05,1.03E-05,1.18E-05
YOR101W,2.05E-05,2.28E-05,2.43E-05,2.29E-05,3.13E-05,2.79E-05,3.02E-05,3.12E-05
YOR123C,1.64E-05,1.51E-05,1.40E-05,1.88E-05,1.37E-05,1.57E-05,#N/A,#N/A
YOR138C,3.12E-05,4.20E-05,3.46E-05,3.01E-05,1.79E-05,1.43E-05,#N/A,#N/A
YOR160W,5.00E-05,4.02E-05,4.13E-05,3.24E-05,8.42E-06,9.62E-06,#N/A,#N/A
YOR196C,2.21E-05,1.84E-05,2.03E-05,2.52E-05,#N/A,#N/A,1.46E-05,1.71E-05
YOR211C,2.02E-05,2.23E-05,2.42E-05,2.25E-05,1.69E-05,1.58E-05,#N/A,#N/A
YOR217W,4.82E-05,4.29E-05,3.46E-05,3.74E-05,2.19E-05,1.25E-05,#N/A,#N/A
YOR221C,4.82E-05,5.09E-05,2.95E-05,2.93E-05,1.28E-05,1.39E-05,#N/A,#N/A
YOR239W,5.75E-05,4.59E-05,7.72E-05,7.74E-05,9.69E-05,7.30E-05,6.90E-05,6.80E-05
YOR253W,2.62E-05,3.47E-05,2.69E-05,2.50E-05,1.95E-05,2.92E-05,#N/A,#N/A
YOR304W,1.10E-05,8.96E-06,9.69E-06,1.66E-05,8.64E-06,8.27E-06,#N/A,#N/A
YPL001W,8.77E-05,8.42E-05,5.32E-05,6.16E-05,2.38E-05,2.33E-05,#N/A,#N/A
YPL010W,5.01E-05,4.74E-05,4.84E-05,5.46E-05,4.66E-05,4.69E-05,4.24E-05,3.38E-05
YPL023C,6.17E-05,5.93E-05,5.59E-05,4.72E-05,2.80E-05,2.04E-05,#N/A,#N/A
YPL049C,3.34E-05,2.67E-05,2.35E-05,3.66E-05,1.94E-05,2.12E-05,#N/A,#N/A
YPL058C,1.10E-05,1.39E-05,1.80E-05,1.58E-05,#N/A,#N/A,8.62E-06,9.84E-06
YPL116W,1.53E-05,1.48E-05,1.85E-05,1.76E-05,1.56E-05,1.55E-05,#N/A,#N/A
YPL125W,4.18E-05,4.37E-05,4.04E-05,3.19E-05,2.72E-05,2.96E-05,#N/A,#N/A
YPL129W,9.66E-05,8.76E-05,9.01E-05,8.89E-05,6.46E-05,6.25E-05,#N/A,#N/A
YPL178W,4.06E-05,3.96E-05,3.48E-05,4.05E-05,3.58E-05,4.30E-05,#N/A,#N/A
YPL188W,4.17E-05,4.37E-05,3.26E-05,3.40E-05,2.56E-05,2.24E-05,#N/A,#N/A
YPL232W,7.34E-05,4.75E-05,5.32E-05,3.38E-05,#N/A,#N/A,2.79E-05,3.99E-05
YPR060C,0.000181106,0.000183979,0.000164821,0.000185152,0.000126492,0.000123358,#N/A,#N/A
YPR062W,4.93E-05,3.64E-05,4.73E-05,4.65E-05,#N/A,#N/A,4.33E-05,3.40E-05
YPR091C,4.00E-05,3.84E-05,2.48E-05,2.38E-05,2.39E-05,1.52E-05,#N/A,#N/A
YPR097W,3.42E-05,3.54E-05,2.32E-05,2.50E-05,1.59E-05,1.49E-05,#N/A,#N/A
YPR125W,3.50E-05,4.33E-05,4.01E-05,4.94E-05,#N/A,#N/A,3.52E-05,3.01E-05
YPR143W,1.37E-05,1.73E-05,1.87E-05,1.64E-05,1.25E-05,2.58E-05,1.86E-05,2.01E-05
YAL017W,7.19E-06,4.81E-06,1.15E-05,4.53E-06,#N/A,#N/A,#N/A,#N/A
YAL026C,1.83E-05,1.48E-05,#N/A,#N/A,#N/A,#N/A,3.44E-06,9.10E-06
YAL044C,7.40E-05,6.99E-05,#N/A,#N/A,5.66E-05,5.96E-05,7.30E-05,8.11E-05
YBL035C,3.47E-05,2.26E-05,2.89E-05,3.80E-05,#N/A,#N/A,#N/A,#N/A
YBL040C,#N/A,#N/A,2.57E-05,2.94E-05,2.85E-05,3.40E-05,#N/A,#N/A
YBL055C,2.51E-05,1.63E-05,8.63E-06,1.41E-05,#N/A,#N/A,#N/A,#N/A
YBL102W,1.69E-05,1.51E-05,1.43E-05,1.50E-05,#N/A,#N/A,#N/A,#N/A
YBR002C,8.63E-06,1.19E-05,8.89E-06,8.43E-06,#N/A,#N/A,#N/A,#N/A
YBR014C,#N/A,#N/A,1.15E-05,1.47E-05,1.03E-05,1.13E-05,#N/A,#N/A
YBR053C,3.10E-05,3.02E-05,1.98E-05,2.10E-05,#N/A,#N/A,#N/A,#N/A
YBR073W,1.67E-05,1.89E-05,#N/A,#N/A,1.58E-05,1.52E-05,1.15E-05,1.55E-05
YBR082C,6.26E-05,6.10E-05,9.01E-05,6.13E-05,3.24E-05,2.62E-05,#N/A,#N/A
YBR096W,#N/A,#N/A,4.12E-05,3.23E-05,2.87E-05,3.55E-05,#N/A,#N/A
YBR102C,2.87E-05,2.29E-05,2.05E-05,1.99E-05,#N/A,#N/A,#N/A,#N/A
YBR103W,1.57E-05,1.75E-05,1.60E-05,1.82E-05,#N/A,#N/A,#N/A,#N/A
YBR162C,#N/A,#N/A,#N/A,#N/A,3.07E-05,3.24E-05,3.91E-05,2.35E-05
YBR200W,1.30E-05,1.05E-05,#N/A,#N/A,1.14E-05,1.48E-05,6.49E-06,9.19E-06
YBR244W,4.43E-06,5.85E-06,#N/A,#N/A,#N/A,#N/A,8.67E-06,9.28E-06
YCL001W,#N/A,#N/A,#N/A,#N/A,3.12E-05,3.55E-05,3.03E-05,2.98E-05
YCL014W,6.96E-06,6.44E-06,3.72E-06,5.67E-06,7.81E-06,7.01E-06,#N/A,#N/A
YCL018W,#N/A,#N/A,0.000132128,0.000134627,0.000216982,0.00018036,0.000258958,0.000176974
YCL026C-B,2.72E-05,2.60E-05,1.98E-05,2.32E-05,#N/A,#N/A,#N/A,#N/A
YCR027C,1.42E-05,1.68E-05,#N/A,#N/A,1.55E-05,9.54E-06,#N/A,#N/A
YDL010W,2.39E-05,2.30E-05,#N/A,#N/A,1.78E-05,1.64E-05,#N/A,#N/A
YDL065C,2.77E-05,2.33E-05,#N/A,#N/A,#N/A,#N/A,1.09E-05,1.07E-05
YDL101C,7.30E-05,7.11E-05,4.94E-05,5.00E-05,#N/A,#N/A,#N/A,#N/A
YDL108W,3.69E-05,3.09E-05,2.49E-05,2.40E-05,#N/A,#N/A,#N/A,#N/A
YDL150W,2.61E-05,2.48E-05,#N/A,#N/A,2.46E-05,2.84E-05,1.75E-05,2.10E-05
YDL161W,2.83E-05,4.09E-05,2.52E-05,2.58E-05,#N/A,#N/A,#N/A,#N/A
YDL165W,#N/A,#N/A,1.79E-05,1.71E-05,1.78E-05,1.67E-05,1.65E-05,1.52E-05
YDR083W,#N/A,#N/A,4.22E-05,3.02E-05,3.59E-05,2.73E-05,#N/A,#N/A
YDR092W,7.84E-05,9.23E-05,9.61E-05,6.29E-05,#N/A,#N/A,5.29E-05,5.15E-05
YDR108W,1.82E-05,2.59E-05,1.78E-05,1.01E-05,#N/A,#N/A,#N/A,#N/A
YDR166C,3.24E-05,2.65E-05,1.66E-05,1.81E-05,#N/A,#N/A,#N/A,#N/A
YDR182W,#N/A,#N/A,#N/A,#N/A,9.83E-06,7.57E-06,5.78E-06,7.09E-06
YDR195W,1.77E-05,1.26E-05,6.98E-06,1.19E-05,#N/A,#N/A,#N/A,#N/A
YDR237W,1.67E-05,2.20E-05,#N/A,#N/A,1.09E-05,1.56E-05,1.67E-05,1.75E-05
YDR248C,3.08E-05,2.14E-05,#N/A,#N/A,#N/A,#N/A,1.73E-05,1.65E-05
YDR289C,1.61E-05,1.83E-05,#N/A,#N/A,1.49E-05,1.17E-05,1.34E-05,1.30E-05
YDR305C,2.49E-05,1.66E-05,1.79E-05,1.39E-05,#N/A,#N/A,#N/A,#N/A
YDR320C,2.49E-05,2.25E-05,2.35E-05,2.19E-05,#N/A,#N/A,#N/A,#N/A
YDR330W,2.09E-05,2.76E-05,2.24E-05,1.67E-05,#N/A,#N/A,#N/A,#N/A
YDR348C,#N/A,#N/A,1.49E-05,1.69E-05,1.59E-05,1.93E-05,1.41E-05,1.73E-05
YDR408C,3.55E-05,4.17E-05,8.83E-05,4.94E-05,#N/A,#N/A,#N/A,#N/A
YDR435C,1.79E-05,1.72E-05,#N/A,#N/A,1.04E-05,9.88E-06,#N/A,#N/A
YDR436W,0,0,#N/A,#N/A,0,0,#N/A,#N/A
YDR476C,2.78E-05,3.02E-05,#N/A,#N/A,2.38E-05,2.24E-05,#N/A,#N/A
YDR510W,0.00012869,0.000144427,0.000130053,0.000101909,#N/A,#N/A,#N/A,#N/A
YDR519W,#N/A,#N/A,2.61E-05,2.17E-05,#N/A,#N/A,2.66E-05,1.79E-05
YEL036C,3.60E-05,3.74E-05,3.14E-05,3.32E-05,3.13E-05,3.22E-05,#N/A,#N/A
YER022W,3.35E-05,2.61E-05,2.57E-05,3.43E-05,#N/A,#N/A,#N/A,#N/A
YER112W,3.77E-05,3.95E-05,3.25E-05,3.13E-05,#N/A,#N/A,#N/A,#N/A
YER127W,#N/A,#N/A,2.69E-05,2.76E-05,2.81E-05,3.00E-05,1.87E-05,2.36E-05
YER148W,3.12E-05,2.53E-05,#N/A,#N/A,2.68E-05,2.30E-05,1.99E-05,2.30E-05
YER152C,1.69E-05,2.47E-05,1.51E-05,2.01E-05,#N/A,#N/A,#N/A,#N/A
YER157W,2.17E-05,2.23E-05,1.98E-05,1.65E-05,#N/A,#N/A,#N/A,#N/A
YFL001W,#N/A,#N/A,1.36E-05,1.17E-05,9.83E-06,4.84E-06,1.08E-05,9.97E-06
YFL014W,0.000184894,0.000205558,0.000119635,7.50E-05,#N/A,#N/A,#N/A,#N/A
YFR013W,1.76E-05,2.37E-05,1.56E-05,1.37E-05,#N/A,#N/A,#N/A,#N/A
YGL020C,5.72E-05,3.89E-05,3.87E-05,4.58E-05,#N/A,#N/A,#N/A,#N/A
YGL044C,2.02E-05,1.85E-05,1.96E-05,1.64E-05,1.24E-05,1.37E-05,#N/A,#N/A
YGL082W,2.87E-05,2.58E-05,2.50E-05,2.65E-05,#N/A,#N/A,1.80E-05,1.85E-05
YGL095C,2.08E-05,1.62E-05,1.81E-05,1.70E-05,#N/A,#N/A,#N/A,#N/A
YGL150C,1.82E-05,2.32E-05,2.31E-05,2.77E-05,#N/A,#N/A,#N/A,#N/A
YGL151W,3.80E-05,3.86E-05,3.81E-05,2.85E-05,#N/A,#N/A,#N/A,#N/A
YGL159W,3.14E-05,2.23E-05,2.59E-05,1.78E-05,#N/A,#N/A,#N/A,#N/A
YGL164C,0.000280935,0.000390261,0.00029441,0.000293978,#N/A,#N/A,#N/A,#N/A
YGL211W,2.83E-05,2.66E-05,2.00E-05,2.08E-05,#N/A,#N/A,#N/A,#N/A
YGL233W,6.36E-05,5.42E-05,0.00011548,5.10E-05,#N/A,#N/A,#N/A,#N/A
YGL244W,4.96E-05,6.59E-05,4.72E-05,4.49E-05,#N/A,#N/A,#N/A,#N/A
YGR010W,5.81E-06,6.86E-06,3.82E-06,5.35E-06,#N/A,#N/A,3.66E-06,1.21E-06
YGR092W,1.42E-05,1.36E-05,1.28E-05,1.11E-05,#N/A,#N/A,#N/A,#N/A
YGR100W,1.37E-05,8.38E-06,7.40E-06,6.98E-06,#N/A,#N/A,#N/A,#N/A
YGR104C,1.28E-05,1.30E-05,9.79E-06,8.51E-06,#N/A,#N/A,#N/A,#N/A
YGR181W,#N/A,#N/A,3.47E-05,5.32E-05,6.54E-05,5.27E-05,2.52E-05,6.02E-05
YGR198W,2.66E-05,2.79E-05,1.80E-05,1.97E-05,#N/A,#N/A,#N/A,#N/A
YGR250C,2.75E-05,2.25E-05,1.25E-05,9.68E-06,#N/A,#N/A,#N/A,#N/A
YGR284C,#N/A,#N/A,8.43E-05,6.10E-05,7.33E-05,5.52E-05,#N/A,#N/A
YHR001W-A,0.000146399,0.00012197,9.12E-05,8.66E-05,#N/A,#N/A,#N/A,#N/A
YHR034C,2.30E-05,1.80E-05,1.66E-05,1.72E-05,#N/A,#N/A,#N/A,#N/A
YHR046C,1.26E-05,1.43E-05,#N/A,#N/A,1.59E-05,1.53E-05,1.79E-05,1.43E-05
YHR076W,1.55E-05,1.65E-05,#N/A,#N/A,1.76E-05,1.79E-05,1.65E-05,1.68E-05
YHR122W,#N/A,#N/A,2.64E-05,2.39E-05,2.24E-05,1.99E-05,#N/A,#N/A
YHR143W-A,8.89E-05,9.58241E-05,#N/A,#N/A,#N/A,#N/A,0.000105219,0.000117486
YHR147C,1.66E-05,3.06E-05,#N/A,#N/A,#N/A,#N/A,3.86E-05,3.48E-05
YIL015W,#N/A,#N/A,1.13E-05,8.28E-06,2.23E-05,2.34E-05,3.48E-05,2.44E-05
YIL093C,#N/A,#N/A,1.93E-05,2.55E-05,1.89E-05,1.40E-05,#N/A,#N/A
YIL130W,#N/A,#N/A,5.26E-05,3.48E-05,3.18E-05,1.69E-05,#N/A,#N/A
YIR008C,#N/A,#N/A,1.86E-05,1.78E-05,1.33E-05,1.74E-05,#N/A,#N/A
YJL074C,5.23E-05,2.88E-05,4.08E-05,4.03E-05,#N/A,#N/A,#N/A,#N/A
YJL087C,3.89E-05,4.12E-05,2.78E-05,2.68E-05,#N/A,#N/A,#N/A,#N/A
YJL098W,#N/A,#N/A,1.53E-05,1.20E-05,1.57E-05,1.54E-05,1.15E-05,1.80E-05
YJL158C,0.000404651,0.000406456,#N/A,#N/A,#N/A,#N/A,0.000430997,0.000358708
YJL165C,2.55E-05,2.93E-05,1.56E-05,1.44E-05,#N/A,#N/A,#N/A,#N/A
YJL207C,3.16E-05,3.95E-05,3.41E-05,3.18E-05,#N/A,#N/A,#N/A,#N/A
YJL217W,#N/A,#N/A,1.90E-05,1.71E-05,#N/A,#N/A,2.05E-05,1.39E-05
YJR033C,1.17E-05,1.52E-05,1.46E-05,1.18E-05,#N/A,#N/A,#N/A,#N/A
YJR046W,0.000285143,0.000217983,0.000235772,0.000284859,#N/A,#N/A,#N/A,#N/A
YJR060W,1.41E-05,1.32E-05,1.42E-05,1.51E-05,1.35E-05,1.45E-05,#N/A,#N/A
YJR063W,#N/A,#N/A,4.29E-05,4.41E-05,#N/A,#N/A,4.06E-05,3.84E-05
YJR142W,3.80E-05,3.27E-05,2.25E-05,2.65E-05,#N/A,#N/A,#N/A,#N/A
YKL018W,5.01E-05,4.15E-05,3.14E-05,3.12E-05,#N/A,#N/A,#N/A,#N/A
YKL028W,1.93E-05,2.45E-05,#N/A,#N/A,1.60E-05,9.14E-06,#N/A,#N/A
YKL033W-A,4.25E-05,6.13E-05,9.36E-05,5.98E-05,#N/A,#N/A,#N/A,#N/A
YKL047W,2.19E-05,1.99E-05,1.53E-05,8.83E-06,#N/A,#N/A,#N/A,#N/A
YKL079W,3.99E-05,3.03E-05,2.45E-05,1.67E-05,#N/A,#N/A,#N/A,#N/A
YKL088W,2.41E-05,1.98E-05,1.80E-05,1.82E-05,#N/A,#N/A,#N/A,#N/A
YKL165C,1.22E-05,1.43E-05,#N/A,#N/A,#N/A,#N/A,1.41E-05,1.41E-05
YKL191W,#N/A,#N/A,2.58E-05,2.83E-05,3.41E-05,3.14E-05,3.72E-05,2.71E-05
YKL192C,#N/A,#N/A,#N/A,#N/A,9.32E-05,9.76E-05,0.000108922,8.14E-05
YKL206C,3.20E-05,3.25E-05,3.08E-05,2.34E-05,#N/A,#N/A,1.26E-05,1.48E-05
YKR003W,7.16E-06,1.40E-05,4.40E-06,6.36E-06,3.99E-06,7.37E-06,#N/A,#N/A
YKR006C,1.74E-05,4.18E-05,3.77E-05,3.41E-05,#N/A,#N/A,2.78E-05,3.99E-05
YKR038C,3.69E-05,3.26E-05,2.39E-05,3.49E-05,#N/A,#N/A,#N/A,#N/A
YKR056W,#N/A,#N/A,2.49E-05,2.55E-05,2.86E-05,3.33E-05,#N/A,#N/A
YKR070W,3.03E-05,2.26E-05,#N/A,#N/A,2.39E-05,1.43E-05,1.82E-05,1.77E-05
YKR092C,#N/A,#N/A,6.21E-05,7.20E-05,8.02E-05,4.67E-05,5.23E-05,7.73E-05
YLR038C,9.30E-05,4.67E-05,#N/A,#N/A,5.75E-05,6.32E-05,#N/A,#N/A
YLR045C,2.18E-05,2.40E-05,2.08E-05,2.26E-05,#N/A,#N/A,#N/A,#N/A
YLR055C,1.20E-05,1.06E-05,#N/A,#N/A,1.36E-05,7.04E-06,#N/A,#N/A
YLR093C,2.47E-05,2.16E-05,1.99E-05,1.83E-05,#N/A,#N/A,#N/A,#N/A
YLR115W,3.18E-05,1.84E-05,2.10E-05,1.55E-05,#N/A,#N/A,#N/A,#N/A
YLR147C,3.34E-05,2.61E-05,2.47E-05,2.70E-05,#N/A,#N/A,#N/A,#N/A
YLR148W,2.75E-05,2.92E-05,1.94E-05,2.36E-05,#N/A,#N/A,#N/A,#N/A
YLR231C,2.45E-05,2.53E-05,#N/A,#N/A,3.21E-05,3.12E-05,4.45E-05,3.16E-05
YLR243W,#N/A,#N/A,2.19E-05,2.98E-05,1.95E-05,1.80E-05,#N/A,#N/A
YLR262C-A,5.52E-05,6.18E-05,#N/A,#N/A,4.49E-05,4.29E-05,4.08E-05,4.02E-05
YLR309C,1.44E-05,1.83E-05,1.26E-05,3.56E-05,#N/A,#N/A,1.81E-05,7.29E-06
YLR430W,3.29E-05,1.39E-05,#N/A,#N/A,1.22E-05,1.34E-05,#N/A,#N/A
YML013W,2.28E-05,1.88E-05,1.59E-05,1.52E-05,#N/A,#N/A,#N/A,#N/A
YML014W,1.78E-05,1.77E-05,2.22E-05,1.63E-05,#N/A,#N/A,#N/A,#N/A
YML029W,7.98E-06,4.85E-06,5.81E-06,5.94E-06,#N/A,#N/A,#N/A,#N/A
YML054C,4.98E-05,6.05E-05,6.44E-05,0.000168374,#N/A,#N/A,#N/A,#N/A
YML067C,1.93E-05,2.03E-05,1.59E-05,1.43E-05,#N/A,#N/A,#N/A,#N/A
YML082W,3.95E-05,2.94E-05,1.09E-05,2.43E-05,#N/A,#N/A,#N/A,#N/A
YML101C,3.49E-05,3.27E-05,#N/A,#N/A,2.00E-05,2.75E-05,#N/A,#N/A
YML117W,2.64E-05,1.42E-05,1.36E-05,2.13E-05,#N/A,#N/A,#N/A,#N/A
YMR028W,1.00E-05,1.91E-05,1.30E-05,1.17E-05,#N/A,#N/A,#N/A,#N/A
YMR029C,3.16E-05,4.86E-05,2.84E-05,2.52E-05,#N/A,#N/A,#N/A,#N/A
YMR058W,#N/A,#N/A,3.91E-05,4.22E-05,4.37E-05,4.74E-05,5.91E-05,8.37E-05
YMR074C,3.15E-05,2.82E-05,3.42E-05,3.70E-05,2.65E-05,2.49E-05,#N/A,#N/A
YMR130W,#N/A,#N/A,1.89E-05,2.10E-05,1.75E-05,1.92E-05,#N/A,#N/A
YMR134W,1.79E-05,2.55E-05,1.74E-05,2.35E-05,#N/A,#N/A,#N/A,#N/A
YMR140W,1.47E-05,1.24E-05,1.24E-05,1.10E-05,#N/A,#N/A,#N/A,#N/A
YMR152W,1.52E-05,1.36E-05,1.03E-05,1.16E-05,#N/A,#N/A,#N/A,#N/A
YMR188C,2.76E-05,2.52E-05,#N/A,#N/A,#N/A,#N/A,1.88E-05,2.42E-05
YMR207C,4.96E-06,0,0,0,0,0,#N/A,#N/A
YMR231W,2.88E-05,2.83E-05,3.88E-05,1.74E-05,#N/A,#N/A,#N/A,#N/A
YMR275C,#N/A,#N/A,2.36E-05,2.20E-05,1.06E-05,2.08E-05,#N/A,#N/A
YNL006W,2.73E-05,5.49E-05,4.23E-05,3.39E-05,#N/A,#N/A,#N/A,#N/A
YNL048W,1.09E-05,1.42E-05,#N/A,#N/A,3.66E-06,8.06E-06,#N/A,#N/A
YNL156C,4.03E-05,3.63E-05,5.28E-05,3.11E-05,#N/A,#N/A,#N/A,#N/A
YNL169C,#N/A,#N/A,1.43E-05,1.37E-05,1.54E-05,1.74E-05,1.43E-05,1.44E-05
YNL177C,2.42E-05,1.88E-05,2.17E-05,1.91E-05,#N/A,#N/A,#N/A,#N/A
YNL192W,1.56E-05,1.90E-05,#N/A,#N/A,8.35E-06,7.84E-06,#N/A,#N/A
YNL193W,3.10E-05,2.19E-05,2.31E-05,1.97E-05,#N/A,#N/A,#N/A,#N/A
YNL206C,#N/A,#N/A,2.94E-05,3.77E-05,2.20E-05,2.48E-05,#N/A,#N/A
YNL236W,5.02E-05,4.75E-05,3.24E-05,3.48E-05,#N/A,#N/A,#N/A,#N/A
YNL253W,1.41E-05,1.54E-05,1.45E-05,1.17E-05,#N/A,#N/A,#N/A,#N/A
YNL298W,1.96E-05,1.95E-05,1.51E-05,1.50E-05,#N/A,#N/A,#N/A,#N/A
YNL306W,2.03E-05,2.41E-05,#N/A,#N/A,#N/A,#N/A,1.68E-05,1.95E-05
YNR013C,4.87E-05,1.95E-05,2.43E-05,3.11E-05,#N/A,#N/A,#N/A,#N/A
YNR015W,4.97E-05,5.39E-05,3.27E-05,2.65E-05,#N/A,#N/A,#N/A,#N/A
YNR033W,2.72E-05,3.58E-05,2.04E-05,1.63E-05,#N/A,#N/A,#N/A,#N/A
YNR048W,1.28E-05,1.19E-05,9.94E-06,9.25E-06,#N/A,#N/A,#N/A,#N/A
YNR054C,3.22E-05,2.36E-05,#N/A,#N/A,2.08E-05,2.14E-05,1.59E-05,1.70E-05
YOL016C,6.25E-05,7.28E-05,3.86E-05,3.15E-05,#N/A,#N/A,#N/A,#N/A
YOL088C,2.77E-05,2.47E-05,#N/A,#N/A,1.67E-05,1.14E-05,1.25E-05,1.07E-05
YOL092W,#N/A,#N/A,#N/A,#N/A,2.47E-05,2.38E-05,2.63E-05,2.58E-05
YOL093W,2.34E-05,1.53E-05,1.92E-05,2.00E-05,#N/A,#N/A,#N/A,#N/A
YOL149W,1.98E-05,2.01E-05,2.93E-05,1.95E-05,1.92E-05,1.41E-05,#N/A,#N/A
YOR035C,3.02E-05,4.46E-05,3.58E-05,2.64E-05,#N/A,#N/A,#N/A,#N/A
YOR038C,1.84E-05,2.03E-05,1.85E-05,1.89E-05,#N/A,#N/A,#N/A,#N/A
YOR087W,4.16E-05,2.20E-05,2.42E-05,2.30E-05,1.89E-05,1.77E-05,#N/A,#N/A
YOR098C,1.86E-05,1.31E-05,1.58E-05,2.02E-05,#N/A,#N/A,9.60E-06,1.06E-05
YOR103C,4.01E-05,4.13E-05,3.67E-05,3.14E-05,#N/A,#N/A,2.99E-05,2.95E-05
YOR132W,3.03E-05,3.30E-05,2.19E-05,2.15E-05,#N/A,#N/A,#N/A,#N/A
YOR155C,3.83E-05,4.58E-05,3.15E-05,2.28E-05,#N/A,#N/A,#N/A,#N/A
YOR257W,1.88E-05,1.69E-05,1.92E-05,1.78E-05,1.78E-05,1.75E-05,#N/A,#N/A
YOR262W,2.05E-05,3.24E-05,1.93E-05,1.80E-05,#N/A,#N/A,#N/A,#N/A
YOR286W,#N/A,#N/A,3.34E-05,2.13E-05,2.29E-05,2.07E-05,2.88E-05,2.20E-05
YOR290C,1.09E-05,9.79E-06,7.88E-06,4.17E-06,#N/A,#N/A,#N/A,#N/A
YOR311C,#N/A,#N/A,1.76E-05,1.71E-05,1.50E-05,1.83E-05,1.53E-05,1.54E-05
YOR316C,#N/A,#N/A,#N/A,#N/A,1.45E-05,1.62E-05,1.59E-05,2.11E-05
YOR322C,9.57E-06,8.15E-06,7.99E-06,2.90E-06,#N/A,#N/A,#N/A,#N/A
YPL110C,9.62E-06,1.35E-05,8.28E-06,7.78E-06,#N/A,#N/A,#N/A,#N/A
YPL127C,1.92E-05,2.21E-05,#N/A,#N/A,2.88E-05,3.76E-05,3.13E-05,3.66E-05
YPL137C,#N/A,#N/A,5.08E-06,5.38E-06,1.66E-06,7.13E-06,2.36E-06,4.89E-06
YPL249C,3.62E-05,3.39E-05,2.32E-05,2.16E-05,#N/A,#N/A,#N/A,#N/A
YPL259C,#N/A,#N/A,3.09E-05,2.13E-05,1.27E-05,1.57E-05,#N/A,#N/A
YPL271W,#N/A,#N/A,3.59E-05,4.86E-05,4.88E-05,3.93E-05,#N/A,#N/A
YPR023C,1.69E-05,1.67E-05,1.41E-05,1.57E-05,#N/A,#N/A,#N/A,#N/A
YPR048W,3.15E-05,1.95E-05,#N/A,#N/A,#N/A,#N/A,1.57E-05,1.65E-05
YPR051W,1.69E-05,2.19E-05,#N/A,#N/A,#N/A,#N/A,1.46E-05,1.04E-05
YPR055W,2.02E-05,1.29E-05,1.42E-05,1.05E-05,#N/A,#N/A,#N/A,#N/A
YPR089W,1.60E-05,1.73E-05,1.07E-05,1.31E-05,9.97E-06,1.27E-05,#N/A,#N/A
YPR105C,1.60E-05,2.07E-05,1.52E-05,1.89E-05,#N/A,#N/A,#N/A,#N/A
YPR129W,#N/A,#N/A,1.96E-05,2.14E-05,2.92E-05,2.65E-05,3.02E-05,3.58E-05
YPR131C,3.95E-05,3.53E-05,3.07E-05,2.68E-05,#N/A,#N/A,#N/A,#N/A
YPR133W-A,#N/A,#N/A,8.45E-05,7.06E-05,#N/A,#N/A,8.92E-05,7.09E-05
YPR135W,1.84E-05,1.84E-05,1.34E-05,2.05E-05,1.29E-05,1.44E-05,#N/A,#N/A
YPR155C,2.79513E-05,2.43E-05,1.90E-05,1.75E-05,#N/A,#N/A,#N/A,#N/A
YPR161C,2.12E-05,1.91E-05,1.73E-05,1.51E-05,#N/A,#N/A,#N/A,#N/A
YPR169W,4.17E-05,3.38E-05,3.04E-05,2.84E-05,#N/A,#N/A,#N/A,#N/A
YPR180W,2.47E-05,3.54E-05,1.57E-05,2.14E-05,#N/A,#N/A,#N/A,#N/A
Q0110,4.57E-05,3.15E-05,#N/A,#N/A,#N/A,#N/A,2.96E-05,2.32E-05
YAL048C,2.54E-05,1.94E-05,#N/A,#N/A,#N/A,#N/A,#N/A,#N/A
YBL016W,#N/A,#N/A,#N/A,#N/A,1.02E-05,1.08E-05,9.32E-06,9.21E-06
YBL038W,#N/A,#N/A,1.41E-05,8.17E-06,#N/A,#N/A,8.13E-06,1.22E-05
YBL051C,#N/A,#N/A,#N/A,#N/A,1.31E-05,8.50E-06,1.11E-05,1.06E-05
YBL107C,1.79E-05,1.72E-05,#N/A,#N/A,#N/A,#N/A,#N/A,#N/A
YBR061C,#N/A,#N/A,1.52E-05,1.48E-05,#N/A,#N/A,#N/A,#N/A
YBR072W,0.00010458,5.07E-05,#N/A,#N/A,#N/A,#N/A,#N/A,#N/A
YBR095C,1.40E-05,1.75E-05,#N/A,#N/A,#N/A,#N/A,1.04523E-05,1.05E-05
YBR104W,#N/A,#N/A,#N/A,#N/A,1.34E-05,1.42E-05,1.82E-05,2.18E-05
YBR125C,#N/A,#N/A,1.47E-05,1.06E-05,#N/A,#N/A,#N/A,#N/A
YBR133C,#N/A,#N/A,#N/A,#N/A,8.96E-06,1.03E-05,#N/A,#N/A
YBR172C,#N/A,#N/A,1.04E-05,1.36E-05,1.89E-05,1.27E-05,#N/A,#N/A
YBR185C,1.06E-05,1.08E-05,#N/A,#N/A,#N/A,#N/A,#N/A,#N/A
YBR207W,1.17E-05,1.17E-05,#N/A,#N/A,#N/A,#N/A,6.70E-06,9.61E-06
YBR246W,5.43E-06,1.17E-05,#N/A,#N/A,#N/A,#N/A,#N/A,#N/A
YBR260C,3.31E-05,4.76E-05,3.06E-05,2.55E-05,#N/A,#N/A,#N/A,#N/A
YBR264C,1.41E-05,1.43E-05,#N/A,#N/A,#N/A,#N/A,#N/A,#N/A
YBR273C,1.88E-05,2.00E-05,#N/A,#N/A,#N/A,#N/A,#N/A,#N/A
YBR299W,#N/A,#N/A,#N/A,#N/A,3.05E-05,4.28E-05,#N/A,#N/A
YCR016W,1.69E-05,2.27E-05,#N/A,#N/A,#N/A,#N/A,#N/A,#N/A
YCR017C,1.67E-05,2.14E-05,#N/A,#N/A,#N/A,#N/A,#N/A,#N/A
YCR046C,#N/A,#N/A,#N/A,#N/A,1.67E-05,2.03E-05,1.94E-05,2.02E-05
YCR054C,3.17E-05,1.76E-05,#N/A,#N/A,#N/A,#N/A,#N/A,#N/A
YCR094W,#N/A,#N/A,9.96E-06,1.15E-05,#N/A,#N/A,#N/A,#N/A
YDL006W,#N/A,#N/A,2.12E-05,1.99E-05,1.33E-05,1.22E-05,#N/A,#N/A
YDL019C,1.03E-05,1.03E-05,#N/A,#N/A,#N/A,#N/A,#N/A,#N/A
YDL025C,#N/A,#N/A,7.44E-06,8.23E-06,#N/A,#N/A,#N/A,#N/A
YDL063C,#N/A,#N/A,1.87E-05,9.58E-06,1.80E-05,1.65E-05,#N/A,#N/A
YDL121C,#N/A,#N/A,#N/A,#N/A,1.61E-05,1.22E-05,1.39E-05,1.53E-05
YDL128W,#N/A,#N/A,#N/A,#N/A,1.74E-05,1.69E-05,#N/A,#N/A
YDL173W,#N/A,#N/A,1.52E-05,1.69E-05,#N/A,#N/A,1.06E-05,1.66E-05
YDL208W,#N/A,#N/A,4.91E-05,5.85E-05,#N/A,#N/A,6.88E-05,5.55E-05
YDL215C,1.15E-06,2.83E-05,#N/A,#N/A,#N/A,#N/A,#N/A,#N/A
YDR028C,2.47E-05,1.66E-05,#N/A,#N/A,#N/A,#N/A,#N/A,#N/A
YDR041W,2.04E-05,2.20E-05,#N/A,#N/A,#N/A,#N/A,1.62E-05,1.61E-05
YDR046C,2.05E-05,2.86E-05,#N/A,#N/A,#N/A,#N/A,#N/A,#N/A
YDR079W,1.61E-05,1.52E-05,1.20E-05,1.33E-05,#N/A,#N/A,#N/A,#N/A
YDR084C,#N/A,#N/A,1.81E-05,1.23E-05,#N/A,#N/A,#N/A,#N/A
YDR121W,#N/A,#N/A,1.76E-05,2.35E-05,1.43E-05,1.37E-05,#N/A,#N/A
YDR171W,5.48E-05,5.79E-05,#N/A,#N/A,#N/A,#N/A,#N/A,#N/A
YDR198C,4.34E-06,5.99E-06,#N/A,#N/A,#N/A,#N/A,#N/A,#N/A
YDR251W,#N/A,#N/A,1.41E-05,2.09E-05,#N/A,#N/A,#N/A,#N/A
YDR268W,#N/A,#N/A,#N/A,#N/A,8.67E-06,6.73E-06,#N/A,#N/A
YDR301W,#N/A,#N/A,1.28E-05,1.23E-05,#N/A,#N/A,#N/A,#N/A
YDR310C,#N/A,#N/A,1.10E-05,1.13E-05,#N/A,#N/A,1.09E-05,8.87E-06
YDR343C,#N/A,#N/A,1.18E-05,1.22E-05,1.92E-05,1.35E-05,#N/A,#N/A
YDR356W,9.37E-06,4.91E-06,#N/A,#N/A,#N/A,#N/A,#N/A,#N/A
YDR358W,#N/A,#N/A,2.96E-05,1.58E-05,#N/A,#N/A,#N/A,#N/A
YDR377W,#N/A,#N/A,7.27E-05,7.64E-05,#N/A,#N/A,#N/A,#N/A
YDR407C,2.41E-05,2.05E-05,#N/A,#N/A,#N/A,#N/A,#N/A,#N/A
YDR470C,#N/A,#N/A,#N/A,#N/A,6.27E-06,7.58E-06,#N/A,#N/A
YEL053C,5.60E-05,3.23E-05,#N/A,#N/A,#N/A,#N/A,#N/A,#N/A
YER044C,#N/A,#N/A,#N/A,#N/A,3.23E-05,2.97E-05,3.90E-05,3.54E-05
YER048W-A,#N/A,#N/A,2.50E-05,1.98E-05,#N/A,#N/A,2.13E-05,2.33E-05
YER123W,1.41E-05,1.41E-05,1.18E-05,1.23E-05,#N/A,#N/A,#N/A,#N/A
YER145C,#N/A,#N/A,#N/A,#N/A,1.99E-05,2.04E-05,3.58E-05,4.23E-05
YER171W,1.74E-05,1.93E-05,#N/A,#N/A,#N/A,#N/A,#N/A,#N/A
YFL026W,#N/A,#N/A,1.63E-05,2.26E-05,2.90E-05,2.89E-05,#N/A,#N/A
YFL047W,#N/A,#N/A,2.10E-05,1.28E-05,#N/A,#N/A,#N/A,#N/A
YFR031C,1.21E-05,9.34E-06,#N/A,#N/A,#N/A,#N/A,#N/A,#N/A
YGL004C,1.29E-05,1.22E-05,#N/A,#N/A,#N/A,#N/A,#N/A,#N/A
YGL014W,#N/A,#N/A,#N/A,#N/A,1.87E-05,1.84E-05,1.88E-05,1.95E-05
YGL060W,1.35E-05,1.44E-05,#N/A,#N/A,#N/A,#N/A,#N/A,#N/A
YGL110C,2.14E-05,2.49E-05,1.66E-05,1.62E-05,#N/A,#N/A,#N/A,#N/A
YGL153W,#N/A,#N/A,1.49E-05,1.57E-05,1.01E-05,1.32E-05,#N/A,#N/A
YGL161C,2.08E-05,1.84E-05,#N/A,#N/A,#N/A,#N/A,#N/A,#N/A
YGL169W,1.31E-05,1.35E-05,1.17E-05,1.12E-05,#N/A,#N/A,#N/A,#N/A
YGL185C,1.53E-05,2.13E-05,#N/A,#N/A,#N/A,#N/A,#N/A,#N/A
YGL231C,3.84E-05,2.93E-05,#N/A,#N/A,#N/A,#N/A,#N/A,#N/A
YGR005C,1.49E-05,1.86E-05,#N/A,#N/A,#N/A,#N/A,#N/A,#N/A
YGR009C,#N/A,#N/A,1.15E-05,1.15E-05,1.07E-05,1.00E-05,#N/A,#N/A
YGR031W,1.37E-05,1.79E-05,#N/A,#N/A,#N/A,#N/A,#N/A,#N/A
YGR043C,2.75E-06,1.78E-05,#N/A,#N/A,#N/A,#N/A,#N/A,#N/A
YGR063C,#N/A,#N/A,1.67E-05,1.58E-05,#N/A,#N/A,#N/A,#N/A
YGR106C,#N/A,#N/A,1.63E-05,1.62E-05,#N/A,#N/A,2.55E-05,2.57E-05
YGR111W,#N/A,#N/A,#N/A,#N/A,1.50E-05,1.25E-05,#N/A,#N/A
YGR136W,#N/A,#N/A,#N/A,#N/A,1.51E-05,1.55E-05,#N/A,#N/A
YGR152C,6.81095E-05,5.86E-05,#N/A,#N/A,#N/A,#N/A,#N/A,#N/A
YGR163W,1.61E-05,1.16E-05,#N/A,#N/A,#N/A,#N/A,#N/A,#N/A
YGR194C,1.14E-05,1.01E-05,#N/A,#N/A,#N/A,#N/A,#N/A,#N/A
YGR195W,3.70E-05,3.91E-05,#N/A,#N/A,#N/A,#N/A,#N/A,#N/A
YGR241C,1.21E-05,9.78E-06,#N/A,#N/A,#N/A,#N/A,#N/A,#N/A
YGR270W,4.48E-06,5.19E-06,5.07E-06,6.87E-06,#N/A,#N/A,#N/A,#N/A
YGR286C,#N/A,#N/A,#N/A,#N/A,2.62E-05,2.07E-05,4.57E-05,2.90E-05
YHL002W,2.50E-05,2.24E-05,#N/A,#N/A,#N/A,#N/A,#N/A,#N/A
YHL029C,8.25E-06,9.22E-06,#N/A,#N/A,#N/A,#N/A,#N/A,#N/A
YHR028C,1.64E-05,2.40E-05,#N/A,#N/A,#N/A,#N/A,#N/A,#N/A
YHR083W,3.73E-05,2.96E-05,#N/A,#N/A,#N/A,#N/A,#N/A,#N/A
YHR087W,2.64E-05,2.64E-05,#N/A,#N/A,#N/A,#N/A,#N/A,#N/A
YHR106W,#N/A,#N/A,5.14E-06,4.09E-06,1.74E-06,3.61E-06,#N/A,#N/A
YHR123W,#N/A,#N/A,6.61E-06,1.03E-05,7.14E-06,7.15E-06,#N/A,#N/A
YHR127W,1.51E-05,2.30E-05,1.26E-05,1.42E-05,#N/A,#N/A,#N/A,#N/A
YHR186C,1.52E-05,1.24E-05,#N/A,#N/A,#N/A,#N/A,#N/A,#N/A
YHR187W,#N/A,#N/A,1.70E-05,1.68E-05,#N/A,#N/A,#N/A,#N/A
YHR192W,1.32E-05,1.41E-05,#N/A,#N/A,#N/A,#N/A,#N/A,#N/A
YIL039W,2.74E-05,2.76E-05,#N/A,#N/A,#N/A,#N/A,#N/A,#N/A
YIL068C,1.70E-05,1.26E-05,#N/A,#N/A,#N/A,#N/A,#N/A,#N/A
YIL083C,#N/A,#N/A,1.25E-05,1.79E-05,#N/A,#N/A,1.81E-05,3.70E-05
YIL149C,1.00E-05,9.41E-06,1.02E-05,8.82E-06,#N/A,#N/A,#N/A,#N/A
YIR038C,#N/A,#N/A,#N/A,#N/A,#N/A,#N/A,1.82E-05,2.00E-05
YJL011C,#N/A,#N/A,1.20E-05,1.23E-05,1.21E-05,1.19E-05,#N/A,#N/A
YJL029C,2.11E-05,1.52E-05,#N/A,#N/A,#N/A,#N/A,#N/A,#N/A
YJL031C,#N/A,#N/A,1.97E-05,2.25E-05,#N/A,#N/A,#N/A,#N/A
YJL036W,#N/A,#N/A,9.02E-06,7.92E-06,#N/A,#N/A,#N/A,#N/A
YJL082W,5.11E-05,1.67E-05,#N/A,#N/A,#N/A,#N/A,#N/A,#N/A
YJL104W,4.34E-05,5.44E-05,4.35E-05,3.57E-05,#N/A,#N/A,#N/A,#N/A
YJL155C,1.05E-05,1.31E-05,#N/A,#N/A,#N/A,#N/A,7.96E-06,9.02E-06
YJL184W,1.98E-05,1.75E-05,1.84E-05,1.98E-05,#N/A,#N/A,#N/A,#N/A
YJL204C,0,1.40E-05,#N/A,#N/A,#N/A,#N/A,#N/A,#N/A
YJR001W,#N/A,#N/A,#N/A,#N/A,3.69E-06,4.37E-06,5.10E-06,8.69E-06
YJR003C,1.57E-05,1.19E-05,#N/A,#N/A,#N/A,#N/A,8.64E-06,8.43E-06
YJR006W,2.12E-05,1.77E-05,#N/A,#N/A,#N/A,#N/A,#N/A,#N/A
YJR031C,9.56E-06,1.22E-05,#N/A,#N/A,#N/A,#N/A,#N/A,#N/A
YJR073C,#N/A,#N/A,#N/A,#N/A,2.36E-05,3.14E-05,2.29E-05,3.46E-05
YJR075W,2.12E-05,2.42E-05,#N/A,#N/A,#N/A,#N/A,#N/A,#N/A
YJR084W,1.68E-05,2.28E-05,#N/A,#N/A,#N/A,#N/A,#N/A,#N/A
YJR086W,#N/A,#N/A,3.00E-05,2.84E-05,#N/A,#N/A,#N/A,#N/A
YKL068W,#N/A,#N/A,1.29E-05,1.06E-05,#N/A,#N/A,1.81E-05,1.54E-05
YKL082C,#N/A,#N/A,#N/A,#N/A,9.63E-06,8.76E-06,#N/A,#N/A
YKL130C,#N/A,#N/A,1.00E-05,1.21E-05,#N/A,#N/A,#N/A,#N/A
YKL143W,3.32E-05,3.61E-05,#N/A,#N/A,2.45E-05,3.06E-05,#N/A,#N/A
YKL144C,#N/A,#N/A,2.77E-05,2.31E-05,#N/A,#N/A,#N/A,#N/A
YKL151C,2.52E-05,1.83E-05,#N/A,#N/A,#N/A,#N/A,#N/A,#N/A
YKL167C,#N/A,#N/A,#N/A,#N/A,1.40E-05,1.69E-05,2.08E-05,1.42E-05
YKR025W,#N/A,#N/A,1.66E-05,1.61E-05,1.62E-05,1.24E-05,#N/A,#N/A
YKR027W,#N/A,#N/A,9.88E-06,8.27E-06,#N/A,#N/A,#N/A,#N/A
YKR042W,1.60E-05,1.71E-05,#N/A,#N/A,#N/A,#N/A,#N/A,#N/A
YKR079C,#N/A,#N/A,0.000196416,2.01E-05,#N/A,#N/A,#N/A,#N/A
YKR095W-A,#N/A,#N/A,3.04E-05,2.56E-05,#N/A,#N/A,#N/A,#N/A
YLR021W,1.27E-05,9.80E-06,#N/A,#N/A,#N/A,#N/A,#N/A,#N/A
YLR034C,3.99E-05,3.51E-05,#N/A,#N/A,#N/A,#N/A,#N/A,#N/A
YLR051C,#N/A,#N/A,#N/A,#N/A,1.68E-05,2.14E-05,#N/A,#N/A
YLR071C,#N/A,#N/A,0.000103416,4.60E-05,#N/A,#N/A,0.000584521,8.30E-05
YLR074C,#N/A,#N/A,1.90E-05,1.85E-05,#N/A,#N/A,1.84E-05,2.36E-05
YLR078C,#N/A,#N/A,1.28E-05,1.76E-05,#N/A,#N/A,#N/A,#N/A
YLR114C,2.14E-05,2.05E-05,1.65E-05,1.76E-05,#N/A,#N/A,#N/A,#N/A
YLR144C,3.48E-05,2.68E-05,#N/A,#N/A,#N/A,#N/A,#N/A,#N/A
YLR187W,4.72E-06,6.65E-06,#N/A,#N/A,#N/A,#N/A,#N/A,#N/A
YLR212C,9.03E-06,9.85E-06,8.31E-06,1.62E-05,#N/A,#N/A,#N/A,#N/A
YLR258W,1.82E-05,1.34E-05,#N/A,#N/A,#N/A,#N/A,#N/A,#N/A
YLR275W,2.75E-05,2.20E-05,3.15E-05,3.13E-05,#N/A,#N/A,#N/A,#N/A
YLR319C,#N/A,#N/A,1.17E-05,1.34E-05,#N/A,#N/A,#N/A,#N/A
YLR364W,4.39E-05,2.88E-05,#N/A,#N/A,#N/A,#N/A,#N/A,#N/A
YLR386W,2.13E-05,1.97E-05,#N/A,#N/A,#N/A,#N/A,#N/A,#N/A
YLR412W,2.18E-05,1.95E-05,#N/A,#N/A,#N/A,#N/A,#N/A,#N/A
YLR414C,2.59E-05,2.82E-05,#N/A,#N/A,#N/A,#N/A,#N/A,#N/A
YLR435W,1.54E-05,1.77E-05,#N/A,#N/A,#N/A,#N/A,2.17E-05,2.22E-05
YLR439W,4.12E-05,2.13E-05,#N/A,#N/A,2.22E-05,2.17E-05,#N/A,#N/A
YLR442C,3.23E-05,4.06E-05,#N/A,#N/A,#N/A,#N/A,#N/A,#N/A
YML032C,1.82E-05,2.43E-05,#N/A,#N/A,#N/A,#N/A,#N/A,#N/A
YML059C,1.22E-05,1.22E-05,#N/A,#N/A,#N/A,#N/A,#N/A,#N/A
YML100W,3.55E-05,3.31E-05,#N/A,#N/A,#N/A,#N/A,#N/A,#N/A
YML102W,6.11E-05,6.87E-05,#N/A,#N/A,#N/A,#N/A,#N/A,#N/A
YMR008C,1.34E-05,1.16E-05,#N/A,#N/A,#N/A,#N/A,#N/A,#N/A
YMR149W,#N/A,#N/A,4.69E-05,4.29E-05,3.69E-05,3.20E-05,#N/A,#N/A
YMR157C,1.50E-05,1.50E-05,#N/A,#N/A,#N/A,#N/A,#N/A,#N/A
YMR158W,#N/A,#N/A,2.42E-05,3.19E-05,2.93E-05,2.77E-05,#N/A,#N/A
YMR192W,1.39E-05,8.11E-06,#N/A,#N/A,#N/A,#N/A,#N/A,#N/A
YMR218C,3.42E-05,4.99E-05,#N/A,#N/A,#N/A,#N/A,#N/A,#N/A
YMR265C,2.53E-05,1.76E-05,#N/A,#N/A,#N/A,#N/A,#N/A,#N/A
YMR278W,1.20E-05,1.09E-05,#N/A,#N/A,#N/A,#N/A,#N/A,#N/A
YMR286W,#N/A,#N/A,#N/A,#N/A,#N/A,#N/A,1.74E-05,2.21E-05
YMR301C,#N/A,#N/A,#N/A,#N/A,#N/A,#N/A,1.11E-05,1.41E-05
YMR310C,#N/A,#N/A,1.43E-05,1.31E-05,#N/A,#N/A,1.33E-05,1.02E-05
YMR312W,1.22E-05,1.50E-05,1.13E-05,1.17E-05,#N/A,#N/A,#N/A,#N/A
YNL041C,#N/A,#N/A,1.32E-05,1.09E-05,#N/A,#N/A,#N/A,#N/A
YNL099C,#N/A,#N/A,#N/A,#N/A,1.21E-05,1.35E-05,#N/A,#N/A
YNL116W,1.86E-05,1.76E-05,2.25E-05,1.40E-05,#N/A,#N/A,#N/A,#N/A
YNL130C,#N/A,#N/A,1.96E-05,1.44E-05,#N/A,#N/A,2.94E-05,1.89E-05
YNL142W,#N/A,#N/A,#N/A,#N/A,1.04E-05,9.86E-06,1.06E-05,1.24E-05
YNL153C,#N/A,#N/A,#N/A,#N/A,3.02E-05,2.96E-05,2.39E-05,2.80E-05
YNL155W,#N/A,#N/A,#N/A,#N/A,1.22E-05,1.07E-05,1.75E-05,1.24E-05
YNL162W,0.000314578,0.000335199,#N/A,#N/A,#N/A,#N/A,0.000309537,0.000389723
YNL222W,#N/A,#N/A,1.01E-05,8.97E-06,#N/A,#N/A,#N/A,#N/A
YNL258C,9.29E-06,1.45E-05,#N/A,#N/A,#N/A,#N/A,#N/A,#N/A
YNL263C,#N/A,#N/A,#N/A,#N/A,2.77E-05,3.43E-05,2.65E-05,3.57E-05
YNL264C,1.58E-05,1.64E-05,#N/A,#N/A,#N/A,#N/A,#N/A,#N/A
YNL265C,2.04E-05,2.01E-05,1.44E-05,1.14E-05,#N/A,#N/A,#N/A,#N/A
YNL288W,1.40E-05,2.20E-05,1.65E-05,1.85E-05,#N/A,#N/A,#N/A,#N/A
YNL315C,#N/A,#N/A,1.50E-05,1.40E-05,#N/A,#N/A,1.77E-05,1.46E-05
YNR023W,1.32E-05,2.00E-05,#N/A,#N/A,#N/A,#N/A,#N/A,#N/A
YOL018C,9.64E-06,1.17E-05,#N/A,#N/A,#N/A,#N/A,#N/A,#N/A
YOL032W,3.49E-05,4.30E-05,#N/A,#N/A,#N/A,#N/A,#N/A,#N/A
YOL066C,#N/A,#N/A,2.14E-05,1.84E-05,#N/A,#N/A,#N/A,#N/A
YOL141W,1.23E-05,1.40E-05,#N/A,#N/A,#N/A,#N/A,#N/A,#N/A
YOL147C,3.15E-05,3.86E-05,#N/A,#N/A,3.38E-05,3.90E-05,#N/A,#N/A
YOR059C,1.70E-05,2.39E-05,#N/A,#N/A,#N/A,#N/A,#N/A,#N/A
YOR120W,6.17E-05,8.07E-05,#N/A,#N/A,#N/A,#N/A,#N/A,#N/A
YOR220W,3.69E-05,2.84E-05,#N/A,#N/A,#N/A,#N/A,1.68E-05,1.73E-05
YOR250C,3.75E-05,2.69E-05,#N/A,#N/A,#N/A,#N/A,#N/A,#N/A
YOR265W,5.05E-05,4.56E-05,#N/A,#N/A,2.99E-05,2.87E-05,#N/A,#N/A
YOR278W,8.69E-06,1.17E-05,#N/A,#N/A,#N/A,#N/A,#N/A,#N/A
YOR281C,2.46E-05,4.00E-05,#N/A,#N/A,#N/A,#N/A,#N/A,#N/A
YOR321W,3.00E-06,0,#N/A,#N/A,#N/A,#N/A,#N/A,#N/A
YOR357C,2.72E-05,2.86E-05,#N/A,#N/A,#N/A,#N/A,#N/A,#N/A
YPL013C,#N/A,#N/A,1.16E-05,1.07E-05,1.01E-05,1.18E-05,#N/A,#N/A
YPL051W,1.07E-05,1.08E-05,#N/A,#N/A,#N/A,#N/A,#N/A,#N/A
YPL053C,#N/A,#N/A,#N/A,#N/A,6.66E-06,9.55E-06,7.99E-06,1.01E-05
YPL094C,#N/A,#N/A,3.17E-05,3.45E-05,#N/A,#N/A,#N/A,#N/A
YPL097W,7.42E-06,6.76E-06,#N/A,#N/A,#N/A,#N/A,#N/A,#N/A
YPL100W,#N/A,#N/A,1.37E-05,1.64E-05,#N/A,#N/A,#N/A,#N/A
YPL144W,#N/A,#N/A,1.30E-05,1.32E-05,1.00E-05,1.16E-05,#N/A,#N/A
YPL199C,#N/A,#N/A,4.18E-05,4.69E-05,3.27E-05,2.65E-05,#N/A,#N/A
YPL215W,2.38E-05,2.02E-05,#N/A,#N/A,#N/A,#N/A,#N/A,#N/A
YPL227C,#N/A,#N/A,#N/A,#N/A,1.46E-05,1.73E-05,#N/A,#N/A
YPR040W,2.27E-05,2.23E-05,2.60E-05,3.00E-05,#N/A,#N/A,#N/A,#N/A
YPR070W,1.07E-05,1.26E-05,#N/A,#N/A,#N/A,#N/A,#N/A,#N/A
YPR100W,#N/A,#N/A,#N/A,#N/A,8.64E-06,1.19E-05,#N/A,#N/A
YPR144C,2.36E-05,2.27E-05,1.86E-05,2.60E-05,#N/A,#N/A,#N/A,#N/A
Q0045,#N/A,#N/A,#N/A,#N/A,6.59E-05,7.49E-05,#N/A,#N/A
Q0140,9.57E-06,9.97E-06,#N/A,#N/A,#N/A,#N/A,#N/A,#N/A
YAL022C,1.47E-05,1.12E-05,#N/A,#N/A,#N/A,#N/A,#N/A,#N/A
YAL033W,#N/A,#N/A,1.51E-05,1.44E-05,#N/A,#N/A,#N/A,#N/A
YBL033C,#N/A,#N/A,#N/A,#N/A,8.26E-06,1.28E-05,#N/A,#N/A
YBL042C,#N/A,#N/A,#N/A,#N/A,#N/A,#N/A,1.67E-05,1.36E-05
YBR003W,#N/A,#N/A,#N/A,#N/A,#N/A,#N/A,1.44E-05,1.55E-05
YBR006W,#N/A,#N/A,#N/A,#N/A,#N/A,#N/A,#N/A,#N/A
YBR059C,#N/A,#N/A,#N/A,#N/A,9.75E-06,1.00E-05,#N/A,#N/A
YBR097W,#N/A,#N/A,#N/A,#N/A,#N/A,#N/A,#N/A,#N/A
YBR110W,6.03E-05,4.70E-05,#N/A,#N/A,#N/A,#N/A,#N/A,#N/A
YBR111C,#N/A,#N/A,1.84E-05,1.72E-05,#N/A,#N/A,#N/A,#N/A
YBR137W,#N/A,#N/A,#N/A,#N/A,#N/A,#N/A,#N/A,#N/A
YBR145W,#N/A,#N/A,#N/A,#N/A,0.00106487,0.001080965,#N/A,#N/A
YBR212W,#N/A,#N/A,#N/A,#N/A,1.21E-05,1.32E-05,#N/A,#N/A
YBR265W,#N/A,#N/A,1.21E-05,1.09E-05,#N/A,#N/A,#N/A,#N/A
YCL052C,#N/A,#N/A,#N/A,#N/A,#N/A,#N/A,#N/A,#N/A
YCR011C,#N/A,#N/A,8.55E-06,9.34E-06,#N/A,#N/A,#N/A,#N/A
YCR060W,9.16E-06,1.27E-05,#N/A,#N/A,#N/A,#N/A,#N/A,#N/A
YCR063W,#N/A,#N/A,9.81E-06,9.93E-06,#N/A,#N/A,#N/A,#N/A
YCR071C,#N/A,#N/A,#N/A,#N/A,#N/A,#N/A,6.45E-06,1.17E-05
YCR083W,#N/A,#N/A,#N/A,#N/A,#N/A,#N/A,#N/A,#N/A
YDL059C,#N/A,#N/A,#N/A,#N/A,3.75E-05,4.49E-05,#N/A,#N/A
YDL064W,#N/A,#N/A,2.42E-05,2.95E-05,#N/A,#N/A,#N/A,#N/A
YDL088C,1.31E-05,9.00E-06,#N/A,#N/A,#N/A,#N/A,#N/A,#N/A
YDL175C,#N/A,#N/A,1.32E-05,1.23E-05,#N/A,#N/A,#N/A,#N/A
YDL181W,#N/A,#N/A,#N/A,#N/A,#N/A,#N/A,2.50E-05,3.11E-05
YDL219W,5.06E-05,4.27E-05,#N/A,#N/A,#N/A,#N/A,#N/A,#N/A
YDL230W,#N/A,#N/A,#N/A,#N/A,#N/A,#N/A,#N/A,#N/A
YDL234C,#N/A,#N/A,#N/A,#N/A,#N/A,#N/A,#N/A,#N/A
YDR056C,1.93E-05,2.03E-05,#N/A,#N/A,#N/A,#N/A,#N/A,#N/A
YDR081C,#N/A,#N/A,#N/A,#N/A,#N/A,#N/A,#N/A,#N/A
YDR086C,#N/A,#N/A,#N/A,#N/A,#N/A,#N/A,#N/A,#N/A
YDR093W,4.57E-06,9.11E-06,#N/A,#N/A,#N/A,#N/A,#N/A,#N/A
YDR109C,#N/A,#N/A,#N/A,#N/A,#N/A,#N/A,#N/A,#N/A
YDR110W,9.79E-06,1.19E-05,#N/A,#N/A,#N/A,#N/A,#N/A,#N/A
YDR122W,#N/A,#N/A,#N/A,#N/A,6.30E-06,5.14E-06,#N/A,#N/A
YDR137W,5.69E-06,8.41E-06,#N/A,#N/A,#N/A,#N/A,#N/A,#N/A
YDR139C,#N/A,#N/A,1.48E-05,1.43E-05,#N/A,#N/A,#N/A,#N/A
YDR178W,#N/A,#N/A,#N/A,#N/A,#N/A,#N/A,#N/A,#N/A
YDR221W,#N/A,#N/A,#N/A,#N/A,1.08E-05,1.02E-05,#N/A,#N/A
YDR228C,#N/A,#N/A,1.11E-05,1.04E-05,#N/A,#N/A,#N/A,#N/A
YDR236C,#N/A,#N/A,#N/A,#N/A,#N/A,#N/A,#N/A,#N/A
YDR284C,#N/A,#N/A,#N/A,#N/A,#N/A,#N/A,#N/A,#N/A
YDR311W,2.01E-05,1.60E-05,#N/A,#N/A,#N/A,#N/A,#N/A,#N/A
YDR329C,#N/A,#N/A,#N/A,#N/A,#N/A,#N/A,#N/A,#N/A
YDR331W,1.51E-05,1.92E-05,#N/A,#N/A,#N/A,#N/A,#N/A,#N/A
YDR337W,#N/A,#N/A,#N/A,#N/A,#N/A,#N/A,#N/A,#N/A
YDR363W-A,#N/A,#N/A,#N/A,#N/A,2.50E-05,2.36E-05,#N/A,#N/A
YDR405W,#N/A,#N/A,#N/A,#N/A,#N/A,#N/A,2.44E-05,2.61E-05
YDR412W,#N/A,#N/A,#N/A,#N/A,6.11E-06,1.48E-05,#N/A,#N/A
YDR428C,2.51E-05,1.91E-05,#N/A,#N/A,#N/A,#N/A,#N/A,#N/A
YDR462W,1.82E-05,2.09E-05,#N/A,#N/A,#N/A,#N/A,#N/A,#N/A
YDR468C,1.41E-05,1.45E-05,#N/A,#N/A,#N/A,#N/A,#N/A,#N/A
YEL052W,#N/A,#N/A,#N/A,#N/A,#N/A,#N/A,#N/A,#N/A
YER095W,#N/A,#N/A,#N/A,#N/A,#N/A,#N/A,1.23E-05,9.35E-06
YER139C,6.06E-06,6.12E-06,#N/A,#N/A,#N/A,#N/A,#N/A,#N/A
YER159C,1.25E-05,1.18E-05,#N/A,#N/A,#N/A,#N/A,#N/A,#N/A
YER183C,#N/A,#N/A,#N/A,#N/A,#N/A,#N/A,1.20E-05,9.46E-06
YFR011C,#N/A,#N/A,6.32E-06,7.17E-06,#N/A,#N/A,#N/A,#N/A
YFR014C,#N/A,#N/A,#N/A,#N/A,6.12E-06,5.79E-06,#N/A,#N/A
YFR040W,#N/A,#N/A,#N/A,#N/A,#N/A,#N/A,1.24E-05,1.22E-05
YFR048W,7.09E-06,8.36E-06,#N/A,#N/A,#N/A,#N/A,#N/A,#N/A
YGL005C,#N/A,#N/A,6.48E-06,6.96E-06,#N/A,#N/A,#N/A,#N/A
YGL017W,#N/A,#N/A,#N/A,#N/A,#N/A,#N/A,#N/A,#N/A
YGL119W,#N/A,#N/A,#N/A,#N/A,#N/A,#N/A,#N/A,#N/A
YGL133W,#N/A,#N/A,0,3.44E-06,#N/A,#N/A,#N/A,#N/A
YGL141W,#N/A,#N/A,#N/A,#N/A,#N/A,#N/A,#N/A,#N/A
YGL172W,#N/A,#N/A,#N/A,#N/A,#N/A,#N/A,1.25E-05,1.47E-05
YGR030C,1.17E-05,1.59E-05,#N/A,#N/A,#N/A,#N/A,#N/A,#N/A
YGR065C,#N/A,#N/A,#N/A,#N/A,1.36E-05,1.31E-05,#N/A,#N/A
YGR097W,#N/A,#N/A,#N/A,#N/A,#N/A,#N/A,#N/A,#N/A
YGR122W,7.64E-06,8.44E-06,#N/A,#N/A,#N/A,#N/A,#N/A,#N/A
YGR156W,#N/A,#N/A,9.52E-06,1.34E-05,#N/A,#N/A,#N/A,#N/A
YGR199W,#N/A,#N/A,#N/A,#N/A,#N/A,#N/A,#N/A,#N/A
YGR203W,#N/A,#N/A,#N/A,#N/A,#N/A,#N/A,#N/A,#N/A
YGR235C,#N/A,#N/A,1.84E-05,1.66E-05,#N/A,#N/A,#N/A,#N/A
YGR262C,#N/A,#N/A,1.69E-05,1.60E-05,#N/A,#N/A,#N/A,#N/A
YGR280C,1.46E-05,1.53E-05,#N/A,#N/A,#N/A,#N/A,#N/A,#N/A
YGR281W,3.47E-06,2.62E-06,#N/A,#N/A,#N/A,#N/A,#N/A,#N/A
YGR283C,#N/A,#N/A,7.39E-06,1.13E-05,#N/A,#N/A,#N/A,#N/A
YHL003C,1.27E-05,1.31E-05,#N/A,#N/A,#N/A,#N/A,#N/A,#N/A
YHR072W-A,#N/A,#N/A,#N/A,#N/A,3.90E-05,3.48E-05,#N/A,#N/A
YHR102W,1.35E-05,9.16E-06,#N/A,#N/A,#N/A,#N/A,#N/A,#N/A
YHR114W,#N/A,#N/A,#N/A,#N/A,#N/A,#N/A,#N/A,#N/A
YHR154W,#N/A,#N/A,#N/A,#N/A,#N/A,#N/A,#N/A,#N/A
YHR181W,#N/A,#N/A,#N/A,#N/A,#N/A,#N/A,#N/A,#N/A
YIL005W,#N/A,#N/A,8.58E-06,8.54E-06,#N/A,#N/A,#N/A,#N/A
YIL020C,1.19E-05,1.28E-05,#N/A,#N/A,#N/A,#N/A,#N/A,#N/A
YIL026C,#N/A,#N/A,#N/A,#N/A,#N/A,#N/A,#N/A,#N/A
YIL064W,#N/A,#N/A,2.15E-05,1.65E-05,#N/A,#N/A,#N/A,#N/A
YIL131C,#N/A,#N/A,9.21E-06,9.05E-06,#N/A,#N/A,#N/A,#N/A
YIL157C,1.58E-05,2.16E-05,#N/A,#N/A,#N/A,#N/A,#N/A,#N/A
YJL006C,#N/A,#N/A,9.60E-06,8.89E-06,#N/A,#N/A,#N/A,#N/A
YJL024C,2.94E-05,1.92E-05,#N/A,#N/A,#N/A,#N/A,#N/A,#N/A
YJL030W,2.49E-05,1.58E-05,#N/A,#N/A,#N/A,#N/A,#N/A,#N/A
YJL042W,#N/A,#N/A,#N/A,#N/A,#N/A,#N/A,6.12E-06,5.60E-06
YJL049W,#N/A,#N/A,#N/A,#N/A,#N/A,#N/A,#N/A,#N/A
YJL085W,#N/A,#N/A,6.98E-06,5.74E-06,#N/A,#N/A,#N/A,#N/A
YJL099W,#N/A,#N/A,#N/A,#N/A,#N/A,#N/A,#N/A,#N/A
YJL126W,5.08E-06,5.48E-06,#N/A,#N/A,#N/A,#N/A,#N/A,#N/A
YJL148W,1.74E-05,2.39E-05,#N/A,#N/A,#N/A,#N/A,#N/A,#N/A
YJL168C,#N/A,#N/A,2.77E-06,2.84E-06,#N/A,#N/A,#N/A,#N/A
YJL192C,1.00E-05,9.34E-06,#N/A,#N/A,#N/A,#N/A,#N/A,#N/A
YJL196C,#N/A,#N/A,#N/A,#N/A,#N/A,#N/A,#N/A,#N/A
YJR074W,#N/A,#N/A,#N/A,#N/A,#N/A,#N/A,6.62E-06,1.03E-05
YJR078W,#N/A,#N/A,#N/A,#N/A,#N/A,#N/A,3.12E-06,1.28E-05
YJR083C,#N/A,#N/A,1.05E-05,1.26E-05,#N/A,#N/A,#N/A,#N/A
YJR130C,#N/A,#N/A,#N/A,#N/A,#N/A,#N/A,#N/A,#N/A
YKL008C,#N/A,#N/A,#N/A,#N/A,#N/A,#N/A,#N/A,#N/A
YKL017C,#N/A,#N/A,#N/A,#N/A,#N/A,#N/A,#N/A,#N/A
YKL058W,1.21E-05,1.02E-05,#N/A,#N/A,#N/A,#N/A,#N/A,#N/A
YKL078W,#N/A,#N/A,5.24E-06,5.97E-06,#N/A,#N/A,#N/A,#N/A
YKL099C,#N/A,#N/A,#N/A,#N/A,1.53E-05,1.88E-05,#N/A,#N/A
YKL100C,#N/A,#N/A,1.04E-05,1.10E-05,#N/A,#N/A,#N/A,#N/A
YKL122C,2.36E-05,3.40E-05,#N/A,#N/A,#N/A,#N/A,#N/A,#N/A
YKL146W,#N/A,#N/A,7.86E-06,7.10E-06,#N/A,#N/A,#N/A,#N/A
YKL186C,#N/A,#N/A,#N/A,#N/A,#N/A,#N/A,#N/A,#N/A
YKL214C,#N/A,#N/A,#N/A,#N/A,2.29E-05,1.97E-05,#N/A,#N/A
YKR065C,3.34E-05,3.49E-05,#N/A,#N/A,#N/A,#N/A,#N/A,#N/A
YKR067W,#N/A,#N/A,#N/A,#N/A,#N/A,#N/A,1.52E-05,2.24E-05
YKR068C,2.86E-05,4.39E-05,#N/A,#N/A,#N/A,#N/A,#N/A,#N/A
YKR088C,#N/A,#N/A,#N/A,#N/A,#N/A,#N/A,#N/A,#N/A
YLL012W,#N/A,#N/A,#N/A,#N/A,1.15E-05,8.77E-06,#N/A,#N/A
YLL015W,#N/A,#N/A,#N/A,#N/A,#N/A,#N/A,#N/A,#N/A
YLR005W,#N/A,#N/A,#N/A,#N/A,#N/A,#N/A,#N/A,#N/A
YLR015W,#N/A,#N/A,#N/A,#N/A,#N/A,#N/A,#N/A,#N/A
YLR063W,#N/A,#N/A,8.63E-06,8.70E-06,#N/A,#N/A,#N/A,#N/A
YLR166C,#N/A,#N/A,#N/A,#N/A,#N/A,#N/A,#N/A,#N/A
YLR219W,#N/A,#N/A,#N/A,#N/A,5.49E-06,5.94E-06,#N/A,#N/A
YLR226W,#N/A,#N/A,#N/A,#N/A,#N/A,#N/A,#N/A,#N/A
YLR285W,#N/A,#N/A,1.67E-05,1.16E-05,#N/A,#N/A,#N/A,#N/A
YLR286C,#N/A,#N/A,#N/A,#N/A,#N/A,#N/A,#N/A,#N/A
YLR292C,#N/A,#N/A,#N/A,#N/A,1.41E-05,1.19E-05,#N/A,#N/A
YLR332W,#N/A,#N/A,#N/A,#N/A,#N/A,#N/A,#N/A,#N/A
YLR348C,2.92E-05,2.73E-05,#N/A,#N/A,#N/A,#N/A,#N/A,#N/A
YLR350W,#N/A,#N/A,#N/A,#N/A,8.44E-06,8.18E-06,#N/A,#N/A
YLR393W,#N/A,#N/A,#N/A,#N/A,#N/A,#N/A,#N/A,#N/A
YLR433C,1.31E-05,1.37E-05,#N/A,#N/A,#N/A,#N/A,#N/A,#N/A
YLR438C-A,#N/A,#N/A,#N/A,#N/A,#N/A,#N/A,1.09E-05,1.31E-05
YML062C,#N/A,#N/A,8.50E-06,8.34E-06,#N/A,#N/A,#N/A,#N/A
YML065W,#N/A,#N/A,1.22E-05,9.29E-06,#N/A,#N/A,#N/A,#N/A
YML071C,1.13E-05,1.27E-05,#N/A,#N/A,#N/A,#N/A,#N/A,#N/A
YML079W,#N/A,#N/A,#N/A,#N/A,#N/A,#N/A,#N/A,#N/A
YML080W,#N/A,#N/A,6.82E-06,6.32E-06,#N/A,#N/A,#N/A,#N/A
YML091C,#N/A,#N/A,#N/A,#N/A,#N/A,#N/A,#N/A,#N/A
YML110C,#N/A,#N/A,#N/A,#N/A,1.71E-05,1.61E-05,#N/A,#N/A
YML116W,#N/A,#N/A,#N/A,#N/A,#N/A,#N/A,1.89E-05,1.85E-05
YML129C,#N/A,#N/A,#N/A,#N/A,9.55E-06,9.95E-06,#N/A,#N/A
YMR005W,#N/A,#N/A,#N/A,#N/A,9.81E-06,0,#N/A,#N/A
YMR022W,1.47E-05,1.74E-05,#N/A,#N/A,#N/A,#N/A,#N/A,#N/A
YMR047C,#N/A,#N/A,#N/A,#N/A,1.02E-05,1.29E-05,#N/A,#N/A
YMR096W,#N/A,#N/A,#N/A,#N/A,#N/A,#N/A,1.43E-05,1.39E-05
YMR102C,5.64E-06,5.32E-06,#N/A,#N/A,#N/A,#N/A,#N/A,#N/A
YMR139W,#N/A,#N/A,#N/A,#N/A,#N/A,#N/A,#N/A,#N/A
YMR147W,#N/A,#N/A,1.51E-05,1.54E-05,#N/A,#N/A,#N/A,#N/A
YMR167W,1.19E-05,1.10E-05,#N/A,#N/A,#N/A,#N/A,#N/A,#N/A
YMR193W,#N/A,#N/A,#N/A,#N/A,#N/A,#N/A,#N/A,#N/A
YMR211W,1.28E-05,1.59E-05,#N/A,#N/A,#N/A,#N/A,#N/A,#N/A
YMR228W,#N/A,#N/A,#N/A,#N/A,#N/A,#N/A,#N/A,#N/A
YMR236W,1.65E-05,1.57E-05,#N/A,#N/A,#N/A,#N/A,#N/A,#N/A
YMR269W,#N/A,#N/A,1.30E-05,1.39E-05,#N/A,#N/A,#N/A,#N/A
YMR288W,1.05E-05,1.60E-05,#N/A,#N/A,#N/A,#N/A,#N/A,#N/A
YMR289W,#N/A,#N/A,#N/A,#N/A,#N/A,#N/A,#N/A,#N/A
YMR295C,#N/A,#N/A,#N/A,#N/A,#N/A,#N/A,1.98E-05,1.88E-05
YMR298W,#N/A,#N/A,#N/A,#N/A,#N/A,#N/A,#N/A,#N/A
YMR311C,#N/A,#N/A,#N/A,#N/A,#N/A,#N/A,2.84E-05,2.36E-05
YNL023C,#N/A,#N/A,#N/A,#N/A,#N/A,#N/A,#N/A,#N/A
YNL157W,#N/A,#N/A,1.32E-05,9.69E-06,#N/A,#N/A,#N/A,#N/A
YNL161W,#N/A,#N/A,#N/A,#N/A,#N/A,#N/A,#N/A,#N/A
YNL197C,#N/A,#N/A,1.39E-05,1.27E-05,#N/A,#N/A,#N/A,#N/A
YNL246W,#N/A,#N/A,#N/A,#N/A,#N/A,#N/A,#N/A,#N/A
YNL250W,#N/A,#N/A,#N/A,#N/A,#N/A,#N/A,#N/A,#N/A
YNL280C,#N/A,#N/A,#N/A,#N/A,#N/A,#N/A,2.05E-05,1.30E-05
YNL320W,#N/A,#N/A,#N/A,#N/A,#N/A,#N/A,#N/A,#N/A
YNR003C,#N/A,#N/A,9.13E-06,1.12E-05,#N/A,#N/A,#N/A,#N/A
YNR012W,1.59E-05,1.84E-05,#N/A,#N/A,#N/A,#N/A,#N/A,#N/A
YNR030W,#N/A,#N/A,#N/A,#N/A,#N/A,#N/A,4.36E-06,6.89E-06
YNR036C,#N/A,#N/A,#N/A,#N/A,#N/A,#N/A,1.39E-05,1.58E-05
YOL133W,#N/A,#N/A,#N/A,#N/A,1.43E-05,1.55E-05,#N/A,#N/A
YOR006C,#N/A,#N/A,#N/A,#N/A,#N/A,#N/A,#N/A,#N/A
YOR076C,#N/A,#N/A,6.24E-06,5.14E-06,#N/A,#N/A,#N/A,#N/A
YOR104W,#N/A,#N/A,#N/A,#N/A,#N/A,#N/A,#N/A,#N/A
YOR130C,#N/A,#N/A,#N/A,#N/A,#N/A,#N/A,#N/A,#N/A
YOR131C,3.02E-05,3.58E-05,#N/A,#N/A,#N/A,#N/A,#N/A,#N/A
YOR175C,#N/A,#N/A,#N/A,#N/A,#N/A,#N/A,9.56E-06,8.64E-06
YOR191W,#N/A,#N/A,#N/A,#N/A,#N/A,#N/A,0.000407033,0.000325899
YOR195W,#N/A,#N/A,#N/A,#N/A,1.31E-05,1.14E-05,#N/A,#N/A
YOR216C,#N/A,#N/A,2.94E-05,2.42E-05,#N/A,#N/A,#N/A,#N/A
YOR273C,#N/A,#N/A,#N/A,#N/A,1.68E-05,1.06E-05,#N/A,#N/A
YOR275C,1.41E-05,1.57E-05,#N/A,#N/A,#N/A,#N/A,#N/A,#N/A
YOR360C,#N/A,#N/A,#N/A,#N/A,#N/A,#N/A,#N/A,#N/A
YPL045W,2.27E-05,1.87E-05,#N/A,#N/A,#N/A,#N/A,#N/A,#N/A
YPL070W,#N/A,#N/A,#N/A,#N/A,#N/A,#N/A,#N/A,#N/A
YPL101W,#N/A,#N/A,#N/A,#N/A,5.69E-06,9.72E-06,#N/A,#N/A
YPL135W,#N/A,#N/A,1.29E-05,1.44E-05,#N/A,#N/A,#N/A,#N/A
YPL146C,#N/A,#N/A,#N/A,#N/A,#N/A,#N/A,1.56E-05,1.71E-05
YPL161C,1.18E-05,1.01E-05,#N/A,#N/A,#N/A,#N/A,#N/A,#N/A
YPL206C,#N/A,#N/A,#N/A,#N/A,#N/A,#N/A,#N/A,#N/A
YPL213W,#N/A,#N/A,#N/A,#N/A,#N/A,#N/A,#N/A,#N/A
YPL265W,1.54E-05,1.91E-05,#N/A,#N/A,#N/A,#N/A,#N/A,#N/A
YPL270W,6.82E-06,6.87E-06,#N/A,#N/A,#N/A,#N/A,#N/A,#N/A
YPL273W,#N/A,#N/A,1.29E-05,7.40E-06,#N/A,#N/A,#N/A,#N/A
YPR045C,#N/A,#N/A,#N/A,#N/A,#N/A,#N/A,#N/A,#N/A
YPR160W,1.09E-05,1.19E-05,#N/A,#N/A,#N/A,#N/A,#N/A,#N/A
YPR162C,6.84E-06,9.22E-06,#N/A,#N/A,#N/A,#N/A,#N/A,#N/A
YPR175W,#N/A,#N/A,#N/A,#N/A,#N/A,#N/A,#N/A,#N/A
YPR176C,#N/A,#N/A,#N/A,#N/A,#N/A,#N/A,#N/A,#N/A
Q0085,#N/A,#N/A,#N/A,#N/A,#N/A,#N/A,#N/A,#N/A
Q0275,#N/A,#N/A,#N/A,#N/A,#N/A,#N/A,#N/A,#N/A
YAL001C,#N/A,#N/A,#N/A,#N/A,#N/A,#N/A,#N/A,#N/A
YAL010C,#N/A,#N/A,#N/A,#N/A,#N/A,#N/A,#N/A,#N/A
YAL013W,#N/A,#N/A,#N/A,#N/A,#N/A,#N/A,#N/A,#N/A
YAL020C,#N/A,#N/A,#N/A,#N/A,#N/A,#N/A,#N/A,#N/A
YAL027W,#N/A,#N/A,#N/A,#N/A,#N/A,#N/A,#N/A,#N/A
YAL030W,#N/A,#N/A,#N/A,#N/A,#N/A,#N/A,#N/A,#N/A
YAL031C,#N/A,#N/A,#N/A,#N/A,#N/A,#N/A,#N/A,#N/A
YAL034W-A,#N/A,#N/A,#N/A,#N/A,#N/A,#N/A,#N/A,#N/A
YAL039C,#N/A,#N/A,#N/A,#N/A,#N/A,#N/A,#N/A,#N/A
YAL046C,#N/A,#N/A,#N/A,#N/A,#N/A,#N/A,#N/A,#N/A
YAL051W,#N/A,#N/A,#N/A,#N/A,#N/A,#N/A,#N/A,#N/A
YAL053W,#N/A,#N/A,#N/A,#N/A,#N/A,#N/A,#N/A,#N/A
YAL058W,#N/A,#N/A,#N/A,#N/A,#N/A,#N/A,#N/A,#N/A
YAL059W,#N/A,#N/A,#N/A,#N/A,#N/A,#N/A,#N/A,#N/A
YAR014C,#N/A,#N/A,#N/A,#N/A,#N/A,#N/A,#N/A,#N/A
YAR018C,#N/A,#N/A,#N/A,#N/A,#N/A,#N/A,#N/A,#N/A
YBL001C,#N/A,#N/A,#N/A,#N/A,#N/A,#N/A,#N/A,#N/A
YBL006C,#N/A,#N/A,#N/A,#N/A,#N/A,#N/A,#N/A,#N/A
YBL008W,#N/A,#N/A,#N/A,#N/A,#N/A,#N/A,#N/A,#N/A
YBL010C,#N/A,#N/A,#N/A,#N/A,#N/A,#N/A,#N/A,#N/A
YBL011W,#N/A,#N/A,#N/A,#N/A,#N/A,#N/A,#N/A,#N/A
YBL020W,#N/A,#N/A,#N/A,#N/A,#N/A,#N/A,#N/A,#N/A
YBL028C,#N/A,#N/A,#N/A,#N/A,#N/A,#N/A,#N/A,#N/A
YBL029C-A,#N/A,#N/A,#N/A,#N/A,#N/A,#N/A,#N/A,#N/A
YBL034C,#N/A,#N/A,#N/A,#N/A,#N/A,#N/A,#N/A,#N/A
YBL046W,#N/A,#N/A,#N/A,#N/A,#N/A,#N/A,#N/A,#N/A
YBL054W,#N/A,#N/A,#N/A,#N/A,#N/A,#N/A,#N/A,#N/A
YBL059C-A,#N/A,#N/A,#N/A,#N/A,#N/A,#N/A,#N/A,#N/A
YBL059W,#N/A,#N/A,#N/A,#N/A,#N/A,#N/A,#N/A,#N/A
YBL061C,#N/A,#N/A,#N/A,#N/A,#N/A,#N/A,#N/A,#N/A
YBL080C,#N/A,#N/A,#N/A,#N/A,#N/A,#N/A,#N/A,#N/A
YBL082C,#N/A,#N/A,#N/A,#N/A,#N/A,#N/A,#N/A,#N/A
YBL084C,#N/A,#N/A,#N/A,#N/A,#N/A,#N/A,#N/A,#N/A
YBL085W,#N/A,#N/A,#N/A,#N/A,#N/A,#N/A,#N/A,#N/A
YBL089W,#N/A,#N/A,#N/A,#N/A,#N/A,#N/A,#N/A,#N/A
YBL090W,#N/A,#N/A,#N/A,#N/A,#N/A,#N/A,#N/A,#N/A
YBL095W,#N/A,#N/A,#N/A,#N/A,#N/A,#N/A,#N/A,#N/A
YBL103C,#N/A,#N/A,#N/A,#N/A,#N/A,#N/A,#N/A,#N/A
YBR005W,#N/A,#N/A,#N/A,#N/A,#N/A,#N/A,#N/A,#N/A
YBR016W,#N/A,#N/A,#N/A,#N/A,#N/A,#N/A,#N/A,#N/A
YBR022W,#N/A,#N/A,#N/A,#N/A,#N/A,#N/A,#N/A,#N/A
YBR024W,#N/A,#N/A,#N/A,#N/A,#N/A,#N/A,#N/A,#N/A
YBR026C,#N/A,#N/A,#N/A,#N/A,#N/A,#N/A,#N/A,#N/A
YBR030W,#N/A,#N/A,#N/A,#N/A,#N/A,#N/A,#N/A,#N/A
YBR036C,#N/A,#N/A,#N/A,#N/A,#N/A,#N/A,#N/A,#N/A
YBR037C,#N/A,#N/A,#N/A,#N/A,#N/A,#N/A,#N/A,#N/A
YBR038W,#N/A,#N/A,#N/A,#N/A,#N/A,#N/A,#N/A,#N/A
YBR046C,#N/A,#N/A,#N/A,#N/A,#N/A,#N/A,#N/A,#N/A
YBR055C,#N/A,#N/A,#N/A,#N/A,#N/A,#N/A,#N/A,#N/A
YBR058C-A,#N/A,#N/A,#N/A,#N/A,#N/A,#N/A,#N/A,#N/A
YBR060C,#N/A,#N/A,#N/A,#N/A,#N/A,#N/A,#N/A,#N/A
YBR065C,#N/A,#N/A,#N/A,#N/A,#N/A,#N/A,#N/A,#N/A
YBR070C,#N/A,#N/A,#N/A,#N/A,#N/A,#N/A,#N/A,#N/A
YBR077C,#N/A,#N/A,#N/A,#N/A,#N/A,#N/A,#N/A,#N/A
YBR081C,#N/A,#N/A,#N/A,#N/A,#N/A,#N/A,#N/A,#N/A
YBR085C-A,#N/A,#N/A,#N/A,#N/A,#N/A,#N/A,#N/A,#N/A
YBR089C-A,#N/A,#N/A,#N/A,#N/A,#N/A,#N/A,#N/A,#N/A
YBR091C,#N/A,#N/A,#N/A,#N/A,#N/A,#N/A,#N/A,#N/A
YBR108W,#N/A,#N/A,#N/A,#N/A,#N/A,#N/A,#N/A,#N/A
YBR117C,#N/A,#N/A,#N/A,#N/A,#N/A,#N/A,#N/A,#N/A
YBR119W,#N/A,#N/A,#N/A,#N/A,#N/A,#N/A,#N/A,#N/A
YBR120C,#N/A,#N/A,#N/A,#N/A,#N/A,#N/A,#N/A,#N/A
YBR122C,#N/A,#N/A,#N/A,#N/A,#N/A,#N/A,#N/A,#N/A
YBR123C,#N/A,#N/A,#N/A,#N/A,#N/A,#N/A,#N/A,#N/A
YBR126W-A,#N/A,#N/A,#N/A,#N/A,#N/A,#N/A,#N/A,#N/A
YBR129C,#N/A,#N/A,#N/A,#N/A,#N/A,#N/A,#N/A,#N/A
YBR131W,#N/A,#N/A,#N/A,#N/A,#N/A,#N/A,#N/A,#N/A
YBR135W,#N/A,#N/A,#N/A,#N/A,#N/A,#N/A,#N/A,#N/A
YBR146W,#N/A,#N/A,#N/A,#N/A,#N/A,#N/A,#N/A,#N/A
YBR153W,#N/A,#N/A,#N/A,#N/A,#N/A,#N/A,#N/A,#N/A
YBR175W,#N/A,#N/A,#N/A,#N/A,#N/A,#N/A,#N/A,#N/A
YBR176W,#N/A,#N/A,#N/A,#N/A,#N/A,#N/A,#N/A,#N/A
YBR179C,#N/A,#N/A,#N/A,#N/A,#N/A,#N/A,#N/A,#N/A
YBR183W,#N/A,#N/A,#N/A,#N/A,#N/A,#N/A,#N/A,#N/A
YBR187W,#N/A,#N/A,#N/A,#N/A,#N/A,#N/A,#N/A,#N/A
YBR192W,#N/A,#N/A,#N/A,#N/A,#N/A,#N/A,#N/A,#N/A
YBR195C,#N/A,#N/A,#N/A,#N/A,#N/A,#N/A,#N/A,#N/A
YBR197C,#N/A,#N/A,#N/A,#N/A,#N/A,#N/A,#N/A,#N/A
YBR199W,#N/A,#N/A,#N/A,#N/A,#N/A,#N/A,#N/A,#N/A
YBR204C,#N/A,#N/A,#N/A,#N/A,#N/A,#N/A,#N/A,#N/A
YBR208C,#N/A,#N/A,#N/A,#N/A,#N/A,#N/A,#N/A,#N/A
YBR210W,#N/A,#N/A,#N/A,#N/A,#N/A,#N/A,#N/A,#N/A
YBR214W,#N/A,#N/A,#N/A,#N/A,#N/A,#N/A,#N/A,#N/A
YBR215W,#N/A,#N/A,#N/A,#N/A,#N/A,#N/A,#N/A,#N/A
YBR220C,#N/A,#N/A,#N/A,#N/A,#N/A,#N/A,#N/A,#N/A
YBR225W,#N/A,#N/A,#N/A,#N/A,#N/A,#N/A,#N/A,#N/A
YBR229C,#N/A,#N/A,#N/A,#N/A,#N/A,#N/A,#N/A,#N/A
YBR230C,#N/A,#N/A,#N/A,#N/A,#N/A,#N/A,#N/A,#N/A
YBR233W,#N/A,#N/A,#N/A,#N/A,#N/A,#N/A,#N/A,#N/A
YBR242W,#N/A,#N/A,#N/A,#N/A,#N/A,#N/A,#N/A,#N/A
YBR243C,#N/A,#N/A,#N/A,#N/A,#N/A,#N/A,#N/A,#N/A
YBR254C,#N/A,#N/A,#N/A,#N/A,#N/A,#N/A,#N/A,#N/A
YBR255C-A,#N/A,#N/A,#N/A,#N/A,#N/A,#N/A,#N/A,#N/A
YBR257W,#N/A,#N/A,#N/A,#N/A,#N/A,#N/A,#N/A,#N/A
YBR262C,#N/A,#N/A,#N/A,#N/A,#N/A,#N/A,#N/A,#N/A
YBR268W,#N/A,#N/A,#N/A,#N/A,#N/A,#N/A,#N/A,#N/A
YBR271W,#N/A,#N/A,#N/A,#N/A,#N/A,#N/A,#N/A,#N/A
YBR275C,#N/A,#N/A,#N/A,#N/A,#N/A,#N/A,#N/A,#N/A
YBR276C,#N/A,#N/A,#N/A,#N/A,#N/A,#N/A,#N/A,#N/A
YBR280C,#N/A,#N/A,#N/A,#N/A,#N/A,#N/A,#N/A,#N/A
YBR282W,#N/A,#N/A,#N/A,#N/A,#N/A,#N/A,#N/A,#N/A
YBR287W,#N/A,#N/A,#N/A,#N/A,#N/A,#N/A,#N/A,#N/A
YBR289W,#N/A,#N/A,#N/A,#N/A,#N/A,#N/A,#N/A,#N/A
YBR294W,#N/A,#N/A,#N/A,#N/A,#N/A,#N/A,#N/A,#N/A
YCL005W-A,#N/A,#N/A,#N/A,#N/A,#N/A,#N/A,#N/A,#N/A
YCL010C,#N/A,#N/A,#N/A,#N/A,#N/A,#N/A,#N/A,#N/A
YCL012C,#N/A,#N/A,#N/A,#N/A,#N/A,#N/A,#N/A,#N/A
YCL016C,#N/A,#N/A,#N/A,#N/A,#N/A,#N/A,#N/A,#N/A
YCL024W,#N/A,#N/A,#N/A,#N/A,#N/A,#N/A,#N/A,#N/A
YCL025C,#N/A,#N/A,#N/A,#N/A,#N/A,#N/A,#N/A,#N/A
YCL029C,#N/A,#N/A,#N/A,#N/A,#N/A,#N/A,#N/A,#N/A
YCL031C,#N/A,#N/A,#N/A,#N/A,#N/A,#N/A,#N/A,#N/A
YCL032W,#N/A,#N/A,#N/A,#N/A,#N/A,#N/A,#N/A,#N/A
YCL038C,#N/A,#N/A,#N/A,#N/A,#N/A,#N/A,#N/A,#N/A
YCL047C,#N/A,#N/A,#N/A,#N/A,#N/A,#N/A,#N/A,#N/A
YCL051W,#N/A,#N/A,#N/A,#N/A,#N/A,#N/A,#N/A,#N/A
YCL061C,#N/A,#N/A,#N/A,#N/A,#N/A,#N/A,#N/A,#N/A
YCR003W,#N/A,#N/A,#N/A,#N/A,#N/A,#N/A,#N/A,#N/A
YCR019W,#N/A,#N/A,#N/A,#N/A,#N/A,#N/A,#N/A,#N/A
YCR020W-B,#N/A,#N/A,#N/A,#N/A,#N/A,#N/A,#N/A,#N/A
YCR024C,#N/A,#N/A,#N/A,#N/A,#N/A,#N/A,#N/A,#N/A
YCR034W,#N/A,#N/A,#N/A,#N/A,#N/A,#N/A,#N/A,#N/A
YCR043C,#N/A,#N/A,#N/A,#N/A,#N/A,#N/A,#N/A,#N/A
YCR044C,#N/A,#N/A,#N/A,#N/A,#N/A,#N/A,#N/A,#N/A
YCR066W,#N/A,#N/A,#N/A,#N/A,#N/A,#N/A,#N/A,#N/A
YCR073C,#N/A,#N/A,#N/A,#N/A,#N/A,#N/A,#N/A,#N/A
YCR076C,#N/A,#N/A,#N/A,#N/A,#N/A,#N/A,#N/A,#N/A
YCR086W,#N/A,#N/A,#N/A,#N/A,#N/A,#N/A,#N/A,#N/A
YCR095C,#N/A,#N/A,#N/A,#N/A,#N/A,#N/A,#N/A,#N/A
YDL001W,#N/A,#N/A,#N/A,#N/A,#N/A,#N/A,#N/A,#N/A
YDL002C,#N/A,#N/A,#N/A,#N/A,#N/A,#N/A,#N/A,#N/A
YDL003W,#N/A,#N/A,#N/A,#N/A,#N/A,#N/A,#N/A,#N/A
YDL005C,#N/A,#N/A,#N/A,#N/A,#N/A,#N/A,#N/A,#N/A
YDL030W,#N/A,#N/A,#N/A,#N/A,#N/A,#N/A,#N/A,#N/A
YDL036C,#N/A,#N/A,#N/A,#N/A,#N/A,#N/A,#N/A,#N/A
YDL042C,#N/A,#N/A,#N/A,#N/A,#N/A,#N/A,#N/A,#N/A
YDL043C,#N/A,#N/A,#N/A,#N/A,#N/A,#N/A,#N/A,#N/A
YDL044C,#N/A,#N/A,#N/A,#N/A,#N/A,#N/A,#N/A,#N/A
YDL045C,#N/A,#N/A,#N/A,#N/A,#N/A,#N/A,#N/A,#N/A
YDL054C,#N/A,#N/A,#N/A,#N/A,#N/A,#N/A,#N/A,#N/A
YDL057W,#N/A,#N/A,#N/A,#N/A,#N/A,#N/A,#N/A,#N/A
YDL073W,#N/A,#N/A,#N/A,#N/A,#N/A,#N/A,#N/A,#N/A
YDL076C,#N/A,#N/A,#N/A,#N/A,#N/A,#N/A,#N/A,#N/A
YDL077C,#N/A,#N/A,#N/A,#N/A,#N/A,#N/A,#N/A,#N/A
YDL081C,#N/A,#N/A,#N/A,#N/A,#N/A,#N/A,#N/A,#N/A
YDL085C-A,#N/A,#N/A,#N/A,#N/A,#N/A,#N/A,#N/A,#N/A
YDL087C,#N/A,#N/A,#N/A,#N/A,#N/A,#N/A,#N/A,#N/A
YDL090C,#N/A,#N/A,#N/A,#N/A,#N/A,#N/A,#N/A,#N/A
YDL091C,#N/A,#N/A,#N/A,#N/A,#N/A,#N/A,#N/A,#N/A
YDL106C,#N/A,#N/A,#N/A,#N/A,#N/A,#N/A,#N/A,#N/A
YDL110C,#N/A,#N/A,#N/A,#N/A,#N/A,#N/A,#N/A,#N/A
YDL113C,#N/A,#N/A,#N/A,#N/A,#N/A,#N/A,#N/A,#N/A
YDL115C,#N/A,#N/A,#N/A,#N/A,#N/A,#N/A,#N/A,#N/A
YDL117W,#N/A,#N/A,#N/A,#N/A,#N/A,#N/A,#N/A,#N/A
YDL119C,#N/A,#N/A,#N/A,#N/A,#N/A,#N/A,#N/A,#N/A
YDL120W,#N/A,#N/A,#N/A,#N/A,#N/A,#N/A,#N/A,#N/A
YDL157C,#N/A,#N/A,#N/A,#N/A,#N/A,#N/A,#N/A,#N/A
YDL170W,#N/A,#N/A,#N/A,#N/A,#N/A,#N/A,#N/A,#N/A
YDL189W,#N/A,#N/A,#N/A,#N/A,#N/A,#N/A,#N/A,#N/A
YDL203C,#N/A,#N/A,#N/A,#N/A,#N/A,#N/A,#N/A,#N/A
YDL207W,#N/A,#N/A,#N/A,#N/A,#N/A,#N/A,#N/A,#N/A
YDL212W,#N/A,#N/A,#N/A,#N/A,#N/A,#N/A,#N/A,#N/A
YDL217C,#N/A,#N/A,#N/A,#N/A,#N/A,#N/A,#N/A,#N/A
YDL222C,#N/A,#N/A,#N/A,#N/A,#N/A,#N/A,#N/A,#N/A
YDL224C,#N/A,#N/A,#N/A,#N/A,#N/A,#N/A,#N/A,#N/A
YDL235C,#N/A,#N/A,#N/A,#N/A,#N/A,#N/A,#N/A,#N/A
YDR005C,#N/A,#N/A,#N/A,#N/A,#N/A,#N/A,#N/A,#N/A
YDR007W,#N/A,#N/A,#N/A,#N/A,#N/A,#N/A,#N/A,#N/A
YDR013W,#N/A,#N/A,#N/A,#N/A,#N/A,#N/A,#N/A,#N/A
YDR017C,#N/A,#N/A,#N/A,#N/A,#N/A,#N/A,#N/A,#N/A
YDR020C,#N/A,#N/A,#N/A,#N/A,#N/A,#N/A,#N/A,#N/A
YDR031W,#N/A,#N/A,#N/A,#N/A,#N/A,#N/A,#N/A,#N/A
YDR040C,#N/A,#N/A,#N/A,#N/A,#N/A,#N/A,#N/A,#N/A
YDR045C,#N/A,#N/A,#N/A,#N/A,#N/A,#N/A,#N/A,#N/A
YDR054C,#N/A,#N/A,#N/A,#N/A,#N/A,#N/A,#N/A,#N/A
YDR055W,#N/A,#N/A,#N/A,#N/A,#N/A,#N/A,#N/A,#N/A
YDR057W,#N/A,#N/A,#N/A,#N/A,#N/A,#N/A,#N/A,#N/A
YDR067C,#N/A,#N/A,#N/A,#N/A,#N/A,#N/A,#N/A,#N/A
YDR072C,#N/A,#N/A,#N/A,#N/A,#N/A,#N/A,#N/A,#N/A
YDR080W,#N/A,#N/A,#N/A,#N/A,#N/A,#N/A,#N/A,#N/A
YDR100W,#N/A,#N/A,#N/A,#N/A,#N/A,#N/A,#N/A,#N/A
YDR107C,#N/A,#N/A,#N/A,#N/A,#N/A,#N/A,#N/A,#N/A
YDR115W,#N/A,#N/A,#N/A,#N/A,#N/A,#N/A,#N/A,#N/A
YDR128W,#N/A,#N/A,#N/A,#N/A,#N/A,#N/A,#N/A,#N/A
YDR140W,#N/A,#N/A,#N/A,#N/A,#N/A,#N/A,#N/A,#N/A
YDR143C,#N/A,#N/A,#N/A,#N/A,#N/A,#N/A,#N/A,#N/A
YDR144C,#N/A,#N/A,#N/A,#N/A,#N/A,#N/A,#N/A,#N/A
YDR156W,#N/A,#N/A,#N/A,#N/A,#N/A,#N/A,#N/A,#N/A
YDR159W,#N/A,#N/A,#N/A,#N/A,#N/A,#N/A,#N/A,#N/A
YDR162C,#N/A,#N/A,#N/A,#N/A,#N/A,#N/A,#N/A,#N/A
YDR167W,#N/A,#N/A,#N/A,#N/A,#N/A,#N/A,#N/A,#N/A
YDR169C,#N/A,#N/A,#N/A,#N/A,#N/A,#N/A,#N/A,#N/A
YDR180W,#N/A,#N/A,#N/A,#N/A,#N/A,#N/A,#N/A,#N/A
YDR183W,#N/A,#N/A,#N/A,#N/A,#N/A,#N/A,#N/A,#N/A
YDR192C,#N/A,#N/A,#N/A,#N/A,#N/A,#N/A,#N/A,#N/A
YDR196C,#N/A,#N/A,#N/A,#N/A,#N/A,#N/A,#N/A,#N/A
YDR197W,#N/A,#N/A,#N/A,#N/A,#N/A,#N/A,#N/A,#N/A
YDR200C,#N/A,#N/A,#N/A,#N/A,#N/A,#N/A,#N/A,#N/A
YDR201W,#N/A,#N/A,#N/A,#N/A,#N/A,#N/A,#N/A,#N/A
YDR205W,#N/A,#N/A,#N/A,#N/A,#N/A,#N/A,#N/A,#N/A
YDR206W,#N/A,#N/A,#N/A,#N/A,#N/A,#N/A,#N/A,#N/A
YDR207C,#N/A,#N/A,#N/A,#N/A,#N/A,#N/A,#N/A,#N/A
YDR222W,#N/A,#N/A,#N/A,#N/A,#N/A,#N/A,#N/A,#N/A
YDR229W,#N/A,#N/A,#N/A,#N/A,#N/A,#N/A,#N/A,#N/A
YDR231C,#N/A,#N/A,#N/A,#N/A,#N/A,#N/A,#N/A,#N/A
YDR235W,#N/A,#N/A,#N/A,#N/A,#N/A,#N/A,#N/A,#N/A
YDR239C,#N/A,#N/A,#N/A,#N/A,#N/A,#N/A,#N/A,#N/A
YDR246W,#N/A,#N/A,#N/A,#N/A,#N/A,#N/A,#N/A,#N/A
YDR261C,#N/A,#N/A,#N/A,#N/A,#N/A,#N/A,#N/A,#N/A
YDR270W,#N/A,#N/A,#N/A,#N/A,#N/A,#N/A,#N/A,#N/A
YDR279W,#N/A,#N/A,#N/A,#N/A,#N/A,#N/A,#N/A,#N/A
YDR291W,#N/A,#N/A,#N/A,#N/A,#N/A,#N/A,#N/A,#N/A
YDR295C,#N/A,#N/A,#N/A,#N/A,#N/A,#N/A,#N/A,#N/A
YDR296W,#N/A,#N/A,#N/A,#N/A,#N/A,#N/A,#N/A,#N/A
YDR302W,#N/A,#N/A,#N/A,#N/A,#N/A,#N/A,#N/A,#N/A
YDR307W,#N/A,#N/A,#N/A,#N/A,#N/A,#N/A,#N/A,#N/A
YDR308C,#N/A,#N/A,#N/A,#N/A,#N/A,#N/A,#N/A,#N/A
YDR316W,#N/A,#N/A,#N/A,#N/A,#N/A,#N/A,#N/A,#N/A
YDR325W,#N/A,#N/A,#N/A,#N/A,#N/A,#N/A,#N/A,#N/A
YDR339C,#N/A,#N/A,#N/A,#N/A,#N/A,#N/A,#N/A,#N/A
YDR352W,#N/A,#N/A,#N/A,#N/A,#N/A,#N/A,#N/A,#N/A
YDR364C,#N/A,#N/A,#N/A,#N/A,#N/A,#N/A,#N/A,#N/A
YDR371W,#N/A,#N/A,#N/A,#N/A,#N/A,#N/A,#N/A,#N/A
YDR375C,#N/A,#N/A,#N/A,#N/A,#N/A,#N/A,#N/A,#N/A
YDR376W,#N/A,#N/A,#N/A,#N/A,#N/A,#N/A,#N/A,#N/A
YDR379W,#N/A,#N/A,#N/A,#N/A,#N/A,#N/A,#N/A,#N/A
YDR381C-A,#N/A,#N/A,#N/A,#N/A,#N/A,#N/A,#N/A,#N/A
YDR384C,#N/A,#N/A,#N/A,#N/A,#N/A,#N/A,#N/A,#N/A
YDR389W,#N/A,#N/A,#N/A,#N/A,#N/A,#N/A,#N/A,#N/A
YDR392W,#N/A,#N/A,#N/A,#N/A,#N/A,#N/A,#N/A,#N/A
YDR393W,#N/A,#N/A,#N/A,#N/A,#N/A,#N/A,#N/A,#N/A
YDR397C,#N/A,#N/A,#N/A,#N/A,#N/A,#N/A,#N/A,#N/A
YDR414C,#N/A,#N/A,#N/A,#N/A,#N/A,#N/A,#N/A,#N/A
YDR415C,#N/A,#N/A,#N/A,#N/A,#N/A,#N/A,#N/A,#N/A
YDR416W,#N/A,#N/A,#N/A,#N/A,#N/A,#N/A,#N/A,#N/A
YDR419W,#N/A,#N/A,#N/A,#N/A,#N/A,#N/A,#N/A,#N/A
YDR424C,#N/A,#N/A,#N/A,#N/A,#N/A,#N/A,#N/A,#N/A
YDR425W,#N/A,#N/A,#N/A,#N/A,#N/A,#N/A,#N/A,#N/A
YDR441C,#N/A,#N/A,#N/A,#N/A,#N/A,#N/A,#N/A,#N/A
YDR448W,#N/A,#N/A,#N/A,#N/A,#N/A,#N/A,#N/A,#N/A
YDR456W,#N/A,#N/A,#N/A,#N/A,#N/A,#N/A,#N/A,#N/A
YDR460W,#N/A,#N/A,#N/A,#N/A,#N/A,#N/A,#N/A,#N/A
YDR466W,#N/A,#N/A,#N/A,#N/A,#N/A,#N/A,#N/A,#N/A
YDR469W,#N/A,#N/A,#N/A,#N/A,#N/A,#N/A,#N/A,#N/A
YDR473C,#N/A,#N/A,#N/A,#N/A,#N/A,#N/A,#N/A,#N/A
YDR475C,#N/A,#N/A,#N/A,#N/A,#N/A,#N/A,#N/A,#N/A
YDR479C,#N/A,#N/A,#N/A,#N/A,#N/A,#N/A,#N/A,#N/A
YDR482C,#N/A,#N/A,#N/A,#N/A,#N/A,#N/A,#N/A,#N/A
YDR484W,#N/A,#N/A,#N/A,#N/A,#N/A,#N/A,#N/A,#N/A
YDR486C,#N/A,#N/A,#N/A,#N/A,#N/A,#N/A,#N/A,#N/A
YDR489W,#N/A,#N/A,#N/A,#N/A,#N/A,#N/A,#N/A,#N/A
YDR490C,#N/A,#N/A,#N/A,#N/A,#N/A,#N/A,#N/A,#N/A
YDR494W,#N/A,#N/A,#N/A,#N/A,#N/A,#N/A,#N/A,#N/A
YDR495C,#N/A,#N/A,#N/A,#N/A,#N/A,#N/A,#N/A,#N/A
YDR497C,#N/A,#N/A,#N/A,#N/A,#N/A,#N/A,#N/A,#N/A
YDR498C,#N/A,#N/A,#N/A,#N/A,#N/A,#N/A,#N/A,#N/A
YDR503C,#N/A,#N/A,#N/A,#N/A,#N/A,#N/A,#N/A,#N/A
YDR505C,#N/A,#N/A,#N/A,#N/A,#N/A,#N/A,#N/A,#N/A
YDR511W,#N/A,#N/A,#N/A,#N/A,#N/A,#N/A,#N/A,#N/A
YDR512C,#N/A,#N/A,#N/A,#N/A,#N/A,#N/A,#N/A,#N/A
YDR514C,#N/A,#N/A,#N/A,#N/A,#N/A,#N/A,#N/A,#N/A
YDR518W,#N/A,#N/A,#N/A,#N/A,#N/A,#N/A,#N/A,#N/A
YDR525W-A,#N/A,#N/A,#N/A,#N/A,#N/A,#N/A,#N/A,#N/A
YEL001C,#N/A,#N/A,#N/A,#N/A,#N/A,#N/A,#N/A,#N/A
YEL003W,#N/A,#N/A,#N/A,#N/A,#N/A,#N/A,#N/A,#N/A
YEL007W,#N/A,#N/A,#N/A,#N/A,#N/A,#N/A,#N/A,#N/A
YEL011W,#N/A,#N/A,#N/A,#N/A,#N/A,#N/A,#N/A,#N/A
YEL012W,#N/A,#N/A,#N/A,#N/A,#N/A,#N/A,#N/A,#N/A
YEL017W,#N/A,#N/A,#N/A,#N/A,#N/A,#N/A,#N/A,#N/A
YEL020C,#N/A,#N/A,#N/A,#N/A,#N/A,#N/A,#N/A,#N/A
YEL027W,#N/A,#N/A,#N/A,#N/A,#N/A,#N/A,#N/A,#N/A
YEL038W,#N/A,#N/A,#N/A,#N/A,#N/A,#N/A,#N/A,#N/A
YEL043W,#N/A,#N/A,#N/A,#N/A,#N/A,#N/A,#N/A,#N/A
YEL044W,#N/A,#N/A,#N/A,#N/A,#N/A,#N/A,#N/A,#N/A
YEL048C,#N/A,#N/A,#N/A,#N/A,#N/A,#N/A,#N/A,#N/A
YEL062W,#N/A,#N/A,#N/A,#N/A,#N/A,#N/A,#N/A,#N/A
YER005W,#N/A,#N/A,#N/A,#N/A,#N/A,#N/A,#N/A,#N/A
YER010C,#N/A,#N/A,#N/A,#N/A,#N/A,#N/A,#N/A,#N/A
YER013W,#N/A,#N/A,#N/A,#N/A,#N/A,#N/A,#N/A,#N/A
YER014W,#N/A,#N/A,#N/A,#N/A,#N/A,#N/A,#N/A,#N/A
YER015W,#N/A,#N/A,#N/A,#N/A,#N/A,#N/A,#N/A,#N/A
YER018C,#N/A,#N/A,#N/A,#N/A,#N/A,#N/A,#N/A,#N/A
YER019C-A,#N/A,#N/A,#N/A,#N/A,#N/A,#N/A,#N/A,#N/A
YER027C,#N/A,#N/A,#N/A,#N/A,#N/A,#N/A,#N/A,#N/A
YER030W,#N/A,#N/A,#N/A,#N/A,#N/A,#N/A,#N/A,#N/A
YER047C,#N/A,#N/A,#N/A,#N/A,#N/A,#N/A,#N/A,#N/A
YER050C,#N/A,#N/A,#N/A,#N/A,#N/A,#N/A,#N/A,#N/A
YER053C,#N/A,#N/A,#N/A,#N/A,#N/A,#N/A,#N/A,#N/A
YER059W,#N/A,#N/A,#N/A,#N/A,#N/A,#N/A,#N/A,#N/A
YER068W,#N/A,#N/A,#N/A,#N/A,#N/A,#N/A,#N/A,#N/A
YER071C,#N/A,#N/A,#N/A,#N/A,#N/A,#N/A,#N/A,#N/A
YER072W,#N/A,#N/A,#N/A,#N/A,#N/A,#N/A,#N/A,#N/A
YER074W-A,#N/A,#N/A,#N/A,#N/A,#N/A,#N/A,#N/A,#N/A
YER075C,#N/A,#N/A,#N/A,#N/A,#N/A,#N/A,#N/A,#N/A
YER077C,#N/A,#N/A,#N/A,#N/A,#N/A,#N/A,#N/A,#N/A
YER078C,#N/A,#N/A,#N/A,#N/A,#N/A,#N/A,#N/A,#N/A
YER087W,#N/A,#N/A,#N/A,#N/A,#N/A,#N/A,#N/A,#N/A
YER100W,#N/A,#N/A,#N/A,#N/A,#N/A,#N/A,#N/A,#N/A
YER101C,#N/A,#N/A,#N/A,#N/A,#N/A,#N/A,#N/A,#N/A
YER113C,#N/A,#N/A,#N/A,#N/A,#N/A,#N/A,#N/A,#N/A
YER114C,#N/A,#N/A,#N/A,#N/A,#N/A,#N/A,#N/A,#N/A
YER118C,#N/A,#N/A,#N/A,#N/A,#N/A,#N/A,#N/A,#N/A
YER128W,#N/A,#N/A,#N/A,#N/A,#N/A,#N/A,#N/A,#N/A
YER142C,#N/A,#N/A,#N/A,#N/A,#N/A,#N/A,#N/A,#N/A
YER146W,#N/A,#N/A,#N/A,#N/A,#N/A,#N/A,#N/A,#N/A
YER147C,#N/A,#N/A,#N/A,#N/A,#N/A,#N/A,#N/A,#N/A
YER149C,#N/A,#N/A,#N/A,#N/A,#N/A,#N/A,#N/A,#N/A
YER154W,#N/A,#N/A,#N/A,#N/A,#N/A,#N/A,#N/A,#N/A
YER161C,#N/A,#N/A,#N/A,#N/A,#N/A,#N/A,#N/A,#N/A
YER163C,#N/A,#N/A,#N/A,#N/A,#N/A,#N/A,#N/A,#N/A
YER175C,#N/A,#N/A,#N/A,#N/A,#N/A,#N/A,#N/A,#N/A
YER182W,#N/A,#N/A,#N/A,#N/A,#N/A,#N/A,#N/A,#N/A
YFL010C,#N/A,#N/A,#N/A,#N/A,#N/A,#N/A,#N/A,#N/A
YFL013C,#N/A,#N/A,#N/A,#N/A,#N/A,#N/A,#N/A,#N/A
YFL017C,#N/A,#N/A,#N/A,#N/A,#N/A,#N/A,#N/A,#N/A
YFL017W-A,#N/A,#N/A,#N/A,#N/A,#N/A,#N/A,#N/A,#N/A
YFL021W,#N/A,#N/A,#N/A,#N/A,#N/A,#N/A,#N/A,#N/A
YFL023W,#N/A,#N/A,#N/A,#N/A,#N/A,#N/A,#N/A,#N/A
YFL027C,#N/A,#N/A,#N/A,#N/A,#N/A,#N/A,#N/A,#N/A
YFL029C,#N/A,#N/A,#N/A,#N/A,#N/A,#N/A,#N/A,#N/A
YFL030W,#N/A,#N/A,#N/A,#N/A,#N/A,#N/A,#N/A,#N/A
YFL033C,#N/A,#N/A,#N/A,#N/A,#N/A,#N/A,#N/A,#N/A
YFL034C-B,#N/A,#N/A,#N/A,#N/A,#N/A,#N/A,#N/A,#N/A
YFL034W,#N/A,#N/A,#N/A,#N/A,#N/A,#N/A,#N/A,#N/A
YFL036W,#N/A,#N/A,#N/A,#N/A,#N/A,#N/A,#N/A,#N/A
YFR003C,#N/A,#N/A,#N/A,#N/A,#N/A,#N/A,#N/A,#N/A
YFR005C,#N/A,#N/A,#N/A,#N/A,#N/A,#N/A,#N/A,#N/A
YFR007W,#N/A,#N/A,#N/A,#N/A,#N/A,#N/A,#N/A,#N/A
YFR019W,#N/A,#N/A,#N/A,#N/A,#N/A,#N/A,#N/A,#N/A
YFR020W,#N/A,#N/A,#N/A,#N/A,#N/A,#N/A,#N/A,#N/A
YFR021W,#N/A,#N/A,#N/A,#N/A,#N/A,#N/A,#N/A,#N/A
YFR029W,#N/A,#N/A,#N/A,#N/A,#N/A,#N/A,#N/A,#N/A
YFR039C,#N/A,#N/A,#N/A,#N/A,#N/A,#N/A,#N/A,#N/A
YFR041C,#N/A,#N/A,#N/A,#N/A,#N/A,#N/A,#N/A,#N/A
YFR042W,#N/A,#N/A,#N/A,#N/A,#N/A,#N/A,#N/A,#N/A
YFR049W,#N/A,#N/A,#N/A,#N/A,#N/A,#N/A,#N/A,#N/A
YGL018C,#N/A,#N/A,#N/A,#N/A,#N/A,#N/A,#N/A,#N/A
YGL023C,#N/A,#N/A,#N/A,#N/A,#N/A,#N/A,#N/A,#N/A
YGL025C,#N/A,#N/A,#N/A,#N/A,#N/A,#N/A,#N/A,#N/A
YGL028C,#N/A,#N/A,#N/A,#N/A,#N/A,#N/A,#N/A,#N/A
YGL038C,#N/A,#N/A,#N/A,#N/A,#N/A,#N/A,#N/A,#N/A
YGL041W-A,#N/A,#N/A,#N/A,#N/A,#N/A,#N/A,#N/A,#N/A
YGL047W,#N/A,#N/A,#N/A,#N/A,#N/A,#N/A,#N/A,#N/A
YGL054C,#N/A,#N/A,#N/A,#N/A,#N/A,#N/A,#N/A,#N/A
YGL057C,#N/A,#N/A,#N/A,#N/A,#N/A,#N/A,#N/A,#N/A
YGL058W,#N/A,#N/A,#N/A,#N/A,#N/A,#N/A,#N/A,#N/A
YGL064C,#N/A,#N/A,#N/A,#N/A,#N/A,#N/A,#N/A,#N/A
YGL066W,#N/A,#N/A,#N/A,#N/A,#N/A,#N/A,#N/A,#N/A
YGL073W,#N/A,#N/A,#N/A,#N/A,#N/A,#N/A,#N/A,#N/A
YGL080W,#N/A,#N/A,#N/A,#N/A,#N/A,#N/A,#N/A,#N/A
YGL083W,#N/A,#N/A,#N/A,#N/A,#N/A,#N/A,#N/A,#N/A
YGL084C,#N/A,#N/A,#N/A,#N/A,#N/A,#N/A,#N/A,#N/A
YGL086W,#N/A,#N/A,#N/A,#N/A,#N/A,#N/A,#N/A,#N/A
YGL091C,#N/A,#N/A,#N/A,#N/A,#N/A,#N/A,#N/A,#N/A
YGL094C,#N/A,#N/A,#N/A,#N/A,#N/A,#N/A,#N/A,#N/A
YGL098W,#N/A,#N/A,#N/A,#N/A,#N/A,#N/A,#N/A,#N/A
YGL108C,#N/A,#N/A,#N/A,#N/A,#N/A,#N/A,#N/A,#N/A
YGL117W,#N/A,#N/A,#N/A,#N/A,#N/A,#N/A,#N/A,#N/A
YGL126W,#N/A,#N/A,#N/A,#N/A,#N/A,#N/A,#N/A,#N/A
YGL128C,#N/A,#N/A,#N/A,#N/A,#N/A,#N/A,#N/A,#N/A
YGL139W,#N/A,#N/A,#N/A,#N/A,#N/A,#N/A,#N/A,#N/A
YGL143C,#N/A,#N/A,#N/A,#N/A,#N/A,#N/A,#N/A,#N/A
YGL145W,#N/A,#N/A,#N/A,#N/A,#N/A,#N/A,#N/A,#N/A
YGL155W,#N/A,#N/A,#N/A,#N/A,#N/A,#N/A,#N/A,#N/A
YGL160W,#N/A,#N/A,#N/A,#N/A,#N/A,#N/A,#N/A,#N/A
YGL181W,#N/A,#N/A,#N/A,#N/A,#N/A,#N/A,#N/A,#N/A
YGL197W,#N/A,#N/A,#N/A,#N/A,#N/A,#N/A,#N/A,#N/A
YGL198W,#N/A,#N/A,#N/A,#N/A,#N/A,#N/A,#N/A,#N/A
YGL203C,#N/A,#N/A,#N/A,#N/A,#N/A,#N/A,#N/A,#N/A
YGL212W,#N/A,#N/A,#N/A,#N/A,#N/A,#N/A,#N/A,#N/A
YGL216W,#N/A,#N/A,#N/A,#N/A,#N/A,#N/A,#N/A,#N/A
YGL220W,#N/A,#N/A,#N/A,#N/A,#N/A,#N/A,#N/A,#N/A
YGL223C,#N/A,#N/A,#N/A,#N/A,#N/A,#N/A,#N/A,#N/A
YGL224C,#N/A,#N/A,#N/A,#N/A,#N/A,#N/A,#N/A,#N/A
YGL226C-A,#N/A,#N/A,#N/A,#N/A,#N/A,#N/A,#N/A,#N/A
YGL236C,#N/A,#N/A,#N/A,#N/A,#N/A,#N/A,#N/A,#N/A
YGL248W,#N/A,#N/A,#N/A,#N/A,#N/A,#N/A,#N/A,#N/A
YGL254W,#N/A,#N/A,#N/A,#N/A,#N/A,#N/A,#N/A,#N/A
YGR002C,#N/A,#N/A,#N/A,#N/A,#N/A,#N/A,#N/A,#N/A
YGR003W,#N/A,#N/A,#N/A,#N/A,#N/A,#N/A,#N/A,#N/A
YGR004W,#N/A,#N/A,#N/A,#N/A,#N/A,#N/A,#N/A,#N/A
YGR006W,#N/A,#N/A,#N/A,#N/A,#N/A,#N/A,#N/A,#N/A
YGR007W,#N/A,#N/A,#N/A,#N/A,#N/A,#N/A,#N/A,#N/A
YGR013W,#N/A,#N/A,#N/A,#N/A,#N/A,#N/A,#N/A,#N/A
YGR017W,#N/A,#N/A,#N/A,#N/A,#N/A,#N/A,#N/A,#N/A
YGR019W,#N/A,#N/A,#N/A,#N/A,#N/A,#N/A,#N/A,#N/A
YGR026W,#N/A,#N/A,#N/A,#N/A,#N/A,#N/A,#N/A,#N/A
YGR028W,#N/A,#N/A,#N/A,#N/A,#N/A,#N/A,#N/A,#N/A
YGR033C,#N/A,#N/A,#N/A,#N/A,#N/A,#N/A,#N/A,#N/A
YGR036C,#N/A,#N/A,#N/A,#N/A,#N/A,#N/A,#N/A,#N/A
YGR040W,#N/A,#N/A,#N/A,#N/A,#N/A,#N/A,#N/A,#N/A
YGR047C,#N/A,#N/A,#N/A,#N/A,#N/A,#N/A,#N/A,#N/A
YGR049W,#N/A,#N/A,#N/A,#N/A,#N/A,#N/A,#N/A,#N/A
YGR058W,#N/A,#N/A,#N/A,#N/A,#N/A,#N/A,#N/A,#N/A
YGR068C,#N/A,#N/A,#N/A,#N/A,#N/A,#N/A,#N/A,#N/A
YGR072W,#N/A,#N/A,#N/A,#N/A,#N/A,#N/A,#N/A,#N/A
YGR076C,#N/A,#N/A,#N/A,#N/A,#N/A,#N/A,#N/A,#N/A
YGR081C,#N/A,#N/A,#N/A,#N/A,#N/A,#N/A,#N/A,#N/A
YGR089W,#N/A,#N/A,#N/A,#N/A,#N/A,#N/A,#N/A,#N/A
YGR093W,#N/A,#N/A,#N/A,#N/A,#N/A,#N/A,#N/A,#N/A
YGR112W,#N/A,#N/A,#N/A,#N/A,#N/A,#N/A,#N/A,#N/A
YGR113W,#N/A,#N/A,#N/A,#N/A,#N/A,#N/A,#N/A,#N/A
YGR120C,#N/A,#N/A,#N/A,#N/A,#N/A,#N/A,#N/A,#N/A
YGR121C,#N/A,#N/A,#N/A,#N/A,#N/A,#N/A,#N/A,#N/A
YGR134W,#N/A,#N/A,#N/A,#N/A,#N/A,#N/A,#N/A,#N/A
YGR140W,#N/A,#N/A,#N/A,#N/A,#N/A,#N/A,#N/A,#N/A
YGR147C,#N/A,#N/A,#N/A,#N/A,#N/A,#N/A,#N/A,#N/A
YGR149W,#N/A,#N/A,#N/A,#N/A,#N/A,#N/A,#N/A,#N/A
YGR150C,#N/A,#N/A,#N/A,#N/A,#N/A,#N/A,#N/A,#N/A
YGR166W,#N/A,#N/A,#N/A,#N/A,#N/A,#N/A,#N/A,#N/A
YGR169C-A,#N/A,#N/A,#N/A,#N/A,#N/A,#N/A,#N/A,#N/A
YGR171C,#N/A,#N/A,#N/A,#N/A,#N/A,#N/A,#N/A,#N/A
YGR172C,#N/A,#N/A,#N/A,#N/A,#N/A,#N/A,#N/A,#N/A
YGR174C,#N/A,#N/A,#N/A,#N/A,#N/A,#N/A,#N/A,#N/A
YGR177C,#N/A,#N/A,#N/A,#N/A,#N/A,#N/A,#N/A,#N/A
YGR179C,#N/A,#N/A,#N/A,#N/A,#N/A,#N/A,#N/A,#N/A
YGR183C,#N/A,#N/A,#N/A,#N/A,#N/A,#N/A,#N/A,#N/A
YGR196C,#N/A,#N/A,#N/A,#N/A,#N/A,#N/A,#N/A,#N/A
YGR205W,#N/A,#N/A,#N/A,#N/A,#N/A,#N/A,#N/A,#N/A
YGR215W,#N/A,#N/A,#N/A,#N/A,#N/A,#N/A,#N/A,#N/A
YGR220C,#N/A,#N/A,#N/A,#N/A,#N/A,#N/A,#N/A,#N/A
YGR222W,#N/A,#N/A,#N/A,#N/A,#N/A,#N/A,#N/A,#N/A
YGR223C,#N/A,#N/A,#N/A,#N/A,#N/A,#N/A,#N/A,#N/A
YGR227W,#N/A,#N/A,#N/A,#N/A,#N/A,#N/A,#N/A,#N/A
YGR233C,#N/A,#N/A,#N/A,#N/A,#N/A,#N/A,#N/A,#N/A
YGR251W,#N/A,#N/A,#N/A,#N/A,#N/A,#N/A,#N/A,#N/A
YGR252W,#N/A,#N/A,#N/A,#N/A,#N/A,#N/A,#N/A,#N/A
YGR255C,#N/A,#N/A,#N/A,#N/A,#N/A,#N/A,#N/A,#N/A
YGR257C,#N/A,#N/A,#N/A,#N/A,#N/A,#N/A,#N/A,#N/A
YGR268C,#N/A,#N/A,#N/A,#N/A,#N/A,#N/A,#N/A,#N/A
YGR274C,#N/A,#N/A,#N/A,#N/A,#N/A,#N/A,#N/A,#N/A
YGR276C,#N/A,#N/A,#N/A,#N/A,#N/A,#N/A,#N/A,#N/A
YGR278W,#N/A,#N/A,#N/A,#N/A,#N/A,#N/A,#N/A,#N/A
YHL017W,#N/A,#N/A,#N/A,#N/A,#N/A,#N/A,#N/A,#N/A
YHL020C,#N/A,#N/A,#N/A,#N/A,#N/A,#N/A,#N/A,#N/A
YHL023C,#N/A,#N/A,#N/A,#N/A,#N/A,#N/A,#N/A,#N/A
YHL025W,#N/A,#N/A,#N/A,#N/A,#N/A,#N/A,#N/A,#N/A
YHL038C,#N/A,#N/A,#N/A,#N/A,#N/A,#N/A,#N/A,#N/A
YHR011W,#N/A,#N/A,#N/A,#N/A,#N/A,#N/A,#N/A,#N/A
YHR023W,#N/A,#N/A,#N/A,#N/A,#N/A,#N/A,#N/A,#N/A
YHR026W,#N/A,#N/A,#N/A,#N/A,#N/A,#N/A,#N/A,#N/A
YHR035W,#N/A,#N/A,#N/A,#N/A,#N/A,#N/A,#N/A,#N/A
YHR038W,#N/A,#N/A,#N/A,#N/A,#N/A,#N/A,#N/A,#N/A
YHR040W,#N/A,#N/A,#N/A,#N/A,#N/A,#N/A,#N/A,#N/A
YHR043C,#N/A,#N/A,#N/A,#N/A,#N/A,#N/A,#N/A,#N/A
YHR045W,#N/A,#N/A,#N/A,#N/A,#N/A,#N/A,#N/A,#N/A
YHR055C,#N/A,#N/A,#N/A,#N/A,#N/A,#N/A,#N/A,#N/A
YHR057C,#N/A,#N/A,#N/A,#N/A,#N/A,#N/A,#N/A,#N/A
YHR058C,#N/A,#N/A,#N/A,#N/A,#N/A,#N/A,#N/A,#N/A
YHR060W,#N/A,#N/A,#N/A,#N/A,#N/A,#N/A,#N/A,#N/A
YHR077C,#N/A,#N/A,#N/A,#N/A,#N/A,#N/A,#N/A,#N/A
YHR081W,#N/A,#N/A,#N/A,#N/A,#N/A,#N/A,#N/A,#N/A
YHR084W,#N/A,#N/A,#N/A,#N/A,#N/A,#N/A,#N/A,#N/A
YHR086W,#N/A,#N/A,#N/A,#N/A,#N/A,#N/A,#N/A,#N/A
YHR091C,#N/A,#N/A,#N/A,#N/A,#N/A,#N/A,#N/A,#N/A
YHR097C,#N/A,#N/A,#N/A,#N/A,#N/A,#N/A,#N/A,#N/A
YHR100C,#N/A,#N/A,#N/A,#N/A,#N/A,#N/A,#N/A,#N/A
YHR115C,#N/A,#N/A,#N/A,#N/A,#N/A,#N/A,#N/A,#N/A
YHR133C,#N/A,#N/A,#N/A,#N/A,#N/A,#N/A,#N/A,#N/A
YHR138C,#N/A,#N/A,#N/A,#N/A,#N/A,#N/A,#N/A,#N/A
YHR142W,#N/A,#N/A,#N/A,#N/A,#N/A,#N/A,#N/A,#N/A
YHR144C,#N/A,#N/A,#N/A,#N/A,#N/A,#N/A,#N/A,#N/A
YHR149C,#N/A,#N/A,#N/A,#N/A,#N/A,#N/A,#N/A,#N/A
YHR161C,#N/A,#N/A,#N/A,#N/A,#N/A,#N/A,#N/A,#N/A
YHR165C,#N/A,#N/A,#N/A,#N/A,#N/A,#N/A,#N/A,#N/A
YHR166C,#N/A,#N/A,#N/A,#N/A,#N/A,#N/A,#N/A,#N/A
YHR167W,#N/A,#N/A,#N/A,#N/A,#N/A,#N/A,#N/A,#N/A
YHR171W,#N/A,#N/A,#N/A,#N/A,#N/A,#N/A,#N/A,#N/A
YHR172W,#N/A,#N/A,#N/A,#N/A,#N/A,#N/A,#N/A,#N/A
YHR176W,#N/A,#N/A,#N/A,#N/A,#N/A,#N/A,#N/A,#N/A
YHR191C,#N/A,#N/A,#N/A,#N/A,#N/A,#N/A,#N/A,#N/A
YHR195W,#N/A,#N/A,#N/A,#N/A,#N/A,#N/A,#N/A,#N/A
YHR198C,#N/A,#N/A,#N/A,#N/A,#N/A,#N/A,#N/A,#N/A
YHR199C,#N/A,#N/A,#N/A,#N/A,#N/A,#N/A,#N/A,#N/A
YHR206W,#N/A,#N/A,#N/A,#N/A,#N/A,#N/A,#N/A,#N/A
YHR207C,#N/A,#N/A,#N/A,#N/A,#N/A,#N/A,#N/A,#N/A
YHR209W,#N/A,#N/A,#N/A,#N/A,#N/A,#N/A,#N/A,#N/A
YIL002W-A,#N/A,#N/A,#N/A,#N/A,#N/A,#N/A,#N/A,#N/A
YIL003W,#N/A,#N/A,#N/A,#N/A,#N/A,#N/A,#N/A,#N/A
YIL004C,#N/A,#N/A,#N/A,#N/A,#N/A,#N/A,#N/A,#N/A
YIL007C,#N/A,#N/A,#N/A,#N/A,#N/A,#N/A,#N/A,#N/A
YIL008W,#N/A,#N/A,#N/A,#N/A,#N/A,#N/A,#N/A,#N/A
YIL017C,#N/A,#N/A,#N/A,#N/A,#N/A,#N/A,#N/A,#N/A
YIL019W,#N/A,#N/A,#N/A,#N/A,#N/A,#N/A,#N/A,#N/A
YIL036W,#N/A,#N/A,#N/A,#N/A,#N/A,#N/A,#N/A,#N/A
YIL042C,#N/A,#N/A,#N/A,#N/A,#N/A,#N/A,#N/A,#N/A
YIL046W,#N/A,#N/A,#N/A,#N/A,#N/A,#N/A,#N/A,#N/A
YIL061C,#N/A,#N/A,#N/A,#N/A,#N/A,#N/A,#N/A,#N/A
YIL079C,#N/A,#N/A,#N/A,#N/A,#N/A,#N/A,#N/A,#N/A
YIL084C,#N/A,#N/A,#N/A,#N/A,#N/A,#N/A,#N/A,#N/A
YIL087C,#N/A,#N/A,#N/A,#N/A,#N/A,#N/A,#N/A,#N/A
YIL088C,#N/A,#N/A,#N/A,#N/A,#N/A,#N/A,#N/A,#N/A
YIL090W,#N/A,#N/A,#N/A,#N/A,#N/A,#N/A,#N/A,#N/A
YIL095W,#N/A,#N/A,#N/A,#N/A,#N/A,#N/A,#N/A,#N/A
YIL096C,#N/A,#N/A,#N/A,#N/A,#N/A,#N/A,#N/A,#N/A
YIL098C,#N/A,#N/A,#N/A,#N/A,#N/A,#N/A,#N/A,#N/A
YIL117C,#N/A,#N/A,#N/A,#N/A,#N/A,#N/A,#N/A,#N/A
YIL123W,#N/A,#N/A,#N/A,#N/A,#N/A,#N/A,#N/A,#N/A
YIL127C,#N/A,#N/A,#N/A,#N/A,#N/A,#N/A,#N/A,#N/A
YIL129C,#N/A,#N/A,#N/A,#N/A,#N/A,#N/A,#N/A,#N/A
YIL135C,#N/A,#N/A,#N/A,#N/A,#N/A,#N/A,#N/A,#N/A
YIL146C,#N/A,#N/A,#N/A,#N/A,#N/A,#N/A,#N/A,#N/A
YIL153W,#N/A,#N/A,#N/A,#N/A,#N/A,#N/A,#N/A,#N/A
YIL154C,#N/A,#N/A,#N/A,#N/A,#N/A,#N/A,#N/A,#N/A
YIL156W,#N/A,#N/A,#N/A,#N/A,#N/A,#N/A,#N/A,#N/A
YIL156W-B,#N/A,#N/A,#N/A,#N/A,#N/A,#N/A,#N/A,#N/A
YIL161W,#N/A,#N/A,#N/A,#N/A,#N/A,#N/A,#N/A,#N/A
YIL162W,#N/A,#N/A,#N/A,#N/A,#N/A,#N/A,#N/A,#N/A
YIL164C,#N/A,#N/A,#N/A,#N/A,#N/A,#N/A,#N/A,#N/A
YIR001C,#N/A,#N/A,#N/A,#N/A,#N/A,#N/A,#N/A,#N/A
YIR005W,#N/A,#N/A,#N/A,#N/A,#N/A,#N/A,#N/A,#N/A
YIR007W,#N/A,#N/A,#N/A,#N/A,#N/A,#N/A,#N/A,#N/A
YIR009W,#N/A,#N/A,#N/A,#N/A,#N/A,#N/A,#N/A,#N/A
YIR023W,#N/A,#N/A,#N/A,#N/A,#N/A,#N/A,#N/A,#N/A
YIR024C,#N/A,#N/A,#N/A,#N/A,#N/A,#N/A,#N/A,#N/A
YIR030C,#N/A,#N/A,#N/A,#N/A,#N/A,#N/A,#N/A,#N/A
YJL004C,#N/A,#N/A,#N/A,#N/A,#N/A,#N/A,#N/A,#N/A
YJL005W,#N/A,#N/A,#N/A,#N/A,#N/A,#N/A,#N/A,#N/A
YJL044C,#N/A,#N/A,#N/A,#N/A,#N/A,#N/A,#N/A,#N/A
YJL046W,#N/A,#N/A,#N/A,#N/A,#N/A,#N/A,#N/A,#N/A
YJL047C,#N/A,#N/A,#N/A,#N/A,#N/A,#N/A,#N/A,#N/A
YJL066C,#N/A,#N/A,#N/A,#N/A,#N/A,#N/A,#N/A,#N/A
YJL071W,#N/A,#N/A,#N/A,#N/A,#N/A,#N/A,#N/A,#N/A
YJL072C,#N/A,#N/A,#N/A,#N/A,#N/A,#N/A,#N/A,#N/A
YJL096W,#N/A,#N/A,#N/A,#N/A,#N/A,#N/A,#N/A,#N/A
YJL097W,#N/A,#N/A,#N/A,#N/A,#N/A,#N/A,#N/A,#N/A
YJL100W,#N/A,#N/A,#N/A,#N/A,#N/A,#N/A,#N/A,#N/A
YJL102W,#N/A,#N/A,#N/A,#N/A,#N/A,#N/A,#N/A,#N/A
YJL107C,#N/A,#N/A,#N/A,#N/A,#N/A,#N/A,#N/A,#N/A
YJL112W,#N/A,#N/A,#N/A,#N/A,#N/A,#N/A,#N/A,#N/A
YJL133C-A,#N/A,#N/A,#N/A,#N/A,#N/A,#N/A,#N/A,#N/A
YJL134W,#N/A,#N/A,#N/A,#N/A,#N/A,#N/A,#N/A,#N/A
YJL141C,#N/A,#N/A,#N/A,#N/A,#N/A,#N/A,#N/A,#N/A
YJL143W,#N/A,#N/A,#N/A,#N/A,#N/A,#N/A,#N/A,#N/A
YJL151C,#N/A,#N/A,#N/A,#N/A,#N/A,#N/A,#N/A,#N/A
YJL153C,#N/A,#N/A,#N/A,#N/A,#N/A,#N/A,#N/A,#N/A
YJL156C,#N/A,#N/A,#N/A,#N/A,#N/A,#N/A,#N/A,#N/A
YJL164C,#N/A,#N/A,#N/A,#N/A,#N/A,#N/A,#N/A,#N/A
YJL174W,#N/A,#N/A,#N/A,#N/A,#N/A,#N/A,#N/A,#N/A
YJL179W,#N/A,#N/A,#N/A,#N/A,#N/A,#N/A,#N/A,#N/A
YJL180C,#N/A,#N/A,#N/A,#N/A,#N/A,#N/A,#N/A,#N/A
YJL182C,#N/A,#N/A,#N/A,#N/A,#N/A,#N/A,#N/A,#N/A
YJL197W,#N/A,#N/A,#N/A,#N/A,#N/A,#N/A,#N/A,#N/A
YJL198W,#N/A,#N/A,#N/A,#N/A,#N/A,#N/A,#N/A,#N/A
YJL203W,#N/A,#N/A,#N/A,#N/A,#N/A,#N/A,#N/A,#N/A
YJR005W,#N/A,#N/A,#N/A,#N/A,#N/A,#N/A,#N/A,#N/A
YJR019C,#N/A,#N/A,#N/A,#N/A,#N/A,#N/A,#N/A,#N/A
YJR022W,#N/A,#N/A,#N/A,#N/A,#N/A,#N/A,#N/A,#N/A
YJR024C,#N/A,#N/A,#N/A,#N/A,#N/A,#N/A,#N/A,#N/A
YJR034W,#N/A,#N/A,#N/A,#N/A,#N/A,#N/A,#N/A,#N/A
YJR040W,#N/A,#N/A,#N/A,#N/A,#N/A,#N/A,#N/A,#N/A
YJR043C,#N/A,#N/A,#N/A,#N/A,#N/A,#N/A,#N/A,#N/A
YJR049C,#N/A,#N/A,#N/A,#N/A,#N/A,#N/A,#N/A,#N/A
YJR050W,#N/A,#N/A,#N/A,#N/A,#N/A,#N/A,#N/A,#N/A
YJR052W,#N/A,#N/A,#N/A,#N/A,#N/A,#N/A,#N/A,#N/A
YJR055W,#N/A,#N/A,#N/A,#N/A,#N/A,#N/A,#N/A,#N/A
YJR062C,#N/A,#N/A,#N/A,#N/A,#N/A,#N/A,#N/A,#N/A
YJR066W,#N/A,#N/A,#N/A,#N/A,#N/A,#N/A,#N/A,#N/A
YJR091C,#N/A,#N/A,#N/A,#N/A,#N/A,#N/A,#N/A,#N/A
YJR092W,#N/A,#N/A,#N/A,#N/A,#N/A,#N/A,#N/A,#N/A
YJR093C,#N/A,#N/A,#N/A,#N/A,#N/A,#N/A,#N/A,#N/A
YJR096W,#N/A,#N/A,#N/A,#N/A,#N/A,#N/A,#N/A,#N/A
YJR097W,#N/A,#N/A,#N/A,#N/A,#N/A,#N/A,#N/A,#N/A
YJR099W,#N/A,#N/A,#N/A,#N/A,#N/A,#N/A,#N/A,#N/A
YJR100C,#N/A,#N/A,#N/A,#N/A,#N/A,#N/A,#N/A,#N/A
YJR101W,#N/A,#N/A,#N/A,#N/A,#N/A,#N/A,#N/A,#N/A
YJR102C,#N/A,#N/A,#N/A,#N/A,#N/A,#N/A,#N/A,#N/A
YJR118C,#N/A,#N/A,#N/A,#N/A,#N/A,#N/A,#N/A,#N/A
YJR122W,#N/A,#N/A,#N/A,#N/A,#N/A,#N/A,#N/A,#N/A
YJR124C,#N/A,#N/A,#N/A,#N/A,#N/A,#N/A,#N/A,#N/A
YJR131W,#N/A,#N/A,#N/A,#N/A,#N/A,#N/A,#N/A,#N/A
YJR134C,#N/A,#N/A,#N/A,#N/A,#N/A,#N/A,#N/A,#N/A
YJR135C,#N/A,#N/A,#N/A,#N/A,#N/A,#N/A,#N/A,#N/A
YJR138W,#N/A,#N/A,#N/A,#N/A,#N/A,#N/A,#N/A,#N/A
YJR140C,#N/A,#N/A,#N/A,#N/A,#N/A,#N/A,#N/A,#N/A
YKL003C,#N/A,#N/A,#N/A,#N/A,#N/A,#N/A,#N/A,#N/A
YKL006C-A,#N/A,#N/A,#N/A,#N/A,#N/A,#N/A,#N/A,#N/A
YKL011C,#N/A,#N/A,#N/A,#N/A,#N/A,#N/A,#N/A,#N/A
YKL012W,#N/A,#N/A,#N/A,#N/A,#N/A,#N/A,#N/A,#N/A
YKL019W,#N/A,#N/A,#N/A,#N/A,#N/A,#N/A,#N/A,#N/A
YKL023W,#N/A,#N/A,#N/A,#N/A,#N/A,#N/A,#N/A,#N/A
YKL025C,#N/A,#N/A,#N/A,#N/A,#N/A,#N/A,#N/A,#N/A
YKL032C,#N/A,#N/A,#N/A,#N/A,#N/A,#N/A,#N/A,#N/A
YKL033W,#N/A,#N/A,#N/A,#N/A,#N/A,#N/A,#N/A,#N/A
YKL034W,#N/A,#N/A,#N/A,#N/A,#N/A,#N/A,#N/A,#N/A
YKL038W,#N/A,#N/A,#N/A,#N/A,#N/A,#N/A,#N/A,#N/A
YKL041W,#N/A,#N/A,#N/A,#N/A,#N/A,#N/A,#N/A,#N/A
YKL045W,#N/A,#N/A,#N/A,#N/A,#N/A,#N/A,#N/A,#N/A
YKL046C,#N/A,#N/A,#N/A,#N/A,#N/A,#N/A,#N/A,#N/A
YKL051W,#N/A,#N/A,#N/A,#N/A,#N/A,#N/A,#N/A,#N/A
YKL052C,#N/A,#N/A,#N/A,#N/A,#N/A,#N/A,#N/A,#N/A
YKL053C-A,#N/A,#N/A,#N/A,#N/A,#N/A,#N/A,#N/A,#N/A
YKL059C,#N/A,#N/A,#N/A,#N/A,#N/A,#N/A,#N/A,#N/A
YKL063C,#N/A,#N/A,#N/A,#N/A,#N/A,#N/A,#N/A,#N/A
YKL064W,#N/A,#N/A,#N/A,#N/A,#N/A,#N/A,#N/A,#N/A
YKL069W,#N/A,#N/A,#N/A,#N/A,#N/A,#N/A,#N/A,#N/A
YKL074C,#N/A,#N/A,#N/A,#N/A,#N/A,#N/A,#N/A,#N/A
YKL075C,#N/A,#N/A,#N/A,#N/A,#N/A,#N/A,#N/A,#N/A
YKL091C,#N/A,#N/A,#N/A,#N/A,#N/A,#N/A,#N/A,#N/A
YKL092C,#N/A,#N/A,#N/A,#N/A,#N/A,#N/A,#N/A,#N/A
YKL095W,#N/A,#N/A,#N/A,#N/A,#N/A,#N/A,#N/A,#N/A
YKL101W,#N/A,#N/A,#N/A,#N/A,#N/A,#N/A,#N/A,#N/A
YKL116C,#N/A,#N/A,#N/A,#N/A,#N/A,#N/A,#N/A,#N/A
YKL119C,#N/A,#N/A,#N/A,#N/A,#N/A,#N/A,#N/A,#N/A
YKL124W,#N/A,#N/A,#N/A,#N/A,#N/A,#N/A,#N/A,#N/A
YKL134C,#N/A,#N/A,#N/A,#N/A,#N/A,#N/A,#N/A,#N/A
YKL137W,#N/A,#N/A,#N/A,#N/A,#N/A,#N/A,#N/A,#N/A
YKL138C,#N/A,#N/A,#N/A,#N/A,#N/A,#N/A,#N/A,#N/A
YKL138C-A,#N/A,#N/A,#N/A,#N/A,#N/A,#N/A,#N/A,#N/A
YKL139W,#N/A,#N/A,#N/A,#N/A,#N/A,#N/A,#N/A,#N/A
YKL140W,#N/A,#N/A,#N/A,#N/A,#N/A,#N/A,#N/A,#N/A
YKL141W,#N/A,#N/A,#N/A,#N/A,#N/A,#N/A,#N/A,#N/A
YKL149C,#N/A,#N/A,#N/A,#N/A,#N/A,#N/A,#N/A,#N/A
YKL155C,#N/A,#N/A,#N/A,#N/A,#N/A,#N/A,#N/A,#N/A
YKL160W,#N/A,#N/A,#N/A,#N/A,#N/A,#N/A,#N/A,#N/A
YKL166C,#N/A,#N/A,#N/A,#N/A,#N/A,#N/A,#N/A,#N/A
YKL168C,#N/A,#N/A,#N/A,#N/A,#N/A,#N/A,#N/A,#N/A
YKL170W,#N/A,#N/A,#N/A,#N/A,#N/A,#N/A,#N/A,#N/A
YKL174C,#N/A,#N/A,#N/A,#N/A,#N/A,#N/A,#N/A,#N/A
YKL175W,#N/A,#N/A,#N/A,#N/A,#N/A,#N/A,#N/A,#N/A
YKL197C,#N/A,#N/A,#N/A,#N/A,#N/A,#N/A,#N/A,#N/A
YKL203C,#N/A,#N/A,#N/A,#N/A,#N/A,#N/A,#N/A,#N/A
YKL207W,#N/A,#N/A,#N/A,#N/A,#N/A,#N/A,#N/A,#N/A
YKL209C,#N/A,#N/A,#N/A,#N/A,#N/A,#N/A,#N/A,#N/A
YKR007W,#N/A,#N/A,#N/A,#N/A,#N/A,#N/A,#N/A,#N/A
YKR023W,#N/A,#N/A,#N/A,#N/A,#N/A,#N/A,#N/A,#N/A
YKR029C,#N/A,#N/A,#N/A,#N/A,#N/A,#N/A,#N/A,#N/A
YKR030W,#N/A,#N/A,#N/A,#N/A,#N/A,#N/A,#N/A,#N/A
YKR036C,#N/A,#N/A,#N/A,#N/A,#N/A,#N/A,#N/A,#N/A
YKR039W,#N/A,#N/A,#N/A,#N/A,#N/A,#N/A,#N/A,#N/A
YKR044W,#N/A,#N/A,#N/A,#N/A,#N/A,#N/A,#N/A,#N/A
YKR055W,#N/A,#N/A,#N/A,#N/A,#N/A,#N/A,#N/A,#N/A
YKR074W,#N/A,#N/A,#N/A,#N/A,#N/A,#N/A,#N/A,#N/A
YKR085C,#N/A,#N/A,#N/A,#N/A,#N/A,#N/A,#N/A,#N/A
YKR087C,#N/A,#N/A,#N/A,#N/A,#N/A,#N/A,#N/A,#N/A
YKR089C,#N/A,#N/A,#N/A,#N/A,#N/A,#N/A,#N/A,#N/A
YKR090W,#N/A,#N/A,#N/A,#N/A,#N/A,#N/A,#N/A,#N/A
YKR100C,#N/A,#N/A,#N/A,#N/A,#N/A,#N/A,#N/A,#N/A
YLL002W,#N/A,#N/A,#N/A,#N/A,#N/A,#N/A,#N/A,#N/A
YLL006W,#N/A,#N/A,#N/A,#N/A,#N/A,#N/A,#N/A,#N/A
YLL009C,#N/A,#N/A,#N/A,#N/A,#N/A,#N/A,#N/A,#N/A
YLL013C,#N/A,#N/A,#N/A,#N/A,#N/A,#N/A,#N/A,#N/A
YLL022C,#N/A,#N/A,#N/A,#N/A,#N/A,#N/A,#N/A,#N/A
YLL031C,#N/A,#N/A,#N/A,#N/A,#N/A,#N/A,#N/A,#N/A
YLL032C,#N/A,#N/A,#N/A,#N/A,#N/A,#N/A,#N/A,#N/A
YLL035W,#N/A,#N/A,#N/A,#N/A,#N/A,#N/A,#N/A,#N/A
YLL038C,#N/A,#N/A,#N/A,#N/A,#N/A,#N/A,#N/A,#N/A
YLL043W,#N/A,#N/A,#N/A,#N/A,#N/A,#N/A,#N/A,#N/A
YLL055W,#N/A,#N/A,#N/A,#N/A,#N/A,#N/A,#N/A,#N/A
YLR001C,#N/A,#N/A,#N/A,#N/A,#N/A,#N/A,#N/A,#N/A
YLR007W,#N/A,#N/A,#N/A,#N/A,#N/A,#N/A,#N/A,#N/A
YLR008C,#N/A,#N/A,#N/A,#N/A,#N/A,#N/A,#N/A,#N/A
YLR011W,#N/A,#N/A,#N/A,#N/A,#N/A,#N/A,#N/A,#N/A
YLR018C,#N/A,#N/A,#N/A,#N/A,#N/A,#N/A,#N/A,#N/A
YLR020C,#N/A,#N/A,#N/A,#N/A,#N/A,#N/A,#N/A,#N/A
YLR032W,#N/A,#N/A,#N/A,#N/A,#N/A,#N/A,#N/A,#N/A
YLR039C,#N/A,#N/A,#N/A,#N/A,#N/A,#N/A,#N/A,#N/A
YLR050C,#N/A,#N/A,#N/A,#N/A,#N/A,#N/A,#N/A,#N/A
YLR059C,#N/A,#N/A,#N/A,#N/A,#N/A,#N/A,#N/A,#N/A
YLR064W,#N/A,#N/A,#N/A,#N/A,#N/A,#N/A,#N/A,#N/A
YLR065C,#N/A,#N/A,#N/A,#N/A,#N/A,#N/A,#N/A,#N/A
YLR072W,#N/A,#N/A,#N/A,#N/A,#N/A,#N/A,#N/A,#N/A
YLR077W,#N/A,#N/A,#N/A,#N/A,#N/A,#N/A,#N/A,#N/A
YLR081W,#N/A,#N/A,#N/A,#N/A,#N/A,#N/A,#N/A,#N/A
YLR085C,#N/A,#N/A,#N/A,#N/A,#N/A,#N/A,#N/A,#N/A
YLR086W,#N/A,#N/A,#N/A,#N/A,#N/A,#N/A,#N/A,#N/A
YLR088W,#N/A,#N/A,#N/A,#N/A,#N/A,#N/A,#N/A,#N/A
YLR092W,#N/A,#N/A,#N/A,#N/A,#N/A,#N/A,#N/A,#N/A
YLR096W,#N/A,#N/A,#N/A,#N/A,#N/A,#N/A,#N/A,#N/A
YLR104W,#N/A,#N/A,#N/A,#N/A,#N/A,#N/A,#N/A,#N/A
YLR107W,#N/A,#N/A,#N/A,#N/A,#N/A,#N/A,#N/A,#N/A
YLR108C,#N/A,#N/A,#N/A,#N/A,#N/A,#N/A,#N/A,#N/A
YLR116W,#N/A,#N/A,#N/A,#N/A,#N/A,#N/A,#N/A,#N/A
YLR117C,#N/A,#N/A,#N/A,#N/A,#N/A,#N/A,#N/A,#N/A
YLR119W,#N/A,#N/A,#N/A,#N/A,#N/A,#N/A,#N/A,#N/A
YLR120C,#N/A,#N/A,#N/A,#N/A,#N/A,#N/A,#N/A,#N/A
YLR132C,#N/A,#N/A,#N/A,#N/A,#N/A,#N/A,#N/A,#N/A
YLR137W,#N/A,#N/A,#N/A,#N/A,#N/A,#N/A,#N/A,#N/A
YLR139C,#N/A,#N/A,#N/A,#N/A,#N/A,#N/A,#N/A,#N/A
YLR146C,#N/A,#N/A,#N/A,#N/A,#N/A,#N/A,#N/A,#N/A
YLR170C,#N/A,#N/A,#N/A,#N/A,#N/A,#N/A,#N/A,#N/A
YLR178C,#N/A,#N/A,#N/A,#N/A,#N/A,#N/A,#N/A,#N/A
YLR181C,#N/A,#N/A,#N/A,#N/A,#N/A,#N/A,#N/A,#N/A
YLR182W,#N/A,#N/A,#N/A,#N/A,#N/A,#N/A,#N/A,#N/A
YLR188W,#N/A,#N/A,#N/A,#N/A,#N/A,#N/A,#N/A,#N/A
YLR191W,#N/A,#N/A,#N/A,#N/A,#N/A,#N/A,#N/A,#N/A
YLR201C,#N/A,#N/A,#N/A,#N/A,#N/A,#N/A,#N/A,#N/A
YLR205C,#N/A,#N/A,#N/A,#N/A,#N/A,#N/A,#N/A,#N/A
YLR207W,#N/A,#N/A,#N/A,#N/A,#N/A,#N/A,#N/A,#N/A
YLR214W,#N/A,#N/A,#N/A,#N/A,#N/A,#N/A,#N/A,#N/A
YLR221C,#N/A,#N/A,#N/A,#N/A,#N/A,#N/A,#N/A,#N/A
YLR234W,#N/A,#N/A,#N/A,#N/A,#N/A,#N/A,#N/A,#N/A
YLR238W,#N/A,#N/A,#N/A,#N/A,#N/A,#N/A,#N/A,#N/A
YLR239C,#N/A,#N/A,#N/A,#N/A,#N/A,#N/A,#N/A,#N/A
YLR240W,#N/A,#N/A,#N/A,#N/A,#N/A,#N/A,#N/A,#N/A
YLR241W,#N/A,#N/A,#N/A,#N/A,#N/A,#N/A,#N/A,#N/A
YLR247C,#N/A,#N/A,#N/A,#N/A,#N/A,#N/A,#N/A,#N/A
YLR253W,#N/A,#N/A,#N/A,#N/A,#N/A,#N/A,#N/A,#N/A
YLR257W,#N/A,#N/A,#N/A,#N/A,#N/A,#N/A,#N/A,#N/A
YLR260W,#N/A,#N/A,#N/A,#N/A,#N/A,#N/A,#N/A,#N/A
YLR272C,#N/A,#N/A,#N/A,#N/A,#N/A,#N/A,#N/A,#N/A
YLR290C,#N/A,#N/A,#N/A,#N/A,#N/A,#N/A,#N/A,#N/A
YLR298C,#N/A,#N/A,#N/A,#N/A,#N/A,#N/A,#N/A,#N/A
YLR299W,#N/A,#N/A,#N/A,#N/A,#N/A,#N/A,#N/A,#N/A
YLR310C,#N/A,#N/A,#N/A,#N/A,#N/A,#N/A,#N/A,#N/A
YLR316C,#N/A,#N/A,#N/A,#N/A,#N/A,#N/A,#N/A,#N/A
YLR326W,#N/A,#N/A,#N/A,#N/A,#N/A,#N/A,#N/A,#N/A
YLR337C,#N/A,#N/A,#N/A,#N/A,#N/A,#N/A,#N/A,#N/A
YLR345W,#N/A,#N/A,#N/A,#N/A,#N/A,#N/A,#N/A,#N/A
YLR356W,#N/A,#N/A,#N/A,#N/A,#N/A,#N/A,#N/A,#N/A
YLR361C,#N/A,#N/A,#N/A,#N/A,#N/A,#N/A,#N/A,#N/A
YLR361C-A,#N/A,#N/A,#N/A,#N/A,#N/A,#N/A,#N/A,#N/A
YLR363W-A,#N/A,#N/A,#N/A,#N/A,#N/A,#N/A,#N/A,#N/A
YLR382C,#N/A,#N/A,#N/A,#N/A,#N/A,#N/A,#N/A,#N/A
YLR390W,#N/A,#N/A,#N/A,#N/A,#N/A,#N/A,#N/A,#N/A
YLR392C,#N/A,#N/A,#N/A,#N/A,#N/A,#N/A,#N/A,#N/A
YLR395C,#N/A,#N/A,#N/A,#N/A,#N/A,#N/A,#N/A,#N/A
YLR403W,#N/A,#N/A,#N/A,#N/A,#N/A,#N/A,#N/A,#N/A
YLR404W,#N/A,#N/A,#N/A,#N/A,#N/A,#N/A,#N/A,#N/A
YLR405W,#N/A,#N/A,#N/A,#N/A,#N/A,#N/A,#N/A,#N/A
YLR407W,#N/A,#N/A,#N/A,#N/A,#N/A,#N/A,#N/A,#N/A
YLR417W,#N/A,#N/A,#N/A,#N/A,#N/A,#N/A,#N/A,#N/A
YLR422W,#N/A,#N/A,#N/A,#N/A,#N/A,#N/A,#N/A,#N/A
YLR424W,#N/A,#N/A,#N/A,#N/A,#N/A,#N/A,#N/A,#N/A
YLR427W,#N/A,#N/A,#N/A,#N/A,#N/A,#N/A,#N/A,#N/A
YLR440C,#N/A,#N/A,#N/A,#N/A,#N/A,#N/A,#N/A,#N/A
YLR452C,#N/A,#N/A,#N/A,#N/A,#N/A,#N/A,#N/A,#N/A
YLR455W,#N/A,#N/A,#N/A,#N/A,#N/A,#N/A,#N/A,#N/A
YLR459W,#N/A,#N/A,#N/A,#N/A,#N/A,#N/A,#N/A,#N/A
YML006C,#N/A,#N/A,#N/A,#N/A,#N/A,#N/A,#N/A,#N/A
YML007W,#N/A,#N/A,#N/A,#N/A,#N/A,#N/A,#N/A,#N/A
YML015C,#N/A,#N/A,#N/A,#N/A,#N/A,#N/A,#N/A,#N/A
YML018C,#N/A,#N/A,#N/A,#N/A,#N/A,#N/A,#N/A,#N/A
YML019W,#N/A,#N/A,#N/A,#N/A,#N/A,#N/A,#N/A,#N/A
YML021C,#N/A,#N/A,#N/A,#N/A,#N/A,#N/A,#N/A,#N/A
YML030W,#N/A,#N/A,#N/A,#N/A,#N/A,#N/A,#N/A,#N/A
YML046W,#N/A,#N/A,#N/A,#N/A,#N/A,#N/A,#N/A,#N/A
YML058W,#N/A,#N/A,#N/A,#N/A,#N/A,#N/A,#N/A,#N/A
YML060W,#N/A,#N/A,#N/A,#N/A,#N/A,#N/A,#N/A,#N/A
YML064C,#N/A,#N/A,#N/A,#N/A,#N/A,#N/A,#N/A,#N/A
YML076C,#N/A,#N/A,#N/A,#N/A,#N/A,#N/A,#N/A,#N/A
YML077W,#N/A,#N/A,#N/A,#N/A,#N/A,#N/A,#N/A,#N/A
YML081C-A,#N/A,#N/A,#N/A,#N/A,#N/A,#N/A,#N/A,#N/A
YML096W,#N/A,#N/A,#N/A,#N/A,#N/A,#N/A,#N/A,#N/A
YML097C,#N/A,#N/A,#N/A,#N/A,#N/A,#N/A,#N/A,#N/A
YML111W,#N/A,#N/A,#N/A,#N/A,#N/A,#N/A,#N/A,#N/A
YML112W,#N/A,#N/A,#N/A,#N/A,#N/A,#N/A,#N/A,#N/A
YML114C,#N/A,#N/A,#N/A,#N/A,#N/A,#N/A,#N/A,#N/A
YML121W,#N/A,#N/A,#N/A,#N/A,#N/A,#N/A,#N/A,#N/A
YML128C,#N/A,#N/A,#N/A,#N/A,#N/A,#N/A,#N/A,#N/A
YMR002W,#N/A,#N/A,#N/A,#N/A,#N/A,#N/A,#N/A,#N/A
YMR014W,#N/A,#N/A,#N/A,#N/A,#N/A,#N/A,#N/A,#N/A
YMR016C,#N/A,#N/A,#N/A,#N/A,#N/A,#N/A,#N/A,#N/A
YMR020W,#N/A,#N/A,#N/A,#N/A,#N/A,#N/A,#N/A,#N/A
YMR041C,#N/A,#N/A,#N/A,#N/A,#N/A,#N/A,#N/A,#N/A
YMR043W,#N/A,#N/A,#N/A,#N/A,#N/A,#N/A,#N/A,#N/A
YMR044W,#N/A,#N/A,#N/A,#N/A,#N/A,#N/A,#N/A,#N/A
YMR059W,#N/A,#N/A,#N/A,#N/A,#N/A,#N/A,#N/A,#N/A
YMR060C,#N/A,#N/A,#N/A,#N/A,#N/A,#N/A,#N/A,#N/A
YMR064W,#N/A,#N/A,#N/A,#N/A,#N/A,#N/A,#N/A,#N/A
YMR070W,#N/A,#N/A,#N/A,#N/A,#N/A,#N/A,#N/A,#N/A
YMR071C,#N/A,#N/A,#N/A,#N/A,#N/A,#N/A,#N/A,#N/A
YMR073C,#N/A,#N/A,#N/A,#N/A,#N/A,#N/A,#N/A,#N/A
YMR075W,#N/A,#N/A,#N/A,#N/A,#N/A,#N/A,#N/A,#N/A
YMR088C,#N/A,#N/A,#N/A,#N/A,#N/A,#N/A,#N/A,#N/A
YMR090W,#N/A,#N/A,#N/A,#N/A,#N/A,#N/A,#N/A,#N/A
YMR097C,#N/A,#N/A,#N/A,#N/A,#N/A,#N/A,#N/A,#N/A
YMR112C,#N/A,#N/A,#N/A,#N/A,#N/A,#N/A,#N/A,#N/A
YMR117C,#N/A,#N/A,#N/A,#N/A,#N/A,#N/A,#N/A,#N/A
YMR123W,#N/A,#N/A,#N/A,#N/A,#N/A,#N/A,#N/A,#N/A
YMR132C,#N/A,#N/A,#N/A,#N/A,#N/A,#N/A,#N/A,#N/A
YMR135C,#N/A,#N/A,#N/A,#N/A,#N/A,#N/A,#N/A,#N/A
YMR160W,#N/A,#N/A,#N/A,#N/A,#N/A,#N/A,#N/A,#N/A
YMR161W,#N/A,#N/A,#N/A,#N/A,#N/A,#N/A,#N/A,#N/A
YMR165C,#N/A,#N/A,#N/A,#N/A,#N/A,#N/A,#N/A,#N/A
YMR171C,#N/A,#N/A,#N/A,#N/A,#N/A,#N/A,#N/A,#N/A
YMR177W,#N/A,#N/A,#N/A,#N/A,#N/A,#N/A,#N/A,#N/A
YMR184W,#N/A,#N/A,#N/A,#N/A,#N/A,#N/A,#N/A,#N/A
YMR185W,#N/A,#N/A,#N/A,#N/A,#N/A,#N/A,#N/A,#N/A
YMR198W,#N/A,#N/A,#N/A,#N/A,#N/A,#N/A,#N/A,#N/A
YMR200W,#N/A,#N/A,#N/A,#N/A,#N/A,#N/A,#N/A,#N/A
YMR209C,#N/A,#N/A,#N/A,#N/A,#N/A,#N/A,#N/A,#N/A
YMR210W,#N/A,#N/A,#N/A,#N/A,#N/A,#N/A,#N/A,#N/A
YMR213W,#N/A,#N/A,#N/A,#N/A,#N/A,#N/A,#N/A,#N/A
YMR216C,#N/A,#N/A,#N/A,#N/A,#N/A,#N/A,#N/A,#N/A
YMR223W,#N/A,#N/A,#N/A,#N/A,#N/A,#N/A,#N/A,#N/A
YMR225C,#N/A,#N/A,#N/A,#N/A,#N/A,#N/A,#N/A,#N/A
YMR227C,#N/A,#N/A,#N/A,#N/A,#N/A,#N/A,#N/A,#N/A
YMR233W,#N/A,#N/A,#N/A,#N/A,#N/A,#N/A,#N/A,#N/A
YMR238W,#N/A,#N/A,#N/A,#N/A,#N/A,#N/A,#N/A,#N/A
YMR239C,#N/A,#N/A,#N/A,#N/A,#N/A,#N/A,#N/A,#N/A
YMR240C,#N/A,#N/A,#N/A,#N/A,#N/A,#N/A,#N/A,#N/A
YMR244C-A,#N/A,#N/A,#N/A,#N/A,#N/A,#N/A,#N/A,#N/A
YMR253C,#N/A,#N/A,#N/A,#N/A,#N/A,#N/A,#N/A,#N/A
YMR255W,#N/A,#N/A,#N/A,#N/A,#N/A,#N/A,#N/A,#N/A
YMR256C,#N/A,#N/A,#N/A,#N/A,#N/A,#N/A,#N/A,#N/A
YMR258C,#N/A,#N/A,#N/A,#N/A,#N/A,#N/A,#N/A,#N/A
YMR262W,#N/A,#N/A,#N/A,#N/A,#N/A,#N/A,#N/A,#N/A
YMR267W,#N/A,#N/A,#N/A,#N/A,#N/A,#N/A,#N/A,#N/A
YMR268C,#N/A,#N/A,#N/A,#N/A,#N/A,#N/A,#N/A,#N/A
YMR282C,#N/A,#N/A,#N/A,#N/A,#N/A,#N/A,#N/A,#N/A
YMR287C,#N/A,#N/A,#N/A,#N/A,#N/A,#N/A,#N/A,#N/A
YMR293C,#N/A,#N/A,#N/A,#N/A,#N/A,#N/A,#N/A,#N/A
YMR313C,#N/A,#N/A,#N/A,#N/A,#N/A,#N/A,#N/A,#N/A
YNL003C,#N/A,#N/A,#N/A,#N/A,#N/A,#N/A,#N/A,#N/A
YNL015W,#N/A,#N/A,#N/A,#N/A,#N/A,#N/A,#N/A,#N/A
YNL021W,#N/A,#N/A,#N/A,#N/A,#N/A,#N/A,#N/A,#N/A
YNL024C-A,#N/A,#N/A,#N/A,#N/A,#N/A,#N/A,#N/A,#N/A
YNL027W,#N/A,#N/A,#N/A,#N/A,#N/A,#N/A,#N/A,#N/A
YNL032W,#N/A,#N/A,#N/A,#N/A,#N/A,#N/A,#N/A,#N/A
YNL038W,#N/A,#N/A,#N/A,#N/A,#N/A,#N/A,#N/A,#N/A
YNL040W,#N/A,#N/A,#N/A,#N/A,#N/A,#N/A,#N/A,#N/A
YNL047C,#N/A,#N/A,#N/A,#N/A,#N/A,#N/A,#N/A,#N/A
YNL056W,#N/A,#N/A,#N/A,#N/A,#N/A,#N/A,#N/A,#N/A
YNL065W,#N/A,#N/A,#N/A,#N/A,#N/A,#N/A,#N/A,#N/A
YNL070W,#N/A,#N/A,#N/A,#N/A,#N/A,#N/A,#N/A,#N/A
YNL072W,#N/A,#N/A,#N/A,#N/A,#N/A,#N/A,#N/A,#N/A
YNL073W,#N/A,#N/A,#N/A,#N/A,#N/A,#N/A,#N/A,#N/A
YNL074C,#N/A,#N/A,#N/A,#N/A,#N/A,#N/A,#N/A,#N/A
YNL076W,#N/A,#N/A,#N/A,#N/A,#N/A,#N/A,#N/A,#N/A
YNL081C,#N/A,#N/A,#N/A,#N/A,#N/A,#N/A,#N/A,#N/A
YNL083W,#N/A,#N/A,#N/A,#N/A,#N/A,#N/A,#N/A,#N/A
YNL100W,#N/A,#N/A,#N/A,#N/A,#N/A,#N/A,#N/A,#N/A
YNL106C,#N/A,#N/A,#N/A,#N/A,#N/A,#N/A,#N/A,#N/A
YNL107W,#N/A,#N/A,#N/A,#N/A,#N/A,#N/A,#N/A,#N/A
YNL110C,#N/A,#N/A,#N/A,#N/A,#N/A,#N/A,#N/A,#N/A
YNL115C,#N/A,#N/A,#N/A,#N/A,#N/A,#N/A,#N/A,#N/A
YNL124W,#N/A,#N/A,#N/A,#N/A,#N/A,#N/A,#N/A,#N/A
YNL126W,#N/A,#N/A,#N/A,#N/A,#N/A,#N/A,#N/A,#N/A
YNL127W,#N/A,#N/A,#N/A,#N/A,#N/A,#N/A,#N/A,#N/A
YNL129W,#N/A,#N/A,#N/A,#N/A,#N/A,#N/A,#N/A,#N/A
YNL133C,#N/A,#N/A,#N/A,#N/A,#N/A,#N/A,#N/A,#N/A
YNL138W-A,#N/A,#N/A,#N/A,#N/A,#N/A,#N/A,#N/A,#N/A
YNL147W,#N/A,#N/A,#N/A,#N/A,#N/A,#N/A,#N/A,#N/A
YNL151C,#N/A,#N/A,#N/A,#N/A,#N/A,#N/A,#N/A,#N/A
YNL158W,#N/A,#N/A,#N/A,#N/A,#N/A,#N/A,#N/A,#N/A
YNL167C,#N/A,#N/A,#N/A,#N/A,#N/A,#N/A,#N/A,#N/A
YNL191W,#N/A,#N/A,#N/A,#N/A,#N/A,#N/A,#N/A,#N/A
YNL199C,#N/A,#N/A,#N/A,#N/A,#N/A,#N/A,#N/A,#N/A
YNL200C,#N/A,#N/A,#N/A,#N/A,#N/A,#N/A,#N/A,#N/A
YNL201C,#N/A,#N/A,#N/A,#N/A,#N/A,#N/A,#N/A,#N/A
YNL208W,#N/A,#N/A,#N/A,#N/A,#N/A,#N/A,#N/A,#N/A
YNL214W,#N/A,#N/A,#N/A,#N/A,#N/A,#N/A,#N/A,#N/A
YNL215W,#N/A,#N/A,#N/A,#N/A,#N/A,#N/A,#N/A,#N/A
YNL224C,#N/A,#N/A,#N/A,#N/A,#N/A,#N/A,#N/A,#N/A
YNL225C,#N/A,#N/A,#N/A,#N/A,#N/A,#N/A,#N/A,#N/A
YNL227C,#N/A,#N/A,#N/A,#N/A,#N/A,#N/A,#N/A,#N/A
YNL238W,#N/A,#N/A,#N/A,#N/A,#N/A,#N/A,#N/A,#N/A
YNL245C,#N/A,#N/A,#N/A,#N/A,#N/A,#N/A,#N/A,#N/A
YNL249C,#N/A,#N/A,#N/A,#N/A,#N/A,#N/A,#N/A,#N/A
YNL259C,#N/A,#N/A,#N/A,#N/A,#N/A,#N/A,#N/A,#N/A
YNL261W,#N/A,#N/A,#N/A,#N/A,#N/A,#N/A,#N/A,#N/A
YNL271C,#N/A,#N/A,#N/A,#N/A,#N/A,#N/A,#N/A,#N/A
YNL272C,#N/A,#N/A,#N/A,#N/A,#N/A,#N/A,#N/A,#N/A
YNL273W,#N/A,#N/A,#N/A,#N/A,#N/A,#N/A,#N/A,#N/A
YNL282W,#N/A,#N/A,#N/A,#N/A,#N/A,#N/A,#N/A,#N/A
YNL286W,#N/A,#N/A,#N/A,#N/A,#N/A,#N/A,#N/A,#N/A
YNL305C,#N/A,#N/A,#N/A,#N/A,#N/A,#N/A,#N/A,#N/A
YNL310C,#N/A,#N/A,#N/A,#N/A,#N/A,#N/A,#N/A,#N/A
YNL311C,#N/A,#N/A,#N/A,#N/A,#N/A,#N/A,#N/A,#N/A
YNL317W,#N/A,#N/A,#N/A,#N/A,#N/A,#N/A,#N/A,#N/A
YNL321W,#N/A,#N/A,#N/A,#N/A,#N/A,#N/A,#N/A,#N/A
YNL325C,#N/A,#N/A,#N/A,#N/A,#N/A,#N/A,#N/A,#N/A
YNL326C,#N/A,#N/A,#N/A,#N/A,#N/A,#N/A,#N/A,#N/A
YNL329C,#N/A,#N/A,#N/A,#N/A,#N/A,#N/A,#N/A,#N/A
YNR007C,#N/A,#N/A,#N/A,#N/A,#N/A,#N/A,#N/A,#N/A
YNR008W,#N/A,#N/A,#N/A,#N/A,#N/A,#N/A,#N/A,#N/A
YNR011C,#N/A,#N/A,#N/A,#N/A,#N/A,#N/A,#N/A,#N/A
YNR018W,#N/A,#N/A,#N/A,#N/A,#N/A,#N/A,#N/A,#N/A
YNR020C,#N/A,#N/A,#N/A,#N/A,#N/A,#N/A,#N/A,#N/A
YNR022C,#N/A,#N/A,#N/A,#N/A,#N/A,#N/A,#N/A,#N/A
YNR024W,#N/A,#N/A,#N/A,#N/A,#N/A,#N/A,#N/A,#N/A
YNR027W,#N/A,#N/A,#N/A,#N/A,#N/A,#N/A,#N/A,#N/A
YNR031C,#N/A,#N/A,#N/A,#N/A,#N/A,#N/A,#N/A,#N/A
YNR032C-A,#N/A,#N/A,#N/A,#N/A,#N/A,#N/A,#N/A,#N/A
YNR037C,#N/A,#N/A,#N/A,#N/A,#N/A,#N/A,#N/A,#N/A
YNR040W,#N/A,#N/A,#N/A,#N/A,#N/A,#N/A,#N/A,#N/A
YNR041C,#N/A,#N/A,#N/A,#N/A,#N/A,#N/A,#N/A,#N/A
YNR047W,#N/A,#N/A,#N/A,#N/A,#N/A,#N/A,#N/A,#N/A
YNR049C,#N/A,#N/A,#N/A,#N/A,#N/A,#N/A,#N/A,#N/A
YNR052C,#N/A,#N/A,#N/A,#N/A,#N/A,#N/A,#N/A,#N/A
YNR066C,#N/A,#N/A,#N/A,#N/A,#N/A,#N/A,#N/A,#N/A
YNR067C,#N/A,#N/A,#N/A,#N/A,#N/A,#N/A,#N/A,#N/A
YOL008W,#N/A,#N/A,#N/A,#N/A,#N/A,#N/A,#N/A,#N/A
YOL009C,#N/A,#N/A,#N/A,#N/A,#N/A,#N/A,#N/A,#N/A
YOL014W,#N/A,#N/A,#N/A,#N/A,#N/A,#N/A,#N/A,#N/A
YOL019W,#N/A,#N/A,#N/A,#N/A,#N/A,#N/A,#N/A,#N/A
YOL025W,#N/A,#N/A,#N/A,#N/A,#N/A,#N/A,#N/A,#N/A
YOL031C,#N/A,#N/A,#N/A,#N/A,#N/A,#N/A,#N/A,#N/A
YOL034W,#N/A,#N/A,#N/A,#N/A,#N/A,#N/A,#N/A,#N/A
YOL042W,#N/A,#N/A,#N/A,#N/A,#N/A,#N/A,#N/A,#N/A
YOL045W,#N/A,#N/A,#N/A,#N/A,#N/A,#N/A,#N/A,#N/A
YOL051W,#N/A,#N/A,#N/A,#N/A,#N/A,#N/A,#N/A,#N/A
YOL054W,#N/A,#N/A,#N/A,#N/A,#N/A,#N/A,#N/A,#N/A
YOL060C,#N/A,#N/A,#N/A,#N/A,#N/A,#N/A,#N/A,#N/A
YOL062C,#N/A,#N/A,#N/A,#N/A,#N/A,#N/A,#N/A,#N/A
YOL065C,#N/A,#N/A,#N/A,#N/A,#N/A,#N/A,#N/A,#N/A
YOL069W,#N/A,#N/A,#N/A,#N/A,#N/A,#N/A,#N/A,#N/A
YOL070C,#N/A,#N/A,#N/A,#N/A,#N/A,#N/A,#N/A,#N/A
YOL071W,#N/A,#N/A,#N/A,#N/A,#N/A,#N/A,#N/A,#N/A
YOL072W,#N/A,#N/A,#N/A,#N/A,#N/A,#N/A,#N/A,#N/A
YOL073C,#N/A,#N/A,#N/A,#N/A,#N/A,#N/A,#N/A,#N/A
YOL078W,#N/A,#N/A,#N/A,#N/A,#N/A,#N/A,#N/A,#N/A
YOL080C,#N/A,#N/A,#N/A,#N/A,#N/A,#N/A,#N/A,#N/A
YOL081W,#N/A,#N/A,#N/A,#N/A,#N/A,#N/A,#N/A,#N/A
YOL086W-A,#N/A,#N/A,#N/A,#N/A,#N/A,#N/A,#N/A,#N/A
YOL087C,#N/A,#N/A,#N/A,#N/A,#N/A,#N/A,#N/A,#N/A
YOL096C,#N/A,#N/A,#N/A,#N/A,#N/A,#N/A,#N/A,#N/A
YOL102C,#N/A,#N/A,#N/A,#N/A,#N/A,#N/A,#N/A,#N/A
YOL107W,#N/A,#N/A,#N/A,#N/A,#N/A,#N/A,#N/A,#N/A
YOL115W,#N/A,#N/A,#N/A,#N/A,#N/A,#N/A,#N/A,#N/A
YOL119C,#N/A,#N/A,#N/A,#N/A,#N/A,#N/A,#N/A,#N/A
YOL125W,#N/A,#N/A,#N/A,#N/A,#N/A,#N/A,#N/A,#N/A
YOL129W,#N/A,#N/A,#N/A,#N/A,#N/A,#N/A,#N/A,#N/A
YOL130W,#N/A,#N/A,#N/A,#N/A,#N/A,#N/A,#N/A,#N/A
YOL135C,#N/A,#N/A,#N/A,#N/A,#N/A,#N/A,#N/A,#N/A
YOL146W,#N/A,#N/A,#N/A,#N/A,#N/A,#N/A,#N/A,#N/A
YOL148C,#N/A,#N/A,#N/A,#N/A,#N/A,#N/A,#N/A,#N/A
YOL158C,#N/A,#N/A,#N/A,#N/A,#N/A,#N/A,#N/A,#N/A
YOL164W,#N/A,#N/A,#N/A,#N/A,#N/A,#N/A,#N/A,#N/A
YOR002W,#N/A,#N/A,#N/A,#N/A,#N/A,#N/A,#N/A,#N/A
YOR008C,#N/A,#N/A,#N/A,#N/A,#N/A,#N/A,#N/A,#N/A
YOR016C,#N/A,#N/A,#N/A,#N/A,#N/A,#N/A,#N/A,#N/A
YOR017W,#N/A,#N/A,#N/A,#N/A,#N/A,#N/A,#N/A,#N/A
YOR020W-A,#N/A,#N/A,#N/A,#N/A,#N/A,#N/A,#N/A,#N/A
YOR022C,#N/A,#N/A,#N/A,#N/A,#N/A,#N/A,#N/A,#N/A
YOR026W,#N/A,#N/A,#N/A,#N/A,#N/A,#N/A,#N/A,#N/A
YOR036W,#N/A,#N/A,#N/A,#N/A,#N/A,#N/A,#N/A,#N/A
YOR052C,#N/A,#N/A,#N/A,#N/A,#N/A,#N/A,#N/A,#N/A
YOR067C,#N/A,#N/A,#N/A,#N/A,#N/A,#N/A,#N/A,#N/A
YOR070C,#N/A,#N/A,#N/A,#N/A,#N/A,#N/A,#N/A,#N/A
YOR075W,#N/A,#N/A,#N/A,#N/A,#N/A,#N/A,#N/A,#N/A
YOR079C,#N/A,#N/A,#N/A,#N/A,#N/A,#N/A,#N/A,#N/A
YOR081C,#N/A,#N/A,#N/A,#N/A,#N/A,#N/A,#N/A,#N/A
YOR090C,#N/A,#N/A,#N/A,#N/A,#N/A,#N/A,#N/A,#N/A
YOR093C,#N/A,#N/A,#N/A,#N/A,#N/A,#N/A,#N/A,#N/A
YOR106W,#N/A,#N/A,#N/A,#N/A,#N/A,#N/A,#N/A,#N/A
YOR110W,#N/A,#N/A,#N/A,#N/A,#N/A,#N/A,#N/A,#N/A
YOR111W,#N/A,#N/A,#N/A,#N/A,#N/A,#N/A,#N/A,#N/A
YOR115C,#N/A,#N/A,#N/A,#N/A,#N/A,#N/A,#N/A,#N/A
YOR118W,#N/A,#N/A,#N/A,#N/A,#N/A,#N/A,#N/A,#N/A
YOR119C,#N/A,#N/A,#N/A,#N/A,#N/A,#N/A,#N/A,#N/A
YOR126C,#N/A,#N/A,#N/A,#N/A,#N/A,#N/A,#N/A,#N/A
YOR127W,#N/A,#N/A,#N/A,#N/A,#N/A,#N/A,#N/A,#N/A
YOR137C,#N/A,#N/A,#N/A,#N/A,#N/A,#N/A,#N/A,#N/A
YOR150W,#N/A,#N/A,#N/A,#N/A,#N/A,#N/A,#N/A,#N/A
YOR152C,#N/A,#N/A,#N/A,#N/A,#N/A,#N/A,#N/A,#N/A
YOR161C,#N/A,#N/A,#N/A,#N/A,#N/A,#N/A,#N/A,#N/A
YOR163W,#N/A,#N/A,#N/A,#N/A,#N/A,#N/A,#N/A,#N/A
YOR173W,#N/A,#N/A,#N/A,#N/A,#N/A,#N/A,#N/A,#N/A
YOR174W,#N/A,#N/A,#N/A,#N/A,#N/A,#N/A,#N/A,#N/A
YOR179C,#N/A,#N/A,#N/A,#N/A,#N/A,#N/A,#N/A,#N/A
YOR181W,#N/A,#N/A,#N/A,#N/A,#N/A,#N/A,#N/A,#N/A
YOR188W,#N/A,#N/A,#N/A,#N/A,#N/A,#N/A,#N/A,#N/A
YOR189W,#N/A,#N/A,#N/A,#N/A,#N/A,#N/A,#N/A,#N/A
YOR194C,#N/A,#N/A,#N/A,#N/A,#N/A,#N/A,#N/A,#N/A
YOR201C,#N/A,#N/A,#N/A,#N/A,#N/A,#N/A,#N/A,#N/A
YOR205C,#N/A,#N/A,#N/A,#N/A,#N/A,#N/A,#N/A,#N/A
YOR214C,#N/A,#N/A,#N/A,#N/A,#N/A,#N/A,#N/A,#N/A
YOR215C,#N/A,#N/A,#N/A,#N/A,#N/A,#N/A,#N/A,#N/A
YOR219C,#N/A,#N/A,#N/A,#N/A,#N/A,#N/A,#N/A,#N/A
YOR223W,#N/A,#N/A,#N/A,#N/A,#N/A,#N/A,#N/A,#N/A
YOR226C,#N/A,#N/A,#N/A,#N/A,#N/A,#N/A,#N/A,#N/A
YOR229W,#N/A,#N/A,#N/A,#N/A,#N/A,#N/A,#N/A,#N/A
YOR236W,#N/A,#N/A,#N/A,#N/A,#N/A,#N/A,#N/A,#N/A
YOR238W,#N/A,#N/A,#N/A,#N/A,#N/A,#N/A,#N/A,#N/A
YOR244W,#N/A,#N/A,#N/A,#N/A,#N/A,#N/A,#N/A,#N/A
YOR245C,#N/A,#N/A,#N/A,#N/A,#N/A,#N/A,#N/A,#N/A
YOR246C,#N/A,#N/A,#N/A,#N/A,#N/A,#N/A,#N/A,#N/A
YOR252W,#N/A,#N/A,#N/A,#N/A,#N/A,#N/A,#N/A,#N/A
YOR266W,#N/A,#N/A,#N/A,#N/A,#N/A,#N/A,#N/A,#N/A
YOR274W,#N/A,#N/A,#N/A,#N/A,#N/A,#N/A,#N/A,#N/A
YOR279C,#N/A,#N/A,#N/A,#N/A,#N/A,#N/A,#N/A,#N/A
YOR287C,#N/A,#N/A,#N/A,#N/A,#N/A,#N/A,#N/A,#N/A
YOR288C,#N/A,#N/A,#N/A,#N/A,#N/A,#N/A,#N/A,#N/A
YOR289W,#N/A,#N/A,#N/A,#N/A,#N/A,#N/A,#N/A,#N/A
YOR291W,#N/A,#N/A,#N/A,#N/A,#N/A,#N/A,#N/A,#N/A
YOR297C,#N/A,#N/A,#N/A,#N/A,#N/A,#N/A,#N/A,#N/A
YOR299W,#N/A,#N/A,#N/A,#N/A,#N/A,#N/A,#N/A,#N/A
YOR301W,#N/A,#N/A,#N/A,#N/A,#N/A,#N/A,#N/A,#N/A
YOR307C,#N/A,#N/A,#N/A,#N/A,#N/A,#N/A,#N/A,#N/A
YOR319W,#N/A,#N/A,#N/A,#N/A,#N/A,#N/A,#N/A,#N/A
YOR320C,#N/A,#N/A,#N/A,#N/A,#N/A,#N/A,#N/A,#N/A
YOR327C,#N/A,#N/A,#N/A,#N/A,#N/A,#N/A,#N/A,#N/A
YOR329C,#N/A,#N/A,#N/A,#N/A,#N/A,#N/A,#N/A,#N/A
YOR336W,#N/A,#N/A,#N/A,#N/A,#N/A,#N/A,#N/A,#N/A
YOR337W,#N/A,#N/A,#N/A,#N/A,#N/A,#N/A,#N/A,#N/A
YOR349W,#N/A,#N/A,#N/A,#N/A,#N/A,#N/A,#N/A,#N/A
YOR352W,#N/A,#N/A,#N/A,#N/A,#N/A,#N/A,#N/A,#N/A
YOR353C,#N/A,#N/A,#N/A,#N/A,#N/A,#N/A,#N/A,#N/A
YOR367W,#N/A,#N/A,#N/A,#N/A,#N/A,#N/A,#N/A,#N/A
YOR371C,#N/A,#N/A,#N/A,#N/A,#N/A,#N/A,#N/A,#N/A
YOR385W,#N/A,#N/A,#N/A,#N/A,#N/A,#N/A,#N/A,#N/A
YPL006W,#N/A,#N/A,#N/A,#N/A,#N/A,#N/A,#N/A,#N/A
YPL007C,#N/A,#N/A,#N/A,#N/A,#N/A,#N/A,#N/A,#N/A
YPL015C,#N/A,#N/A,#N/A,#N/A,#N/A,#N/A,#N/A,#N/A
YPL016W,#N/A,#N/A,#N/A,#N/A,#N/A,#N/A,#N/A,#N/A
YPL019C,#N/A,#N/A,#N/A,#N/A,#N/A,#N/A,#N/A,#N/A
YPL020C,#N/A,#N/A,#N/A,#N/A,#N/A,#N/A,#N/A,#N/A
YPL022W,#N/A,#N/A,#N/A,#N/A,#N/A,#N/A,#N/A,#N/A
YPL055C,#N/A,#N/A,#N/A,#N/A,#N/A,#N/A,#N/A,#N/A
YPL059W,#N/A,#N/A,#N/A,#N/A,#N/A,#N/A,#N/A,#N/A
YPL064C,#N/A,#N/A,#N/A,#N/A,#N/A,#N/A,#N/A,#N/A
YPL065W,#N/A,#N/A,#N/A,#N/A,#N/A,#N/A,#N/A,#N/A
YPL067C,#N/A,#N/A,#N/A,#N/A,#N/A,#N/A,#N/A,#N/A
YPL069C,#N/A,#N/A,#N/A,#N/A,#N/A,#N/A,#N/A,#N/A
YPL074W,#N/A,#N/A,#N/A,#N/A,#N/A,#N/A,#N/A,#N/A
YPL087W,#N/A,#N/A,#N/A,#N/A,#N/A,#N/A,#N/A,#N/A
YPL096W,#N/A,#N/A,#N/A,#N/A,#N/A,#N/A,#N/A,#N/A
YPL098C,#N/A,#N/A,#N/A,#N/A,#N/A,#N/A,#N/A,#N/A
YPL099C,#N/A,#N/A,#N/A,#N/A,#N/A,#N/A,#N/A,#N/A
YPL103C,#N/A,#N/A,#N/A,#N/A,#N/A,#N/A,#N/A,#N/A
YPL104W,#N/A,#N/A,#N/A,#N/A,#N/A,#N/A,#N/A,#N/A
YPL115C,#N/A,#N/A,#N/A,#N/A,#N/A,#N/A,#N/A,#N/A
YPL118W,#N/A,#N/A,#N/A,#N/A,#N/A,#N/A,#N/A,#N/A
YPL120W,#N/A,#N/A,#N/A,#N/A,#N/A,#N/A,#N/A,#N/A
YPL122C,#N/A,#N/A,#N/A,#N/A,#N/A,#N/A,#N/A,#N/A
YPL124W,#N/A,#N/A,#N/A,#N/A,#N/A,#N/A,#N/A,#N/A
YPL132W,#N/A,#N/A,#N/A,#N/A,#N/A,#N/A,#N/A,#N/A
YPL134C,#N/A,#N/A,#N/A,#N/A,#N/A,#N/A,#N/A,#N/A
YPL138C,#N/A,#N/A,#N/A,#N/A,#N/A,#N/A,#N/A,#N/A
YPL151C,#N/A,#N/A,#N/A,#N/A,#N/A,#N/A,#N/A,#N/A
YPL153C,#N/A,#N/A,#N/A,#N/A,#N/A,#N/A,#N/A,#N/A
YPL155C,#N/A,#N/A,#N/A,#N/A,#N/A,#N/A,#N/A,#N/A
YPL170W,#N/A,#N/A,#N/A,#N/A,#N/A,#N/A,#N/A,#N/A
YPL175W,#N/A,#N/A,#N/A,#N/A,#N/A,#N/A,#N/A,#N/A
YPL180W,#N/A,#N/A,#N/A,#N/A,#N/A,#N/A,#N/A,#N/A
YPL214C,#N/A,#N/A,#N/A,#N/A,#N/A,#N/A,#N/A,#N/A
YPL221W,#N/A,#N/A,#N/A,#N/A,#N/A,#N/A,#N/A,#N/A
YPL222W,#N/A,#N/A,#N/A,#N/A,#N/A,#N/A,#N/A,#N/A
YPL224C,#N/A,#N/A,#N/A,#N/A,#N/A,#N/A,#N/A,#N/A
YPL234C,#N/A,#N/A,#N/A,#N/A,#N/A,#N/A,#N/A,#N/A
YPL241C,#N/A,#N/A,#N/A,#N/A,#N/A,#N/A,#N/A,#N/A
YPL245W,#N/A,#N/A,#N/A,#N/A,#N/A,#N/A,#N/A,#N/A
YPL246C,#N/A,#N/A,#N/A,#N/A,#N/A,#N/A,#N/A,#N/A
YPL254W,#N/A,#N/A,#N/A,#N/A,#N/A,#N/A,#N/A,#N/A
YPL264C,#N/A,#N/A,#N/A,#N/A,#N/A,#N/A,#N/A,#N/A
YPL279C,#N/A,#N/A,#N/A,#N/A,#N/A,#N/A,#N/A,#N/A
YPR003C,#N/A,#N/A,#N/A,#N/A,#N/A,#N/A,#N/A,#N/A
YPR008W,#N/A,#N/A,#N/A,#N/A,#N/A,#N/A,#N/A,#N/A
YPR010C-A,#N/A,#N/A,#N/A,#N/A,#N/A,#N/A,#N/A,#N/A
YPR011C,#N/A,#N/A,#N/A,#N/A,#N/A,#N/A,#N/A,#N/A
YPR017C,#N/A,#N/A,#N/A,#N/A,#N/A,#N/A,#N/A,#N/A
YPR018W,#N/A,#N/A,#N/A,#N/A,#N/A,#N/A,#N/A,#N/A
YPR022C,#N/A,#N/A,#N/A,#N/A,#N/A,#N/A,#N/A,#N/A
YPR032W,#N/A,#N/A,#N/A,#N/A,#N/A,#N/A,#N/A,#N/A
YPR037C,#N/A,#N/A,#N/A,#N/A,#N/A,#N/A,#N/A,#N/A
YPR047W,#N/A,#N/A,#N/A,#N/A,#N/A,#N/A,#N/A,#N/A
YPR049C,#N/A,#N/A,#N/A,#N/A,#N/A,#N/A,#N/A,#N/A
YPR052C,#N/A,#N/A,#N/A,#N/A,#N/A,#N/A,#N/A,#N/A
YPR063C,#N/A,#N/A,#N/A,#N/A,#N/A,#N/A,#N/A,#N/A
YPR065W,#N/A,#N/A,#N/A,#N/A,#N/A,#N/A,#N/A,#N/A
YPR067W,#N/A,#N/A,#N/A,#N/A,#N/A,#N/A,#N/A,#N/A
YPR073C,#N/A,#N/A,#N/A,#N/A,#N/A,#N/A,#N/A,#N/A
YPR079W,#N/A,#N/A,#N/A,#N/A,#N/A,#N/A,#N/A,#N/A
YPR081C,#N/A,#N/A,#N/A,#N/A,#N/A,#N/A,#N/A,#N/A
YPR082C,#N/A,#N/A,#N/A,#N/A,#N/A,#N/A,#N/A,#N/A
YPR094W,#N/A,#N/A,#N/A,#N/A,#N/A,#N/A,#N/A,#N/A
YPR109W,#N/A,#N/A,#N/A,#N/A,#N/A,#N/A,#N/A,#N/A
YPR111W,#N/A,#N/A,#N/A,#N/A,#N/A,#N/A,#N/A,#N/A
YPR114W,#N/A,#N/A,#N/A,#N/A,#N/A,#N/A,#N/A,#N/A
YPR122W,#N/A,#N/A,#N/A,#N/A,#N/A,#N/A,#N/A,#N/A
YPR127W,#N/A,#N/A,#N/A,#N/A,#N/A,#N/A,#N/A,#N/A
YPR128C,#N/A,#N/A,#N/A,#N/A,#N/A,#N/A,#N/A,#N/A
YPR139C,#N/A,#N/A,#N/A,#N/A,#N/A,#N/A,#N/A,#N/A
YPR147C,#N/A,#N/A,#N/A,#N/A,#N/A,#N/A,#N/A,#N/A
YPR152C,#N/A,#N/A,#N/A,#N/A,#N/A,#N/A,#N/A,#N/A
YPR154W,#N/A,#N/A,#N/A,#N/A,#N/A,#N/A,#N/A,#N/A
YPR164W,#N/A,#N/A,#N/A,#N/A,#N/A,#N/A,#N/A,#N/A
YPR174C,#N/A,#N/A,#N/A,#N/A,#N/A,#N/A,#N/A,#N/A
YPR178W,#N/A,#N/A,#N/A,#N/A,#N/A,#N/A,#N/A,#N/A
YPR179C,#N/A,#N/A,#N/A,#N/A,#N/A,#N/A,#N/A,#N/A
YPR182W,#N/A,#N/A,#N/A,#N/A,#N/A,#N/A,#N/A,#N/A
YPR184W,#N/A,#N/A,#N/A,#N/A,#N/A,#N/A,#N/A,#N/A
YPR196W,#N/A,#N/A,#N/A,#N/A,#N/A,#N/A,#N/A,#N/A