Protein,MW,Rxn,0.11913,0.03367,0.16665,0.02369,0.08365,0.22653,0.11162,0.13361,0.1265,0.04336,0.34618,0.24917,0.28787,0.35783,0.07075,0.39643,0.0134,0.26951,0.38783,0.16037,0.17274,0.31963,0.36855,0.14734,0.09599,0.37858
AOX1,40814,AOX1_translation_Ribosome,0,0,0,0,0,0,0,0,0,0,0,0,0,0,0,0,0,0,0,0,0,0,0,0,0,0
GFP,26886,GFP_translation_Ribosome,0,0,0,0,0,0,0,0,0,0,0,0,0,0,0,0,0,0,0,0,0,0,0,0,0,0
HBA,15258,HBA_translation_Ribosome,0,0,0,0,0,0,0,0,0,0,0,0,0,0,0,0,0,0,0,0,0,0,0,0,0,0
HBB,15998,HBB_translation_Ribosome,0,0,0,0,0,0,0,0,0,0,0,0,0,0,0,0,0,0,0,0,0,0,0,0,0,0
mCherry,26722,mCherry_translation_Ribosome,0,0,0,0,0,0,0,0,0,0,0,0,0,0,0,0,0,0,0,0,0,0,0,0,0,0
mCherry1,26722,mCherry1_translation_Ribosome,0,0,0,0,0,0,0,0,0,0,0,0,0,0,0,0,0,0,0,0,0,0,0,0,0,0
NOX1,50255,NOX1_translation_Ribosome,0,0,0,0,0,0,0,0,0,0,0,0,0,0,0,0,0,0,0,0,0,0,0,0,0,0
Q0045,58795.3,Q0045_translation_mitochondrion_Ribosome,1.76574548952464E-05,4.80410815829649E-06,2.47515111761172E-05,3.2918990442621E-06,1.2339017197347E-05,3.36127509608592E-05,1.65322945972579E-05,1.98260383452305E-05,1.87624738470394E-05,6.26946971642753E-06,5.10200738580667E-05,3.69349280853959E-05,4.25819491306941E-05,5.2693710289255E-05,1.03998132650161E-05,5.82130854493773E-05,1.73661460860372E-06,3.99082526313133E-05,5.69873579410329E-05,2.38178826046675E-05,2.56556420431565E-05,4.7190686029259E-05,5.42319582726836E-05,2.18767523438734E-05,1.41922352069525E-05,5.56669187368053E-05
Q0080,5825.3,Q0080_translation_mitochondrion_Ribosome,4.33078052766625E-05,1.17944391737659E-05,6.06786696837845E-05,8.08642706998448E-06,3.02588755871211E-05,8.23646601425173E-05,4.05498582731541E-05,4.86139879533446E-05,4.60165235700526E-05,1.53887004664171E-05,0.000124997300941,9.05106172878494E-05,0.00010435199915,0.000129090780143,2.5508242498466E-05,0.000142540041355,4.26886396444819E-06,9.77854824496341E-05,0.000139558967932,5.83885652322108E-05,6.28814589635221E-05,0.000115612231818,0.000132799917863,5.36387943534572E-05,3.48139881036963E-05,0.000136335209379
Q0085,29100.1,Q0085_translation_mitochondrion_Ribosome,0.00021634275734,5.89187439961041E-05,0.000303118355392,4.03954880228066E-05,0.00015115724606,0.000411450027743,0.000202565521215,0.00024284962334,0.000229874073016,7.68737614273571E-05,0.000624420022505,0.000452142896355,0.000521287077138,0.000644868867051,0.000127425610274,0.000712054221658,2.13249735209927E-05,0.000488484252799,0.000697162364637,0.000291678211785,0.000314122318848,0.000577537209608,0.000663397746003,0.000267950883142,0.000173912165076,0.000681058181802
Q0105,43661.2,Q0105_translation_mitochondrion_Ribosome,0.000357968032056,9.73932626989703E-05,0.000501785211894,6.67363801630134E-05,0.000250147811779,0.000681428347676,0.000335157756169,0.000401931533848,0.0003803699842,0.000127100408849,0.001034325475707,0.000748778552701,0.000863260114317,0.001068254960064,0.000210834500799,0.001180148767862,3.52062354155211E-05,0.000809056500043,0.001155299701753,0.000482857841875,0.000520114577542,0.000956692632628,0.001099439726312,0.000443505478607,0.000287717937701,0.001128530553754
Q0130,7760.5,Q0130_translation_mitochondrion_Ribosome,0.000576949209224,0.000157126234199,0.000808364918684,0.000107727872001,0.000403110576269,0.001097266999186,0.000540207671929,0.00064763849675,0.000613034918657,0.000205009201191,0.001665221626266,0.001205787934462,0.001390183663331,0.001719755204536,0.000339822354058,0.001898927078318,5.68700647110023E-05,0.001302704129488,0.001859213037331,0.000777856008248,0.000837710611104,0.001540193166058,0.001769168562258,0.000714579272449,0.000463794061557,0.001816265930314
Q0140,47155.2,Q0140_translation_mitochondrion_Ribosome,9.10919482280412E-06,1.16872548995297E-06,1.65383919087618E-05,6.96582613388264E-07,4.96461198263059E-06,2.89368586447135E-05,8.13131497754721E-06,1.1145797338752E-05,1.01218990349422E-05,1.71824949924585E-06,6.37280464174294E-05,3.45010145557423E-05,4.51177598461568E-05,6.78192730261263E-05,3.75672873616752E-06,8.2241369653808E-05,3.10794235138293E-07,3.99044003562113E-05,7.89138904786836E-05,1.54336863157589E-05,1.76424532966286E-05,5.48619231477777E-05,7.16767976589826E-05,1.32621207138629E-05,6.27104667033229E-06,7.54061846739386E-05
Q0250,28550.2,Q0250_translation_mitochondrion_Ribosome,8.57422053719026E-06,2.33280974399308E-06,1.2018998021617E-05,1.59850151446616E-06,5.99165934671134E-06,1.63218958400199E-05,8.02785796161651E-06,9.62725523917727E-06,9.11080274831055E-06,3.04436943595745E-06,2.4774655672521E-05,1.79350999794826E-05,2.06772167855448E-05,2.5587350817162E-05,5.05000822648853E-06,2.82674845131637E-05,8.43276493164555E-07,1.93789060396753E-05,2.76722878646436E-05,1.1565640653926E-05,1.24580317042438E-05,2.2915156896428E-05,2.63343031683956E-05,1.06230541347362E-05,6.89155686943572E-06,2.70311005015628E-05
Q0275,30356.9,Q0275_translation_mitochondrion_Ribosome,9.1168102298909E-06,2.48043348619006E-06,1.27795784632831E-05,1.69965711709542E-06,6.37082064651671E-06,1.73547701881563E-05,8.53587300106466E-06,1.02364825665032E-05,9.68734817795281E-06,3.2370217557291E-06,2.63424334955676E-05,1.90700603346791E-05,2.19857024552229E-05,2.72065572227692E-05,5.36958041382161E-06,3.00562938479471E-05,8.96640309887394E-07,2.0605232634301E-05,2.94234322519001E-05,1.2297531953092E-05,1.32463948638734E-05,2.43652628138918E-05,2.8000777852788E-05,1.12952971279631E-05,7.32766505067471E-06,2.87416695790535E-05
YAL003W,22603,YAL003W_translation_Ribosome,0.005137513400879,0.005896718802166,0.004707140442291,0.005983530396925,0.005456484899197,0.0041512982691,0.005205475286416,0.005007667056225,0.005072811552521,0.005811637884031,0.002998616519567,0.003937961323507,0.003568373062159,0.002882646255499,0.005568668544839,0.002495328726821,0.006071822081284,0.003744562683312,0.00258232413441,0.004764504043629,0.004650377325314,0.003259324528359,0.002774945905461,0.004883622341572,0.005347042106694,0.002675469503642
YAL005C,69636.8,YAL005C_translation_Ribosome,0.000857814400767,0.000689192546809,0.00092476444623,0.000661311749328,0.000833068574007,0.001025772520469,0.000892154117634,0.000860659469702,0.000873659019109,0.000715752375483,0.001186535550298,0.001063804833225,0.001145601618835,0.001201093828316,0.000788546743894,0.0012466595886,0.000631945504483,0.001116550368736,0.00123700968389,0.000912817953498,0.000936171113851,0.001178211036388,0.001214055507988,0.000887569776712,0.000853601788492,0.001226154270517
YAL012W,42535.4,YAL012W_translation_Ribosome,0,0,0,0,0,0,0,0,0,0,0,0,0,0,0,0,0,0,0,0,0,0,0,0,0,0
YAL022C,58298.6,YAL022C_translation_Ribosome,0,0,0,0,0,0,0,0,0,0,0,0,0,0,0,0,0,0,0,0,0,0,0,0,0,0
YAL023C,86871.5,YAL023C_translation_Ribosome,0,0,0,0,0,0,0,0,0,0,0,0,0,0,0,0,0,0,0,0,0,0,0,0,0,0
YAL025C,35680.9,YAL025C_translation_Ribosome,0.000150512265675,0.000194743126424,0.000127968552743,0.000200164018977,0.000168401974081,0.000101551666845,0.000154238094913,0.000143517511718,0.000147006368064,0.000189502533342,5.64538973212478E-05,9.22202078347454E-05,7.71133221360299E-05,5.26369358724473E-05,0.00017492905902,4.08436242325805E-05,0.000205756095618,8.41472427928865E-05,4.33647419459962E-05,0.000130867748211,0.00012513109579,6.55154024643687E-05,4.92100093952341E-05,0.000136990164296,0.000162147970531,4.61459383172914E-05
YAL033W,19574.8,YAL033W_translation_Ribosome,0,0,0,0,0,0,0,0,0,0,0,0,0,0,0,0,0,0,0,0,0,0,0,0,0,0
YAL035W,112251.6,YAL035W_translation_Ribosome,0.005083840655163,0.006045885203455,0.004553064949701,0.006164022001158,0.005463495653931,0.003920488712959,0.005151866964822,0.004923995439103,0.004988481303556,0.005934973111244,0.002666381297134,0.00366980305356,0.003245825711351,0.002546990621273,0.005617464909754,0.002157418295645,0.006286869312634,0.003446210012982,0.002245445548211,0.004624987686495,0.004494908394456,0.002942952759923,0.002438812095609,0.004763353788654,0.005322029867279,0.002329445155183
YAL038W,54546.3,YAL038W_translation_Ribosome,0.000958468016427,0.001023398379292,0.005040050214335,0.000577030555182,0.002941146676824,0.00655345827799,0.001347988505886,0.004204495189057,0.004024419578965,0.00109574445129,0.009574636061039,0.007124809320633,0.008101157110207,0.009868692058545,0.002614882243729,0.010843472150234,0,0.007638420560645,0.010626419013433,0.004881438565727,0.005194644867172,0.008905019524228,0.010140510314644,0.004551806248618,0.003252799850296,0.010392279801945
YAL044C,18782.1,YAL044C_translation_Ribosome,0,0,0,0,0,0,0,0,0,0,0,0,0,0,0,0,0,0,0,0,0,0,0,0,0,0
YAL054C,79132.4,YAL054C_translation_Ribosome,1.84934725234151E-06,5.11378134759846E-07,2.59596007799951E-06,3.55508321497793E-07,1.29313672611847E-06,3.53975040909647E-06,0,2.07645043421029E-06,0,0,0,3.89743815427659E-06,4.50995910042105E-06,0,0,6.23736036348601E-06,1.94800835239373E-07,4.21933150287341E-06,6.10015995412728E-06,0,2.69183916473024E-06,5.01460642929388E-06,0,2.29232247418508E-06,1.4864731442497E-06,5.95272914511967E-06
YAL060W,41574.4,YAL060W_translation_Ribosome,0,0,0,0,0,0,0,0,0,0,0,0,0,0,0,0,0,0,0,0,0,0,0,0,0,0
YAL062W,49619.6,YAL062W_translation_Ribosome,0,0,0,0,0,0,0,0,0,0,0,0,0,0,0,0,0,0,0,0,0,0,0,0,0,0
YAR002W,59053.1,YAR002W_translation_Ribosome,0,0,0,0,0,0,0,0,0,0,0,0,0,0,0,0,0,0,0,0,0,0,0,0,0,0
YAR008W,31313.3,YAR008W_translation_Ribosome,0,0,0,0,0,0,0,0,0,0,0,0,0,0,0,0,0,0,0,0,0,0,0,0,0,0
YAR015W,34597.6,YAR015W_translation_Ribosome,6.27081159887083E-06,1.77254458364333E-06,8.77208639191954E-06,1.24717660659086E-06,4.40311557994132E-06,1.19241350758786E-05,5.87541544522807E-06,7.03280577039584E-06,6.65858483427034E-06,2.28221319565084E-06,1.82218364502163E-05,1.31155999748798E-05,1.51525799849234E-05,1.88350633179953E-05,3.72418439258198E-06,2.08667890260151E-05,7.05512849023632E-07,1.41863575360224E-05,2.04141782535162E-05,8.44158192413514E-06,9.09278459672772E-06,1.68243576374285E-05,1.93996717510785E-05,7.75581864226375E-06,5.05255318478402E-06,1.99276224052651E-05
YAR035W,77761.4,YAR035W_translation_Ribosome,0,0,0,0,0,0,0,0,0,0,0,0,0,0,0,0,0,0,0,0,0,0,0,0,0,0
YAR071W,52741.1,YAR071W_translation_Ribosome,0,0,0,0,0,0,0,0,0,0,0,0,0,0,0,0,0,0,0,0,0,0,0,0,0,0
YBL004W,287550.5,YBL004W_translation_Ribosome,0.001212970447805,0.00156942463264,0.001031291848738,0.00161311132115,0.001357142668713,0.000818399552061,0.001242996710039,0.001156600092858,0.001184716603003,0.001527190968102,0.000454958994915,0.00074319781376,0.000621452214963,0.000424198302974,0.001409744103589,0.000329156623569,0.001658177573237,0.000678138212285,0.000349474178873,0.001054656312814,0.001008424932109,0.000527985189172,0.000396580882394,0.001103996542641,0.001306741982414,0.000371887694428
YBL011W,85693.2,YBL011W_translation_Ribosome,0,0,0,2.60359513547513E-06,0,1.53459415709325E-05,0,0,0,2.87812367111927E-06,0,0,0,0,0,2.64041016431136E-05,1.47282254334383E-06,0,2.57445403303514E-05,1.08640184088549E-05,1.14902088107081E-05,2.12173788408274E-05,0,0,0,0
YBL013W,44635.5,YBL013W_translation_Ribosome,0,0,0,0,0,0,0,0,0,0,0,0,0,0,0,0,0,0,0,0,0,0,0,0,0,0
YBL015W,58705.5,YBL015W_translation_Ribosome,0,0,0,0,0,0,0,0,0,0,0,0,0,0,0,0,0,0,0,0,0,0,0,0,0,0
YBL018C,15503.5,YBL018C_translation_Ribosome,0,0,0,0,0,0,0,0,0,0,0,0,0,0,0,0,0,0,0,0,0,0,0,0,0,0
YBL024W,77878.6,YBL024W_translation_Ribosome,0,0,0,0,0,0,0,0,0,0,0,0,0,0,0,0,0,0,0,0,0,0,0,0,0,0
YBL027W,21736.8,YBL027W_translation_Ribosome,0,0,0,0,0,0,0,0,0,0,0,0,0,0,0,0,0,0,0,0,0,0,0,0,0,0
YBL030C,34446.7,YBL030C_translation_Ribosome,0,0,0,0,0,0.000421218249666,0,0,0,0,0,0.000380908246586,0,0,0.00019726080868,0,3.32709544876013E-05,8.49502891887282E-05,0,0,0,0,0.000488471478166,0,0,0
YBL033C,38325.5,YBL033C_translation_Ribosome,4.52409833773735E-09,1.27880831340391E-09,6.32865153711697E-09,8.99779801032141E-10,3.17664269799803E-09,8.60270777158239E-09,4.23883843903993E-09,5.07384162222397E-09,4.80385865616314E-09,1.64651046551372E-09,1.31462058292128E-08,9.46229417185219E-09,1.09318803222479E-08,1.35886204368669E-08,2.68682548570595E-09,1.50544158532055E-08,5.08994642426895E-10,1.02347958530312E-08,1.47278782733054E-08,6.09020796570067E-09,6.56002034678676E-09,1.21379899907519E-08,1.39959591095837E-08,5.59546171560536E-09,3.64518166476884E-09,1.43768509031779E-08
YBL038W,26545.5,YBL038W_translation_Ribosome,5.12792080552615E-06,6.57921130512572E-07,9.31010540542796E-06,3.9213350306431E-07,2.7947735856262E-06,1.6289685573452E-05,4.57743412680849E-06,6.27440374032644E-06,5.69801147767494E-06,9.67269613578791E-07,3.58750011912551E-05,1.9421965804184E-05,2.53985455261807E-05,3.81781121088456E-05,2.11480902776226E-06,4.62968724158769E-05,1.74958188468367E-07,2.24637422735098E-05,4.4423704696447E-05,8.68822357014663E-06,9.93162459252969E-06,3.08839148369498E-05,4.03496630754726E-05,7.46576465394799E-06,3.53021659090208E-06,4.24490803826945E-05
YBL039C,64693.8,YBL039C_translation_Ribosome,4.74994806314975E-05,1.43175757092199E-05,6.64458724522708E-05,1.0073961271501E-05,3.33522543151052E-05,9.03216775299091E-05,4.45044756555673E-05,5.46984850007338E-05,5.0436744332351E-05,1.84343798823662E-05,0.000138024839989,9.93466598628826E-05,0.000114776160655,0.000142669846026,2.82095581464151E-05,0.000158059547087,5.69871907478471E-06,0.000107457321016,0.000154631158866,6.39424021568175E-05,6.88750633038334E-05,0.000127439365246,0.000146946582283,5.87479549610341E-05,3.82715456134578E-05,0.000150945647074
YBL041W,26866.3,YBL041W_translation_Ribosome,0.000270514435116,0.000284749517352,0.000262597118184,0.00028639095899,0.00027646114129,0.00025261394247,0.000271773383677,0.000268106763358,0.000269323470226,0.000283141370475,0.000233107284037,0.000248867600544,0.000242503671138,0.000231238002944,0.000278589243459,0.000225151337737,0.000288060956009,0.000245518610354,0.000226499819489,0.000263643275042,0.00026156215418,0.00023738698074,0.000229515154665,0.000265825783271,0.000274418136548,0.000227953194003
YBL042C,72166.6,YBL042C_translation_Ribosome,0,0,0,0,0,0,0,0,0,0,0,0,0,0,0,0,0,0,0,0,0,0,0,0,0,0
YBL045C,50227.3,YBL045C_translation_Ribosome,0.000411801960012,0.00011203999486,0.000577247450216,7.6772699498908E-05,0.000287766923185,0.000783906673368,0.000385561303089,0.000462377024224,0.000437572886394,0.000146214725326,0.001189875128627,0.000861385509333,0.000993083670165,0.001228907184311,0.000242541380493,0.001357628425422,4.05008141802333E-05,0.000930728508254,0.001329042369653,0.000555473639781,0.00059833332388,0.001100567274074,0.001264781750511,0.000510203171824,0.000330987127525,0.001298247475621
YBL064C,29501.1,YBL064C_translation_Ribosome,0,0,0,0,0,0,0,0,0,0,0,0,0,0,0,0,0,0,0,0,0,0,0,0,0,0
YBL068W,35714.4,YBL068W_translation_Ribosome,0,0,0,0,0,0,0,0,0,0,0,0,0,0,0,0,0,0,0,0,0,0,0,0,0,0
YBL072C,22517.2,YBL072C_translation_Ribosome,0.005975576599532,0.006731901073648,0.00554683738385,0.00681838193775,0.006293338341586,0.004993105645585,0.006043280176772,0.005846223850811,0.005911121092889,0.006647141798564,0.003844799731025,0.004780578114134,0.004412393506499,0.003729269736362,0.00640509562983,0.003343421834765,0.006906338800076,0.004587913326151,0.003430087181459,0.005603982876075,0.005490289858388,0.004104517190712,0.003621977246781,0.005722649014363,0.006184310606125,0.003522879190194
YBL075C,70527.4,YBL075C_translation_Ribosome,0.000571280380547,0.000313074605314,0.000683646904305,0.000274122217115,0.000510857009189,0.000838162803837,0.000598694745699,0.000587987770852,0.000594257448713,0.000350332747922,0.001090122791588,0.000895126221303,0.001007829619545,0.001112411921576,0.000452864246221,0.001181871268136,0.000233327018822,0.000964503474112,0.001167114669784,0.000665817032237,0.000700808014054,0.001063780707239,0.001132313085027,0.000628144291992,0.000544014584217,0.001150623069899
YBL076C,122966.3,YBL076C_translation_Ribosome,0,0,0,0,0,0,0,0,0,0,0,0,0,0,0,0,0,0,0,0,0,0,0,0,0,0
YBL079W,169454.3,YBL079W_translation_Ribosome,0,0,0,0,0,0,0,0,0,0,0,0,0,0,0,0,0,0,0,0,0,0,0,0,0,0
YBL087C,14485.3,YBL087C_translation_Ribosome,0,0,0,0,0,0,0,0,0,0,0,0,0,0,0,0,0,0,0,0,0,0,0,0,0,0
YBL090W,20413.2,YBL090W_translation_Ribosome,3.94331517535426E-06,5.05934174205769E-07,7.15936952259638E-06,3.01546387325625E-07,2.14915040809571E-06,1.25265905538788E-05,3.51999692291978E-06,4.82494804889837E-06,4.38170868493997E-06,7.43819783990002E-07,2.75874846703708E-05,1.49352798912798E-05,1.95312045180928E-05,2.93585518487234E-05,1.62626507865803E-06,3.5601789983228E-05,1.34540938872595E-07,1.72743728231757E-05,3.41613444353849E-05,6.68114917338596E-06,7.63731099931163E-06,2.37493936957158E-05,3.1028450859552E-05,5.74109159872563E-06,2.71469805855615E-06,3.26428798729736E-05
YBL092W,14794.7,YBL092W_translation_Ribosome,0.003926192560225,0.004423127956153,0.003644493766669,0.004479949338925,0.004134974719871,0.003280669892115,0.003970676515343,0.003841202636456,0.003883842717255,0.004367437726148,0.002526187029497,0.003141030813119,0.002899118816309,0.002450279207386,0.004208403723138,0.002196761720764,0.004537740511497,0.003014442350132,0.002253704315969,0.00368204063812,0.003607339783272,0.002696831776661,0.002379783755216,0.003760009031887,0.004063339141831,0.002314672372905
YBL098W,52435.1,YBL098W_translation_Ribosome,0,0,0,0,0,0,0,0,0,0,0,0,0,0,0,0,0,0,0,0,0,0,0,0,0,0
YBL099W,58614.7,YBL099W_translation_Ribosome,0.001307301262055,0.000356030168664,0.001831662928904,0.000244099100533,0.000913402699368,0.002486282171659,0.001224049119045,0.001467475144468,0.00138906737375,0.000464527523679,0.00377320273399,0.002732178263339,0.003149998004163,0.003896769617446,0.000769998788856,0.004302752697022,0.000128861095884,0.002951779334012,0.004212765198862,0.001762533209199,0.001898156928935,0.003489902469064,0.004008734663728,0.001619155325592,0.001050904572383,0.004115451940942
YBR002C,32695,YBR002C_translation_Ribosome,0,0,0,0,0,0,0,0,0,0,0,0,0,0,0,0,0,0,0,0,0,0,0,0,0,0
YBR003W,52567.2,YBR003W_translation_Ribosome,0,0,0,0,0,0,0,0,0,0,0,0,0,0,0,0,0,0,0,0,0,0,0,0,0,0
YBR004C,50779,YBR004C_translation_Ribosome,0,0,0,0,0,0,0,0,0,0,0,0,0,0,0,0,0,0,0,0,0,0,0,0,0,0
YBR006W,54186.7,YBR006W_translation_Ribosome,0,0,0,0,0,0,0,0,0,0,0,0,0,0,0,0,0,0,0,0,0,0,0,0,0,0
YBR011C,32291.7,YBR011C_translation_Ribosome,0.000164231958684,6.48214956512477E-05,0.000219445014911,5.31987184576984E-05,0.000123012792576,0.000288786055336,0.00015550982027,0.000181027606479,0.000172800313178,7.60959133846407E-05,0.000426651422534,0.000314942602293,0.000359576602604,0.000440023549268,0.000108009595892,0.000484264498866,4.12083186107974E-05,0.000338420450284,0.00047441827815,0.000212157799714,0.000226515123156,0.000396142779764,0.000452326414159,0.000197030075791,0.000137351214861,0.000463826321621
YBR018C,42385.5,YBR018C_translation_Ribosome,0.000525108234268,0.000148430189905,0.000734561184543,0.000104436673847,0.000368710207763,0.000998508951537,0.0004919983612,0.000588916468278,0.000557579775747,0.000191109064991,0.001525868894742,0.001098280411649,0.001268854022329,0.001577219580801,0.000311857541826,0.001747353204213,0.000208457248684,0.001187944022713,0.001709452265903,0.000706885242639,0.000761415964886,0.001408846142544,0.001624499033017,0.00064946046749,0.000423093125896,0.001668708818536
YBR019C,78182.9,YBR019C_translation_Ribosome,0,0,0,0,0,0,0,0,0,0,0,0,0,0,0,0,0,0,0,0,0,0,0,0,0,0
YBR020W,57940.9,YBR020W_translation_Ribosome,0,0,0,0,0,0,0,0,0,0,0,0,0,0,0,0,0,0,0,0,0,0,0,0,0,0
YBR021W,71740.4,YBR021W_translation_Ribosome,0,0,0,0,0,0,0,0,0,0,0,0,0,0,0,0,0,0,0,0,0,0,0,0,0,0
YBR023C,131593.5,YBR023C_translation_Ribosome,0,3.8684503040635E-09,0,2.72187270633859E-09,9.60948117256276E-09,2.6023562050645E-08,1.28226691025592E-08,1.53485897460403E-08,1.45318796291269E-08,0,3.97678396396513E-08,2.86238479861043E-08,3.30694094754675E-08,4.1106162909498E-08,8.12776297917439E-09,4.55402572648407E-08,1.53973074668393E-09,0,4.45524670018184E-08,0,0,3.67179432431583E-08,0,1.69265130264073E-08,0,0
YBR026C,42074.3,YBR026C_translation_Ribosome,0,0,0,0,0,0,0,0,0,0,0,0,0,0,0,0,0,0,0,0,0,0,0,0,0,0
YBR029C,51832.3,YBR029C_translation_Ribosome,3.96758003696179E-05,1.08502143897561E-05,5.57043530828489E-05,7.48357647310972E-06,2.77073170191102E-05,7.59031645184655E-05,3.71420413288521E-05,4.45587755484018E-05,4.21607103382021E-05,1.41162498589174E-05,0.000116259801272,8.35382546884426E-05,9.65915347918277E-05,0.000120189453124,2.33566220771223E-05,0.00013320906364,4.01251178844928E-06,9.03998336391467E-05,0.000130308664246,5.35864299428467E-05,5.7759436325958E-05,0.000107304543106,0.000123807551188,4.91919535815088E-05,3.18690130876173E-05,0.00012719073957
YBR031W,39126.9,YBR031W_translation_Ribosome,0.010383430801886,0.011697654242912,0.009638434247339,0.011847927284039,0.010935587904243,0.008676245060852,0.010501075584377,0.010158661644801,0.010271430013028,0.011550372712336,0.006680897029641,0.008306947658408,0.007667173515776,0.006480146912034,0.011129782397402,0.005809680234961,0.012000765086098,0.007972164652842,0.005960273841341,0.00973773282619,0.009540174722442,0.007132193774948,0.006293710653949,0.009943932448088,0.010746136404828,0.006121513411384
YBR034C,39771.3,YBR034C_translation_Ribosome,0,0,0,0,0,0,0,0,0,0,0,0,0,0,0,0,0,0,0,0,0,0,0,0,0,0
YBR035C,26908.5,YBR035C_translation_Ribosome,0,0,0,0,0,0,0,0,0,0,0,0,0,0,0,0,0,0,0,0,0,0,0,0,0,0
YBR036C,45442.5,YBR036C_translation_Ribosome,3.22109374981785E-07,9.10493353153009E-08,4.50590999336629E-07,6.40630436598002E-08,2.26172447547713E-07,6.12500572841486E-07,3.0179927541778E-07,3.61250315904607E-07,3.42027912242826E-07,1.17229206209704E-07,9.35991180321569E-07,6.73701903463364E-07,7.78334349764831E-07,9.67490471918656E-07,1.91298157837726E-07,1.07185302334014E-06,3.62396954932685E-08,7.28702925793352E-07,1.04860401151113E-06,4.3361415577055E-07,4.67064129916344E-07,8.64207644834625E-07,9.96492406774992E-07,3.98388925570871E-07,2.59531756403196E-07,1.02361136140666E-06
YBR038W,109894.8,YBR038W_translation_Ribosome,0,0,0,0,0,0,0,0,0,0,0,0,0,0,0,0,0,1.29277654762874E-08,0,0,0,0,1.76785623848881E-08,0,4.60429835213936E-09,1.81596740602099E-08
YBR039W,34360,YBR039W_translation_Ribosome,0.000255447133934,6.95684222290004E-05,0.000357907591083,4.7697051503728E-05,0.000178479213976,0.000485820425128,0.000239179635429,0.000286745167816,0.000271424261389,9.07688441841777E-05,0.00073728516305,0.000533868609344,0.000615510736061,0.000761430176249,0.000150458038598,0.000840759415128,2.51795042003742E-05,0.000576778737056,0.000823175825819,0.00034439961914,0.000370900542459,0.00068192819001,0.000783308186318,0.000316383529429,0.000205347129117,0.000804160780434
YBR041W,77147.6,YBR041W_translation_Ribosome,4.66368247845472E-07,1.31826398970514E-07,6.52391240917616E-07,3.77119777751087E-07,3.27465315406339E-07,8.86813117366067E-07,4.36962132150244E-07,5.23038725189487E-07,4.95207437399026E-07,1.69731102981486E-07,1.35518119207201E-06,9.75423879873524E-07,1.12691667840558E-06,1.40078765550183E-06,3.08402279493946E-06,1.5518896848975E-06,6.26788225630364E-07,1.05505748387899E-06,1.51822844510451E-06,6.27811202574097E-07,6.76241974990244E-07,1.25124891232668E-06,1.44277830400078E-06,5.76810113614464E-07,3.75764817465685E-07,1.48204266678342E-06
YBR042C,45529.6,YBR042C_translation_Ribosome,0,0,0,0,0,0,0,0,0,0,0,0,0,0,0,0,0,0,0,0,0,0,0,0,0,0
YBR048W,17775.3,YBR048W_translation_Ribosome,0,0,0,0,0,0,0,0,0,0,0,0,0,0,0,0,0,0,0,0,0,0,0,0,0,0
YBR058CA,9581.3,YBR058CA_translation_Ribosome,0,0,0,0,0,0,0,0,0,0,0,0,0,0,0,0,0,0,0,0,0,0,0,0,0,0
YBR061C,34703,YBR061C_translation_Ribosome,0,0,0,0,0,0,0,0,0,0,0,0,0,0,0,0,0,0,0,0,0,0,0,0,0,0
YBR068C,67775,YBR068C_translation_Ribosome,0,0,0,0,0,0,0,0,0,0,0,0,0,0,0,0,0,0,0,0,0,0,0,0,0,0
YBR069C,68760.1,YBR069C_translation_Ribosome,0,0,0,0,0,0,0,0,0,0,0,0,0,0,0,0,0,0,0,0,0,0,0,0,0,0
YBR079C,110332.4,YBR079C_translation_Ribosome,0.004996920673752,0.005942516851624,0.00447521980316,0.006058633828298,0.005370084594676,0.003853458916164,0.005063783916751,0.004839808380329,0.004903191710198,0.005833501057437,0.002620793359096,0.003607059306296,0.003190330834616,0.002503443942203,0.005521421390955,0.002120532253994,0.006179380781648,0.003387289104443,0.002207054477651,0.004545912854886,0.00441805756836,0.002892636194842,0.002397114977939,0.004681913269399,0.005231037491925,0.002289617917604
YBR082C,16453.9,YBR082C_translation_Ribosome,0.000165672886253,0.000174390968744,0.00016082403319,0.000175396247348,0.000169314865563,0.000154709973015,0.000166443912176,0.000164198340434,0.000164943496007,0.000173406081063,0.000142763385387,0.00015241557686,0.000148518074857,0.000141618569608,0.00017061819279,0.000137890874292,0.000176419014307,0.000150364533371,0.000138716733599,0.000161464737727,0.000160190183563,0.00014538442742,0.000140563434613,0.000162801385206,0.000168063655097,0.000139606833051
YBR084CA,21736.8,YBR084CA_translation_Ribosome,0.005768475362332,0.006498587180363,0.005354595369108,0.00658207079497,0.006075224133702,0.004820054837944,0.005833832472352,0.005643605714757,0.005706253751439,0.006416765488028,0.003711546852776,0.004614893075129,0.004259468991352,0.003600020890934,0.006183108143396,0.00322754568676,0.006666979252726,0.004428905653806,0.00331120739017,0.005409760315699,0.005300007664977,0.003962263037637,0.003496446939133,0.005524313728856,0.005969975076085,0.003400783418072
YBR084W,106228.6,YBR084W_translation_Ribosome,0,0,0,0,0,0,0,0,0,0,0,0,0,0,0,0,0,0,0,0,0,0,0,0,0,0
YBR085W,33333.4,YBR085W_translation_Ribosome,0,0,0,0,0,0.000207003455157,0,0,0,0.000115294926566,0.00093116014554,0.000306580353923,0,0.000961503055193,0,0.001061121539878,0,0.000647033106308,0.001039050655335,0,0,0.000861554936393,0.000516294062093,0.000400733682603,0,0.00101517479995
YBR091C,12283.1,YBR091C_translation_Ribosome,0,0,0,0,0,0,0,0,0,0,0,0,0,0,0,0,0,0,0,0,0,0,0,0,0,0
YBR092C,52745.8,YBR092C_translation_Ribosome,0,0,0,0,0,0,0,0,0,0,0,0,0,0,0,0,0,0,0,0,0,0,0,0,0,0
YBR093C,52832.8,YBR093C_translation_Ribosome,0,0,0,0,0,0,0,0,0,0,0,0,0,0,0,0,0,0,0,0,0,0,0,0,0,0
YBR097W,166364.6,YBR097W_translation_Ribosome,0,0,0,0,0,0,0,0,0,0,0,0,0,0,0,0,0,0,0,0,0,0,0,0,0,0
YBR110W,51938.5,YBR110W_translation_Ribosome,0,0,0,0,0,0,0,0,0,0,0,0,0,0,0,0,0,0,0,0,0,0,0,0,0,0
YBR115C,155321.8,YBR115C_translation_Ribosome,5.94386352569374E-05,1.62791626490753E-05,8.23306221575305E-05,1.10334022924109E-05,4.18516511629112E-05,0.000109946306134,5.57641790743131E-05,6.65398922200215E-05,6.30882522855806E-05,2.12821159387583E-05,0.000161034281323,0.000120017866876,0.00013675111393,0.000165709694581,3.53563895228488E-05,0.000180819070855,5.60412129336062E-06,0.000128904607597,0.000177504511895,7.93627119865949E-05,8.51956548753189E-05,0.000150179707185,0.000169961086251,7.3161629739224E-05,4.80604571614949E-05,0.000173905666894
YBR117C,75016,YBR117C_translation_Ribosome,0,0,0,0,0.000119099012124,0,0,0,0,5.98834150809044E-05,0,0,0,0,0.000100198652728,5.5620648098579E-05,1.55672295445436E-05,0,0,0,0,0.000208802213434,0,0,0,0
YBR121C,75325.4,YBR121C_translation_Ribosome,0,0,0,0,0,0,0,0,0,0,0,0,0,0,0,0,0,0,0,0,0,0,0,0,0,0
YBR122C,20101,YBR122C_translation_Ribosome,3.88300601276605E-06,4.98196404077271E-07,7.04987394302264E-06,2.96934529208178E-07,2.11628124709168E-06,1.23350085593399E-05,3.4661620004512E-06,4.75115517071827E-06,4.31469472086583E-06,7.32443785294957E-07,2.71655609781476E-05,1.47068593407509E-05,1.92324937794262E-05,2.89095414100283E-05,1.60139293918175E-06,3.505729530171E-05,1.32483266331493E-07,1.70101781258526E-05,3.36388799647127E-05,6.57896750799636E-06,7.5205057706368E-06,2.3386169864479E-05,3.05539009429121E-05,5.65328719779279E-06,2.67317939740155E-06,3.21436388379402E-05
YBR126C,56136.2,YBR126C_translation_Ribosome,0,0,0,0,0,0,0,0,0,0,0,0,0,0,0,0,0,0,0,0,0,0,0,0,0,0
YBR127C,57728.7,YBR127C_translation_Ribosome,0,0,0,0,0,0,0,0,0,0,0,0,0,0,0,0,0,0,0,0,0,0,0,0,0,0
YBR132C,67261.4,YBR132C_translation_Ribosome,0,0,0,0,0,0,0,0,0,0,0,0,0,0,0,0,0,0,0,0,0,0,0,0,0,0
YBR142W,87054.1,YBR142W_translation_Ribosome,0.000367219151628,0.000475133407566,0.000312217101793,0.000488359276936,0.000410866382067,0.000247765301904,0.000376309413113,0.000350153382253,0.00035866547834,0.000462347432038,0.000137735965819,0.000224998450007,0.000188140737946,0.000128423360373,0.000426791134664,9.96500914580487E-05,0.000502002800476,0.000205302066058,0.000105801103163,0.000319290545909,0.000305294287029,0.000159844185479,0.000120062360504,0.00033422798925,0.000395607892218,0.000112586653612
YBR143C,48988.8,YBR143C_translation_Ribosome,0.002794593932978,0.003380077271031,0.002482563479903,0.003449881801219,0.00303512249055,0.002100754699204,0.002845118852247,0.00269888216236,0.002746842953392,0.003312217588126,0.001385350730536,0.00196054365585,0.001725942292951,0.001318958424647,0.003121799512117,0.001104736879381,0.003521503821014,0.001836473928138,0.001151859282252,0.002523316408865,0.002442460673963,0.001538433879268,0.00125820609657,0.002608736240318,0.002951696667978,0.001202931937312
YBR145W,37642.5,YBR145W_translation_Ribosome,3.85047873670368E-05,1.77004748434514E-05,5.00856161330403E-05,1.52741960751805E-05,2.98647552765082E-05,6.46888226011284E-05,3.66727624548451E-05,4.20301733330522E-05,4.02944402731631E-05,2.00556689453574E-05,9.38873361946825E-05,7.02051961714995E-05,7.96376741952345E-05,9.67333614549532E-05,2.67253759397778E-05,0.000106173938506,1.23073034591878E-05,7.5166798323682E-05,0.000104071276606,4.85562694851642E-05,5.15778557402845E-05,8.74108491261032E-05,9.93665032010941E-05,4.53778972340664E-05,3.28636847394766E-05,0.000101802034485
YBR146W,31952.8,YBR146W_translation_Ribosome,6.17247472885483E-06,7.91939209999515E-07,1.12065674407549E-05,4.72010826569976E-07,3.36406703308646E-06,1.96078832642593E-05,5.50985429421507E-06,7.55249544494934E-06,6.85869247683606E-06,1.16430176522425E-06,4.31827141347473E-05,2.33782068127529E-05,3.05722116927142E-05,4.59549671541889E-05,2.54559416482199E-06,5.57275133235401E-05,2.10597050516737E-07,2.70395910462038E-05,5.34727826345192E-05,1.04580087055125E-05,1.19546896566342E-05,3.7174946940238E-05,4.85688615515986E-05,8.98653575312838E-06,4.24931927015035E-06,5.1095928713046E-05
YBR149W,38874.8,YBR149W_translation_Ribosome,0,0,0,0,0,0,0,0,0,0,0,0,0,0,0,0,0,0,0,0,0,0,0,0,0,0
YBR153W,27114.5,YBR153W_translation_Ribosome,8.53527287225285E-12,2.41263056003039E-12,1.19397863950303E-11,1.69754624091386E-12,5.99313061320924E-12,1.62300756502629E-11,7.99709467780818E-12,9.57243179155445E-12,9.06307542611748E-12,3.10634629511795E-12,2.48019485012456E-11,1.78517920533705E-11,2.06243486749369E-11,2.56366185541709E-11,5.06902966483549E-12,2.84020234855774E-11,9.60281549892458E-13,1.93092123282876E-11,2.77859698237364E-11,1.14899330110541E-11,1.23762923631229E-11,2.28998242207872E-11,2.6405113503553E-11,1.05565328212608E-11,6.87708751116481E-12,2.71237131338949E-11
YBR159W,38722.7,YBR159W_translation_Ribosome,2.59602111190446E-10,1.44151875823212E-10,5.06045653568103E-10,5.16312242830882E-11,1.82282322207533E-10,4.93641148519815E-10,4.77817125439775E-10,5.7194168962402E-10,2.75655336356849E-10,1.85600585856832E-10,7.54356455725197E-10,1.0666238561062E-09,6.27293882465917E-10,7.7974312011542E-10,1.54175598410711E-10,8.63853490016236E-10,2.92071643660898E-11,5.87293735170879E-10,8.45116088926176E-10,3.49468717843011E-10,7.39469104568663E-10,6.96502947542832E-10,8.03117054878226E-10,3.21079155671704E-10,2.09168056307099E-10,8.24973413067299E-10
YBR161W,44393.4,YBR161W_translation_Ribosome,0,0,0,0,0,0,0,0,0,0,0,0,0,0,0,0,0,0,0,0,0,0,0,0,0,0
YBR166C,50917.7,YBR166C_translation_Ribosome,2.33458625447557E-06,4.9703354128753E-07,3.38925946389574E-06,2.86489362652737E-07,1.56514258583003E-06,4.75438620521516E-06,2.17136313295079E-06,2.65517236712211E-06,2.49858689646805E-06,7.02055781512819E-07,7.54910785623328E-06,5.27521588107727E-06,6.17740804713663E-06,7.82769063909417E-06,1.2874185221966E-06,8.75922217656193E-06,6.93160254077502E-08,5.74672346246738E-06,8.55073410687642E-06,3.2491685600681E-06,3.52603407120093E-06,6.91849505500182E-06,8.08591226810524E-06,2.95856566432264E-06,1.83241326560774E-06,8.32690029783656E-06
YBR167C,15820.5,YBR167C_translation_Ribosome,0,0,0,0,0,0,0,0,0,0,0,0,0,0,0,0,0,0,0,0,0,0,0,0,0,0
YBR169C,77607.4,YBR169C_translation_Ribosome,0.000416811879477,0.000199686931933,0.000515348095651,0.000174990639394,0.000317437459847,0.00067300493497,0.000399507332302,0.000446543716671,0.000431157849714,0.000223366451912,0.000863630044265,0.000712723971854,0.000774080916733,0.00087729592564,0.000302505633049,0.000917106217375,0.000149102177092,0.000746388595096,0.000909082162599,0.000502798380137,0.000575292788388,0.000829166350923,0.000889121997809,0.000475903795289,0.000362447396913,0.00089982720167
YBR176W,34468.3,YBR176W_translation_Ribosome,0,0,0,0,0,0,0,0,0,0,0,0,0,0,0,0,0,0,0,0,0,0,0,0,0,0
YBR180W,63416.4,YBR180W_translation_Ribosome,0,0,0,0,0,0,0,0,0,0,0,0,0,0,0,0,0,0,0,0,0,0,0,0,0,0
YBR181C,27023.9,YBR181C_translation_Ribosome,0.007171557052746,0.008079255920991,0.00665700792183,0.00818304547846,0.007552917148189,0.005992449667619,0.007252811147437,0.007016315026821,0.007094201113021,0.007977532519594,0.004614316320468,0.005737385860522,0.00529551102625,0.004475663600646,0.007687042074101,0.00401259025636,0.008288606447488,0.005506160221278,0.004116601219647,0.006725590785922,0.006589142704426,0.004926014873523,0.004346897079535,0.006868007332139,0.007422068080794,0.004227965064391
YBR183W,36422.9,YBR183W_translation_Ribosome,0,0,0,0,0,0,0,0,0,0,0,0,0,0,0,0,0,0,0,0,0,0,0,0,0,0
YBR189W,22313.1,YBR189W_translation_Ribosome,0.005921412885395,0.00667088189679,0.005496559840015,0.006756578882597,0.006236294377172,0.004947847227031,0.005988502785086,0.005793232613537,0.005857541615198,0.006586890895206,0.003809949766326,0.004737246083815,0.004372398768491,0.003695466956567,0.006347038677009,0.003313116450593,0.00684373848791,0.004546327644544,0.003398996246808,0.005553187355095,0.005440524871618,0.004067313099678,0.003589146985645,0.005670777881903,0.006128254888953,0.003490947171883
YBR191W,18262.6,YBR191W_translation_Ribosome,0,0,0.004498768603836,0,0,0.004049663864204,0,0.004741586329465,0,0,0.003118329080339,0.003877293174426,0.003578676640603,0.003024628350207,0,0.002711685982253,0,0.003721032184737,0.002781976007679,0.004545116518599,0.004452905670678,0.003328973213681,0.002937608657696,0.004641360821492,0,0.00285723506914
YBR192W,42120.2,YBR192W_translation_Ribosome,4.07753250526865E-08,1.15257938193273E-08,5.70396141522183E-08,8.10964110945395E-09,2.86308185449157E-08,7.75354953701072E-08,3.82043011213851E-08,4.57301159186349E-08,4.32967817207482E-08,1.48398629786526E-08,1.18485668497596E-07,8.52828766746876E-08,9.85281353985026E-08,1.22473114854515E-07,2.4216136423395E-08,1.35684208005031E-07,4.58752671707232E-09,9.22453705911164E-08,1.32741151738708E-07,5.48905419160502E-08,5.91249221444303E-08,1.09398702329422E-07,1.2614442470382E-07,5.04314347834844E-08,3.28537215951364E-08,1.29577371013619E-07
YBR196C,61289.6,YBR196C_translation_Ribosome,8.45336483603213E-05,3.79611618610048E-05,0.000110477614503,3.25317575907948E-05,6.5188399737488E-05,0.000143207214436,8.04310891024203E-05,9.24320018420625E-05,8.85428335615176E-05,4.32332877746818E-05,0.000208653632373,0.000155571045133,0.000176715383893,0.000215033965625,5.8159508569269E-05,0.000236199816537,2.66184380296883E-05,0.000166691177037,0.000231485385385,0.000107051198917,0.000113819713925,0.000194132391635,0.000220935709623,9.99307180301467E-05,7.19027606072349E-05,0.000226399299632
YBR199W,54525.2,YBR199W_translation_Ribosome,0,0,0,0,0,0,0,0,0,0,0,0,0,0,0,0,0,0,0,0,0,0,0,0,0,0
YBR204C,43282.2,YBR204C_translation_Ribosome,0,0,0,0,0,0,0,0,0,0,0,0,0,0,0,0,0,0,0,0,0,0,0,0,0,0
YBR205W,47490.8,YBR205W_translation_Ribosome,0,0,0,0,0,0,0,0,0,0,0,0,0,0,0,0,0,0,0,0,0,0,0,0,0,0
YBR208C,201800.7,YBR208C_translation_Ribosome,0,0,0,0,0,0,0,0,0,0,0,0,0,0,0,0,0,0,0,0,0,0,0,0,0,0
YBR213W,31914.1,YBR213W_translation_Ribosome,0,0,0,0,0,0,0,0,0,0,0,0,0,0,0,0,0,0,0,0,0,0,0,0,0,0
YBR218C,130152,YBR218C_translation_Ribosome,0.001540607518522,0.000417125927518,0.002155655327955,0.000284829952104,0.001076942661791,0.002919166569715,0.001442623222077,0.001728770179481,0.001636522075308,0.000545979520607,0.00441611831444,0.003205336692613,0.003690775827103,0.004559393726202,0.000907278919241,0.005030782396596,0.000147513256977,0.003461208743923,0.004926161138224,0.002074809212449,0.00223390031459,0.00408810518929,0.004690882135604,0.001906655512154,0.0012385152803,0.00481344153216
YBR221C,40044.9,YBR221C_translation_Ribosome,1.19482086915462E-05,3.23707471200963E-06,1.66851293907273E-05,2.20235121035484E-06,8.36122112103705E-06,2.2540765631193E-05,1.11914518700742E-05,1.3401002613923E-05,1.26890170537619E-05,4.23839699721707E-06,3.38666717688131E-05,2.47202685133989E-05,2.84029272934896E-05,3.49413968603507E-05,7.04708652173096E-06,3.84689007262391E-05,1.13890025187113E-06,2.66627326907415E-05,3.7687858523335E-05,1.60643014804377E-05,1.72851720256824E-05,3.13971872659187E-05,3.59274180021948E-05,1.47704577680596E-05,9.61411160768665E-06,3.6844850221065E-05
YBR244W,18410.3,YBR244W_translation_Ribosome,0,0,0,0,0,0,0,0,0,0,0,0,0,0,0,0,0,0,0,0,0,0,0,0,0,0
YBR247C,55107.9,YBR247C_translation_Ribosome,0.000232460921266,0.000300773936102,0.000197642946443,0.000309146314734,0.000260090949149,0.000156842991666,0.000238215333992,0.000221657768834,0.000227046185232,0.000292680023687,8.71910665983648E-05,0.000142430880144,0.000119098824439,8.12959033646921E-05,0.000270171803166,6.30815467055659E-05,0.000317783081192,0.000129962468466,6.69753246887204E-05,0.000202120652271,0.000193260593587,0.00010118624383,7.60031354800922E-05,0.000211576509421,0.00025043185977,7.12707850473351E-05
YBR248C,61054.6,YBR248C_translation_Ribosome,2.48742802746466E-06,5.7063994755885E-07,3.53942381563432E-06,3.45378562277162E-07,1.69329680365624E-06,4.85063313279623E-06,2.32031209382017E-06,2.80644257515542E-06,2.64841745563595E-06,7.87331177272494E-07,7.42647465388921E-06,5.34454170090543E-06,6.1865575752676E-06,7.67373498576562E-06,1.40441977914352E-06,8.4919971173705E-06,1.1443136937207E-07,5.78690668733822E-06,8.31060142145841E-06,3.40063372863052E-06,3.67409624021544E-06,6.85934207222844E-06,7.90082507039608E-06,3.11126365639589E-06,1.96928055649995E-06,8.11468852643878E-06
YBR249C,39747.7,YBR249C_translation_Ribosome,0,0,0,0,0,0,0,0,0,0,0,0,0,0,0,0,0,0,0,0,0,0,0,0,0,0
YBR251W,34898.6,YBR251W_translation_Ribosome,6.74152896060481E-06,8.64949854600819E-07,1.22397259234849E-05,5.15526558928637E-07,3.67420788666005E-06,2.14155778174708E-05,6.01782006810339E-06,8.24877686885372E-06,7.49101065547029E-06,1.27164134548006E-06,4.71638250013424E-05,2.55334959150853E-05,3.33907321730602E-05,5.01916582185967E-05,2.78027817657471E-06,6.08651572467169E-05,2.30012462981754E-07,2.95324313388826E-05,5.84025578994339E-05,1.14221558865013E-05,1.30568191974104E-05,4.0602188330556E-05,5.3046533378753E-05,9.81502455603659E-06,4.6410735047091E-06,5.58065765061311E-05
YBR252W,15307.5,YBR252W_translation_Ribosome,1.63169508309948E-06,0,2.28253871265943E-06,0,1.14571167205874E-06,3.10271681213123E-06,1.52881111830422E-06,1.09129416371067E-06,1.73259552821447E-06,0,4.74140874304433E-06,3.41274166086626E-06,3.94277357369844E-06,4.9009732984783E-06,9.69050539331419E-07,5.42963801686404E-06,0,3.69135788464541E-06,5.3118665353899E-06,2.19653987398891E-06,2.36598591493877E-06,4.37777809147399E-06,5.04788710534323E-06,2.01810099768761E-06,1.31469843389443E-06,5.18526238333319E-06
YBR256C,26188,YBR256C_translation_Ribosome,4.00640044061045E-06,1.13247277309187E-06,5.604456493635E-06,7.96816939463448E-07,2.81313573552569E-06,7.61828979688981E-06,3.75378316783883E-06,4.49323595406911E-06,4.25414745655329E-06,1.45809833519292E-06,1.16418700246147E-05,8.37951271374313E-06,9.68093239141644E-06,1.20336586080443E-05,2.37936888329429E-06,1.33317213298198E-05,4.50749786466259E-07,9.06361611839986E-06,1.30425498294846E-05,5.39329830071633E-06,5.80934949811999E-06,1.07490255111021E-05,1.23943850370517E-05,4.95516644627845E-06,3.22805923691283E-06,1.27316909344394E-05
YBR257W,32894.6,YBR257W_translation_Ribosome,0,0,0,0,0,0,0,0,0,0,0,0,0,0,0,0,0,0,0,0,0,0,0,0,0,0
YBR263W,53693,YBR263W_translation_Ribosome,0,0,0,0,0,0,0,0,0,0,0,0,0,0,0,0,0,0,0,0,0,0,0,0,0,0
YBR265W,35968.9,YBR265W_translation_Ribosome,1.82891045598049E-05,5.16970614027128E-06,2.55841851887751E-05,3.63744676471987E-06,1.28418849714667E-05,3.47772771912392E-05,1.71359138631133E-05,2.0511494892738E-05,1.9420062671987E-05,6.6561776103333E-06,5.31448069927317E-05,3.82522382506806E-05,4.4193182226198E-05,5.49333107815813E-05,1.08617515742598E-05,6.0858930348486E-05,2.05766001107344E-06,4.13751509207828E-05,5.95388706380944E-05,2.46202540175913E-05,2.65195159521742E-05,4.90689970717462E-05,5.65800167150989E-05,2.2620194508918E-05,1.47359990056678E-05,5.81198085849857E-05
YBR267W,45854,YBR267W_translation_Ribosome,0.000193425318035,0.000250266986512,0.000164454092175,0.00025723344776,0.000216415620669,0.00013050540013,0.000198213430831,0.000184436266527,0.000188919842303,0.000243532230517,7.25496556356061E-05,0.000118513417825,9.90993577299204E-05,6.76444276208055E-05,0.00022480366449,5.24886856990925E-05,0.000264419899959,0.000108138742886,5.5728607663812E-05,0.000168179886899,0.000160807638439,8.41947166299382E-05,6.32404387447925E-05,0.000176047885384,0.000208378517379,5.93027601770437E-05
YBR268W,11955.9,YBR268W_translation_Ribosome,2.30957820944379E-06,2.96322888786998E-07,4.19320371500843E-06,1.76614075805187E-07,1.258745682409E-06,7.33675582481529E-06,2.06164301582979E-06,2.8259457790951E-06,2.56634289901994E-06,4.35651194100193E-07,1.61578394357811E-05,8.74751204378308E-06,1.14393200526064E-05,1.7195143830862E-05,9.52494594376555E-07,2.08517743842453E-05,7.87998947282572E-08,1.01175060273062E-05,2.00081132764593E-05,3.91311266249707E-06,4.47313143341906E-06,1.39098904672765E-05,1.81731945815314E-05,3.36252606378244E-06,1.58998385937979E-06,1.91187568569986E-05
YBR282W,16509.4,YBR282W_translation_Ribosome,3.18919951580318E-06,4.09179827544565E-07,5.79021883861191E-06,2.4387895709216E-07,1.73814902844313E-06,1.01310178752085E-05,2.84683622358336E-06,3.90222979829144E-06,3.54375508803852E-06,6.01572430672532E-07,2.23116816284081E-05,1.20790718670809E-05,1.57960764540102E-05,2.37440516867181E-05,1.31525976767958E-06,2.87933391897941E-05,1.08811463965631E-07,1.39708390005945E-05,2.76283630112645E-05,5.40345287182305E-06,6.17675926420333E-06,1.92075833421536E-05,2.50946008769172E-05,4.64317096976471E-06,2.1955419105249E-06,2.64002880966664E-05
YBR291C,32187.7,YBR291C_translation_Ribosome,7.15847710183009E-06,1.63358609178157E-06,1.03305679744834E-05,1.00119748020756E-06,4.83847828408922E-06,1.44245975158179E-05,6.66523404146382E-06,8.11866484146899E-06,7.64815889122675E-06,2.24491792387514E-06,2.28970973407942E-05,1.59988646477155E-05,1.87268398903299E-05,2.37441811796427E-05,4.00420084063885E-06,2.65788556623227E-05,3.53801050284738E-07,1.74259896240888E-05,2.59438423241067E-05,9.90774731095291E-06,1.07421406553995E-05,2.09812606928031E-05,2.45277187867895E-05,9.03371321704254E-06,5.6418679410589E-06,2.5263164610704E-05
YBR293W,51697.6,YBR293W_translation_Ribosome,0,0,0,0,0,0,0,0,0,0,0,0,0,0,0,0,0,0,0,0,0,0,0,0,0,0
YBR294W,95946.6,YBR294W_translation_Ribosome,6.60568835807859E-06,1.5394191332194E-06,9.49865907456232E-06,9.59134157214769E-07,4.48251863954E-06,1.32286754958853E-05,6.1551015520466E-06,7.47701448787459E-06,7.0541564059143E-06,2.10476361549551E-06,2.10044987717038E-05,1.46656491878845E-05,1.71512638698399E-05,2.17822347547952E-05,3.71915456093014E-06,2.43873856382135E-05,3.60765581439162E-07,1.5969813810483E-05,2.38033725295821E-05,9.11196920691126E-06,9.87398756504109E-06,1.9247257947889E-05,2.25001186869169E-05,8.31491692238877E-06,5.21877737201252E-06,2.31772721874756E-05
YBR296C,62649.9,YBR296C_translation_Ribosome,0,6.48934546195711E-06,3.21149039322284E-05,4.56595559114486E-06,1.61199545392723E-05,4.36546603997786E-05,2.15100939679808E-05,0,0,8.3552594282139E-06,6.67107573868203E-05,4.80166535517492E-05,5.54741060221989E-05,6.89558016177625E-05,1.36343645798847E-05,7.6394017911391E-05,2.58290631862947E-06,0,7.47369946186337E-05,0,0,6.15945403530449E-05,7.10228521206271E-05,4.06214661249866E-07,1.84975674984952E-05,7.29556972595009E-05
YBR298C,68258.5,YBR298C_translation_Ribosome,0,0,0,0,0,0,0,0,0,0,0,0,0,0,0,0,0,0,0,0,0,0,0,0,0,0
YBR299W,68126.7,YBR299W_translation_Ribosome,0,0,0,0,0,0,0,0,0,0,0,0,0,0,0,0,0,0,0,0,0,0,0,0,0,0
YCL004W,59398,YCL004W_translation_Ribosome,4.99466834439092E-07,1.41182240629564E-07,6.98692051661459E-07,9.93369585194569E-08,3.50705832204934E-07,9.49751065850125E-07,4.67973739471118E-07,5.601592680598E-07,5.30352767991917E-07,1.81777076599151E-07,1.45135965671462E-06,1.04465061626184E-06,1.2068949990488E-06,1.50020285310392E-06,2.96629321436676E-07,1.66202873350688E-06,5.61937260909685E-08,1.12993589091622E-06,1.62597852434197E-06,6.72367545225727E-07,7.24235494426566E-07,1.34005120679279E-06,1.54517361682703E-06,6.17746861735168E-07,4.0243319467014E-07,1.5872246078109E-06
YCL009C,33982.2,YCL009C_translation_Ribosome,2.95478376794325E-05,7.9912440003923E-06,4.16342982188659E-05,5.49682565668474E-06,1.76756258081033E-05,5.70169581485858E-05,2.76464369189346E-05,3.32294750151806E-05,3.14145474377049E-05,9.10593785026809E-06,8.7871982933215E-05,6.28278740799518E-05,7.27825434293476E-05,9.08886764935459E-05,1.73161689098126E-05,0.000100909571768,2.92393651668967E-06,6.80562925478074E-05,9.86755165102068E-05,4.00339747383903E-05,4.31850962026045E-05,8.09894707531915E-05,9.36715542359905E-05,3.6719967680879E-05,2.36903580934296E-05,9.62774297583026E-05
YCL018W,38946.2,YCL018W_translation_Ribosome,5.1132418959609E-05,1.34023160497812E-05,7.22995293051785E-05,9.01714301227609E-06,3.54021290012372E-05,9.94272571019211E-05,4.77891642459361E-05,5.75542006790211E-05,5.43603202806816E-05,1.76785225750751E-05,0.00015396987896,0.000109674836196,0.000127285361484,0.000159327695725,2.96783228795085E-05,0.000177201120837,4.56934357862485E-06,0.000118904400759,0.000173212284256,6.94855516968638E-05,7.50202300913003E-05,0.000141731436757,0.000164287978177,6.36689407047199E-05,4.0835300072279E-05,0.000168930926203
YCL025C,69669,YCL025C_translation_Ribosome,0,0,0,0,0,0,0,0,0,0,0,0,0,0,0,0,0,0,0,0,0,0,0,0,0,0
YCL030C,87696.9,YCL030C_translation_Ribosome,4.22618662925235E-05,9.69527917938817E-06,6.01354710155673E-05,5.86804621404017E-06,2.8769428630511E-05,8.2413161960414E-05,3.94225353993066E-05,4.76819829797261E-05,4.49971067146633E-05,1.337690360261E-05,0.000126177190006,9.08047606863632E-05,0.000105110767496,0.000130378189178,2.38613540851815E-05,0.000144280615466,1.94421031630894E-06,9.83206243425961E-05,0.000141198668748,5.77774015418302E-05,6.24235806364668E-05,0.000116541501628,0.000134236492087,5.28609500237123E-05,3.34584440845492E-05,0.000137870072108
YCL031C,34476.8,YCL031C_translation_Ribosome,0.000145433026668,0.000188171257482,0.000123650081675,0.000193409214719,0.000162719022783,9.81246691503144E-05,0.000149033122783,0.000138674320098,0.000142045440291,0.000183107515268,5.45487845644364E-05,8.91081127851862E-05,7.45110292795158E-05,5.08606316176776E-05,0.000169025842454,3.946530115389E-05,0.000198812579206,8.13075808155565E-05,4.19013403564294E-05,0.000126451439888,0.000120908378526,6.33044970189526E-05,4.754935138737E-05,0.000132367246801,0.000156676069001,4.45886815124504E-05
YCL035C,12374.3,YCL035C_translation_Ribosome,0,0,0,0,0,0,0,0,0,0,0,0,0,0,0,0,0,0,0,0,0,0,0,0,0,0
YCL038C,58848.1,YCL038C_translation_Ribosome,0,0,0,0,0,0,0,0,0,0,0,0,0,0,0,0,0,0,0,0,0,0,0,0,0,0
YCL040W,55367,YCL040W_translation_Ribosome,0.000456741220182,0.000191895904009,0.00060416208797,0.000161013028313,0.000346732302468,0.000789966367403,0.000433423671327,0.000501632951009,0.000479547608664,0.000221869793853,0.001161139876274,0.000860143325268,0.000980104323208,0.001197288399354,0.000306754600425,0.001317135077021,0.000127731506963,0.000923237612211,0.001290444676664,0.000584693963978,0.000623127111621,0.001078830050719,0.001230688599138,0.000544248006825,0.000384936775436,0.001261666319342
YCL050C,36475.7,YCL050C_translation_Ribosome,8.87905902466809E-05,1.96245478529515E-05,0.000128517272379,1.17371393048188E-05,5.97446965159465E-05,0.000179988638207,8.26230262809326E-05,0.00010072611342,9.49489280667384E-05,2.73163355777011E-05,0.00028822656796,0.000199896167861,0.000234413568932,0.000299109686477,4.93269990174309E-05,0.000335641200456,3.60367080106471E-06,0.000218000119,0.00032744190848,0.00012319405449,0.000133684416482,0.000263677860909,0.000309160169532,0.000112237252421,6.98109651193889E-05,0.000318656284289
YCL052C,47911.7,YCL052C_translation_Ribosome,0,0,0,0,0,0,0,0,0,0,0,0,0,0,0,0,0,0,0,0,0,0,0,0,0,0
YCL054W,96489,YCL054W_translation_Ribosome,0.000407018264751,0.000526628238792,0.000346055107513,0.000541287524336,0.000455395970313,0.000274618038845,0.000417093726337,0.00038810291187,0.000397537546647,0.000512456522667,0.000152663752838,0.000249383721648,0.000208531380643,0.000142341849712,0.000473046643324,0.000110450141633,0.000556409729297,0.000227552648892,0.000117267798335,0.000353895169604,0.000338381999942,0.000177168055413,0.00013307468692,0.000370451529046,0.000438483769429,0.000124788764922
YCL059C,37173.7,YCL059C_translation_Ribosome,0.000156809324051,0.000202890693865,0.000133322438311,0.000208538383063,0.000175447493306,0.000105800335692,0.000160691032706,0.000149521927007,0.000153156748415,0.00019743084742,5.88157877982582E-05,9.6078471674943E-05,8.03395514992093E-05,5.48391341878034E-05,0.000182247655224,4.25524197577606E-05,0.000214364418265,8.76677538798048E-05,4.51790147579763E-05,0.000136342928897,0.000130366269225,6.82564037507379E-05,5.12688336408447E-05,0.000142721491624,0.000168931837822,4.80765694594445E-05
YCL064C,39309.9,YCL064C_translation_Ribosome,2.10298692792164E-06,4.68325688724472E-07,3.02488083743259E-06,2.78335732191557E-07,1.41697314483923E-06,4.19838660920462E-06,1.95753217052767E-06,2.38017044576028E-06,2.24338515916141E-06,6.5181973177999E-07,6.62960985044202E-06,4.65087732966037E-06,5.43181200228123E-06,6.87103880342381E-06,1.1732281239664E-06,7.67661419940614E-06,8.70196438266932E-08,5.06073256008427E-06,7.49610849563176E-06,2.90220937538553E-06,3.14443184403922E-06,6.0832881570431E-06,7.09317791935779E-06,2.64769476887168E-06,1.65504089227747E-06,7.30286440087177E-06
YCL069W,50236.8,YCL069W_translation_Ribosome,0,0,0,0,0,0,0,0,0,0,0,0,0,0,0,0,0,0,0,0,0,0,0,0,0,0
YCR003W,21455.4,YCR003W_translation_Ribosome,4.14464191862597E-06,5.3176474444254E-07,7.5248925624162E-06,3.16941898312181E-07,2.25887571110148E-06,1.31661381346232E-05,3.69971106832897E-06,5.0712867344823E-06,4.60541769633674E-06,7.81795651510742E-07,2.8995969206037E-05,1.56978035868637E-05,2.05283740627382E-05,3.08574585726442E-05,1.7092943668136E-06,3.74194464761111E-05,1.41409953357978E-07,1.8156319375226E-05,3.59054586933434E-05,7.02225657783519E-06,8.02723543661116E-06,2.49619237306772E-05,3.26126146107436E-05,6.03420417608694E-06,2.85329750972634E-06,3.43094686196479E-05
YCR005C,51405.7,YCR005C_translation_Ribosome,0,0,0,0,0,0,0,0,0,0,0,0,0,0,0,0,0,0,0,0,0,0,0,0,0,0
YCR010C,30719.3,YCR010C_translation_Ribosome,0,0,0,0,0,0,0,0,0,0,0,0,0,0,0,0,0,0,0,0,0,0,0,0,0,0
YCR012W,44738.8,YCR012W_translation_Ribosome,0.000194149455033,8.39629020807289E-05,0.000255448484582,7.11053385637931E-05,0.000148397145851,0.000332710435473,0.000184450873488,0.000212815858855,0.000203630536493,9.64439592047291E-05,0.000487043855551,0.000361887558354,0.000411761705143,0.000502074512726,0.000131769454844,0.000551910020199,5.71856924656227E-05,0.000388120928833,0.000540811710337,0.000247354135385,0.00026333709895,0.000452822183579,0.000515967742502,0.000230535446964,0.000164284333282,0.00052884175316
YCR024C,56791.5,YCR024C_translation_Ribosome,0,0,0,0,0,0,0,0,0,0,0,0,0,0,0,0,0,0,0,0,0,0,0,0,0,0
YCR024CA,4505.7,YCR024CA_translation_Ribosome,6.26602196863901E-05,1.70372728439772E-05,8.78423094214723E-05,1.16745988961605E-05,4.3777697878182E-05,0.000119390936255,5.86642853287338E-05,7.0343941974782E-05,6.65709716115112E-05,2.22415055574919E-05,0.000181869321359,0.000131269456028,0.00015151459674,0.000187907633304,3.68974965912259E-05,0.000207855733949,4.3873256345067E-06,0.000141920186984,0.000203419762531,8.45222608141348E-05,9.10626569161809E-05,0.000168079184054,0.000193460484263,7.76238180094829E-05,5.03476052365768E-05,0.000198645982443
YCR028C,58256,YCR028C_translation_Ribosome,0,0,0,0,0,0,0,0,0,0,0,0,0,0,0,0,0,0,0,0,0,0,0,0,0,0
YCR031C,14549,YCR031C_translation_Ribosome,0,0,0,0,0,0.003226186827741,0,0,0,0,0.002484233887281,0.003088866776621,0.002850972284567,0.002409586689034,0,0.002160279443003,0,0.002964380606033,0.002216276375529,0,0,0.002652044686181,0.002340261975886,0,0,0.00227623191774
YCR034W,40017.5,YCR034W_translation_Ribosome,4.35440693531739E-07,3.60050145989126E-07,7.83022916517066E-07,8.66030557556885E-08,0,8.28003451441817E-07,1.39744281565568E-06,1.18437020304779E-06,6.93551086440674E-07,5.42814795615371E-07,1.89796702776128E-06,1.75338332064029E-06,1.05218436774881E-06,1.96184008351868E-06,2.58604713150351E-07,7.24487487943676E-07,4.89903100146038E-08,4.92545284352571E-07,7.08773003018604E-07,5.86177439649452E-07,1.84698227153782E-06,5.84135708939705E-07,2.02064909503062E-06,8.07837788278071E-07,5.26268544689713E-07,1.38375991429337E-06
YCR036W,36913.3,YCR036W_translation_Ribosome,0,0,0,0,0,0,0,0,0,0,0,0,0,0,0,0,0,0,0,0,0,0,0,0,0,0
YCR037C,102531.5,YCR037C_translation_Ribosome,0,0,0,0,0,0,0,0,0,0,0,0,0,0,0,0,0,0,0,0,0,0,0,0,0,0
YCR046C,19412.1,YCR046C_translation_Ribosome,3.74992791504979E-06,4.81122253399751E-07,6.80826117951096E-06,2.86758010767727E-07,2.04375221116703E-06,1.19122640492892E-05,3.34736995019943E-06,4.5883239286354E-06,4.16682181935822E-06,7.07341525522324E-07,2.62345448616437E-05,1.42028269344107E-05,1.85733591610168E-05,2.79187557238749E-05,1.54651011764042E-06,3.38558142443821E-05,1.27942809529555E-07,1.64272065467819E-05,3.24860107339435E-05,6.35349361534133E-06,7.26276354759358E-06,2.25846807634572E-05,2.95067598872645E-05,5.45953815294132E-06,2.58156438885123E-06,3.10420144015711E-05
YCR048W,71619.6,YCR048W_translation_Ribosome,0,7.1105960571856E-07,0,3.64344676785675E-08,0,0,0,0,0,5.45526181087238E-07,0,0,0,0,0,0,7.62652074717625E-09,0,0,0,0,0,0,0,0,0
YCR053W,57465.6,YCR053W_translation_Ribosome,4.50784705627543E-07,1.1386698706286E-07,6.40800252407471E-07,7.48653002094409E-08,3.09654313254634E-07,8.82451930325229E-07,4.20770369950657E-07,5.08308678762923E-07,4.79969609538753E-07,1.51365580606879E-07,1.3776753754752E-06,9.75308425060661E-07,1.13541056895056E-06,1.42675051058287E-06,2.59154703340992E-07,1.59021492367346E-06,3.45562255588125E-08,1.05934707066341E-06,1.55362925087963E-06,6.15523323380295E-07,6.65378426592103E-07,1.26642795380683E-06,1.47196341698836E-06,5.63335786016292E-07,3.58633990867749E-07,1.51443492675692E-06
YCR057C,103944,YCR057C_translation_Ribosome,0.00043846559205,0.000567316954813,0.0003727922571,0.000583108856238,0.000490581089432,0.000295835768115,0.000449319510932,0.000418088788063,0.000428252368132,0.000552050293734,0.000164458965529,0.000268651779612,0.000224643076719,0.00015333956437,0.000509595500976,0.000118983817035,0.000599399443481,0.00024513397938,0.000126328224255,0.000381238063502,0.000364526304573,0.000190856536516,0.000143356395623,0.000399073611864,0.00047236220636,0.000134430280975
YCR071C,16394.5,YCR071C_translation_Ribosome,3.16700373495314E-06,4.06332070376838E-07,5.74992081781427E-06,2.42181639674816E-07,1.72605208225683E-06,1.00605093192427E-05,2.82702317876709E-06,3.87507156093431E-06,3.51909171689144E-06,5.9738568419572E-07,2.21563996545566E-05,1.19950054953455E-05,1.56861409515349E-05,2.35788008878518E-05,1.30610599181211E-06,2.85929470087998E-05,1.0805417192536E-07,1.38736065511313E-05,2.74360786817313E-05,5.36584661508613E-06,6.13377104903761E-06,1.90739048725537E-05,2.49199506993967E-05,4.61085602528302E-06,2.18026166015122E-06,2.6216550765067E-05
YCR072C,57039.7,YCR072C_translation_Ribosome,0.0002406098075,0.000311317525855,0.000204571293267,0.00031998339709,0.000269208402283,0.000162341101579,0.000246565940388,0.000229427952017,0.000235005258625,0.000302939882432,9.02475376751926E-05,0.000147423775433,0.000123273817663,8.41457202896685E-05,0.000279642639277,6.52928618151203E-05,0.000328922924231,0.000134518285266,6.93231356601722E-05,0.000209205964469,0.000200035317622,0.000104733313956,7.86674151409111E-05,0.000218993295415,0.000259210714829,7.3769172802166E-05
YCR075C,30121.6,YCR075C_translation_Ribosome,0,0,0,0,0,0,0,0,0,0,0,0,0,0,0,0,0,0,0,0,0,0,0,0,0,0
YCR083W,14437.3,YCR083W_translation_Ribosome,0,0,0,0,0,0,0,0,0,0,0,0,0,0,0,0,0,0,0,0,0,0,0,0,0,0
YCR098C,57329.2,YCR098C_translation_Ribosome,0,0,0,0,0,0,0,0,0,0,0,0,0,0,0,0,0,0,0,0,0,0,0,0,0,0
YCR105W,39347.9,YCR105W_translation_Ribosome,0,0,0,0,0,0,0,0,0,0,0,0,0,0,0,0,0,0,0,0,0,0,0,0,0,0
YDL004W,17019.6,YDL004W_translation_Ribosome,0.000126531083839,3.44594504938503E-05,0.000177283004575,2.3625865476509E-05,8.84064269552755E-05,0.000240642296493,0.00011847327483,0.000142033994708,0.000134445062838,4.49606932618461E-05,0.000365200773022,0.000264442089161,0.000304882029205,0.000377160565416,7.45266482459087E-05,0.000416454858606,1.24722086638152E-05,0.00028569683915,0.000407745147995,0.000170592076773,0.000183718826322,0.000337780704968,0.000387997439111,0.000156714817156,0.000101714959217,0.000398326391696
YDL007W,48822.7,YDL007W_translation_Ribosome,0.000491591514698,0.000517460173556,0.000477203795162,0.00052044307826,0.000502398147972,0.000459061900188,0.00049387933505,0.000487216180694,0.000489427237462,0.000514537773653,0.000423613485905,0.000452253871991,0.000440689041099,0.000420216540661,0.00050626543501,0.00040915556727,0.000523477875143,0.000446167929999,0.000411606091533,0.000479104920453,0.00047532301005,0.000431390751409,0.00041708569999,0.000483071076736,0.000498685503967,0.000414247231843
YDL014W,34487,YDL014W_translation_Ribosome,0.000145476053192,0.00018822692816,0.00012368666369,0.000193466435052,0.000162767163388,9.81536994438838E-05,0.000149077214399,0.000138715347052,0.000142087464594,0.000183161687832,5.45649228836121E-05,8.91344755204287E-05,7.45330734512096E-05,5.08756787926619E-05,0.000169075848939,3.94769770075588E-05,0.000198871398131,8.13316357546552E-05,4.19137369150321E-05,0.000126488850689,0.000120944149406,6.33232257254913E-05,4.75634189163793E-05,0.0001324064078,0.000156722421792,4.46018731239522E-05
YDL015C,36783.1,YDL015C_translation_Ribosome,1.22731162213885E-06,6.81501670921139E-07,2.39241394882708E-06,2.44095093592689E-07,8.61769619398985E-07,2.33376961368345E-06,2.25895894536467E-06,2.70394828317221E-06,1.30320588096899E-06,8.77457255849359E-07,3.56634405283324E-06,5.04263948026732E-06,2.96563486682212E-06,3.68636367867751E-06,7.28890465920993E-07,4.08400926810779E-06,1.38081667024366E-07,2.77652760017724E-06,3.99542512670365E-06,1.65217076631568E-06,3.49596165488783E-06,3.29283209005251E-06,3.79686779460307E-06,1.51795444796411E-06,9.88876343526988E-07,3.90019731800359E-06
YDL022W,42854.2,YDL022W_translation_Ribosome,7.24562723150682E-07,2.04809171856127E-07,1.01357323587678E-06,1.44105378398536E-07,5.01843216861517E-07,1.37777760431368E-06,6.7887656127356E-07,8.01561032705198E-07,7.69368092754887E-07,2.63698977680794E-07,2.10544731427692E-06,1.51544575749407E-06,1.75080919647003E-06,2.17630278844061E-06,4.30311952840397E-07,2.41105911758247E-06,8.15186843110017E-08,1.63916674673178E-06,2.35876207617428E-06,9.75385002437636E-07,0,1.9439752243921E-06,2.24154063163388E-06,8.9614828752199E-07,5.83798705561466E-07,2.30254284126543E-06
YDL031W,112966.8,YDL031W_translation_Ribosome,0.000476526349226,0.000616562581496,0.000405152277663,0.000633725289972,0.000533165702817,0.000321515624274,0.000488322436385,0.00045438074832,0.000465426572196,0.000599970706556,0.00017873473281,0.000291971945058,0.000244143091656,0.000166650118335,0.000553830649577,0.000129312139827,0.000651429972406,0.000266412695508,0.000137294074154,0.000414331217502,0.000396168803812,0.000207423729982,0.000155800366284,0.000433714970529,0.000513365339928,0.000146099425314
YDL042C,63270.6,YDL042C_translation_Ribosome,0,0,0,0,0,0,0,0,0,0,0,0,0,0,0,0,0,0,0,0,0,0,0,0,0,0
YDL045C,35535.4,YDL045C_translation_Ribosome,0,0,0,0,0,0,0,0,0,0,0,0,0,0,0,0,0,0,0,0,0,0,0,0,0,0
YDL045WA,10701.8,YDL045WA_translation_Ribosome,2.06731773282024E-06,2.65240449587291E-07,3.75336256720759E-06,1.58088351061145E-07,1.12671104174547E-06,6.56717549377364E-06,1.84538940830947E-06,2.52952153654011E-06,2.29714939374966E-06,3.89954076984706E-07,1.44629819648744E-05,7.82995210650455E-06,1.02394060956501E-05,1.53914795414079E-05,8.5258379963859E-07,1.86645521546112E-05,7.05342729031577E-08,9.05624219030144E-06,1.79093858816159E-05,3.50265133461397E-06,4.00392759843793E-06,1.24508289466037E-05,1.62669388145295E-05,3.00981786644142E-06,1.42320438162837E-06,1.71133174526575E-05
YDL052C,33904.4,YDL052C_translation_Ribosome,0,0,0,5.80499944996466E-07,0,0,0,0,0,0,0,0,2.29020544595615E-06,0,9.97113366341576E-08,0,2.44316030045148E-07,0,0,0,0,0,0,0,0,0
YDL055C,39562.2,YDL055C_translation_Ribosome,6.70804236880252E-06,1.89613481129161E-06,9.38371792103879E-06,1.334135683473E-06,4.71012171220295E-06,1.27555424109244E-05,6.28507731726484E-06,7.52316639330488E-06,7.12285299602873E-06,2.44133993976503E-06,1.94923494380678E-05,1.40300819019338E-05,1.62090898335762E-05,2.01483333957917E-05,3.98385221765713E-06,2.23217206705062E-05,7.54704555913948E-07,1.51754977661504E-05,2.18375517251267E-05,9.03016911192315E-06,9.72677672794806E-06,1.79974317646654E-05,2.07523090106106E-05,8.29659115678406E-06,5.40484119129045E-06,2.13170708921211E-05
YDL061C,6735.9,YDL061C_translation_Ribosome,0.001787561793508,0.002013812216527,0.001659306749235,0.002039682504685,0.001882618519847,0.001493660860058,0.001807814956687,0.001748866610266,0.001768280273284,0.00198845693252,0.001150151284716,0.001430084385225,0.001319943928216,0.001115591104452,0.001916050115155,0.001000166767484,0.00206599432982,0.001372449743912,0.001026092242623,0.001676401517727,0.001642390859304,0.001227844374297,0.001083495129794,0.00171189985859,0.00185000345566,0.001053850475958
YDL066W,48196.9,YDL066W_translation_Ribosome,2.85511205553372E-05,7.45508581520516E-06,4.02175242457912E-05,4.99092768609676E-06,1.98125148029706E-05,5.48811766182234E-05,2.67006825865273E-05,3.21088807000253E-05,3.03572065087748E-05,9.86930536686248E-06,8.3924920924779E-05,6.03926988395577E-05,6.97869448864623E-05,8.67285494432334E-05,1.66217440290258E-05,9.59959264829045E-05,2.4484371869305E-06,6.53334924915884E-05,9.39352719355546E-05,3.86782723583453E-05,4.17096643560926E-05,7.75102348894525E-05,8.93079486206819E-05,3.54820815947392E-05,2.28462580796218E-05,9.17195588298634E-05
YDL067C,6967.3,YDL067C_translation_Ribosome,2.09242550835951E-06,5.6929147008858E-07,2.93307804905088E-06,3.9009322532732E-07,1.46218548964077E-06,3.98314354667115E-06,1.95909292320091E-06,2.34940474770474E-06,2.22337132448473E-06,7.42938234098058E-07,6.04592817098149E-06,4.37682475383881E-06,5.04600221749502E-06,6.24425570918638E-06,1.23238794531785E-06,6.89830701180956E-06,2.05790513230219E-07,4.7291665925363E-06,6.7530571148129E-06,2.82244215900761E-06,3.04021843254961E-06,5.59214200406591E-06,6.42653958519249E-06,2.59241634289593E-06,1.68179361883347E-06,6.59658379011491E-06
YDL075W,12962.3,YDL075W_translation_Ribosome,0,0,0,0,0,0,0,0,0,0,0,0,0,0,0,0,0,0,0,0,0,0,0,0,0,0
YDL078C,37193.6,YDL078C_translation_Ribosome,0,0,0,0,0,0,0,0,0,0,0,0,0,0,0,0,0,0,0,0,0,0,0,0,0,0
YDL080C,68359,YDL080C_translation_Ribosome,0,0,0,0,0,0,0,0,0,0,0,0,0,0,0,0,0,0,0,0,0,0,0,0,0,0
YDL081C,10889.9,YDL081C_translation_Ribosome,0,0,0,0,0,0,0,0,0,0,0,0,0,0,0,0,0,0,0,0,0,0,0,0,0,0
YDL082W,22580.6,YDL082W_translation_Ribosome,0,0,0,0,0,0,0,0,0,0,0,0,0,0,0,0,0,0,0,0,0,0,0,0,0,0
YDL083C,15863.7,YDL083C_translation_Ribosome,0.004209881979198,0.004742723742829,0.003907828868873,0.004803650788992,0.004433749820112,0.003517716680132,0.004257580149408,0.004118751057064,0.0041644721227,0.004683009581559,0.002708718201777,0.003367987894995,0.003108596400487,0.002627325614052,0.004512484480438,0.002355490068044,0.004865617697705,0.003232252706023,0.002416547084918,0.003948088712237,0.003867990301925,0.002891692988395,0.002551736470332,0.004031690759471,0.004356938170038,0.002481920425696
YDL085W,61664.8,YDL085W_translation_Ribosome,0.000416403546215,0.000112203641126,0.000586422869545,7.67037038200568E-05,0.000289980056209,0.000801014344317,0.000389595082997,0.000468236892211,0.000442750416336,0.000146631782679,0.001228645974451,0.000881988588162,0.001020397176057,0.001270249932921,0.000244049525486,0.001408090481732,0,0.00095473854948,0.001377396458115,0.000439446591325,0.000367042050196,0.001133761209473,0.001308562022786,0.000517346899414,0.00033390948718,0.001344389869369
YDL088C,58795,YDL088C_translation_Ribosome,0,0,0,0,0,0,0,0,0,0,0,0,0,0,0,0,0,0,0,0,0,0,0,0,0,0
YDL090C,48184.5,YDL090C_translation_Ribosome,0,0,0,0,0,0,0,0,0,0,0,0,0,0,0,0,0,0,0,0,0,0,0,0,0,0
YDL093W,84779.5,YDL093W_translation_Ribosome,3.91164986696379E-05,1.10569001722902E-05,5.47191221214807E-05,7.77972377312284E-06,2.7466056348435E-05,7.43811875828245E-05,3.66500694245391E-05,4.38697181734867E-05,4.15353771525033E-05,1.42361459954524E-05,0.000113665421138,8.18133890454057E-05,9.45198026565703E-05,0.000117490649752,2.3230972824019E-05,0.000130164287717,4.40089643659296E-06,8.84926339972838E-05,0.000127340961199,5.26574786849779E-05,5.67195953782513E-05,0.000104948131955,0.000121012602959,4.83797774528379E-05,3.15171627794084E-05,0.000124305889759
YDL095W,92666,YDL095W_translation_Ribosome,0,0,0,0,0,0,0,0,0,0,0,0,0,0,0,0,0,0,0,0,0,0,0,0,0,0
YDL097C,49767.3,YDL097C_translation_Ribosome,0.00050110260984,0.000527471764065,0.000486436523072,0.00053051238069,0.000512118325074,0.00046794362674,0.000503434693928,0.000496642623809,0.000498896459125,0.000524492822862,0.00043180937222,0.000461003879825,0.000449215297701,0.000428346704382,0.00051606043467,0.000417071728171,0.00053360589348,0.00045480018972,0.000419569664094,0.000488374430494,0.000484519349361,0.000439737108816,0.000425155289591,0.000492417322214,0.000508333850475,0.000422261904018
YDL100C,39337.1,YDL100C_translation_Ribosome,0,0,0,0,0,0,0,0,0,0,0,0,0,0,0,0,0,0,0,0,0,0,0,0,0,0
YDL103C,53476.5,YDL103C_translation_Ribosome,7.87748180889663E-10,2.22669545926433E-10,1.10196184160352E-09,1.56672081053575E-10,5.5312557771145E-10,1.49792663463161E-09,7.38077959443494E-10,8.83470961426575E-10,8.36460800614734E-10,2.86694834461294E-10,2.28905274697075E-09,1.6476001325487E-09,1.9034884290029E-09,2.36608716938183E-09,4.67837286178752E-10,2.62131541301779E-09,8.86275172910816E-11,1.78211020475622E-09,2.56445781060613E-09,1.0604434050874E-09,1.14224840155993E-09,2.11349949118343E-09,2.43701407558148E-09,9.74296856224033E-10,6.34708843855532E-10,2.50333597999651E-09
YDL112W,165023.2,YDL112W_translation_Ribosome,0,0,0,0,0,0,0,0,0,0,0,0,0,0,0,0,0,0,0,0,0,0,0,0,0,0
YDL116W,83590.5,YDL116W_translation_Ribosome,0,0,0,0,0,0,0,0,0,0,0,0,0,0,0,0,0,0,0,0,0,0,0,0,0,0
YDL119C,34222.1,YDL119C_translation_Ribosome,1.39219578949677E-08,1.07052177354834E-09,2.73033150737573E-08,5.16308289315527E-10,6.8276215161659E-09,5.04159797855704E-08,1.2212353990829E-08,1.75303793808287E-08,1.5708814407544E-08,1.7986406112011E-09,1.17079045076795E-07,6.09523654790097E-08,8.12215709847294E-08,1.2499977425761E-07,4.86733182172244E-09,1.52992572899813E-07,1.54145936126943E-10,7.12451803516323E-08,1.46525466996992E-07,2.52813691820079E-08,2.933216801642E-08,9.9955032613139E-08,1.32474113551984E-07,2.13343479041101E-08,9.01472500404454E-09,1.39712729490987E-07
YDL130W,10650.6,YDL130W_translation_Ribosome,0.002826438284111,0.003184178564608,0.002623645312936,0.003225083876601,0.002976739085717,0.002361731076193,0.002858461969105,0.002765254638474,0.002795950931373,0.003144087561499,0.001818584194094,0.002261205889826,0.00208705515252,0.001763938689273,0.003029600106366,0.001581433241848,0.00326668733342,0.002170075749716,0.001622425813816,0.00265067504041,0.002596898422794,0.001941430141909,0.001713189511332,0.002706803936208,0.002925169139218,0.001666316287242
YDL131W,48586.7,YDL131W_translation_Ribosome,0,0,0,0,0,0,0,0,0,0,0,0,0,0,0,0,0,0,0,0,0,0,0,0,0,0
YDL133CA,3354.4,YDL133CA_translation_Ribosome,0.000890185020583,0.001002855104606,0.000826315497504,0.00101573820777,0.000937522166744,0.000743825767749,0.000900270860718,0.000870915268557,0.000880583047359,0.000990228467532,0.000572761987181,0.000712165421369,0.000657316752447,0.000555551418633,0.000954170713086,0.000498071438835,0.001028841191222,0.000683464039101,0.000510982024474,0.000834828493752,0.000817891580702,0.000611452243819,0.00053956799587,0.000852506255386,0.000921280243422,0.000524805302417
YDL136W,13932.9,YDL136W_translation_Ribosome,0,0,0,0,0,0,0,0,0,0,0,0,0,0,0,0,0,0,0,0,0,0,0,0,0,0
YDL141W,76359.6,YDL141W_translation_Ribosome,2.46968198907862E-08,6.98094874011333E-09,3.45477828941035E-08,4.91185160634063E-09,1.73411289306933E-08,4.69617387923744E-08,2.31396007911418E-08,2.76978401758416E-08,2.62240170648879E-08,8.988215856383E-09,7.1764460755212E-08,5.16541766934148E-08,5.96765718229754E-08,7.41795793195338E-08,1.46672419882987E-08,8.21812810270518E-08,2.77857554610076E-09,5.5871223596721E-08,8.03987291910108E-08,3.32461317146269E-08,3.58108133134684E-08,6.62606624036578E-08,7.6403220161008E-08,3.05453374086489E-08,1.98988590263527E-08,7.84824888510382E-08
YDL142C,32035,YDL142C_translation_Ribosome,2.54280737086033E-07,7.18764925624328E-08,3.55707161401713E-07,5.057287749762E-08,1.78545864038378E-07,4.83522397125381E-07,2.3824746550641E-07,2.8517951893198E-07,2.70004900149277E-07,9.25435000601889E-08,7.38893511719906E-07,5.31836170861576E-07,6.14435491574164E-07,7.63759795371067E-07,1.51015277282532E-07,8.46146054700323E-07,2.86084702822538E-08,5.7525527500701E-07,8.27792736468785E-07,3.42305240716787E-07,3.68711439175873E-07,6.82225895897505E-07,7.86654606714596E-07,3.14497613261963E-07,2.04880489179085E-07,8.0806294906146E-07
YDL143W,57606.3,YDL143W_translation_Ribosome,0.000107965382032,5.17695540112535E-05,0.000138390796998,4.51148110580159E-05,8.4659015096171E-05,0.000149874742969,0.000103031235836,0.000117104664446,0.000112504196274,5.81963926834552E-05,0.000220484738854,0.000163050403001,0.000185447930808,0.000227561098897,7.62064667404126E-05,0.000251210615123,3.8222300919795E-05,0.000174664892816,0.000245947744997,0.000134377730073,0.000142268311505,0.000204288635652,0.000234117953959,0.000126040670039,9.27375986778288E-05,0.000240247498291
YDL147W,51759.9,YDL147W_translation_Ribosome,0.000521165925719,0.000548590857065,0.000505912633206,0.000551753214927,0.000532622691888,0.000486679312032,0.000523591382579,0.000516527369259,0.000518871444396,0.000545492644006,0.000449098302001,0.000479461709182,0.000467201131817,0.000445496994696,0.000536722637003,0.000433770587172,0.00055497058683,0.000473009633633,0.000436368536299,0.000507928131221,0.000503918699045,0.000457343451998,0.00044217780096,0.000512132893608,0.000528686693214,0.000439168569036
YDL148C,94302.2,YDL148C_translation_Ribosome,0.00039779371541,0.000514692882092,0.000338212210301,0.000529019933644,0.000445075002038,0.000268394171592,0.000407640829522,0.000379307054854,0.000388527865678,0.000500842349821,0.000149203823782,0.000243731757979,0.000203805283127,0.000139115853413,0.000462325645079,0.000107946930181,0.000543799413136,0.000222395458615,0.000114610073399,0.000345874587393,0.000330713003917,0.000173152767623,0.000130058719034,0.000362055718086,0.000428546094596,0.000121960586879
YDL153C,70198.8,YDL153C_translation_Ribosome,0.000296118663926,0.00038313870399,0.000251766038422,0.00039380379798,0.000331314975187,0.000199793311002,0.000303448880975,0.000282357146305,0.000289221141576,0.000372828332177,0.000111067709819,0.000181434546935,0.00015171317646,0.000103558198754,0.000344156398194,8.03559722086067E-05,0.000404805680492,0.000165551750863,8.53160331415014E-05,0.000257469931619,0.000246183609919,0.000128895365154,9.68160446494949E-05,0.000269515206885,0.000319010814014,9.07877742643227E-05
YDL168W,41039.5,YDL168W_translation_Ribosome,0,0,0,0,0,0,0,0,0,0,0,0,0,0,0,0,0,0,0,0,0,0,0,0,0,0
YDL171C,238081.4,YDL171C_translation_Ribosome,0,0,0,0,0,0,0,0,0,0,0,0,0,0,0,0,0,0,0,0,0,0,0,0,0,0
YDL174C,65288.3,YDL174C_translation_Ribosome,0,0,0,0,0,0,0,0,0,0,0,0,0,0,0,0,0,0,0,0,0,0,0,0,0,0
YDL178W,59259.9,YDL178W_translation_Ribosome,0,0,0,0,0,0,0,0,0,0,0,0,0,0,0,0,0,0,0,0,0,0,0,0,0,0
YDL182W,47098.4,YDL182W_translation_Ribosome,0.001189560414759,0.00032579899234,0.001647703528484,0.000220814265846,0.000837587661636,0.002200383184451,0.001116022595432,0.001331679663322,0.001262601121827,0.000425924359697,0.003222819730853,0.002401947872508,0.00273683457069,0.003316389956859,0.000707596350478,0.003618777719115,0.0001121566944,0.002579800458316,0.003552442613774,0.00158830599288,0.001705042151643,0.003005584398021,0.00340147413176,0.001464202168183,0.000961846063716,0.00348041802012
YDL184C,3354.4,YDL184C_translation_Ribosome,0,0,0,0,0,0,0,0,0,0,0,0,0,0,0,0,0,0,0,0,0,0,0,0,0,0
YDL185W,118621.8,YDL185W_translation_Ribosome,0,0,0,0,0,0,0,0,0,0,0,0,0,0,0,0,0,0,0,0,0,0,0,0,0,0
YDL191W,13932.9,YDL191W_translation_Ribosome,0.003697489528166,0.00416547814422,0.003432199855464,0.004218989647935,0.003894110003885,0.003089568936163,0.003739382266665,0.003617450317578,0.003657606588524,0.004113031902955,0.00237903514524,0.002958063915869,0.002730243435538,0.002307548998532,0.003963261724409,0.002068799055016,0.004273414450623,0.002838849305505,0.002122424710468,0.003467559599509,0.00339721011351,0.002539739735246,0.002241159948026,0.003540986288358,0.003826647240513,0.002179841342132
YDL198C,33234.9,YDL198C_translation_Ribosome,0,0,0,0,0,0,0,0,0,0,0,0,0,0,0,0,1.95459675328755E-08,0,0,0,0,0,0,0,0,0
YDL202W,28528.4,YDL202W_translation_Ribosome,5.51096705311153E-06,7.07066628231333E-07,1.00055531464169E-05,4.214251541248E-07,3.0035380294279E-06,1.75064951089136E-05,4.91936003251938E-06,6.74309015334158E-06,6.12364244936813E-06,1.03952287370821E-06,3.85547977617525E-05,2.08727509087447E-05,2.72957701376539E-05,4.10299468266181E-05,2.27278137038718E-06,4.9755163588145E-05,1.88027243182497E-07,2.41417424827408E-05,4.77420736871454E-05,9.33721788244979E-06,1.06734986730528E-05,3.31908864415603E-05,4.33637086542846E-05,8.02344353482473E-06,3.79391727380878E-06,4.56199485709315E-05
YDL205C,36670,YDL205C_translation_Ribosome,0,0,0,0,0,0,0,0,0,0,0,0,0,0,0,0,0,0,0,0,0,0,0,0,0,0
YDL210W,61871.5,YDL210W_translation_Ribosome,0,0,0,0,0,0,0,0,0,0,0,0,0,0,0,0,0,0,0,0,0,0,0,0,0,0
YDL213C,25238.4,YDL213C_translation_Ribosome,0.00010646280688,0.000137748905491,9.05168177248427E-05,0.000141583300212,0.000119116849145,7.18311922766409E-05,0.000109098221588,0.000101515162671,0.000103982957822,0.000134042043152,3.99318975180722E-05,6.52307114847562E-05,5.45450610662281E-05,3.72320216789143E-05,0.000123733694026,2.8890182866227E-05,0.000145538779673,5.95204093087335E-05,3.06734612392016E-05,9.2567524262086E-05,8.85097810872545E-05,4.63414301084536E-05,3.48080317794864E-05,9.68981321255989E-05,0.000114693164675,3.26407027184607E-05
YDL215C,124306.9,YDL215C_translation_Ribosome,0,0,0,0,0,0,0,0,0,0,0,0,0,0,0,0,0,0,0,0,0,0,0,0,0,0
YDL217C,21863.2,YDL217C_translation_Ribosome,0,0,0,0,0,0,0,0,0,0,0,0,0,0,0,0,0,0,0,0,0,0,0,0,0,0
YDL229W,66590.2,YDL229W_translation_Ribosome,0.002600578746679,0.001366434489936,0.003131028345996,0.001199752710354,0.002118401951061,0.003635725760642,0.002500306601116,0.002788593963557,0.002697854517773,0.001524855067996,0.004458431491641,0.003830803458695,0.004065394918616,0.004509992109956,0.001917141853925,0.004568178364721,0.001024352275987,0.003934945364846,0.004542607717611,0.003058550176614,0.003117415830844,0.004271490824409,0.004552501769346,0.002961017404281,0.002284534063565,0.004589704736333
YDL238C,55192.1,YDL238C_translation_Ribosome,0,0,0,0,0,0,0,0,0,0,0,0,0,0,0,0,0,0,0,0,0,0,0,0,0,0
YDL245C,62937,YDL245C_translation_Ribosome,0,0,0,0,0,0,0,0,0,0,0,0,0,0,0,0,0,0,0,0,0,0,0,0,0,0
YDL247W,68201.9,YDL247W_translation_Ribosome,0,0,0,0,0,0,0,0,0,0,0,0,0,0,0,0,0,0,0,0,0,0,0,0,0,0
YDR001C,85881.1,YDR001C_translation_Ribosome,0,0,0,0,0,0,0,0,0,0,0,0,0,0,0,0,0,0,0,0,0,0,0,0,0,0
YDR007W,24139.7,YDR007W_translation_Ribosome,8.71121920390075E-07,2.35702505697268E-07,1.38230547853287E-06,1.64188053743401E-07,5.99992004411175E-07,1.96550791132447E-06,8.08381487699441E-07,1.02813047729206E-06,9.48487922487977E-07,3.05479461028617E-07,2.98603823130043E-06,2.17398819312829E-06,2.51203689466808E-06,3.07524821985856E-06,5.05429763501257E-07,3.36035489238832E-06,9.09001206772112E-08,2.35427006732697E-06,3.29864350787437E-06,1.31624229129515E-06,1.4459668099822E-06,2.77675603712363E-06,3.15535600773473E-06,1.17694911121307E-06,6.91543002082047E-07,3.22962281712884E-06
YDR012W,39096.8,YDR012W_translation_Ribosome,0,0,0,0,0,0,0,0,0,0,0,0,0,0,0,0,0,0,0,0,0,0,0,0,0,0
YDR017C,119538.6,YDR017C_translation_Ribosome,0,0,0,0,0,0,0,0,0,0,0,0,0,0,0,0,0,0,0,0,0,0,0,0,0,0
YDR019C,44475.5,YDR019C_translation_Ribosome,0,0,0,0,0,0,0,0,0,0,0,0,0,0,0,0,0,0,0,0,0,0,0,0,0,0
YDR021W,45223,YDR021W_translation_Ribosome,0.000190763579132,0.000246823045558,0.000162191028273,0.000253693640861,0.000213437510654,0.000128709506479,0.000195485802383,0.00018189822657,0.000186320103556,0.000240180966997,7.15512949101281E-05,0.000116882546654,9.77356447555326E-05,6.67135680703033E-05,0.000221710126036,5.17663853397753E-05,0.000260781199805,0.00010665063832,5.49617225188766E-05,0.000165865552084,0.000158594753634,8.30361074313189E-05,6.23701827835249E-05,0.000173625278509,0.000205511006487,5.84866908772724E-05
YDR023W,53302,YDR023W_translation_Ribosome,0,0,0,0,0,0,0,0,0,0,0,0,0,0,0,0,0,0,0,0,0,0,0,0,0,0
YDR025W,17775.3,YDR025W_translation_Ribosome,0.004717179166578,0.005314229173894,0.00437872819663,0.005382498021872,0.004968023423125,0.003941606895261,0.004770625038911,0.004615066829594,0.004666297353242,0.005247319365286,0.003035122868691,0.003773835563576,0.003483186999097,0.002943922350237,0.005056245729882,0.002639330207108,0.00545193203742,0.003621744077697,0.002707744687465,0.004423839412409,0.004334089021717,0.003240146395647,0.002859224599627,0.004517515633605,0.004881955852284,0.002780995615328
YDR035W,41070.5,YDR035W_translation_Ribosome,6.7381917255398E-06,1.53767569973582E-06,9.7240441864366E-06,9.42415611700591E-07,4.55440366355563E-06,1.35777068561801E-05,6.27390773597584E-06,7.64200534262122E-06,7.19912353191752E-06,2.11311528471667E-06,2.15527729775339E-05,1.50595463048569E-05,1.76273578583173E-05,2.23501232005734E-05,3.7691079524295E-06,2.50183695149899E-05,3.33028837782612E-07,1.64028825438806E-05,2.44206388021152E-05,9.32604798475009E-06,1.01114527921439E-05,1.97494180927807E-05,2.30876580904701E-05,8.50332979823512E-06,5.31062505840976E-06,2.37799247408749E-05
YDR037W,67946.3,YDR037W_translation_Ribosome,0,0,0,0,0,0,0,0,0,0,0,0,0,0,0,0,0,0,0,0,0,0,0,0,0,0
YDR041W,23430.2,YDR041W_translation_Ribosome,4.52612345059008E-06,5.80709486434072E-07,8.21749945076409E-06,3.46113895142205E-07,2.46678736757412E-06,1.43779770930325E-05,4.0402402319771E-06,5.53805859812761E-06,5.0293099969569E-06,8.53753762410721E-07,3.16648190055318E-05,1.71426623414587E-05,2.24178486518438E-05,3.36976437562929E-05,1.86662140409016E-06,4.08636107844448E-05,1.54425621949164E-07,1.98274650775758E-05,3.92102723918815E-05,7.66859979632139E-06,8.76607901632627E-06,2.72594715267258E-05,3.56143480360489E-05,6.58960497993755E-06,3.11592099482601E-06,3.74673840456051E-05
YDR044W,37707.9,YDR044W_translation_Ribosome,0,0,0,0,0,0,0,0,0,0,0,0,0,0,0,0,0,0,0,0,0,0,0,0,0,0
YDR046C,67369.6,YDR046C_translation_Ribosome,0,0,0,0,0,0,0,0,0,0,0,0,0,0,0,0,0,0,0,0,0,0,0,0,0,0
YDR047W,41348.5,YDR047W_translation_Ribosome,0,0,0,0,0,0,0,0,0,0,0,0,0,0,0,0,0,0,0,0,0,0,0,0,0,0
YDR050C,26792.7,YDR050C_translation_Ribosome,0.000219436946552,9.56453922323642E-05,0.000288308270504,8.12032214788113E-05,0.00016803135789,0.000375142028034,0.000208539617677,0.000240407721828,0.000230087531453,0.000109665332177,0.000548663444205,0.000407938668485,0.000464009173829,0.000565568534816,0.000149350005319,0.000621627439367,6.55486770966532E-05,0.000437429824152,0.000609142369064,0.00027921335476,0.000297173626466,0.000510178424856,0.000581197047566,0.000260315565842,0.000185880140789,0.000595676383299
YDR058C,37505.6,YDR058C_translation_Ribosome,0,0,0,0,0,0,0,0,0,0,0,0,0,0,0,0,0,0,0,0,0,0,0,0,0,0
YDR060W,116623.2,YDR060W_translation_Ribosome,0.000491950092691,0.000636518882135,0.000418265854289,0.000654237096541,0.000550422694038,0.000331922130686,0.000504127984178,0.000469087704418,0.000480491048826,0.000619389977452,0.000184519845578,0.000301422210268,0.00025204527885,0.000172044088003,0.000571756503785,0.00013349758996,0.000672514826993,0.000275035683676,0.000141737875808,0.000427741889166,0.000408991612055,0.000214137420432,0.000160843161683,0.000447753036742,0.000529981452174,0.000150828230049
YDR062W,63116.6,YDR062W_translation_Ribosome,2.98603456528406E-05,8.44050137978759E-06,4.17709139605498E-05,5.93880456712205E-06,2.09667522446547E-05,5.67803368611793E-05,2.79775485648667E-05,3.34888088889665E-05,3.17068439348211E-05,1.08674409685463E-05,8.67687262253476E-05,6.24538534636885E-05,7.21535432452752E-05,8.96887894335725E-05,1.77338182600527E-05,9.93634592839426E-05,3.35951051981608E-06,6.75525859613872E-05,9.72082176696914E-05,4.01971180503687E-05,4.32980144155505E-05,8.0114212733015E-05,9.23773414183147E-05,3.69316510035845E-05,2.40592437103903E-05,9.48913364210718E-05
YDR064W,17045.2,YDR064W_translation_Ribosome,0.004523426458634,0.005095953323705,0.004198876972945,0.005161418107284,0.004763967575898,0.003779709926195,0.004574677103242,0.004425508268428,0.00447463455725,0.005031791758517,0.002910458688259,0.003618829608967,0.003340119099931,0.002823004126189,0.00484856625289,0.002530922754958,0.005228000200516,0.003472985105915,0.002596527189234,0.004242135297429,0.004156071300792,0.003107061109691,0.002741785238255,0.004331963875598,0.004681435131523,0.002666769419497
YDR072C,60874.6,YDR072C_translation_Ribosome,2.67633075168088E-08,7.56507431794632E-09,3.74385423592044E-08,5.32284705475256E-09,1.87921347085631E-08,5.08912265782555E-08,2.50757892930403E-08,3.00154358923769E-08,2.84182917532422E-08,9.74029798393521E-09,7.77692974424715E-08,5.5976300652749E-08,6.46699635949111E-08,8.03864992163165E-08,1.58945123093658E-08,8.9057737230081E-08,3.01107074221824E-09,6.05462057492386E-08,8.71260317245307E-08,3.60279765070015E-08,3.88072558885588E-08,7.1804972948689E-08,8.27962015144458E-08,3.31011952910319E-08,2.15638809251952E-08,8.50494514311329E-08
YDR074W,102982.4,YDR074W_translation_Ribosome,0,0,0,0,0,0,0,0,0,0,0,0,0,0,0,0,0,0,0,0,0,0,0,0,0,0
YDR087C,33193.7,YDR087C_translation_Ribosome,0.000140020543012,0.000181168213682,0.000119048279309,0.000186211233369,0.000156663217774,9.44728289857177E-05,0.000143486656758,0.000133513370703,0.000136759030171,0.000176292925374,5.25186789434208E-05,8.57918357665919E-05,7.17380021520404E-05,4.89677855174408E-05,0.000162735320757,3.79965474438427E-05,0.000191413504455,7.82816109765795E-05,4.03419262051353E-05,0.000121745381248,0.000116408612292,6.09485359052467E-05,4.57797389881585E-05,0.000127441023533,0.00015084516056,4.29292543832323E-05
YDR091C,68353.2,YDR091C_translation_Ribosome,0.003899247134439,0.004716161606781,0.003463876601478,0.00481355862432,0.004234852346272,0.002931145610949,0.003969743654293,0.003765702205815,0.003832621043213,0.004621478200011,0.001932955196994,0.002735511639742,0.002408176537057,0.001840319195236,0.004355791250482,0.001541419689066,0.004913491552733,0.002562399358727,0.001607168738398,0.003520738437325,0.003407921870703,0.002146549387541,0.001755552554055,0.003639923206563,0.004118449782106,0.001678429504244
YDR098C,28233.4,YDR098C_translation_Ribosome,0,0,0,0,0,0,0,0,0,0,0,0,0,0,0,0,0,0,0,0,0,0,0,0,0,0
YDR101C,65211.3,YDR101C_translation_Ribosome,0.000275079959044,0.000355917379891,0.000233878508768,0.000365824737905,0.000307775634931,0.000185598351279,0.000281889377196,0.000262296172795,0.0002686724934,0.000346339541674,0.000103176546398,0.000168543944776,0.00014093422486,9.62005727506572E-05,0.000319704697653,7.46468231720074E-05,0.000376044956213,0.000153789593142,7.92544805894173E-05,0.000239177150489,0.000228692701891,0.000119737578501,8.9937436714753E-05,0.000250366630352,0.000296345662546,8.43374642284915E-05
YDR115W,12053.6,YDR115W_translation_Ribosome,2.32845138428321E-06,2.98744349842585E-07,4.22746930797561E-06,1.78057312634381E-07,1.26903177155088E-06,7.39670957518828E-06,2.07849013922882E-06,2.84903855359284E-06,2.5873142772712E-06,4.39211203941659E-07,1.62898764144172E-05,8.81899406744316E-06,1.15327987174614E-05,1.73356573473915E-05,9.60278092220347E-07,2.10221687800951E-05,7.94438236432657E-08,1.02001832275895E-05,2.01716135288125E-05,3.94508943606711E-06,4.5096845110665E-06,1.40235578865969E-05,1.83217004330872E-05,3.39000361013458E-06,1.60297672675585E-06,1.9274989557584E-05
YDR116C,31016.5,YDR116C_translation_Ribosome,5.99160519352063E-06,7.68733335011327E-07,1.08781859187982E-05,4.58179683855801E-07,3.26549113479026E-06,1.90333213760891E-05,5.34840125799685E-06,7.33118771964495E-06,6.65771497983857E-06,1.13018470059206E-06,4.19173484940409E-05,2.26931646556092E-05,2.967636651458E-05,4.46083673023303E-05,2.47100164659126E-06,5.40945524961687E-05,2.04426010157244E-07,2.62472608248598E-05,5.19058912703602E-05,1.01515618980035E-05,1.16043862113803E-05,3.60856244764744E-05,4.71456678073645E-05,8.72320692355307E-06,4.1248031829016E-06,4.95986853398823E-05
YDR120C,64071.2,YDR120C_translation_Ribosome,0,0,0,0,0,0,0,0,0,0,0,0,0,0,0,0,0,0,0,0,0,0,0,0,0,0
YDR127W,174730.6,YDR127W_translation_Ribosome,0.000131646707272,3.00421761456744E-05,0.000189982483529,1.84123452129775E-05,8.89811792711232E-05,0.000265273009841,0.000122575807993,0.000149304870103,0.000140652113627,4.12847660989126E-05,0.000421085019637,0.000294224291144,0.000344392637442,0.000436663165181,7.36385474768203E-05,0.000488793744985,6.50651565084454E-06,0.000320469580657,0.000477115644482,0.000182206674885,0.000197551438136,0.000385852164549,0.000451072674989,0.000166132905441,0.00010375577469,0.000464597761361
YDR135C,171136,YDR135C_translation_Ribosome,0,0,0,0,0,0,0,0,0,0,0,0,0,0,0,0,0,0,0,0,0,0,0,0,0,0
YDR147W,61643.5,YDR147W_translation_Ribosome,0,0,0,0,0,0,0,0,0,0,0,0,0,0,0,0,0,0,0,0,0,0,0,0,0,0
YDR148C,50436.3,YDR148C_translation_Ribosome,0,0,0,0,0,0,0,0,0,0,0,0,0,0,0,0,0,0,0,0,0,0,0,0,0,0
YDR158W,39541.1,YDR158W_translation_Ribosome,8.8386985870941E-06,2.20919535897828E-06,1.25833853939933E-05,1.44310106270873E-06,6.0609528812956E-06,1.73573955100157E-05,8.24823505515822E-06,9.97027992272263E-06,9.41437190768653E-06,2.9471514603719E-06,2.7175613468087E-05,1.91934530337629E-05,2.23612556099736E-05,2.81505824727305E-05,5.06657738090859E-06,3.13998821376281E-05,6.5119400527074E-07,2.08560874169021E-05,3.06722859564877E-05,1.2084528253367E-05,1.30682147681139E-05,2.49675219532039E-05,2.90488682776608E-05,1.10551786587421E-05,7.02473205774967E-06,2.98928373682065E-05
YDR172W,76548.8,YDR172W_translation_Ribosome,0.004366769793437,0.005281632924357,0.003879198006695,0.005390707917426,0.004742614322143,0.003282592170424,0.00444571889895,0.004217212727604,0.00429215518385,0.005175596906026,0.002164717976388,0.003063501539186,0.002696918711923,0.002060974848468,0.004878053891769,0.001726237067092,0.005502622878985,0.002869632965703,0.001799869476804,0.003942877619353,0.003816534261689,0.00240392227075,0.001966044623366,0.004076352731907,0.004612255003138,0.001879674461978
YDR173C,40326.2,YDR173C_translation_Ribosome,0,0,0,0,0,0,0,0,0,0,0,0,0,0,0,0,0,0,0,0,0,0,0,0,0,0
YDR175C,37401.9,YDR175C_translation_Ribosome,7.22510335748841E-06,9.26993288177588E-07,1.31176896786E-05,5.52505624993352E-07,3.93776128429423E-06,2.29517315872631E-05,6.4494823404147E-06,8.840467169777E-06,8.02834587733703E-06,1.36285703264631E-06,5.05469178224258E-05,2.73650307137372E-05,3.57858718018367E-05,5.37919395484671E-05,2.97970939614855E-06,6.52310558253334E-05,2.46511411323012E-07,3.16508124593466E-05,6.25918125741101E-05,1.2241474794156E-05,1.39933936014517E-05,4.35146105494382E-05,5.68515968198948E-05,1.05190628547399E-05,4.97398082203238E-06,5.98096196931873E-05
YDR178W,20252.8,YDR178W_translation_Ribosome,7.36721123156532E-07,2.0824593689624E-07,1.03058132702385E-06,1.4652351388575E-07,5.17296398448053E-07,1.40089716414903E-06,6.90268332507205E-07,8.26243379252605E-07,7.82278341549878E-07,2.68123932966701E-07,2.14077741037435E-06,1.54087543406736E-06,1.78018834870137E-06,2.21282186262186E-06,4.37532728465149E-07,2.45151747991975E-06,8.28865945561865E-08,1.66667250206017E-06,2.39834287701378E-06,9.91752282509368E-07,1.06825829082918E-06,1.97659576589173E-06,2.27915441820885E-06,9.11185949543672E-07,5.9359503923799E-07,2.34118026490947E-06
YDR188W,59915.4,YDR188W_translation_Ribosome,0.000112293083406,5.38446929659752E-05,0.000143938075497,4.69232002483313E-05,8.8052500387859E-05,0.000155882345766,0.000107161156117,0.000121798706255,0.000117013832193,6.05291460514959E-05,0.000229322683844,0.000169586141029,0.000192881454867,0.000236682693817,7.92611387528537E-05,0.000261280180975,3.97544096484219E-05,0.000181666187882,0.000255806353134,0.000139764148165,0.000147971016906,0.000212477373491,0.00024350237489,0.000131092904104,9.64549071858735E-05,0.000249877616843
YDR191W,41780,YDR191W_translation_Ribosome,0,0,0,0,0,0,0,0,0,0,0,0,0,0,0,0,0,0,0,0,0,0,0,0,0,0
YDR192C,42786.8,YDR192C_translation_Ribosome,0,0,0,0,0,0,0,0,0,0,0,0,0,0,0,0,0,0,0,0,0,0,0,0,0,0
YDR196C,27344.1,YDR196C_translation_Ribosome,0,0,0,0,0,0,0,0,0,0,0,0,0,0,0,0,0,0,0,0,0,0,0,0,0,0
YDR204W,38643.8,YDR204W_translation_Ribosome,0,0,0,0,0,0,0,0,0,0,0,0,0,0,0,0,0,0,0,0,0,0,0,0,0,0
YDR208W,89341.7,YDR208W_translation_Ribosome,0,0,0,0,0,0,0,0,0,0,0,0,0,0,0,0,0,0,0,0,0,0,0,0,0,0
YDR211W,81114.8,YDR211W_translation_Ribosome,0.003673664499886,0.004368853264463,0.003290117493042,0.004454220802372,0.003948009269084,0.00283300779547,0.003722821398342,0.00355815779235,0.003604756308522,0.004288706414197,0.001926769735494,0.002651858331898,0.002345485529035,0.001840496125191,0.004059269913852,0.001558984937119,0.004542992232809,0.002490286427641,0.001622594836546,0.003342090012014,0.00324809263685,0.002126624694263,0.001762324593796,0.003442075568597,0.003845783830951,0.001683294294902
YDR212W,60476.4,YDR212W_translation_Ribosome,0.000113344506242,5.43488517090348E-05,0.00014528579679,4.73625516561382E-05,8.88769537457201E-05,0.000157341903675,0.00010816452768,0.000122939132159,0.000118109456354,6.10958926798233E-05,0.000231469878483,0.000171174010344,0.000194687442914,0.000238898801716,8.00032768148603E-05,0.000263726600118,4.01266382209219E-05,0.000183367165117,0.000258201519721,0.000141072788133,0.000149356499444,0.000214466842084,0.000245782336841,0.000132320353461,9.73580339768366E-05,0.000252217271473
YDR226W,24252,YDR226W_translation_Ribosome,1.59613279040518E-05,6.54441998426144E-06,2.11948265854564E-05,5.44255688864785E-06,1.20558087891399E-05,2.776682640397E-05,1.51349288714401E-05,1.75568233246428E-05,1.67736388041466E-05,7.61333191149675E-06,4.08346922160462E-05,3.02460344839099E-05,3.44763251210932E-05,4.21021296820054E-05,1.0634257016307E-05,4.62954262981872E-05,4.3057239861293E-06,3.24713628544656E-05,4.5362184517872E-05,2.05040582494884E-05,2.18650047488347E-05,3.79430262256002E-05,4.32681414849975E-05,1.90701527294275E-05,1.34143909151022E-05,4.435820724722E-05
YDR232W,59362,YDR232W_translation_Ribosome,0,0,0,0,0,0,0,0,0,0,0,0,0,0,0,0,0,0,0,0,0,0,0,0,0,0
YDR234W,75150.5,YDR234W_translation_Ribosome,0.000189806999707,5.19846898706084E-05,0.000262908599906,3.52332616088961E-05,0.000133646008285,0.000351094509589,0.000178073259513,0.000212483635408,0.000201461420359,6.79607557658699E-05,0.000514235120907,0.000383256296592,0.00043669102646,0.000529165244371,0.00011290451382,0.000577414423807,1.78957919220232E-05,0.000411634565811,0.000566829953137,0.000253431092179,0.000272057586283,0.000479572916076,0.000542741328242,0.000233629008715,0.000153472756212,0.000555337664173
YDR236C,24530.2,YDR236C_translation_Ribosome,0,0,0,0,0,0,0,0,0,0,0,0,0,0,0,0,0,0,0,0,0,0,0,0,0,0
YDR237W,33114.5,YDR237W_translation_Ribosome,6.39688585690967E-06,8.20731546829352E-07,1.16140018250944E-05,4.89171606759078E-07,3.48637358125553E-06,2.03207621978141E-05,5.71017469598235E-06,7.82707964284116E-06,7.10805225282879E-06,1.20663199483358E-06,4.47526973290319E-05,2.4228162461534E-05,3.16837179871055E-05,4.7625740461787E-05,2.63814369854904E-06,5.77535846608863E-05,2.18253675087519E-07,2.80226627306376E-05,5.54168792891636E-05,1.08382279261502E-05,1.23893233342497E-05,3.8526507237316E-05,5.03346675674874E-05,9.31325699772695E-06,4.4038107136587E-06,5.29536106810095E-05
YDR256C,58555.1,YDR256C_translation_Ribosome,0,0,0,0,0,0,0,0,0,0,0,0,0,0,0,0,0,0,0,0,0,0,0,0,0,0
YDR258C,91340.3,YDR258C_translation_Ribosome,0.000810306191435,0.000106751151457,0.001473064928838,6.41609430391258E-05,0.000443420814399,0.002595791707973,0.000723576127235,0.000991251160837,0.000900186220501,0.000155921037044,0.005845366205631,0.003106027404046,0.004089855714034,0.006235919016579,0.000336619402169,0.007626001458789,2.89394625298981E-05,0.003605196911148,0.007303485086484,0.001374053979532,0.001572260213672,0.005004868773609,0.006606222471396,0.001179847417798,0.00055886026098,0.006964768589025
YDR261C,63492.5,YDR261C_translation_Ribosome,0,0,0,0,0,0,0,0,0,0,0,0,0,0,0,0,0,0,0,0,0,0,0,0,0,0
YDR268W,43023.9,YDR268W_translation_Ribosome,0,0,0,0,0,0,0,0,0,0,0,0,0,0,0,0,0,0,0,0,0,0,0,0,0,0
YDR272W,31320.9,YDR272W_translation_Ribosome,0,0,0,0,0,0,0,0,0,0,0,0,0,0,0,0,0,0,0,0,0,0,0,0,0,0
YDR284C,33509.2,YDR284C_translation_Ribosome,0,0,0,0,0,0,0,0,0,0,0,0,0,0,0,0,0,0,0,0,0,0,0,0,0,0
YDR287W,32085.9,YDR287W_translation_Ribosome,1.14461856187878E-07,0,0,0,0,3.16729769066182E-07,0,0,0,0,5.42052650257868E-07,0,0,5.63993040730274E-07,0,0,0,3.97669002767502E-07,0,0,0,0,0,0,0,6.03083301403112E-07
YDR294C,65569.3,YDR294C_translation_Ribosome,0,0,0,0,0,0,0,0,0,0,0,0,0,0,0,0,0,0,0,0,0,0,0,0,0,0
YDR296W,26907.1,YDR296W_translation_Ribosome,5.1977728016565E-06,6.66883262730588E-07,9.43692667888684E-06,3.97475104266324E-07,2.83284369651363E-06,1.65115819514957E-05,4.63978745148702E-06,6.35987300602127E-06,5.77562918878707E-06,9.80445658191629E-07,3.63636866720619E-05,1.96865297730222E-05,2.57445218333614E-05,3.86981703235546E-05,2.14361673319026E-06,4.69275235268216E-05,1.7734145045063E-07,2.27697410004541E-05,4.50288397143684E-05,8.80657363486437E-06,1.00669121347745E-05,3.13046122660824E-05,4.08993019283136E-05,7.56746251229941E-06,3.57830482880569E-06,4.30273172765704E-05
YDR297W,40736.6,YDR297W_translation_Ribosome,0,0,0,0,0,0,0,0,0,0,0,0,0,0,0,0,0,0,0,0,0,0,0,0,0,0
YDR298C,22823.7,YDR298C_translation_Ribosome,0.000169681279126,4.62109661940639E-05,0.000237740846525,3.16828636322944E-05,0.000118555181491,0.00032270720713,0.000158875560103,0.000190471061894,0.000180294118587,6.02933896684056E-05,0.000489743171592,0.000354623311382,0.00040885426038,0.000505781545799,9.99420586600241E-05,0.000558476154338,1.67255369621095E-05,0.000383126451133,0.000546796219317,0.000228768148643,0.000246371440947,0.000452972189474,0.000520314058558,0.000210158403977,0.00013640224886,0.000534165436682
YDR300C,47158.6,YDR300C_translation_Ribosome,1.49709985635718E-06,3.69677926700482E-07,2.13406428655952E-06,2.39730993662884E-07,1.02696494881674E-06,2.9414394360912E-06,1.39742462173425E-06,1.69099190997375E-06,1.59559547381914E-06,4.96929032571662E-07,4.57817128978229E-06,3.25007145218352E-06,3.78003930660739E-06,4.73988198760267E-06,8.56728901289618E-07,5.27732944996119E-06,1.05091725185472E-07,3.52833303047707E-06,5.15734625957661E-06,2.04962125036352E-06,2.21417906906193E-06,4.21094614075238E-06,4.88995816404983E-06,1.87483417008811E-06,1.19036868380833E-06,5.02829518019733E-06
YDR302W,25272.2,YDR302W_translation_Ribosome,0,0,0,0,0,0,0,0,0,0,0,0,0,0,0,0,0,0,0,0,0,0,0,0,0,0
YDR305C,24788.6,YDR305C_translation_Ribosome,0,0,0,0,0,0,0,0,0,0,0,0,0,0,0,0,0,0,0,0,0,0,0,0,0,0
YDR312W,51864.8,YDR312W_translation_Ribosome,0.000218780595691,0.000283073389498,0.00018601165874,0.000290953053635,0.00024478459639,0.000147612781364,0.000224196361219,0.000208613208797,0.000213684516881,0.000275455803841,8.2059872194565E-05,0.000134048822628,0.000112089858437,7.65116393262868E-05,0.000254272192133,5.93691975846445E-05,0.000299081546373,0.000122314176997,6.30338267274845E-05,0.000190225851573,0.000181887207356,9.52314332243298E-05,7.15303508398594E-05,0.000199125231515,0.000235693944436,6.70764992373694E-05
YDR315C,32920.4,YDR315C_translation_Ribosome,0,0,0,0,0,0,0,0,0,0,0,0,0,0,0,0,0,0,0,0,0,0,0,0,0,0
YDR321W,41385.6,YDR321W_translation_Ribosome,0,0,0,0,0,0,0,0,0,0,0,0,0,0,0,0,0,0,0,0,0,0,0,0,0,0
YDR322CA,10874.6,YDR322CA_translation_Ribosome,8.08464901827535E-05,2.20177172401481E-05,0.000113274211001,1.50956448277777E-05,5.6486905131016E-05,0.00015375735725,7.56979878765456E-05,9.07520082051468E-05,8.59030929248096E-05,2.87274410059738E-05,0.000233343458501,0.000168964132106,0.000194803057345,0.000240985116259,4.76184803999482E-05,0.000266092035383,7.96906392250842E-06,0.000182544762922,0.00026052700336,0.000108999071546,0.000117386351543,0.000215823524304,0.000247909289957,0.000100132256378,6.49903344089499E-05,0.000254508929654
YDR322W,42838.6,YDR322W_translation_Ribosome,8.27533661899804E-06,1.0617400366004E-06,1.50244629568464E-05,6.32817249039225E-07,4.51015003391182E-06,2.62879706318163E-05,7.38697216419725E-06,1.012550797952E-05,9.19533760854102E-06,1.56096046668009E-06,5.78943634902978E-05,3.1342782177737E-05,4.09876676791864E-05,6.16110780880372E-05,3.41283675262084E-06,7.47129720169063E-05,2.82344045225028E-07,3.62515405533132E-05,7.16900912022457E-05,1.40208824181908E-05,1.60274582610816E-05,4.98398475875066E-05,6.51154838531931E-05,1.20481025297929E-05,5.69699333035799E-06,6.85034817532952E-05
YDR324C,87796.4,YDR324C_translation_Ribosome,0.000370350385841,0.000479184813857,0.000314879340041,0.000492523458649,0.000414369791043,0.000249877967288,0.000379518158909,0.000353139098672,0.000361723776394,0.000466289813831,0.000138910424086,0.000226916985142,0.000189744991735,0.000129518411156,0.00043043033212,0.000100499795985,0.000506283318899,0.000207052652459,0.000106703256638,0.000322013098577,0.000307897495255,0.000161207157917,0.000121086118031,0.000337077911728,0.000398981193859,0.000113546666673
YDR337W,33076.9,YDR337W_translation_Ribosome,6.38962248563063E-06,8.19799643700488E-07,1.1600814657279E-05,4.88616174775682E-07,3.48241496353051E-06,2.02976889018671E-05,5.70369105381446E-06,7.81819235193926E-06,7.09998138463793E-06,1.20526191939818E-06,4.47018826883285E-05,2.4200652491323E-05,3.16477425746332E-05,4.75716636120275E-05,2.63514820705542E-06,5.76880081073146E-05,2.18005858022992E-07,2.7990844278942E-05,5.53539559576541E-05,1.0825921614111E-05,1.2375255824326E-05,3.84827621506585E-05,5.02775148549132E-05,9.3026822204205E-06,4.39881038803598E-06,5.28934842783277E-05
YDR339C,21630.1,YDR339C_translation_Ribosome,9.12419630049965E-05,0.000118055130304,7.75757504069244E-05,0.000121341326785,0.000102086873918,6.1561583621108E-05,9.3500596026859E-05,8.70016768133534E-05,8.91166546210653E-05,0.000114878233073,3.42228880002557E-05,5.59047646636247E-05,4.6746827269899E-05,3.19090097675401E-05,0.000106043654715,2.47597923963E-05,0.000124731296683,5.10108566861939E-05,2.62881178660317E-05,7.93332701970547E-05,7.58556570898085E-05,3.97160583630049E-05,2.98315744339367E-05,8.30447368965512E-05,9.82956376490884E-05,2.79741054849189E-05
YDR341C,69520.6,YDR341C_translation_Ribosome,0,0,0,0,0,0,0,0,0,0,0,0,0,0,0,0,0,0,0,0,0,0,0,0,0,0
YDR342C,62737.6,YDR342C_translation_Ribosome,0,0,0,0,0,0,0,0,0,0,0,0,0,0,0,0,0,0,0,0,0,0,0,0,0,0
YDR343C,62707.6,YDR343C_translation_Ribosome,0,0,0,0,0,0,0,0,0,0,0,0,0,0,0,0,0,0,0,0,0,0,0,0,0,0
YDR345C,62558.2,YDR345C_translation_Ribosome,0,0,0,0,0,0,0,0,0,0,0,0,0,0,0,0,0,0,0,0,0,0,0,0,0,0
YDR347W,36736.3,YDR347W_translation_Ribosome,7.09652623186794E-06,9.10496620024072E-07,1.28842487504633E-05,5.42673297117079E-07,3.86768532797045E-06,2.25432851568817E-05,6.33470807905952E-06,8.68314321168387E-06,7.88547433829876E-06,1.33860378238551E-06,4.96473905657194E-05,2.68780457091501E-05,3.51490304576456E-05,5.28346642505956E-05,2.92668282332534E-06,6.40702113025327E-05,2.42124522010528E-07,3.10875581655021E-05,6.14779357269625E-05,1.20236268874189E-05,1.37443687449303E-05,4.27402294409462E-05,5.58398722058158E-05,1.03318667968895E-05,4.88546441951955E-06,5.87452544372033E-05
YDR353W,34233.4,YDR353W_translation_Ribosome,8.20874088620742E-06,1.85753420037544E-06,1.18474500390956E-05,1.13188164513046E-06,5.54397217388463E-06,1.65519771114693E-05,7.64304051002061E-06,9.30313351265871E-06,8.77280862776549E-06,2.5648908260694E-06,2.64080350397394E-05,1.83684500713199E-05,2.15147778819949E-05,2.73968067228388E-05,4.58720436233821E-06,3.07128439854883E-05,7.67203464676846E-07,2.00189271273635E-05,2.99689582490957E-05,1.13603982155916E-05,1.2320208794572E-05,2.41761010931494E-05,2.83097400068887E-05,1.03572839823475E-05,6.46772744199152E-06,2.9171700590466E-05
YDR354W,41367.7,YDR354W_translation_Ribosome,3.55189028084872E-05,9.61047379892512E-06,5.63617707170805E-05,6.69456179063335E-06,2.44639208263835E-05,8.01411178361643E-05,3.29607404218683E-05,4.19207296276368E-05,3.86734044286119E-05,1.24555415634655E-05,0.00012175196059,8.86416396271438E-05,0.000102425151089,0.00012538938589,2.06082641546651E-05,0.000137014252576,3.70633831618871E-06,9.59924067447102E-05,0.000134498048337,5.36681271847669E-05,5.89574815946064E-05,0.000113218741828,0.000128655680384,4.79886226178229E-05,2.81967978349607E-05,0.000131683816312
YDR363WA,10372.1,YDR363WA_translation_Ribosome,0.000104435771672,0.000109931418503,0.000101379183941,0.00011056511934,0.000106731578356,9.75250433700896E-05,0.000104921805862,0.00010350625729,0.000103975983501,0.00010931057156,8.99942329522158E-05,9.60787171884358E-05,9.36218358096067E-05,8.927257159862E-05,0.000107553161101,8.69227318292601E-05,0.000111209844371,9.47857940414061E-05,8.74433315239087E-05,0.000101783067004,0.000100979622031,9.1646467989081E-05,8.86074426213599E-05,0.000102625653948,0.000105942848628,8.80044264941878E-05
YDR365C,72384.6,YDR365C_translation_Ribosome,0.000305338994981,0.00039506860278,0.000259605349162,0.000406065778835,0.000341631223795,0.000206014332147,0.000312897455082,0.000291148981071,0.000298226702516,0.000384437193987,0.000114526056687,0.000187083926023,0.000156437112783,0.00010678271984,0.000354872493842,8.28580389683458E-05,0.000417410230091,0.000170706582812,8.79725427291395E-05,0.000265486846104,0.000253849098996,0.000132908816796,9.9830633366038E-05,0.000277907178532,0.000328943944456,9.36146590114545E-05
YDR367W,25486,YDR367W_translation_Ribosome,1.39691083079502E-08,3.94859052599209E-09,1.9541047113816E-08,2.77826001019466E-09,9.80855467571178E-09,2.65626756165917E-08,1.30883081742351E-08,1.56665567074477E-08,1.4832927327037E-08,5.08394851435475E-09,4.05916846535047E-08,2.92168300201883E-08,3.37544873764625E-08,4.19577331144298E-08,8.29614066991268E-09,4.6483685779369E-08,1.57162836822501E-09,3.16020919766869E-08,4.54754320943883E-08,1.88048022699175E-08,2.02554471378825E-08,3.74786054952175E-08,4.32154772243961E-08,1.72771688197591E-08,1.12552676082582E-08,4.43915610141636E-08
YDR368W,34754.3,YDR368W_translation_Ribosome,0,0,0,0,0,0,0,0,0,0,0,0,0,0,0,0,0,0,0,0,0,0,0,0,0,0
YDR373W,22001.1,YDR373W_translation_Ribosome,0,0,0,0,0,0,0,0,0,0,0,0,0,0,0,0,0,0,0,0,0,0,0,0,0,0
YDR376W,56246.8,YDR376W_translation_Ribosome,0,0,0,0,0,0,0,0,0,0,0,0,0,0,0,0,0,0,0,0,0,0,0,0,0,0
YDR377W,11322.3,YDR377W_translation_Ribosome,8.4174886046033E-05,2.29241719151167E-05,0.000117937634416,1.57171224167829E-05,5.88124331897175E-05,0.000160087444686,7.88144233474898E-05,9.44882076123382E-05,8.94396657369073E-05,2.99101305153235E-05,0.000242950052433,0.000175920272281,0.000202822968769,0.000250906312123,4.95789013510689E-05,0.000277046866295,8.29714494784333E-06,0.000190060008573,0.000271252725631,0.000113486490332,0.00012221906903,0.000224708834277,0.000258115549416,0.000104254634321,6.76659429568401E-05,0.00026498689186
YDR380W,71378.1,YDR380W_translation_Ribosome,0,0,0,0,0,0,0,0,0,0,0,0,0,0,0,0,0,0,0,0,0,0,0,0,0,0
YDR382W,11035.1,YDR382W_translation_Ribosome,0,0,0,0,0,0,0,0,0,0,0,0,0,0,0,0,0,0,0,0,0,0,0,0,0,0
YDR384C,30020.7,YDR384C_translation_Ribosome,0.000479269617382,0.000128182463064,0.000673010792103,8.70028914145917E-05,0.000333888947472,0.000915539846737,0.000448515737408,0.000538383481823,0.000509375087435,0.000168168781834,0.001394850062778,0.00100676999895,0.001162156839644,0.001441097681539,0.000280877120771,0.001593781171266,4.45159741979075E-05,0.001088533435107,0.001559842718497,0.000647472662551,0.000697779151007,0.001289171637136,0.001483610197171,0.000594403957158,0.000384471642804,0.001523310649147
YDR385W,93279.1,YDR385W_translation_Ribosome,0.021201726596998,0.024334850365841,0.019425643676966,0.024693108447897,0.022518072846999,0.017131768631299,0.021482194832062,0.020665870729739,0.020934712033303,0.023983734519678,0.012374828571002,0.016251359912028,0.014726126076293,0.011896237151323,0.022981037475595,0.010297837359733,0.025057474631789,0.015453233508514,0.010656854009028,0.019662374425343,0.01919139103507,0.013450730372662,0.011451774393228,0.020153957296013,0.022066419297195,0.01104125060289
YDR394W,47886.3,YDR394W_translation_Ribosome,0.000482162984642,0.000507535492895,0.000468051215854,0.000510461186671,0.000492762350981,0.000450257275222,0.000484406925508,0.000477871567807,0.000480040217384,0.000504669143462,0.000415488747449,0.000443579822302,0.000432236800275,0.000412156954266,0.000496555464989,0.000401308125953,0.000513437777355,0.000437610606262,0.000403711650134,0.000469915878317,0.000466206503453,0.000423116848089,0.000409086161876,0.000473805965297,0.000489120914013,0.000406302134421
YDR399W,25184.9,YDR399W_translation_Ribosome,0,0,0,0,0,0,0,0,0,0,0,0,0,0,0,0,0,0,0,0,0,0,0,0,0,0
YDR400W,37949.6,YDR400W_translation_Ribosome,0,0,0,0,0,0,0,0,0,0,0,0,0,0,0,0,0,0,0,0,0,0,0,0,0,0
YDR402C,56079.7,YDR402C_translation_Ribosome,0,0,0,0,0,0,0,0,0,0,0,0,0,0,0,0,0,0,0,0,0,0,0,0,0,0
YDR403W,61382.2,YDR403W_translation_Ribosome,0,0,0,0,0,0,0,0,0,0,0,0,0,0,0,0,0,0,0,0,0,0,0,0,0,0
YDR405W,30576.6,YDR405W_translation_Ribosome,5.90662761305121E-06,7.57830564096766E-07,1.07239030698088E-05,4.51681425092621E-07,3.21917741305524E-06,1.87633760865386E-05,5.27254609337825E-06,7.22721114337516E-06,6.56329011502045E-06,1.11415554676134E-06,4.13228442268757E-05,2.23713126371028E-05,2.92554733245113E-05,4.39756969244252E-05,2.43595598946245E-06,5.33273417005256E-05,2.01526682319861E-07,2.58750018647303E-05,5.11697217615558E-05,1.00075845930551E-05,1.14398038279913E-05,3.55738302312436E-05,4.64770114706257E-05,8.59948765394911E-06,4.06630203286345E-06,4.88952384106345E-05
YDR408C,23536.4,YDR408C_translation_Ribosome,5.86570900513795E-06,1.65803589572957E-06,8.20539818995612E-06,1.16660737401115E-06,4.11866858072657E-06,1.11538204250399E-05,5.49585595781679E-06,6.57847736108438E-06,6.22843158465924E-06,2.13477925182513E-06,1.70446820911397E-05,1.2268315140307E-05,1.41737035896028E-05,1.76182937048535E-05,3.48359723202271E-06,1.95187672868773E-05,6.59935800415952E-07,1.32699003688992E-05,1.90953957595702E-05,7.89624474109946E-06,8.50537887319235E-06,1.57374822291418E-05,1.8146427698053E-05,7.25478266008425E-06,4.72615167074429E-06,1.86402720526001E-05
YDR412W,27983.9,YDR412W_translation_Ribosome,0.000118044112997,0.000152733596281,0.000100363476905,0.000156985106616,0.000132074695495,7.96451796290689E-05,0.000120966215096,0.000112558250946,0.00011529449939,0.000148623491638,4.42757950962018E-05,7.23266810541979E-05,6.04786172804623E-05,4.12822196122009E-05,0.000137193772991,3.2032933478755E-05,0.000161370873609,6.5995197082805E-05,3.40102015964441E-05,0.000102637264731,9.81381095064513E-05,5.13825736184527E-05,3.85945416711824E-05,0.000107438967589,0.000127169790912,3.61914448143755E-05
YDR418W,17828.9,YDR418W_translation_Ribosome,0.004731403444274,0.005330253808287,0.004391931902409,0.005398728515533,0,0.003953492496605,0.004785010478374,0.004628983195678,0.004680368200887,0.005263142238485,0,0.003785215263846,0,0,0.005071492435768,0,0.005468371903819,0,0,0.004437179147463,0.004347158121623,0,0,0.004531137841835,0.004896677000939,0
YDR427W,45773.7,YDR427W_translation_Ribosome,0.000460891399212,0.000485144548464,0.000447402199358,0.000487941169402,0.000471023153284,0.000430393274044,0.000463036344134,0.000456789306823,0.000458862282082,0.000482404653775,0.000397158629485,0.000424010410329,0.000413167808428,0.000393973825029,0.000474648926473,0.000383603614498,0.000490786441828,0.000418304538205,0.000385901102397,0.000449184598503,0.000445638870139,0.000404450201193,0.000391038506794,0.000452903066508,0.000467542365599,0.000388377302284
YDR428C,29983.6,YDR428C_translation_Ribosome,6.52494984472534E-09,0,1.64138225342641E-07,0,0,2.83819095725786E-07,0,5.68908173897894E-08,2.96301954938553E-08,0,3.26833492200279E-07,3.12569768339072E-07,3.37301978505559E-07,3.17109615905275E-07,0,2.69529159187296E-07,0,3.2924410132617E-07,2.82461643207682E-07,1.45486771186266E-07,1.81616488539682E-07,3.40672781562663E-07,3.05546973566635E-07,1.03803306622434E-07,0,2.93568374203984E-07
YDR429C,30500.9,YDR429C_translation_Ribosome,0.001381376438635,0.001642782285527,0.001237154559261,0.001674882305955,0.00148453594061,0.001065271534527,0.001399860484014,0.001337943445693,0.001355465484604,0.001612645355333,0.000724506637818,0.000997155461092,0.000881952733318,0.000692065914788,0.00152637232312,0.000586211686013,0.001708262262789,0.000936400968761,0.000610130368934,0.001256697338185,0.001221352314341,0.000799656377594,0.000662671746745,0.001294294046342,0.001446096989075,0.000632954663753
YDR447C,15820.7,YDR447C_translation_Ribosome,0.004198470711643,0.004729868159267,0.003897236343714,0.004790630057137,0.004421731738437,0.003508181589501,0.00424603959163,0.004107586808153,0.004153183942687,0.004670315858656,0.002701375975016,0.003358858657838,0.003100170267541,0.002620204009293,0.004500252981314,0.002349105298228,0.004852428998915,0.003223491391427,0.002409996814511,0.003937387059116,0.003857505762821,0.002883854791852,0.002544819756815,0.004020762495405,0.004345128293319,0.00247519295491
YDR449C,52430,YDR449C_translation_Ribosome,0.00022116477133,0.000286158200001,0.000188038732777,0.000294123733285,0.000247452152302,0.000149221401161,0.000226639555512,0.000210886584682,0.000216013157673,0.000278457601213,8.29541249394781E-05,0.00013550962831,0.000113311364892,7.73454298460076E-05,0.000257043139731,6.00161772408823E-05,0.000302340806797,0.000123647103622,6.37207419159433E-05,0.000192298850048,0.000183869334918,9.62692239042976E-05,7.23098574473213E-05,0.000201295211556,0.000238262434383,6.78074697100013E-05
YDR450W,17049.9,YDR450W_translation_Ribosome,0.004524673736715,0.005097358468885,0.004200034760579,0.005162841303557,0.004765281180174,0.003780752133776,0.004575938513045,0.004426728546798,0.004475868381577,0.00503317921195,0.002911261210719,0.003619827455819,0.003341040095858,0.002823782534151,0.004849903184189,0.002531620625147,0.005229441755965,0.003473942737975,0.002597243149022,0.004243305013003,0.004157217285299,0.003107917842801,0.002742541251128,0.004333158360275,0.004682725978513,0.002667504747699
YDR453C,21615,YDR453C_translation_Ribosome,0,0,0,0,0,0,0,0,0,0,0,0,0,0,0,0,0,0,0,0,0,0,0,0,0,0
YDR454C,20637.5,YDR454C_translation_Ribosome,4.14556104484611E-08,1.17180873007372E-08,5.79912489077802E-08,8.24494034752518E-09,2.91084880104774E-08,7.8829078317301E-08,3.88416921924575E-08,4.64930658145911E-08,4.40191344733163E-08,1.50874475667982E-08,1.20462453962091E-07,8.67057150073429E-08,1.00171954337969E-07,1.24516425883994E-07,2.46201524288981E-08,1.37947929631377E-07,4.6640638736949E-09,9.37843694429925E-08,1.34955772145275E-07,5.58063220841641E-08,6.01113476605702E-08,1.11223883107632E-07,1.28248986954973E-07,5.1272820315711E-08,3.34018449441671E-08,1.31739207686267E-07
YDR462W,17358.6,YDR462W_translation_Ribosome,3.3532435288394E-06,4.30226958848601E-07,6.08805242661324E-06,2.5642344752565E-07,1.82755483089227E-06,1.06521307187781E-05,2.99326997169455E-06,4.10295020876723E-06,3.72603650473218E-06,6.32515730133876E-07,2.34593356945064E-05,1.27003874708899E-05,1.66085849718694E-05,2.49653830913943E-05,1.38291326173227E-06,3.02743926284395E-05,1.14408438731499E-07,1.468946211708E-05,2.90494931473788E-05,5.6813922384113E-06,6.49447547237331E-06,2.01955707780481E-05,2.63854009704808E-05,4.88200344020725E-06,2.30847479666357E-06,2.77582492976603E-05
YDR471W,15525.5,YDR471W_translation_Ribosome,0.00412013103299,0.004641613083284,0.00382451742681,0.004701241218915,0.004339226210288,0.003442722083586,0.004166812320558,0.004030942941208,0.004075689274317,0.004583171974917,0,0.003296185383217,0.003042323885081,0,0.004416282317558,0,0.004761887048149,0.003163343947967,0,0.003863918966057,0.00378552818274,0.002830044661166,0,0.003945738691866,0.0042640521164,0
YDR481C,62976.5,YDR481C_translation_Ribosome,0,0,0,0,0,0,0,0,0,0,0,0,0,0,0,0,0,0,0,0,0,0,0,0,0,0
YDR483W,51372,YDR483W_translation_Ribosome,0,0,0,0,0,0,0,0,0,0,0,0,0,0,0,0,0,0,0,0,0,0,0,0,0,0
YDR487C,22561,YDR487C_translation_Ribosome,5.22957502555304E-08,1.47822251396759E-08,7.31552578065472E-08,1.0400892342955E-08,3.67200049123256E-08,9.94419271109357E-08,4.89983240489067E-08,5.86504391601367E-08,5.55296047501964E-08,1.90326322881582E-08,1.51961926008034E-07,1.09378208852778E-07,1.26365706595482E-07,1.57075962464379E-07,3.10580239621727E-08,1.74019641689724E-07,5.88366006099517E-09,1.18307845650002E-07,1.70245071277526E-07,7.03989990937758E-08,7.58297366936401E-08,1.40307580820172E-07,1.617845430273E-07,6.46800415461411E-08,4.21360226382986E-08,1.66187414190827E-07
YDR494W,41242.8,YDR494W_translation_Ribosome,7.96706832412853E-06,1.02218867987056E-06,1.44647799142975E-05,6.09243888424808E-07,4.3421404018483E-06,2.53087055873411E-05,7.11179673410322E-06,9.74831811725284E-06,8.85279794207876E-06,1.50281242466359E-06,5.57377144574672E-05,3.01752180696841E-05,3.94608175934589E-05,5.93159760442522E-05,3.28570363226134E-06,7.19298054161169E-05,2.71826319917243E-07,3.49011180741711E-05,6.90195312973808E-05,1.34985842066958E-05,1.543041218831E-05,4.79832409575013E-05,6.26898376104839E-05,1.15992932312387E-05,5.48477206363626E-06,6.59516276735188E-05
YDR496C,75101.3,YDR496C_translation_Ribosome,0.00031679881444,0.000409896105774,0.000269348717946,0.000421306021944,0.000354453143729,0.000213746351612,0.000324640954614,0.000302076228536,0.000309419587228,0.000398865684646,0.000118824387246,0.000194105459634,0.00016230842663,0.000110790431633,0.000368191378025,8.59678224646324E-05,0.000433076247063,0.000177113450758,9.12742810385624E-05,0.000275450956077,0.000263376427284,0.000137897079252,0.000103577423176,0.000288337441764,0.000341289692224,9.71281542043052E-05
YDR497C,63566.2,YDR497C_translation_Ribosome,1.4697720894615E-05,8.48158047951053E-06,1.46977220252302E-05,5.96770815164513E-06,1.46977388150679E-05,1.46977302918619E-05,1.46977152739089E-05,1.46977329755672E-05,1.4697733514447E-05,1.09203317473274E-05,1.46977355267121E-05,1.46977233749773E-05,2.81782735359307E-06,1.46977364068247E-05,1.469773001967E-05,1.46977258950648E-05,3.37586093094145E-06,1.46977185662758E-05,1.46977288064551E-05,1.46977158656775E-05,1.46977241025269E-05,1.46977198806267E-05,1.46977198615586E-05,1.46977160061573E-05,1.46977322506215E-05,1.46977324956678E-05
YDR500C,9890.7,YDR500C_translation_Ribosome,0,0,0,0,0,0,0,0,0,0,0,0,0,0,0,0,0,0,0,0,0,0,0,0,0,0
YDR502C,42245.2,YDR502C_translation_Ribosome,0.000294252813457,7.25672152226378E-05,0,4.66758192510012E-05,0.000202208175531,0,0.000274766731279,0.000331805734525,0.00031336321257,9.76849515756503E-05,0,0,0,0,0.000168748797819,0,1.99813010969061E-05,0,0,0,0,0,0,0,0.00023421405294,0
YDR503C,31591.6,YDR503C_translation_Ribosome,0,0,0,0,0,0,0,0,0,0,0,0,0,0,0,0,0,0,0,0,0,0,0,0,0,0
YDR508C,73600.7,YDR508C_translation_Ribosome,0,0,0,0,0,0,0,0,0,0,0,0,0,0,0,0,0,0,0,0,0,0,0,0,0,0
YDR513W,15861.6,YDR513W_translation_Ribosome,0,0,0,0,0,0,0,0,0,0,0,0,0,0,0,0,0,0,0,0,0,0,0,0,0,0
YDR529C,14561.9,YDR529C_translation_Ribosome,0.000119389633954,3.24826379507695E-05,0.000167355594374,2.22579428484738E-05,8.34293931533516E-05,0.000227270241222,0.00011178194208,0.000134052357763,0.000126861141538,4.23905766131297E-05,0.00034496862534,0.000249732907171,0.000287914841064,0.000356284799844,7.03176027499999E-05,0.000393603665101,1.17419970018524E-05,0.000269836831053,0.000385315995139,0.000161042930739,0.000173468811364,0.000319076490043,0.000366685554923,0.000147918115602,9.59597958142285E-05,0.000376387938735
YDR530C,36827.1,YDR530C_translation_Ribosome,0,0,0,0,0,0,0,0,0,0,0,0,0,0,0,0,0,0,0,0,0,0,0,0,0,0
YDR531W,40897.5,YDR531W_translation_Ribosome,0,0,0,0,0,0,0,0,0,0,0,0,0,0,0,0,0,0,0,0,0,0,0,0,0,0
YDR536W,63528.3,YDR536W_translation_Ribosome,0,0,0,0,0,0,0,0,0,0,0,0,0,0,0,0,0,0,0,0,0,0,0,0,0,0
YDRUMD1,48870.68,YDRUMD1_translation_Ribosome,0.258226759220886,0.258226759220887,0.258226759220887,0.258226759220887,0.258226759220887,0.258226759220887,0.258226759220887,0.258226759220887,0.258226759220887,0.258226759220887,0.258226759220887,0.258226759220887,0.258226759220887,0.258226759220888,0.258226759220888,0.258226759220887,0.258226759220887,0.258226759220887,0.258226759220887,0.258226759220887,0.258226759220884,0.258226759220887,0.258226759220887,0.258226759220887,0.258226759220887,0.258226759220887
YEL003W,12995.1,YEL003W_translation_Ribosome,2.2342901315852E-05,1.03486986027193E-05,2.38608797517481E-05,8.96182551938989E-06,1.74377413977435E-05,3.08512529782616E-05,2.12957880022366E-05,1.95448415168424E-05,2.3707386840437E-05,1.16848297993466E-05,4.6700540709542E-05,3.41428939107718E-05,3.99767141410534E-05,4.88477871169754E-05,1.57662446133434E-05,5.63184869525767E-05,7.53875528658451E-06,3.71409552059736E-05,5.46285815728467E-05,2.3031738590084E-05,2.46935503973109E-05,4.69796698667917E-05,5.08687581273014E-05,2.13094848506597E-05,1.92282153704836E-05,5.27790652151114E-05
YEL006W,36977.2,YEL006W_translation_Ribosome,0,0,0,0,0,0,0,0,0,0,0,0,0,0,0,0,0,0,0,0,0,0,0,0,0,0
YEL017CA,4853.1,YEL017CA_translation_Ribosome,6.74914690636349E-05,1.83508863970317E-05,9.46151567688366E-05,1.25747377550561E-05,4.71530606948099E-05,0.000128596256462,6.31874388283459E-05,7.57676242976262E-05,7.17037491017655E-05,2.39563776152571E-05,0.000195891871072,0.000141390637869,0.000163196726244,0.000202395750979,3.97423798093257E-05,0.000223881896804,4.72559869428157E-06,0.000152862565073,0.000219103901622,9.10391246547878E-05,9.80838005814674E-05,0.000181038481952,0.000208376739725,8.36087957879622E-05,5.42295232646717E-05,0.000213962051932
YEL020WA,10203.8,YEL020WA_translation_Ribosome,0,0,0,0,0,0,0,0,0,0,0,0,0,0,0,0,0,0,0,0,0,0,0,0,0,0
YEL021W,29239.8,YEL021W_translation_Ribosome,9.7033329636739E-07,2.74280131317357E-07,1.35737573525941E-06,1.92985703484282E-07,6.81329615410564E-07,1.84511767130592E-06,9.09150457896437E-07,1.08824280530581E-06,1.03033657916664E-06,3.53145269672537E-07,2.81961183968391E-06,2.02948265257277E-06,2.34468101192642E-06,2.91450138287332E-06,5.76273112492258E-07,3.22888670166091E-06,1.0916969799342E-07,2.19516961310924E-06,3.15885058338089E-06,1.30623411114375E-06,1.40699995714909E-06,2.6033686626032E-06,3.00186780321352E-06,1.20012042309326E-06,7.81822338231979E-07,3.08356186952605E-06
YEL024W,23367.3,YEL024W_translation_Ribosome,0.000191583062203,5.2124485526409E-05,0.000268553442917,3.57170443364631E-05,0.000133878110592,0.000364697732281,0.000179375093578,0.000215112152916,0.000203572497591,6.80236315928544E-05,0.000553566866886,0.000400743293234,0.000462013368145,0.000571725791511,0.000112837783444,0.000631610910906,1.8842236695856E-05,0.000433003810098,0.000618311789891,0.000258423590017,0.000278363246265,0.000512018079082,0.000588415753957,0.000237362362241,0.000153985492053,0.00060398504871
YEL026W,13570.1,YEL026W_translation_Ribosome,5.7242572256906E-05,7.40643789782372E-05,4.86687851927178E-05,7.61260437354188E-05,6.40463561312004E-05,3.86219594868631E-05,5.86595733789525E-05,5.45823391720282E-05,5.59092151618956E-05,7.207128541332E-05,2.14704514751328E-05,3.50730346582703E-05,2.93276092452303E-05,2.0018791103439E-05,6.65287261197859E-05,1.55335786148483E-05,7.82528129375155E-05,3.20027381434815E-05,1.64924058720874E-05,4.97714023467784E-05,4.75896483268413E-05,2.49167079020353E-05,1.87154681774918E-05,5.20998693561236E-05,6.16678439980349E-05,1.75501458079666E-05
YEL027W,16352.8,YEL027W_translation_Ribosome,0,0,0,0,0,0,0,0,0,0,0,0,0,0,0,0,0,0,0,0,0,0,0,0,0,0
YEL029C,35556.5,YEL029C_translation_Ribosome,0,0,0,0,0,0,0,0,0,0,0,0,0,0,0,0,0,0,0,0,0,0,0,0,0,0
YEL034W,17103.4,YEL034W_translation_Ribosome,0,0,0,0,0,0,0,0,0,0,0,0,0,0,0,0,0,0,0,0,0,0,0,0,0,0
YEL037C,42328,YEL037C_translation_Ribosome,0.000426196945972,0.000448624394519,0.000413723170607,0.000451210494639,0.000435566013501,0.000397994623632,0.000428180426195,0.000422403646181,0.00042432057439,0.000446090750475,0.000367261778464,0.000392092241798,0.000382065836827,0.000364316716058,0.000438918849902,0.000354727142321,0.000453841583916,0.00038681588976,0.000356851682566,0.000415371396358,0.000412092579259,0.000374004463613,0.000361602359337,0.0004188099498,0.000432347248553,0.000359141481922
YEL038W,25182.6,YEL038W_translation_Ribosome,0,0,0,0,0,0,0,0,0,0,0,0,0,0,0,0,0,0,0,0,0,0,0,0,0,0
YEL039C,12541.6,YEL039C_translation_Ribosome,3.76650406264143E-06,0,5.27973413804149E-06,0,0,0,0,0.000119683183064,0,3.78466983025545E-05,5.46194889540603E-05,0,0,0.000212806458482,0,0,0,8.51281209894123E-06,0,5.08058223148275E-06,0.000149401962972,1.00662248156665E-05,0.000315812054445,0,3.73219877407063E-06,1.02266262616463E-05
YEL041W,55864.1,YEL041W_translation_Ribosome,0,0,0,0,0,0,0,0,0,0,0,0,0,0,0,0,0,0,0,0,0,0,0,0,0,0
YEL042W,56807,YEL042W_translation_Ribosome,0,0,0,0,0,0,0,0,0,0,0,0,0,0,0,0,0,0,0,0,0,0,0,0,0,0
YEL046C,42807.5,YEL046C_translation_Ribosome,0,0,0,0,0,0,0,0,0,0,0,0,0,0,0,0,0,0,0,0,0,0,0,0,0,0
YEL047C,50838.6,YEL047C_translation_Ribosome,0,0,0,0,0,0,0,0,0,0,0,0,0,0,0,0,0,0,0,0,0,0,0,0,0,0
YEL050C,43835,YEL050C_translation_Ribosome,8.46781595789263E-06,1.08643546951531E-06,1.53739229039549E-05,6.47536196599199E-07,4.61505340362488E-06,2.68994129744125E-05,7.55878868164661E-06,1.03610211884202E-05,9.40921561559891E-06,1.59726746571834E-06,5.9240951468937E-05,3.20717963883297E-05,4.19410161097033E-05,6.30441146066658E-05,3.49221727720174E-06,7.64507506865558E-05,2.88911197435003E-07,3.7094729523245E-05,7.33575594872484E-05,1.43469996872305E-05,1.64002472740592E-05,5.0999092383933E-05,6.66300307364088E-05,1.23283341284139E-05,5.82950195936007E-06,7.00968314243625E-05
YEL051W,29192.4,YEL051W_translation_Ribosome,0,0,0,0,0,0,0,0,0,0,0,0,0,0,0,0,0,0,0,0,0,0,0,0,0,0
YEL054C,17828.9,YEL054C_translation_Ribosome,0,0,0,0,0.004983004101678,0,0,0,0,0,0.003044275039724,0,0.003493690271793,0.002952799513377,0,0.002647288896925,0,0.003632665158217,0.002715909675693,0,0,0.00324991679878,0.002867846363453,0,0,0.002789381485889
YEL055C,115864,YEL055C_translation_Ribosome,0.000488747569434,0.000632375237171,0.000415543004662,0.000649978108589,0.000546839522685,0.000329761366091,0.000500846184625,0.00046603401197,0.00047736312227,0.000615357839156,0.000183318648331,0.0002994599957,0.000250404500895,0.000170924106116,0.000568034452446,0.000132628540146,0.000668136853685,0.000273245241543,0.000140815182936,0.000424957351936,0.000406329136391,0.000212743417098,0.000159796096191,0.000444838229864,0.000526531350321,0.000149846360299
YEL058W,62053.2,YEL058W_translation_Ribosome,1.09752896625089E-09,3.10234009401571E-10,1.53530667566522E-09,2.18283140895239E-10,7.7064137784103E-10,2.08698402701508E-09,1.02832600505116E-09,1.23089458602381E-09,1.16539775029537E-09,3.99437146196149E-10,3.18921929116896E-09,2.29551640249905E-09,2.65203238602808E-09,3.29654738413782E-09,6.51813594153266E-10,3.65214375007223E-09,1.23480154944957E-10,2.48292235795746E-09,3.57292698117039E-09,1.4774611765383E-09,1.59143586463122E-09,2.94462998202117E-09,3.3953661893463E-09,1.35743762711758E-09,8.84307140487872E-10,3.48776908275599E-09
YEL063C,65789.8,YEL063C_translation_Ribosome,0,0,0,0,0,0,0,0,0,0,0,0,0,0,0,0,0,0,0,0,0,0,0,0,0,0
YEL069C,62734.7,YEL069C_translation_Ribosome,0,0,0,0,0,0,0,0,0,0,0,0,0,0,0,0,0,0,0,0,0,0,0,0,0,0
YEL071W,55221.5,YEL071W_translation_Ribosome,0,0,0,0,0,0,0,0,0,0,0,0,0,0,0,0,0,0,0,0,0,0,0,0,0,0
YER002W,26908.8,YER002W_translation_Ribosome,0.000113509032973,0.000146865797676,9.65076607389632E-05,0.00015095397128,0.000127000581268,7.65853297647107E-05,0.000116318872237,0.000108233929618,0.000110865055449,0.000142913597168,4.25747846113185E-05,6.95479970679999E-05,5.81551183600751E-05,3.96962178645861E-05,0.000131922991386,3.08022756082291E-05,0.0001551712436,6.34597593352529E-05,3.27035800127357E-05,9.86940930036618E-05,9.43677886601652E-05,4.94085312263201E-05,3.71117965302018E-05,0.000103311321547,0.000122284115856,3.48010230961755E-05
YER003C,48179.1,YER003C_translation_Ribosome,8.00138777968705E-05,2.26171945160452E-05,0.000111929474761,1.59136397286813E-05,5.61825764311431E-05,0.000152148772412,7.49687286929415E-05,8.97367194994146E-05,8.49617605040644E-05,2.91204296069242E-05,0.000232505756548,0.000167351545661,0.00019334286545,0.000240330367268,4.75195961771055E-05,0.000266254643568,9.00215514297952E-06,0.000181014125584,0.00026047945124,0.000107712326202,0.000116021498029,0.000214674300892,0.000247534619772,9.89621702505768E-05,6.44692264620575E-05,0.000254271128829
YER005W,71840.6,YER005W_translation_Ribosome,4.00206206780572E-08,1.13124646305279E-08,5.59838764904552E-08,7.95954097869914E-09,2.81008950194222E-08,7.6100402517524E-08,3.74971834430169E-08,4.48837040631438E-08,4.24954080828974E-08,1.45651941809319E-08,1.16292635033596E-07,8.37043887037349E-08,9.6704492920773E-08,1.20206278344058E-07,2.37679235870352E-08,1.33172849353268E-07,4.50261687324815E-09,9.05380148647191E-08,1.30284265673886E-07,5.38745811099429E-08,5.80305878298819E-08,1.07373858159079E-07,1.23809636470101E-07,4.9498006922376E-08,3.22456369905707E-08,1.27179042891634E-07
YER006W,57716.4,YER006W_translation_Ribosome,0.000243464322106,0.000315010893277,0.000206998258944,0.000323779573522,0.00027240220109,0.00016426706233,0.00024949111657,0.000232149808814,0.00023779328273,0.000306533860283,9.13182043993304E-05,0.000149172761995,0.000124736297171,8.51439970849535E-05,0.000282960226396,6.60674745776399E-05,0.000332825156235,0.000136114165392,7.01455622490434E-05,0.000211687914342,0.000202408469996,0.000105975835105,7.96006991488189E-05,0.000221591358922,0.000262285904402,7.46443456946466E-05
YER012W,22513.9,YER012W_translation_Ribosome,0.000226690498534,0.000238619465974,0.00022005580445,0.000239994990438,0.00023167382516,0.000211689925274,0.000227745494645,0.000224672874924,0.00022569247259,0.000237271842447,0.000195343388635,0.000208550499022,0.000203217540251,0.000193776935212,0.000233457170072,0.000188676323226,0.000241394444248,0.000205744052648,0.000189806347952,0.000220932481583,0.000219188506903,0.00019892976501,0.000192333192163,0.000222761418654,0.000229961791703,0.000191024272582
YER014W,59720.7,YER014W_translation_Ribosome,0,0,0,0,0,0,0,0,0,0,0,0,0,0,0,0,0,0,0,0,0,0,0,0,0,0
YER015W,83440.7,YER015W_translation_Ribosome,0,0,0,0,0,0,0,0,0,0,0,0,0,0,0,0,0,0,0,0,0,0,0,0,0,0
YER019W,53941.1,YER019W_translation_Ribosome,0,0,0,0,0,0,0,0,0,0,0,0,0,0,0,0,0,0,0,0,0,0,0,0,0,0
YER021W,60377.3,YER021W_translation_Ribosome,0.000607933775895,0.000639924628028,0.000590140993874,0.00064361348039,0.000621297955655,0.000567705556355,0.000610763042112,0.000602522955646,0.000605257291064,0.000636310599807,0.000523867760745,0.000559286309552,0.000544984493712,0.000519666879145,0.000626080492255,0.000505988165991,0.000647366505967,0.000551760041127,0.00050901864236,0.000592492048037,0.00058781509369,0.00053348562892,0.000515795079625,0.000597396852723,0.000616706660604,0.000512284846826
YER023W,30126.1,YER023W_translation_Ribosome,3.38560305291934E-07,8.36004834226261E-08,4.82606055502704E-07,5.42137507112822E-08,2.3224206796835E-07,6.65189185111496E-07,3.16019338688611E-07,3.82407849988007E-07,3.60834508429578E-07,1.12377570715462E-07,1.03532644330016E-06,7.34984495789925E-07,8.54833601263253E-07,1.07189636413113E-06,1.93744189568498E-07,1.1934369388375E-06,2.3765874007245E-08,7.97911711030804E-07,1.16630344777876E-06,4.63509760761309E-07,5.00723541191608E-07,9.52280641085627E-07,1.10583520655319E-06,4.23982693139302E-07,2.69194859173077E-07,1.1371193070901E-06
YER024W,103316.9,YER024W_translation_Ribosome,0,0,0,0,0,0,0,0,0,0,0,0,0,0,0,0,0,0,0,0,0,0,0,0,0,0
YER025W,57863.5,YER025W_translation_Ribosome,0.002620620229467,0.003116535340878,0.002347015754938,0.003177432544962,0.002816324941214,0.002020935101525,0.002655686458981,0.002538223153082,0.002571464352475,0.003059362330893,0.00137446730547,0.001891711556803,0.001673159545599,0.001312923751769,0.002895693075248,0.001112106852375,0.003240757926583,0.001776453726149,0.001157483175999,0.002384090516282,0.002317037190406,0.001517034474553,0.001257159841769,0.002455415530378,0.002743402100507,0.001200783327248
YER026C,30798.8,YER026C_translation_Ribosome,8.3951579132602E-06,2.19165146621644E-06,1.18446359987735E-05,1.46712313542106E-06,5.81944039792073E-06,1.61915884390312E-05,7.84987191081234E-06,9.44601473965009E-06,8.92993112006561E-06,2.89452973314998E-06,2.48766728757875E-05,1.78347235279821E-05,2.06438980492035E-05,2.57223666883177E-05,4.8831346814828E-06,2.85242954555469E-05,7.2012103870085E-07,1.93113925369476E-05,2.79001053108176E-05,1.13888413522437E-05,1.22869070157295E-05,2.29494268542603E-05,2.65010116996966E-05,1.04431134223804E-05,6.71507213187967E-06,2.72291019054095E-05
YER037W,37708.1,YER037W_translation_Ribosome,0,0,0,0,0,0,0,0,0,0,0,0,0,0,0,0,0,0,0,0,0,0,0,0,0,0
YER043C,49115,YER043C_translation_Ribosome,1.92452398549465E-08,4.74616859617134E-09,2.73074909909252E-08,3.05277399511623E-09,1.32251746143058E-08,3.74673530849939E-08,1.79707768483279E-08,2.17013420234253E-08,2.04951317772297E-08,6.38896295061682E-09,5.77664620862689E-08,4.1307750985018E-08,4.78734600331466E-08,5.97430497551267E-08,1.10368055656307E-08,6.62918243336426E-08,1.30685218505005E-09,4.47590779878896E-08,6.48329433511277E-08,2.62421905933099E-08,2.83411835524728E-08,5.32620299039722E-08,6.15629288658628E-08,2.40317993608913E-08,1.53184792806463E-08,6.32646486182047E-08
YER050C,15855.8,YER050C_translation_Ribosome,3.06294048739943E-06,3.9298057528324E-07,5.56098658105459E-06,2.34223894742502E-07,1.669336460755E-06,9.72993526268255E-06,2.73413120972858E-06,3.74774220963508E-06,3.40345935799733E-06,5.77756438529416E-07,2.1428371810224E-05,1.16008666402208E-05,1.51707166244379E-05,2.28040349579188E-05,1.26318920277986E-06,2.76534233543034E-05,1.04503665205656E-07,1.34177395317593E-05,2.65345680784285E-05,5.18953251148145E-06,5.93222403850868E-06,1.84471634315311E-05,2.41011164902555E-05,4.4593498408419E-06,2.10862135661507E-06,2.53551121181341E-05
YER052C,58105.3,YER052C_translation_Ribosome,9.44090031273339E-06,2.35971313536152E-06,1.34407216097244E-05,1.54142299796558E-06,6.47390013231558E-06,1.85399964807058E-05,8.81020708472235E-06,1.064957899774E-05,1.00557956368424E-05,3.14794795520291E-06,2.90271531675722E-05,2.05011490055189E-05,2.38847815660968E-05,3.00685491480036E-05,5.41177544505836E-06,3.3539231389311E-05,6.95561414096357E-07,2.227706265537E-05,3.27620623359276E-05,1.29078761360905E-05,1.39585835714889E-05,2.66686190838505E-05,3.10280373184762E-05,1.1808394485704E-05,7.5033438947352E-06,3.19295080465883E-05
YER053C,33545.8,YER053C_translation_Ribosome,0,0,0,0,0,0,0,0,0,0,0,0,0,0,0.00018788011347,0,0,0,0,0,0,0,0,0,0,0
YER055C,32264.7,YER055C_translation_Ribosome,6.7185454921431E-05,1.54129904663654E-05,9.55998712676391E-05,9.3286782855592E-06,4.57359629362243E-05,0.000131015647522,6.26716519480163E-05,7.58020409197017E-05,7.15337809231499E-05,2.12658226629352E-05,0.000200589151756,0.000144356122693,0.000167098979549,0.000207267655696,3.79333917285588E-05,0.000229368923733,3.0907923862147E-06,0.000156304405227,0.000224469424243,9.18511496841487E-05,9.92373747495294E-05,0.000185270895277,0.000213401361064,8.4035261252777E-05,5.31902867522294E-05,0.000219177815066
YER056C,58191.5,YER056C_translation_Ribosome,0,0,0,0,0,0,0,0,0,0,0,0,0,0,0,0,0,0,0,0,0,0,0,0,0,0
YER056CA,13664.5,YER056CA_translation_Ribosome,0.00362626198836,0.004085235385432,0.003366082791449,0.004137716056543,0.003819094815013,0.003030052230921,0.003667347715324,0.003547764633676,0.003587147343976,0.004033799455815,0.002333205990291,0.002901080491383,0.002677648689426,0.002263096935343,0.003886914413595,0.002028946212724,0.004191092433057,0.002784162402305,0.002081538836581,0.003400761373977,0.003331767083383,0.002490814806125,0.002197986787373,0.003472773588935,0.003752931637921,0.002137849408204
YER060W,58041.4,YER060W_translation_Ribosome,0,0,0,0,0,0,0,0,0,0,0,0,0,0,0,0,0,0,0,0,0,0,0,0,0,0
YER060WA,57317.6,YER060WA_translation_Ribosome,0,0,0,0,0,0,0,0,0,0,0,0,0,0,0,0,0,0,0,0,0,0,0,0,0,0
YER061C,47559.9,YER061C_translation_Ribosome,0,0,0,0,0,0,0,0,0,0,0,0,0,0,0,0,0,0,0,0,0,0,0,0,0,0
YER062C,27809.9,YER062C_translation_Ribosome,0,0,0,0,0,0,0,0,0,0,0,0,0,0,0,0,0,0,0,0,0,0,0,0,0,0
YER065C,62399.4,YER065C_translation_Ribosome,0,0,0,0,0,0,0,0,0,0,0,0,0,0,0,0,0,0,0,0,0,0,0,0,0,0
YER069W,94875.2,YER069W_translation_Ribosome,0.001157239524709,0.000287274235545,0.001611037058122,0.000182213003129,0.000804392840178,0.002151515947942,0.001082931842414,0.001297295028805,0.001228730697057,0.000389947263763,0.003140084330926,0.002347561145054,0.002672262225679,0.00322848000801,0.000672441581023,0.003511931291237,7.23947807441953E-05,0.002519536985481,0.003450077729627,0.001552214534742,0.00166795707982,0.00293349734386,0.003308793364011,0.001428798952449,0.000927407146986,0.003382785317581
YER070W,99549.2,YER070W_translation_Ribosome,0,0,0,0,0,0,0,0,0,1.91599880492052E-06,0,0,0,0,0,0,8.56969988761738E-07,0,0,0,0,0,0,0,0,0
YER073W,56696.4,YER073W_translation_Ribosome,0,0,0,0,0,0,0,0,0,0,0,0,0,0,0,0,0,0,0,0,0,0,0,0,0,0
YER074W,15348.1,YER074W_translation_Ribosome,0.004073052919869,0.004588576326917,0.003780817102085,0.00464752312982,0.004289644636123,0.003403384291075,0.004119200810097,0.003984883923607,0.004029118968867,0.004530802987873,0.002620679780423,0.003258521972249,0.003007561187763,0.002541932604438,0.004365820272333,0.002278932223463,0.00470747599779,0.00312719843147,0.002338004772785,0.003819768425039,0.003742273363275,0.002797707543334,0.002468800249646,0.003900653248954,0.004215329508725,0.00240125335739
YER081W,51180.7,YER081W_translation_Ribosome,0,0,0,0,0,0,0,0,1.11498834038934E-06,0,0,0,0,0,0,0,0,0,0,0,0,0,0,1.3079669587176E-06,0,0
YER082C,62335.5,YER082C_translation_Ribosome,0.000262949010171,0.000340221523482,0.000223564532272,0.000349691969792,0.000294202815942,0.000177413516156,0.000269458134897,0.000250728985303,0.000256824111961,0.000331066065238,9.8626489703697E-05,0.000161111204187,0.000134719065158,9.19581545330118E-05,0.000305605810351,7.13549192523177E-05,0.000359461479346,0.000147007515313,7.5759380272769E-05,0.000228629505382,0.00021860741802,0.000114457184945,8.59712210358096E-05,0.000239325532328,0.000283276902126,8.06182057621169E-05
YER086W,63836.9,YER086W_translation_Ribosome,0,0,0,0,0,0,0,0,0,0,0,0,0,0,0,0,0,0,0,0,0,0,0,0,0,0
YER090W,56756.1,YER090W_translation_Ribosome,3.66390049688663E-07,9.98378437513708E-08,5.20207579123249E-07,6.95460627666352E-08,2.5414200757548E-07,7.19622184437962E-07,3.42410719910191E-07,4.12856691422096E-07,3.89967845018701E-07,1.29393663462363E-07,1.13478045109311E-06,7.96490730156605E-07,9.29840073678582E-07,1.17643633283148E-06,2.14087744236975E-07,1.31613074763869E-06,3.85030783542381E-08,8.66219760623119E-07,1.28484604145049E-06,4.99645413504123E-07,5.40219138122045E-07,1.04062756430406E-06,1.21496830797666E-06,4.57228228314759E-07,2.92920781580056E-07,1.25119167780675E-06
YER091C,85853.6,YER091C_translation_Ribosome,0.000643001827322,0.000152683006524,0.000920258935804,9.62286714470218E-05,0.00043797299864,0.00127597033066,0.000599567221212,0.000726378457288,0.000685907257788,0.000207629187045,0.002011293779055,0.001412489998933,0.001647974412085,0.00208447570724,0.000364053758256,0.002328464855066,3.78839026328984E-05,0.001536095574307,0.002273808457868,0.000883203146418,0.000956180162428,0.001845855391848,0.002151901687805,0.000806786406939,0.00050908797983,0.002215201783714
YER094C,22599,YER094C_translation_Ribosome,0.000227547363023,0.000239521420614,0.000220887590544,0.000240902144404,0.000232549526061,0.00021249008929,0.0002286063469,0.000225522113023,0.000226545564653,0.000238168703222,0.000196081764588,0.000209338796362,0.000203985679608,0.000194509390148,0.000234339611816,0.000189389498425,0.000242306887992,0.000206521741937,0.000190523794517,0.000221767581419,0.000220017014711,0.000199681697061,0.000193060189913,0.000223603431665,0.000230831021311,0.000191746322764
YER099C,34759.3,YER099C_translation_Ribosome,0.000957230106583,0.000259122051761,0.001360011631238,0.000177746266406,0.000666783371912,0.001860390495433,0.000895289923909,0.001079946295812,0.001019321224253,0.000337961349895,0,0.002048207579078,0.002367293942111,0,0.000561583680442,0,9.39928055079946E-05,0.002216175454618,0,0.001306954423485,0.001411450738387,0,0,0.001196536073626,0.000767494985621,0
YER102W,22517.2,YER102W_translation_Ribosome,0,0,0,0,0,0,0,0,0,0,0,0,0,0,0,0,0,0,0,0,0,0,0,0,0,0
YER103W,69631.6,YER103W_translation_Ribosome,0.00056402429334,0.000309098104955,0.000674963599705,0.000270640468431,0.000504368386203,0.000827516923801,0.000591090456398,0.00058051947562,0.000586709519503,0.000345883015256,0.001076276655239,0.000883756823466,0.000995028725521,0.001098282681035,0.000447112215212,0.001166859793418,0.000230363428169,0.000952252884807,0.001152290625211,0.000657360192803,0.000691906738535,0.001050269153466,0.001117931070922,0.000620165950854,0.000537104812064,0.0011360084925
YER105C,156636.6,YER105C_translation_Ribosome,0,0,0,0,0,0,0,0,0,0,0,0,0,0,0,0,0,0,0,0,0,0,0,0,0,0
YER117W,14485.3,YER117W_translation_Ribosome,0.003844084509495,0.004330627547924,0.003568276853085,0.004386260631113,0.004048500429866,0.003212061588829,0.003887638176354,0.003760871971034,0.003802620324322,0.004276101961822,0.002473357146706,0.003075342767158,0.002838489850412,0.002399036776869,0.004120393820136,0.002150821074695,0.004442843222991,0.002951401635341,0.002206572835414,0.003605038510774,0.003531899867022,0.002640433218279,0.002330015588652,0.00368137635975,0.003978362959111,0.002266265873809
YER119C,48849.8,YER119C_translation_Ribosome,0,0,0,0,0,0,0,0,0,0,0,0,0,0,0,0,0,0,0,0,0,0,0,0,0,0
YER126C,29752.3,YER126C_translation_Ribosome,0.000125503731185,0.000162385363606,0.000106705794186,0.000166905541671,0.000140420955006,8.46782356239819E-05,0.000128610491083,0.000119671198425,0.000122580359928,0.000158015527152,4.70737366285873E-05,7.68972556623206E-05,6.43004715180336E-05,4.38909866947811E-05,0.000145863524818,3.40572059913008E-05,0.000171568460539,7.01656631908611E-05,3.61594245604753E-05,0.000109123270576,0.000104339798079,5.46296172109066E-05,4.10334650339488E-05,0.000114228409742,0.000135206092437,3.84785081261276E-05
YER127W,40792.9,YER127W_translation_Ribosome,0.000172076147252,0.000222643960267,0.000146302598175,0.00022884150371,0.000192528912906,0.000116100966916,0.000176335775778,0.000164079255393,0.00016806795994,0.000216652547788,6.45420431669585E-05,0.000105432590439,8.81613423025444E-05,6.01782259234256E-05,0.000199991132839,4.66952873654318E-05,0.000235234756773,9.62030122705969E-05,4.95776054339668E-05,0.00014961716117,0.000143058618966,7.49017895061152E-05,5.62603239340613E-05,0.000156616735371,0.000185378898713,5.27572636111599E-05
YER131W,13470.2,YER131W_translation_Ribosome,0,0,0,0,0,0,0,0,0,0,0,0,0,0,0,0,0,0,0,0,0,0,0,0,0,0
YER143W,47342.6,YER143W_translation_Ribosome,0.000476688516689,0.000501772946039,0.000462736972614,0.000504665421553,0.000487167538055,0.000445145063994,0.000478906979899,0.000472445824506,0.000474589851284,0.000498939141075,0.000410771297323,0.000438543426728,0.000427329193124,0.000407477333246,0.00049091758513,0.000396751682292,0.000507608216091,0.000432641985035,0.000399127916912,0.00046458046374,0.000460913205037,0.000418312788675,0.000404441406566,0.000468426382758,0.000483567445883,0.000401688988897
YER152C,49486.8,YER152C_translation_Ribosome,0,0,0,0,0,0,0,0,8.614472064348E-07,0,2.19886471348025E-06,0,0,2.26270578601297E-06,0,0,0,0,0,0,0,0,0,0,6.56248113742911E-07,2.37461881573408E-06
YER168C,62488.6,YER168C_translation_Ribosome,0,0,0,0,0,0,0,0,0,0,0,0,0,0,0,0,0,0,0,0,0,0,0,0,0,0
YER170W,25197.2,YER170W_translation_Ribosome,4.65285488973468E-07,5.96955534834012E-08,8.447696898457E-07,3.55795597275838E-08,2.53583559748791E-07,1.47809818116906E-06,4.15335882929862E-07,5.6931474839421E-07,5.17014048898392E-07,8.77641019909018E-08,3.25533458268609E-06,1.76232571420136E-06,2.30465550995403E-06,3.4643316577544E-06,1.91886344685484E-07,4.20108287233611E-06,5.27800179266377E-10,2.03834362654514E-06,4.03109769549469E-06,7.88340881554361E-07,9.01166111785202E-07,2.80241980432212E-06,3.66139375263302E-06,6.77416566094596E-07,3.20314737045701E-07,3.85190685403972E-06
YER174C,27475,YER174C_translation_Ribosome,0,0,0,0,0,0,0,0,0,0,0,0,0,0,0,0,0,0,0,0,0,0,0,0,0,0
YER175C,34763.6,YER175C_translation_Ribosome,0,0,0,0,0,0,0,0,0,0,0,0,0,0,0,0,0,0,0,0,0,0,0,0,0,0
YER178W,46346.6,YER178W_translation_Ribosome,1.38284487898237E-05,3.74647974767388E-06,1.9310799073547E-05,2.54892609560348E-06,9.67699184685829E-06,2.60879125282533E-05,1.29526042827322E-05,1.55098628725866E-05,1.46858350947032E-05,4.90537597225166E-06,3.91961295895475E-05,2.86103947489716E-05,3.2872578283388E-05,4.04399797159671E-05,8.15605733034809E-06,4.4522592250167E-05,1.31812426584585E-06,3.08585364659349E-05,4.36186406717858E-05,1.85922740472133E-05,2.00052679318838E-05,3.63380325419374E-05,4.15811669196457E-05,1.70948235104383E-05,1.11270445184483E-05,4.26429716457179E-05
YER183C,24057,YER183C_translation_Ribosome,0,0,0,0,0,0,0,0,0,0,0,0,0,0,0,0,0,0,0,0,0,0,0,0,0,0
YFL001W,50907.5,YFL001W_translation_Ribosome,0,0,0,0,0,0,0,0,0,0,0,0,0,0,0,0,0,0,0,0,0,0,0,0,0,0
YFL002C,69436.1,YFL002C_translation_Ribosome,0.000292901376665,0.000378975956343,0.000249030636143,0.000389525175601,0.000327715284999,0.000197622585031,0.000300151951946,0.00027928937598,0.000286078794917,0.000368777605256,0.000109860974913,0.000179463286331,0.000150064834328,0.000102433053621,0.000340417187768,7.94829159739773E-05,0.000400407524219,0.000163753054584,8.43890865487245E-05,0.00025467255735,0.000243508859934,0.000127494935303,9.57641520636648E-05,0.00026658696241,0.000315544806791,8.98013779807481E-05
YFL007W,245943.3,YFL007W_translation_Ribosome,0.002476381670346,0.00260669448234,0.00240390384298,0.002621720800559,0.002530819852777,0.002312514437682,0.002487906516108,0.002454341019511,0.002465479170372,0.002591972955755,0.002133943814005,0.002278219142227,0.002219961555623,0.00211683177548,0.00255030122796,0.002061112360188,0.002637008524511,0.002247561340487,0.0020734568234,0.0024134807207,0.002394429428475,0.002173121621521,0.002101060233015,0.002433460147577,0.00251211748854,0.00208676151084
YFL011W,60675.6,YFL011W_translation_Ribosome,0,0,0,0,0,0,0,0,0,0,0,0,0,0,0,0,0,0,0,0,0,0,0,0,0,0
YFL017C,18130,YFL017C_translation_Ribosome,4.96184669906244E-11,1.40254484648763E-11,6.94100711229573E-11,9.86841819593882E-12,3.48401226244022E-11,9.43509932208352E-11,4.64898526655995E-11,5.56478273135609E-11,5.26867641603183E-11,1.80582558299716E-11,1.44182228433828E-10,1.03778586576091E-10,1.19896408614804E-10,1.49034451565882E-10,2.94680070413201E-11,1.65110698378187E-10,5.58244582196563E-12,1.12251070219529E-10,1.61529367266456E-10,6.67949191978196E-11,7.19476299442367E-11,1.33124527967238E-10,1.53501976137046E-10,6.1368743936703E-11,3.99788670815277E-11,1.57679442115141E-10
YFL018C,54012.7,YFL018C_translation_Ribosome,1.61157853208242E-05,4.36617759808022E-06,2.25049603880279E-05,2.97053895051637E-06,1.12776440456647E-05,3.04030628571413E-05,1.50950690955093E-05,1.8075318801771E-05,1.71149902089835E-05,5.71676456906089E-06,4.56794843350182E-05,3.33427839034099E-05,3.83099668378511E-05,4.71290772657459E-05,9.50513474056117E-06,5.18869867138171E-05,1.53615260955177E-06,3.59627863224833E-05,5.0833514281802E-05,2.16675855495316E-05,2.33142999750674E-05,4.23486350730777E-05,4.8459026001492E-05,1.99224446630875E-05,1.2967547079216E-05,4.96964617600573E-05
YFL022C,57498.9,YFL022C_translation_Ribosome,0,0,0,0,0,0,0,0,0,0,0,0,0,0,0,0,0,0,0,0,0,0,0,0,0,0
YFL030W,41909.6,YFL030W_translation_Ribosome,0,0,0,0,0,0,0,0,0,0,0,0,0,0,0,0,0,0,0,0,0,0,0,0,0,0
YFL034CA,13825.7,YFL034CA_translation_Ribosome,0,0,0,0,0,0.003065797733473,0,0,0,0,0.002360730803174,0.00293530451533,0.002709236890146,0.002289794672251,0,0.002052881675382,0,0.002817007144466,0.002106094734012,0,0,0.00252019892898,0.002223916420373,0,0,0.00216306960101
YFL045C,29054.1,YFL045C_translation_Ribosome,0.000438653276264,0.000123992321676,0.000613621438759,8.72419934700255E-05,0.000308004959877,0.000834112273216,0.000410994684472,0.000491955984304,0.000465778632762,0.00015964445425,0.001274646532176,0.000917457143854,0.001059947145507,0.001317542729966,0.000260512640104,0.001459665184808,4.93517494168542E-05,0.000992358343622,0.001428004339143,0.000590502123926,0.000636054789851,0.001176890659579,0.001357037990678,0.00054253188824,0.000353434156479,0.001393968981273
YFL053W,62123.1,YFL053W_translation_Ribosome,0,0,0,0,0,0,0,0,0,0,0,0,0,0,0,0,0,0,0,0,0,0,0,0,0,0
YFL055W,61052.2,YFL055W_translation_Ribosome,0,0,0,0,0,0,0,0,0,0,0,0,0,0,0,0,0,0,0,0,0,0,0,0,0,0
YFP,28131,YFP_translation_Ribosome,0,0,0,0,0,0,0,0,0,0,0,0,0,0,0,0,0,0,0,0,0,0,0,0,0,0
YFR001W,23622,YFR001W_translation_Ribosome,9.96443682694036E-05,0.000128926740424,8.47196442047133E-05,0.000132515560321,0.000111487979052,6.72307445780562E-05,0.000102110997145,9.50135972411147E-05,9.73233417995665E-05,0.000125457285063,3.73744485851679E-05,6.10529933233846E-05,5.10517082107598E-05,3.48474870078656E-05,0.000115809136882,2.70399034671776E-05,0.000136217710054,5.57084089597954E-05,2.87089713053292E-05,8.66390126996559E-05,8.28411487591576E-05,4.33734809663803E-05,3.25787421823502E-05,9.06922656377147E-05,0.000107347610623,3.05502202839911E-05
YFR002W,96169.7,YFR002W_translation_Ribosome,0,0,0,0,0,0,0,0,0,0,0,0,0,0,0,0,0,0,0,0,0,0,0,0,0,0
YFR004W,34392.7,YFR004W_translation_Ribosome,0.000346297101298,0.000364520039061,0.000336161805182,0.000366621318724,0.000353909734279,0.00032338191486,0.000347908735211,0.000343214937678,0.000344772496193,0.000362461381446,0.000298410606883,0.000318586062287,0.000310439323999,0.000296017660186,0.000356634008907,0.00028822585966,0.000368759153354,0.000314298876672,0.00028995210884,0.000337501035331,0.000334836903484,0.000303889229723,0.000293812168398,0.000340294957486,0.000351294396506,0.000291812635733
YFR010W,57110.3,YFR010W_translation_Ribosome,0.000575038637393,0.000605298472838,0.00055820861818,0.000608787722358,0.000587679684863,0.00053698715635,0.000577714812751,0.000569920595221,0.00057250697646,0.000601879998744,0.000495521412459,0.000529023472802,0.000515495524497,0.00049154783947,0.000592203439651,0.000478609277927,0.000612337672697,0.000521904448804,0.000481475776008,0.000560432457413,0.00055600857185,0.000504618860288,0.000487885542015,0.000565071864394,0.000583336823592,0.000484565247
YFR015C,80492.9,YFR015C_translation_Ribosome,0,0,0,0,0,0,0,0,0,0,0,0,0,0,0,0,0,0,0,0,0,0,0,0,0,0
YFR019W,257439.9,YFR019W_translation_Ribosome,0,0,0,0,0,0,0,0,0,0,0,0,0,0,0,0,0,0,0,0,0,0,0,0,0,0
YFR025C,38568.1,YFR025C_translation_Ribosome,1.01327118152529E-07,2.32454168524359E-08,1.44180901396452E-07,1.40692369792419E-08,6.89776280547327E-08,1.9759392880299E-07,9.45195338660298E-08,1.14322398582485E-07,1.07885134959249E-07,3.20724854523627E-08,3.02522632374771E-07,2.1771363931713E-07,2.52013744102378E-07,3.12594954703635E-07,5.72100206823154E-08,3.45927434185816E-07,4.66144176100554E-09,2.35733686028795E-07,3.38538153809017E-07,1.38527190258298E-07,1.49666876679655E-07,2.79420090522067E-07,3.21845627922137E-07,1.26739498242537E-07,8.02200189998393E-08,3.30557505186394E-07
YFR030W,114799,YFR030W_translation_Ribosome,1.07480100785964E-05,2.37553143329064E-06,1.55568842933057E-05,1.42076870073288E-06,7.23203436886805E-06,2.17874404496246E-05,1.00014327725994E-05,1.21927929436052E-05,1.14934705690998E-05,3.30661446538169E-06,3.48895310724162E-05,2.41972265402498E-05,2.83755226138969E-05,3.6206921430814E-05,5.97098274843467E-06,4.0629023810674E-05,4.36220662371765E-07,2.63886912975293E-05,3.96365079083459E-05,1.49125142158269E-05,1.618236179881E-05,3.19179352078124E-05,3.74235221187083E-05,1.35862045388313E-05,8.45054588121496E-06,3.85730170914489E-05
YFR031CA,27437.1,YFR031CA_translation_Ribosome,0.007281211372596,0,0.006758794698472,0,0,0.006084075236196,0,0.007123595669848,0.007202672647474,0,0.004684869997162,0.005825111460363,0.005376480285167,0.004544097253812,0,0.004073943439798,0,0.005590350342002,0.0041795447483,0.006828426206151,0.00668989181042,0.005001334473793,0.004413361870822,0.006973020325439,0,0.004292611365058
YFR032CA,6685,YFR032CA_translation_Ribosome,0.001774054037264,0.001998594793195,0.001646768155501,0.002024269591861,0.001868392465027,0.001482373973706,0.001794154156899,0.001735651255159,0.001754918218338,0.001973431107038,0.001141460137224,0.001419277916126,0.001309969738286,0.001107161111842,0.001901571433633,0.000992608981818,0.00205038259102,0.001362078792448,0.001018338550444,0.001663733746938,0.001629980090923,0.001218566136993,0.001075307671235,0.001698963843685,0.001836023857404,0.001045887027981
YFR033C,17210.9,YFR033C_translation_Ribosome,0.000141108169334,3.83916544892423E-05,0.000197799765086,2.63069536647551E-05,9.86062905680591E-05,0.000268613669551,0.000132116538841,0.000158438234311,0.000149938841834,5.01019767359283E-05,0.000407722928592,0.000295162588126,0.000340290315005,0.000421097663192,8.31092940598393E-05,0.000465205317966,1.38780197775827E-05,0.000318923678611,0.00045541001248,0.000190338745402,0.000205025056174,0.000377120675357,0.000433390451604,0.00017482635479,0.000113416137302,0.000444857825887
YFR047C,32358.3,YFR047C_translation_Ribosome,0,0,0,0,0,0,0,0,0,0,0,0,0,0,0,0,0,0,0,0,0,0,0,0,0,0
YFR049W,13695.2,YFR049W_translation_Ribosome,2.64556708352985E-06,3.39430843894286E-07,4.80321544323584E-06,2.02307236675382E-07,1.44186333690712E-06,8.40407985781166E-06,2.36156319728269E-06,3.2370538925437E-06,2.93968494807232E-06,4.9902811444065E-07,1.85084220042748E-05,1.00200676604871E-05,1.31034699173174E-05,1.96966295964688E-05,1.09105997615452E-06,2.38852132041181E-05,9.02634112264595E-08,1.15893632888501E-05,2.29188194066331E-05,4.48237778297158E-06,5.12386600816005E-06,1.59334497551372E-05,2.08169635437725E-05,3.85169388742908E-06,1.82128881564567E-06,2.19000827129675E-05
YFR050C,29440.7,YFR050C_translation_Ribosome,0.000296435844531,0.000312034970037,0.000287759869328,0.000313833698958,0.000302952379836,0.000276820079284,0.000297815428876,0.00029379746329,0.000295130758232,0.000310272726269,0.000255444241193,0.000272714752955,0.000265741014984,0.000253395840636,0.000305284402389,0.000246725935053,0.000315663719514,0.000269044853659,0.000248203631897,0.000288906271705,0.000286625732333,0.000260134029765,0.000251507904473,0.000291297913652,0.00030071360897,0.000249796272605
YFR052W,31905.3,YFR052W_translation_Ribosome,0.000321251687307,0.000338156678663,0.000311849411151,0.000340105986453,0.000328313748123,0.000299993807063,0.000322746762235,0.000318392436508,0.000319837346959,0.000336246910346,0.000276828511161,0.000295544807273,0.000287987269507,0.000274608630714,0.000330840993711,0.000267380360374,0.000342089205427,0.000291567685872,0.000268981761193,0.000313091783505,0.000310620330964,0.000281910900891,0.000272562647783,0.000315683639467,0.000325887560698,0.000270707728293
YFR053C,53724.8,YFR053C_translation_Ribosome,0,0,0,0,0,0,0,0,0,0,0,0,0,0,0,0,0,0,0,0,0,0,0,0,0,0
YGL001C,38702.7,YGL001C_translation_Ribosome,4.13344667897279E-09,1.16838441198116E-09,5.78217839790706E-09,8.22084657037581E-10,2.90234257305957E-09,7.85987200410961E-09,3.87281870564172E-09,4.63572014517805E-09,4.38904995564334E-09,1.50433582727457E-09,1.20110432553129E-08,8.64523392293616E-09,9.98792268417465E-09,1.24152557755145E-08,2.45482061878104E-09,1.37544811290351E-08,4.65043431263393E-10,9.35103080668986E-09,1.34561397636543E-08,5.56432420579725E-09,5.9935687273281E-09,1.10898859112268E-08,1.27874211349441E-08,5.11229883151826E-09,3.33042363840987E-09,1.31354232785198E-08
YGL008C,99588,YGL008C_translation_Ribosome,0.00138495815481,0.000376569218542,0.001941549572911,0.000258039806217,0.000967604007433,0.002638858459241,0.001296637336555,0.001554788932549,0.001471396213873,0.000491596656559,0.004019797584283,0.002901405461279,0.003348877124564,0.004153260400258,0.000815533189189,0.00459416668498,9.69716104687957E-05,0.003136815052339,0.00449611987281,0.001868167634321,0.002012727850715,0.003714998730836,0.004275993232303,0.001715693629831,0.001112816501387,0.004390606587098
YGL009C,85778.3,YGL009C_translation_Ribosome,4.07342143400789E-09,1.06768431013701E-09,5.75968159403988E-09,7.1834316402544E-10,2.82028102752318E-09,7.92078936307527E-09,3.80708384061571E-09,4.58500730912631E-09,4.33056949575921E-09,1.40834473009751E-09,1.22658817616706E-08,8.73715418947232E-09,1.01400819725118E-08,1.2692707757641E-08,2.36429879521822E-09,1.41165792355122E-08,3.64012938390801E-10,9.47241973883841E-09,1.37988119020997E-08,5.53550841902186E-09,5.97642394895302E-09,1.12909164891342E-08,1.30878645147915E-08,5.07213296425604E-09,3.253110061348E-09,1.34577410899673E-08
YGL011C,27998.1,YGL011C_translation_Ribosome,0.000281910430756,0.000296745196092,0.000273659580018,0.000298455786948,0.000288107654569,0.000263255841804,0.000283222415202,0.000279401330707,0.000280669293939,0.00029506930261,0.000242927423918,0.00025935167726,0.0002527196538,0.000240979395385,0.000290325407566,0.000234636316467,0.000300196136142,0.00025586160374,0.000236041605879,0.000274749808457,0.000272581015955,0.000247387411942,0.000239183968459,0.000277024259485,0.000285978583909,0.000237556206885
YGL012W,56050,YGL012W_translation_Ribosome,2.28996998263635E-07,6.47296418562239E-08,3.20338351836343E-07,4.55442959353667E-08,1.60792623875957E-07,4.35444614499E-07,2.14557953032941E-07,2.56823440698126E-07,2.43157670373345E-07,8.3341679615407E-08,6.65423571440591E-07,4.78954434736125E-07,5.5334070842149E-07,6.87817341331864E-07,1.35999468878171E-07,7.62011738834282E-07,2.57638620000301E-08,5.18056274028169E-07,7.4548333471149E-07,3.08269016018833E-07,3.3204958332401E-07,6.14390551516254E-07,7.08435667098737E-07,2.83226367138066E-07,1.84508734568131E-07,7.27715327018762E-07
YGL019W,32234.9,YGL019W_translation_Ribosome,0.00013597604973,0.000175935169964,0.000115609569849,0.000180832522031,0.000152138000844,9.17439813901948E-05,0.000139342044783,0.000129656837089,0.000132808745685,0.000171200704355,5.10016769409037E-05,8.33137386537961E-05,6.96658500128279E-05,4.75533510689123E-05,0.000158034711137,3.68990171989723E-05,0.00018588452552,7.60204467013001E-05,3.9176649696476E-05,0.000118228766001,0.000113046149612,5.91880374906092E-05,4.44573912612752E-05,0.000123759889662,0.000146487998209,4.16892429020584E-05
YGL026C,76616.8,YGL026C_translation_Ribosome,3.95715482136247E-06,1.07070122447327E-06,6.27925513173025E-06,7.45839971734253E-07,2.72552118992879E-06,8.92850808327833E-06,3.67215039212605E-06,4.67038124053193E-06,4.30859730150826E-06,1.38766973226355E-06,1.35643648807185E-05,9.87554974643561E-06,1.14111683755185E-05,1.39696098046189E-05,2.29596314670109E-06,1.52647341923723E-05,4.12922511052398E-07,1.06944974401983E-05,1.49844043131139E-05,5.97915677147404E-06,6.56844283184722E-06,1.26136804537427E-05,1.43335071094657E-05,5.34640414954726E-06,3.14140037211217E-06,1.46708712096934E-05
YGL029W,14439.3,YGL029W_translation_Ribosome,6.09091070507323E-05,7.88083939971305E-05,5.17861467515501E-05,8.10021137138881E-05,6.81486908781248E-05,4.10957958761293E-05,6.24168707592949E-05,5.80784791568719E-05,5.94903449854577E-05,7.66876376348407E-05,2.28456894190083E-05,3.73195532340339E-05,3.12061184644663E-05,2.13010464462227E-05,7.07900630843859E-05,1.65285444980788E-05,8.32651079836307E-05,3.40525962870703E-05,1.75487871208636E-05,5.29593893859174E-05,5.06378883785499E-05,2.65126874827641E-05,1.99142423162141E-05,5.54370007290938E-05,6.56178288915207E-05,1.86742780351635E-05
YGL030W,11423.5,YGL030W_translation_Ribosome,0.003031549183946,0.003415250204946,0.00281403979422,0.0034591239615,0.003192757116565,0.002533118786631,0.00306589678554,0.002965925521812,0.002998849404216,0.003372249850598,0.001950556451395,0.002425298620024,0.002238509993316,0.001891945394335,0.003249454191789,0.001696195767211,0.00350374652633,0.002327555285794,0.00174016311608,0.002843031033381,0.002785351917525,0.002082317167681,0.001837513415461,0.002903233129145,0.003137444807039,0.001787238663297
YGL031C,17647.1,YGL031C_translation_Ribosome,0.004683157666566,0.005275901596858,0.004347147691389,0.005343678072481,0.004932192770318,0.003913179020402,0.004736218073629,0.004581781789816,0.004632642825854,0.005209474358865,0.003013232787974,0.003746617698378,0.003458065365522,0.002922690030934,0.005019778795284,0.002620294684076,0.005412611312189,0.003595623135111,0.002688215741741,0.004391933553567,0.004302830465598,0.00321677763293,0.002838603142117,0.004484934157949,0.004846745940763,0.002760938365218
YGL037C,24985.5,YGL037C_translation_Ribosome,0,0,0,0,0,0,0,0,0,0,0,0,0,0,0,0,0,0,0,0,0,0,0,0,0,0
YGL040C,37733.6,YGL040C_translation_Ribosome,0,0,0,0,0,0,0,0,0,0,0,0,0,0,0,0,0,0,0,0,0,0,0,0,0,0
YGL048C,45280.4,YGL048C_translation_Ribosome,0.00045592440447,0.000479916179209,0.00044258057679,0.000482682661157,0.000465946969329,0.000425754955488,0.000458046233469,0.000451866520047,0.000453917154995,0.000477205812176,0.000392878478396,0.000419440879453,0.000408715127524,0.000389727996357,0.000469533667811,0.000379469544868,0.000485497270279,0.000413796499119,0.000381742272899,0.000444343767143,0.000440836250848,0.000400091469339,0.000386824311844,0.000448022161475,0.000462503693852,0.00038419178695
YGL049C,103900.1,YGL049C_translation_Ribosome,0.004705603772735,0.005596072369815,0.004214317689729,0.005705419809807,0.005057012503991,0.003628805017704,0.004768568936494,0.004557651013637,0.004617339140712,0.005493412118451,0.002468002980896,0.003396770328843,0.00300433682898,0.002357494951068,0.005199526473297,0.001996906740388,0.005819127302146,0.003189812572559,0.002078384780294,0.004280889387106,0.004160487972331,0.002723997573765,0.002257364889365,0.004408961074733,0.004926071747871,0.002156134830755
YGL050W,30808.6,YGL050W_translation_Ribosome,0,0,0,0,0,0,0,0,0,0,0,0,0,0,0,0,0,0,0,0,0,0,0,0,0,0
YGL055W,58412.6,YGL055W_translation_Ribosome,0.00032338612044,9.14102277151852E-05,0.000452377007621,6.43169704511404E-05,0.000227068927649,0.000614928342368,0.000302995517701,0.000362682204375,0.00034338360884,0.000117693867807,0.0009397011701,0.000676372256804,0.000781419434905,0.000971325315491,0.00019205640666,0.001076101528929,3.63833388337976E-05,0.000731591286777,0.001052760364953,0.000435332872912,0.000468915432775,0.000867633106095,0.001000442205364,0.000399968020409,0.000260560462852,0.001027668651441
YGL062W,130079.8,YGL062W_translation_Ribosome,0,0,0,0,0,0,0,0,0,0,0,0,0,0,0,0,0,0,0,0,0,0,0,0,0,0
YGL063W,41900.9,YGL063W_translation_Ribosome,0,0,0,0,0,0,0,0,0,0,0,0,0,0,0,0,0,0,0,0,0,0,0,0,0,0
YGL067W,43512.9,YGL067W_translation_Ribosome,0,0,0,0,0,0,0,0,0,0,0,0,0,0,0,0,0,0,0,0,0,0,0,0,0,0
YGL068W,20654.2,YGL068W_translation_Ribosome,3.98987029445662E-06,5.11907276707268E-07,7.24389365673241E-06,3.05106469985153E-07,2.17452346319491E-06,1.26744805624754E-05,3.56155431021935E-06,4.88191180175361E-06,4.43343951563141E-06,7.52601384520129E-07,2.7913184894028E-05,1.51116070939623E-05,1.97617916033543E-05,2.97051614442568E-05,1.64546490445489E-06,3.60221077867061E-05,1.36129340802145E-07,1.74783155587774E-05,3.45646562144753E-05,6.76002739682893E-06,7.727477751748E-06,2.40297810862605E-05,3.13947754268492E-05,5.80887142135476E-06,2.74674801799965E-06,3.30282645284605E-05
YGL076C,27662.7,YGL076C_translation_Ribosome,0,0,0,0,0,0,0,0,0,0,0,0,0,0,0,0,0,0,0,0,0,0,0,0,0,0
YGL077C,62052.5,YGL077C_translation_Ribosome,3.01690437551249E-08,3.0169078349142E-08,3.01690460758643E-08,3.01690362163916E-08,3.01690805392585E-08,3.01690630442348E-08,3.01690322178717E-08,3.01690685529E-08,3.0169069659023E-08,3.01690318977877E-08,3.01690737894671E-08,3.01690488464013E-08,3.016907392362E-08,3.01690755960162E-08,3.01690624855244E-08,3.01690540192189E-08,3.01690478025644E-08,3.01690389758963E-08,3.0169059995238E-08,3.01690334325561E-08,3.01690503397944E-08,3.01690416737779E-08,3.01690416346381E-08,3.01690337209097E-08,3.01690670648517E-08,3.0169067567842E-08
YGL078C,58840.3,YGL078C_translation_Ribosome,0.00024820525452,0.00032114503787,0.00021102909495,0.000330084468884,0.000277706635078,0.000167465802227,0.000254349407557,0.000236670415957,0.00024242378412,0.000312502933295,9.30964256661524E-05,0.000152077573577,0.000127165262325,8.68019892383758E-05,0.000288470254715,6.73539933951304E-05,0.000339306194434,0.000138764689515,7.15114928582238E-05,0.000215810071076,0.000206349929952,0.000108039481505,8.11507477619229E-05,0.000225906363466,0.000267393345753,7.60978802208162E-05
YGL080W,15002.5,YGL080W_translation_Ribosome,3.87197655133592E-05,1.030985771405E-05,5.44568011077853E-05,6.9782040387216E-06,2.69419656475684E-05,7.42496963339212E-05,3.62280756178017E-05,4.35230429299507E-05,4.11618567616871E-05,1.35444538619828E-05,0.000113465161762,8.16949935451086E-05,9.43900578762497E-05,0.000117262529683,2.26529259384363E-05,0.000129828323145,3.56300162408355E-06,8.83724171292758E-05,0.000127032850765,5.23810297110117E-05,5.64660646791843E-05,0.000104785210093,0.000120759054884,4.80702772246056E-05,3.10412955658945E-05,0.000124025377141
YGL084C,65359.4,YGL084C_translation_Ribosome,0,0,0,0,0,0,0,0,0,0,0,0,0,0,0,0,0,0,0,0,0,0,0,0,0,0
YGL092W,145645.6,YGL092W_translation_Ribosome,0,0,0,0,0,0,0,0,0,0,0,0,0,0,0,0,0,0,0,0,0,0,0,0,0,0
YGL099W,72736.4,YGL099W_translation_Ribosome,0.000306822988239,0.000396988695375,0.00026086707005,0.000408039319353,0.000343291602722,0.000207015592665,0.000314418183589,0.000292564008736,0.000299676128967,0.000386305616343,0.00011508267048,0.000187993181931,0.000157197420587,0.000107301699856,0.000356597227326,8.3260741450767E-05,0.000419438906342,0.000171536242378,8.84001024660464E-05,0.000266777151948,0.000255082843646,0.000133554773557,0.0001003158252,0.000279257849053,0.000330542661305,9.40696402787438E-05
YGL100W,39110.1,YGL100W_translation_Ribosome,0,0,0,0,0,0,0,0,0,0,0,0,0,0,0,0,0,0,0,0,0,0,0,0,0,0
YGL103W,16741.9,YGL103W_translation_Ribosome,0.004442937215627,0.005005276614539,0.004124162719907,0.00506957652655,0.00467919817655,0.003712454275301,0.004493275913146,0.004346761368549,0.004395013510785,0.004942256731626,0.002858670377171,0.003554436640835,0.003280685469173,0.002772771969836,0.004762291516043,0.002485887855304,0.005134973866955,0.003411187275287,0.002550324933086,0.004166651311573,0.004082118726136,0.003051774481516,0.002692998279888,0.004254881492084,0.004598134303407,0.002619317282536
YGL111W,51908,YGL111W_translation_Ribosome,0.000218962825676,0.000283309171193,0.000186166594335,0.000291195398576,0.000244988486014,0.000147735733196,0.000224383102185,0.000208786970011,0.000213862502165,0.000275685240583,8.21282227228386E-05,0.000134160476566,0.000112183221988,7.65753685379852E-05,0.000254483984306,5.94186482590067E-05,0.00029933066182,0.000122416056739,6.30863297992139E-05,0.000190384297317,0.000182038707552,9.53107548049643E-05,7.15899309627227E-05,0.000199291089862,0.000235890262139,6.71323695919654E-05
YGL119W,56759.4,YGL119W_translation_Ribosome,0,0,0,0,0,0,0,0,0,0,0,0,0,0,0,0,0,0,0,0,0,0,0,0,0,0
YGL120C,87549.7,YGL120C_translation_Ribosome,0.000369309734513,0.000477838347561,0.000313994557371,0.000491139511958,0.00041320544914,0.000249175832638,0.000378451746962,0.000352146809516,0.000360707365064,0.000464979581326,0.000138520098268,0.00022627936879,0.000189211825347,0.000129154476052,0.000429220861539,0.000100217400583,0.000504860708236,0.000206470853099,0.000106403430069,0.000321108270686,0.000307032330942,0.000160754180279,0.000120745876913,0.000336130753065,0.000397860092532,0.000113227610736
YGL123w,27470.3,YGL123w_translation_Ribosome,0.007290021932662,0.008212714816381,0.006766973113246,0.008318218843577,0.00767768160539,0.006091437213148,0.007372618240277,0.007132215508542,0.007211388172508,0.008109311075493,0.00469053887922,0.00583216008068,0.005382986043628,0.00454959579516,0.00781402210222,0.004078873076028,0.008425523543768,0.005597114891876,0.004184602166381,0.006836688877864,0.006697986849914,0.005007386290659,0.004418702217072,0.006981457961881,0.007544671080038,0.004297805598316
YGL125W,68543.7,YGL125W_translation_Ribosome,3.2084941945204E-06,7.61868037100848E-07,4.59197054738975E-06,4.80168361215766E-07,2.18542741837154E-06,6.36692342749589E-06,2.99176124660924E-06,3.62453256616275E-06,3.42258662584994E-06,1.03604222093682E-06,1.00360903178824E-05,7.04813854148107E-06,8.22317466174118E-06,1.04012584740994E-05,0,1.16187320971261E-05,1.89035670659874E-07,7.66491403751722E-06,6.35570085556569E-06,4.4070670524593E-06,4.77121272398428E-06,0,0,4.02575761512407E-06,2.54028178206965E-06,1.10535643301887E-05
YGL129C,50893.5,YGL129C_translation_Ribosome,9.83134005824133E-06,1.2613779757677E-06,1.78494980110056E-05,7.51805256567157E-07,5.3581891273499E-06,3.12308720021276E-05,8.77593730510737E-06,1.20293973275434E-05,1.09243279327588E-05,1.85446633435694E-06,6.87801839531047E-05,3.72361348121241E-05,4.8694538687788E-05,7.31957487563441E-05,4.05454910453443E-06,8.876117896809E-05,3.35432919508574E-07,4.30678822172071E-05,8.51699088345905E-05,1.66572152066172E-05,1.90410855399186E-05,5.92111853140571E-05,7.73590845051539E-05,1.43134954480308E-05,6.76819340638056E-06,8.13841243320587E-05
YGL135W,24502.1,YGL135W_translation_Ribosome,0,0,0,0,0,0,0,0,0,0,0,0,0,0,0,0,0,0,0,0,0,0,0,0,0,0
YGL141W,105556.4,YGL141W_translation_Ribosome,0.001062838199486,0.001118767152655,0.001031731442211,0.001125216297871,0.001086202521913,0.000992508025182,0.001067784547808,0.001053378572996,0.001058158955741,0.001112448820955,0.000915867302783,0.000977788828013,0.000952785255585,0.000908522987311,0.001094563732938,0.000884608772579,0.001131777635808,0.000964630806698,0.000889906892497,0.001035841742168,0.001027665118439,0.000932682025206,0.000901753999317,0.001044416711989,0.001078175654581,0.000895617131033
YGL142C,72570,YGL142C_translation_Ribosome,0,0,0,0,0,0,0,0,0,0,0,0,0,0,0,0,0,0,0,0,0,0,0,0,0,0
YGL143C,46775.7,YGL143C_translation_Ribosome,0,0,0,0,0,0,0,0,0,0,0,0,0,0,0,0,0,0,0,0,0,0,0,0,0,0
YGL147C,21580.3,YGL147C_translation_Ribosome,0.005726943656,0.006451798835541,0.005316043504286,0.006534681387172,0.006031483906211,0.004785351542972,0.005791830209741,0.005602973041393,0.005665170026507,0.00637056624072,0.003684824562354,0.004581666898035,0.004228801786559,0.003574101561988,0.006138591175653,0.003204308094291,0.006618978523408,0.004397018543706,0.003287367452527,0.005370811275849,0.005261848819168,0.003933735647892,0.003471273319006,0.005484539930571,0.005926992617792,0.003376298553468
YGL148W,40839.9,YGL148W_translation_Ribosome,0.003269775238971,0.000746172583589,0.004718690146937,0.000457316644802,0.002210070139579,0.006588718678347,0.003044476767992,0.003708359878019,0.003493447029377,0.001025410424116,0.010458699645782,0.007307796160077,0.008553852517308,0.010845621853145,0.001828997505243,0.012140415187281,0.000161605589749,0.007959663567667,0.011850360352966,0.004525558491073,0.004906684065469,0.009583603568166,0.011203518069087,0.004126326224541,0.00257703416981,0.011539447416968
YGL154C,30671.4,YGL154C_translation_Ribosome,1.17373488938425E-05,3.21464668369056E-06,1.62578301593368E-05,2.17876624576494E-06,8.26444667444051E-06,2.17111000127406E-05,1.10117539331883E-05,1.31396342962621E-05,1.24580388660958E-05,4.20258000360561E-06,3.1799443839623E-05,2.36999313819169E-05,2.70042461251655E-05,3.27226978207433E-05,6.98182718466503E-06,3.57063467575957E-05,1.1066459816792E-06,2.54547963096751E-05,3.50518207111381E-05,1.5671756858507E-05,1.68235882467423E-05,2.96559907943751E-05,3.35622202474872E-05,1.44472289812739E-05,9.4904997610321E-06,3.43411566925972E-05
YGL164C,50268.5,YGL164C_translation_Ribosome,0,0,0,0,0,0,0,0,0,0,0,0,0,0,0,0,0,0,0,0,0,0,0,0,0,0
YGL171W,63670.5,YGL171W_translation_Ribosome,0.000268580422906,0.000347507832789,0.00022835247254,0.000357181101661,0.00030050357168,0.000181213069285,0.000275228949442,0.00025609868949,0.000262324351623,0.000338156297883,0.00010073871089,0.000164561621006,0.000137604258218,9.39275642000807E-05,0.000312150776812,7.28830824530917E-05,0.000367159838626,0.000150155882342,7.73818710310712E-05,0.000233525918978,0.000223289194906,0.000116908442125,8.78124123326277E-05,0.000244451015972,0.000289343664474,8.23447549145649E-05
YGL172W,49138.7,YGL172W_translation_Ribosome,0,0,0,0,0,0,0,0,0,0,0,0,0,0,0,0,0,0,0,0,0,0,0,0,0,0
YGL173C,175458.4,YGL173C_translation_Ribosome,0.00074013383395,0.000957636084665,0.000629276658231,0.000984292955258,0.000828105258812,0.000499373417766,0.000758455345926,0.000705737606899,0.000722893820794,0.000931865824464,0.000277608202084,0.000453486602478,0.000379199519089,0.000258838553654,0.000860201755257,0.000200845745428,0.001011791611964,0.000413788345721,0.000213243170387,0.000643533254841,0.000615323656568,0.000322167537583,0.000241986875681,0.000673639819709,0.000797351621532,0.000226919514464
YGL184C,51832.1,YGL184C_translation_Ribosome,0,0,0,0,0,0,0,0,0,0,0,0,0,0,0,0,0,0,0,0,0,0,0,0,0,0
YGL186C,64557.9,YGL186C_translation_Ribosome,0,0,0,0,0,0,0,0,0,0,0,0,0,0,0,0,0,0,0,0,0,0,0,0,0,0
YGL187C,17141.8,YGL187C_translation_Ribosome,5.14804006992624E-06,1.40064020810995E-06,7.21631583270713E-06,9.59754861986113E-07,3.59744681961795E-06,9.79981485630409E-06,4.8199990054864E-06,5.78029169178951E-06,5.47020891450812E-06,1.82786712517935E-06,1.48749288133611E-05,1.07683973081903E-05,1.24147892026834E-05,1.53628783769511E-05,3.03207091427805E-06,1.69720550478718E-05,5.06310883655041E-07,1.16352716110888E-05,1.66146935614513E-05,6.94411594179619E-06,7.47991565270319E-06,1.37584688193844E-05,1.58113553688592E-05,6.37817841440063E-06,4.13775348489654E-06,1.62297188313108E-05
YGL189C,13527.3,YGL189C_translation_Ribosome,0.003589852083512,0.00404421710486,0.003332285246059,0.004096170837694,0.003780748749762,0.002999628639419,0.00363052528446,0.003512142890638,0.00355113017426,0.00399329762367,0.002309779164438,0.002871951855618,0.00265076344663,0.002240374047603,0.003847887397784,0.002008574342521,0.004149011282498,0.002756207696198,0.002060638904027,0.00336661563425,0.003298314088846,0.002465805490644,0.002175917645639,0.003437904802195,0.003715249891738,0.002116384082813
YGL191W,15022.3,YGL191W_translation_Ribosome,4.51151001309389E-06,1.22745787480253E-06,6.32405356110072E-06,8.41085852315042E-07,3.15264005870718E-06,8.58811552554906E-06,4.22402962700057E-06,5.06558680427782E-06,4.79384425068635E-06,1.60186026640036E-06,1.30357163840993E-05,9.43693747930945E-06,1.08797610425668E-05,1.34633333630116E-05,2.65717012773216E-06,1.48735431836589E-05,4.43708011266677E-07,1.01966270008551E-05,1.45603677028194E-05,6.0855098596673E-06,6.55506054846067E-06,1.20573012253928E-05,1.38563583612931E-05,5.58954774846577E-06,3.62614043893648E-06,1.42229932212253E-05
YGL202W,56169.2,YGL202W_translation_Ribosome,4.278634621099E-06,1.21377385046836E-06,5.96792558558452E-06,8.5744432434158E-07,2.99969220352107E-06,8.12146407623211E-06,4.00887995998172E-06,4.79076935644006E-06,4.5404359997329E-06,1.55492218283982E-06,1.25492044428938E-05,8.94953051468217E-06,1.03765901574562E-05,1.29873352502946E-05,2.53774862852723E-06,1.44451365070136E-05,4.94322147294241E-07,9.69735224700874E-06,1.41193145500069E-05,5.74386517857788E-06,6.18723738711998E-06,1.15548615648541E-05,1.33922129020286E-05,5.27830036358051E-06,3.44449469702594E-06,1.37705592983926E-05
YGL205W,84050,YGL205W_translation_Ribosome,0,0,0,0,0,0,0,0,0,0,0,0,0,0,0,0,0,0,0,0,0,0,0,0,0,0
YGL224C,31963,YGL224C_translation_Ribosome,0,0,0,0,0,0,0,0,0,0,0,0,0,0,0,0,0,0,0,0,0,0,0,0,0,0
YGL225W,37030,YGL225W_translation_Ribosome,0,0,0,0,0,0,0,0,0,0,0,0,0,0,0,0,0,0,0,0,0,0,0,0,0,0
YGL232W,33555.7,YGL232W_translation_Ribosome,0,0,0,0,0,0,0,0,0,0,0,0,0,0,0,0,0,0,0,0,0,0,0,0,0,0
YGL234W,86041.7,YGL234W_translation_Ribosome,0.000171545546318,4.84900756750792E-05,0.000239970907868,3.41180067298933E-05,0.000120452489403,0.000326198967024,0.000160729011947,0.000192390807634,0.000182153546648,6.24326697251873E-05,0.000498480115289,0.000358792913405,0.000414516936229,0.000515255669201,0.000101879515297,0.000570835954314,1.9300147231603E-05,0.000388084766286,0.00055845424566,0.000230929563124,0.000248743990567,0.000460250412064,0.000530701207723,0.000212169688907,0.000138218631307,0.000545143928888
YGL245W,80843.6,YGL245W_translation_Ribosome,0,0,0,0,0,0,0,0,0,0,0,0,0,0,0,0,0,0,0,0,0,0,0,0,0,0
YGL246C,44505.9,YGL246C_translation_Ribosome,0.000187738645744,0.000242909178589,0.000159619169122,0.00024967082703,0.000210053037291,0.000126668562997,0.000192385988817,0.00017901387086,0.000183365630251,0.000236372423304,7.04167077845493E-05,0.000115029142983,9.61858530377299E-05,6.56556926603744E-05,0.000218194474014,5.09455270391948E-05,0.000256645998726,0.000104959481768,5.40901958351474E-05,0.000163235426099,0.000156079920522,8.17194059157406E-05,6.13811803273839E-05,0.000170872106733,0.000202252223506,5.75592688568825E-05
YGL248W,42006.4,YGL248W_translation_Ribosome,0,0,0,0,0,0,0,0,0,0,0,0,0,0,0,0,0,0,0,0,0,0,0,0,0,0
YGL253W,53930.9,YGL253W_translation_Ribosome,0,0,0,0,0,0,0,0,0,0,0,0,0,0,0,0,0,0,0,0,0,0,0,0,0,0
YGL256W,41133.5,YGL256W_translation_Ribosome,0,0,0,0,0,0,0,0,0,0,0,0,0,0,0,0,6.79294214889642E-07,0,0,0,0,0,0,0,0,0
YGR007W,36856.2,YGR007W_translation_Ribosome,0,0,0,0,0,0,0,0,0,0,0,0,0,0,0,0,0,0,0,0,0,0,0,0,0,0
YGR010W,44897.5,YGR010W_translation_Ribosome,0,0,0,0,0,0,0,0,0,0,0,0,0,0,0,0,0,0,0,0,0,0,0,0,0,0
YGR019W,52942.7,YGR019W_translation_Ribosome,0,0,0,0,0,0,0,0,0,0,0,0,0,0,0,0,0,0,0,0,0,0,0,0,0,0
YGR020C,13454.3,YGR020C_translation_Ribosome,0,0,0,0,0,0,0,0,0,0,0,0,0,0,0,0,0,0,0,0,0,0,0,0,0,0
YGR024C,27760.1,YGR024C_translation_Ribosome,0,0,0,0,0,0,0,0,0,0,0,0,0,0,0,0,0,0,0,0,0,0,0,0,0,0
YGR027C,12055.5,YGR027C_translation_Ribosome,0.003199268279167,0.003604197386592,0.002969725280275,0.003650498438996,0.003369394968157,0.00267326244428,0.003235516146371,0.003130014017438,0.003164759398829,0.003558818056978,0.002058470109843,0.002559477175445,0.002362354551969,0.001996616422411,0.00342922878357,0.0017900370352,0.003697589727156,0.002456326235207,0.001836436857872,0.003000320446704,0.002939450259704,0.0021975204285,0.001939173018784,0.003063853196341,0.003311022529983,0.001886116838567
YGR030C,18216.2,YGR030C_translation_Ribosome,0,0,0,0,0,0,0,0,0,0,0,0,0,0,0,0,0,0,0,0,0,0,0,0,0,0
YGR032W,216982.7,YGR032W_translation_Ribosome,0.010639979641094,0.003007559386139,0.014884009692897,0.002116142941587,0.007470972359684,0.020232238274842,0.009969092474641,0.011932890828717,0.011297932645256,0.003872337982971,0.030917843056969,0.022253852553723,0.025710091908782,0.031958333795001,0.00631899802633,0.035405657929792,0.001197076683253,0.024070657040906,0.034637692040721,0.014323227288091,0.015428153352184,0.028546675324921,0.032916331358534,0.013159660620096,0.008572903550241,0.033812129952366
YGR033C,27228,YGR033C_translation_Ribosome,1.20088423539578E-05,1.84849650727928E-06,2.09723381293798E-05,1.15072143040681E-06,6.87165286773177E-06,3.57195607543741E-05,1.08104299147259E-05,1.44860022463508E-05,1.32427105149051E-05,2.623706157004E-06,7.70325888536821E-05,4.23127382650981E-05,5.48944919580896E-05,8.1913104386978E-05,5.32948818690177E-06,9.91798611518188E-05,5.42358471155815E-07,4.8715985542421E-05,9.51873710932132E-05,1.96499808452914E-05,2.22930266568055E-05,6.64786186894948E-05,8.65301357475834E-05,1.7041137330937E-05,8.50944420538871E-06,9.09861511801657E-05
YGR034W,14252,YGR034W_translation_Ribosome,0.003782171748554,0.004260878532927,0.003510806245654,0.004315615590607,0.003983295349523,0.003160328178498,0.003825023940781,0.003700299429848,0.003741375384855,0.004207231135005,0.002433521297788,0.003025811347887,0.002792773180263,0.002360397930588,0.00405403082605,0.002116179986369,0.004371286864205,0.002903866409869,0.002171033810161,0.003546975820698,0.003475015146721,0.002597906444941,0.002292488396476,0.003622084173552,0.003914287511702,0.002229765433475
YGR055W,63222.6,YGR055W_translation_Ribosome,0,0,0,0,0,0,0,0,0,0,0,0,0,0,0,0,0,0,0,0,0,0,0,0,0,0
YGR060W,36481.4,YGR060W_translation_Ribosome,1.47593790140663E-06,4.17197310377361E-07,2.06465376548332E-06,2.93543378618873E-07,1.0363451470745E-06,2.80653989080927E-06,1.38287496050479E-06,1.65528567173457E-06,1.56720666403054E-06,5.37156140228765E-07,4.28880673993748E-06,3.08697060937018E-06,3.56640711512839E-06,4.4331396962143E-06,8.76547606346239E-07,4.91133951619525E-06,1.66053968832713E-07,3.33899088502199E-06,4.80481018052898E-06,1.98686414241865E-06,2.14013532443762E-06,3.959887282911E-06,4.5660295100268E-06,1.82545855669045E-06,1.18920089151634E-06,4.69029131702846E-06
YGR061C,148864.3,YGR061C_translation_Ribosome,0.00148399030432,0.000419473450068,0.002075918076794,0.000295144888787,0.001041999225525,0.002821851774847,0.001390419631829,0.001664316557894,0.001575757009879,0.000540086749751,0.004312205556279,0.003103812463696,0.003585864672941,0.004457325962431,0.00088132986344,0.004938134738807,0.00016695992393,0.003357207708308,0.004831024201769,0.00199770405011,0.002151811447061,0.003981491584734,0.004590940794773,0.001835417869875,0.001195688918422,0.004715880547725
YGR065C,69098.4,YGR065C_translation_Ribosome,0,0,0,0,0,0,0,0,0,0,0,0,0,0,0,0,0,0,0,0,0,0,0,0,0,0
YGR076C,18608.2,YGR076C_translation_Ribosome,3.59463471900668E-06,4.61197867088736E-07,6.52631532294681E-06,2.7488269769721E-07,1.95911570081744E-06,1.14189496181239E-05,3.20874761140222E-06,4.39831081278343E-06,3.99426408162855E-06,6.78048875455232E-07,2.51481116259672E-05,1.36146549915209E-05,1.78041933608437E-05,2.67625754174463E-05,1.48246555349893E-06,3.24537666003323E-05,1.22644401599407E-07,1.57469178947062E-05,3.11406898243553E-05,6.09038073639609E-06,6.96199569579442E-06,2.16493968495198E-05,2.82848166522013E-05,5.23344603920043E-06,2.47465583118887E-06,2.9756492722957E-05
YGR078C,23104.3,YGR078C_translation_Ribosome,3.97239801826718E-05,1.83991994772498E-05,4.24228304551958E-05,1.59334445558433E-05,3.10029787055032E-05,5.48511826908334E-05,3.7862292305567E-05,3.47492425496981E-05,4.21499317263821E-05,2.07747391811563E-05,8.30300115209172E-05,6.07034700604569E-05,7.10755589821656E-05,8.68476524141202E-05,2.80311844787704E-05,0.00010012998885,1.34033338541323E-05,6.60337951508935E-05,9.71254655395897E-05,4.09486804954851E-05,4.39032555689907E-05,8.35262819449882E-05,9.04407852498718E-05,3.78866442609211E-05,3.41863053292598E-05,9.38371660433162E-05
YGR081C,24083.8,YGR081C_translation_Ribosome,0.000101592373064,0.000131447203074,8.63758770255471E-05,0.000135106182866,0.000113667521374,6.85450768888743E-05,0.00010410722348,9.68710724424502E-05,9.92259715194479E-05,0.000127909921345,3.81051030749075E-05,6.22465532385798E-05,5.20497472782278E-05,3.55287404792157E-05,0.000118073155992,2.75685220185764E-05,0.000138880708044,5.67974845358531E-05,2.92702194193247E-05,8.83327683539062E-05,8.44606577972145E-05,4.42214139741812E-05,3.32156426624031E-05,9.24652606538647E-05,0.000109446210513,3.11474640282611E-05
YGR082W,20315.4,YGR082W_translation_Ribosome,8.95971843764195E-06,1.379157831574E-06,1.56473532803055E-05,8.58550505504412E-07,5.12692618164836E-06,2.66502184653188E-05,8.06559273598655E-06,1.08079323471113E-05,9.88029727710497E-06,1.95753795429783E-06,5.74734080829361E-05,3.15692888367972E-05,4.09563442011593E-05,6.11147245760212E-05,3.97631991927217E-06,7.39976597053517E-05,4.04650675491913E-07,3.63467248107404E-05,7.10187754642981E-05,1.46607565353083E-05,1.66327472600874E-05,4.95992919297421E-05,6.4559811089579E-05,1.27143011161103E-05,6.34884582309608E-06,6.78842616965021E-05
YGR083C,70873.3,YGR083C_translation_Ribosome,0.003209830095122,0.00381724479464,0.002874709474962,0.003891833884726,0.00344953627859,0.002475314139845,0.003252780476696,0.003108907186661,0.003149622205575,0.003747217231693,0.001683497086778,0.002317036485501,0.002049346106321,0.001608116324388,0.003546749229307,0.001362148549265,0.003969397094163,0.002175864541023,0.001417727105645,0.002920119978702,0.0028379906488,0.001858118493098,0.001539814677882,0.003007481426273,0.003360217755405,0.001470762691283
YGR084C,38999.5,YGR084C_translation_Ribosome,7.53371936694043E-06,9.66589257291257E-07,1.36780040217358E-05,5.76105575436762E-07,4.1059604246531E-06,2.39321012044166E-05,6.72496815763378E-06,9.21808248745968E-06,8.37127191514885E-06,1.42107066338046E-06,5.27059994710347E-05,2.85339117884491E-05,3.7314444114757E-05,5.60896303776129E-05,3.10698591769657E-06,6.80173617292194E-05,2.57041000213674E-07,3.30027581622401E-05,6.52653847661217E-05,1.27643621376103E-05,1.45911131188473E-05,4.53733113591239E-05,5.92799790967167E-05,1.09683783926332E-05,5.18644146604456E-06,6.23643521645814E-05
YGR085C,19762,YGR085C_translation_Ribosome,0.005244406265431,0.005908187031133,0.004868127492745,0.00598408611434,0.005523286745529,0.00438215025705,0.005303825646766,0.005130881092664,0.005187837521436,0.005833798883663,0.003374350820018,0.004195627551006,0.003872493936876,0.003272957051942,0.005621369434774,0.002934321420897,0.006061280592929,0.00402653718719,0.003010382413444,0.004918280674195,0.004818499110967,0.003602289304303,0.003178792849506,0.005022426848003,0.005427599621544,0.003091820410914
YGR087C,61571.8,YGR087C_translation_Ribosome,0,0,0,0,0,0,0,0,0,0,0,0,0,0,0,0,0,0,0,0,0,0,0,0,0,0
YGR088W,64575.9,YGR088W_translation_Ribosome,0,0,0,0,0,0,0,0,0,0,0,0,0,0,0,0,0,0,0,0,0,0,0,0,0,0
YGR090W,140495.8,YGR090W_translation_Ribosome,0.000592651563606,0.000766813374703,0.000503884268405,0.000788158481916,0.000663093421695,0.000399866109732,0.000607322251828,0.000565109277592,0.00057884687007,0.000746178208058,0.000222290790514,0.000363122899812,0.000303638582103,0.000207261263448,0.000688794231375,0.000160824353126,0.000810177637299,0.000331335089473,0.000170751413543,0.000515300033886,0.000492711602228,0.000257971040012,0.000193767523745,0.000539407434366,0.000638467887251,0.000181702550122
YGR094W,125764.8,YGR094W_translation_Ribosome,0,0,0,0,0,0,0,0,0,0,0,0,0,0,0,0,0,0,0,0,0,0,0,0,0,0
YGR096W,35154.3,YGR096W_translation_Ribosome,0,0,0,0,0,0,0,0,0,0,0,0,0,0,0,0,0,0,0,0,0,0,0,0,0,0
YGR103W,69865.8,YGR103W_translation_Ribosome,0.000294713974458,0.000381321220095,0.000250571743209,0.00039193572239,0.000329743326003,0.0001988455573,0.000302009419369,0.000281017736946,0.000287849171683,0.000371059757292,0.000110540841163,0.000180573881167,0.00015099349909,0.000103066952747,0.000342523833527,7.99747899270653E-05,0.000402885415592,0.000164766427851,8.49113219635878E-05,0.000256248579014,0.00024501579591,0.00012828392797,9.63567812024234E-05,0.00026823671546,0.00031749753172,9.03571069476447E-05
YGR110W,52063.3,YGR110W_translation_Ribosome,0,0,0,0,0,0,0,0,0,0,0,0,0,0,0,0,0,0,0,0,0,0,0,0,0,0
YGR118W,16061.2,YGR118W_translation_Ribosome,0.004262294196455,0.004801769737093,0.003956480583265,0.004863455313209,0.002277578243642,0.003561511573147,0.004310586199668,0.004170028711947,0.004216318996017,0.004741312146052,0.002742441220042,0.003409918693564,0.003147297825066,0.002660035310325,0.00456866404037,0.002384815464291,0.004926193697963,0.003272493627714,0.002446632629228,0.003997241653901,0.003916146033856,0.002927694007402,0.002583505096371,0.004081884530469,0.004411181208458,0.002512819855468
YGR119C,57512.4,YGR119C_translation_Ribosome,0,0,0,0,0,0,0,0,0,0,0,0,0,0,0,0,0,0,0,0,0,0,0,0,0,0
YGR121C,54192.5,YGR121C_translation_Ribosome,0,0,0,0,0,0,0,0,0,0,0,0,0,0,0,0,0,0,0,0,0,0,0,0,0,0
YGR124W,64574.7,YGR124W_translation_Ribosome,0.000130723139014,2.98767186930041E-05,0.00018711799681,0,8.90491336422621E-05,0.00025785251981,0.000121937942879,0.000147928493521,0.000139456755311,4.14929934934007E-05,0,0.000284786018994,0,0,7.35764879257522E-05,0,5.91556539124219E-06,0,0,0.000179666011148,0.000194365461527,0,0,0.000164222923379,0.000103450790949,0
YGR128C,80168.5,YGR128C_translation_Ribosome,0.000338173716773,0.000437552425267,0.000287522089426,0.000449732185997,0.000378368641462,0.00022816814608,0.000346544978182,0.000322457775397,0.000330296601772,0.000425777764693,0.000126841651063,0.00020720205297,0.000173259625336,0.000118265632131,0.000393033815516,9.17682034166636E-05,0.000462296566273,0.00018906356717,9.74326968965916E-05,0.000294036054932,0.000281146839146,0.000147201206877,0.000110565950921,0.00030779201159,0.000364317031677,0.000103681539871
YGR135W,28706.5,YGR135W_translation_Ribosome,0.000289043248667,0.000304253359036,0.000280583637239,0.000306007230777,0.000295397272883,0.000269916666587,0.000290388428571,0.000286470664078,0.000287770708957,0.000302535062571,0.000249073904826,0.000265913719977,0.000259113894936,0.000247076587827,0.000297671138837,0.000240573018121,0.000307791613794,0.000262335341604,0.000242013863768,0.000281701450329,0.000279477783654,0.000253646738204,0.000245235733517,0.000284033448874,0.000293214333079,0.000243566786779
YGR138C,67588.1,YGR138C_translation_Ribosome,0,0,0,0,0,0,0,0,0,0,0,0,0,0,0,0,0,0,0,0,0,0,0,0,0,0
YGR143W,86200.7,YGR143W_translation_Ribosome,0,0,0,0,0,0,0,0,0,0,0,0,0,0,0,0,0,0,0,0,0,0,0,0,0,0
YGR148C,17581,YGR148C_translation_Ribosome,0,0,0,0,0,0,0,0,0,0,0,0,0,0,0,0,0,0,0,0,0,0,0,0,0,0
YGR155W,56019.3,YGR155W_translation_Ribosome,0,0,0,0,0,0,0,0,0,0,0,0,0,0,0,0,0,0,0,0,0,0,0,0,0,0
YGR157W,101210.2,YGR157W_translation_Ribosome,3.72477380615685E-07,9.05307018966558E-08,0,4.72977002881097E-10,2.62874740363677E-07,3.07699160008801E-07,3.57105546063565E-07,4.33977242518848E-08,2.23658100501871E-07,1.05450863307843E-07,0,4.4366602823855E-07,9.67134820879563E-07,0,4.98257339524326E-09,0,0,4.77078745158089E-07,0,0,0,0,1.20555267372857E-06,4.82529901576959E-07,0,0
YGR159C,44513.6,YGR159C_translation_Ribosome,0.000187771126551,0.000242951204493,0.000159646784958,0.000249714022772,0.000210089378728,0.000126690478023,0.000192419273665,0.000179044842187,0.00018339735448,0.000236413318279,7.04288906333388E-05,0.000115049044264,9.62024942261653E-05,6.56670518022744E-05,0.000218232224008,5.09543411640232E-05,0.000256690401248,0.000104977640889,5.40995540215436E-05,0.000163263667586,0.000156106924029,8.17335442530296E-05,6.13917999326165E-05,0.000170901669448,0.000202287215318,5.75692272302711E-05
YGR162W,107088.7,YGR162W_translation_Ribosome,0.009700028984327,0.011535621528553,0.008687302568142,0.011761027956402,0.010424415278448,0.007480339516506,0.009829823999582,0.009395042393685,0.009518082196995,0.011323999925489,0.005087487515801,0.007002028269739,0.006193074412393,0.004859688673379,0.010718190466437,0.004116380000585,0.011995422101063,0.00657541006484,0.00428433705495,0.008824532013135,0.008576339162763,0.005615189186106,0.004653282748096,0.009088536196669,0.0101544968597,0.004444609313183
YGR165W,39597.8,YGR165W_translation_Ribosome,7.64929583067049E-06,9.81417917982737E-07,1.38878413223731E-05,5.84943739151266E-07,4.16895087637863E-06,2.42992488896587E-05,6.82813738925758E-06,9.3594991402949E-06,8.49969745872847E-06,1.44287162436459E-06,5.35145739266949E-05,2.89716568729509E-05,3.78868932977942E-05,5.69501138672711E-05,3.15465087941551E-06,6.90608311973559E-05,2.60984323344172E-07,3.35090608124912E-05,6.62666355438386E-05,1.29601830549793E-05,1.48149586291489E-05,4.60693934162314E-05,6.01894064353637E-05,1.11366467240814E-05,5.26600781764225E-06,6.33210975561907E-05
YGR169C,46821.4,YGR169C_translation_Ribosome,0,0,0,0,0,0,0,0,0,0,0,0,0,0,0,0,0,0,0,0,0,0,0,0,0,0
YGR170W,130069.4,YGR170W_translation_Ribosome,0,0,2.54301765939568E-07,0,2.16993487291614E-07,5.71549953128026E-07,0,1.66579085761999E-07,0,0,0,3.5137618141061E-07,0,0,1.55304605169352E-07,8.70708280393324E-07,2.63839063957165E-08,4.23023109059681E-07,5.7886786984924E-07,2.77796297988622E-07,4.58743615320116E-07,3.85220140146799E-07,9.90058552624713E-07,1.79035415132481E-07,0,5.54687080107058E-07
YGR171C,66745.1,YGR171C_translation_Ribosome,0,0,0,0,0,0,0,0,0,0,0,0,0,0,0,0,0,0,0,0,0,0,0,0,0,0
YGR175C,55120.4,YGR175C_translation_Ribosome,3.50856634721133E-05,9.91752052672452E-06,4.90804844384993E-05,6.97804710270902E-06,2.46357634942231E-05,6.67164343676998E-05,3.28733921949173E-05,3.93490782866548E-05,3.72552839472615E-05,1.27691548201888E-05,0.00010195254816,7.33827702679392E-05,8.47798269335666E-05,0.000105383598699,2.0837092335823E-05,0.000116751257149,3.9473975586106E-06,7.93737395161993E-05,0.000114218865767,4.72312870340094E-05,5.08748150626382E-05,9.41335488866475E-05,0.000108542625432,4.33943897919359E-05,2.82694158343077E-05,0.000111496549129
YGR177C,61883.4,YGR177C_translation_Ribosome,0,0,0,0,0,0,0,0,0,0,0,0,0,0,0,0,0,0,0,0,0,0,0,0,0,0
YGR180C,40041.8,YGR180C_translation_Ribosome,0,2.41613829826884E-07,0,4.21155809405567E-07,0,0,0,0,0,7.70674610613312E-07,2.74955728692423E-06,0,0,2.84208925573619E-06,0,3.14866352670403E-06,0,0,3.08036748799008E-06,0,0,2.45374929537195E-07,2.92728501718677E-06,0,0,3.00694935710813E-06
YGR183C,7475.4,YGR183C_translation_Ribosome,6.12890673373361E-05,1.66750706801435E-05,8.59125533194634E-05,1.14261893001244E-05,4.28287576194429E-05,0.000116669937386,5.73836333052051E-05,6.88162255762334E-05,6.51245907096035E-05,2.17613440837933E-05,0.000177090795972,0.000128201221974,0.000147802045261,0.000182899991949,3.60977762240744E-05,0.000202057756069,6.02779337776301E-06,0.000138521638444,0.000197803253014,8.26719263591735E-05,8.9050793678591E-05,0.000163798981841,0.000188239254305,7.59342586731935E-05,4.92612816754465E-05,0.00019322000544
YGR185C,44024.4,YGR185C_translation_Ribosome,0,0,0,0,0,0,0,0,0,0,0,0,0,0,0,0,0,0,0,0,0,0,0,0,0,0
YGR191W,66006.9,YGR191W_translation_Ribosome,0,0,0,0,0,0,0,0,0,0,0,0,0,0,0,0,0,0,0,0,0,0,0,0,0,0
YGR192C,35745,YGR192C_translation_Ribosome,0.013279630970802,0.005742979575599,0.017472424049371,0.00486353492993,0.010150218210428,0.022757065181868,0.012616257571992,0.014556394556185,0.013928127578548,0.006596671555851,0.033313318686424,0.024752751569874,0.028164093951598,0.034341400792,0.009012900568022,0.037750100282663,0.00391144488468,0.026547088201028,0.036990986849446,0.01691877855877,0.018011997480898,0.030972590122854,0.035291683986929,0.015768396881902,0.011236886139557,0.036172253600781
YGR193C,45356.1,YGR193C_translation_Ribosome,1.3532913011011E-05,3.66641156165654E-06,1.8898096815294E-05,2.49445152146654E-06,9.47017925598187E-06,2.55303726578154E-05,1.26757866835546E-05,1.51783926207171E-05,1.43719756171729E-05,4.80054034460012E-06,3.83584464292198E-05,2.79989454517447E-05,3.21700393961839E-05,3.95757135150232E-05,7.98174951088108E-06,4.35710741749729E-05,1.28995386962865E-06,3.01990408315301E-05,4.26864414687072E-05,1.81949278029632E-05,1.95777237779107E-05,3.55614314270166E-05,4.06925117467979E-05,1.67294801478812E-05,1.08892420130752E-05,4.17316240298177E-05
YGR194C,68316.7,YGR194C_translation_Ribosome,0,0,0,0,0,0,0,0,0,0,0,0,0,0,0,0,0,0,0,0,0,0,0,0,0,0
YGR202C,49412.8,YGR202C_translation_Ribosome,6.49291924882229E-08,6.49292669407515E-08,6.49291974828702E-08,6.49291762635169E-08,6.4929271654275E-08,6.49292340018466E-08,6.49291676579848E-08,6.49292458574819E-08,6.49292482380571E-08,6.49291669691067E-08,6.49292571275134E-08,6.49292034455627E-08,6.49292574162345E-08,6.49292610155312E-08,6.49292327994015E-08,6.49292145783937E-08,6.49292011990385E-08,6.49291822024658E-08,6.49292274398587E-08,6.49291702722037E-08,6.49292066596125E-08,6.49291880087908E-08,6.4929187924555E-08,6.49291708927923E-08,6.49292426549352E-08,6.49292437374606E-08
YGR204W,102199.2,YGR204W_translation_Ribosome,2.33192498191446E-05,7.66346769481464E-06,3.25531804613615E-05,5.97402890109906E-06,1.64456111476696E-05,4.42574342164189E-05,2.18600338616767E-05,2.6126295845525E-05,2.47480392178589E-05,9.30790844700005E-06,6.77942047129488E-05,4.86985110898691E-05,5.63165466582228E-05,7.00959122088686E-05,1.40506070543771E-05,7.773898340309E-05,4.24995485377164E-06,5.26979105582894E-05,7.60352857026937E-05,3.13308043286601E-05,3.3740059897412E-05,6.25515588412373E-05,7.22171935932943E-05,2.87952881978534E-05,1.88340650928898E-05,7.4205379739704E-05
YGR208W,34197.6,YGR208W_translation_Ribosome,2.4599634918274E-06,6.63685555876376E-07,3.49391659545654E-06,4.56957680781823E-07,1.70744918428167E-06,4.81693221453581E-06,2.29902961849681E-06,2.77377311169038E-06,2.61956688881033E-06,8.64858609315774E-07,7.47590087953539E-06,5.31757144927506E-06,6.17791652266985E-06,7.73773526690463E-06,1.43696028614286E-06,8.6082239666148E-06,2.44622209191037E-07,5.76920597516168E-06,8.41393201245538E-06,3.35655027887254E-06,3.62725705837958E-06,6.88179614348444E-06,7.97896300856253E-06,3.07295315349949E-06,1.9680777208957E-06,8.20514311065133E-06
YGR209C,11201,YGR209C_translation_Ribosome,1.3186942670506E-07,6.07776048490809E-07,1.84468945569864E-07,3.08936079995094E-06,9.2593489389483E-08,2.50753643546375E-07,2.62431984718049E-06,1.09456982686518E-07,1.40023942821102E-07,0,3.83188537609247E-07,2.7580905953093E-07,7.35817432199943E-06,3.96084137202598E-07,7.83161881122523E-08,4.38809468702806E-07,5.28394046330125E-09,6.84842054344874E-06,4.29291478543326E-07,3.89458512503926E-06,1.9121293520264E-07,3.53800837634475E-07,4.0795733562488E-07,1.63097765234705E-07,1.06250567708248E-07,4.19059654509935E-07
YGR214W,28006.5,YGR214W_translation_Ribosome,0.007432317785284,0.00837302095372,0.006899059438598,0.00848058434173,0.007827544288972,0.006210337575856,0.00751652631192,0.007271431096129,0.007352149152115,0.008267598848057,0.004782094739441,0.005945999544947,0.005488057961903,0.004638400550309,0.007966546051766,0.0041584896708,0.008589983550545,0.005706366447375,0.004266282515035,0.006970136003535,0.006828726614275,0.005105126778715,0.004504952026095,0.007117730873322,0.007691937496244,0.004381695594487
YGR215W,12408.9,YGR215W_translation_Ribosome,2.39708637937479E-06,3.07550338717201E-07,4.35208102938031E-06,1.83305849434922E-07,1.3064386034046E-06,7.61473994885793E-06,2.13975710896965E-06,2.93301872533336E-06,2.66357968865987E-06,4.52157688042714E-07,1.67700477399998E-05,9.07894865297467E-06,1.18727472294673E-05,1.78466548133376E-05,9.88583893488506E-07,2.16418323302019E-05,8.17855630854616E-08,1.0500850671404E-05,2.07662055417205E-05,4.06137753892722E-06,4.64261499712726E-06,1.44369256868481E-05,1.88617631665341E-05,3.48992963079901E-06,1.65022714414288E-06,1.98431520807978E-05
YGR220C,29814,YGR220C_translation_Ribosome,5.75931253492896E-06,7.38929784148041E-07,1.04564420544887E-05,4.40416200876207E-07,3.13888906526E-06,1.82954054618258E-05,5.14104541472823E-06,7.0469598656681E-06,6.39959745325575E-06,1.08636779338261E-06,4.02922260087804E-05,2.18133577625564E-05,2.85258230704847E-05,4.28789148598867E-05,2.37520168592432E-06,5.19973236219682E-05,1.96500477707932E-07,2.52296627353947E-05,4.98935161070565E-05,9.75798901962108E-06,1.11544877889541E-05,3.46865961066403E-05,4.53178450182569E-05,8.38501092060069E-06,3.96488585414306E-06,4.76757598285832E-05
YGR240C,107957.4,YGR240C_translation_Ribosome,0.001240355622574,0.000540324984165,0.001629816637913,0.000458655562002,0.00094966150078,0.002120853061627,0.001178732346969,0.001358943551356,0.00130058400924,0.000619606613873,0.003102099386655,0.002306315165465,0.00262338891939,0.003197695889061,0.000844020020394,0.003514702504746,0.000370139097686,0.002473084846877,0.003444100839908,0.001578385662339,0.001679949006844,0.002884470205801,0.003286072743593,0.001471520581313,0.001050595112592,0.003367952722353
YGR243W,16242.1,YGR243W_translation_Ribosome,4.19190337240147E-05,1.11617223780951E-05,5.89563612246465E-05,7.55478672336744E-06,2.91680786698464E-05,8.03846687435549E-05,3.9221464888645E-05,4.71191878401967E-05,2.92186032085522E-05,1.46635810079461E-05,0.000122840360197,8.84451427868027E-05,0.00010218915241,0.00012695149031,2.45246517836811E-05,0.000140555547899,3.85739901206649E-06,9.56742967009105E-05,0.000137529096178,5.67090766651707E-05,6.11316426679406E-05,0.000113443216854,0.000130736920203,5.2042142956825E-05,3.36061207605943E-05,0.00013427312635
YGR244C,46901.2,YGR244C_translation_Ribosome,0,0,0,0,0,0,0,0,0,0,0,0,0,0,0,0,0,0,0,0,0,0,0,0,0,0
YGR245C,86615.5,YGR245C_translation_Ribosome,0.000365369011085,0.000472739568418,0.000310644075125,0.0004858988026,0.000408796336024,0.00024651699928,0.000374413473593,0.00034838922326,0.00035685843331,0.000460018011785,0.000137042018095,0.000223864852392,0.000187192838563,0.000127776331849,0.000424640855795,9.91480297502888E-05,0.000499473586708,0.000204267703677,0.000105268051143,0.000317681881487,0.000303756139207,0.000159038851098,0.000119457456756,0.000332544066309,0.000393614722206,0.000112019414318
YGR247W,26731.9,YGR247W_translation_Ribosome,0,0,0,0,0,0,0,0,0,0,0,0,0,0,0,0,0,0,0,0,0,0,0,0,0,0
YGR248W,28439.9,YGR248W_translation_Ribosome,0,0,0,0,0,0,0,0,0,0,0,0,0,0,0,0,0,0,0,0,0,0,0,0,0,0
YGR251W,22333.8,YGR251W_translation_Ribosome,9.42103713510798E-05,0.000121895861285,8.00995508313955E-05,0.000125288968805,0.00010540810374,6.35643892666747E-05,9.65424853118878E-05,8.98321343689615E-05,9.20159195276928E-05,0.000118615608887,3.53362738045645E-05,5.77235349371691E-05,4.82676589974374E-05,3.29471173201367E-05,0.000109493611942,2.5565311830296E-05,0.000128789225841,5.26704116512691E-05,2.71433588747338E-05,8.19142486593673E-05,7.83234970856521E-05,4.10081554994049E-05,3.08020960186341E-05,8.57464618702731E-05,0.000101493525787,2.88841973490221E-05
YGR253C,28596.3,YGR253C_translation_Ribosome,0.000287933654463,0.000303085375472,0.00027950651823,0.00030483251436,0.000294263286522,0.000268880496498,0.000289273670421,0.000285370945646,0.000286665999845,0.000301373675293,0.000248117747011,0.000264892916607,0.000258119195087,0.000246128097416,0.000296528423442,0.000239649493951,0.000306610047395,0.000261328275098,0.000241084808405,0.000280620040202,0.000278404909853,0.00025267302596,0.000244294309873,0.000282943086549,0.000292088726701,0.000242631769975
YGR254W,46811.5,YGR254W_translation_Ribosome,0.001677746392231,0.000729396685725,0.002205001126105,0.000618707121743,0.00128403071586,0.002869369034375,0.001594300031592,0.001838312749699,0.00175929958083,0.000836840168109,0.004196311890095,0.003120250508489,0.003549052981397,0.004325516416406,0.001140914562184,0.004753883226376,0.000498764429836,0.00334580551472,0.004658490597555,0.002135386752921,0.002272851218531,0.003902120627699,0.004444951126908,0.001990722378122,0.00142075236604,0.004555598654335
YGR255C,53526,YGR255C_translation_Ribosome,0,0,0,0,0,0,0,0,0,0,0,0,0,0,0,0,0,0,0,0,0,0,0,0,0,0
YGR256W,53922.4,YGR256W_translation_Ribosome,0.000334004932019,8.74960941535424E-05,0.00047050016042,5.860404126607E-05,0.000231793470289,0.000641776257726,0.000312388705726,0.00037561518286,0.000355223324648,0.000115477059401,0.000982333622775,0.000706405504908,0.000816644445829,0.001015339587763,0.000194620094943,0.001124468895968,2.88014946128232E-05,0.000764413518762,0.001100183892062,0.000452484105171,0.000487956939363,0.000907023131752,0.001045692662008,0.00041509519801,0.00026738098427,0.001074056797035
YGR260W,60133.4,YGR260W_translation_Ribosome,0,0,0,0,0,0,0,0,0,0,0,0,0,0,0,0,0,0,0,0,0,0,0,0,0,0
YGR262C,29940.7,YGR262C_translation_Ribosome,0,0,0,0,0,0,0,0,0,0,0,0,0,0,0,0,0,0,0,0,0,0,0,0,0,0
YGR264C,85668.8,YGR264C_translation_Ribosome,0,0,0,0,0,0,0,0,0,0,0,0,0,0,0,0,0,0,0,0,0,0,0,0,0,0
YGR267C,27768.4,YGR267C_translation_Ribosome,0,0,0,0,0,0,0,0,0,0,0,0,0,0,0,0,0,0,0,0,0,0,0,0,0,0
YGR276C,62847.8,YGR276C_translation_Ribosome,0.000265110038444,0.000343017610567,0.000225401881934,0.000352565889085,0.000296620701459,0.000178871576881,0.000271672657962,0.000252789584146,0.000258934803181,0.000333786908822,9.94370446952381E-05,0.000162435285488,0.000135826244488,9.27139062726668E-05,0.000308117410589,7.19413447262926E-05,0.000362415688678,0.00014821568642,7.6382003505337E-05,0.000230508481176,0.000220404027982,0.000115397843412,8.66777695761541E-05,0.000241292412681,0.000285604993775,8.12807609162736E-05
YGR277C,34299.8,YGR277C_translation_Ribosome,0,0,0,0,0,0,0,0,0,0,0,0,0,0,0,0,0,0,0,0,0,0,0,0,0,0
YGR280C,31339.3,YGR280C_translation_Ribosome,0.000132198152168,0.000171047066132,0.000112397525427,0.000175808352366,0.000147911066883,8.91950077705137E-05,0.000135470627924,0.000126054509695,0.000129118847077,0.000166444140791,4.95846692297499E-05,8.09989871162285E-05,6.77302852903846E-05,4.62321500967573E-05,0.000153643945622,3.58738314591872E-05,0.000180719993257,7.39083287153381E-05,3.80881832371986E-05,0.000114943951007,0.000109905326107,5.75435836106037E-05,4.32222070474697E-05,0.000120321400411,0.000142418041386,4.05309676803861E-05
YGR282C,34099.7,YGR282C_translation_Ribosome,0,0,0,0,0,0,0,0,0,0,0,0,0,0,0,0,0,0,0,0,0,0,0,0,0,0
YGR285C,49022.5,YGR285C_translation_Ribosome,8.94327809546735E-05,4.58448238670753E-05,0.000109984172798,4.02386668782958E-05,7.22766994129145E-05,0.000132542325792,8.58862655031272E-05,9.6057541937302E-05,9.28128107421944E-05,5.11797304594145E-05,0.00014609298465,0.000139961312165,0.000151269357588,0.000147144374078,6.57051460272457E-05,0.000149277354961,3.44271456352642E-05,0.000146122649776,0.000149010073835,0.000107398736305,0.000112474520218,0.000142948537032,0.000147950860306,0.000101867946596,7.8388077120698E-05,0.000148518702309
YGR286C,41891.9,YGR286C_translation_Ribosome,0,0,0,0,0,0,0,0,0,0,0,0,0,0,0,0,0,0,0,0,0,0,0,0,0,0
YGR287C,68571.9,YGR287C_translation_Ribosome,0,0,0,0,0,0,0,0,0,0,0,0,0,0,0,0,0,0,0,0,0,0,0,0,0,0
YGR289C,67975.9,YGR289C_translation_Ribosome,0,0,0,0,0,0,0,0,0,0,0,0,0,0,0,0,0,0,0,0,0,0,0,0,0,0
YGR292W,68078.6,YGR292W_translation_Ribosome,0,0,0,0,0,0,0,0,0,0,0,0,0,0,0,0,0,0,0,0,0,0,0,0,0,0
YHL001W,15172.4,YHL001W_translation_Ribosome,0,0,0,0,0,0,0,0,0,0,0,0,0,0,0,0,0,0,0,0,0,0,0,0,0,0
YHL003C,48462.9,YHL003C_translation_Ribosome,0,0,0,0,0,0,0,0,0,0,0,0,0,0,0,0,0,0,0,0,0,0,0,0,0,0
YHL004W,44155.3,YHL004W_translation_Ribosome,8.52968983610212E-06,1.09437399537103E-06,1.54862593361697E-05,6.52267708947111E-07,4.64877535195797E-06,2.70959655460038E-05,7.61402034617795E-06,1.04367286159702E-05,9.47796825074608E-06,1.60893861364282E-06,5.96738219321627E-05,3.23061432888243E-05,4.22474768707376E-05,6.35047745794846E-05,3.51773472202637E-06,7.70093722320081E-05,2.91022256099049E-07,3.73657787274493E-05,7.3893579250081E-05,1.44518324464371E-05,1.65200830035421E-05,5.13717400237316E-05,6.71168928065553E-05,1.24184166063728E-05,5.8720978183217E-06,7.06090252216757E-05
YHL011C,35127.2,YHL011C_translation_Ribosome,0,0,0,0,0,0,0,0,0,0,0.002872390413893,0,0,0.002967711856547,0,0.003282402028622,0,0,0.003212549610646,0,0,0.002654272337568,0.003055227176876,0,0,0.003137116705066
YHL015W,13912.2,YHL015W_translation_Ribosome,0.003691996197041,0.004159289526087,0.00342710066312,0.004212721528182,0.003888324555265,0.003084978787882,0.003733826695827,0.003612075900079,0.003652172511169,0.00410692120379,0.002375500631427,0.002953669143564,0.002726187134329,0.002304120691126,0.003957373537621,0.002065725456523,0.004267065472369,0.002834631649409,0.002119271440761,0.003462407873471,0.003392162905151,0.002535966463886,0.002237830274309,0.003535725472866,0.00382096202079,0.002176602768987
YHL016C,80606.4,YHL016C_translation_Ribosome,0,0,0,0,0,0,0,0,0,0,0,0,0,0,0,0,0,0,0,0,0,0,0,0,0,0
YHL030W,210421,YHL030W_translation_Ribosome,0.002118710725016,0.002230202081815,0.002056701079247,0.002243058105565,0.002165286243786,0.001978511309279,0.002128571004073,0.002099853468936,0.002109382904551,0.002217606827764,0.001825732155691,0.001949169382238,0.001899326106853,0.001811091658232,0.002181953867776,0.001763419958759,0.002256137779465,0.001922939575205,0.001773981475554,0.002064894740903,0.002048595081749,0.001859251399498,0.001797598045124,0.002081988481546,0.002149285115944,0.001785364528623
YHL032C,79829.2,YHL032C_translation_Ribosome,0,0,0,0,0,0,0,0,0,0,0,0,0,0,0,0,0,0,0,0,0,0,0,0,0,0
YHL033C,28150.2,YHL033C_translation_Ribosome,0.007470452649182,0.00841598252018,0.006934458179652,0.008524097810743,0.007867707040988,0.006242202518268,0.007555093245704,0.007308740458188,0.007389872674624,0.00831001949878,0.004806631436781,0.005976508181678,0.00551621692247,0.004662199959699,0.008007422015119,0.004179826680626,0.008634058341619,0.005735645538247,0.004288172604743,0.007005899435013,0.006863764481001,0.00513132093786,0.004528066717547,0.007154251606955,0.007731404456351,0.004404177863136
YHL036W,60629,YHL036W_translation_Ribosome,0,0,0,0,0,0,0,0,0,0,0,0,0,0,0,0,0,0,0,0,0,0,0,0,0,0
YHR001WA,8594,YHR001WA_translation_Ribosome,7.04602087777332E-05,1.91702861954081E-05,9.87682910917769E-05,1.31359754454971E-05,4.92375448780656E-05,0.000134128132528,6.59703754481275E-05,7.91137119889437E-05,7.48696701926763E-05,2.50176567215293E-05,0.000203590215986,0.000147384929455,0.000169918770497,0.000210268685396,4.14993564049677E-05,0.000232293169015,6.9297771742643E-06,0.000159249667013,0.000227402032855,9.50427448873287E-05,0.000102376129822,0.000188309448316,0.000216406901504,8.72968696039577E-05,5.6632615608367E-05,0.000222132959675
YHR002W,40842.8,YHR002W_translation_Ribosome,1.73317167028004E-06,4.89908524317964E-07,2.4244918514948E-06,3.44703572782873E-07,1.21696451309361E-06,3.29567756585537E-06,1.623889259028E-06,1.94377705846341E-06,1.840347204976E-06,6.30774373281021E-07,5.03628122421795E-06,3.62498313922863E-06,4.18797821421537E-06,5.20576924310293E-06,1.02931666537137E-06,5.76731209658892E-06,1.94994677109481E-07,3.92092675696458E-06,5.64221630058384E-06,2.33314466757266E-06,2.51312871045986E-06,4.65003605483855E-06,5.3618197519686E-06,2.14360851680205E-06,1.39646071388477E-06,5.5077385222555E-06
YHR005CA,10303.8,YHR005CA_translation_Ribosome,0,0,0,0,0,0,0,0,0,0,0,0,0,0,0,0,0,0,0,0,0,0,0,0,0,0
YHR007C,60726.8,YHR007C_translation_Ribosome,1.22842031495798E-06,3.47232529854376E-07,1.71840741162419E-06,2.44315597067577E-07,8.62548099592232E-07,2.33587782610933E-06,1.15096420581912E-06,1.37769112391499E-06,1.30438313292034E-06,4.47074036334841E-07,3.56956571224771E-06,2.56927978109007E-06,2.96831387516989E-06,3.6896937579056E-06,7.29548909637263E-07,4.08769856075943E-06,1.38206403195622E-07,2.77903577834236E-06,3.9990343968087E-06,1.65366325594224E-06,1.78123056992631E-06,3.29580667224257E-06,3.80029769780218E-06,1.51932569318486E-06,9.89769645669089E-07,3.90372056400051E-06
YHR010W,15551.6,YHR010W_translation_Ribosome,0,0,0,0,0,0,0,0,0,0,0.002655427295445,0,0,0.002575636013004,0,0.002309148517823,0,0,0.002369004308315,0,0,0,0.002501533998501,0,0,0.002433091504016
YHR011W,50399.6,YHR011W_translation_Ribosome,0,0,0,0,0,0,0,0,0,0,0,0,0,0,0,0,0,0,0,0,0,0,0,0,0,0
YHR018C,51975.6,YHR018C_translation_Ribosome,1.08186344789722E-06,2.685628068543E-07,1.50610316116536E-06,1.70344672479156E-07,7.51999212744518E-07,2.01137829459346E-06,1.01239575027941E-06,1.21279652382723E-06,1.14869808719095E-06,3.64548291226397E-07,2.93555689069317E-06,2.19465420970283E-06,2.49820608735628E-06,3.01819497031975E-06,6.28642516801223E-07,3.28318383047762E-06,6.76793917191386E-08,2.35542851070686E-06,3.22535906213954E-06,1.45111200626646E-06,1.5593157326453E-06,2.74242581856417E-06,3.09327716582006E-06,1.33573502118053E-06,8.6700105917521E-07,3.162449699506E-06
YHR019C,62196.4,YHR019C_translation_Ribosome,0,0,0,0,0,0,0,0,0,0,0,0,0,0,0,0,0,0,0,0,0,0,0,0,0,0
YHR020W,77378.9,YHR020W_translation_Ribosome,0,0,0,0,0,0,0,0,0,0,0,0,0,0,0,0,0,0,0,0,0,0,0,0,0,0
YHR021C,8871.5,YHR021C_translation_Ribosome,0,0,0,0,0,0,0,0,0,0,0,0,0,0,0,0,0,0,0,0,0,0,0,0,0,0
YHR024C,53331.2,YHR024C_translation_Ribosome,2.35215944376155E-05,3.62063085533321E-06,4.10783002514169E-05,2.25390608011282E-06,1.34594348986182E-05,6.99635316036315E-05,2.11742764752546E-05,2.83735817173713E-05,2.59383591528025E-05,5.13902592186028E-06,0.000150882929436,8.28775197210077E-05,0.000107521269631,0.000160442344376,1.04388130010759E-05,0.000194262561006,1.06231188838347E-06,9.5419493468487E-05,0.000186442512313,3.84882128124138E-05,4.36651191141262E-05,0.000130210978003,0.000169485675613,3.33782981939058E-05,1.66673597328642E-05,0.000178213626628
YHR025W,38705.8,YHR025W_translation_Ribosome,6.07249644117785E-05,1.53389603745379E-05,8.6321856169303E-05,1.00850641872745E-05,4.17133654216694E-05,0.000118874623285,5.6681749451136E-05,6.84739877878205E-05,6.46564470669015E-05,2.03903756732941E-05,0.000185585906315,0.000131383271577,0.000152950544975,0.00019219679128,3.49105902242598E-05,0.000214216994147,4.65505049543116E-06,0.000142704072172,0.00020928855791,8.29168147017192E-05,8.96327687491576E-05,0.000170599826181,0.000198287397501,7.58866597084265E-05,4.83113913591648E-05,0.00020400871166
YHR026W,22597.9,YHR026W_translation_Ribosome,0,0,0,0,0,0,0,0,0,0,0,0,0,0,0,0,0,0,0,0,0,0,0,0,0,0
YHR027C,109406.5,YHR027C_translation_Ribosome,0.00110160452111,0.001159573445921,0.0010693631654,0.00116625781945,0.001125821041772,0.001028709100131,0.001106731284221,0.001091799860989,0.001096754605038,0.001153024657243,0.000949272957982,0.001013453029963,0.000987537468739,0.000941660763452,0.001134487222449,0.000916874293526,0.001173058477856,0.000999815078508,0.00092236565887,0.001073623385834,0.001065148525154,0.000966700986304,0.00093464488109,0.001082511122018,0.001117501399754,0.000928284174587
YHR037W,64433.7,YHR037W_translation_Ribosome,0,0,0,0,0,0,0,0,0,0,0,0,0,0,0,0,0,0,0,0,0,0,0,0,0,0
YHR039CA,12715.8,YHR039CA_translation_Ribosome,0,0,0,0,0,0,0,0,0,0,0,0,0,0,0,0,0,0,0,0,0,0,0,0,0,0
YHR042W,76748.2,YHR042W_translation_Ribosome,1.55251137910212E-06,4.38842021113737E-07,2.17177054790992E-06,3.08772770948936E-07,1.09011201079465E-06,2.95214663993169E-06,1.45462021810875E-06,1.74116393283447E-06,1.64851527763684E-06,5.65024462929607E-07,4.5113153203648E-06,3.24712644985504E-06,3.75143671252748E-06,4.66313644833073E-06,9.22023976672945E-07,5.16614586444333E-06,1.74669053428441E-07,3.51222184806996E-06,5.0540896555253E-06,2.08994510331034E-06,2.25116818318796E-06,4.16533111645282E-06,4.80292074949546E-06,1.92016559683188E-06,1.25089809968153E-06,4.93362941222037E-06
YHR046C,32815.5,YHR046C_translation_Ribosome,0,0,2.08591651624269E-07,0,4.87214214104798E-08,0,1.02596241368833E-07,1.44947524007626E-07,1.31253965561146E-07,0,0,3.67530207988748E-07,4.42067623649219E-07,0,2.3877926487085E-08,6.51162979169174E-07,0,0,6.34600948734814E-07,1.964978246354E-07,2.20326677436421E-07,5.03241707879997E-07,5.97478027579753E-07,1.7140426024537E-07,7.24857997412197E-08,0
YHR051W,17339.8,YHR051W_translation_Ribosome,5.20750359965155E-06,1.41681860018113E-06,7.29966942071282E-06,9.7084071426961E-07,3.63899989282405E-06,9.91300969824299E-06,4.87567342725578E-06,5.84705817809634E-06,5.53339372386727E-06,1.84898029245382E-06,1.50467448364768E-05,1.08927799673639E-05,1.25581888609533E-05,1.55403305650898E-05,3.06709349306365E-06,1.71680943727664E-05,5.12159135003424E-07,1.17696672859301E-05,1.68066051066313E-05,7.02432542717553E-06,7.56631400639039E-06,1.39173889343221E-05,1.59939877857019E-05,6.45185091822469E-06,4.18554748494376E-06,1.64171836441426E-05
YHR052W,42535.1,YHR052W_translation_Ribosome,0.000179425246329,0.000232152730361,0.000152550949886,0.000238614961046,0.000200751517135,0.000121059454902,0.000183866796828,0.000171086819914,0.0001752458757,0.000225905434167,6.72985313696966E-05,0.000109935449001,9.19265732755689E-05,6.27483424192813E-05,0.000208532436635,4.86895689597302E-05,0.000245281259798,0.000100311690202,5.16949862572733E-05,0.000156007072605,0.000149168425476,7.81007260288325E-05,5.86631130556467E-05,0.000163305587509,0.000193296137187,5.50104425874857E-05
YHR062C,32238.8,YHR062C_translation_Ribosome,0,0,0,0,0,0,0,0,0,0,0,0,0,0,0,0,0,0,0,0,0,0,0,0,0,0
YHR063C,42818.8,YHR063C_translation_Ribosome,0,0,0,0,0,0,0,0,0,0,0,0,0,0,0,0,0,0,0,0,0,0,0,0,0,0
YHR064C,58215.1,YHR064C_translation_Ribosome,0.000106203035067,5.44415524688495E-05,0.000130608182322,4.77841402659325E-05,8.58298798305423E-05,0.000157396394517,0.000101991484214,0.000114070057823,0.0001102168812,6.07768499498773E-05,0.000173488045504,0.000166206574202,0.00017963508142,0.00017473658935,7.80260420519294E-05,0.000177269542492,4.08828543193732E-05,0.000173523273373,0.00017695214135,0.00012753793001,0.00013356551465,0.000169753957431,0.000175694306243,0.000120970017806,9.30872507193461E-05,0.000176368628829
YHR065C,55981.6,YHR065C_translation_Ribosome,0.00023614643835,0.000305542511714,0.000200776447126,0.000314047628977,0.000264214522398,0.000159329635538,0.000241992083557,0.000225172008946,0.00023064585519,0.000297320275569,8.85734243889354E-05,0.000144689029338,0.000120987059029,8.25847971670277E-05,0.000274455201815,6.40816637007091E-05,0.000322821325763,0.000132022939083,6.80371750074684E-05,0.000205325144075,0.000196324614909,0.000102790486075,7.72081158816128E-05,0.000214930917705,0.000254402294424,7.24007371031358E-05
YHR066W,51776.8,YHR066W_translation_Ribosome,0.000218409386462,0.000282593093454,0.000185696049194,0.000290459388013,0.000244369265675,0.00014736232393,0.000223815962957,0.000208259250768,0.000213321954267,0.0002749884327,8.19206396369706E-05,0.000133821379422,0.000111899673427,7.6381820561716E-05,0.000253840763632,5.92684647294624E-05,0.000298574088983,0.000122106644189,6.29268760258137E-05,0.000189903091726,0.000181578595846,9.50698522267411E-05,7.14089839229156E-05,0.000198787371919,0.000235294038004,6.69626892557848E-05
YHR067W,33062.6,YHR067W_translation_Ribosome,0,0,0,0,0,0,0,0,0,0,0,0,0,0,0,0,0,0,0,0,0,0,0,0,0,0
YHR068W,42883.6,YHR068W_translation_Ribosome,0,0,0,0,0,0,0,0,0,0,0,0,0,0,0,0,0,0,0,0,0,0,0,0,0,0
YHR070W,56525,YHR070W_translation_Ribosome,0,0,0,0,0,0,0,0,0,0,0,0,0,0,0,0,0,0,0,0,0,0,0,0,0,0
YHR072W,83452,YHR072W_translation_Ribosome,1.47145464465232E-07,4.15930046586761E-08,2.05838224624759E-07,2.92651721636814E-08,1.03319718171906E-07,2.79801484452534E-07,1.37867438844744E-07,1.650257634538E-07,1.56244617251175E-07,5.35524493740453E-08,4.27577921231155E-07,3.07759373665649E-07,3.55557392304608E-07,4.41967374790653E-07,8.73885036347274E-08,4.89642100503182E-07,1.65549569171563E-08,3.32884848443483E-07,4.79021525910683E-07,1.98082891418995E-07,2.13363452508877E-07,3.94785886939138E-07,4.5521599003219E-07,1.81991360835883E-07,1.18558861695923E-07,4.67604425405469E-07
YHR074W,80678.6,YHR074W_translation_Ribosome,0,0,0,0,0,0,0,0,0,0,0,0,0,0,0,0,0,0,0,0,0,0,0,0,0,0
YHR075C,44886.3,YHR075C_translation_Ribosome,8.67090059155369E-06,1.11249158013699E-06,1.57426375189641E-05,6.63066133943438E-07,4.72573677634601E-06,2.75445447836973E-05,7.74007200641027E-06,1.06095107874937E-05,9.63487794881846E-06,1.63557492064499E-06,6.06617342288159E-05,3.28409780820231E-05,4.29468924696014E-05,6.45561090787996E-05,3.57597153803263E-06,7.8284278100649E-05,2.95840188922705E-07,3.7984376817594E-05,7.51169025302265E-05,1.46910854810296E-05,1.6793576348069E-05,5.22222096606121E-05,6.82280266600586E-05,1.26240060268786E-05,5.96931159572086E-06,7.1777972039771E-05
YHR083W,37403.6,YHR083W_translation_Ribosome,0,0,0,0,0,0,0,0,0,0,0,0,0,0,0,0,0,0,0,0,0,0,0,0,0,0
YHR085W,37883.4,YHR085W_translation_Ribosome,0.000159803042117,0.000206764172304,0.000135867757568,0.000212519684103,0.000178797041132,0.000107820217981,0.000163758858236,0.000152376518065,0.0001560807335,0.000201200089449,5.99386667314939E-05,9.79127494398065E-05,8.18733503865675E-05,5.58860930198025E-05,0.000185727028031,4.33648073409735E-05,0.00021845694679,8.93414588090558E-05,4.60415478599742E-05,0.000138945913712,0.000132855150915,6.95595177733371E-05,5.22476302426064E-05,0.000145446252479,0.000172156992308,4.89944210950193E-05
YHR088W,35132.8,YHR088W_translation_Ribosome,0.000148200222739,0.000191751646176,0.000126002807379,0.000197089267533,0.000165815124479,9.99917154818361E-05,0.000151868818919,0.000141312916313,0.000144748179781,0.00018659155468,5.55866999937764E-05,9.08035985027436E-05,7.59287720864864E-05,5.18283714990238E-05,0.000172241945824,4.02162188016111E-05,0.000202595443392,8.28546435654348E-05,4.26986092234303E-05,0.000128857467842,0.000123208937056,6.45090099100688E-05,4.84540865864057E-05,0.000134885836517,0.000159657189675,4.54370831933537E-05
YHR091C,73715,YHR091C_translation_Ribosome,0,0,0,0,0,0,0,0,0,0,0,0,0,0,0,0,0,0,0,0,0,0,0,0,0,0
YHR092C,63908.6,YHR092C_translation_Ribosome,0,0,0,0,0,0,0,0,0,0,0,0,0,0,0,0,0,0,0,0,0,0,0,0,0,0
YHR094C,63263,YHR094C_translation_Ribosome,0,0,0,0,0,0,0,0,0,0,0,0,0,0,0,0,0,0,0,0,0,0,0,0,0,0
YHR096C,66254.1,YHR096C_translation_Ribosome,0,0,0,0,0,0,0,0,0,0,0,0,0,0,0,0,0,0,0,0,0,0,0,0,0,0
YHR100C,20949.4,YHR100C_translation_Ribosome,1.12716794659593E-09,3.18611938358131E-10,1.5767679270608E-09,2.2417791900278E-10,7.91452696132638E-10,2.14334343114854E-09,1.05609614614923E-09,1.26413513052315E-09,1.19686954017728E-09,4.10224022979573E-10,3.27534477012545E-09,2.35750726344899E-09,2.72365102952721E-09,3.38557127884077E-09,6.69415945343807E-10,3.75077059287476E-09,1.26814760224596E-10,2.54997415269701E-09,3.66941455992735E-09,1.51736029912963E-09,1.63441289554578E-09,3.02415027974842E-09,3.48705870484684E-09,1.39409549072477E-09,9.08188024511764E-10,3.58195695612481E-09
YHR104W,37117.1,YHR104W_translation_Ribosome,0,0,0,0,0,0,0,0,0,0,0,0,0,0,0,0,0,0,0,0,0,0,0,0,0,0
YHR106W,37085.8,YHR106W_translation_Ribosome,0,0,0,0,0,0,0,0,0,0,0,0,0,0,0,0,0,0,0,0,0,0,0,0,0,0
YHR117W,71849.9,YHR117W_translation_Ribosome,3.16880235571404E-05,4.87769634281427E-06,5.53403215518583E-05,3.03645352616446E-06,1.81325070369678E-05,9.42543849351384E-05,2.85257504908276E-05,3.82246403391865E-05,3.4943853989105E-05,6.92326541749133E-06,0.000203267404207,0.000111651763982,0.000144851158984,0.000216145724392,1.40631338082299E-05,0.000261709070462,1.43113650575556E-06,0.000128548221693,0.000251173588275,5.18510042128752E-05,5.88253850459531E-05,0.00017541885295,0.000228330033906,4.49669346290208E-05,2.24540957847185E-05,0.000240087687885
YHR123W,44555,YHR123W_translation_Ribosome,0,3.65775411922354E-07,0,3.65774901097199E-07,0,0,3.65774852618414E-07,2.68363046484695E-08,0,9.73422819704176E-09,0,0,0,0,2.37305518777997E-07,0,0,0,0,0,0,4.4148278475365E-08,0,3.65774870841521E-07,0,0
YHR128W,24591.7,YHR128W_translation_Ribosome,0,0,0,0,0,0,0,0,0,0,0,0,0,0,0,0,0,0,0,0,0,0,0,0,0,0
YHR137W,58518,YHR137W_translation_Ribosome,1.07008420672795E-06,3.4470901063564E-07,1.4581851252983E-06,1.41210158372463E-06,4.18287365354576E-06,1.06029441724261E-05,1.00684743748431E-06,8.63897804021583E-06,1.13036813463993E-06,2.89221447836105E-06,2.95196249112164E-06,2.13702520643867E-06,2.46062373435172E-06,3.05048129600179E-06,4.64360156572032E-06,3.3768483424329E-06,2.946967100031E-07,1.25530059558207E-05,3.30404328530321E-06,4.70102691042611E-06,5.08000102057481E-06,1.48436813508376E-05,3.14145319144836E-06,9.49722505732251E-06,8.73802467332007E-07,3.22617366854975E-06
YHR141C,12239,YHR141C_translation_Ribosome,0,0,0,0,0,0,0,0,0,0,0,0,0,0,0,0,0,0,0,0,0,0,0,0,0,0
YHR144C,35649.7,YHR144C_translation_Ribosome,3.5060841895403E-09,1.46414446442038E-09,4.90457621363134E-09,1.03018380555552E-09,2.46183347659941E-09,6.66692354000983E-09,3.28501357036515E-09,0,3.72289274586889E-09,1.88513724725115E-09,1.01880421178682E-08,7.33308551584281E-09,8.47198489035261E-09,1.05309044398869E-08,2.08223510017665E-09,1.16668660726076E-08,5.82762623856656E-10,7.931758605723E-09,1.14138060901072E-08,4.71978729583379E-09,5.08388233497921E-09,9.40669535062705E-09,1.08465836257896E-08,4.33636901537239E-09,2.82494164555231E-09,1.11417670183138E-08
YHR147C,23902.2,YHR147C_translation_Ribosome,4.61730194111421E-06,5.92407844860244E-07,8.38304049355334E-06,3.53086339189081E-07,2.51648065390949E-06,1.46676205953462E-05,4.12163063365926E-06,5.64962246264077E-06,5.13062515084221E-06,8.7095258170624E-07,3.23027049207443E-05,1.74880002653846E-05,2.28694548935178E-05,3.43764808064662E-05,1.90422438241431E-06,4.16868058186425E-05,1.57536517014507E-07,2.02268881946049E-05,4.00001610214693E-05,7.82308328787775E-06,8.94267116217675E-06,2.78086119762574E-05,3.6331796981129E-05,6.72235218442281E-06,3.17869103987718E-06,3.8222162292036E-05
YHR148W,21897.8,YHR148W_translation_Ribosome,9.2371198352796E-05,0.000119516212702,7.8535848991024E-05,0.000122843080044,0.000103350328832,6.23234865219439E-05,9.46577848311821E-05,8.80784332260808E-05,9.02195865743183E-05,0.000116299997327,3.46464397692104E-05,5.65966572346462E-05,4.73253787171948E-05,3.23039243502175E-05,0.000107356079824,2.50662263205301E-05,0.000126275005132,5.16421809211671E-05,2.661346676191E-05,8.03151203240422E-05,7.67944673312286E-05,4.02075951022607E-05,3.02007781119579E-05,8.40725211447611E-05,9.95121711925608E-05,2.83203206220802E-05
YHR162W,14565.1,YHR162W_translation_Ribosome,0,0,0,0,0,0,0,0,1.37600003161777E-05,0,0,0,0,0,0,0,0,0,0,0,0,0,0,0,0,0
YHR163W,27777.7,YHR163W_translation_Ribosome,0.004728515291392,0.001238684161462,0.006660881292087,0.000829658722669,0.003281505342098,0.009085640831604,0.004422493892395,0.005317592543008,0.005028904550314,0.001634811312163,0.013906919063921,0.010000598529159,0.01156125368086,0.014374185248314,0.002755241036076,0.01591913130485,0.000407743403274,0.010821819278427,0.015575327961506,0.006405827595051,0.006908017301933,0.012840746758462,0.014803894399143,0.005876512000315,0.003785318573313,0.01520544609298
YHR169W,47895.3,YHR169W_translation_Ribosome,0.000202036106662,0.000261408217366,0.000171775157695,0.000268684807225,0.000226049877364,0.000136315158784,0.000207037373701,0.000192646886121,0.000197330058949,0.000254373647671,7.57793763153497E-05,0.000123789324829,0.00010351100162,7.06557803948787E-05,0.000234811334929,5.48253445318564E-05,0.000276191181457,0.000112952796531,5.82094993379111E-05,0.000175666815043,0.000167966373388,8.79428449296873E-05,6.60557374670358E-05,0.000183885076217,0.000217654983282,6.19427637612326E-05
YHR170W,59076.8,YHR170W_translation_Ribosome,0.000249202879323,0.000322435833488,0.000211877295604,0.000331411195242,0.000278822836375,0.000168138906582,0.000255371727887,0.00023762167816,0.000243398171147,0.000313758993236,9.34706131646874E-05,0.000152688827194,0.000127676384541,8.71508771681599E-05,0.000289629718811,6.76247129434323E-05,0.000340669986172,0.000139322433936,7.17989228689643E-05,0.000216677488166,0.000207179323386,0.000108473730436,8.14769213512094E-05,0.000226814361131,0.000268468094288,7.64037445463247E-05
YHR174W,46905.6,YHR174W_translation_Ribosome,0,0,0,0,0,0,0,0,0,0,0,0,0,0,0,0,0,0,0,0,0,0,0,0,0,0
YHR183W,53539.8,YHR183W_translation_Ribosome,0,0,0,0,0,0,0,0,0,0,0,0,0,0,0,0,0,0,0,0,0,0,0,0,0,0
YHR190W,51707.2,YHR190W_translation_Ribosome,1.99473170836152E-05,5.63842627023638E-06,2.79038185066768E-05,3.96724201304537E-06,1.40062161402992E-05,3.79304177068923E-05,1.86895704066491E-05,2.23712041858852E-05,2.11808154212847E-05,7.25967118422966E-06,5.79632705890583E-05,4.17204419740308E-05,4.82000316591423E-05,5.99139320916361E-05,1.18465506075891E-05,6.63768079547716E-05,2.24422122783222E-06,4.51264987906053E-05,6.49370628034229E-05,2.68524908894329E-05,2.89239526119072E-05,5.35179204845418E-05,6.17099393970751E-05,2.46710926107393E-05,1.60720632193176E-05,6.33893390949098E-05
YHR196W,65235.8,YHR196W_translation_Ribosome,0.000275183307068,0.000356051098676,0.000233966377335,0.000365962178902,0.000307891266778,0.000185668080905,0.00028199528353,0.000262394717928,0.000268773434128,0.000346469662049,0.000103215310008,0.000168607267033,0.000140987174096,9.62367154748843E-05,0.000319824811269,7.46748681146433E-05,0.000376186236964,0.000153847372162,7.92842566370416E-05,0.000239267009765,0.000228778622141,0.000119782564119,8.99712263677658E-05,0.000250460693535,0.000296457000132,8.43691499620009E-05
YHR197W,86717.5,YHR197W_translation_Ribosome,0.000365799276327,0.000473296275197,0.000311009895281,0.000486471005934,0.000409277742081,0.000246807302216,0.000374854389761,0.000348799492793,0.00035727867634,0.000460559737425,0.000137203401286,0.000224128479744,0.00018741328028,0.000127926803599,0.000425140920649,9.92647882869771E-05,0.000500061775957,0.000204508253068,0.000105392016729,0.000318055989492,0.000304113848003,0.000159226138164,0.000119598132046,0.000332935676295,0.000394078250116,0.000112151330433
YHR200W,29730.4,YHR200W_translation_Ribosome,0.000299352808603,0.000315105431365,0.000290591460769,0.000316921859994,0.000305933467393,0.000279544021887,0.000300745968223,0.000296688465376,0.0002980348801,0.000313325846908,0.000257957842998,0.000275398298657,0.000268355938272,0.000255889285936,0.000308288437326,0.000249153747686,0.00031876988817,0.000271692287113,0.000250645985243,0.000291749143883,0.000289446163731,0.00026269377965,0.000253982772255,0.000294164319872,0.000303672666754,0.000252254297726
YHR203C,29432.7,YHR203C_translation_Ribosome,0,0,0,0,0,0,0,0,0,0,0,0,0,0,0,0,0,0,0,0,0,0,0,0,0,0
YHR208W,43603.5,YHR208W_translation_Ribosome,8.03990881967552E-07,2.35673171098104E-07,1.12467299230258E-06,1.70753515904907E-07,5.68097660782381E-07,1.53277644260243E-06,7.53989266199019E-07,9.02318753783787E-07,8.54277882846994E-07,3.00475576978835E-07,2.34908677240904E-06,1.68661707732232E-06,1.94962242381543E-06,2.42870085722108E-06,4.81666831131598E-07,2.69234410153359E-06,1.02131109900856E-07,1.82493124311421E-06,2.63363961400277E-06,1.08234668951135E-06,1.1657308220646E-06,2.16755146254444E-06,2.50202732126779E-06,9.9470726197586E-07,6.50073238896228E-07,2.57061568905096E-06
YHR216W,56536.7,YHR216W_translation_Ribosome,0.000327902515536,9.2686858584774E-05,0.000458694883279,6.52152181852145E-05,0.000230240161436,0.000623516402195,0.000307227138614,0.0003677474067,0.000348179287903,0.000119337574737,0.00095282499171,0.000685818439403,0.00079233270137,0.000984890798404,0.000194738657252,0.001091130311429,3.68914668046259E-05,0.000741808655708,0.001067463165874,0.000441412711,0.000475464283288,0.00087975042857,0.001014414333369,0.000405553954658,0.000264199437837,0.001042021022687
YIL002C,108423.4,YIL002C_translation_Ribosome,0,0,0,0,0,0,0,0,0,0,0,0,0,0,0,0,0,0,0,0,0,0,0,0,0,0
YIL006W,41959.8,YIL006W_translation_Ribosome,0,0,0,0,0,0,0,0,0,0,0,0,0,0,0,0,0,0,0,0,0,0,0,0,0,0
YIL009W,77964.4,YIL009W_translation_Ribosome,0,0,0,0,0,0,0,0,0,0,0,0,0,0,0,0,0,0,0,0,0,0,0,0,0,0
YIL010W,24128,YIL010W_translation_Ribosome,0,0,0,0,0,0,0,0,0,0,0,0,0,0,0,0,0,0,0,0,0,0,0,0,0,0
YIL013C,160528.8,YIL013C_translation_Ribosome,0,0,0,0,0,0,0,0,0,0,0,0,0,0,0,0,0,0,0,0,0,0,0,0,0,0
YIL018W,27437.1,YIL018W_translation_Ribosome,0,0.008202789110004,0,0.008308165627354,0.007668402528376,0,0.007363707856132,0,0,0.008099510340601,0,0,0,0,0.007804578247082,0,0.008415340641446,0,0,0,0,0,0,0,0.007535552756618,0
YIL020C,29550.9,YIL020C_translation_Ribosome,5.19196735923184E-06,1.19108731946674E-06,7.38778075922531E-06,7.20902957642227E-07,3.53439039723117E-06,1.01246462687629E-05,4.84314903640617E-06,5.85784114550526E-06,5.52799792856601E-06,1.64338333739485E-06,1.55011576501596E-05,1.11555734496718E-05,1.29130992503678E-05,1.6017260049168E-05,2.93142216436505E-06,1.77252050556887E-05,2.38850703655356E-07,1.20789145655019E-05,1.73465808213865E-05,7.09808650735054E-06,7.66888028246516E-06,1.43173911974913E-05,1.64912614248815E-05,6.49408914413353E-06,4.11044671750322E-06,1.69376550776208E-05
YIL022W,48869.1,YIL022W_translation_Ribosome,2.15535962200602E-05,3.31770092051865E-06,3.7641372457708E-05,2.06532689344401E-06,1.2333314645162E-05,6.41098423116492E-05,1.94026730037363E-05,2.59996287783584E-05,2.37681557376211E-05,4.70905533117541E-06,0.000138258898485,7.59433464650692E-05,9.852520996581E-05,0.000147018498957,9.56542129993099E-06,0.000178009055113,9.73430672938176E-07,8.74359618433644E-05,0.000170843292078,3.52679917337531E-05,4.00117580797009E-05,0.000119316522132,0.000155305195272,3.05856120295025E-05,1.52728397171133E-05,0.00016330289851
YIL035C,44672,YIL035C_translation_Ribosome,0.000188439303164,0.000243815737372,0.00016021488214,0.000250602620891,0.000210836974016,0.000127141301405,0.000193103990537,0.000179681966639,0.000184049967186,0.000237254586332,7.06795092370087E-05,0.000115458442035,9.65448272454094E-05,6.59007255785019E-05,0.000219008795309,5.1135660303351E-05,0.000257603824551,0.000105351199943,5.42920652845512E-05,0.000163844635311,0.000156662424747,8.20243900486893E-05,6.16102603831153E-05,0.00017150981672,0.000203007046896,5.77740851971234E-05
YIL052C,13666.5,YIL052C_translation_Ribosome,0,0,0,0,0,0,0,0,0,0,0,0,0,0,0,0,0,0,0,0,0,0,0,0,0,0
YIL053W,27939,YIL053W_translation_Ribosome,0,0,0,0,0,0,0,0,0,0,0,0,0,0,0,0,0,0,0,0,0,0,0,0,0,0
YIL066C,97498.6,YIL066C_translation_Ribosome,0,7.28730252069363E-07,0,5.12740458707022E-07,0,2.11725601422801E-07,9.75030035826822E-07,2.4590747164313E-06,0,0,0,0,2.69050047655435E-07,0,6.84158293432621E-07,0,0,2.51893748452184E-07,0,0,0,0,0,1.37712744455671E-07,0,0
YIL069C,15348.1,YIL069C_translation_Ribosome,0,0,0,0,0,0,0,0,0,0,0,0,0,0,0,0,0,0,0,0,0,0,0,0,0,0
YIL074C,51181.7,YIL074C_translation_Ribosome,1.04707545892382E-06,2.82495598129438E-07,1.48717423440765E-06,1.94502550506534E-07,7.26770191574154E-07,2.05031152937691E-06,9.78574479200398E-07,1.18064750290917E-06,0,3.68124253982654E-07,3.18209289296953E-06,2.2634069912451E-06,2.62961007334389E-06,3.29354184830057E-06,6.11637471884034E-07,3.66406253194695E-06,1.04122647674494E-07,2.45564375818479E-06,3.58136279362053E-06,1.42870470855667E-06,1.54393016874249E-06,2.92921414447751E-06,3.39621965191056E-06,0,8.37705880453445E-07,3.4924924766825E-06
YIL075C,104223,YIL075C_translation_Ribosome,0.001049412311002,0.001104634763512,0.00101869849769,0.001111002442419,0.001072481492751,0.000979970555159,0.00105429617651,0.001040072179549,0.001044792175976,0.00109839624567,0.000904297966755,0.000965437292499,0.000940749567936,0.00089704642548,0.001080737084042,0.000873434297726,0.001117480896817,0.00095244548475,0.000878665491214,0.001022756875888,0.001014683540165,0.000920900283764,0.000890362944083,0.001031223525751,0.001064556021685,0.000884303597391
YIL078W,84517.4,YIL078W_translation_Ribosome,0,0,0,0,0,0,0,0,0,0,0,0,0,0,0,0,0,0,0,0,0,0,0,0,0,0
YIL083C,41869.3,YIL083C_translation_Ribosome,0,0,0,0,0,0,0,0,0,0,0,0,0,0,0,0,0,0,0,0,0,0,0,0,0,0
YIL091C,83980,YIL091C_translation_Ribosome,0.000354251716504,0.000458355247684,0.000301191927877,0.000471114078223,0.000396357653068,0.000239016083721,0.000363020977912,0.000337788582521,0.00034600009501,0.000446020777224,0.000132872161213,0.00021705318683,0.000181497013612,0.000123888407371,0.000411720062456,9.61311952067385E-05,0.000484275814511,0.000198052331913,0.000102064999163,0.000308015590827,0.000294513575175,0.000154199683835,0.000115822655511,0.000322425555341,0.000381637979009,0.000108610934699
YIL093C,30508.7,YIL093C_translation_Ribosome,5.89351104629996E-06,7.5614768584012E-07,1.07000890087804E-05,4.50678397654522E-07,3.21202873902522E-06,1.87217091505066E-05,5.26083760127186E-06,7.21116201964541E-06,6.54871532911195E-06,1.11168139457879E-06,4.12310805539035E-05,2.23216337281313E-05,2.91905070876265E-05,4.38780421877583E-05,2.43054657796201E-06,5.32089202114959E-05,2.01079161610249E-07,2.58175424798865E-05,5.10560915964096E-05,9.98536122636727E-06,1.14144000002302E-05,3.54948331199657E-05,4.63738021838229E-05,8.58039118110049E-06,4.05727218951816E-06,4.87866590823873E-05
YIL094C,40071.4,YIL094C_translation_Ribosome,5.95341208091766E-05,1.63053144075876E-05,8.24628826794777E-05,1.10511269677238E-05,4.19188839990309E-05,0.000110122930037,5.58537617743711E-05,6.66467856291165E-05,6.31896007869931E-05,2.13163047216004E-05,0.00016129297581,0.000120210670299,0.000136970798578,0.000165975899914,3.54131880069354E-05,0.000181109548736,5.61312406763696E-06,0.000129111687177,0.000177789665083,7.94902046914406E-05,8.53325179462656E-05,0.000150420964277,0.000170234121258,7.32791606782869E-05,4.81376641712639E-05,0.000174185038696
YIL099W,61439.2,YIL099W_translation_Ribosome,0,0,0,0,0,0,0,0,0,0,0,0,0,0,0,0,0,0,0,0,0,0,0,0,0,0
YIL107C,93425.2,YIL107C_translation_Ribosome,0,0,0,0,0,0,0,0,0,0,0,0,0,0,0,0,0,0,0,0,0,0,0,0,0,0
YIL111W,17205,YIL111W_translation_Ribosome,0,1.40580422012459E-06,7.2429216244342E-06,0,3.61071022480293E-06,0,4.83776983102087E-06,0,5.49037699507124E-06,1.83460627756191E-06,1.49297710995273E-05,1.08080992478861E-05,0,0,0,1.7034629216222E-05,5.08177598226848E-07,1.16781696244725E-05,1.66759501758724E-05,6.96971816137182E-06,7.50749330903163E-06,0,1.58696501604979E-05,6.40169408228791E-06,0,2.26031700582411E-06
YIL115C,158830.7,YIL115C_translation_Ribosome,0,0,0,0,0,0,0,0,0,0,0,0,0,0,0,0,0,0,0,0,0,0,0,0,0,0
YIL116W,42643.6,YIL116W_translation_Ribosome,5.84764801982029E-05,1.34150677829824E-05,8.32076523954536E-05,8.11944001389653E-06,3.98073978082531E-05,0.000114032626957,5.45477829749401E-05,6.59761335248527E-05,6.22611505503232E-05,1.85092213679565E-05,0.000174587603438,0.000125643831094,0.000145438624777,0.000180400400328,3.30162418764567E-05,0.000199636771715,2.69014565698189E-06,0.000136043306811,0.000195372374232,7.99448622022204E-05,8.63736412330435E-05,0.000161254989664,0.000185739018648,7.31421153037592E-05,4.62954482282045E-05,0.000190766694631
YIL124W,32823.3,YIL124W_translation_Ribosome,0,0,0,0,0,0,0,0,0,0,0,0,0,0,0,0,0,0,0,0,0,0,0,0,0,0
YIL125W,114412.3,YIL125W_translation_Ribosome,0,0,0,0,0,0,0,0,0,0,0,0,0,0,0,0,0,0,0,0,0,0,0,0,0,0
YIL133C,22228.6,YIL133C_translation_Ribosome,0,0,0,0,0,0,0,0,0,0,0,0,0,0,0,0,0,0,0,0,0,0,0,0,0,0
YIL134W,34427.7,YIL134W_translation_Ribosome,0,0,0,0,0,0,0,0,0,0,0,0,0,0,0,0,0,0,0,0,0,0,0,0,0,0
YIL142W,57197,YIL142W_translation_Ribosome,0.000107198274427,5.14017248249179E-05,0.000137407512996,4.47942646565625E-05,8.4057502156113E-05,0.000148809864088,0.000102299185959,0.00011627262109,0.000111704839823,5.77829000007913E-05,0.00021891816708,0.0001618919094,0.000184130299957,0.000225944248695,7.56650102185243E-05,0.000249425732136,3.79507266689497E-05,0.000173423876805,0.000244200255364,0.000133422959416,0.000141257477276,0.000202837139226,0.000232454516478,0.000125145135241,9.20786863863115E-05,0.000238540509628
YIL145C,35024.5,YIL145C_translation_Ribosome,0,0,0,0,0,0,0,0,0,0,0,0,0,0,0,0,0,0,0,0,0,0,0,0,0,0
YIL148W,14568.3,YIL148W_translation_Ribosome,0,0,0,0,0,0,0,0,0,0,0,0,0,0,0,0,0,0,0,0,0,0,0,0,0,0
YIL149C,195121.7,YIL149C_translation_Ribosome,0,0,0,0,0,0,0,0,0,0,0,0,0,0,0,0,0,0,0,0,0,0,0,0,0,0
YIL155C,72391.7,YIL155C_translation_Ribosome,0,0,0,0,0,0,0,0,0,0,0,0,0,0,0,0,0,0,0,0,0,0,0,0,0,0
YIL160C,44731.9,YIL160C_translation_Ribosome,0,0,0,0,0,0,0,0,0,0,0,0,0,0,0,0,0,0,0,0,0,0,0,0,0,0
YIL162W,60616.5,YIL162W_translation_Ribosome,0,0,0,0,0,0,0,0,0,0,0,0,0,0,0,0,0,0,0,0,0,0,0,0,0,0
YIL172C,68681.1,YIL172C_translation_Ribosome,0,0,0,0,0,0,0,0,0,0,0,0,0,0,0,0,0,0,0,0,0,0,0,0,0,0
YIR012W,47125.1,YIR012W_translation_Ribosome,0.000198787182251,0.000257204535397,0.000169012856875,0.00026436411107,0.000222414789671,0.000134123087009,0.000203708024365,0.000189548948918,0.000194156812067,0.000250283087982,7.45607749987679E-05,0.00012179867986,0.000101846450538,6.95195711622372E-05,0.000231035355028,5.39437031107058E-05,0.000271749775975,0.000111136412796,5.72734376285145E-05,0.000172841932833,0.000165265321285,8.65286439712457E-05,6.49935011098753E-05,0.00018092803689,0.000214154893125,6.09466677633184E-05
YIR015W,16359.4,YIR015W_translation_Ribosome,0,0,0,0,0,0,0,0,0,0,0,0,0,0,0,0,0,0,0,0,0,0,0,0,0,0
YIR026C,41188.6,YIR026C_translation_Ribosome,0.000173745323296,0.000224803655093,0.000147721765189,0.000231061316055,0.000194396485225,0.00011722717154,0.000178046271146,0.000165670859848,0.000169698255696,0.00021875412461,6.5168115019687E-05,0.000106455309491,8.90165264926637E-05,6.07619678000242E-05,0.000201931090313,4.71482418062904E-05,0.000237516585063,9.71362024079854E-05,5.00585189868209E-05,0.000151068480166,0.000144446318677,7.56283531509546E-05,5.68060613094552E-05,0.000158135951759,0.000187177114339,5.3269020539717E-05
YIR027C,50113.8,YIR027C_translation_Ribosome,0,0,0,0,0,0,0,0,0,0,0,0,0,0,0,0,0,0,0,0,0,0,0,0,0,0
YIR028W,71759.6,YIR028W_translation_Ribosome,0,0,0,0,0,0,0,0,0,0,0,0,0,0,0,0,0,0,0,0,0,0,0,0,0,0
YIR029W,38706.1,YIR029W_translation_Ribosome,0,0,0,0,0,0,0,0,0,0,0,0,0,0,0,0,0,0,0,0,0,0,0,0,0,0
YIR031C,62786.6,YIR031C_translation_Ribosome,0,0,0,0,0,0,0,0,0,0,0,0,0,0,0,0,0,0,0,0,0,0,0,0,0,0
YIR032C,21718.9,YIR032C_translation_Ribosome,0,0,0,0,0,0,0,0,0,0,0,0,0,0,0,0,0,0,0,0,0,0,0,0,0,0
YIR034C,41473.3,YIR034C_translation_Ribosome,0.000111434864551,3.05199854767202E-05,0.000154352496299,2.06852947526954E-05,7.84629905851677E-05,0.000206126060582,0.000104546036682,0.000124748218809,0.000118277124261,3.98994643254377E-05,0.000301905204412,0.000225008105944,0.0002563794036,0.000310670615006,6.62857493353874E-05,0.000338997498542,1.05065416551299E-05,0.000241668864459,0.000332783401816,0.000148788292705,0.000159723826435,0.000281555174612,0.000318641074839,0.000137162575571,9.01031881180127E-05,0.000326036328916
YIR037W,18643.6,YIR037W_translation_Ribosome,0,0,0,0,0,0,0,0,0,0,0,0,0,0,0,0,0,0,0,0,0,0,0,0,0,0
YJL001W,23543.8,YJL001W_translation_Ribosome,0.000237060471947,0.000249535130875,0.000230122273298,0.000250973578805,0.000242271761214,0.000221373696368,0.000238163728932,0.000234950551998,0.000236016791234,0.000248125860211,0.000204279386217,0.000218090656833,0.000212513741473,0.000202641275268,0.00024413668537,0.000197307335413,0.000252437050732,0.000215155829365,0.000198489053204,0.000231039054091,0.000229215301161,0.000208029821641,0.000201131488087,0.000232951656022,0.000240481410661,0.000199762691884
YJL005W,227830.7,YJL005W_translation_Ribosome,0,0,0,0,0,0,0,0,0,0,0,0,0,0,0,0,0,0,0,0,0,0,0,0,0,0
YJL008C,61651,YJL008C_translation_Ribosome,0.000115545934519,5.54044396940576E-05,0.000148107603261,4.82824485609688E-05,9.06031621488281E-05,0.000160397869309,0.00011026534807,0.000125326911601,0.000120403431647,6.2282524746906E-05,0.000235965591178,0.000174498629411,0.000198468750505,0.00024353880232,8.15571366502132E-05,0.000268848817454,4.09059959415252E-05,0.000186928605152,0.000263216426446,0.000143812767644,0.000152257368944,0.000218632314115,0.000250556032578,0.000134890339227,9.92489657569888E-05,0.000257115949421
YJL010C,77726,YJL010C_translation_Ribosome,0.000327870551524,0.000424221481084,0.000278762131295,0.000436030160086,0.000366840854279,0.000221216529213,0.000335986765053,0.000312633428971,0.000320233429206,0.000412805560021,0.000122977156495,0.000200889211712,0.000167980910693,0.000114662423807,0.000381059223321,8.89722943395922E-05,0.000448211740398,0.000183303352587,9.4464207250784E-05,0.000285077635302,0.000272581116267,0.00014271641612,0.000107197329391,0.000298414488145,0.000353217355995,0.000100522666235
YJL014W,58807.9,YJL014W_translation_Ribosome,0.000110217413547,5.28494063208085E-05,0.000141277467062,4.60558532177677E-05,8.6424903072652E-05,0.000153000954705,0.000105180346836,0.000119547330696,0.000114850902142,5.94103013262327E-05,0.000225083792468,0.000166451443586,0.00018931615761,0.0002323077571,7.77960444504075E-05,0.000256450574556,3.90195733845293E-05,0.000178308198065,0.000251077927119,0.000137180692257,0.000145235861984,0.000208549857508,0.000239001380484,0.000128669730908,9.46719964532679E-05,0.000245258779938
YJL026W,46129.7,YJL026W_translation_Ribosome,1.09008765001249E-06,4.11222626407843E-07,1.52489719868982E-06,0,7.65416380252497E-07,1.87248586106457E-06,9.87182197830436E-08,0,1.15749627938194E-06,0,0,2.27995265520244E-06,2.37945910540839E-06,0,0,0,0,2.22773003971959E-06,0,1.4674438957351E-06,1.58064582819034E-06,2.64198380822663E-06,0,1.21792152271051E-06,8.78311479360983E-07,0
YJL033W,87192.6,YJL033W_translation_Ribosome,0.000367803384335,0.000475889328045,0.000312713828181,0.000489136239306,0.000411520055976,0.000248159487753,0.000376908108105,0.000350710463924,0.000359236102455,0.000463083010481,0.000137955098878,0.000225356414599,0.000188440063218,0.000128627677406,0.000427470144293,9.98086312358069E-05,0.000502801469211,0.000205628694398,0.000105969428983,0.000319798525896,0.000305779999462,0.000160098491936,0.000120253375481,0.000334759734182,0.000396237290409,0.000112765775004
YJL035C,28251.8,YJL035C_translation_Ribosome,0,0,0,0,0,0,0,0,0,0,0,0,0,0,0,0,0,0,0,0,0,0,0,0,0,0
YJL039C,191493.4,YJL039C_translation_Ribosome,0,0,0,0,0,0,0,0,0,0,0,0,0,0,0,0,0,0,0,0,0,0,0,0,0,0
YJL041W,86513.9,YJL041W_translation_Ribosome,0,0,0,0,0,0,0,0,0,0,0,0,0,0,0,0,0,0,0,0,0,0,0,0,0,0
YJL045W,69381.4,YJL045W_translation_Ribosome,2.52383586142028E-06,0,3.53053282917782E-06,0,0,4.7991490808525E-06,2.36469936428619E-06,0,2.67990433551947E-06,9.18530467033489E-07,7.33380736590234E-06,0,6.09851279312438E-06,7.58061496579792E-06,0,8.39833084221957E-06,0,0,8.2161669738132E-06,0,3.65960537700149E-06,0,7.80785493124486E-06,3.12151193117343E-06,2.03351906182783E-06,8.02034110995962E-06
YJL050W,122040.2,YJL050W_translation_Ribosome,0.000514800551709,0.000666084378404,0.000437693773714,0.000684625581439,0.000575989131364,0.000347339493458,0.000527544090838,0.000490876234444,0.000502809249762,0.000648159857783,0.000193090558811,0.000315422890347,0.000263752462974,0.000180035318091,0.000598313869566,0.000139698384011,0.000703752289331,0.000287810743,0.000148321420705,0.000447609958415,0.000427988754669,0.000224083832522,0.000168314122923,0.000468550598462,0.000554598419694,0.000157834010393
YJL052W,35752.3,YJL052W_translation_Ribosome,0,0,0,0,0,0,0,0,0,0,0,0,0,0,0,0,0,0,0,0,0,0,0,0,0,0
YJL054W,54176.2,YJL054W_translation_Ribosome,0,0,0,0,0,0,0,0,0,0,0,0,0,0,0,0,0,0,0,0,0,0,0,0,0,0
YJL060W,50079.7,YJL060W_translation_Ribosome,1.64267384545866E-06,4.49898531384642E-07,2.27532747200365E-06,3.04924251605384E-07,1.15663175066843E-06,3.03852739401619E-06,1.54112486067142E-06,1.83892749483527E-06,0,5.88162481818367E-07,0,3.31686974395584E-06,3.779317563731E-06,0,9.77125670668111E-07,4.99720017408276E-06,1.54878109761226E-07,3.56246785518293E-06,4.90559747679467E-06,2.1933049223204E-06,2.35450685241086E-06,4.15043642986867E-06,4.69712384753194E-06,2.0219289212184E-06,0,0
YJL063C,26958.8,YJL063C_translation_Ribosome,5.20775993716519E-06,6.68164629532777E-07,9.45505903463304E-06,3.98238823243492E-07,2.83828679588553E-06,1.65433077334229E-05,4.64870245946788E-06,6.37209303101137E-06,5.78672663254951E-06,9.82329511915312E-07,3.6433556803029E-05,1.97243559820623E-05,2.57939880255109E-05,3.8772525991974E-05,2.14773553399398E-06,4.70176912879826E-05,1.77682198914355E-07,2.28134913715355E-05,4.51153592951941E-05,8.82349481391832E-06,1.00862549609195E-05,3.13647617602366E-05,4.09778869081031E-05,7.58200283109578E-06,3.58518027653693E-06,4.31099910802579E-05
YJL068C,33929.4,YJL068C_translation_Ribosome,0,0,0,0,0,0,0,0,0,0,0,0,0,0,0,0,0,0,0,0,0,0,0,0,0,0
YJL069C,66390,YJL069C_translation_Ribosome,0.000280052053569,0.00036235061793,0.000238105883446,0.000372437052313,0.000313338706682,0.00018895305785,0.000286984552555,0.000267037199257,0.000273528772419,0.000352599659442,0.000105041471576,0.000171590391446,0.000143481623407,9.79394065892894E-05,0.000325483388265,7.59960710856795E-05,0.000382842001969,0.000156569353604,8.06870123173655E-05,0.000243500298583,0.000232826342652,0.000121901845795,9.15630638170448E-05,0.000254892029282,0.000301702136538,8.58618713341024E-05
YJL071W,65619.9,YJL071W_translation_Ribosome,0,0,0,0,0,0,0,0,0,0,0,0,0,0,0,0,0,0,0,0,0,0,0,0,0,0
YJL088W,37839.6,YJL088W_translation_Ribosome,4.02512990815549E-07,9.99202060286377E-08,5.60353609372533E-07,6.33776321053729E-08,2.79785265692321E-07,7.48343882577687E-07,3.76667168232704E-07,4.51227330958663E-07,4.27379170188266E-07,1.35632110765401E-07,1.09218939421489E-06,8.16532651574844E-07,9.29470725579884E-07,1.12293532675416E-06,2.33889757606001E-07,1.22152582710082E-06,2.51804739594415E-08,8.7634957659361E-07,1.20001181764591E-06,5.39893860714069E-07,5.80151626707352E-07,1.02033396217016E-06,1.1508700528294E-06,4.96967246058138E-07,3.22572308036805E-07,1.17660605811762E-06
YJL091C,55484.7,YJL091C_translation_Ribosome,0,0,0,0,0,0,0,0,0,0,0,0,0,0,0,0,0,0,0,0,0,0,0,0,0,0
YJL096W,18406.9,YJL096W_translation_Ribosome,3.55574863819628E-06,4.56208715497236E-07,6.45571487397759E-06,2.71909068488235E-07,1.9379223564545E-06,1.1295421573599E-05,3.17403598458312E-06,4.35073071548152E-06,3.95105488570246E-06,6.70713870531105E-07,2.48760640947548E-05,1.34673742201516E-05,1.76115909531128E-05,2.64730629212601E-05,1.46642852058229E-06,3.21026878707052E-05,1.21317657581074E-07,1.55765707051767E-05,3.0803815711779E-05,6.02449614561157E-06,6.88668213867641E-06,2.14151977552599E-05,2.79788368372762E-05,5.17683160644009E-06,2.44788547087361E-06,2.94345925937059E-05
YJL097W,24526.9,YJL097W_translation_Ribosome,5.66763549364492E-11,3.14712497577408E-11,1.10479930013484E-10,1.12721332652221E-11,3.97958920468693E-11,1.07771777419101E-10,1.04317075357957E-10,1.24866358194996E-10,6.01810964165303E-11,4.05203356482636E-11,1.6469116540396E-10,2.32865410743946E-10,1.36950853631617E-10,1.70233584127116E-10,3.36596297233291E-11,1.8859656721872E-10,6.37651060197015E-12,1.28218018081059E-10,1.84505816223294E-10,7.62960401239803E-11,1.61440957636612E-10,1.52060582590028E-10,1.7533658354728E-10,7.00980285025302E-11,4.56655877961311E-11,1.80108265521135E-10
YJL100W,70209.5,YJL100W_translation_Ribosome,0,0,0,0,0,0,0,0,0,0,0,0,0,0,0,0,0,0,0,0,0,0,0,0,0,0
YJL101C,78241.2,YJL101C_translation_Ribosome,0,0,0,0,0,0,0,0,0,0,0,0,0,0,0,0,0,0,0,0,0,0,0,0,0,0
YJL104W,16222.3,YJL104W_translation_Ribosome,7.15480546931872E-06,1.10132455156591E-06,1.24952093740355E-05,6.85593810066418E-07,4.09409484046588E-06,2.12815274873543E-05,6.44079760561402E-06,8.63068437788221E-06,7.88993766659118E-06,1.5631904065949E-06,4.58956135654873E-05,2.52097081665161E-05,3.27058512153561E-05,4.88033991955661E-05,3.17528118901045E-06,5.90908425724677E-05,3.23134340628433E-07,2.90247294059357E-05,5.67121378759157E-05,1.17073558199857E-05,1.32820686915931E-05,3.96076133379827E-05,5.15542023335545E-05,1.01530204981511E-05,5.06988235393996E-06,5.42090730237256E-05
YJL109C,200069.9,YJL109C_translation_Ribosome,0.000843952196902,0.001091963426632,0.000717545116589,0.001122359448902,0.000944263348578,0.000569420385431,0.000864843662167,0.000804731220839,0.000824293931992,0.001062578379342,0.000316548225848,0.000517097039578,0.000432389728074,0.000295145764157,0.000980862011475,0.00022901832117,0.001153715334384,0.000471830319607,0.000243154729412,0.000733801481963,0.000701634931341,0.000367357886699,0.000275930306094,0.000768131086145,0.000909195907318,0.000258749450394
YJL111W,59725.2,YJL111W_translation_Ribosome,0.000111936611707,5.36737642798256E-05,0.000143481147529,4.67742436747754E-05,8.77729798376537E-05,0.000155387500998,0.000106820975597,0.000121412059184,0.000116642374589,6.03369977293785E-05,0.000228594704486,0.000169047793893,0.000192269157316,0.000235931350283,7.90095261692643E-05,0.000260450753309,3.96282102286545E-05,0.000181089492927,0.000254994302003,0.000139320470229,0.000147501286462,0.000211802869166,0.000242729382442,0.000130676752824,9.61487133968517E-05,0.000249084386342
YJL121C,25961.4,YJL121C_translation_Ribosome,3.53961718170464E-06,9.28505391802369E-07,4.97710481753979E-06,6.22016902146689E-07,2.4578772940446E-06,6.78069521197396E-06,3.31109071780741E-06,3.97798603722608E-06,3.76334070402499E-06,1.22533822759567E-06,1.03656659201073E-05,7.46109438655284E-06,8.62135234320244E-06,1.07129510575931E-05,2.0641158596895E-06,1.18607458322027E-05,3.05706655154418E-07,8.07175618251975E-06,1.16053334867859E-05,4.78740671595681E-06,5.16086793692838E-06,9.5731762054499E-06,1.10322929277258E-05,4.39377806147293E-06,2.83475300574968E-06,1.13306075326233E-05
YJL122W,19301.4,YJL122W_translation_Ribosome,8.14188387822821E-05,0.000105345296233,6.92239328021697E-05,0.000108277700279,9.10961848645737E-05,5.49338537549273E-05,8.34343070144297E-05,7.76350624752202E-05,7.95223414363794E-05,0.000102510424262,3.0538446444914E-05,4.98860488244847E-05,4.17140564244839E-05,2.84736807100845E-05,9.46269780125744E-05,2.20941492160436E-05,0.00011130270548,4.55190197568621E-05,2.34579349230667E-05,7.07922377326703E-05,6.76890250046569E-05,3.54402212143126E-05,2.6619902394311E-05,7.41041273380656E-05,8.77131136943479E-05,2.49624088472367E-05
YJL125C,43920.2,YJL125C_translation_Ribosome,0,0,0,0,0,0,0,0,0,0,0,0,0,0,0,0,0,0,0,0,0,0,0,0,0,0
YJL129C,141084.1,YJL129C_translation_Ribosome,0,0,0,0,0,0,0,0,0,0,0,0,0,0,0,0,0,0,0,0,0,0,0,0,0,0
YJL130C,244996.8,YJL130C_translation_Ribosome,7.83208722201004E-06,1.57068525908441E-06,7.77311155631599E-06,1.10514676444452E-06,3.90168394029532E-06,1.05662014732051E-05,7.33662149976614E-06,6.23190212280001E-06,8.31632139554164E-06,2.02231224961843E-06,2.24884441251333E-05,1.1621981040527E-05,1.3426987529136E-05,2.32242891604383E-05,3.30007018244782E-06,2.56508403229298E-05,6.25168270677836E-07,1.25707995542385E-05,2.51118406733774E-05,7.48024530042539E-06,8.05728829723157E-06,1.4908381305906E-05,2.39004908811526E-05,6.87257749449477E-06,6.3044328924055E-06,2.4531446211151E-05
YJL134W,47386.3,YJL134W_translation_Ribosome,0,0,0,0,0,0,0,0,0,0,0,0,0,0,0,0,0,0,0,0,0,0,0,0,0,0
YJL136C,9759,YJL136C_translation_Ribosome,0.002589826978258,0.002917619534299,0.002404010535457,0.002955100515628,0.002727545559641,0.002164022080688,0.002619169845501,0.002533765235467,0.002561891831378,0.002880884693132,0.001666343975941,0.002071912218918,0.00191234026566,0.001616273042703,0.00277598139429,0.001449045782134,0.002993221197571,0.001988410910322,0.001486606718591,0.002428777507311,0.002379502723607,0.001778906048006,0.00156977226082,0.002480207651536,0.002680292718685,0.001526822962762
YJL137C,44536.3,YJL137C_translation_Ribosome,0,0,0,0,0,0,0,0,0,0,0,0,0,0,0,0,0,0,0,0,0,0,0,0,0,0
YJL138C,44684.5,YJL138C_translation_Ribosome,0,0,0,0,0,0,0,0,0,0,0,0,0,0,0,0,0,0,0,0,0,0,0,0,0,0
YJL139C,50820.4,YJL139C_translation_Ribosome,0,0,0,0,0,0,0,0,0,0,0,0,0,0,0,0,0,0,0,0,0,0,0,0,0,0
YJL143W,16590.5,YJL143W_translation_Ribosome,7.31719917266554E-06,1.12632148171062E-06,1.27788150336226E-05,7.01154836608059E-07,4.18701913111885E-06,2.1764557539865E-05,6.58698536434041E-06,8.82657632834153E-06,8.06901677675674E-06,1.59867037600172E-06,4.69373132575662E-05,2.57818967308326E-05,3.34481808737581E-05,4.99110973384809E-05,3.24735102706015E-06,6.04320363757621E-05,3.30468569697023E-07,2.96835080851159E-05,5.79993418584528E-05,1.19730794481345E-05,1.35835338162822E-05,4.05065933365677E-05,5.27243358719069E-05,1.03834651420931E-05,5.18495424157123E-06,5.54394645642184E-05
YJL153C,59633.6,YJL153C_translation_Ribosome,2.37553339032133E-05,0,4.23284608970459E-05,0,9.88679443766405E-06,6.5733875649411E-05,2.08193422754378E-05,2.94134763031262E-05,2.66347109559525E-05,0,0.00011249722946,7.45810674405955E-05,8.97065725103487E-05,0.000117050722816,4.84542823138333E-06,0.00013213724752,0,8.25319478324191E-05,0.000128776397495,3.98743210558401E-05,4.4709791009481E-05,0.00010212032355,0.000121243228721,3.47822095030531E-05,1.47091809094259E-05,0.000125163488287
YJL155C,52593.4,YJL155C_translation_Ribosome,0,0,0,0,0,0,0,0,0,0,0,0,0,0,0,0,0,0,0,0,0,0,0,0,0,0
YJL166W,10980.7,YJL166W_translation_Ribosome,9.00282074151333E-05,2.44942007942655E-05,0.000126197925761,1.67840592942017E-05,6.29116487133553E-05,0.000171377796701,8.42914709894408E-05,0.00010108493568,9.56622512781849E-05,3.19654855901904E-05,0.000260130682416,0.000188316231658,0.0002171081037,0.000268663876393,5.30244336602315E-05,0.000296804933792,8.85429418401722E-06,0.000203476008676,0.000290555445912,0.000121437731997,0.000130807722683,0.000240606185609,0.000276506779537,0.000111540695376,7.2360456389434E-05,0.000283823061473
YJL167W,40474.7,YJL167W_translation_Ribosome,0.00010305307678,2.91295903558767E-05,0.000144158451935,2.04958137508448E-05,7.23597896023709E-05,0.000195958495664,9.65552272531853E-05,0.000115575513888,0.00010942565302,3.75053672034815E-05,0.000299453472835,0.000215538756015,0.000249014017401,0.00030953110226,6.12023904880758E-05,0.000342920015654,1.15942360335191E-05,0.000233135339714,0.000335481914229,0.000138727017461,0.000149428732536,0.000276487627167,0.000318809747502,0.000127457341276,8.3032497954939E-05,0.00032748596723
YJL177W,20574.9,YJL177W_translation_Ribosome,0,0,0,0,0,0,0,0,0,0,0,0,0,0,0,0,0,0,0,0,0,0,0,0,0,0
YJL179W,12784.9,YJL179W_translation_Ribosome,2.19814975670088E-05,1.01813050123436E-05,2.34749222043789E-05,8.81686505550921E-06,1.71556802176213E-05,3.03522238537431E-05,2.09513216543E-05,1.92286973019583E-05,2.33239120911961E-05,1.14958238491175E-05,4.5945144163371E-05,3.3590621415751E-05,3.93300776925113E-05,4.80576581566758E-05,1.55112204413305E-05,5.54075169748596E-05,7.4168134499507E-06,3.65401880872677E-05,5.37449463682994E-05,2.26591926726509E-05,2.42941241294473E-05,4.6219758315053E-05,5.00459392987923E-05,2.09647969517125E-05,1.8917192687251E-05,5.19253465435955E-05
YJL184W,13598.2,YJL184W_translation_Ribosome,0,0,0,0,0,0,0,0,0,0,0,0,0,0,0,0,0,0,0,0,0,0,0,0,0,0
YJL189W,6358.9,YJL189W_translation_Ribosome,0.00168751416867,0.001901101635071,0.00156643740075,0.001925523995166,0.001777250687488,0.001410062507315,0.00170663378733,0.001650984707021,0.001669311811307,0.00187716545498,0.001085778738458,0.001350044329222,0.0012460682975,0.00105315284878,0.001808811157716,0.000944188669332,0.00195036317996,0.001295635427569,0.000968663127662,0.001582575396171,0.001550468272276,0.001159123441814,0.001022853246166,0.001616086938759,0.001746461048145,0.000994867766975
YJL190C,14635.3,YJL190C_translation_Ribosome,0.003883891256779,0.004375472606859,0.003605227522244,0.004431681788746,0.004090423970592,0.003245323532892,0.003927895936045,0.003799817025375,0.003841997696461,0.004320382390551,0.002498969565642,0.003107188943287,0.002867883337434,0.002423879584166,0.004163061840337,0.002173093527541,0.004488850311795,0.002981964360676,0.002229422615903,0.003642369858873,0.00356847384064,0.002667775764359,0.002354143659062,0.003719498211141,0.004019560203481,0.002289733795155
YJL191W,14661.1,YJL191W_translation_Ribosome,0.003890738017311,0.004383185956995,0.003611583037339,0.004439494227859,0.004097634819597,0,0.003934820270712,0.003806515574722,0.003848770604469,0.004327998624293,0,0,0,0,0.004170400739812,0,0.004496763531069,0,0,0.003648790850746,0.003574764564103,0,0,0.003726055169581,0.004026646129512,0
YJL196C,36249.2,YJL196C_translation_Ribosome,0,0,0,0,0,0,0,0,0,0,0,0,0,0,0,0,0,0,0,0,0,0,0,0,0,0
YJL198W,97687.3,YJL198W_translation_Ribosome,0,0,0,0,0,0,0,0,0,0,0,0,0,0,0,0,0,0,0,0,0,0,0,0,0,0
YJL212C,91630.2,YJL212C_translation_Ribosome,0,0,0,0,0,0,0,0,0,0,0,0,0,0,0,0,0,0,0,0,0,0,0,0,0,0
YJL214W,63486,YJL214W_translation_Ribosome,0,0,0,0,0,0,0,0,0,0,0,0,0,0,0,0,0,0,0,0,0,0,0,0,0,0
YJL216C,67538.3,YJL216C_translation_Ribosome,0,0,0,0,0,0,0,0,0,0,0,0,0,0,0,0,0,0,0,0,0,0,0,0,0,0
YJL219W,62863.3,YJL219W_translation_Ribosome,0,0,0,0,0,0,0,0,0,0,0,0,0,0,0,0,0,0,0,0,0,0,0,0,0,0
YJL221C,68681.1,YJL221C_translation_Ribosome,0,0,0,0,0,0,0,0,0,0,0,0,0,0,0,0,0,0,0,0,0,0,0,0,0,0
YJR001W,65351.8,YJR001W_translation_Ribosome,0,0,0,0,0,0,0,0,0,0,0,0,0,0,0,0,0,0,0,0,0,0,0,0,0,0
YJR002W,66896.9,YJR002W_translation_Ribosome,0.000282190303094,0.000365117232303,0.000239923866159,0.000375280678489,0.000315731105996,0.000190395749596,0.000289175732999,0.000269076077948,0.000275617215478,0.000355291823433,0.000105843482752,0.000172900516004,0.000144577132292,9.86871921774821E-05,0.000327968514481,7.65763152253591E-05,0.000385765071871,0.000157764789744,8.13030726659673E-05,0.000245359468659,0.000234604015089,0.000122832589064,9.22621648420314E-05,0.000256838177341,0.000304005688473,8.65174426939345E-05
YJR007W,34703.9,YJR007W_translation_Ribosome,0.00157172902402,0.001869156390753,0.001407633483246,0.001905679768716,0.001689103824128,0.001212065113064,0.001592760156296,0.001522310998855,0.00154224756093,0.001834866615311,0.000824343081948,0.001134562698353,0.001003485125416,0.000787432052831,0.0017367052272,0.000666991194693,0.001943659457315,0.001065436284824,0.000694205853285,0.001429869241716,0.001389653701421,0.000909848396683,0.000753987391581,0.001472646746648,0.001645368015343,0.000720175317955
YJR009C,35845.2,YJR009C_translation_Ribosome,0,0,0,0,0,0,0,0,0,0,0,0,0,0,0,0,0,0,0,0,0,0,0,0,0,0
YJR010W,57710.9,YJR010W_translation_Ribosome,0,0,0,0,0,0,0,0,0,0,0,0,0,0,0,0,0,0,0,0,0,0,0,0,0,0
YJR013W,47177.6,YJR013W_translation_Ribosome,0,0,0,0,0,0,0,0,0,0,0,0,0,0,0,0,0,0,0,0,0,0,0,0,0,0
YJR016C,62863.9,YJR016C_translation_Ribosome,4.99944006802405E-05,1.32169902075512E-05,7.0631184794039E-05,8.95876807977021E-06,3.46779459509614E-05,9.68965871214019E-05,4.67466038199445E-05,5.62695391749858E-05,5.31756674155857E-05,1.73917456993868E-05,0.000149814791572,0.000106846363919,0.000123908787832,0.000154999888397,2.91194045031126E-05,0.000172234694895,4.58066829688912E-06,0.000115806999839,0.000168389614556,6.78969072416974E-05,7.32828903879203E-05,0.000137998721721,0.000159781354439,6.2233207837049E-05,3.99896312107307E-05,0.000164263775001
YJR019C,40264,YJR019C_translation_Ribosome,0,0,0,0,0,0,0,0,0,0,0,0,0,0,0,0,0,0,0,0,0,0,0,0,0,0
YJR025C,20229.2,YJR025C_translation_Ribosome,0,0,0,0,0,0,0,0,0,0,0,0,0,0,0,0,0,0,0,0,0,0,0,0,0,0
YJR041C,135099.7,YJR041C_translation_Ribosome,0.00056988926678,0.000737361948744,0.000484531306247,0.000757887242603,0.000637625625413,0.000384508230602,0.000583996489755,0.000543404812598,0.000556614777755,0.000717519328373,0.000213753145014,0.000349176237494,0.000291976566919,0.000199300865317,0.000662339329862,0.000154647483128,0.00077906069609,0.000318609319192,0.000164193269438,0.000495508620101,0.000473787754848,0.000248063003408,0.000186325387148,0.000518690114299,0.000613945897509,0.000174723799649
YJR042W,84849.2,YJR042W_translation_Ribosome,0,0,0,0,0,0,0,0,0,0,0,0,0,0,0,0,0,0,0,0,0,0,0,0,0,0
YJR045C,70620.5,YJR045C_translation_Ribosome,0.000135562807504,1.8550314524878E-05,0.000244214064852,1.12523535476035E-05,7.49618848811289E-05,0.00042713775457,0.000121278509022,0.000165304261481,0.000150344970014,2.68969705849735E-05,0.000953029380361,0.0005099871111,0.000669395870204,0.001016014353301,5.71996180355941E-05,0.001239924257651,5.13583031393951E-06,0.000590917865158,0.001188009686313,0.000228025782975,0.000260421771943,0.000817349599956,0.001075706608847,0.000196233900119,9.40852703892378E-05,0.001133466194995
YJR047C,17120.5,YJR047C_translation_Ribosome,0.000775382212251,0.000922112269453,0.000694428840848,0.000940130373828,0.000833286806986,0.00059794895583,0.000785757515895,0.000751002782278,0.000760838100816,0.00090519606982,0.000406673766767,0.00055971463372,0.000495050040188,0.000388464422169,0.000856770041473,0.000329047246815,0.000958866920979,0.00052561245031,0.000342473073953,0.000705398423601,0.000685558862121,0.000448856165313,0.000371965143329,0.000726501880941,0.000811710588916,0.000355284608676
YJR048W,12190.2,YJR048W_translation_Ribosome,9.99446168306171E-05,2.81882329135599E-05,0.000140098350252,1.93153055530893E-05,7.23995129215769E-05,0.000197223713899,9.70036800479405E-05,0,0.000110089316353,0,0.000246272526912,0.000216716676896,0.000249850723685,0.00010233786556,6.10211820617613E-05,0.000341566833467,1.01896325926539E-05,0.000225888444358,0.000334374844579,0.000134813831595,5.31925864200857E-06,0.000267108428771,1.1244069130282E-05,0.000128362428601,7.96456918672493E-05,0.000316687043345
YJR049C,59468,YJR049C_translation_Ribosome,0,0,0,0,0,0,0,0,0,0,0,0,0,0,0,0,0,0,0,0,0,0,0,0,0,0
YJR057W,24683.6,YJR057W_translation_Ribosome,0,0,0,0,0,0,0,0,0,0,0,0,0,0,0,0,0,0,0,0,0,0,0,0,0,0
YJR064W,61900.8,YJR064W_translation_Ribosome,0.000116014108181,5.56289296299155E-05,0.000148707711602,4.84780813268693E-05,9.09702716832197E-05,0.000161047775843,0.00011071212564,0.000125834716219,0.000120891287111,6.25348835842611E-05,0.000236921686046,0.000175205669972,0.000199272914167,0.000244525582629,8.18875931348643E-05,0.0002699381499,4.10717405001892E-05,0.000187686009989,0.000264282937343,0.000144395473997,0.000152874291472,0.000219518177313,0.000251571245583,0.000135436893325,9.96511067059774E-05,0.000258157742161
YJR073C,23156.6,YJR073C_translation_Ribosome,1.79202556986401E-07,4.14263236618463E-08,3.76905362887321E-07,3.84057617803294E-08,1.20289955216085E-07,4.48250715027939E-07,1.64938829579715E-07,2.88761505670331E-07,2.30689927718859E-07,6.09322010621539E-08,8.01855832380118E-07,4.70721473006531E-07,4.42555279866647E-07,8.29432333739093E-07,1.48763752542476E-07,9.20798024865121E-07,1.41556252954913E-08,5.11228172627717E-07,9.0044434362701E-07,3.62042751322221E-07,3.91326996641388E-07,7.39011934949917E-07,5.7899555682203E-07,2.20802881900382E-07,2.09639821621354E-07,8.78564168554918E-07
YJR077C,32821.4,YJR077C_translation_Ribosome,0.00031135746686,8.53922555270534E-05,0.000435578769296,5.87490908780127E-05,0.000217880637336,0.000590307280854,0.000291613463773,0.000349329883163,0.000330745276519,0.000111205809056,0.000893277516761,0.000648326186619,0.000746770104863,0.00092228278668,0,0.001017454767312,3.13120720007238E-05,0.000700086970328,0.000996376172496,0.000419215333476,0.000451306840456,0.000826712800641,0.000948529942395,0.000385268048923,0.000250534098826,0.000973567327002
YJR078W,50779,YJR078W_translation_Ribosome,7.41296894289216E-08,0,1.86476769287358E-06,0,0,3.22445718677175E-06,0,6.46334259239062E-07,3.36627444186919E-07,0,3.71314199316981E-06,3.55109240733493E-06,3.8320740397094E-06,3.60266943062949E-06,0,3.06210979977788E-06,0,3.74052882526651E-06,3.20903522400175E-06,1.65286928186472E-06,2.06333752917677E-06,3.87036959595053E-06,3.47130672195918E-06,1.17930513869568E-06,0,3.33521834248073E-06
YJR080C,44447.4,YJR080C_translation_Ribosome,0,0,0,0,0,0,0,0,0,0,0,0,0,0,0,0,0,0,0,0,0,0,0,0,0,0
YJR094WA,10108.2,YJR094WA_translation_Ribosome,0,0,0,0,0,0,0,0,0,0,0,0,0,0,0,0.001500896052359,0,0,0.001539801007569,0,0,0,0,0,0,0
YJR095W,35359.8,YJR095W_translation_Ribosome,3.7158543842212E-06,1.05034531152941E-06,5.19801865583869E-06,7.39031397838962E-07,2.60912580038325E-06,7.06580781468947E-06,3.48155703564778E-06,4.16738435579946E-06,3.94563466929642E-06,1.35235635373151E-06,1.07975960997267E-05,7.77182648528648E-06,8.9788665919058E-06,1.1160971989637E-05,2.20681592559964E-06,1.23648985883892E-05,4.18061198591873E-07,8.40631838721605E-06,1.20966979421382E-05,5.00217375502184E-06,5.38805272265128E-06,9.96950109296825E-06,1.14955383672623E-05,4.59581543005822E-06,2.9939588531871E-06,1.18083826812817E-05
YJR101W,30227.8,YJR101W_translation_Ribosome,5.83924825395202E-06,7.49185675497087E-07,1.06015710449679E-05,4.46528907118998E-07,3.18245491671249E-06,1.85493344475407E-05,5.21239996603347E-06,7.1447673384129E-06,6.48841993350521E-06,1.10144591080737E-06,4.08514573471594E-05,2.21161137645067E-05,2.89217439662573E-05,4.34740478500598E-05,2.40816802581952E-06,5.27190145227118E-05,1.99227783593608E-07,2.55798349511291E-05,5.05860074522333E-05,9.89342391115926E-06,1.1309305225295E-05,3.51680247465051E-05,4.59468288603631E-05,8.50138971978713E-06,4.0199160334697E-06,4.83374700793737E-05
YJR103W,64490.1,YJR103W_translation_Ribosome,0,0,0,0,0,0,0,0,0,0,0,0,0,0,0,0,0,0,0,0,0,0,0,0,0,0
YJR105W,36359.5,YJR105W_translation_Ribosome,3.72436475714665E-06,9.184849440322E-07,5.28458246398845E-06,5.90776938330672E-07,2.55935361740744E-06,7.25073267078331E-06,3.47772895827313E-06,4.19967295933999E-06,3.96624552666055E-06,1.23640072180639E-06,1.11790436056245E-05,7.99393164882014E-06,9.26453651365086E-06,1.15615555155195E-05,2.13585748943265E-06,1.28288831989651E-05,2.52903796340555E-07,8.66183710241622E-06,1.25465585848214E-05,5.07842409513689E-06,5.48462404180037E-06,1.03073398182388E-05,1.19137409740214E-05,4.65066620448063E-06,2.96445275797675E-06,1.22430600742213E-05
YJR109C,123885.1,YJR109C_translation_Ribosome,0,1.91867469027681E-06,1.02364344598411E-05,1.27204232527457E-06,5.12146079329803E-06,1.37643179146489E-05,0,8.22906491934797E-06,0,2.54892471196137E-06,0,1.50655388585852E-05,1.72491956910795E-05,0,4.30076830822485E-06,0,5.99488534143435E-07,1.62184621743399E-05,0,9.85810198863694E-06,1.06029262641784E-05,1.90207975602888E-05,0,9.06775835312975E-06,0,0
YJR110W,80152.6,YJR110W_translation_Ribosome,0,0,0,0,0,0,0,0,0,0,0,0,0,0,0,0,0,0,0,0,0,0,0,0,0,0
YJR113C,27828.6,YJR113C_translation_Ribosome,5.37578335042343E-06,6.89722324785073E-07,9.76011750712899E-06,4.11087619497672E-07,2.92986141549254E-06,1.70770617976442E-05,4.79868841578809E-06,6.57768254235363E-06,5.97342985468817E-06,1.01402343781201E-06,3.76090508052574E-05,2.0360743537636E-05,2.66262064767991E-05,4.00234846068908E-05,2.21703017498201E-06,4.85346723065105E-05,1.83414945795363E-07,2.35495469376201E-05,4.65709633842099E-05,9.10817646848552E-06,1.04116783686754E-05,3.23767159191404E-05,4.22999993920663E-05,7.8266289295307E-06,3.70085270277741E-06,4.45008938742104E-05
YJR121W,54785.2,YJR121W_translation_Ribosome,0.001221890773167,0.000332769492913,0.001711994088387,0.000228151266535,0.000853726958688,0.002323844803962,0.001144077779067,0.001371599944804,0.001298314823489,0.000434178342468,0.003526686418632,0.002553675658029,0.002944197797783,0.003642180252491,0.000719692118995,0.004021639060797,0.000120442157176,0.002758929435274,0.003937530755471,0.001647380851094,0.001774143806641,0.003261895134636,0.003746830237112,0.001513370337878,0.000982245361299,0.003846575307472
YJR123W,25040.9,YJR123W_translation_Ribosome,0.00664531185366,0.007486404241873,0.006168520075554,0.007582577774546,0.00699868793979,0.005552726767117,0.006720603564321,0.006501461408425,0.006573632253341,0.007392145251792,0.004275720142141,0.005316379412103,0.004906929127817,0.004147241688188,0.007122970847041,0.003718148429741,0.007680392733503,0.005102120992344,0.003814527121587,0.006232070364055,0.006105634773192,0.004564546414337,0.004027923988726,0.006364036456743,0.006877440510228,0.003917719144198
YJR130C,72341.2,YJR130C_translation_Ribosome,0,0,0,0,0,0,0,0,0,0,0,0,0,0,0,0,0,0,0,0,0,0,0,0,0,0
YJR133W,23666.4,YJR133W_translation_Ribosome,0,0,0,0,0,0,0,0,0,0,0,0,0,0,0,0,0,0,0,0,0,0,0,0,0,0
YJR137C,161180.1,YJR137C_translation_Ribosome,1.50904218614202E-05,3.33529380892629E-06,2.18421777723103E-05,1.99478777045964E-06,1.0153921399817E-05,3.05900036621795E-05,1.40422123400975E-05,1.71189260004842E-05,1.61370633513756E-05,4.64255307268938E-06,4.89856018537195E-05,3.39733916974897E-05,3.98398032427126E-05,5.08352443567518E-05,8.38337961559747E-06,5.70439648490563E-05,6.1246256485812E-07,3.70502521991037E-05,5.56504526025312E-05,2.09374692511119E-05,2.2720360743285E-05,4.48134216202991E-05,5.25433761395623E-05,1.9075303845759E-05,1.1864736018509E-05,5.41572901514948E-05
YJR139C,38502.4,YJR139C_translation_Ribosome,0.000125781677067,3.1438598622134E-05,0.000179071534394,2.0536470392848E-05,8.62521569802883E-05,0.00024700947716,0.000117378913633,0.000141884975164,0.000133973964087,4.1940298065862E-05,0.000386730490204,0.000273138029033,0.000318218367132,0.000400605070866,7.21014065229774E-05,0.000446845177044,9.26700614033286E-06,0.000296798632345,0.000436490907466,0.000171972402419,0.000185971040149,0.000355307600157,0.000413388388898,0.000157323942917,9.99674975298553E-05,0.000425398737091
YJR143C,87959.7,YJR143C_translation_Ribosome,0,0,0,0,0,0,0,0,0,0,0,0,0,0,0,0,0,0,0,0,0,0,0,0,0,0
YJR145C,29432.7,YJR145C_translation_Ribosome,0.007810800338455,0.008799407774073,0.007250386400958,0.008912448708508,0.008226153314196,0.00652659214,0.007899297091062,0.007641720672809,0.007726549206414,0.008688617164416,0.005025617618679,0.006248792987577,0.005767531236509,0.004874605962083,0.008372233587839,0.004370256152456,0.009027418950891,0.005996956839865,0.004483538227921,0.007325082461258,0.007176471955438,0.005365099706849,0.004734361719545,0.007480193436353,0.00808364089571,0.004604828590643
YJR148W,41625.1,YJR148W_translation_Ribosome,2.37463774307268E-06,6.0014330296135E-07,3.36873569032972E-06,3.93480293000857E-07,1.6343324309354E-06,4.63780941357251E-06,2.21748549148775E-06,2.67572777059187E-06,2.52629578422335E-06,8.01084943564968E-07,7.20050070792235E-06,5.11898613868853E-06,5.94584707475467E-06,7.45234775898264E-06,1.36633784065147E-06,8.29182640068396E-06,1.84168155244637E-07,5.55265083536983E-06,8.10437518857107E-06,3.23665693854666E-06,3.49667014317613E-06,6.6262402335054E-06,7.68505307485315E-06,2.96327160859927E-06,1.89046643559684E-06,7.90325883795347E-06
YJR152W,60857.7,YJR152W_translation_Ribosome,0,0,0,0,0,0,0,0,0,0,0,0,0,0,0,0,0,0,0,0,0,0,0,0,0,0
YJR153W,37291.3,YJR153W_translation_Ribosome,0,0,0,0,0,0,0,0,0,0,0,0,0,0,0,0,0,0,0,0,0,0,0,0,0,0
YJR158W,62924.9,YJR158W_translation_Ribosome,0,0,0,0,0,0,0,0,0,0,0,0,0,0,0,0,0,0,0,0,0,0,0,0,0,0
YJR159W,38164,YJR159W_translation_Ribosome,0,0,0,0,0,0,0,0,0,0,0,0,0,0,0,0,0,0,0,0,0,0,0,0,0,0
YJR160C,67262.5,YJR160C_translation_Ribosome,0,0,0,0,0,0,0,0,0,0,0,0,0,0,0,0,0,0,0,0,0,0,0,0,0,0
YKL001C,23062.7,YKL001C_translation_Ribosome,3.82773652109417E-05,8.46008550207949E-06,5.54034223344336E-05,5.05984661723816E-06,2.5755764902613E-05,7.75925784404207E-05,3.5618546323457E-05,4.34227345369885E-05,4.09322067338531E-05,1.17759928189169E-05,0.00012425363515,8.61746565736368E-05,0.000101055007783,0.00012894531589,2.12647258105207E-05,0.000144693945316,1.55353200118542E-06,9.39792172549058E-05,0.000141159254392,5.31085985850794E-05,5.76309631289006E-05,0.00011367075894,0.000133278049903,4.83851530804773E-05,3.00953040201583E-05,0.000137371797356
YKL003C,15028.9,YKL003C_translation_Ribosome,2.90320427169094E-06,3.72486141845525E-07,5.27097410587995E-06,2.22008822745972E-07,1.58227845552043E-06,9.22250684729435E-06,2.59154281322228E-06,3.55229271902929E-06,3.22596465302326E-06,5.47625710403432E-07,2.03108551507131E-05,1.0995866790021E-05,1.4379544587912E-05,2.16147757274351E-05,1.19731229011834E-06,2.62112623929093E-05,9.9053667049867E-08,1.27179874650826E-05,2.51507568330765E-05,4.91889183527817E-06,5.62285106095833E-06,1.74851205550106E-05,2.28442128193091E-05,4.22678911332312E-06,1.9986540891303E-06,2.40328109910711E-05
YKL004W,45186.5,YKL004W_translation_Ribosome,2.47671314665773E-08,7.00082342473286E-09,3.4646140053694E-08,4.92583559407757E-09,1.73904989348682E-08,4.70954383484706E-08,2.32054789812083E-08,2.77766956235222E-08,2.62986765543104E-08,9.01380520850235E-09,7.19687733891388E-08,5.18012355688316E-08,5.98464703694783E-08,7.43907677695669E-08,1.47089994656285E-08,8.24152502342251E-08,2.78648612025424E-09,5.60302883584935E-08,8.06276234926264E-08,3.33407830875629E-08,3.59127663068323E-08,6.6449305783946E-08,7.66207392921673E-08,3.06322996497703E-08,1.9955510860102E-08,7.87059276373893E-08
YKL006W,15186.4,YKL006W_translation_Ribosome,0.004030141246298,0.004540233353385,0.003740984280732,0.004598559121891,0.00424445105922,0.003367527915376,0.00407580294515,0.003942901155026,0.003986670161701,0.004483068685703,0.00259306959281,0.003224191794383,0.002975875008753,0.002515152058173,0.004319824146557,0.002254922519295,0.00465788035606,0.003094251813558,0.002313372709418,0.003779525231788,0.003702846619714,0.002768232278659,0.002442790189745,0.003859557893154,0.004170918879295,0.002375954938179
YKL008C,49007.5,YKL008C_translation_Ribosome,0,0,0,0,0,0,0,0,0,0,0,0,0,0,0,0,0,0,0,0,0,0,0,0,0,0
YKL009W,27061.3,YKL009W_translation_Ribosome,0.000114152321694,0.00014769812889,9.70545977358821E-05,0.000151809471363,0.000127720330519,7.70193611146453E-05,0.000116978085134,0.000108847322793,0.00011149335998,0.000143723530111,4.28160683048769E-05,6.99421458056942E-05,5.84847003388297E-05,3.99211878827344E-05,0.000132670637368,3.09768410674936E-05,0.000156050644192,6.38194042580523E-05,3.28889207173358E-05,9.92534211484717E-05,9.49025983793156E-05,4.96885437505506E-05,3.73221198805874E-05,0.00010389681687,0.000122977135525,3.49982506210807E-05
YKL010C,167753.9,YKL010C_translation_Ribosome,0.001689099410673,0.001777983647129,0.001639663470747,0.001788232852877,0.001726230804014,0.001577328253006,0.00169696031936,0.00167406584344,0.001681662993863,0.001767942334768,0.001455528152953,0.001553935993228,0.001514199446806,0.001443856311518,0.001739518731208,0.001405851010211,0.001798660359197,0.001533024808384,0.001414270966548,0.001646195702311,0.001633201127664,0.001482250694304,0.001433098800509,0.001659823342415,0.001713474227437,0.001423345876116
YKL014C,203286.5,YKL014C_translation_Ribosome,0.00085752073788,0.001109519338631,0.000729081362781,0.001140404049331,0.000959444630155,0.000578575173892,0.00087874808319,0.000817669191244,0.000837546419555,0.001079661856742,0.000321637492266,0.000525410605674,0.000439341422453,0.000299890935045,0.000996631703698,0.000232700335966,0.001172264055329,0.000479416115401,0.000247064020627,0.000745599087934,0.000712915383423,0.00037326403939,0.000280366542742,0.00078048062224,0.000923813396283,0.00026290946388
YKL016C,19812.8,YKL016C_translation_Ribosome,0.0001472969434,4.01148206035722E-05,0.000206378100134,2.75032637378656E-05,0.000102915394955,0.00028013570777,0.000137916713645,0.000165344140306,0.000156509738243,5.23394923181687E-05,0.000425136306126,0.00030784144305,0.000354918251206,0.000439058899767,8.67577132462889E-05,0.000484802041328,1.45191059610353E-05,0.000332584451733,0.000474662922054,0.000198589079572,0.000213870147486,0.000393216147935,0.000451674285037,0.000182434330381,0.000118408079155,0.000463698390879
YKL019W,37491.9,YKL019W_translation_Ribosome,0,0,0,0,0,0,0,0,0,0,0,0,0,0,0,0,0,0,0,0,0,0,0,0,0,0
YKL021C,53679,YKL021C_translation_Ribosome,0.00022643341141,0.000292975129083,0.000192518236443,0.000301130419206,0.000253347016659,0.00015277618907,0.000232038617211,0.000215910375341,0.00022115907478,0.000285091084789,8.49302779444258E-05,0.000138737771087,0.000116010695328,7.91879711749732E-05,0.000263166482884,6.14458969695465E-05,0.000309543241809,0.000126592654498,6.52387126703398E-05,0.000196879839248,0.000188249514192,9.85625723814379E-05,7.4032440166217E-05,0.000206090514231,0.000243938379081,6.94227954713554E-05
YKL024C,22932.5,YKL024C_translation_Ribosome,5.79192754586281E-07,1.6371803933835E-07,8.1021870944423E-07,1.15193327504358E-07,4.06686216177698E-07,1.10135227821232E-06,5.42672667230666E-07,6.49573038896449E-07,6.15008764176826E-07,2.10792706255139E-07,1.68302866077447E-06,1.21139988942896E-06,1.39954205323862E-06,1.73966830831371E-06,3.43977901889935E-07,1.9273251675308E-06,6.51634838619228E-08,1.31029857448018E-06,1.88552055006688E-06,7.79692231319103E-07,8.39839448913865E-07,1.5539529278668E-06,1.7918173975438E-06,7.16352882343491E-07,4.66670406332047E-07,1.84058065391689E-06
YKL026C,19488.8,YKL026C_translation_Ribosome,0,0,0,0,0,0,0,0,0,0,0,0,0,0,0,0,0,0,0,0,0,0,0,0,0,0
YKL029C,74380.9,YKL029C_translation_Ribosome,9.94722283175943E-06,3.26221352998304E-06,1.33521332243718E-05,2.45728071143348E-06,7.27755810900592E-06,1.73144897964925E-05,9.38757357838633E-06,1.1018131891969E-05,1.04961666570823E-05,4.08012890757743E-06,2.40854693778911E-05,1.8700438333126E-05,2.09323537846952E-05,2.4652325428651E-05,6.2542667699965E-06,2.64125084410205E-05,1.58241425813616E-06,1.98954382404103E-05,2.60361789885866E-05,1.29174745531185E-05,1.37704073421757E-05,2.27300819674625E-05,2.5160816879863E-05,1.20029587123984E-05,8.21313073522033E-06,2.5623775077286E-05
YKL035W,55987.5,YKL035W_translation_Ribosome,0,0,0,0,0,0,0,0,0,0,0,0,0,0,0,0,6.6865740661302E-05,0,0,0,0,0,0,0,0,0
YKL055C,31192.5,YKL055C_translation_Ribosome,0,0,0,0,0,0,0,0,0,0,0,0,0,0,0,0,0,0,0,0,0,0,0,0,0,0
YKL057C,120404.6,YKL057C_translation_Ribosome,0,0,0,0,0,0,0,0,0,0,0,0,0,0,0,0,0,0,0,0,0,0,0,0,0,0
YKL060C,39609.1,YKL060C_translation_Ribosome,0.002518820847695,0.001097251312346,0.003309708966349,0.000931403196355,0.001928501103137,0.004306868779645,0.002393680937435,0.002759640288396,0.002641128122476,0.001258250479127,0.006299509966756,0.004683491262024,0.005327380778149,0.006493640149136,0.001713972335473,0.007137393325975,0.000751650622475,0.005022154579751,0.006994020778588,0.003205266811908,0.003411514008152,0.005857565005307,0.006673109213972,0.002988253248153,0.002133469485623,0.006839384912454
YKL067W,17168.9,YKL067W_translation_Ribosome,4.49114945012264E-05,2.03262500080165E-05,5.8793116422948E-05,1.74218334982547E-05,3.4687681528011E-05,7.58755894715398E-05,4.27472437414101E-05,4.90832599813489E-05,4.70340820964224E-05,2.30830575707959E-05,0.00011038312023,8.26829476521989E-05,9.38902178951129E-05,0.000113744804805,3.10504185397676E-05,0.000125326638201,1.44622582989103E-05,8.82732289624807E-05,0.000122401347769,5.69760092918641E-05,6.03644540896902E-05,0.000103080538299,0.000116840365264,5.32063553423149E-05,3.82427190614825E-05,0.000120158242732
YKL068W,100005.5,YKL068W_translation_Ribosome,0,0,0,0,0,0,0,0,0,0,0,0,0,0,0,0,0,0,0,0,0,0,0,0,0,0
YKL078W,82730.5,YKL078W_translation_Ribosome,0.000348980967281,0.000451535589646,0.000296710630974,0.000464104587384,0.000390460428878,0.000235459872759,0.00035761975486,0.000332762780736,0.000340852117888,0.00043938463813,0.000130895217114,0.000213823751763,0.000178796602579,0.000122045128436,0.000405594268005,9.47009031323062E-05,0.000477070496218,0.000195105601873,0.000100546420734,0.000303432767765,0.000290131642427,0.000151905417284,0.000114099383207,0.000317628333009,0.000375959762115,0.00010699496229
YKL080W,44185.8,YKL080W_translation_Ribosome,0,0,0,0,0,0,0,0,0,0,0,0,0,0,0,0,0,0,0,0,0,0,0,0,0,0
YKL081W,46521.5,YKL081W_translation_Ribosome,0.010574031309074,0.012136628047381,0.009688237582888,0.012315303692454,0.011230538523117,0.008544203089234,0.010713910478122,0.010306781531485,0.010440861949325,0.011961514481349,0.006171753236962,0.008105112936847,0.007344426289043,0.005933063211751,0.011461434929378,0.005135886181694,0.012497025658296,0.007707059809393,0.005314940150376,0.009806303360867,0.009571407721966,0.006708342522942,0.005711394325573,0.010051472670153,0.011005283341439,0.005506651971582
YKL082C,50507.5,YKL082C_translation_Ribosome,0.000213055115162,0.000275665368807,0.000181143740143,0.000283338822409,0.000238378592074,0.000143749760045,0.000218329150296,0.000203153808427,0.000208092400556,0.000268247135099,7.99123682124869E-05,0.000130540769633,0.000109156470767,7.45093324041051E-05,0.000247617897768,5.78155077626142E-05,0.000291254592777,0.000119113219268,6.13842336890998E-05,0.000185247647698,0.000177127225508,9.27392299512933E-05,6.96584040629521E-05,0.000193914131178,0.000229525842163,6.53211096009516E-05
YKL085W,35652.3,YKL085W_translation_Ribosome,4.44260026117343E-05,1.20291154415361E-05,6.19720686674688E-05,8.17714435250785E-06,3.11033082439665E-05,8.35397941975863E-05,4.16141753434574E-05,4.98102038708894E-05,4.71765036657848E-05,1.57643785172978E-05,0.000125114362538,9.1562186334083E-05,0.000105091385787,0.000129041769585,2.62201015736996E-05,0.00014190202262,4.21487244983167E-06,9.87017860258879E-05,0.000139057408001,5.96767986186392E-05,6.41898821625043E-05,0.000116087444423,0.000132641484945,5.48831770611989E-05,3.57587994977997E-05,0.000135984574085
YKL088W,65205.8,YKL088W_translation_Ribosome,0,0,0,0,0,0,0,0,0,0,0,0,0,0,0,0,0,0,0,0,0,0,0,0,0,0
YKL094W,35566,YKL094W_translation_Ribosome,0,0,0,0,0,0,0,0,0,0,0,0,0,0,0,0,0,0,0,0,0,0,0,0,0,0
YKL099C,29764.8,YKL099C_translation_Ribosome,0.000125556459769,0.000162453587476,0.000106750625088,0.000166975664629,0.000140479950846,8.47138119641405E-05,0.000128664524927,0.000119721476554,0.0001226318603,0.000158081915098,4.70935139805184E-05,7.69295629359021E-05,6.43274864343249E-05,4.39094268602031E-05,0.000145924807276,3.40715146355028E-05,0.000171640542555,7.01951422828939E-05,3.61746164215081E-05,0.000109169117145,0.000104383634941,5.4652569057155E-05,4.10507046528329E-05,0.000114276401162,0.000135262897328,3.84946743166936E-05
YKL104C,80035.5,YKL104C_translation_Ribosome,1.1723396361266E-10,3.31380434484855E-11,1.63995750894894E-10,2.33161935437427E-11,8.23170467717506E-11,2.22923874455045E-10,1.09841960590734E-10,1.31479583269558E-10,1.24483454791271E-10,4.2666390867719E-11,3.40660547311903E-10,2.45198527490453E-10,2.83280239340981E-10,3.52124935161919E-10,6.96243047144626E-11,3.90108416880085E-10,1.31896910576787E-11,2.65216534885791E-10,3.81646776150298E-10,1.57816909745063E-10,1.69991262174496E-10,3.14534426680548E-10,3.62680392530512E-10,1.44996440437983E-10,9.44584009336041E-11,3.72550526054824E-10
YKL106W,51807,YKL106W_translation_Ribosome,9.2739489529606E-10,7.09602832430779E-11,1.82375013194466E-09,3.42008392619513E-11,4.53936393792345E-10,3.37909087280759E-09,8.1316627773685E-10,1.16876612468797E-09,1.04685835933313E-09,1.19293503344876E-10,7.89960488184909E-09,4.09035728295959E-09,5.46223281338697E-09,8.43957650210045E-09,3.23361973378325E-10,1.03527819656994E-08,1.02034916128776E-11,4.78658917730957E-09,9.91013646422628E-09,1.68811350418038E-09,1.96002066262226E-09,6.73433252149471E-09,8.95037829307332E-09,1.42348226071366E-09,5.99717573882736E-10,9.44437815447738E-09
YKL120W,35166.5,YKL120W_translation_Ribosome,0,0,0,0,0,0,0,0,0,0,0,0,0,0,0,0,0,0,0,0,0,0,0,0,0,0
YKL127W,63111.4,YKL127W_translation_Ribosome,0,0,0,0,0,0,0,0,0,0,0,0,0,0,0,0,0,0,0,0,0,0,0,0,0,0
YKL132C,48143,YKL132C_translation_Ribosome,0,0,0,0,0,0,0,0,0,0,0,0,0,0,0,0,0,0,0,0,0,0,0,0,0,0
YKL138C,15544.8,YKL138C_translation_Ribosome,3.00286313453289E-06,3.85272546743962E-07,5.4519118685388E-06,2.29629763177717E-07,1.63659363861453E-06,9.53908964992922E-06,2.68050321201004E-06,3.67423296839865E-06,3.3367029748229E-06,5.66424165646139E-07,2.10080698618531E-05,1.13733240674645E-05,1.48731540372332E-05,2.23567503761309E-05,1.23841266409594E-06,2.71110215415164E-05,1.02453901719805E-07,1.31545603169371E-05,2.60141117991874E-05,5.0877436007314E-06,5.81586777291652E-06,1.80853357200812E-05,2.36283905963574E-05,4.37188293280182E-06,2.06726228032076E-06,2.48577900108459E-05
YKL140W,62973.6,YKL140W_translation_Ribosome,0,0,0,0,0,0,0,0,0,0,0,0,0,0,0,0,0,0,0,0,0,0,0,0,0,0
YKL141W,22083.3,YKL141W_translation_Ribosome,8.0330786750487E-07,2.27067738695921E-07,1.12372791016876E-06,1.59766684813616E-07,5.64050973487513E-07,1.52751384228612E-06,7.52656554513764E-07,9.00921374676541E-07,8.52982664122908E-07,2.92357661601534E-07,2.33426636250394E-06,1.680143707198E-06,1.94108633674737E-06,2.41282237709538E-06,4.77078058466702E-07,2.6730919163924E-06,9.03780975254104E-08,1.81731063678827E-06,2.61511125651556E-06,1.08138939703839E-06,1.1648102145811E-06,2.15524555996785E-06,2.48515023915862E-06,9.93541272296066E-07,6.47245681091223E-07,2.55278214094226E-06
YKL143W,53343.5,YKL143W_translation_Ribosome,0.000225018176225,0.000291144000415,0.00019131497505,0.000299248319025,0.000251763568307,0.0001518213201,0.000230588348836,0.000214560910356,0.000219776804813,0.000283309232316,8.43994538185972E-05,0.000137870643864,0.000115285614975,7.86930371350469E-05,0.000261521661725,6.10618529591647E-05,0.000307608560507,0.000125801435668,6.48309631202197E-05,0.000195649317329,0.00018707293281,9.79465448281308E-05,7.35697287953687E-05,0.000204802424521,0.00024241373581,6.89888949165641E-05
YKL145W,51974.5,YKL145W_translation_Ribosome,0.000523326714431,0.000550865351373,0.000508010180749,0.000554040820582,0.000534830981117,0.000488697116942,0.000525762227397,0.000518668926206,0.000521022720035,0.000547754292916,0.000450960293535,0.000481449589428,0.000469138178892,0.00044734405497,0.000538947924878,0.000435569028978,0.000557271531923,0.000474970763144,0.000438177749375,0.000510034035154,0.000506007979604,0.000459239628474,0.000444011099635,0.000514256230766,0.00053087866353,0.000440989391234
YKL146W,75467.2,YKL146W_translation_Ribosome,0,0,0,0,0,0,0,0,0,0,0,0,0,0,0,0,0,0,0,0,0,0,0,0,0,0
YKL148C,70229.3,YKL148C_translation_Ribosome,0,7.22120712991149E-07,0,5.08089933922052E-07,1.79379463360759E-06,0,0,2.86510972085563E-06,0,0,0,5.34319220659596E-06,0,0,1.51720341124178E-06,0,2.87420382123202E-07,5.77941040986601E-06,0,3.43903403845568E-06,0,6.85411088943454E-06,0,0,0,0
YKL152C,27611.8,YKL152C_translation_Ribosome,0.00085891549425,0.000373411689469,0.001128841427299,0.000316744613923,0.000657354342738,0.001468961896601,0.000816195466704,0.000941116792923,0.000900666320011,0.000428416946642,0.002148284936149,0.001597399654736,0.001816923350127,0.002214430671935,0.000584086605469,0.002433731331444,0.000255340436881,0.001712871629853,0.002384895460117,0.001093202629905,0.001163577008278,0.001997674906698,0.002275574789947,0.001019142287081,0.000727348439749,0.002332220345049
YKL155C,72213.4,YKL155C_translation_Ribosome,1.39498067957952E-05,1.78978439909426E-06,2.53268676681295E-05,1.0667455316413E-06,7.60279907510722E-06,4.43138603601332E-05,1.24522831204111E-05,1.70686567238021E-05,1.55006604525035E-05,2.63132461295552E-06,9.75930312491601E-05,5.28348000754878E-05,6.90932673146219E-05,0.00010385832932,5.75304854854523E-06,0.000125944305683,4.75949808711141E-07,6.11095366933707E-05,0.000120848609246,2.36351232397365E-05,2.70176255617782E-05,8.40154638521251E-05,0.000109765736548,2.03095910516437E-05,9.6034711256314E-06,0.000115476914027
YKL156W,8885.6,YKL156W_translation_Ribosome,0.002358045557743,0.002656501704475,0.002188859105836,0.002690628255115,0.002483438756506,0.001970348867728,0.002384762330073,0.002307001165721,0.002332610519202,0.002623054516784,0.001517211397953,0.001886482550714,0.001741191788559,0.001471621656752,0.002527539735332,0.001319360713365,0.002725337255163,0.001810454348269,0.001353560063399,0.002211409511114,0.002166544666552,0.00161969951636,0.001429282549518,0.002258236818167,0.002440414897136,0.001390177079406
YKL165C,105683.8,YKL165C_translation_Ribosome,0,0,0,0,0,0,0,0,0,0,0,0,0,0,0,0,0,0,0,0,0,0,0,0,0,0
YKL167C,16026,YKL167C_translation_Ribosome,3.09581883292317E-06,3.97198924020813E-07,5.62067955877224E-06,2.36738110794999E-07,1.6872555229039E-06,9.83437874593212E-06,2.76348003677583E-06,3.78797138281334E-06,3.43999291560598E-06,5.83958216165215E-07,2.16583891465994E-05,1.17253931543144E-05,1.53335627734483E-05,2.30488189959262E-05,1.27674858182811E-06,2.79502619026518E-05,1.05625432875405E-07,1.35617687998067E-05,2.68193965630807E-05,5.24523821119097E-06,5.99590196906748E-06,1.86451797546461E-05,2.43598237157907E-05,4.50721758279824E-06,2.13125580930089E-06,2.56272800366564E-05
YKL170W,14919,YKL170W_translation_Ribosome,2.88197436468119E-06,3.69762307966211E-07,5.23242969782373E-06,2.20385365964719E-07,1.57070792126565E-06,9.15506654876833E-06,2.57259195486451E-06,3.52631630227082E-06,3.20237453562496E-06,5.43621154808988E-07,2.01623304429125E-05,1.09154586590052E-05,1.42743930498612E-05,2.14567159990156E-05,1.18855685088566E-06,2.60195904982942E-05,9.83293294064745E-08,1.26249861927066E-05,2.49668399678398E-05,4.88292205620604E-06,5.58173352530374E-06,1.73572592511896E-05,2.26771627365457E-05,4.19588038922793E-06,1.98403877567453E-06,2.38570691917432E-05
YKL172W,49728,YKL172W_translation_Ribosome,0.000209766960685,0.000271410928278,0.000178348085133,0.000278965954774,0.000234699611476,0.000141531219472,0.000214959599781,0.000200018464296,0.000204880837398,0.000264107182779,7.86790525460684E-05,0.000128526088053,0.000107471820587,7.33594036883896E-05,0.000243796323718,5.69232207101773E-05,0.000286759558276,0.000117274903088,6.04368692350949E-05,0.00018238865564,0.00017439355878,9.1307952819243E-05,6.85833414293418E-05,0.000190921386235,0.000225983489166,6.43129859572563E-05
YKL174C,69225,YKL174C_translation_Ribosome,0,0,0,0,0,0,0,0,0,0,0,0,0,0,0,0,0,0,0,0,0,0,0,0,0,0
YKL180W,20572.9,YKL180W_translation_Ribosome,0.005459601541245,0.006150619419734,0.005067882810217,0.006229632892506,0.005749925406695,0.00456196432665,0.005521459095656,0.005341418056435,0.00540071159522,0.006073178881374,0.003512811556783,0.004367787979156,0.004031395127718,0.003407257268186,0.005852032751982,0.00305472630098,0.006309994915002,0.004191759280353,0.003133908326766,0.005120093942018,0.005016218012348,0.003750103108415,0.003309229198138,0.005228513576625,0.005650311924606,0.003218687993709
YKL181W,47035,YKL181W_translation_Ribosome,0,0,0,0,0,0,0,0,0,0,0.003846104532029,0,0,0.003973739073217,0,0.004395106339709,0,0,0.004301574589969,0,0,0.003554046419798,0.004090921287901,0,0,0.00420057061829
YKL182W,228654.9,YKL182W_translation_Ribosome,0.01057365008621,0.00298881028303,0.014791222885862,0.002102950922042,0.007424398372902,0.020106110650134,0.009906945225422,0.011858501274992,0.011227501416179,0.003848197856445,0.030725101450583,0.022115122200458,0.025549815384779,0.031759105777001,0.006279605439075,0.035184939318472,0.001189614116007,0.02392060074182,0.034421760923109,0.014233936394445,0.015331974357576,0.02836871556075,0.032711131190764,0.013077623392507,0.008519460132516,0.033601345382746
YKL184W,52270.7,YKL184W_translation_Ribosome,0,0,0,0,0,0,0,0,0,0,0,0,0,0,0,0,0,0,0,0,0,0,0,0,0,0
YKL186C,20784.9,YKL186C_translation_Ribosome,8.76766670918097E-05,0.000113442105115,7.45444641787547E-05,0.000116599892885,9.80978111842497E-05,5.91560538049462E-05,8.98470436271058E-05,8.36020708363748E-05,8.5634405510533E-05,0.000110389345708,3.28856225720877E-05,5.37202760531376E-05,4.49201866899425E-05,3.06621595423667E-05,0.000101899980068,2.37922991099373E-05,0.000119857399107,4.9017598399308E-05,2.52609049904385E-05,7.62333085708694E-05,7.28915838135728E-05,3.8164146327073E-05,2.86659003634718E-05,7.9799749049756E-05,9.44547181461269E-05,2.68810123436087E-05
YKL188C,97142.6,YKL188C_translation_Ribosome,0,0,0,0,0,0,0,0,0,0,0,0,0,0,0,0,0,0,0,0,0,0,0,0,0,0
YKL192C,13937.8,YKL192C_translation_Ribosome,0,0,0,0,0,0,0,0,0,0,0,0,0,0,0,0,0,0,0,0,0,0,0,0,0,0
YKL194C,54097.6,YKL194C_translation_Ribosome,0,0,0,0,0,0,0,0,0,0,0,0,0,0,0,0,0,0,0,0,0,0,0,0,0,0
YKL205W,126791.6,YKL205W_translation_Ribosome,0,0,0,0,0,0,0,0,0,0,0,0,0,0,0,0,0,0,0,0,0,0,0,0,0,0
YKL211C,53485.9,YKL211C_translation_Ribosome,1.23433676673103E-05,3.34045010869747E-06,1.95289276929669E-05,2.32692478321977E-06,8.50327556096132E-06,2.77493839581055E-05,1.14566369180772E-05,1.45496585801079E-05,1.34311601049067E-05,4.32935108508572E-06,4.21965334320461E-05,3.06932525899481E-05,3.54749123043857E-05,4.34644912662257E-05,7.16310971507115E-06,4.75229522206058E-05,1.28826512513534E-06,3.32420123200219E-05,4.6643510249289E-05,1.8599652436185E-05,2.04246029603886E-05,3.92253315012009E-05,4.46041392594511E-05,1.66411741086988E-05,9.80076511974361E-06,4.56611630225638E-05
YKL212W,71125.2,YKL212W_translation_Ribosome,0,0,0,0,0,0,0,0,0,0,0,0,0,0,0,0,0,0,0,0,0,0,0,0,0,0
YKL216W,34798.2,YKL216W_translation_Ribosome,7.74389126054002E-05,2.18893396712222E-05,0.000108327418351,1.54015152135443E-05,5.43745378425857E-05,0.000147252399387,7.25561238780219E-05,8.68488588498614E-05,8.22275651128672E-05,2.81832910171804E-05,0.00022502337666,0.000161965924858,0.000187120805449,0.000232596179809,4.59903451341873E-05,0.000257686174471,8.71245244672045E-06,0.000175188822707,0.000252096836392,0.000104245983884,0.000112287754244,0.000207765763679,0.000239568588789,9.57774209210353E-05,6.23945111952262E-05,0.000246088306999
YKL217W,69367.7,YKL217W_translation_Ribosome,0,0,0,0,0,0,0,0,0,0,0,0,0,0,0,0,0,0,0,0,0,0,0,0,0,0
YKR006C,30277.7,YKR006C_translation_Ribosome,5.8488876748782E-06,7.50422429915447E-07,1.06190721001272E-05,4.47266036267174E-07,3.18770850778905E-06,1.85799556567895E-05,5.22100458688928E-06,7.15656190798749E-06,6.49913100591808E-06,1.1032641758134E-06,4.09188948623482E-05,2.21526230068879E-05,2.8969487931214E-05,4.35458147331184E-05,2.41214342543472E-06,5.28060429807763E-05,1.99556668474456E-07,2.56220620984591E-05,5.06695147459122E-05,9.90975595825388E-06,1.13279746068161E-05,3.52260800609789E-05,4.602267780604E-05,8.51542379924436E-06,4.02655210391049E-06,4.84172654914434E-05
YKR009C,98719.1,YKR009C_translation_Ribosome,0,0,0,0,0,0,0,0,0,0,0,0,0,0,0,0,0,0,0,0,0,0,0,0,0,0
YKR024C,83331.5,YKR024C_translation_Ribosome,0.000351516157584,0.000454815793312,0.000298866100713,0.000467476099184,0.000393296948876,0.000237170383194,0.000360217702082,0.000335180153183,0.000343328255743,0.000442576570579,0.000131846112195,0.000215377085477,0.000180095479755,0.000122931731589,0.000408540728561,9.53888627455385E-05,0.000480536199534,0.000196522956618,0.000101276845412,0.000305637070815,0.000292239318763,0.000153008942052,0.000114928264083,0.000319935760477,0.00037869094127,0.000107772232732
YKR026C,34015.4,YKR026C_translation_Ribosome,0.001540547069455,0.001832073694715,0.001379707064221,0.001867872475566,0.001655593239354,0.001188018627501,0.001561160959445,0.001492109461774,0.001511650497035,0.001798464203345,0.000807988717974,0.001112053804026,0.000983576714291,0.000771809976685,0.001702250265397,0.000653758577104,0.001905098674914,0.001044298807995,0.000680433316769,0.001401501681501,0.001362083988119,0.000891797669787,0.000739028833059,0.001443430512016,0.001612725117036,0.000705887566249
YKR031C,195204.3,YKR031C_translation_Ribosome,0,0,0,0,0,0,0,0,0,0,0,0,0,0,0,0,0,0,0,0,0,0,0,0,0,0
YKR038C,42748,YKR038C_translation_Ribosome,0,0,0,0,0,0,0,0,0,0,0,0,0,0,0,0,0,0,0,0,0,0,0,0,0,0
YKR039W,65661,YKR039W_translation_Ribosome,0,0,0,0,0,0,0,0,0,0,0,0,0,0,0,0,0,0,0,0,0,0,0,0,0,0
YKR043C,31014.3,YKR043C_translation_Ribosome,0,0,0,0,0,0,0,0,0,0,0,0,0,0,0,0,0,0,0,0,0,0,0,0,0,0
YKR053C,46489.5,YKR053C_translation_Ribosome,0,0,0,0,0,0,0,0,0,0,0,0,0,0,0,0,0,0,0,0,0,0,0,0,0,0
YKR056W,72866.2,YKR056W_translation_Ribosome,0,0,0,0,0,0,0,0,0,0,0,0,0,0,0,0,0,0,0,0,0,0,0,0,0,0
YKR057W,9745,YKR057W_translation_Ribosome,0,0,0,0,0,0,0,0,0,0,0,0,0,0,0,0,0,0,0,0,0,0,0,0,0,0
YKR058W,69655.1,YKR058W_translation_Ribosome,0,0,0,0,0,0,0,0,0,0,0,0,0,0,0,0,0,0,0,0,0,0,0,0,0,0
YKR059W,44684.5,YKR059W_translation_Ribosome,0.002023747347527,0.002406712753972,0.001812459071808,0.002453740001129,0.002174878322875,0.001560646600086,0.002050826887007,0.001960117042417,0.001985787220928,0.002362561477871,0.001061418412493,0.001460855030546,0.001292080460313,0.00101389202841,0.002236169558028,0.00085881321809,0.00250264238372,0.001371848341806,0.000893854622999,0.001841089679588,0.001789308429921,0.00117151446038,0.000970828915457,0.001896169697083,0.002118564400013,0.000927292724886
YKR060W,31632.3,YKR060W_translation_Ribosome,0.000133434110169,0.000172646233643,0.000113448361755,0.000177452034491,0.000149293929378,9.00289171838306E-05,0.000136737181229,0.000127233029041,0.000130326015782,0.000168000274249,5.0048250359013E-05,8.17562696089789E-05,6.8363514928254E-05,4.66643875742489E-05,0.000155080406426,3.62092260792821E-05,0.000182409595706,7.45993186325856E-05,3.84442804598072E-05,0.000116018594591,0.000110932862158,5.80815748866663E-05,4.36263037141122E-05,0.000121446319293,0.000143749548028,4.0909903187253E-05
YKR061W,50643.7,YKR061W_translation_Ribosome,0,0,0,0,0,0,0,0,0,0,0,0,0,0,0,0,0,0,0,0,0,0,0,0,0,0
YKR066C,40348.3,YKR066C_translation_Ribosome,0,0,0,0,0,0,0,0,0,0,0,0,0,0,0,0,0,0,0,0,0,0,0,0,0,0
YKR067W,83674.9,YKR067W_translation_Ribosome,9.16857802333241E-05,2.5916443284462E-05,0.000128257016247,1.56927440329018E-05,6.43781241134796E-05,0.000159358738296,8.5904677695568E-05,0.000102826926646,9.73554277870111E-05,3.0557991582524E-05,0.000266422179311,0.000191763697245,0.000221546461181,0.000275388193191,5.44514448222482E-05,0.000279311918095,8.87719709706878E-06,0.000207419285184,0.000273338305301,0.000112816555339,0.000121726372965,0.000225271933422,0.000283643355046,0.000113398125961,7.38735765840335E-05,0.000291362542092
YKR069W,66120.8,YKR069W_translation_Ribosome,0,0,0,0,0,0,0,0,0,0,0,0,0,0,0,0,0,0,0,0,0,0,0,0,0,0
YKR072C,62438.6,YKR072C_translation_Ribosome,0,0,0,0,0,0,0,0,0,0,0,0,0,0,0,0,0,0,0,0,0,0,0,0,0,0
YKR080W,36239,YKR080W_translation_Ribosome,0,0,0,0,0,0,0,0,0,0,0,0,0,0,0,0,0,0,0,0,0,0,0,0,0,0
YKR081C,39606.2,YKR081C_translation_Ribosome,0.000167070306433,0.000216167058952,0.00014204653172,0.000222184310609,0.000186928083817,0.000112723491487,0.000171206018759,0.000159306050929,0.000163178720683,0.000210349941735,6.2664460484035E-05,0.000102365467114,8.55966542095078E-05,5.84275903789233E-05,0.000194173221453,4.53368819194704E-05,0.000228391578527,9.34043851893764E-05,4.81353509149577E-05,0.000145264671272,0.000138896922614,7.27228330306769E-05,5.46236634756837E-05,0.000152060621933,0.000179986069591,5.12225101435868E-05
YKR082W,133274.2,YKR082W_translation_Ribosome,0,0,0,0,0,0,0,0,0,0,0,0,0,0,0,0,0,0,0,0,0,0,0,0,0,0
YKR084C,68709.1,YKR084C_translation_Ribosome,0.003919549652173,0.004740717617558,0.003481912241104,0.004838621759834,0.004256902286144,0.00294640743809,0.003990413231819,0.003785309384631,0.00385257665362,0.004645541215223,0.001943019667342,0.002749754844049,0.002420715379855,0.001849901330404,0.004378470892489,0.00154944552059,0.00493907501691,0.002575741205659,0.001615536910685,0.003539070143959,0.003425666166417,0.002157725995616,0.001764693328064,0.003658875481939,0.004139893639562,0.001687168715584
YKR085C,22413.3,YKR085C_translation_Ribosome,4.32968402895027E-06,5.5550596803667E-07,7.86084969141582E-06,3.31092118974263E-07,2.35972570894184E-06,1.37539548949333E-05,3.8648887500479E-06,5.29769992477288E-06,4.81103164952898E-06,8.16699780754762E-07,3.02905262360836E-05,1.63986493439158E-05,2.14448859671863E-05,3.22351238488327E-05,1.78560769930662E-06,3.90900789406406E-05,1.47723356711987E-07,1.89669282815866E-05,3.75084975032632E-05,7.33577296885602E-06,8.38562021735306E-06,2.60763763506058E-05,3.40686407643288E-05,6.30360787773191E-06,2.98068612446048E-06,3.58412526922246E-05
YKR089C,102720.8,YKR089C_translation_Ribosome,2.21194892073288E-08,6.91104442042496E-09,2.4046939287937E-08,3.42969471781098E-10,1.59566397447296E-08,4.64914834554743E-08,2.18725676746275E-08,3.17326812957706E-09,2.59614206556228E-08,8.89821159792993E-09,7.1045841267567E-08,3.5702767915964E-08,4.12477543967451E-08,7.34367758382095E-08,9.44919110915988E-09,6.08791666848421E-08,1.1557203314968E-10,5.28119361355337E-08,7.95936497272964E-08,2.23070332405345E-08,2.46805516771748E-08,4.28339361085661E-08,7.5638150064351E-08,2.88727954144639E-08,1.3753860599252E-08,7.01876336719469E-08
YKR094C,14568.3,YKR094C_translation_Ribosome,0.003866110909659,0.004355441813868,0.003588722890019,0.00441139367167,0.004071698122401,0.00323046653121,0.003909914136716,0.003782421567769,0.003824409136906,0.004300603799052,0.00248752935185,0.00309296431795,0.002854754246564,0.00241278313024,0.004144003457981,0.002163145165269,0.004468300478796,0.002968313010026,0.002219216380618,0.003625695190056,0.003552137465758,0.002655562760443,0.002343366454279,0.003702470450853,0.004001158767662,0.002279251456953
YKR095W,218385.3,YKR095W_translation_Ribosome,0,0,0,0,0,0,0,0,0,0,0,0,0,0,0,0,0,0,0,0,0,0,0,0,0,0
YKR095WA,9990.6,YKR095WA_translation_Ribosome,0,0,0,0,0,0,0,0,0,0,0,0,0,0,0,0,0,0,0,0,0,0,0,0,0,0
YKR097W,60973.8,YKR097W_translation_Ribosome,0,0,0,0,0,0,0,0,0,0,0,0,0,0,0,0,0,0,0,0,0,0,0,0,0,0
YLL008W,84831.1,YLL008W_translation_Ribosome,0.000357841900309,0.000463000474539,0.000304244374291,0.000475888610159,0.000400374561838,0.00024143840557,0.000366700034286,0.000341211919775,0.000349506652296,0.0004505409997,0.000134218761552,0.000219252924474,0.000183336405232,0.000125143961354,0.000415892662423,9.71054421731644E-05,0.000489183734798,0.000200059504331,0.000103099382597,0.000311137192034,0.000297498339451,0.000155762429143,0.000116996466681,0.000325693195138,0.000385505710421,0.000109711658282
YLL011W,56806.7,YLL011W_translation_Ribosome,0.000239626946701,0.00031004583292,0.000203735645265,0.000318676305161,0.000268108719821,0.000161677958599,0.000245558749535,0.000228490767691,0.000234045291703,0.000301702411116,8.98788878351984E-05,0.000146821567853,0.000122770259623,8.38019956062026E-05,0.000278500334269,6.50261486871949E-05,0.000327579315458,0.00013396879499,6.9039959370521E-05,0.000208351384418,0.000199218198511,0.000104305491542,7.83460686449122E-05,0.000218098735348,0.000258151871662,7.34678350100159E-05
YLL012W,66499.4,YLL012W_translation_Ribosome,0,0,0,0,0,0,0,0,0,0,0,0,0,0,0,0,0,0,0,0,0,0,0,0,0,0
YLL015W,176877.6,YLL015W_translation_Ribosome,0,0,0,0,0,0,0,0,0,0,0,0,0,0,0,0,0,0,0,0,0,0,0,0,0,0
YLL018C,63510.1,YLL018C_translation_Ribosome,0,0,0,0,0,0,0,0,0,0,0,0,0,0,0,0,0,0,0,0,0,0,0,0,0,0
YLL024C,69447.5,YLL024C_translation_Ribosome,0.000855482526441,0.000687319052492,0.000922250575551,0.000659514045899,0.000830803968496,0.001022984070423,0.000889728894555,0.000858319861368,0.000871284072927,0.000713806681185,0.001183310083595,0.00106091299651,0.001142487426533,0.001197828786532,0.000786403166092,0.001243270681296,0.000630227629968,0.00111351514907,0.001233647008794,0.000910336558049,0.000933626235398,0.001175008198963,0.0012107552313,0.000885157015661,0.00085128136569,0.001222821104671
YLL026W,102009.9,YLL026W_translation_Ribosome,0,0,0,0,0,0,0,0,0,0,0,0,0,0,0,0,0,0,0,0,0,0,0,0,0,0
YLL028W,64269.7,YLL028W_translation_Ribosome,0,0,0,0,0,0,0,0,0,0,0,0,0,0,0,0,0,0,0,0,0,0,0,0,0,0
YLL031C,115622.1,YLL031C_translation_Ribosome,0,0,0,0,0,0,0,0,0,0,0,0,0,0,0,0,0,0,0,0,0,0,0,0,0,0
YLL034C,93053.3,YLL034C_translation_Ribosome,0.000392525497159,0.000507876498801,0.000333733065281,0.000522013808706,0.000439180609648,0.000264839668294,0.000402242200095,0.000374283666419,0.000383382360574,0.000494209397348,0.000147227828995,0.000240503873661,0.000201106168811,0.000137273459605,0.000456202792186,0.000106517324922,0.00053659755478,0.000219450143572,0.000113092224179,0.000341293964967,0.000326333175338,0.000170859602761,0.000128336274232,0.000357260799342,0.000422870604336,0.000120345390448
YLL041C,30244.8,YLL041C_translation_Ribosome,1.10019271536008E-06,3.10986960432109E-07,1.53903292974655E-06,2.18812923288224E-07,7.72511756980846E-07,2.09204922530488E-06,1.03082179565363E-06,1.23388201911929E-06,1.16822621980703E-06,4.0040659700344E-07,3.1969596609501E-06,2.30108771766276E-06,2.65846898052631E-06,3.30454824373052E-06,6.53395573248279E-07,3.66100765704875E-06,1.23779846491989E-07,2.4889485152823E-06,3.58159862570639E-06,1.48104703715236E-06,1.59529834662222E-06,2.95177672323047E-06,3.40360688634871E-06,1.36073218551304E-06,8.86453391271586E-07,3.49623404547194E-06
YLL043W,73873.3,YLL043W_translation_Ribosome,0,0,0,0,0,0,0,0,0,0,0,0,0,0,0,0,0,0,0,0,0,0,0,0,0,0
YLL045C,28137.3,YLL045C_translation_Ribosome,0,0,0,0,0,0,0,0,0,0,0,0,0,0,0,0,0,0,0,0,0,0,0,0,0,0
YLL048C,189169.9,YLL048C_translation_Ribosome,0,0,0,0,0,0,0,0,0,0,0,0,0,0,0,0,0,0,0,0,0,0,0,0,0,0
YLL052C,17014.3,YLL052C_translation_Ribosome,3.2882941281073E-05,8.84376139055003E-06,4.6231014374147E-05,6.03127931488829E-06,2.29103685878533E-05,6.30030895554735E-05,3.07716653210259E-05,3.69526486629893E-05,3.49554952997542E-05,1.15725385547184E-05,9.6338605995603E-05,6.93279448618111E-05,8.01214323941916E-05,9.95705881694581E-05,7.79350335494168E-06,0.000110262125148,3.1353758162495E-06,7.50043296279163E-05,0.000107882983219,4.44693539965977E-05,4.79390441156808E-05,8.89625513519922E-05,0.000102544540341,4.08112494078281E-05,2.63794990070843E-05,0.000105323415424
YLL057C,46975,YLL057C_translation_Ribosome,0,0,0,0,0,0,0,0,0,0,0,0,0,0,0,0,0,0,0,0,0,0,0,0,0,0
YLL061W,64222.3,YLL061W_translation_Ribosome,0,0,0,0,0,0,0,0,0,0,0,0,0,0,0,0,0,0,0,0,0,0,0,0,0,0
YLL062C,36705.1,YLL062C_translation_Ribosome,0,0,0,0,0,0,0,0,0,0,0,0,0,0,0,0,0,0,0,0,0,0,0,0,0,0
YLR002C,75572.8,YLR002C_translation_Ribosome,0.000318787736616,0.000412469510147,0.000271039739546,0.000423951059904,0.000356678466823,0.000215088291163,0.000326679111212,0.000303972719566,0.000311362181236,0.000401369837973,0.000119570388961,0.000195324089994,0.000163327429272,0.000111485994672,0.000370502952322,8.65075445239319E-05,0.000435795180696,0.00017822540211,9.18473180367194E-05,0.000277180288669,0.000265029953727,0.000138762822893,0.0001042277016,0.000290147678121,0.000343432372709,9.77379429124545E-05
YLR008C,17916.6,YLR008C_translation_Ribosome,7.90207231228591E-06,1.21634980616718E-06,1.38002421525211E-05,7.57199044367075E-07,4.52169295467912E-06,2.3504226612745E-05,7.11349157522325E-06,9.53209592503927E-06,8.71398366429221E-06,1.72645415500874E-06,5.06890730665448E-05,2.7842676891452E-05,3.6121736984586E-05,5.39005555332647E-05,3.50691597067152E-06,6.52624467574804E-05,3.56883347447858E-07,3.20561490586653E-05,6.26353038390137E-05,1.29301030855277E-05,1.46692831423286E-05,4.37443374325034E-05,5.69386598404272E-05,1.1213428863797E-05,5.59939430183148E-06,5.9870812260708E-05
YLR009W,23989,YLR009W_translation_Ribosome,0.000101192479486,0.000130929793245,8.60358794694296E-05,0.000134574370356,0.000113220096921,6.82752659251117E-05,0.000103697430807,9.64897631113835E-05,9.88353927029803E-05,0.000127406435161,3.79551116378627E-05,6.20015348757376E-05,5.18448661530741E-05,3.53888902646553E-05,0.000117608389834,2.74600052609484E-05,0.000138334038036,5.65739151018768E-05,2.9155004345252E-05,8.79850679727392E-05,8.41281990340967E-05,4.40473471722333E-05,3.30848973927864E-05,9.21012937254736E-05,0.00010901540222,3.10248596390086E-05
YLR011W,21276.8,YLR011W_translation_Ribosome,0,0,0,0,0,0,0,0,0,0,0,0,0,0,0,0,0,0,0,0,0,0,0,0,0,0
YLR017W,37858,YLR017W_translation_Ribosome,0,0,0,0,0,0,0,0,0,0,0,0,0,0,0,0,0,0,0,0,0,0,0,0,0,0
YLR018C,34246.8,YLR018C_translation_Ribosome,0,0,0,0,0,0,0,0,0,0,0,0,0,0,0,0,0,0,0,0,0,0,0,0,0,0
YLR020C,62450.2,YLR020C_translation_Ribosome,0,0,0,0,0,0,0,0,0,0,0,0,0,0,0,0,0,0,0,0,0,0,0,0,0,0
YLR022C,28293.7,YLR022C_translation_Ribosome,0.000119350938215,0.000154424456673,0.000101474565965,0.000158723033997,0.0001335368484,8.05269036435589E-05,0.000122305389887,0.000113804344097,0.000116570884594,0.000150268850495,4.47659569864603E-05,7.3127384522642E-05,6.11481549658274E-05,4.17392406720196E-05,0.000138712597418,3.23875589166575E-05,0.000163157354287,6.67258068997445E-05,3.43867166802808E-05,0.000103773526104,9.92245622998467E-05,5.19514121758731E-05,3.90218083856051E-05,0.000108628386939,0.000128577643328,3.6592107681363E-05
YLR027C,46061.1,YLR027C_translation_Ribosome,1.88776725320408E-05,4.86152142042191E-06,2.66593388474709E-05,3.22496042086617E-06,1.30576711790245E-05,3.64424725115313E-05,1.76457175866879E-05,2.12440948796667E-05,2.00803140460501E-05,6.44931830431575E-06,5.60614012533828E-05,4.01510083070579E-05,4.6495907957496E-05,5.79722080697121E-05,1.09412847271194E-05,6.43029778757095E-05,1.52737865631244E-06,4.34868735565597E-05,6.28920140013515E-05,2.56296956819887E-05,2.76582602495755E-05,5.17093376312925E-05,5.97299743345034E-05,2.349593575298E-05,1.50790375990107E-05,6.13754634292184E-05
YLR028C,65277,YLR028C_translation_Ribosome,0,0,0,0,0,0,0,0,0,0,0,0,0,0,0,0,0,0,0,0,0,0,0,0,0,0
YLR029C,24463.9,YLR029C_translation_Ribosome,0.006492188565776,0.007313900248504,0.00602638316819,0.007407857721517,0.00683742205313,0.005424779155624,0.006565745382043,0.006351652766057,0.006422160628512,0.007221813202613,0.004177197703969,0.005193877787929,0.004793862181072,0.004051679689454,0.006958841196001,0.003632473727795,0.007503418798571,0.004984556375554,0.003726631632641,0.006088469111702,0.005964946888006,0.004459368753746,0.003935111344552,0.006217394401723,0.006718968443553,0.003827445873421
YLR038C,9784,YLR038C_translation_Ribosome,2.93833926683069E-06,7.99441353658759E-07,4.11884598508946E-06,5.47797872433008E-07,2.05330943559848E-06,5.59342592692012E-06,2.75110375046255E-06,3.29920859609076E-06,3.1222231048984E-06,1.04328903340109E-06,8.49014126345684E-06,6.14626230987024E-06,7.08597099248938E-06,8.76864751893554E-06,1.73061066079971E-06,9.68711492307561E-06,2.88986319154402E-07,6.64104688205978E-06,9.48314423253331E-06,3.96348285329043E-06,4.26930046704827E-06,7.85290103308037E-06,9.02462407267139E-06,3.64046352229613E-06,2.36169947708104E-06,9.26341277144436E-06
YLR043C,11232.1,YLR043C_translation_Ribosome,2.61289927066609E-05,5.17976666120057E-06,3.78084551189795E-05,3.71374383679969E-07,1.75882054598881E-05,5.29375459903373E-05,2.18077889072541E-05,2.96383674175552E-05,2.79395169452834E-05,8.05151178253002E-06,8.4740022979748E-05,5.87879950065889E-05,6.1871875896842E-05,8.79369679939861E-05,1.45246057590831E-05,9.8667217593189E-05,9.51164531950713E-07,5.75396568111556E-05,9.6258998388414E-05,3.25162373721236E-05,3.9327401678408E-05,7.75282523596979E-05,9.08892616624122E-05,3.30225252022682E-05,2.05482163483469E-05,9.36785092444894E-05
YLR044C,61486.9,YLR044C_translation_Ribosome,0.006133717307997,0.002800008864452,0.007989395542388,0.002411205501099,0.004749235699722,0.010329335190866,0.005840164143488,0.00669862490154,0.006420507942639,0.003177415705288,0.015007865777852,0.011213263089525,0.012724690821235,0.015463878581672,0.00424617523039,0.016976480216616,0.001986170401526,0.012008280372602,0.016639582876755,0.007744334135944,0.008228479337228,0.013970116061327,0.015885732880303,0.007235053671248,0.005229805770564,0.016276029173096
YLR048W,27945.6,YLR048W_translation_Ribosome,0,0,0,0,0,0,0,0,0,0,0,0,0,0,0,0,0,0,0,0,0,0,0,0,0,0
YLR056W,42730.6,YLR056W_translation_Ribosome,0,0,0,0,0,0,0,0,0,0,0,0,0,0,0,0,0,0,0,0,0,0,0,0,0,0
YLR058C,52218,YLR058C_translation_Ribosome,1.05890437280261E-05,3.15130214559274E-06,1.48000515188777E-05,2.29749594810407E-06,7.47365025795886E-06,2.01891634161526E-05,9.92580352701486E-06,1.18646183717849E-05,1.12411961324072E-05,3.98110995805216E-06,3.1189485853066E-05,2.22472444858286E-05,2.57933870072892E-05,3.22761983726912E-05,6.35467086416861E-06,3.58952181643586E-05,1.42116710123628E-06,2.41072247301784E-05,3.50864655512241E-05,1.42402866065911E-05,1.53436177731553E-05,2.87226562178839E-05,3.32787971020511E-05,1.30822042493833E-05,8.55520876208255E-06,3.42193999525658E-05
YLR059C,30868.7,YLR059C_translation_Ribosome,0.00013021302645,0.000168478573877,0.000110709731651,0.000173168363259,0.000145689991489,8.7855629716224E-05,0.000133436361763,0.000124161638691,0.000127179961096,0.000163944767396,4.88400914842508E-05,7.9782682880432E-05,6.67132277218475E-05,4.55379147489501E-05,0.000151336783662,3.53351396222701E-05,0.000178006249528,7.27984998584895E-05,3.7516240053036E-05,0.000113217919368,0.000108254955918,5.66794925030439E-05,4.25731698757224E-05,0.000118514619435,0.000140279450853,3.99223429379576E-05
YLR060W,67349.5,YLR060W_translation_Ribosome,0,0,0,0,0,0,0,0,0,0,0,0,0,0,0,0,0,0,0,0,0,0,0,0,0,0
YLR061W,13692.5,YLR061W_translation_Ribosome,0.003633692581187,0.0040936064631,0.003372980249692,0.004146194672635,0.003826920542615,0,0.003674862497133,0.003555034377153,0.003594497786776,0.004042065135844,0,0,0,0,0.003894879110699,0,0.004199680422967,0,0,0.003407729892289,0.003338594225125,0,0,0.003479889667861,0.003760621790203,0
YLR068W,18215.7,YLR068W_translation_Ribosome,7.68390449193538E-05,9.94196437869932E-05,6.53301000313181E-05,0.000102187100675,8.59720421646935E-05,5.18438351541147E-05,7.87411434550213E-05,7.32681052944278E-05,7.50492251806944E-05,9.67442328135691E-05,2.88206647655932E-05,4.70799682702895E-05,3.93676488550816E-05,2.68720417021919E-05,8.93042288841044E-05,2.08513576152344E-05,0.000105041949921,4.29585837392662E-05,2.21384306412025E-05,6.68101881141784E-05,6.38815304992036E-05,3.34467156565614E-05,2.51225380565167E-05,6.99357845727254E-05,8.27792680905081E-05,2.35582781994368E-05
YLR069C,84570.6,YLR069C_translation_Ribosome,0,0,0,0,0,0,0,0,0,0,0,0,0,0,0,0,0,0,0,0,0,0,0,0,0,0
YLR070C,38593.7,YLR070C_translation_Ribosome,0,0,0,0,0,0,0,0,0,0,0,0,0,0,0,0,0,0,0,0,0,0,0,0,0,0
YLR074C,18521.2,YLR074C_translation_Ribosome,7.81277315041605E-05,0.000101087035168,6.64257672612114E-05,0.000103900905758,8.74139005001576E-05,5.27133209075901E-05,8.00617306037726E-05,7.44969027695425E-05,7.63078942569694E-05,9.83667542167841E-05,2.93040232467874E-05,4.78695580366215E-05,4.00278934092424E-05,2.73227193451054E-05,9.08019721453622E-05,2.12010608795314E-05,0.000106803634386,4.36790527485464E-05,2.25097197248439E-05,6.79306782665679E-05,6.49529034119935E-05,3.40076587788723E-05,2.55438743420432E-05,7.11086948746609E-05,8.41675796240561E-05,2.39533798968697E-05
YLR075W,25382.9,YLR075W_translation_Ribosome,0.006736071237466,0.007588650976244,0.006252767601235,0.00768613801395,0.007094273612645,0.005628563999579,0.006812391256417,0.006590256132324,0.006663412661818,0.007493104629295,0.004334116457314,0.005388988693676,0.004973946278228,0.004203883288823,0.0072202539331,0.003768929622229,0.007785288895975,0.005171804006109,0.003866624621101,0.006317185837721,0.006189023433041,0.0046268874194,0.004082935989258,0.006450954277915,0.006971370227391,0.003971226004867
YLR081W,63626.5,YLR081W_translation_Ribosome,0,0,0,0,0,0,0,0,0,0,0,0,0,0,0,0,0,0,0,0,0,0,0,0,0,0
YLR089C,66418.2,YLR089C_translation_Ribosome,3.82650298339996E-07,2.94427382862385E-08,7.50171565438962E-07,1.42012625793562E-08,1.87708945029122E-07,1.38457409779735E-06,3.35680135984329E-07,4.81775582622518E-07,4.31738854747119E-07,4.9464630801998E-08,3.21243769708709E-06,1.6736516323371E-06,2.22956219534366E-06,3.42946349113665E-06,1.3382865905696E-07,4.19621169794527E-06,4.24020388343831E-09,1.95597325558694E-06,4.01910457205992E-06,6.94650025535289E-07,8.0587634438444E-07,2.74313510437771E-06,3.63421157281392E-06,5.86256920554018E-07,2.47816283297764E-07,3.83250758620601E-06
YLR092W,99644.5,YLR092W_translation_Ribosome,0,0,0,0,0,0,0,0,0,0,0,0,0,0,0,0,0,0,0,0,0,0,0,0,0,0
YLR100W,39727,YLR100W_translation_Ribosome,2.52873374060538E-05,7.14786790308461E-06,3.53738435368441E-05,5.02929727014537E-06,1.77557669453596E-05,4.80846254404106E-05,2.36928841540968E-05,2.83601140973929E-05,2.68510508881078E-05,9.20313012136416E-06,7.34803971080336E-05,5.28892626765121E-05,6.11034786501876E-05,7.59532627758281E-05,1.50179455741475E-05,8.41462905338713E-05,2.84501314959477E-06,5.72071419975191E-05,8.23211166887737E-05,3.40410690053064E-05,3.66670738600124E-05,6.7844999249277E-05,7.82300723600945E-05,3.12756968974143E-05,2.03746540817836E-05,8.03590577580182E-05
YLR105C,44113.8,YLR105C_translation_Ribosome,0,0,0,0,0,0,0,0,0,0,0,0,0,0,0,0,0,0,0,0,0,0,0,0,0,0
YLR106C,559077.9,YLR106C_translation_Ribosome,0.002358350866095,0.003051396634067,0.002005117296195,0.003136335669369,0.002638661637606,0.001591195643643,0.002416730245142,0.002248751266489,0.002303417557966,0.002969282680244,0.000884566430813,0.001444982613494,0.001208275413508,0.000824759116782,0.002740933411598,0.000639971740184,0.00322395695877,0.001318488709406,0.000679474701064,0.002050544292532,0.001960657670047,0.001026549600134,0.0007710631938,0.002146475379687,0.00254066872904,0.000723052789811
YLR109W,19108.8,YLR109W_translation_Ribosome,0,0,0,0,0,0,0,0,0,0,0,0,0,0,0,0,0,0,0,0,0,0,0,0,0,0
YLR129W,106322.1,YLR129W_translation_Ribosome,0.000448497099635,0.000580296409618,0.000381321246427,0.000596449608672,0.000501804930046,0.000302604095678,0.000459599341696,0.000427654101568,0.000438050210784,0.000564680467708,0.00016822156718,0.000274798173797,0.000229782610514,0.000156847768961,0.00052125436595,0.000121706007977,0.00061311290281,0.000250742317681,0.000129218445433,0.000389960281608,0.000372866179938,0.000195223079361,0.000146636198636,0.000408203883514,0.000483169223244,0.000137505866398
YLR133W,66306.2,YLR133W_translation_Ribosome,1.13778113832379E-06,1.13778244298629E-06,1.13778122584707E-06,1.13778085401155E-06,1.13778252558332E-06,1.13778186578422E-06,1.13778070321324E-06,1.13778207353543E-06,1.13778211525123E-06,1.13778069114175E-06,1.13778227102486E-06,1.1377813303338E-06,1.13778227608424E-06,1.1377823391562E-06,1.13778184471327E-06,1.13778152541901E-06,1.13778129096702E-06,1.13778095808221E-06,1.13778175079579E-06,1.13778074902328E-06,1.13778138665492E-06,1.13778105982885E-06,1.13778105835275E-06,1.13778075989811E-06,1.13778201741587E-06,1.13778203638541E-06
YLR134W,61904.6,YLR134W_translation_Ribosome,0,0,0,0,0,0,0,0,0,0,0,0,0,0,0,0,0,0,0,0,0,0,0,0,0,0
YLR138W,109347.2,YLR138W_translation_Ribosome,0,0,0,0,0,0,0,0,0,0,0,0,0,0,0,0,0,0,0,0,0,0,0,0,0,0
YLR142W,53281,YLR142W_translation_Ribosome,0,0,0,0,0,0,0,0,0,0,0,0,0,0,0,0,0,0,0,0,0,0,0,0,0,0
YLR146C,34078,YLR146C_translation_Ribosome,0,0,0,0,0,0,0,0,0,0,0,0,0,0,0,0,0,0,0,0,0,0,0,0,0,0
YLR153C,75483.3,YLR153C_translation_Ribosome,0,0,0,0,0,0,5.50569618604017E-07,0,6.24825244230673E-07,2.10704989766883E-07,1.72864257578891E-06,0,0,1.78759880705804E-06,3.46972816051445E-07,0,0,0,0,7.93999951737951E-07,0,0,1.84190076683505E-06,0,0,0
YLR155C,38672.8,YLR155C_translation_Ribosome,0,0,0,0,0,0,0,0,0,0,0,0,0,0,0,0,0,0,0,0,0,0,0,0,0,0
YLR157C,38672.8,YLR157C_translation_Ribosome,0,0,0,0,0,0,0,0,0,0,0,0,0,0,0,0,0,0,0,0,0,0,0,0,0,0
YLR158C,38672.8,YLR158C_translation_Ribosome,0,0,0,0,0,0,0,0,0,0,0,0,0,0,0,0,0,0,0,0,0,0,0,0,0,0
YLR160C,38672.8,YLR160C_translation_Ribosome,0,0,0,0,0,0,0,0,0,0,0,0,0,0,0,0,0,0,0,0,0,0,0,0,0,0
YLR163C,51082.3,YLR163C_translation_Ribosome,2.25297226302916E-05,3.4679540595634E-06,3.93460874109893E-05,2.15886210241185E-06,1.28918698870771E-05,6.70132701014825E-05,2.02813876903557E-05,2.71771085848673E-05,2.48445758533692E-05,4.92232058997816E-06,0.00014452041331,7.93826939135897E-05,0.000102987252334,0.000153676721472,9.99862327052196E-06,0.000186070788208,1.01751572392841E-06,9.13957906667259E-05,0.000178580499721,3.68652202340762E-05,4.18238238427699E-05,0.000124720168337,0.000162338708436,3.19707833656575E-05,1.5964521144885E-05,0.00017069861431
YLR167W,17234.5,YLR167W_translation_Ribosome,0.004573662573705,0.005152547788081,0.004245508717423,0.005218739608218,0.004816875084294,0.003821686499602,0.004625482395972,0.004474656927007,0.00452432880089,0.005087673659573,0.002942781560955,0.003659019483241,0.003377213680553,0.002854355748997,0.004902413294384,0.002559030590449,0.005286061146586,0.003511555265288,0.00262536361221,0.00428924745873,0.004202227655498,0.003141567402844,0.002772234863112,0.004380073652054,0.004733426053917,0.002696385936236
YLR172C,33830.6,YLR172C_translation_Ribosome,0,0,0,0,0,0,0,0,0,0,0,0,0,0,0,0,0,0,0,0,0,0,0,0,0,0
YLR174W,46555.6,YLR174W_translation_Ribosome,0,0,0,0,0,0,0,0,0,0,0,0,0,0,0,0,0,0,0,0,0,0,0,0,0,0
YLR175W,54718.6,YLR175W_translation_Ribosome,0.000230818742257,0.000298649171897,0.00019624673285,0.000306962405343,0.0002582535827,0.000155735002128,0.000236532503953,0.000220091906782,0.000225442257666,0.000290612437493,8.6575120749825E-05,0.000141424702416,0.000118257471886,8.07216028527895E-05,0.000268263222309,6.26359182905387E-05,0.000315538158894,0.000129044371624,6.65021893687151E-05,0.000200692806719,0.00019189533835,0.00010047143153,7.54662247895669E-05,0.00021008186464,0.000248662728247,7.07673052083479E-05
YLR180W,41803.6,YLR180W_translation_Ribosome,0,0,0.000413157278392,0,0,0.00056687410917,0,0,0,0,0.00087399586677,0.000624978617741,0.00072431657896,0.000903901271922,0,0.001002983017753,0,0.000677196555735,0.00098091041883,0.000397039480785,0.000428796855297,0.000805844642559,0.000931435705629,0.000363596671042,0,0.000957182410139
YLR185W,9872.7,YLR185W_translation_Ribosome,0.002620000492699,0.002951612088972,0.002432019142679,0.002989529753114,0.002759323603511,0.002189234634287,0.002649685227347,0.002563285586658,0.002591739879459,0.002914449258108,0.001685758189495,0.002096051620424,0.001934620528823,0.001635103890634,0.002808323753602,0.001465928301391,0.003028094570884,0.002011577456126,0.001503926852202,0.00245707466917,0.00240722579561,0.001799631697935,0.00158806133819,0.002509104014891,0.002711520229917,0.001544611647142
YLR186W,27899.8,YLR186W_translation_Ribosome,0.000117689355086,0.000152274586084,0.000100061854601,0.000156513319357,0.000131677771482,7.94058220124821E-05,0.000120602675394,0.000112219979693,0.000114948004891,0.000148176833537,4.41427330724099E-05,7.21093177175416E-05,6.02968609236541E-05,4.11581541792417E-05,0.000136781464617,3.19366649205639E-05,0.000160885905807,6.57968617516087E-05,3.39079907554155E-05,0.000102328809014,9.78431750973985E-05,5.12281535968934E-05,3.84785535153304E-05,0.000107116081316,0.000126787607606,3.60826786842475E-05
YLR189C,136054.6,YLR189C_translation_Ribosome,0,0,0,0,0,0,0,0,0,0,0,0,0,0,0,0,0,0,0,0,0,0,0,0,0,0
YLR192C,29554.5,YLR192C_translation_Ribosome,0.001338514271895,0.001591809063261,0.00119876739446,0.001622913065232,0.00143847287971,0.001032217658075,0.00135642478336,0.001296428943596,0.001313407298301,0.001562607239596,0.000702026216518,0.000966215130532,0.000854586981265,0.000670592083466,0.001479011138151,0.000568022362431,0.001655257288985,0.000907345764592,0.000591198882284,0.001217703788459,0.00118345547096,0.000774844165634,0.000642109975089,0.001254133923675,0.001401226634743,0.000613314971358
YLR197W,56874.8,YLR197W_translation_Ribosome,0.000239914212025,0.000310417516563,0.000203979884016,0.000319058335034,0.000268430129158,0.0001618717785,0.000245853125918,0.000228764682938,0.000234325865726,0.000302064092647,8.99866348485186E-05,0.000146997577879,0.000122917436887,8.39024576274216E-05,0.000278834201098,6.51041021808074E-05,0.00032797201828,0.000134129397084,6.91227246294276E-05,0.000208601156527,0.000199457021736,0.000104430533201,7.84399900885926E-05,0.000218360192604,0.000258461344708,7.35559084162194E-05
YLR200W,13276,YLR200W_translation_Ribosome,2.28258618917323E-05,1.05723944140254E-05,2.43766527063438E-05,9.15554290428086E-06,1.78146728225595E-05,3.15181287207794E-05,2.175611434446E-05,1.99673196803102E-05,2.42198419168488E-05,1.19374072085729E-05,4.77100121168655E-05,3.48809212364203E-05,4.08408443903183E-05,4.99036730586887E-05,1.61070452314139E-05,5.75358583452538E-05,7.70171181327546E-06,3.79437881443394E-05,5.58094242415305E-05,2.35295889621438E-05,2.5227322227201E-05,4.79951748852665E-05,5.19683290546477E-05,2.17701072617646E-05,1.964384939389E-05,5.39199290344683E-05
YLR201C,29962.8,YLR201C_translation_Ribosome,0,0,0,0,0,0,0,0,0,0,0,0,0,0,0,0,0,0,0,0,0,0,0,0,0,0
YLR208W,33031.2,YLR208W_translation_Ribosome,0,0,0,0,0,0,0,0,0,0,0,0,0,0,0,0,0,0,0,0,0,0,0,0,0,0
YLR209C,33754.3,YLR209C_translation_Ribosome,0,0,0,0,0,0,0,0,0,0,0,0,0,0,0,0,0,0,0,0,0,0,0,0,0,0
YLR221C,24642.5,YLR221C_translation_Ribosome,0.00010394912984,0.000134496537164,8.83796389939314E-05,0.000138240398578,0.000116304399449,7.01351969886017E-05,0.000106522320174,9.91183037005406E-05,0.000101527832118,0.000130877196984,3.89890715968165E-05,6.36905591385787E-05,5.32572059767864E-05,3.63529421129171E-05,0.000120812236712,2.82080611798292E-05,0.000142102485819,5.81150820333485E-05,2.99492348400464E-05,9.0381926612957E-05,8.6419990191243E-05,4.52472696940998E-05,3.39861846680453E-05,9.46102851569462E-05,0.000111985161916,3.18700280817987E-05
YLR222C,91005.6,YLR222C_translation_Ribosome,0.000383887711497,0.000496700337326,0.00032638904634,0.000510526546287,0.000429516147083,0.000259011694555,0.000393390591897,0.000366047304423,0.000374945775738,0.000483333989566,0.000143987982312,0.000235211425332,0.000196680693284,0.000134252665466,0.000446163745128,0.000104173340063,0.00052478936729,0.000214620996632,0.000110603554272,0.000333783563379,0.000319151995916,0.000167099723115,0.000125512148825,0.000349399036903,0.000413565054329,0.000117697109774
YLR231C,51014.4,YLR231C_translation_Ribosome,1.11710006943898E-07,0,2.81011850345618E-06,0,0,4.85910756539659E-06,0,9.7399577880202E-07,5.07281959729293E-07,0,5.59553292393291E-06,5.3513317071451E-06,5.77475800699162E-06,5.42905589127115E-06,0,4.61445757605867E-06,0,5.63680361085319E-06,4.83586738212593E-06,2.49079741702553E-06,3.10935404542534E-06,5.83246763570547E-06,5.23109837639716E-06,1.77715819731021E-06,0,5.02601949459597E-06
YLR237W,66902.4,YLR237W_translation_Ribosome,0,0,0,0,0,0,0,0,0,0,0,0,0,0,0,0,0,0,0,0,0,0,0,0,0,0
YLR240W,100924.3,YLR240W_translation_Ribosome,0,0,0,0,0,0,0,0,0,0,0,0,0,0,0,0,0,0,0,0,0,0,0,0,0,0
YLR245C,15536.3,YLR245C_translation_Ribosome,0,0,0,0,0,0,0,0,0,0,0,0,0,0,0,0,0,0,0,0,0,0,0,0,0,0
YLR249W,115924.9,YLR249W_translation_Ribosome,0.026348968156686,0.030242734923205,0.024141697343649,0.030687968982458,0.027984889894747,0,0.026697526966784,0.025683020073714,0.026017129228192,0.029806377053598,0,0,0,0,0.02856025059477,0,0.031140794035777,0,0,0.024435900314438,0.023850574100751,0,0,0.025046827039975,0.027423586316606,0
YLR258W,80064.6,YLR258W_translation_Ribosome,0,0,0,0,0,0,0,0,0,0,0,0,0,0,0,0,0,0,0,0,0,0,0,0,0,0
YLR259C,60741.2,YLR259C_translation_Ribosome,0,0,0,0,0,0,0,0,0,0,0,0,0,0,0,0,0,0,0,0,0,0,0,0,0,0
YLR260W,77561.5,YLR260W_translation_Ribosome,0,0,0,0,0,0,0,0,0,0,0,0,0,0,0,0,0,0,0,0,0,0,0,0,0,0
YLR264W,7570,YLR264W_translation_Ribosome,0.002008913846236,0.002263180640911,0.001864777103536,0.002292254421898,0.002115741355311,0.001678619443673,0.002031674939076,0.001965427075775,0.00198724471396,0.002234685636541,0.001292573408943,0.001607170355284,0.001483391311717,0.001253733674891,0.00215331275282,0.001124016453607,0.002321824414962,0.001542398871927,0.001153152255327,0.001883988700722,0.001845766535271,0.001379887158869,0.001217663286649,0.001923882766895,0.002079087599185,0.001184347763921
YLR276C,68077.4,YLR276C_translation_Ribosome,0.000287169990535,0.000371560294578,0.000244157696486,0.000381903090603,0.000321302673148,0.000193755579161,0.000294278689232,0.000273824344459,0.000280480910551,0.000361561501065,0.000107711255868,0.000175951614921,0.000147128420987,0.0001004286814,0.000333756029767,7.79276235837963E-05,0.000392572497437,0.000160548795196,8.27377920219042E-05,0.000249689218659,0.000238743968357,0.000125000161423,9.38902744494425E-05,0.000261370487034,0.00030937034237,8.80441777309869E-05
YLR284C,31701.8,YLR284C_translation_Ribosome,0,0,0,0,0,0,0,0,0,0,0,0,0,0,0,0,0,0,0,0,0,0,0,0,0,0
YLR285W,29614.7,YLR285W_translation_Ribosome,0,0,0,0,0,0,0,0,0,0,0,0,0,0,0,0,0,0,0,0,0,0,0,0,0,0
YLR287CA,7134.7,YLR287CA_translation_Ribosome,0.001893394665619,0.002133040279882,0.001757546261638,0.002160442222446,0.001994079240124,0.001582093282005,0.001914846920453,0.001852408528076,0.001872971580011,0.002106183832369,0.001218246169192,0.001514752752159,0.001398091412379,0.001181639848117,0.002029490158197,0.00105938179545,0.002188311843253,0.001453705843004,0.001086842192349,0.001775653128539,0.00173962886383,0.001300539090143,0.001147643626322,0.001813253154157,0.001959533196024,0.001116243856176
YLR291C,42571.1,YLR291C_translation_Ribosome,0.001928032107471,0.002292884765873,0.001726736930968,0.002337687810361,0.002072015185824,0.001486834192548,0.001953830891908,0.001867411263961,0.001891867344624,0.002250821670391,0.001011217522409,0.001391762369297,0.001230970168269,0.000965938948196,0.002130407588129,0.000818194751841,0.002384277303799,0.001306965344669,0.000851578836983,0.001754013424313,0.001704681222818,0.001116106462963,0.000924912550052,0.001806488374973,0.002018364688636,0.00088343544899
YLR295C,14117.9,YLR295C_translation_Ribosome,0.000104958588247,2.85844012859955E-05,0.000147057729341,1.95978522533318E-05,7.3333867723794E-05,0.000199614789869,9.82745685397424E-05,0.000117818381976,0.000111523299763,3.72952696538941E-05,0.000302937083918,0.000219356916177,0.000252902183371,0.000312857831353,6.18204756440171E-05,0.000345452774937,1.03458009997224E-05,0.000236987908378,0.000338227997419,0.000141507548983,0.000152396297101,0.000280191909015,0.000321847108371,0.000129996246511,8.43734061162814E-05,0.000330415060596
YLR299W,73164.1,YLR299W_translation_Ribosome,0,0,0,0,0,0,0,0,0,0,0,0,0,0,0,0,0,0,0,0,0,0,0,0,0,0
YLR300W,51280.2,YLR300W_translation_Ribosome,0,0,0,0,0,0,0,0,0,0,0,0,0,0,0,0,0,0,0,0,0,0,0,0,0,0
YLR303W,48663,YLR303W_translation_Ribosome,9.87877202757456E-05,2.22900992126134E-05,0.000142605282687,1.35595855416079E-05,6.66702321555442E-05,0.000199359755744,9.19732575934044E-05,0.000111922322697,0.000105573085139,3.08033476810303E-05,0.000318681482516,0.000221308737515,0.000259352528159,0.000330678822336,5.51468269869186E-05,0.000370888222677,4.54416835131632E-06,0.000241262922099,0.00036186136633,0.000136726409019,0.000148307657867,0.000291635585985,0.000341749486488,0.000124631693815,7.77989420879798E-05,0.000352190652344
YLR304C,85372.2,YLR304C_translation_Ribosome,0.002275405469934,0.00061613656704,0.003173986979451,0.000418839321156,0.001593078799969,0.00427845093308,0.002131399154601,0.002551150746929,0.002416269671893,0.000807453878778,0.006407186891255,0.004689247749944,0.00538199815601,0.00660826195735,0.001342976229702,0.007266655317078,0.0002158901238,0.005054829232487,0.007121025790811,0.003056443136598,0.003287563276978,0.005945014496902,0.006792557172845,0.002810952187757,0.001831514854419,0.006963710497191
YLR305C,214607.9,YLR305C_translation_Ribosome,0,0,0,0,0,0,0,0,0,0,0,0,0,0,0,0,0,0,0,0,0,0,0,0,0,0
YLR307W,34625.5,YLR307W_translation_Ribosome,0,0,0,0,0,0,0,0,0,0,0,0,0,0,0,0,0,0,0,0,0,0,0,0,0,0
YLR308W,35676.4,YLR308W_translation_Ribosome,0,0,0,0,0,0,0,0,0,0,0,0,0,0,0,0,0,0,0,0,0,0,0,0,0,0
YLR312WA,28177.9,YLR312WA_translation_Ribosome,5.44325929690664E-06,6.98379605713594E-07,9.882624893244E-06,4.16247523534905E-07,2.96663655302844E-06,1.72914102623862E-05,4.85892076177871E-06,6.66024452937577E-06,6.04840736157829E-06,1.02675129285422E-06,3.80811134115788E-05,2.0616308234304E-05,2.69604142314956E-05,4.05258527883009E-05,2.24485797228842E-06,4.91438715129622E-05,1.85717139961304E-07,2.384513696893E-05,4.7155514439962E-05,9.22250079814788E-06,1.05423640393228E-05,3.27831031204568E-05,4.28309420118046E-05,7.92486748573134E-06,3.74730519586294E-06,4.50594617586984E-05
YLR316C,37104.9,YLR316C_translation_Ribosome,0,0,0,0,0,0,0,0,0,0,0,0,0,0,0,0,0,0,0,0,0,0,0,0,0,0
YLR325C,8840.7,YLR325C_translation_Ribosome,0.002346130071389,0.0026430780835,0.002177798538868,0.002677032188597,0.002470889643315,0.001960392459139,0.002372711840672,0.002295343612788,0.002320823559142,0.002609799908451,0.001509544747219,0.00187694992866,0.001732393338111,0.001464185376435,0.002514767774618,0.001312693825813,0.002711565799914,0.001801305905819,0.00134672036244,0.00220023499425,0.002155596857116,0.0016115149809,0.001422060213775,0.002246825677317,0.002428083188654,0.001383152348283
YLR328W,45853.5,YLR328W_translation_Ribosome,0,0,0,0,0,0,0,0,0,0,0,0,0,0,0,0,0,0,0,0,0,0,0,0,0,0
YLR333C,12025.5,YLR333C_translation_Ribosome,0,0,0,0,0,0,0,0,0,0,0,0,0,0,0,0,0,0,0,0,0,0,0,0,0,0
YLR335W,77881.6,YLR335W_translation_Ribosome,0,0,0,0,0,0,0,0,0,0,0,0,0,0,0,0,0,0,0,0,0,0,0,0,0,0
YLR336C,102841,YLR336C_translation_Ribosome,0.000433812821827,0.000561296880532,0.000368836378362,0.000576921206461,0.000485375296489,0.00029269651186,0.000444551564533,0.000413652245952,0.000423707975362,0.000546192221368,0.000162713811995,0.000265800985792,0.000222259280506,0.000151712404173,0.000504187936926,0.00011772122227,0.000593038926412,0.000242532744299,0.000124987694438,0.000377192562232,0.00036065813985,0.000188831265603,0.000141835171652,0.000394838848973,0.000467349742788,0.00013300377632
YLR340W,33701.4,YLR340W_translation_Ribosome,0.008943620752646,0.01007560846124,0.008301928543873,0.01020504401244,0.009419213436179,0.007473160544122,0.009044952416351,0.008750019029264,0.008847150462752,0.009948749605196,0.005754495836745,0.007155071467841,0.006604011090185,0.005581582572124,0.009586480106724,0.005004085615536,0.010336688684067,0.00686671087746,0.005133797281067,0.008387457965455,0.008217294096667,0.006143213883212,0.005420998347249,0.008565065083254,0.00925603207598,0.005272678696304
YLR342W,214847.9,YLR342W_translation_Ribosome,0,0,0,0,0,0,0,0,0,0,0,0,0,0,0,0,0,0,0,0,0,0,0,0,0,0
YLR344W,14252,YLR344W_translation_Ribosome,0,0,0,0,0,0,0,0,0,0,0,0,0,0,0,0,0,0,0,0,0,0,0,0,0,0
YLR348C,33006,YLR348C_translation_Ribosome,0,0,0,0,0,0,0,0,0,0,0,0,0,0,0,0,0,0,0,0,0,0,0,0,0,0
YLR354C,37034.7,YLR354C_translation_Ribosome,0.000561958297687,0.000145466502299,0.000792287713636,9.67076691773036E-05,0.000389164760761,0.00108218655088,0.000525429353274,0.000632141366537,0.000597773720741,0.000192680198316,0.001661081630914,0.001191787461646,0.001379031605465,0.001717370400251,0.000326348021628,0.001903686557114,4.64281873581735E-05,0.001290268056103,0.001862192978549,0.00076185870526,0.000821780482524,0.001532769871928,0.001769166797054,0.00069874422232,0.000449326662445,0.001817580513175
YLR355C,44377,YLR355C_translation_Ribosome,0.002675144162532,0.000707226283722,0.003779395274743,0.000479373605964,0.001855577893066,0.005184827418274,0.002501358204631,0.003010919767098,0.002845370168259,0.000930612755647,0.008016421032766,0.005717228786367,0.006630219903527,0.008293869733316,0.001558146590678,0.009216084848801,0.000245106409682,0.006196702338359,0.009010338923563,0.003633087157566,0.003921285059273,0.007384156422025,0.008549720604583,0.003330028971159,0.002139800198415,0.008789569888423
YLR359W,54504,YLR359W_translation_Ribosome,0.000574397639888,0.000153658821424,0.000807441383902,0.000104427761974,0.000399818819516,0.001100165585763,0.000537504793636,0.000645296182405,0.000610388376829,0.000201297915807,0.001682134545966,0.001210701139393,0.00139952037369,0.001738568948897,0.000336344047076,0.00192548313469,5.37551621002012E-05,0.001309939404283,0.001883902430763,0.000776662396548,0.000837307161627,0.001553286556633,0.001790491830566,0.000712707479671,0.000460513562861,0.001839143266239
YLR367W,14635.3,YLR367W_translation_Ribosome,0,0,0,0,0,0,0,0,0,0,0,0,0,0,0,0,0,0,0,0,0,0,0,0,0,0
YLR372W,39478.6,YLR372W_translation_Ribosome,4.27953074487586E-07,1.2096773954635E-07,8.99115462789877E-07,8.51138731891747E-08,6.02123508533524E-07,8.13765520757491E-07,1.99723918887995E-07,7.20843837195477E-07,2.26346318783083E-07,7.75796311635265E-08,6.19417744855891E-07,1.79355070972338E-06,1.03409153483965E-06,6.40263261967411E-07,2.54157876637697E-07,2.13879023003568E-06,4.81478972964237E-08,1.4540638169107E-06,2.09239883282442E-06,5.7609782737258E-07,6.20539313367927E-07,1.72445179259236E-06,6.59456085001275E-07,2.63644759737897E-07,1.71752232979936E-07,1.35996547514079E-06
YLR377C,38255.9,YLR377C_translation_Ribosome,0,0,0,0,0,0,0,0,0,0,0,0,0,0,0,0,0,0,0,0,0,0,0,0,0,0
YLR382C,101929.3,YLR382C_translation_Ribosome,0,0,0,0,0,0,0,0,0,0,0,0,0,0,0,0,0,0,0,0,0,0,0,0,0,0
YLR386W,99751.4,YLR386W_translation_Ribosome,0,0,0,0,0,0,0,0,0,0,0,0,0,0,0,0,0,0,0,0,0,0,0,0,0,0
YLR387C,49691.5,YLR387C_translation_Ribosome,0.000209612993221,0.000271211714578,0.000178217178901,0.000278761195738,0.000234527343623,0.000141427336559,0.000214801820956,0.000199871652159,0.000204730456313,0.000263913329977,7.86213026784298E-05,0.000128431750814,0.000107392937031,7.33055584053574E-05,0.000243617378942,5.68814394691074E-05,0.00028654907879,0.00011718882414,6.03925090008792E-05,0.000182254783658,0.000174265555142,9.12409334281976E-05,6.85330017422004E-05,0.000190781251288,0.000225817618885,6.42657806808036E-05
YLR388W,6669.9,YLR388W_translation_Ribosome,0,0,0,0,0,0,0,0,0,0,0,0,0,0,0,0,0,0,0,0,0,0,0,0,0,0
YLR395C,8917.9,YLR395C_translation_Ribosome,2.67823137241102E-06,7.28673144704972E-07,3.75423718422213E-06,4.9930566706565E-07,1.8715462199227E-06,5.09828424710557E-06,2.50757033281378E-06,3.00715579916985E-06,2.84583743123196E-06,9.50934921398974E-07,7.73857632597933E-06,5.60218240527308E-06,6.45870612366323E-06,7.9924286293045E-06,1.57741341086935E-06,8.82959139130172E-06,2.63404649998675E-07,6.05316761953403E-06,8.64367660990483E-06,3.61262711951745E-06,3.89137312296502E-06,7.15774592425464E-06,8.22574560687614E-06,3.31820213056875E-06,2.15263693445022E-06,8.44339623410299E-06
YLR397C,84731.5,YLR397C_translation_Ribosome,0.000357421758954,0.000462456866743,0.000303887161668,0.000475329870433,0.000399904482983,0.000241154933292,0.000366269492617,0.000340811303642,0.000349096297337,0.000450012020545,0.000134061175611,0.000218995500118,0.000183121150379,0.000124997030116,0.000415404363801,9.69914308961629E-05,0.000488609385297,0.000199824614926,0.000102978333848,0.00031077188657,0.000297149047332,0.000155579548832,0.000116859101398,0.000325310799504,0.00038505308905,0.000109582846075
YLR401C,76596.5,YLR401C_translation_Ribosome,0,0,0,0,0,0,0,0,0,0,0,0,0,0,0,0,0,0,0,0,0,0,0,0,0,0
YLR405W,41700.1,YLR405W_translation_Ribosome,0,0,0,0,0,0,0,0,0,0,0,0,0,0,0,0,0,0,0,0,0,0,0,0,0,0
YLR406C,12976.4,YLR406C_translation_Ribosome,0.003443655169656,0.003879516151745,0.003196577755129,0.003929354066093,0.003626777559189,0.002877468606193,0.003482671952368,0.003369110687726,0.003406510212183,0.00383067036909,0.002215713287161,0.00275499146609,0.002542810966627,0.002149134697339,0.003691181982259,0.00192677504737,0.003980042581018,0.002643960993617,0.001976719276886,0.003229510036465,0.003163990075071,0.002365385433071,0.002087303285716,0.003297895949318,0.003563946145583,0.00203019423035
YLR409C,104793,YLR409C_translation_Ribosome,0.000442046917452,0.000571950720059,0.000375837171922,0.000587871607517,0.000494588086901,0.000298252113139,0.000452989489621,0.000421503678591,0.000431750273355,0.000556559363035,0.000165802243273,0.000270846089634,0.000226477929834,0.000154592020405,0.000513757805489,0.000119955660149,0.000604295253989,0.000247136199311,0.000127360055457,0.000384351962486,0.000367503704255,0.000192415425913,0.000144527310537,0.000402333189102,0.00047622039455,0.000135528288639
YLR410W,129769.8,YLR410W_translation_Ribosome,0,0,0,0,0,0,0,0,0,0,0,0,0,0,0,0,0,0,0,0,0,0,0,0,0,0
YLR420W,40307.6,YLR420W_translation_Ribosome,1.95498632905042E-06,5.52607963740908E-07,2.7347830026562E-06,3.8881940197907E-07,1.37271398259893E-06,3.71746474783098E-06,1.83171774367774E-06,2.19254540169342E-06,2.07587839573497E-06,7.11502096200597E-07,5.68083422515439E-06,4.08891548468777E-06,4.7239637570519E-06,5.87201364814194E-06,1.16105060079804E-06,6.50542384089202E-06,2.19950472608426E-07,4.42273453837103E-06,6.36431804323489E-06,2.63174502965678E-06,2.83476377807357E-06,5.24515665279253E-06,6.04803580261463E-06,2.41795167613542E-06,1.57518245402046E-06,6.21262953901782E-06
YLR421C,17889.1,YLR421C_translation_Ribosome,0.000180123790073,0.00018960231185,0.000174851993274,0.000190695276404,0.000184083442925,0.000168204631015,0.000180962069133,0.000178520626226,0.000179330778381,0.000188531516828,0.000155215996057,0.00016571010496,0.000161472641315,0.000153971323125,0.000185500453548,0.000149918477644,0.000191807254745,0.000163480158134,0.000150816372959,0.000175548583599,0.000174162855784,0.000158065659847,0.000152824153431,0.000177001820851,0.000182723094975,0.0001517841118
YLR430W,252527.1,YLR430W_translation_Ribosome,0.001065231705631,0.001378270081774,0.000905681401408,0.001416635769742,0.001191843875828,0.000718719200709,0.001091600795324,0.00101572721073,0.001040419154473,0.001341180440726,0.000399545386306,0.000652676968516,0.000545759877424,0.000372531319803,0.001238038501833,0.000289065634021,0.001456212991647,0.000595541569733,0.000306908528817,0.000926200094146,0.000885599655271,0.00046367705382,0.000348277676952,0.000969530727031,0.001147581949144,0.000326592097734
YLR432W,56585.5,YLR432W_translation_Ribosome,0,0,0,0,0,0,0,0,0,0,0,0,0,0,0,0,0,0,0,0,0,0,0,0,0,0
YLR438W,46081.4,YLR438W_translation_Ribosome,0,0,0,0,0,0,0,0,0,0,0,0,0,0,0,0,0,0,0,0,0,0,0,0,0,0
YLR439W,36965.3,YLR439W_translation_Ribosome,7.14076325375359E-06,9.1617230663338E-07,1.29645642140199E-05,5.46056114249991E-07,3.89179499443401E-06,2.26838113476229E-05,6.3741962188587E-06,8.73727059510233E-06,7.93462935999312E-06,1.34694812479795E-06,4.99568733508543E-05,2.70455931341057E-05,3.53681360282883E-05,5.31640152770567E-05,2.94492664119871E-06,6.44696004187006E-05,2.4363383338757E-07,3.12813460760947E-05,6.18611655917414E-05,1.20985775644663E-05,1.383004586654E-05,4.30066556336215E-05,5.61879565456957E-05,1.0396271690591E-05,4.91591853036005E-06,5.91114498152387E-05
YLR441C,28763.9,YLR441C_translation_Ribosome,0.007633315321234,0,0.00708563568407,0,0,0.006378288218741,0.007719801159853,0.007468077657184,0.007550978629836,0,0.004911420380119,0.006106801503612,0.005636475475707,0.004763840165284,0.008181991108435,0.004270950709369,0,0.005860687835169,0.004381658673315,0.007158634423868,0.007013400798398,0.005243188408058,0.004626782696281,0.007310220808282,0.007899956115481,0.004500192952003
YLR447C,39765.8,YLR447C_translation_Ribosome,0,0,0,0,0,0,0,0,0,0,0,0,0,0,0,0,0,0,0,0,0,0,0,0,0,0
YLR448W,20004.8,YLR448W_translation_Ribosome,0,0,0,0,0,0,0,0,0,0,0,0,0,0,0,0,0,0,0,0,0,0,0,0,0,0
YLR449W,43868.6,YLR449W_translation_Ribosome,0.000185050331634,0.000239430852805,0.000157333510446,0.000246095678161,0.000207045193372,0.00012485473887,0.000189631127312,0.000176450490726,0.000180739935317,0.000232987700259,6.9408379273698E-05,0.000113381988947,9.48085245455312E-05,6.47155392664995E-05,0.000215070049201,5.02160151231999E-05,0.000252970969236,0.00010345651974,5.33156539922515E-05,0.000160897984612,0.000153844941938,8.0549228986612E-05,6.05022355981987E-05,0.000168425312182,0.000199356082948,5.67350517970659E-05
YLR450W,115694,YLR450W_translation_Ribosome,0,0,0,0,0,0,0,0,0,0,0,0,0,0,0,0,0,0,0,0,0,0,0,0,0,0
YML004C,37205.3,YML004C_translation_Ribosome,0,0,0,0,0,0,0,0,0,0,0,0,0,0,0,0,0,0,0,0,0,0,0,0,0,0
YML005W,52728,YML005W_translation_Ribosome,0,0,0,0,0,0,0,0,0,0,0,0,0,0,0,0,0,0,0,0,0,0,0,0,0,0
YML008C,43422.2,YML008C_translation_Ribosome,0,0,0,0,0,0,0,0,0,0,0,0,0,0,0,0,0,0,0,0,0,0,0,0,0,0
YML009C,7987.8,YML009C_translation_Ribosome,1.54304141230648E-06,1.97974888636806E-07,2.80150157116941E-06,1.17996797791607E-07,8.40974645317094E-07,4.90172535546965E-06,1.37739459863709E-06,1.88802931558944E-06,1.71458725890911E-06,2.91060866035474E-07,1.07951379524028E-05,5.84425904393065E-06,7.6426702060246E-06,1.14881665029115E-05,6.36366674274713E-07,1.39311807079747E-05,5.2646626277434E-08,6.75955926738398E-06,1.33675262614861E-05,2.61437125816493E-06,2.98852275979765E-06,9.29327136179719E-06,1.21416073803191E-05,2.24652144065118E-06,1.06227662258415E-06,1.27733425356798E-05
YML022W,20580.9,YML022W_translation_Ribosome,0,0,0,0,0,0,0,0,0,0,0,0,0,0,0,0,0,0,0,0,0,0,0,0,0,0
YML024W,15805.7,YML024W_translation_Ribosome,0,0,0,0,0,0,0,0,0,0,0,0,0,0,0,0,0,0,0,0,0,0,0,0,0,0
YML025C,31979,YML025C_translation_Ribosome,6.177535907778E-06,7.92588568030798E-07,1.12157563715199E-05,4.72397856303086E-07,3.36682543160762E-06,1.96239609332437E-05,5.5143721512576E-06,7.5586881848863E-06,6.8643163264797E-06,1.16525644544786E-06,4.32181222088545E-05,2.33973759941233E-05,3.05972796662987E-05,4.59926483633299E-05,2.54768144878828E-06,5.57732076241671E-05,2.10769731556381E-07,2.70617624141406E-05,5.35166281474328E-05,1.0466583848476E-05,1.19644920172725E-05,3.72054288889196E-05,4.86086860481263E-05,8.99390434795362E-06,4.25280353960022E-06,5.11378253021487E-05
YML026C,17049.9,YML026C_translation_Ribosome,0,0,0,0,0,0,0,0,0,0,0,0,0,0,0,0,0,0,0,0,0,0,0,0,0,0
YML031W,74139.3,YML031W_translation_Ribosome,0,0,0,0,0,0,0,0,0,0,0,0,0,0,0,0,0,0,0,0,0,0,0,0,0,0
YML035C,93288.5,YML035C_translation_Ribosome,0,0,0,0,0,0,0,0,0,0,0,0,0,0,0,0,0,0,0,0,0,0,0,0,0,0
YML036W,20661,YML036W_translation_Ribosome,0,0,0,0,0,0,0,0,0,0,0,0,0,0,0,0,0,0,0,0,0,0,0,0,0,0
YML042W,77246.6,YML042W_translation_Ribosome,0,0,0,0,0,0,0,0,0,0,0,0,0,0,0,0,0,0,0,0,0,0,0,0,0,0
YML054C,65546.1,YML054C_translation_Ribosome,0,0,0,0,0,0,0,0,0,0,0,0,0,0,0,0,0,0,0,0,0,0,0,0,0,0
YML056C,56398.6,YML056C_translation_Ribosome,0,0,0,0,0,0,0,0,0,0,0,0,0,0,0,0,0,0,0,0,0,0,0,0,0,0
YML059C,187138.8,YML059C_translation_Ribosome,0,0,0,0,0,0,0,0,0,0,0,0,0,0,0,0,0,0,0,0,0,0,0,0,0,0
YML063W,28832.9,YML063W_translation_Ribosome,0,0.008620087331745,0,0.008730824639518,0.008058515049346,0,0,0,0,0.00851155449007,0,0,0,0,0,0,0.008843451938461,0,0,0,0,0,0,0,0,0
YML070W,62192.1,YML070W_translation_Ribosome,0,0,0,0,0,0,0,0,0,0,0,0,0,0,0,0,0,0,0,0,0,0,0,0,0,0
YML073C,19980.8,YML073C_translation_Ribosome,0.005302471040801,0.005973601023766,0.004922026202158,0.006050340442942,0.005584439216935,0.004430668346122,0.005362548298902,0.005187688945264,0.005245275981596,0.005898389269036,0.003411710801772,0.004242080506585,0.003915369236612,0.003309194426851,0.005683607853574,0.002966809505448,0.006128389599797,0.004071118015879,0.003043712626583,0.004972734667289,0.004871848347152,0.003642172964853,0.003213987661543,0.005078033921899,0.005487692668665,0.003126052285517
YML074C,46495,YML074C_translation_Ribosome,0.000196129239806,0.000253765506562,0.000166753020798,0.000260829353025,0.000219440927356,0.000132329754854,0.000200984286354,0.000187014528987,0.000191560781347,0.000246936604394,7.35638382426289E-05,0.000120170134814,0.000100484682637,6.85900393036453E-05,0.000227946228911,5.32224329737712E-05,0.000268116265726,0.000109650430725,5.65076462975736E-05,0.00017053089897,0.000163055592734,8.53716873055563E-05,6.41244864011673E-05,0.000178508885396,0.000211291472184,6.01317624292678E-05
YML075C,115631.8,YML075C_translation_Ribosome,0.000441617123174,0.000124830100121,0.000617767492382,8.78314611128854E-05,0.000310086055809,0.000839748116415,0.000413771650681,0.000495279981418,0.000468925757465,0.000160723123322,0.001283258931514,0.000923656123021,0.001067108886322,0.001326444965879,0.000262272844861,0.001469527698967,4.96852041929633E-05,0.000999063407439,0.001437652930587,0.000594491967363,0.000640352418811,0.001184842552187,0.001366207084067,0.00054619761137,0.000355822203689,0.001403387606145
YML080W,48140,YML080W_translation_Ribosome,0,0,0,0,0,0,0,0,0,0,0,0,0,0,0,0,0,0,0,0,0,0,0,0,0,0
YML081CA,6691.9,YML081CA_translation_Ribosome,4.97504853193651E-05,1.3549037389821E-05,6.97055241201169E-05,9.28940334568677E-06,3.47603332946725E-05,9.46176281406471E-05,4.65822526870925E-05,5.58460415746806E-05,5.28621657388348E-05,1.76779984981402E-05,0.000143592508225,0.000103975417546,0.000119875910787,0.000148294953331,2.93029728898914E-05,0.000163744992145,4.90392095921083E-06,0.000112332527081,0.000160320439721,6.70747325764221E-05,7.22360110617468E-05,0.00013281127051,0.000152555880443,6.16183626480868E-05,3.99930865347922E-05,0.000156617099144
YML086C,59491.2,YML086C_translation_Ribosome,0,0,0,0,0,0,0,0,0,0,0,0,0,0,0,0,0,0,0,0,0,0,0,0,0,0
YML092C,27158.1,YML092C_translation_Ribosome,0.000273452543905,0.00028784223608,0.000265449235487,0.000289501505728,0.000279463838388,0.0002553576306,0.000274725166146,0.000271018721966,0.000272248643719,0.000286216622814,0.000235639106636,0.000251570598941,0.000245137549686,0.000233749522925,0.000281615054279,0.000227596749288,0.000291189640903,0.000248185234731,0.000228959877157,0.000266506754853,0.000264403030542,0.00023996528594,0.000232007962462,0.00026871296772,0.000277398644182,0.000230429037049
YML093W,102977.5,YML093W_translation_Ribosome,0.00043438861796,0.000562041885191,0.000369325931805,0.000577686949158,0.000486019531065,0.000293085005494,0.00044514161411,0.000414201283122,0.000424270359418,0.00054691717774,0.000162929780678,0.000266153781219,0.000222554283391,0.000151913770779,0.000504857141362,0.000117877472665,0.000593826062024,0.000242854655984,0.00012515358956,0.000377693206768,0.000361136838386,0.000189081899764,0.000142023428291,0.000395362915278,0.000467970052196,0.000133180311121
YML094W,18359.1,YML094W_translation_Ribosome,3.15654023091671E-05,1.46203409375214E-05,3.37099581727204E-05,1.26610069097607E-05,2.46355347858279E-05,4.35857545192574E-05,3.00860710199892E-05,2.76123846597457E-05,3.34931078439001E-05,1.65079883009122E-05,6.59771680818579E-05,4.82360892642034E-05,5.64779411152675E-05,6.90107354663883E-05,2.22740926565268E-05,7.95651233011713E-05,1.06505346001134E-05,5.24716632209056E-05,7.71776740428354E-05,3.25385716115468E-05,3.48863310862764E-05,6.63715136514083E-05,7.18659046359734E-05,3.01054215297878E-05,2.71650644326127E-05,7.45647310286763E-05
YML100W,123007.1,YML100W_translation_Ribosome,0,0,0,0,0,0,0,0,0,0,0,0,0,0,0,0,0,0,0,0,0,0,0,0,0,0
YML103C,188543,YML103C_translation_Ribosome,0,0,0,0,0,0,0,0,0,0,0,0,0,0,0,0,0,0,0,0,0,0,0,0,0,0
YML106W,24662.7,YML106W_translation_Ribosome,0.000358854717381,0.000101435990474,0.00050199316841,7.13711776579731E-05,0.000251973571861,0.000682372936135,0.000336227698098,0.000402460748077,0.000381045506022,0.00013060238829,0.001042766453179,0.000750555944484,0.0008671245695,0.00107785909643,0.000213120920092,0.001194127037708,4.03738192502444E-05,0.000811831330601,0.001168225843216,0.000483079653706,0.000520345507949,0.000962794051441,0.001110169491422,0.000443836027131,0.000289138417984,0.001140382101036
YML110C,34681.9,YML110C_translation_Ribosome,0,0,0,0,0,0,0,0,0,0,0,0,0,0,0,0,0,0,0,0,0,0,0,0,0,0
YML120C,57264.4,YML120C_translation_Ribosome,3.26022397887741E-05,9.04061684121765E-06,4.52481197564135E-05,6.2195128433219E-06,2.29463468679992E-05,6.06684778762041E-05,3.05699495102316E-05,3.64917980839071E-05,3.45951852259403E-05,1.17695483819958E-05,8.99260623668872E-05,6.63608865019619E-05,7.59062552349157E-05,9.26559600313447E-05,1.9397538020231E-05,0.00010155050677,0,7.1408221184477E-05,9.95893108799E-05,4.35997454855721E-05,4.6839141929809E-05,8.36274643407999E-05,9.51525374383848E-05,4.01538182505214E-05,2.63317593249381E-05,9.74665081066616E-05
YML123C,64372.6,YML123C_translation_Ribosome,2.35889249397168E-05,0,0,0,0,0,0,2.64553199881351E-05,2.50476123200045E-05,0,0,0,0,0,0,0,0,5.33648504358513E-05,0,3.17547161545573E-05,3.4204346592683E-05,0,0,2.87576945535631E-05,0,0
YML126C,55018.1,YML126C_translation_Ribosome,4.56789739364645E-05,1.29118881281715E-05,6.38992097509341E-05,9.08490819862689E-06,3.20739666061027E-05,8.68599298125923E-05,4.27987581442864E-05,5.1229628959664E-05,4.85036614962446E-05,1.66245079186171E-05,0.000132734779089,9.55390127685348E-05,0.000110377149,0.000137201756556,2.71283739147837E-05,0.000152001618455,5.13922361308506E-06,0.000103338817619,0.000148704629644,6.14916896505886E-05,6.62352973064277E-05,0.000122555012521,0.000141314578874,5.6496329387361E-05,3.68047168360028E-05,0.000145160372005
YMR006C,75429.1,YMR006C_translation_Ribosome,0,0,0,0,0,0,0,0,0,0,0,0,0,0,0,0,0,0,0,0,0,0,0,0,0,0
YMR008C,71639.9,YMR008C_translation_Ribosome,0,0,0,0,0,0,0,0,0,0,0,0,0,0,0,0,0,0,0,0,0,0,0,0,0,0
YMR009W,20870.5,YMR009W_translation_Ribosome,0,0,0,0,0,0,0,0,0,0,0,0,0,0,0,0,0,0,0,0,0,0,0,0,0,0
YMR011W,59847.2,YMR011W_translation_Ribosome,0.001081108021978,0.000454218257608,0.00143005371755,0.000381118385774,0.000820716539505,0.001869853079065,0.001025915304515,0.001187366901565,0.001135090821101,0.000525166556839,0.002748422037274,0.00203596217707,0.002319910267294,0.002833985714378,0.000726089182768,0.003117663208129,0.000302340911518,0.002185306568905,0.003054486939683,0.001383972601833,0.00147494399305,0.00255359440017,0.002913044100893,0.001288236883656,0.000911146656991,0.002986368470001
YMR013C,58916.6,YMR013C_translation_Ribosome,0,0,0,0,0,0,0,0,0,0,0,0,0,0,0,0,0,0,0,0,0,0,0,0,0,0
YMR015C,61337.9,YMR015C_translation_Ribosome,0,0,0,0,0,0,0,0,0,0,0,0,0,0,0,0,0,0,0,0,0,0,0,0,0,0
YMR020W,57792.2,YMR020W_translation_Ribosome,0,0,0,0,0,0,0,0,0,0,0,0,0,0,0,0,0,0,0,0,0,0,0,0,0,0
YMR024W,44015.4,YMR024W_translation_Ribosome,8.50266468605058E-06,1.09090662176124E-06,1.5437193251665E-05,6.50201088349319E-07,4.63404634611408E-06,2.70101157028392E-05,7.58989636906919E-06,1.04036612756198E-05,9.44793861085508E-06,1.60384091275417E-06,5.94847536280563E-05,3.22037857134912E-05,4.21136215461398E-05,6.33035684283846E-05,3.50658926298495E-06,7.67653786191178E-05,2.90100192074384E-07,3.72473903925502E-05,7.36594575990654E-05,1.44060438013762E-05,1.64677413908207E-05,5.1208975725237E-05,6.69042421552487E-05,1.23790705599587E-05,5.85349288335844E-06,7.03853102287187E-05
YMR041C,38210.7,YMR041C_translation_Ribosome,0,0,0,0,0,0,0,0,0,0,0,0,0,0,0,0,0,0,0,0,0,0,0,0,0,0
YMR047C,116252.9,YMR047C_translation_Ribosome,0,0,0,0,0,0,0,0,0,0,0,0,0,0,0,0,0,0,0,0,0,0,0,0,0,0
YMR049C,91666.3,YMR049C_translation_Ribosome,0.000386674733515,0.000500306378194,0.000328758628463,0.000514232965333,0.000432634431215,0.00026089211759,0.000396246604758,0.000368704805215,0.000377667879367,0.000486842990846,0.000145033334025,0.000236919058584,0.000198108593699,0.00013522733885,0.000449402890702,0.000104929637761,0.000528599334314,0.00021617914352,0.000111406535279,0.000336206829643,0.000321469037105,0.000168312865901,0.000126423366121,0.000351935671392,0.000416567533642,0.000118551589942
YMR054W,101631.5,YMR054W_translation_Ribosome,0,0,0,0,0,0,0,0,0,0,0,0,0,0,0,0,0,0,0,0,0,0,0,0,0,0
YMR056C,34137,YMR056C_translation_Ribosome,0.000331512887493,9.05710894100877E-05,0.000464110765528,6.21823227831615E-05,0.000231803922226,0,0.000310449120193,0.000372035809295,0.000352202305895,0,0,0,0.000796765072136,0,0,0,0,0,0,0.000446638617894,0.000480910021691,0,0,0,0.000266626901023,0
YMR059W,14889.2,YMR059W_translation_Ribosome,0,0,0,0,0,0,0,0,0,0,0,0,0,0,0,0,0,0,0,0,0,0,0,0,0,0
YMR060C,37493.2,YMR060C_translation_Ribosome,0,0,0,0,0,0,0,0,0,0,0,0,0,0,0,0,0,0,0,0,0,0,0,0,0,0
YMR062C,47849.3,YMR062C_translation_Ribosome,7.29551837435894E-05,1.81104639026597E-05,0.000101563679846,1.14871492373768E-05,5.07108737682604E-05,0.000135636778694,6.82706473967869E-05,8.17846220901327E-05,7.74621604785812E-05,2.458322038842E-05,0.000197958524957,0.000147995942957,0.000168465885863,0.000203531202632,4.23923466602069E-05,0.000221400658357,4.56394239783319E-06,0.000158837716652,0.000217501259955,9.78553654395725E-05,0.000105152055937,0.000184934780711,0.000208594351201,9.00749480836794E-05,5.84659937452875E-05,0.000213258983244
YMR083W,40375,YMR083W_translation_Ribosome,0,0,0,0,0,0,0,0,0,0,0,0,0,0,0,0,0,0,0,0,0,0,0,0,0,0
YMR088C,62649.9,YMR088C_translation_Ribosome,0,0,0,0,0,0,0,0,0,0,0,0,0,0,0,0,0,0,0,0,0,0,0,0,0,0
YMR093W,57700.2,YMR093W_translation_Ribosome,0.000243395985861,0.000314922475142,0.000206940158096,0.000323688694169,0.000272325742481,0.000164220955393,0.000249421088708,0.000232084648359,0.000237726538248,0.000306447821505,9.12925729512278E-05,0.000149130891769,0.00012470128584,8.51200986305667E-05,0.000282880804331,6.60489305747541E-05,0.000332731737943,0.000136075960489,7.01258735971449E-05,0.000211628497188,0.000202351657422,0.000105946089512,7.95783566027451E-05,0.000221529162042,0.000262212285264,7.46233943116731E-05
YMR101C,40216.5,YMR101C_translation_Ribosome,0,0,0,0,0,0,0,0,0,0,0,0,0,0,0,0,0,0,0,0,0,0,0,0,0,0
YMR105C,63084,YMR105C_translation_Ribosome,5.50015140401083E-05,1.5547052286107E-05,7.69402851989686E-05,1.09390308664746E-05,3.8619885093331E-05,0.000104587017558,5.15334801575529E-05,6.16849923208365E-05,5.8402687032616E-05,2.00173740103603E-05,0.000159824382785,0.000115037399033,0.000132903823954,0.000165203017695,3.26649552337728E-05,0.000183023356944,6.18807856988011E-06,0.000124429052108,0.000179053491582,7.4041418626677E-05,7.97531406860712E-05,0.000147567045863,0.000170155218566,6.80265642204579E-05,4.43161256777192E-05,0.00017478589274
YMR108W,74941.7,YMR108W_translation_Ribosome,6.516250234007E-05,1.76232677844342E-05,9.18170420640447E-05,1.21222716397282E-05,5.1795188296208E-05,0.000125740763473,6.09693010354751E-05,7.32816988819193E-05,6.92791988073831E-05,2.59764158054041E-05,0.000193786034553,0.000138555705367,0.000160508958658,0.000200438815826,3.81877316827192E-05,0.000222538118621,6.44822210606736E-06,0.000150086052676,0.000217611306968,8.82878131684242E-05,9.52370512823397E-05,0.000178607877664,0.000206575957886,8.09793598398611E-05,5.22448725841875E-05,0.000212322753021
YMR113W,47847.7,YMR113W_translation_Ribosome,0,0,0,0,0,0,0,0,0,0,0,0,0,0,0,0,0,0,0,0,0,0,0,0,0,0
YMR116C,34800.6,YMR116C_translation_Ribosome,0.009235324596738,0.010404233053114,0.008572703047467,0.010537890255577,0.00972642914262,0.00771690407021,0.009339961279367,0.009035408387479,0.009135707845789,0.010273236586925,0.005942183642704,0.00738844024651,0.006819406563083,0.005763630663992,0.009899151358759,0.005167298149988,0.010673828630821,0.007090674528718,0.005301240472487,0.008661022084324,0.008485308175342,0.006343580060891,0.005597808847208,0.008844422010252,0.00955792548272,0.005444651623927
YMR120C,65257.9,YMR120C_translation_Ribosome,0.000473226263679,0.000124676753721,0.000666088770233,8.3872888019729E-05,0.000328625701333,0.000908135457815,0.000442682805771,0.000531879641389,0.000502981595413,0.000164135145654,0.001388724796688,0.000999510059848,0.001155563961822,0.001435277227051,0.000276047824798,0.001589447976884,4.18926510642604E-05,0.00108152420079,0.001555164162315,0.000640619730085,0.00069080215096,0.001282386173752,0.001478099963726,0.000587678368834,0.000378895924519,0.00151824649348
YMR121C,24463.9,YMR121C_translation_Ribosome,0,0,0,0,0,0,0,0,0,0,0,0,0,0,0,0,0,0,0,0,0,0,0,0,0,0
YMR128W,144939.1,YMR128W_translation_Ribosome,0.000611394676871,0.0007910645044,0.000519820039935,0.00081308466891,0.00068406431905,0.00041251221791,0.000626529338172,0.000582981342473,0.000597153398079,0.000769776732939,0.000229320927141,0.000374606972509,0.000313241412308,0.000213816078409,0.000710577938847,0.000165910561029,0.00083580019894,0.000341813845443,0.000176151573233,0.000531596838776,0.000508294028622,0.000266129595087,0.000199895587632,0.000556466656443,0.000658659980989,0.000187449048885
YMR129W,151642.6,YMR129W_translation_Ribosome,0,0,0,0,0,0,0,0,0,0,0,0,0,0,0,0,0,0,0,0,0,0,0,0,0,0
YMR142C,22550.5,YMR142C_translation_Ribosome,0.005984413697429,0.006741856676731,0.005555040432403,0.006828465434745,0.006302645367628,0.005000489797166,0.006052217399423,0.005854869652875,0.005919862869504,0.006656972053742,0.003850485688028,0.004787647965234,0.004418918860618,0.003734784839582,0.006414567930314,0.003348366319297,0.00691655237379,0.004594698251175,0.003435159832728,0.005612270435353,0.005498409280531,0.004110587235942,0.003627333678412,0.005731112065372,0.006193456394375,0.003528089068733
YMR143W,15863.7,YMR143W_translation_Ribosome,0,0,0,0,0,0,0,0,0,0,0,0,0,0,0,0,0,0,0,0,0,0,0,0,0,0
YMR145C,62789.8,YMR145C_translation_Ribosome,0,0,0,0,0,0,0,0,0,0,0,0,0,0,0,0,6.11394689441147E-05,0,0,0.000126778150698,0.000245571266293,0,0,0,0,0
YMR146C,38742.7,YMR146C_translation_Ribosome,0.001754645041592,0.002086686663459,0.001571452250362,0.002127460590177,0.001885679786048,0.001353123858008,0.001778123752873,0.00169947580345,0.001721732559708,0.002048406283358,0.000920279182483,0.001266601801339,0.001120269571099,0.000879072490217,0.001938820985706,0.00074461486342,0.002169860311288,0.001189430535244,0.000774996732703,0.001596275780849,0.001551380002191,0.001015735507484,0.000841735577725,0.001644031682646,0.001836854054099,0.000803988493827
YMR153W,52634.5,YMR153W_translation_Ribosome,0,0,0,0,0,0,0,0,0,0,0,0,0,0,0,0,0,0,0,0,0,0,0,0,0,0
YMR158W,17481.9,YMR158W_translation_Ribosome,3.37706197774115E-06,4.33282907140861E-07,6.13129651681645E-06,2.58244850811624E-07,1.84053614912353E-06,1.07277939472427E-05,3.0145314897611E-06,4.1320939047301E-06,3.75250294217722E-06,6.37008557293066E-07,2.36259698753236E-05,1.27905996870341E-05,1.67265575345779E-05,2.51427148886112E-05,1.39273624314619E-06,3.04894348905509E-05,1.15221094158526E-07,1.47938029440497E-05,2.925583481693E-05,5.72174777762507E-06,6.54060642911773E-06,2.03390220861567E-05,2.65728193071935E-05,4.91668083493826E-06,2.32487214105935E-06,2.79554191234758E-05
YMR165C,94989.7,YMR165C_translation_Ribosome,0,0,0,0,0,0,0,0,0,0,0,0,0,0,0,0,0,0,0,0,0,0,0,0,0,0
YMR169C,55379.7,YMR169C_translation_Ribosome,0,0,0,0,0,0,0,0,0,0,0,0,0,0,0,0,0,0,0,0,0,0,0,0,0,0
YMR170C,55181.2,YMR170C_translation_Ribosome,0,0,0,0,0,0,0,0,0,0,0,0,0,0,0,0,0,0,0,0,0,0,0,0,0,0
YMR186W,80858,YMR186W_translation_Ribosome,0.000171602625029,8.01255063765354E-05,0.000226270353972,6.94866754929059E-05,0.0001341690777,0.000258230784492,0.000163587782335,0.00018951377213,0.000181477543219,9.03916203250244E-05,0.00040909531282,0.000283367167941,0.000327150767351,0.000424342640579,0.000120148664208,0.000476327277017,5.85450941667476E-05,0.000305997815444,0.000464606726959,0.000219192684923,0.000233246669812,0.000375075056201,0.000438591765939,0.000204489515875,0.000147669653683,0.000451891142957
YMR188C,27645.3,YMR188C_translation_Ribosome,5.3403744154381E-06,6.85179297031859E-07,9.69583006402884E-06,4.08379888578621E-07,2.91056315408306E-06,1.69645794799025E-05,4.76708066021957E-06,6.53435699920689E-06,5.93408437225771E-06,1.00734432006441E-06,3.73613294318285E-05,2.02266324328571E-05,2.64508263409965E-05,3.97598599643129E-05,2.20242715395062E-06,4.82149866078485E-05,1.82206837605792E-07,2.33944319856043E-05,4.62642121431009E-05,9.04818319729425E-06,1.03430992577974E-05,3.21634586216846E-05,4.20213799182672E-05,7.77507689016174E-06,3.67647611536665E-06,4.42077776611367E-05
YMR189W,114448.5,YMR189W_translation_Ribosome,0,0,0,0,0,0,0,0,0,0,0,0,0,0,0,0,0,0,0,0,0,0,0,0,0,0
YMR193W,30079.7,YMR193W_translation_Ribosome,5.8106390708024E-06,7.45515067694299E-07,1.05496290355673E-05,4.44341155078018E-07,3.16686259530091E-06,1.84584526621749E-05,5.18686200313278E-06,7.1097618122807E-06,6.45663015746619E-06,1.09604941687163E-06,4.06513071267294E-05,2.20077566743935E-05,2.87800429400033E-05,4.32610483434271E-05,2.39636929469705E-06,5.24607196401595E-05,1.98251674358062E-07,2.54545074858071E-05,5.03381631597715E-05,9.84495144272813E-06,1.12538956981754E-05,3.4995720296133E-05,4.57217140536547E-05,8.4597374719391E-06,4.00022060196106E-06,4.81006424134914E-05
YMR194W,11144.5,YMR194W_translation_Ribosome,0.002957508633999,0.003331838395327,0,0.003374640608302,0.003114779330814,0,0.002991017352514,0.002893487720736,0.002925607492037,0.003289888253162,0,0,0,0,0.003170091674215,0,0.003418173341155,0,0,0,0,0,0,0.002832326485556,0.003060817932512,0
YMR202W,24888.7,YMR202W_translation_Ribosome,0,0,0,0,0,0,0,0,0,0,0,0,0,0,0,0,0,0,0,0,0,0,0,0,0,0
YMR203W,42032.8,YMR203W_translation_Ribosome,1.85377621482086E-05,2.8534936699737E-06,3.23745567874827E-05,1.77635102866623E-06,1.06076701816351E-05,5.51396134316357E-05,1.66878056229843E-05,2.23617383246039E-05,2.04424505246807E-05,4.05016890267529E-06,0.000118913152942,6.53172275130852E-05,8.47391547564158E-05,0.000126447079317,8.22705237912044E-06,0.000153102022646,8.37226976225744E-07,7.52017983709348E-05,0.000146938676341,3.03332765929937E-05,3.44133484466859E-05,0.000102621514606,0.000133575003572,2.63060375849473E-05,1.31358361987966E-05,0.000140453330726
YMR205C,104610.9,YMR205C_translation_Ribosome,0.001201906659456,0.00052357580755,0.001579295030513,0.000444438001759,0.000920223572371,0.002055110141079,0.001142193602991,0.001316818559511,0.001260268066221,0.000600399838484,0.003005939460634,0.002234823227893,0.002542068222349,0.003098572630325,0.000817856802326,0.003405752567714,0.000358665400742,0.002396423326314,0.003337339437163,0.001529458329715,0.001627873379315,0.002795056422738,0.003184209949227,0.001425905888616,0.001018028409946,0.003263551784711
YMR207C,241795.9,YMR207C_translation_Ribosome,0,0,0,0,0,0,0,0,0,0,0,0,0,0,0,0,0,0,0,0,0,0,0,0,0,0
YMR208W,48447.9,YMR208W_translation_Ribosome,1.29846030094253E-05,3.67030445297683E-06,1.81638465081533E-05,2.58245569395496E-06,9.11727404159903E-06,2.46906094609696E-05,1.21658793074672E-05,1.4562419797052E-05,1.37875423801831E-05,4.72564545452655E-06,3.77308915565912E-05,2.71577061787183E-05,3.13755616112291E-05,3.90006645847413E-05,7.71145091973095E-06,4.32076402411789E-05,1.46086421480024E-06,2.93748612680659E-05,4.22704455725103E-05,1.7479490226778E-05,1.88278975340265E-05,3.48372138703587E-05,4.01697662621949E-05,1.60595202861815E-05,1.04620265256947E-05,4.12629628198635E-05
YMR217W,58473.7,YMR217W_translation_Ribosome,0.000222384743604,6.28605829635271E-05,0.00031108862902,4.42292110856979E-05,0.0001561497605,0.00042287121527,0.000208362623681,0.000249407701604,0.000236136528388,8.09352008685686E-05,0.000646209563639,0.000465124695844,0.000537363076812,0.000667956716717,0.000132072504208,0.000740008761899,2.50199342725307E-05,0.000503097475275,0.000723957613015,0.0002993677935,0.00032246170042,0.000596650114663,0.000687979691358,0.000275048247424,0.000179181071995,0.000706702653931
YMR220W,50447.3,YMR220W_translation_Ribosome,5.66666571254619E-05,1.60177314494653E-05,7.92696135114722E-05,1.1270204506431E-05,3.97890826280282E-05,0.000107753336743,5.3093630266984E-05,6.35524743388446E-05,6.01707989141818E-05,2.06233899083224E-05,0.000164662985331,0.000118520098245,0.000136927420165,0.000170204455699,3.36538702716613E-05,0.000188564296727,6.37541952625367E-06,0.000128196078877,0.000184474245694,7.62829852163907E-05,8.21676267791594E-05,0.000152034563719,0.000175306581952,7.0086034127949E-05,4.56577740219465E-05,0.00018007744745
YMR225C,11481.6,YMR225C_translation_Ribosome,2.21795541695312E-06,2.84567525648157E-07,4.02685601035813E-06,1.69607655865709E-07,1.20881024658514E-06,7.04570092407926E-06,1.97985600837672E-06,2.71383827710655E-06,2.46453404841018E-06,4.18368566998785E-07,1.55168451781852E-05,8.40049132912619E-06,1.09855131872971E-05,1.65129988882832E-05,9.14708381200399E-07,2.00245680183132E-05,7.56738406403498E-08,9.71613656881693E-06,1.92143756132951E-05,3.75787639121491E-06,4.29567877499346E-06,1.33580741214866E-05,1.7452249592863E-05,3.22913199791939E-06,1.52690794334638E-06,1.83603006657228E-05
YMR226C,29157.7,YMR226C_translation_Ribosome,0,0,0,0,0,0,0,0,0,0,0,0,0,0,0,0,0,0,0,0,0,0,0,0,0,0
YMR229C,193111,YMR229C_translation_Ribosome,0.000814597561632,0.00105398237956,0.000692587215816,0.00108332115694,0.000911419656366,0.000549614609949,0.000834762372774,0.000776740783034,0.000795623057246,0.001025619413081,0.0003055379367,0.000499111192688,0.000417350199995,0.000284879902785,0.000946745331996,0.000221052527239,0.001113586411241,0.000455418955323,0.000234697238072,0.000708278146704,0.000677230424097,0.00035458031847,0.000266332803386,0.000741413686799,0.000877571942897,0.000249749538111
YMR230W,12741.6,YMR230W_translation_Ribosome,0,0,0,0,0,0,0,0,0,0,0,0,0,0,0,0,0,0,0,0,0,0,0,0,0,0
YMR241W,34203.1,YMR241W_translation_Ribosome,7.60669784301471E-06,1.73587141845531E-06,1.09774059497278E-05,1.06388643908348E-06,5.14143466599142E-06,1.53277789743682E-05,7.08257087159353E-06,8.62700675845891E-06,8.12704055811747E-06,2.38548116958011E-06,2.43307757328706E-05,1.70006172367792E-05,1.98994018663322E-05,2.52308988621565E-05,4.25491979148727E-06,2.82430635958453E-05,3.75953942126773E-07,1.85171001877013E-05,2.75682895452503E-05,1.05281108016806E-05,1.14147488342036E-05,2.22949809275597E-05,2.6063496877268E-05,9.59934995460464E-06,5.99512774677381E-06,2.68449918911997E-05
YMR242C,20457.1,YMR242C_translation_Ribosome,0.005428870732342,0.006115999034237,0.005039356893626,0.006194567758813,0.005717560433254,0.004536286105834,0.005490380105175,0.005311352474483,0.005370312263929,0.006038994390395,0.003493038769365,0.004343202731185,0.004008703355737,0.003388078620953,0.005819093040386,0.003037531967384,0.006274477442446,0.004168164856394,0.003116268296228,0.005091274141285,0.004987982904714,0.003728994662841,0.003290602327782,0.005199083507351,0.005618507651953,0.00320057075843
YMR246W,77260.8,YMR246W_translation_Ribosome,0,0,0,0,0,0,0,0,0,0,0,0,0,0,0,0,0,0,0,0,0,0,0,0,0,0
YMR250W,65979.6,YMR250W_translation_Ribosome,0,0,0,0,0,0,0,0,0,0,0,0,0,0,0,0,0,0,0,0,0,0,0,0,0,0
YMR256C,6941.5,YMR256C_translation_Ribosome,2.08467723024379E-06,5.67183376576275E-07,2.92221682394711E-06,3.88648705181288E-07,1.45677099828361E-06,3.96839391575184E-06,1.951838377334E-06,2.34070487221627E-06,2.21513815235612E-06,7.401871244229E-07,6.02354002251489E-06,4.36061731643134E-06,5.02731680747803E-06,6.221133151338E-06,1.22782439717306E-06,6.87276249371723E-06,2.05028468357551E-07,4.71165442884485E-06,6.7280504589258E-06,2.81199062000363E-06,3.02896046525098E-06,5.57143423151343E-06,6.40274202784632E-06,2.58281659239765E-06,1.67556591579702E-06,6.57215655692774E-06
YMR259C,163565.5,YMR259C_translation_Ribosome,0,0,0,0,0,0,0,0,0,0,0,0,0,0,0,0,0,0,0,0,0,0,0,0,0,0
YMR260C,17423.3,YMR260C_translation_Ribosome,0.000789095931703,0.000938421115292,0.000706710786645,0.000956757895057,0.000848024650224,0.000608524519851,0.00079965473711,0.000764285317395,0.000774294587304,0.000921205728997,0.000413866361409,0.000569613970252,0.000503805692895,0.000395334959071,0.000871923218574,0.000334866907826,0.000975825824263,0.000534908642008,0.000348530189504,0.000717874381818,0.000697683929932,0.000456794814702,0.000378543867396,0.000739351083333,0.000826066826545,0.000361568314147
YMR261C,118818.2,YMR261C_translation_Ribosome,0,0,0,0,0,0,0,0,0,0,0,0,0,0,0,0,0,0,0,0,0,0,0,0,0,0
YMR267W,35572.9,YMR267W_translation_Ribosome,1.65348808530178E-07,2.48943228799025E-08,2.90271348109603E-07,1.55624997599E-08,9.38628728329027E-08,4.94869996330011E-07,1.48654323280127E-07,1.99884366700479E-07,1.82555347218794E-07,3.5368552998533E-08,1.0593260207736E-06,5.85842249701726E-07,7.58525981547818E-07,1.12521994921632E-06,7.25176008321655E-08,1.35701329121153E-06,7.51021438192863E-09,6.73858784393446E-07,1.30359473932055E-06,2.7185304866554E-07,3.08642515342629E-07,9.16267495499876E-07,1.18729923698131E-06,2.35510312876481E-07,1.16626997048181E-07,1.24724740308263E-06
YMR271C,24813.8,YMR271C_translation_Ribosome,0,0,0,0,0,0,0,0,0,0,0,0,0,0,0,0,0,0,0,0,0,0,0,0,0,0
YMR272C,44871.7,YMR272C_translation_Ribosome,0,0,0,0,0,0,0,0,0,0,0,0,0,0,0,0,0,0,0,0,0,0,0,0,0,0
YMR276W,39334.2,YMR276W_translation_Ribosome,0.00039605263448,0.000416893821085,0.00038446111173,0.000419297009975,0.000404759041019,0.000369845022795,0.000397895825932,0.000392527629456,0.000394308976025,0.000414539378126,0.000341285868608,0.000364360108139,0.000355042856712,0.000338549106331,0.00040787473601,0.000329637789678,0.000421742006002,0.000359456945072,0.000331612064175,0.000385992760787,0.000382945849818,0.000347551653106,0.000336026732249,0.000389188110173,0.000401767934795,0.000333739909238
YMR278W,71056.6,YMR278W_translation_Ribosome,0,0,0,0,0,0,0,0,0,0,0,0,0,0,0,0,0,0,0,0,0,0,0,0,0,0
YMR281W,35451.3,YMR281W_translation_Ribosome,0,0,0,0,0,0,0,0,0,0,0,0,0,0,0,0,0,0,0,0,0,0,0,0,0,0
YMR282C,67554.4,YMR282C_translation_Ribosome,0,0,0,0,0,0,0,0,0,0,0,0,0,0,0,0,0,0,0,0,0,0,0,0,0,0
YMR283C,58883.2,YMR283C_translation_Ribosome,0,0,0,0,0,0,0,0,0,0,0,0,0,0,0,0,0,0,0,0,0,0,0,0,0,0
YMR285C,59542.3,YMR285C_translation_Ribosome,0.000251166491779,0.000324976490404,0.000213546798371,0.000334022574182,0.000281019841465,0.00016946376949,0.000257383948239,0.000239494035687,0.000245316044976,0.000316231280349,9.42071217505986E-05,0.000153891950062,0.000128682420024,8.78375889284749E-05,0.000291911877528,6.81575668535149E-05,0.000343354320438,0.000140420235323,7.23646677738255E-05,0.000218384814405,0.000208811808135,0.00010932845719,8.2118924758452E-05,0.000228601561607,0.000270583508425,7.70057734830023E-05
YMR286W,9540.4,YMR286W_translation_Ribosome,1.84296455719582E-06,2.36455548154759E-07,3.34603339963252E-06,1.40932002510209E-07,1.0044360782923E-06,5.85448065566522E-06,1.6451207377297E-06,2.25500824788421E-06,2.04785401298186E-06,3.47634778828317E-07,1.28934042065529E-05,6.98021595216655E-06,9.1281868391243E-06,1.37211376980366E-05,7.60058166109626E-07,1.66390040344477E-05,6.28796255961881E-08,8.07342437649291E-06,1.59657912748293E-05,3.12253030263611E-06,3.56940616159312E-06,1.10996176794724E-05,1.45015888043261E-05,2.68318099506603E-06,1.26875283433509E-06,1.52561152166303E-05
YMR289W,42634.3,YMR289W_translation_Ribosome,0,0,0,0,0,0,0,0,0,0,0,0,0,0,0,0,0,0,0,0,0,0,0,0,0,0
YMR290C,56734.2,YMR290C_translation_Ribosome,0.000239321120916,0.000309650134474,0.000203475626037,0.000318269592007,0.000267766543947,0.000161471615826,0.00024524535324,0.000228199154542,0.000233746589549,0.000301317361029,8.97641791939984E-05,0.000146634185666,0.000122613573109,8.3695042646755E-05,0.000278144896016,6.49431585508233E-05,0.000327161239767,0.000133797816256,6.89518465765308E-05,0.000208085474317,0.00019896394471,0.000104172370834,7.82460788553846E-05,0.000217820385113,0.000257822403295,7.33740711047331E-05
YMR293C,50925.1,YMR293C_translation_Ribosome,0,0,0,0,0,0,0,0,0,0,0,0,0,0,0,0,0,0,0,0,0,0,0,0,0,0
YMR296C,62198.6,YMR296C_translation_Ribosome,2.94260415662879E-05,8.31773842572091E-06,4.11633764978889E-05,5.85242756657674E-06,2.06618011135641E-05,5.59544947017702E-05,2.75706288387955E-05,3.30017305837335E-05,3.12456834361224E-05,1.07093793681254E-05,8.55067176463863E-05,6.15454927871048E-05,7.11041053367192E-05,8.83843099669976E-05,1.7475888568613E-05,9.79182664880274E-05,3.31064808652292E-06,6.65700667206082E-05,9.57943718063088E-05,3.9612470677566E-05,4.26682660255314E-05,7.89489907899935E-05,9.10337582813584E-05,3.63944982478706E-05,2.37093138072247E-05,9.35111884594493E-05
YMR298W,17204.8,YMR298W_translation_Ribosome,0,0,0,0,0,0,0,0,0,0,0,0,0,0,0,0,0,0,0,0,0,0,0,0,0,0
YMR300C,56713,YMR300C_translation_Ribosome,0.000194950831744,5.5105951667822E-05,0.000272711994496,3.87729902188249E-05,0.000136886753978,0.000370704814556,0.000182658513947,0.000218640173256,0.000207006163591,7.0950841640724E-05,0.00056649161211,0.000407745805087,0.000471072687253,0.000585555984566,0.000115779725392,0.000648719517772,2.19334155643143E-05,0.000441034171967,0.00063464847686,0.000262437069174,0.000282682056709,0.000523045934847,0.000603108877346,0.000241117640249,0.000157076868006,0.000619522130643
YMR303C,36728.3,YMR303C_translation_Ribosome,0,0,0,0,0,0,0,0,0,0,0,0,0,0,0,0,0,0,0,0,0,0,0,0,0,0
YMR309C,93169,YMR309C_translation_Ribosome,0.004219595533613,0.005018093982809,0.003779050884786,0.00511614770592,0.004534709764325,0.003254011639012,0.004276057474865,0.004086923759357,0.004140447125662,0.004926036776326,0.002213100562243,0.003045942157591,0.002694040313909,0.00211400611834,0.004662504482581,0.001790660491137,0.005218111162681,0.002860359591307,0.001863723245649,0.003838746866531,0.003730780854822,0.00244265530014,0.00202421777628,0.003953590943337,0.00441729294464,0.001933443048146
YMR313C,73621.3,YMR313C_translation_Ribosome,0,0,0,0,0,0,0,0,0,0,0,0,0,0,0,0,0,0,0,0,0,0,0,0,0,0
YMR314W,25604.3,YMR314W_translation_Ribosome,0.000257807467014,0.00027137387981,0.000250262052948,0.000272938217442,0.000263474836503,0.000240747820399,0.000259007278549,0.000255512891654,0.00025667244573,0.000269841272972,0.000222157454978,0.000237177456687,0.000231112462338,0.000220375980272,0.000265502974592,0.000214575226095,0.000274529769114,0.000233985779772,0.000215860365147,0.000251259068318,0.000249275704666,0.000226236120008,0.000218734059941,0.000253339056834,0.000261527798529,0.000217245469797
YMR318C,39613.9,YMR318C_translation_Ribosome,0,0,0,0,0,0,0,0,0,0,0,0,0,0,0,0,0,0,0,0,0,0,0,0,0,0
YMR319C,62778.5,YMR319C_translation_Ribosome,0,0,0,0,0,0,0,0,0,0,0,0,0,0,0,0,0,0,0,0,0,0,0,0,0,0
YNL001W,44050.1,YNL001W_translation_Ribosome,0.002512862985153,0.003039322085796,0.002232289207861,0.003102089423131,0.002729143176011,0.001888971654244,0.002558294343878,0.002426800189843,0.002469925917377,0.002978303530168,0.001245689590584,0.001762895684208,0.001551945150703,0.001185990481529,0.00280708204097,0.000993365218385,0.003166491023786,0.001651333777963,0.001035737078049,0.002268933718363,0.002196229279634,0.001383339992512,0.001131362768113,0.002345742134113,0.002654127747446,0.001081660953765
YNL002C,36570.5,YNL002C_translation_Ribosome,0.000154264853518,0.000199598482798,0.000131159078333,0.000205154529622,0.00017260059004,0.000104083563822,0.000158083575527,0.000147095705609,0.000150671546494,0.000194227230692,5.78614119034748E-05,9.45194518809939E-05,7.90359196986534E-05,5.39492855651997E-05,0.000179290408955,4.18619418231487E-05,0.000210886028514,8.62452108146727E-05,4.44459163119779E-05,0.000134130556851,0.000128250877601,6.7148839458175E-05,5.04369185919753E-05,0.000140405617666,0.000166190661007,4.7296453767492E-05
YNL003C,31040.3,YNL003C_translation_Ribosome,0,0,0,0,0,0,0,0,0,0,0,0,0,0,0,0,0,0,0,0,0,0,0,0,0,0
YNL005C,43253.3,YNL005C_translation_Ribosome,8.35544619531236E-06,1.07201823414136E-06,1.51699075976191E-05,6.38943250196513E-07,4.55381063951199E-06,2.65424519038703E-05,7.45848190906502E-06,1.02235281799726E-05,9.28435327446525E-06,1.57607137846368E-06,5.8454811136566E-05,3.16461966630168E-05,4.13844496885555E-05,6.22075054708908E-05,3.4458747931103E-06,7.54362325691982E-05,2.85077282902143E-07,3.66024743809233E-05,7.23840886909958E-05,1.41566118757086E-05,1.61826124197346E-05,5.03223233172116E-05,6.57458357123557E-05,1.21647344486489E-05,5.75214319832985E-06,6.91666311998946E-05
YNL007C,37595.5,YNL007C_translation_Ribosome,0.000143883452551,6.51030898380859E-05,0.0001828996836,5.67987480732592E-05,0.000111771465291,0.000225816382541,0.000137519134112,0.000155756859922,0.000149836040596,7.31208224043952E-05,0.000324091527083,0.000242709203938,0.000281844422847,0.00033198167039,0.000102606947979,0.000357354976807,4.81591803546993E-05,0.000268426907309,0.000351865564128,0.00017785180207,0.000187817093952,0.000305542414175,0.000339148189488,0.000167242308314,0.000124243031712,0.000345724215975
YNL009W,47868,YNL009W_translation_Ribosome,0,0,0,0,0,0,0,0,0,0,0,0,0,0,0,0,0,0,0,0,0,0,0,0,0,0
YNL014W,115852.8,YNL014W_translation_Ribosome,0,0,0,0,0,0.02127768562184,0,0,0,0,0.015369558019649,0.02018421650312,0.018289873498904,0.014775146666776,0,0.012789931421612,0,0.019192942159768,0.013235830707383,0,0,0.01670582987741,0.014223123169325,0,0,0.013713251927244
YNL026W,54411.6,YNL026W_translation_Ribosome,0,0,0,0,0,0,0,0,0,0,0,0,0,0,0,0,0,0,0,0,0,0,0,0,0,0
YNL029C,61710.3,YNL029C_translation_Ribosome,0,0,0,0,0,0,0,0,0,0,0,0,0,0,0,0,0,0,0,0,0,0,0,0,0,0
YNL037C,39328.5,YNL037C_translation_Ribosome,5.477243599083E-05,1.8660200397505E-05,7.09750216822606E-05,1.37518494825333E-05,4.08027338288386E-05,8.63919653090443E-05,5.19092633049105E-05,6.00535131035586E-05,5.76283022657532E-05,2.30764767186E-05,0.000105270751397,9.13286768906588E-05,9.82686576004648E-05,0.000106218498588,3.55114568281307E-05,0.000108111149699,8.81028499841692E-06,9.52238718664235E-05,0.000107842477851,6.90381712546904E-05,7.2779304019268E-05,0.000102683500319,0.000106952107307,6.47357922893292E-05,4.59607704273076E-05,0.000107409438241
YNL045W,77343.3,YNL045W_translation_Ribosome,0,0,0,0,0,0,0,0,0,0,0,0,0,0,0,0,0,0,0,0,0,0,0,0,0,0
YNL052W,17147.8,YNL052W_translation_Ribosome,5.14984199506943E-06,0,0,9.60090796903795E-07,0,9.80324500302951E-06,0,5.7823149186473E-06,0,0,0,0,1.24191346468734E-05,1.53682557159856E-05,3.03313220454428E-06,0,0,0,0,0,0,1.37632845804431E-05,0,0,4.13920178792827E-06,1.39825972610718E-05
YNL061W,69780.8,YNL061W_translation_Ribosome,0.000294355420089,0.00038085729778,0.000250266893079,0.000391458886279,0.000329342154289,0.000198603638187,0.000301641989229,0.000280675845668,0.000287498969158,0.000370608319259,0.00011040635517,0.000180354191707,0.00015080979766,0.000102941559622,0.000342107112816,7.98774911464917E-05,0.000402395257885,0.000164565970025,8.48080173085648E-05,0.000255936822343,0.000244717705247,0.000128127855415,9.62395517940118E-05,0.000267910373805,0.000317111258462,9.02471768517959E-05
YNL062C,54389.9,YNL062C_translation_Ribosome,0,0,0,0,0,0,0,0,0,0,0,0,0,0,0,0,0,0,0,0,0,0,0,0,0,0
YNL064C,44666.2,YNL064C_translation_Ribosome,0.000170944050972,7.73472259000655E-05,0.00021729818323,6.74810613288774E-05,0.000132792664626,0.000268286356235,0.000163382775813,0.00018505052617,0.00017801616035,8.68728778092909E-05,0.000385044406032,0.000288356261917,0.000334851760444,0.000394418472583,0.000121904548678,0.000424563813889,5.72166238395305E-05,0.000318910771961,0.000418041990676,0.000211300931271,0.000223140425898,0.000363006705058,0.000402932820718,0.000198696077765,0.000147609796466,0.000410745620502
YNL067W,21667.5,YNL067W_translation_Ribosome,0,0,0,0,0,0,0,0,0,0,0,0,0,0,0,0,0,0,0,0,0,0,0,0,0,0
YNL069C,22277.6,YNL069C_translation_Ribosome,0.005911991955205,0.006660268566176,0.005487814848314,0.006745829208624,0.006226372472533,0.004939975233603,0.005978975115292,0.005784015617343,0.005848222303792,0.00657641119374,0.003803888160512,0.004729709155464,0.004365442309895,0.003689587492174,0.006336940578895,0.00330784530342,0.00683285014356,0.004539094466215,0.003393588465425,0.005544352269378,0.005431869031195,0.004060842030439,0.003583436675648,0.005661755710407,0.006118504874452,0.003485393097165
YNL070W,6871,YNL070W_translation_Ribosome,3.03032307436909E-06,4.66453698216377E-07,5.2921903772005E-06,2.90375799803145E-07,1.73401014964538E-06,9.01353904305136E-06,2.72791516233811E-06,3.65541919711163E-06,3.34167786954666E-06,6.62071299801154E-07,1.94384450681677E-05,1.06772489637238E-05,1.38521043644804E-05,2.06699977633638E-05,1.34485632403591E-06,2.5027216783104E-05,1.36859465789743E-07,1.22930558184725E-05,2.40197094920697E-05,4.95850724839792E-06,5.62546671116792E-06,1.67752904126553E-05,2.18351822753427E-05,4.30018424292869E-06,2.14728332449733E-06,2.29595657538944E-05
YNL071W,51819.7,YNL071W_translation_Ribosome,1.54614592603131E-05,4.18890396664558E-06,2.15912238384581E-05,2.84993042847466E-06,1.08197540791912E-05,2.9168651008711E-05,1.44821857083345E-05,1.73414326207009E-05,1.64200948690301E-05,5.48465499668346E-06,4.38248259093758E-05,3.19890147879949E-05,3.67545223354395E-05,4.52155631025253E-05,9.11921142093355E-06,4.9780293994079E-05,1.47378241378768E-06,3.45026410158201E-05,4.87695941885648E-05,2.07878477265728E-05,2.23677029738932E-05,4.06292143310066E-05,4.64915138419208E-05,1.91135622864215E-05,1.24410444095713E-05,4.7678707775535E-05
YNL073W,66141,YNL073W_translation_Ribosome,0,0,0,0,0,0,0,0,0,0,0,0,0,0,0,0,0,0,0,0,0,0,0,0,0,0
YNL075W,33487.6,YNL075W_translation_Ribosome,0.000141260297471,0.000182772293312,0.000120102343462,0.000187859964348,0.00015805032797,9.53092998955259E-05,0.000144757100499,0.000134695510074,0.000137969906902,0.000177853838764,5.2983684042023E-05,8.65514443830402E-05,7.23731768638828E-05,4.94013506868427E-05,0.000164176193898,3.83329722863202E-05,0.000193108296809,7.89747233884534E-05,4.06991172417384E-05,0.000122823325784,0.000117439304597,6.14881797142391E-05,4.61850769073606E-05,0.000128569397797,0.000152180757155,4.330935385582E-05
YNL081C,16106.3,YNL081C_translation_Ribosome,3.11133076679836E-06,3.99189132032723E-07,5.64884257939931E-06,2.37924312610601E-07,1.69570969852409E-06,9.88365496041473E-06,2.7773267512993E-06,3.80695142162776E-06,3.45722937081147E-06,5.86884201736041E-07,2.17669108393781E-05,1.17841445002704E-05,1.5410393242106E-05,2.3164307587301E-05,1.28314586818283E-06,2.8090309701902E-05,1.06154680489276E-07,1.36297215038267E-05,2.69537780396822E-05,5.27152004248753E-06,6.02594508201619E-06,1.87386034370558E-05,2.44818812375914E-05,4.52980148220537E-06,2.1419346962026E-06,2.57556882849369E-05
YNL096C,21646.6,YNL096C_translation_Ribosome,0.005744538238299,0.00647162035159,0.005332375700054,0.006554757538846,0.006050014111212,0.004800053322248,0.005809624139525,0.005620186755412,0.005682574824993,0.006390138190219,0.003696145251523,0.004595742907884,0.004241793707822,0.003585082082813,0.006157450440582,0.003214152518449,0.006639313656659,0.004410527268304,0.003297467055503,0.005387311731709,0.005278014515507,0.00394582105326,0.003481937926127,0.005501389788886,0.005945201799804,0.003386671374703
YNL101W,80040.6,YNL101W_translation_Ribosome,0,0,0,0,0,0,0,0,0,0,0,0,0,0,0,0,0,0,0,0,0,0,0,0,0,0
YNL104C,68398.6,YNL104C_translation_Ribosome,6.78492208929709E-06,1.77839562579139E-06,9.59365278251329E-06,1.19651317209677E-06,4.69762025650265E-06,1.31933166221206E-05,6.3412950671751E-06,7.63704857826883E-06,7.21324250560122E-06,2.3458189689894E-06,2.04307492995099E-05,1.4553100242176E-05,1.68898964364917E-05,2.11416949198594E-05,3.93811035299412E-06,2.3513376121778E-05,6.0632062419518E-07,1.57778003003983E-05,2.29840848037406E-05,9.22025721035145E-06,9.9546711586771E-06,1.88067917686975E-05,2.17998904573851E-05,8.44843273561615E-06,5.41856487764332E-06,2.2415977888033E-05
YNL106C,133346.6,YNL106C_translation_Ribosome,0,0,0,0,0,0,0,0,0,0,0,0,0,0,0,0,0,0,0,0,0,0,0,0,0,0
YNL110C,25455.4,YNL110C_translation_Ribosome,0.000107378175093,0.000138933271873,9.12950821729176E-05,0.000142800634756,0.000120141016932,7.24487975417937E-05,0.000110036249121,0.000102387990992,0.000104877004269,0.000135194537897,4.02752323475947E-05,6.57915657541311E-05,5.50140400130461E-05,3.75521429506401E-05,0.000124797557488,2.91385809295738E-05,0.000146790123466,6.00321663464219E-05,3.09371919467309E-05,9.33634207042088E-05,8.92707890154882E-05,4.67398741593259E-05,3.51073115633138E-05,9.77312631747643E-05,0.000115679297581,3.29213477866864E-05
YNL112W,61007.3,YNL112W_translation_Ribosome,0.000257346281785,0.000332972327959,0.000218800980014,0.000342240984811,0.000287934153942,0.000173633316556,0.000263716714763,0.000245386632418,0.000251351888501,0.000324011947635,9.65250273969144E-05,0.000157678362526,0.000131848568213,8.99987763159325E-05,0.000299094181547,6.98345399539897E-05,0.000351802332682,0.00014387518491,7.41451538868687E-05,0.00022375803232,0.000213949488388,0.00011201841357,8.41394080916644E-05,0.000234226156017,0.000277241041639,7.89004510173367E-05
YNL117W,62789.8,YNL117W_translation_Ribosome,0,0,0,0,0,0,0,0,0,0,0,0,0,0,0,0,0,0,0,0,0,0,0,0,0,0
YNL121C,70110.7,YNL121C_translation_Ribosome,3.09209826764909E-05,4.75962673548813E-06,5.40007527112198E-05,2.96295307630016E-06,1.76935912383558E-05,9.19728615610043E-05,2.78352556501438E-05,3.72993739925679E-05,3.40980024171773E-05,6.75568072754603E-06,0.000198347109684,0.000108949119331,0.000141344889167,0.000210913697015,1.37227213327877E-05,0.000255374135892,1.39649438919297E-06,0.000125436581076,0.00024509367578,5.05958978518777E-05,5.74014566943211E-05,0.000171172660971,0.000222803072908,4.38784641828992E-05,2.19105715294477E-05,0.0002342761209
YNL122C,13269,YNL122C_translation_Ribosome,2.56323599738285E-06,3.28867622789976E-07,4.65373749315792E-06,1.96011356055088E-07,1.39699198386446E-06,8.14254159364616E-06,2.28807042356037E-06,3.13631550471423E-06,2.84820079852588E-06,4.8349816362762E-07,1.79324326460893E-05,9.70823922155234E-06,1.26956847897719E-05,1.90836627515877E-05,1.05710576140504E-06,2.31418959931541E-05,8.74543784365246E-08,1.12286977539395E-05,2.22055767500011E-05,4.34288442682472E-06,4.9644092866315E-06,1.54375945441407E-05,2.01691314666684E-05,3.73182766168412E-06,1.7646095927626E-06,2.12185435421436E-05
YNL129W,27687.8,YNL129W_translation_Ribosome,0,0,0,0,0,0,0,0,0,0,0,0,0,0,0,0,0,0,0,0,0,0,0,0,0,0
YNL130C,44824.7,YNL130C_translation_Ribosome,3.67989099006465E-07,0,3.67989127313852E-07,0,3.67989547683603E-07,3.67989334286783E-07,0,3.40990651507713E-07,3.67989414971141E-07,3.58195803019794E-07,3.67989465352532E-07,3.67989161107678E-07,3.67989466988872E-07,3.67989487388046E-07,1.29247352663925E-07,3.67989224203496E-07,3.67989148375402E-07,3.67989040711478E-07,3.67989297096423E-07,3.67988973096184E-07,3.67989179323449E-07,3.23573557107476E-07,3.67989073141674E-07,0,3.67989383328548E-07,3.67989389463809E-07
YNL131W,16770.5,YNL131W_translation_Ribosome,7.39630812381121E-06,1.13850411089183E-06,1.29169958842732E-05,7.0873924473856E-07,4.23231221286973E-06,2.19999354564827E-05,6.6582013142179E-06,8.92202119708348E-06,8.15625217744612E-06,1.61596081113597E-06,4.74446868018783E-05,2.60606612932804E-05,3.38097389382214E-05,5.04506181764653E-05,3.28247896699814E-06,6.10855681940105E-05,3.3404186741768E-07,3.00044669776879E-05,5.86264791204707E-05,1.21025536034431E-05,1.37304452742893E-05,4.09445507008348E-05,5.32945603767479E-05,1.04957414999324E-05,5.24101513513063E-06,5.60389168207955E-05
YNL137C,56383.7,YNL137C_translation_Ribosome,1.08919081698422E-05,1.39745070337653E-06,1.97750349455851E-05,8.32907189419191E-07,5.93621048463475E-06,3.45999414012862E-05,9.72265252399584E-06,1.3327083617692E-05,1.21028034790748E-05,2.05451921083206E-06,7.61999323677222E-05,4.12530294518231E-05,5.394752298448E-05,8.10918317496946E-05,4.49193866299897E-06,9.83364022239205E-05,3.71618165457191E-07,4.77138839060064E-05,9.43577193306984E-05,1.84541331416653E-05,2.10951664703176E-05,6.55986660259601E-05,8.57042925523543E-05,1.58575816812193E-05,7.49832073972785E-06,9.01635385874718E-05
YNL141W,39618.2,YNL141W_translation_Ribosome,0,0,0,0,0,0,0,0,0,0,0,0,0,0,0,0,0,0,0,0,0,0,0,0,0,0
YNL142W,53397.1,YNL142W_translation_Ribosome,0,0,0,0,0,0,0,0,0,0,0,0,0,0,0,0,0,0,0,0,0,0,0,0,0,0
YNL153C,15169.2,YNL153C_translation_Ribosome,2.60809026972029E-05,1.2080051622871E-05,2.78528412347899E-05,1.04611525627913E-05,2.03551020623658E-05,3.6012714536852E-05,2.48586057332015E-05,2.28147232370113E-05,2.7673668725901E-05,1.36397196014074E-05,5.45136122177732E-05,3.98550520050849E-05,4.66648792351323E-05,5.70200962158677E-05,1.84039613230162E-05,6.57406554994595E-05,8.80000051506012E-06,4.33546935160526E-05,6.37680263787756E-05,2.68849834953715E-05,2.88248189461327E-05,5.48394401076819E-05,5.93791787508107E-05,2.48745940852034E-05,2.24451250546698E-05,6.1609083120643E-05
YNL162W,12239,YNL162W_translation_Ribosome,0.00324796520001,0.003659057842022,0.003014928265546,0.003706063655167,0.003420681432979,0.002713952889183,0.003284764805727,0.003177656800583,0.003212931050746,0.003612987781457,0.002089802635674,0.002598435664243,0.002398312584426,0.00202700745667,0.00348142599495,0.001817283669181,0.003753871732459,0.002493714635868,0.001864389756003,0.003045989129211,0.002984192420763,0.002230969476539,0.001968689691585,0.003110488927877,0.003361420492262,0.001914825929014
YNL163C,124416.7,YNL163C_translation_Ribosome,0.000524825310036,0.000679055100554,0.000446217024686,0.000697957358134,0.00058720542051,0.000354103267249,0.00053781700527,0.000500435112347,0.000512600500367,0.000660781534099,0.00019685062896,0.000321565149201,0.00026888853886,0.000183541162341,0.000609964890386,0.000142418743447,0.000717456522163,0.000293415307977,0.000151209697325,0.00045632630816,0.000436323018916,0.000228447437531,0.000171591719265,0.000477674727211,0.000565398165551,0.000160907526543
YNL169C,56605.5,YNL169C_translation_Ribosome,1.36334414410211E-07,3.54199896146077E-08,8.17774239412213E-08,2.36338557290556E-08,0,1.44259935123186E-08,1.27464072602799E-07,8.09347205444388E-08,1.4503374109613E-07,4.68539356652933E-08,4.04444492247102E-07,1.36973833583416E-07,3.35588589631497E-07,4.18201664108154E-07,1.16154835669166E-08,8.48539977426792E-08,0,1.29814925229062E-07,2.01707466465121E-07,6.41381732807436E-08,0,2.0544764142642E-07,0,9.17339169320537E-08,1.09003921188591E-07,2.01315388311972E-07
YNL177C,34920.9,YNL177C_translation_Ribosome,6.74583675793254E-06,8.65502552467141E-07,1.22475470363116E-05,5.15855977365597E-07,3.67655568387462E-06,2.14292622456521E-05,6.02166541970829E-06,8.25404778872372E-06,7.49579736718987E-06,1.27245391681542E-06,4.71939624079298E-05,2.55498116686945E-05,3.34120686543935E-05,5.02237303927892E-05,2.78205475796588E-06,6.09040497239682E-05,2.30159439591833E-07,2.95513023886914E-05,5.84398767901962E-05,1.14294545768862E-05,1.306516242803E-05,4.06281328899301E-05,5.30804298013701E-05,9.82129629896037E-06,4.644039123363E-06,5.58422365800621E-05
YNL178W,26510.1,YNL178W_translation_Ribosome,0.007035205674385,0.007925646645787,0.006530439563072,0.008027462873179,0.007409315046688,0.005878516421891,0.007114914901242,0.006882915234016,0.006959320487654,0.007825857291053,0.004526585248141,0.00562830209189,0.00519482853537,0.00439056870472,0.007540889882239,0.003936299681213,0.008131016832639,0.005401472699429,0.00403833310488,0.006597718474901,0.006463864653458,0.004832357539014,0.004264250395693,0.006737427283839,0.007280953786414,0.004147579611141
YNL182C,61760.5,YNL182C_translation_Ribosome,0.000260523495322,0.000337083225465,0.000221502310808,0.000346466313743,0.000291489007291,0.000175777004509,0.00026697257807,0.000248416191364,0.000254455094878,0.000328012219716,9.771673151487E-05,0.000159625069602,0.000133476379009,9.11099069236001E-05,0.000302786817306,7.06967216190256E-05,0.000356145706622,0.000145651477079,7.50605546652606E-05,0.000226520563197,0.000216590922358,0.000113401400018,8.51781985671426E-05,0.000237117927014,0.000280663877145,7.98745609960812E-05
YNL185C,16681,YNL185C_translation_Ribosome,3.22234830600221E-06,4.13432874802894E-07,5.85040282789715E-06,2.46413854122761E-07,1.75621548593285E-06,1.02363204705412E-05,2.87642646283899E-06,3.94278988123732E-06,3.58058915669683E-06,6.07825221755394E-07,2.25435909992777E-05,1.2204622688576E-05,1.59602621130595E-05,2.39908492244506E-05,1.32893068098556E-06,2.90926194183287E-05,1.09942458866506E-07,1.41160529982263E-05,2.79155343859197E-05,5.45961678527871E-06,6.24096098502525E-06,1.94072284716867E-05,2.53554361289845E-05,4.69143245342926E-06,2.21836254554774E-06,2.66746947642247E-05
YNL192W,129855.9,YNL192W_translation_Ribosome,6.75244196732734E-09,0,9.44582744352809E-09,0,0,0,0,0,0,2.45749882893549E-09,0,0,0,0,0,0,0,0,0,9.08993854406706E-09,9.79115690891859E-09,0,0,0,0,0
YNL202W,31117.3,YNL202W_translation_Ribosome,0,0,0,0,0,0,0,0,0,0,0,0,0,0,0,0,0,0,0,0,0,0,0,0,0,0
YNL209W,66584.2,YNL209W_translation_Ribosome,0.002600344425825,0.001366311369612,0.003130746229857,0.001199644608618,0.002118211075951,0.003635398169577,0.002500081315119,0.002788342701903,0.002697611432047,0.001524717673448,0.004458029772034,0.003830458290476,0.004065028612921,0.004509585744565,0.001916969113024,0.004567766756553,0.001024259978417,0.003934590813092,0.004542198413445,0.003058274591002,0.003117134941239,0.004271105948782,0.004552091573692,0.002960750606698,0.002284328219396,0.004589291188567
YNL220W,48281.8,YNL220W_translation_Ribosome,0.000155505383463,3.92006167511468E-05,0.000219680169366,2.55669740732458E-05,0.00010727719551,0.00030003153649,0.000145331381398,0.000175003044943,0.000165378967959,5.23608428538435E-05,0.00045899471094,0.00033034220125,0.000382076772759,0.000474345748174,8.97384488720483E-05,0.000525172128606,1.15571598440866E-05,0.000357528040434,0.000513881399183,0.000211208181215,0.00022790080016,0.000423880209228,0.000488459365811,0.000193579597091,0.000124041685213,0.000501711115049
YNL221C,100455.3,YNL221C_translation_Ribosome,0,0,0,0,0,0,0,0,0,0,0,0,0,0,0,0,0,0,0,0,0,0,0,0,0,0
YNL224C,86927.4,YNL224C_translation_Ribosome,0.000366684694704,0.00047444189042,0.000311762695777,0.000487648510638,0.00041026840023,0.00024740470012,0.00037576172607,0.000349643763137,0.000358143470576,0.000461674523816,0.00013753550258,0.000224670983482,0.000187866914754,0.000128236450856,0.000426169975675,9.95050590404172E-05,0.000501272177165,0.000205003265981,0.000105647118459,0.000318825845083,0.000304849956593,0.000159611545566,0.000119887619727,0.000333741548218,0.000395032117844,0.000112422793105
YNL227C,68775.5,YNL227C_translation_Ribosome,0.000290114776476,0.000375370461265,0.000246661412666,0.000385819317538,0.000324597472834,0.000195742446606,0.000297296371355,0.000276632277413,0.000283357103291,0.00036526913508,0.000108815781419,0.000177755911536,0.000148637150032,0.000101458527758,0.000337178532454,7.87267327451898E-05,0.000396598133852,0.000162195143528,8.35862270768635E-05,0.000252249657858,0.000241192169439,0.000126281976133,9.48530726848797E-05,0.000264050711852,0.000312542781917,8.89470271417165E-05
YNL241C,57515,YNL241C_translation_Ribosome,4.98761386902589E-06,1.3065577506528E-06,7.02586369400687E-06,8.75119799078025E-07,3.46131513740206E-06,9.58348771826769E-06,4.66482405450687E-06,5.60896955659935E-06,5.30446293085151E-06,1.72439065357954E-06,1.46689474653704E-05,1.05485804420244E-05,1.21947515548816E-05,1.5161817459055E-05,2.90621422522572E-06,1.67914186982647E-05,4.30085667032548E-07,1.14147999096946E-05,1.64287766810969E-05,6.75683435217574E-06,7.28654149967786E-06,1.35443543426284E-05,1.5615072484839E-05,6.19851495619055E-06,3.99273477011019E-06,1.6038627168264E-05
YNL244C,12313.3,YNL244C_translation_Ribosome,0.000557665593535,0.000663195876724,0.000499442811017,0.000676154746185,0.000599311377616,0.000430053145517,0.000565127655178,0.000540131570867,0.000547205267765,0.000651029512369,0.000292485388413,0.000402554493115,0.000356046824558,0.000279388976344,0.000616200844115,0.000236655323396,0.00068963032961,0.000378027731924,0.000246311363658,0.000507332286401,0.00049306339984,0.000322823551903,0.00026752246718,0.000522510184317,0.000583793463655,0.000255525596333
YNL247W,87526,YNL247W_translation_Ribosome,0,0,0,0,0,0,0,0,0,0,0,0,0,0,0,0,0,0,0,0,0,0,0,0,0,0
YNL252C,32218,YNL252C_translation_Ribosome,6.22370467734424E-06,7.98512101216932E-07,1.12995790605593E-05,4.75928394708178E-07,3.39198792193422E-06,1.97706236388644E-05,5.55558466397377E-06,7.61517920950207E-06,6.91561785567163E-06,1.17396516962504E-06,4.35411195260913E-05,2.3572239900518E-05,3.08259531657904E-05,4.63363815306846E-05,2.56672193993123E-06,5.61900373130935E-05,2.1234495172718E-07,2.72640126789075E-05,5.39165929408046E-05,1.0544807480853E-05,1.20539104979044E-05,3.74834894131528E-05,4.89719705775207E-05,9.06112168242815E-06,4.28458752427655E-06,5.15200117447271E-05
YNL256W,93108.8,YNL256W_translation_Ribosome,0,0,0,0,0,0,0,0,0,0,0,0,0,0,0,0,0,0,0,0,0,0,0,0,0,0
YNL267W,119912.6,YNL267W_translation_Ribosome,0,0,0,0,0,0,0,0,0,0,0,0,0,0,0,0,0,0,0,0,0,0,0,0,0,0
YNL268W,68088.1,YNL268W_translation_Ribosome,0,0,0,0,0,0,0,0,0,0,0,0,0,0,0,0,0,0,0,0,0,0,0,0,0,0
YNL270C,64015.9,YNL270C_translation_Ribosome,0,0,0,0,0,0,0,0,0,0,0,0,0,0,0,0,0,0,0,0,0,0,0,0,0,0
YNL277W,53649,YNL277W_translation_Ribosome,2.14486376849617E-06,4.98781961060562E-07,3.08380493042966E-06,3.10687791190041E-07,1.45399459084991E-06,4.29940000353198E-06,1.99845399340259E-06,2.42533419435063E-06,2.29002956658158E-06,6.82171287807676E-07,6.85424075368706E-06,4.76945203820829E-06,5.5837502213227E-06,7.11111248661284E-06,1.20598612796489E-06,7.96998299877101E-06,1.16045734990199E-07,5.1965785651834E-06,7.77710139464638E-06,2.95758421564181E-06,3.20610082556056E-06,6.27569754251878E-06,7.34785489028286E-06,2.6980978099402E-06,1.69331327300669E-06,7.57051647448979E-06
YNL280C,50624.8,YNL280C_translation_Ribosome,2.47496846172852E-07,6.99589179543307E-08,3.46217340789897E-07,4.92236566009011E-08,1.73782484481923E-07,4.70622626447633E-07,2.31891322155328E-07,2.77571287300759E-07,2.62801508301245E-07,9.00745556315751E-08,7.19180760225602E-07,5.17647449340022E-07,5.98043123847874E-07,7.43383642639064E-07,1.46986379226593E-07,8.23571939973875E-07,2.78452322021229E-08,5.59908186282945E-07,8.05708265237178E-07,3.33172966527856E-07,3.58874680754943E-07,6.6402496526881E-07,7.65667649151633E-07,3.0610721167168E-07,1.99414534876932E-07,7.86504843794673E-07
YNL282W,22624,YNL282W_translation_Ribosome,0,0,0,0,0,0,0,0,0,0,0,0,0,0,0,0,0,0,0,0,0,0,0,0,0,0
YNL284C,36383.1,YNL284C_translation_Ribosome,7.02829690378929E-06,9.01742678930589E-07,1.276037354641E-05,5.37455781783696E-07,3.83049958912797E-06,2.23265434513368E-05,6.27380322763127E-06,8.59965940459479E-06,7.80965969348458E-06,1.32573381845505E-06,4.91700572918782E-05,2.66196275847208E-05,3.4811091210698E-05,5.23266870342371E-05,2.89854432344379E-06,6.34542102727051E-05,2.39796623415021E-07,3.07886678160642E-05,6.08868580490591E-05,1.1908026105178E-05,1.36122239442643E-05,4.23293048503222E-05,5.53030015121669E-05,1.02325313887874E-05,4.83849327563804E-06,5.81804500375436E-05
YNL292W,45269.8,YNL292W_translation_Ribosome,0,0,0,0,0,0,0,0,0,0,0,0,0,0,0,0,0,0,0,0,0,0,0,0,0,0
YNL301C,20593.7,YNL301C_translation_Ribosome,0,0,0,0,0,0.00456657664956,0,0,0,0,0.003516363145542,0.004372203982246,0.004035471024585,0.003410702137464,0,0.003057814747775,0,0.0041959973116,0.00313707682966,0,0.005021289603356,0.003753894608138,0.003312574957235,0,0,0.003221942212136
YNL302C,15897.3,YNL302C_translation_Ribosome,0,0,0,0,0,0.003525167355602,0,0,0,0,0.002714455383619,0.003375121438448,0.00311518054158,0.002632890402886,0,0.002360479097481,0,0.003239098756498,0.002421665435748,0,0.003876182872016,0.002897817718718,0.002557141158104,0,0,0.002487177240078
YNL306W,24580.8,YNL306W_translation_Ribosome,4.74839033871945E-06,6.09226713563634E-07,8.62104081481772E-06,3.63110704719188E-07,2.58792528125522E-06,1.5084044495071E-05,4.23864657980652E-06,5.81001915429041E-06,5.27628714962732E-06,8.95679528261195E-07,3.32198010691832E-05,1.79844966958425E-05,2.35187345452126E-05,3.53524528874992E-05,1.95828663048798E-06,4.28703230860292E-05,1.62009087758876E-07,2.0801143548876E-05,4.11357932757877E-05,8.0451860365433E-06,9.19655978542705E-06,2.85981177157746E-05,3.73632818415768E-05,6.9132044152781E-06,3.26893627837659E-06,3.93073159319258E-05
YNL316C,38217.6,YNL316C_translation_Ribosome,1.92482103101757E-07,4.41240114141046E-08,2.77580516232846E-07,2.71277669875771E-08,1.30082276876912E-07,3.87033318791031E-07,1.79206806550877E-07,2.18165221793025E-07,2.05562551715581E-07,6.04193850748486E-08,6.15224011052958E-07,4.29367186111836E-07,5.02727753361565E-07,6.38074072063878E-07,1.07669901991839E-07,7.14546991019541E-07,9.84055631150402E-09,4.67780679683274E-07,6.97402000780113E-07,2.66212828650212E-07,2.88619108261565E-07,5.63572589505532E-07,6.59174258905844E-07,2.42769485989486E-07,1.51648503085527E-07,6.79063490650055E-07
YNL318C,60980,YNL318C_translation_Ribosome,0,0,0,0,0,0,0,0,0,0,0,0,0,0,0,0,0,0,0,0,0,0,0,0,0,0
YNL325C,101720.8,YNL325C_translation_Ribosome,0,0,0,0,0,0,0,0,0,0,0,0,0,0,0,0,0,0,0,0,0,0,0,0,0,0
YNR001C,53362.5,YNR001C_translation_Ribosome,0,0,0,0,0,0,0,0,0,0,0,0,0,0,0,0,0,0,0,0,0,0,0,0,0,0
YNR008W,75385,YNR008W_translation_Ribosome,6.77625972737578E-07,1.91541753212336E-07,9.47914553091003E-07,1.34770316073405E-07,4.75802123997865E-07,1.28852597505896E-06,6.34899333768334E-07,7.59967314613119E-07,7.19528876643389E-07,2.46616711778715E-07,1.96905766581635E-06,1.41727606560764E-06,1.63739279834463E-06,2.03532316370888E-06,4.02436595628507E-07,2.25487211483257E-06,5.28555269891513E-07,1.53298248135548E-06,2.20596284525074E-06,9.12200131130671E-07,9.82569307035198E-07,1.81804564369302E-06,2.0963349374873E-06,8.38096324371516E-07,5.45980566069997E-07,2.15338545957457E-06
YNR012W,56297.7,YNR012W_translation_Ribosome,0,0,0,0,0,0,0,0,0,0,0,0,0,0,0,0,0,0,0,0,0,0,0,0,0,0
YNR013C,99494.3,YNR013C_translation_Ribosome,0,0,0,0,0,0,0,0,0,0,0,0,0,0,0,0,0,0,0,0,0,0,0,0,0,0
YNR015W,42827,YNR015W_translation_Ribosome,0,0,0,0,0,0,0,0,0,0,0,0,0,0,0,0,0,0,0,0,0,0,0,0,0,0
YNR016C,250318.7,YNR016C_translation_Ribosome,8.09600344841478E-08,2.28846407444749E-08,1.13253030423604E-07,1.61018170432022E-08,5.68469301890467E-08,1.53947917540777E-07,7.58552269597743E-08,9.07978478884703E-08,8.59664254456617E-08,2.94647759874224E-08,2.35255115564326E-07,1.69330462174578E-07,1.9562912690983E-07,2.43172251580844E-07,4.8081510996605E-08,2.69403080045289E-07,9.10860479300224E-09,1.83154600837884E-07,2.63559596602731E-07,1.0898601447407E-07,1.17393441486992E-07,2.17212804598537E-07,2.50461693703442E-07,1.00132388739521E-07,6.52315690883645E-08,2.57277861355434E-07
YNR017W,23243.8,YNR017W_translation_Ribosome,1.02516207546248E-05,1.57801098559931E-06,1.790351230394E-05,9.82339458795721E-07,5.86614238750491E-06,3.04928135104496E-05,9.22856878404241E-06,1.2366304503222E-05,1.13049403065356E-05,2.23978629249925E-06,6.5760617334994E-05,3.61212290908729E-05,4.68619286093522E-05,6.99269801582944E-05,4.54963851618581E-06,8.46671388512063E-05,4.62996614949741E-07,4.15875064180595E-05,8.12588591235651E-05,1.67746520042524E-05,1.90309480316386E-05,5.67509812360394E-05,7.38684137391538E-05,1.45475535438825E-05,7.26428012418151E-06,7.76723924196245E-05
YNR019W,74024.5,YNR019W_translation_Ribosome,0,0,0,5.38439220252423E-08,0,0,0,0,0,2.75495806456804E-07,0,0,0,0,0,0,0,0,0,0,0,0,0,0,0,0
YNR022C,16286,YNR022C_translation_Ribosome,3.14604427261867E-06,4.0364293501828E-07,5.71186742132564E-06,2.40578863871668E-07,1.71462894334287E-06,9.99392813279986E-06,2.80831373261769E-06,3.84942605394347E-06,3.4958021105428E-06,5.93432142048339E-07,2.20097669812503E-05,1.19156216717312E-05,1.55823289235229E-05,2.34227546591573E-05,1.29746208683717E-06,2.84037167943709E-05,1.07339061513094E-07,1.37817900083397E-05,2.72545047064977E-05,5.33033504976015E-06,6.09317730364613E-06,1.89476723751507E-05,2.47550286431654E-05,4.58034104289605E-06,2.16583252903246E-06,2.60430477147751E-05
YNR033W,88526.9,YNR033W_translation_Ribosome,0,0,0,0,0,0,0,0,0,0,0,0,0,0,0,0,0,0,0,0,0,0,0,0,0,0
YNR036C,16940.2,YNR036C_translation_Ribosome,3.27241920588326E-06,4.19857058074215E-07,5.94131011241193E-06,2.50242789497656E-07,1.78350468046279E-06,1.03953789362186E-05,2.92112220884749E-06,4.00405546107167E-06,3.63622663103385E-06,6.1726999709734E-07,2.28938876713605E-05,1.23942658874777E-05,1.62082628288262E-05,2.43636343164102E-05,1.34958045213307E-06,2.9544679064227E-05,1.11650814800694E-07,1.43353972184254E-05,2.83493037350493E-05,5.54445178742152E-06,6.33793701088212E-06,1.97087903456667E-05,2.5749425041198E-05,4.76433091826524E-06,2.25283287537245E-06,2.708918315718E-05
YNR037C,10284.2,YNR037C_translation_Ribosome,1.98664794967855E-06,2.54890376539052E-07,3.6069008310449E-06,1.51919510734926E-07,1.08274511722503E-06,6.31091463240454E-06,1.77337959529577E-06,2.43081588014033E-06,2.20751124065113E-06,3.74737494489349E-07,1.38986151042966E-05,7.5244158416074E-06,9.83984938691482E-06,1.47908813376953E-05,8.1931472390095E-07,1.79362338362194E-05,6.7781921675854E-08,8.70285427998076E-06,1.72105352635738E-05,3.36597272005055E-06,3.84768844566852E-06,1.1964979260747E-05,1.56321789004078E-05,2.89237033976124E-06,1.36766885024412E-06,1.64455305973407E-05
YNR038W,70354.4,YNR038W_translation_Ribosome,0.000296775029336,0.000383987954723,0.000252324093482,0.000394676688556,0.000332049355406,0.000200236165284,0.000304121494265,0.000282983008456,0.000289862218199,0.00037365472933,0.000111313898296,0.000181836707877,0.000152049458138,0.000103787741933,0.000344919242225,8.05340862116332E-05,0.000405702957423,0.000165918706601,8.55051414276376E-05,0.000258040629713,0.00024672929118,0.000129181069736,9.70306434253637E-05,0.00027011260408,0.000319717921296,9.09890110044882E-05
YNR041C,41026.1,YNR041C_translation_Ribosome,0,0,0,0,0,0,0,0,0,0,0,0,0,0,0,0,0,0,0,0,0,0,0,0,0,0
YNR043W,44108.3,YNR043W_translation_Ribosome,6.87579339921825E-05,1.94355230672673E-05,9.61838077255947E-05,1.36749901413082E-05,4.82790984280275E-05,0.000130745259929,6.44225107053704E-05,7.71130159655511E-05,7.30097738223424E-05,2.50239162488785E-05,0.000199798033812,0.000143809384658,0.000166144378281,0.000206521918246,4.08347820058831E-05,0.000228799299717,7.73577791942228E-06,0.000155549982593,0.000223836531959,9.25599060947337E-05,9.97001860523933E-05,0.000184475016297,0.000212712713291,8.50406774070685E-05,5.54000248414229E-05,0.000218501564648
YNR046W,15058.4,YNR046W_translation_Ribosome,0,0,0,0,0,0,0,0,0,0,0,0,0,0,0,0,0,0,0,0,0,0,0,0,0,0
YNR050C,48906.1,YNR050C_translation_Ribosome,6.17608668531109E-07,1.69151797059864E-07,8.55472298619364E-07,1.14644706590713E-07,4.34867699078558E-07,1.14241841939698E-06,5.79428518857137E-07,6.91395656386887E-07,6.55530722157764E-07,2.21135953603966E-07,1.67325793477285E-06,1.24706892480151E-06,1.42093897394489E-06,1.72183872308825E-06,3.67377423167287E-07,1.87883562791915E-06,5.8230709290643E-08,1.33940832795695E-06,1.84439506014463E-06,8.24633652323603E-07,8.85241976783783E-07,1.56047137681094E-06,1.76601363284622E-06,7.60200104451999E-07,4.9938150208526E-07,1.80700056312202E-06
YNR053C,55510.4,YNR053C_translation_Ribosome,0.00023415878166,0.000302970744713,0.000199086501467,0.000311404273968,0.000261990615204,0.000157988549819,0.000239955223771,0.000223276724591,0.00022870449719,0.000294817715552,8.78278973305437E-05,0.000143471174354,0.000119968704744,8.18896766912802E-05,0.000272145098297,6.35422850488704E-05,0.000320104122098,0.00013091169523,6.74645026139763E-05,0.000203596911801,0.00019467214055,0.000101925293279,7.65582512081591E-05,0.000213121833141,0.000252260977257,7.17913363835601E-05
YNR054C,36409.2,YNR054C_translation_Ribosome,0.000153584443874,0.000198718121981,0.000130580580382,0.000204249662978,0.000171839307717,0.000103624486728,0.000157386322803,0.000146446916632,0.000150006985702,0.000193370560635,5.76062049541569E-05,9.41025588226982E-05,7.86873192188297E-05,5.37113336705943E-05,0.000178499620124,4.16773030783661E-05,0.000209955882182,8.58648126110822E-05,4.42498805372108E-05,0.000133538952721,0.000127685206731,6.68526688341856E-05,5.02144585498953E-05,0.000139786336384,0.000165457650695,4.70878452444284E-05
YNR056C,62428.6,YNR056C_translation_Ribosome,0,0,0,0,0,0,0,0,0,0,0,0,0,0,0,0,0,0,0,0,0,0,0,0,0,0
YNR057C,26245,YNR057C_translation_Ribosome,0,0,0,0,0,0,0,0,0,0,0,0,0,0,0,0,0,0,0,0,0,0,0,0,0,0
YNR058W,53699.2,YNR058W_translation_Ribosome,0,0,0,0,0,0,0,0,0,0,0,0,0,0,0,0,0,0,0,0,0,0,0,0,0,0
YNR067C,121005.9,YNR067C_translation_Ribosome,0,0,0,0,0,0,0,0,0,0,0,0,0,0,0,0,0,0,0,0,0,0,0,0,0,0
YNR072W,62827.8,YNR072W_translation_Ribosome,0,0,0,0,0,0,0,0,0,0,0,0,0,0,0,0,0,0,0,0,0,0,0,0,0,0
YOL010W,40177.1,YOL010W_translation_Ribosome,0.000169478526306,0.000219282979539,0.000144094048649,0.000225386966328,0.000189622541832,0.000114348334095,0.000173673852485,0.000161602353641,0.000165530845645,0.00021338201201,6.35677317014287E-05,0.000103841004913,8.68304794663668E-05,5.92697896140765E-05,0.000196972113852,4.59903863174643E-05,0.000231683708349,9.47507542806959E-05,4.88291935920474E-05,0.000147358575783,0.000140899039785,7.37710897525339E-05,5.54110313493567E-05,0.000154252486062,0.000182580462568,5.19608523991168E-05
YOL011W,75056.6,YOL011W_translation_Ribosome,0,0,0,0,0,0,0,0,0,0,0,0,0,0,0,0,0,0,0,0,0,0,0,0,0,0
YOL020W,65412,YOL020W_translation_Ribosome,0,0,0,0,0,0,0,0,0,0,0,0,0,0,0,0,0,0,0,0,0,0,0,0,0,0
YOL023W,75668.6,YOL023W_translation_Ribosome,0,0,0,0,0,0,0,0,0,0,0,0,0,0,0,0,0,0,0,0,0,0,0,0,0,0
YOL033W,61621.1,YOL033W_translation_Ribosome,0,0,0,0,0,0,0,0,0,0,0,0,0,0,0,0,0,0,0,0,0,0,0,0,0,0
YOL038W,28439.4,YOL038W_translation_Ribosome,0.000286353842026,0.000301422429727,0.000277972943162,0.000303159982546,0.000292648745142,0.000267405223476,0.000287686505687,0.000283805194085,0.000285093142679,0.000299720121174,0.000246756393461,0.000263439522335,0.000256702966354,0.000244777660524,0.000294901453882,0.000238334603367,0.000304927762749,0.00025989443903,0.000239762042647,0.000279080355546,0.000276877379006,0.000251286678853,0.000242953934467,0.00028139065598,0.00029048611653,0.000241300516466
YOL039W,10728.7,YOL039W_translation_Ribosome,0.00284716433053,0.00320752789196,0.002642884294678,0.003248733159342,0.002998567275921,0.002379049461735,0.002879422842651,0.002785532030101,0.002816453416467,0.003167142904724,0.001831919726886,0.002277787132197,0.002102359361429,0.001776873510938,0.003051815922217,0.00159302976563,0.003290641690991,0.00218598874204,0.001634322932857,0.002670112228987,0.002615941271725,0.001955666494235,0.001725752193325,0.002726652713499,0.00294661917112,0.001678535251623
YOL040C,16017.2,YOL040C_translation_Ribosome,0.004250617550585,0.004788615186472,0.003945641720312,0.004850131773637,0.004476651576788,0.003551754736222,0.004298777256825,0.00415860482934,0.004204768300189,0.004728323220292,0.002734928243821,0.003400577148567,0.00313867573554,0.002652748086852,0.004556148087778,0.002378282211456,0.004912698285248,0.003263528561616,0.002439930026951,0.003986291125125,0.003905417668261,0.002919673527218,0.002576427529051,0.004070702120728,0.004399096683443,0.002505935931874
YOL041C,51963.7,YOL041C_translation_Ribosome,0.000219197784245,0.000283613176757,0.000186366360831,0.000291507866475,0.000245251371478,0.000147894261368,0.000224623876994,0.000209011009354,0.000214091987819,0.000275981065271,8.22163506030432E-05,0.000134304437777,0.000112303600455,7.66575379151056E-05,0.000254757058936,5.94824075775708E-05,0.000299651859282,0.000122547415573,6.3154024731976E-05,0.000190588589629,0.00018223404461,9.54130282318472E-05,7.16667507044701E-05,0.000199504939629,0.000236143384733,6.72044061371275E-05
YOL049W,55808.6,YOL049W_translation_Ribosome,0,0,0,0,0,0,0,0,0,0,0,0,0,0,0,0,0,0,0,0,0,0,0,0,0,0
YOL052C,46218.7,YOL052C_translation_Ribosome,0,0,0,0,0,0,0,0,0,0,0,0,0,0,0,0,0,0,0,0,0,0,0,0,0,0
YOL055C,61259.8,YOL055C_translation_Ribosome,0,0,0,0,0,0,0,0,0,0,0,0,0,0,0,0,0,0,0,0,0,0,0,0,0,0
YOL058W,46922.1,YOL058W_translation_Ribosome,7.94905556719981E-09,1.97328108193077E-09,1.10661819116899E-08,1.25161753985232E-09,5.52535862101201E-09,1.47787207909273E-08,7.43863755690219E-09,8.91109407416203E-09,8.4401270259798E-09,2.67854009627439E-09,2.15691775982926E-08,1.61253513995919E-08,1.83557167453156E-08,2.21763657681075E-08,4.61898801338558E-09,2.41233870656456E-08,4.97278327108086E-10,1.73066500699026E-08,2.36985161657429E-08,1.06621311538559E-08,1.14571644228283E-08,2.01501356414816E-08,2.27280366331315E-08,9.81439194295391E-09,6.37034147849274E-09,2.32362859090103E-08
YOL059W,49418.2,YOL059W_translation_Ribosome,0,0,0,0,1.72799622133517E-08,0,0,2.76001426171775E-08,0,0,0,0,0,0,0,0,0,0,0,0,2.62503301336075E-06,0,0,0,0,0
YOL061W,53504.4,YOL061W_translation_Ribosome,0.001473448041665,0.000398862172318,0.002093442800125,0.00027360180833,0.001026368317087,0.002863667485359,0.001378104570713,0.001662342987047,0.001569023844293,0.000520218164615,0,0.003152771131582,0.003643935349569,0,0.000864436219137,0,0.000144681528771,0.003411321228968,0,0.002011772741566,0.002172622143913,0,0,0.001841807651411,0.001181391993184,0
YOL064C,39141.6,YOL064C_translation_Ribosome,2.16545521291136E-05,4.7861016951389E-06,3.1343230926703E-05,2.86249358424969E-06,1.45707404528826E-05,4.38962432604983E-05,2.01503855835947E-05,2.45654282482091E-05,2.31564685707392E-05,6.66200113210535E-06,7.02936789082942E-05,4.87513595227516E-05,5.71695810796742E-05,7.29478909886428E-05,1.20300368386798E-05,8.18573212743148E-05,8.78875531754195E-07,5.31666129025496E-05,7.98576499687641E-05,3.00449863836508E-05,3.26034116624382E-05,6.43066564654269E-05,7.5399037091379E-05,2.73728041071341E-05,1.70257363889756E-05,7.77149819618565E-05
YOL065C,43800.4,YOL065C_translation_Ribosome,0,0,0,0,0,0,0,0,0,0,0,0,0,0,0,0,0,0,0,0,0,0,0,0,0,0
YOL066C,67027.6,YOL066C_translation_Ribosome,2.01066146899334E-08,5.68345427096876E-09,2.812665606807E-08,3.99892407603729E-09,1.41180686112542E-08,3.8233326851116E-08,1.88388237531725E-08,2.25498587519268E-08,2.13499636421875E-08,7.31764631128343E-09,5.84261604213352E-08,4.20536179351457E-08,4.85849530816863E-08,6.03923997435663E-08,1.1941156170182E-08,6.6906887592946E-08,2.26214339090525E-09,4.54868752366572E-08,6.54556447572042E-08,2.70669326363824E-08,2.91549368789654E-08,5.39453101225857E-08,6.22027498131719E-08,2.48681138934346E-08,1.62004133723081E-08,6.38955610565691E-08
YOL068C,57710.7,YOL068C_translation_Ribosome,0,0,0,0,0,0,0,0,0,0,0,0,0,0,0,0,0,0,0,0,0,0,0,0,0,0
YOL077C,33540.8,YOL077C_translation_Ribosome,0.000141484710323,0.000183062654102,0.000120293143779,0.000188158407655,0.000158301414266,9.54607127992408E-05,0.00014498706854,0.000134909493792,0.000138189092483,0.000178136385862,5.30678564518414E-05,8.66889441394031E-05,7.24881523476189E-05,4.94798320308788E-05,0.000164437012037,3.8393869876044E-05,0.000193415077868,7.91001864041447E-05,4.07637738022939E-05,0.000123018448783,0.000117625874282,6.15858627718723E-05,4.62584487253312E-05,0.00012877364928,0.000152422518771,4.33781571628688E-05
YOL086C,36845.5,YOL086C_translation_Ribosome,0,0,0,0,0,0,0,0,0,0,0,0,0,0,0,0,0,0,0,0,0,0,0,0,0,0
YOL093W,34531,YOL093W_translation_Ribosome,0,0,0,0,0,0,0,0,0,0,0,0,0,0,0,0,0,0,0,0,0,0,0,0,0,0
YOL096C,36329.3,YOL096C_translation_Ribosome,0,0,0,0,0,0,0,0,0,0,0,0,0,0,0,0,0,0,0,0,0,0,0,0,0,0
YOL097C,49347.7,YOL097C_translation_Ribosome,0,0,0,0,0,0,0,0,0,0,0,0,0,0,0,0,0,0,0,0,0,0,0,0,0,0
YOL103W,66715.8,YOL103W_translation_Ribosome,0,0,0,0,0,0,0,0,0,0,0,0,1.24685380289601E-05,0,0,0,0,0,0,0,0,0,0,0,0,0
YOL120C,20593.7,YOL120C_translation_Ribosome,0.005465121410201,0.006156837934573,0.00507300663634,0.006235931293032,0.005755738804342,0,0.005527041505,0.005346818437304,0.005406171924157,0.006079319100824,0,0,0,0,0.005857949384116,0,0.006316374564649,0,0,0.005125270555621,0,0,0,0.005233799806685,0.005656024609159,0
YOL121C,15923.4,YOL121C_translation_Ribosome,0.004225725064617,0.004760572076285,0.003922535235198,0.00482172840973,0.004450435389321,0,0.004273602737765,0.004134251188692,0.004180144316811,0.004700633192193,0,0,0,0,0.004529466352478,0,0.004883928519049,0,0,0.003962946588781,0,0,0,0.004046863256324,0.004373334673297,0
YOL124C,50074.3,YOL124C_translation_Ribosome,0,0,0,0,0,0,0,0,0,0,0,0,0,0,0,0,0,0,0,0,0,0,0,0,0,0
YOL125W,54103.8,YOL125W_translation_Ribosome,0,0,0,0,0,0,0,0,0,0,0,0,0,0,0,0,0,0,0,0,0,0,0,0,0,0
YOL126C,40728.2,YOL126C_translation_Ribosome,4.06970656612028E-05,1.1866819447928E-05,5.61114947844418E-05,8.42464630488163E-06,2.89192274223522E-05,7.48287403971264E-05,3.82150305957385E-05,4.54611753611929E-05,4.31378469782009E-05,1.52404139623731E-05,0.000110038750839,8.17023713886456E-05,9.3178952597992E-05,0.000113296513699,2.45644563951546E-05,0.000123865256347,4.84814630933188E-06,8.77804507618855E-05,0.000121539623589,5.41082977617184E-05,5.80420713958671E-05,0.000102504001963,0.000116272146273,4.99152505851826E-05,3.30462575465347E-05,0.000119021642091
YOL127W,15775.9,YOL127W_translation_Ribosome,0.004186581763122,0.004716474434999,0.003886200410525,0.004777064271391,0.004409210574274,0.003498247355541,0.004234015940736,0.004095955218589,0.004141423234208,0.004657090770609,0.002693726399227,0.003349347266568,0.00309139141275,0.002612784290847,0.004487509465947,0.002342453258978,0.004838688215059,0.003214363324127,0.002403172346739,0.003926237429817,0.003846582336034,0.002875688484756,0.002537613506453,0.004009376769123,0.004332824049667,0.002468183869068
YOL136C,45304.9,YOL136C_translation_Ribosome,0,0,0,0,0,0,0,0,0,0,0,0,0,0,0,0,0,0,0,0,0,0,0,0,0,0
YOL139C,24245.3,YOL139C_translation_Ribosome,0.001098062226611,0.0013058548878,0.000983419618295,0.001331371335684,0.001180064169938,0.000846789043473,0.001112755275846,0.001063537148866,0.001077465494916,0.001281898909005,0.000575913523401,0.000792643276127,0.000701068119469,0.000550126249514,0.001213320095005,0.000465982255962,0.001357905210666,0.000744349262084,0.000484995322561,0.000998954259497,0.000970858344078,0.000635650383158,0.000526760695631,0.001028840048712,0.001149508877746,0.000503138455229
YOL140W,46681.9,YOL140W_translation_Ribosome,0.000459195334025,0.000113991084586,0.000639263250378,7.23025432928291E-05,0.000319184949223,0.00085372653049,0.000429709872923,0.000514769683684,0.000487563197432,0.000154731980902,0.001245992763313,0.000931517720516,0.001060359864249,0.001281068373503,0.000266826382799,0.001393542501721,2.87264173195914E-05,0.000999758133847,0.001368998864662,0.000615922336336,0.000661849247329,0.001164018566524,0.001312936899895,0.000566950746337,0.000367997312177,0.001342297079105
YOL141W,78954.4,YOL141W_translation_Ribosome,0,0,0,0,0,0,0,0,0,0,0,0,0,0,0,0,0,0,0,0,0,0,0,0,0,0
YOL143C,18552.7,YOL143C_translation_Ribosome,9.46101846322915E-06,2.67430726762149E-06,1.32347894696632E-05,1.88166407423037E-06,6.64315250757184E-06,1.79904084714064E-05,8.86446883788548E-06,1.06106688413342E-05,1.00460670939866E-05,3.44326421558649E-06,2.74919965894901E-05,1.97880181157098E-05,2.28612894427768E-05,2.8417195924019E-05,5.61882249899369E-06,3.14825398803202E-05,1.06443480008306E-06,2.14035118832846E-05,3.07996683241026E-05,1.27361444661295E-05,1.37186393811123E-05,2.53835657043715E-05,2.92690427265552E-05,1.17015066096266E-05,7.62298439548299E-06,3.00655825059026E-05
YOL144W,56955.2,YOL144W_translation_Ribosome,0.000240253362275,0.000310856332494,0.000204268236373,0.000319509365897,0.000268809590403,0.00016210060552,0.000246200671602,0.000229088071865,0.000234657116115,0.000302491099916,9.01138427761389E-05,0.000147205378263,0.000123091196829,8.40210647714159E-05,0.000279228369864,6.51961353803147E-05,0.000328435649805,0.000134319006603,6.92204386795905E-05,0.000208896041661,0.000199738980434,0.000104578159476,7.85508753172549E-05,0.000218668873417,0.000258826713766,7.36598893539399E-05
YOL151W,38162.8,YOL151W_translation_Ribosome,0,0,0,0,0,0,0,0,0,0,0,0,0,0,0,0,0,0,0,0,0,0,0,0,0,0
YOL156W,62740.3,YOL156W_translation_Ribosome,0,0,0,0,0,0,0,0,0,0,0,0,0,0,0,0,0,0,0,0,0,0,0,0,0,0
YOR004W,28828.8,YOR004W_translation_Ribosome,0.000121608143424,0.000157344984096,0.000103393687192,0.000161724857565,0.000136062342329,8.20498556130669E-05,0.000124618470684,0.000115956650247,0.000118775512491,0.000153110785692,4.56125858679234E-05,7.4510394290119E-05,6.23046095024279E-05,4.25286272734043E-05,0.000141335976858,3.30000833576568E-05,0.000166243041217,6.79877478714821E-05,3.50370498673726E-05,0.00010573612604,0.000101101130698,5.29339348100747E-05,3.97598019907941E-05,0.000110682803641,0.000131009347098,3.72841499671121E-05
YOR011W,157749.2,YOR011W_translation_Ribosome,0,0,0,0,0,0,0,0,0,0,0,0,0,0,0,0,0,0,0,0,0,0,0,0,0,0
YOR020C,11374.4,YOR020C_translation_Ribosome,0,0,0,0,0,0,0,0,0,0,0,0,0,0,0,0,0,0,0,0,0,0,0,0,0,0
YOR025W,50540.8,YOR025W_translation_Ribosome,0,0,0,0,0,0,0,0,0,0,0,0,0,0,0,0,0,0,0,0,0,0,0,0,0,0
YOR039W,29836.3,YOR039W_translation_Ribosome,0.000125858067268,0.000162843828012,0.000107007057844,0.000167376767946,0.000140817407052,8.49173086298475E-05,0.000128973598515,0.000120009067453,0.000122926442424,0.00015846165415,4.72066404335638E-05,7.71143605407883E-05,6.44820117555115E-05,4.40149046064169E-05,0.000146275342932,3.41533600803383E-05,0.000172052851685,7.03637626893212E-05,3.62615138666156E-05,0.000109431359521,0.000104634381793,5.47838536176958E-05,4.11493152728497E-05,0.000114550912084,0.000135587821304,3.85871449267311E-05
YOR040W,32339.3,YOR040W_translation_Ribosome,0,0,0,0,0,0,0,0,0,0,0,0,0,0,0,0,0,0,0,0,0,0,0,0,0,0
YOR045W,6407.6,YOR045W_translation_Ribosome,2.82594937146374E-06,4.34994719355444E-07,4.93526983858972E-06,2.70792020785713E-07,1.61706351839147E-06,8.40564004835626E-06,2.54393671870145E-06,3.40888721400269E-06,3.11630550384328E-06,6.17419307321478E-07,1.81274604306202E-05,9.95714458738996E-06,1.29178786094957E-05,1.92759536702853E-05,1.25415534593109E-06,2.33393093086039E-05,1.27629269828897E-07,1.14639767810282E-05,2.23997512067218E-05,4.62409125961789E-06,5.24606905813994E-06,1.56439165839223E-05,2.03625547878745E-05,4.01016745087904E-06,2.00246436181766E-06,2.14111066110688E-05
YOR048C,115928.3,YOR048C_translation_Ribosome,0.000489018805268,0.000632726180758,0.000415773614819,0.000650338821083,0.000547142997287,0.000329944370784,0.000501124134719,0.000466292642666,0.00047762804018,0.000615699338751,0.000183420383029,0.000299626184315,0.000250543465624,0.000171018962327,0.000568349689408,0.000132702143811,0.000668507643574,0.000273396881992,0.000140893329869,0.000425193186688,0.00040655463321,0.000212861481395,0.00015988477679,0.000445085097728,0.00052682355468,0.000149929519183
YOR054C,73595.7,YOR054C_translation_Ribosome,0,0,0,0,0,0,0,0,0,0,0,0,0,0,0,0,0,0,0,0,0,0,0,0,0,0
YOR061W,39409,YOR061W_translation_Ribosome,0.000166238460297,0.00021509075918,0.00014133927942,0.00022107805083,0.000185997365441,0.000112162239145,0.000170353580835,0.000158512863165,0.000162366250825,0.000209302605497,6.23524529799712E-05,0.000101855787566,8.51704668900954E-05,5.81366783292259E-05,0.000193206429404,4.51111487485396E-05,0.000227254412647,9.29393230334679E-05,4.78956841153044E-05,0.000144541395795,0.000138205352275,7.23607447042621E-05,5.43516912481687E-05,0.000151303509293,0.000179089915632,5.09674723212177E-05
YOR063W,43798.5,YOR063W_translation_Ribosome,0.011623172139281,0.013094308758378,0.010789225887613,0.013262523817374,0.012241254656617,0.009712155046726,0.011754863252196,0.011371566417217,0.011497798890932,0.012929442384683,0.007478570204967,0.009298764967753,0.008582604275593,0.007253851302473,0.012458635218548,0.006503333506384,0.013433609859802,0.008924010170688,0.006671907404879,0.010900380331381,0.01067923455681,0.007983750030084,0.007045155278772,0.011131199387827,0.012029183383474,0.00685239835378
YOR065W,34056.9,YOR065W_translation_Ribosome,0.000279224608369,7.59693413926452E-05,0.000391405842784,5.20561557074412E-05,0.000195121962085,0.000531532277949,0.000261431985059,0.000313517311826,0.000296698728274,9.91417073771759E-05,0.000806801445989,0.000584067233413,0.000673365903531,0.000833267348342,0.000164456531435,0.000920547501493,2.74618022162208E-05,0.000631085639339,0.000901164567457,0.000376641989569,0.000405703236647,0.000746245758709,0.000857592297395,0.000345946097093,0.000224427661917,0.000880283918356
YOR071C,67196,YOR071C_translation_Ribosome,0,0,0,0,0,0,0,0,0,0,0,0,0,0,0,0,0,0,0,0,0,0,0,0,0,0
YOR074C,35046.6,YOR074C_translation_Ribosome,2.97039731063658E-07,8.39630019371874E-08,4.15521681944918E-07,5.90770425756858E-08,2.08569536348892E-07,5.64829898053915E-07,2.7831035843143E-07,3.33134348197826E-07,3.15408016530468E-07,1.08105303943127E-07,8.63143360842562E-07,6.21267953573685E-07,7.17756898397716E-07,8.92191075163897E-07,1.76409498668906E-07,9.88431130918585E-07,3.34191744768624E-08,6.71988268317861E-07,9.66991580388349E-07,3.9986613932849E-07,4.30712715355391E-07,7.96946709233009E-07,9.189358010215E-07,3.67382474716867E-07,2.39332503528789E-07,9.43944098252759E-07
YOR078W,24383.2,YOR078W_translation_Ribosome,0.0001028553281,0.000133081301206,8.74496667755636E-05,0.000136785767946,0.000115080589739,6.93972013883523E-05,0.000105401442113,9.80753341905659E-05,0.000100459508414,0.00012950004543,3.85788102083594E-05,6.3020377055404E-05,5.26968085532384E-05,3.59704193214033E-05,0.000119540993414,2.79112426645028E-05,0.000140607216485,5.75035677482213E-05,2.96340948747821E-05,8.94308853805033E-05,8.55106383212384E-05,4.47711565955229E-05,3.36285660139143E-05,9.36147511428975E-05,0.00011080680126,3.15346766246978E-05
YOR081C,84730.9,YOR081C_translation_Ribosome,1.92196014887905E-09,0,8.37642928090509E-09,0,9.98782721067696E-10,0,8.54002598281003E-10,2.00007062981597E-08,0,0,0,1.27311188979405E-08,0,0,0,1.68925844484896E-08,0,2.06201353910152E-09,0,8.74868230441162E-09,8.88518238009817E-09,1.877660687963E-08,0,1.1273227117359E-09,4.9044386420382E-09,6.19388955774188E-09
YOR095C,28253.3,YOR095C_translation_Ribosome,3.60706587896206E-07,9.43036601836256E-08,5.09407994780044E-07,6.31447289170648E-08,2.50114544118607E-07,6.96026997975638E-07,3.37282840406313E-07,4.06015824669769E-07,3.8378472423055E-07,1.24478660208055E-07,1.06726241815096E-06,7.6646951747915E-07,8.86668063549072E-07,1.10326457055365E-06,2.09942246044081E-07,1.22236481332717E-06,3.10272161407149E-08,8.29699587484432E-07,1.1958593468929E-06,4.89775644671169E-07,5.28437478253461E-07,9.85126970862464E-07,1.13637725138399E-06,4.49024716817895E-07,2.88585577162264E-07,1.16733472561425E-06
YOR096W,21632.5,YOR096W_translation_Ribosome,0,0,0,0,0,0,0,0,0,0,0,0,0,0,0,0,0,0,0,0,0,0,0,0,0,0
YOR098C,113615.1,YOR098C_translation_Ribosome,0,0,0,0,0,0,0,0,0,0,0,0,0,0,0,0,0,0,0,0,0,0,0,0,0,0
YOR099W,46016.4,YOR099W_translation_Ribosome,0,0,0,0,0,0,0,0,0,0,0,0,0,0,0,0,0,0,0,0,0,0,0,0,0,0
YOR100C,34771.7,YOR100C_translation_Ribosome,0,0,0,0,0,0,0,0,0,0,0,0,0,0,0,0,0,0,0,0,0,0,0,0,0,0
YOR108W,67195.9,YOR108W_translation_Ribosome,0,0,0,0,0,0,0,0,0,0,0,0,0,0,0,0,0,0,0,0,0,0,0,0,0,0
YOR109W,124575.1,YOR109W_translation_Ribosome,0,0,0,0,0,0,0,0,0,0,0,0,0,0,0,0,0,0,0,0,0,0,0,0,0,0
YOR117W,48240.3,YOR117W_translation_Ribosome,0.000485727379815,0.000511287454614,0.00047151128962,0.000514234776614,0.000496405102086,0.000453585807087,0.000487987909038,0.000481404238634,0.000483588919977,0.000508399915661,0.00041856025259,0.000446858991023,0.00043543211558,0.000415203829089,0.000500226256731,0.000404274800693,0.000517233371777,0.000440845647487,0.000406696092953,0.000473389736621,0.000469652940163,0.000426244744047,0.000412110335832,0.000477308581113,0.000492736745756,0.000409305727423
YOR120W,35080.5,YOR120W_translation_Ribosome,0,0,0,0,0,0,0,0,0,0,0,0,0,0,0,0,0,0,0,0,0,0,0,0,0,0
YOR125C,26061,YOR125C_translation_Ribosome,0,0,0,0,0,0,0,0,0,0,0,0,0,0,0,0,0,0,0,0,0,0,0,0,0,0
YOR126C,27340.4,YOR126C_translation_Ribosome,0,0,0,0,0,0,0,0,0,0,0,0,0,0,0,0,0,0,0,0,0,0,0,0,0,0
YOR128C,62339,YOR128C_translation_Ribosome,8.07066972789869E-06,2.28130309562115E-06,1.12898643146168E-05,1.60514318209922E-06,5.66690468357722E-06,1.53466189297726E-05,7.56178635332772E-06,9.05137265542239E-06,8.56974224233872E-06,2.93725758784826E-06,2.34518963784469E-05,1.68800599430466E-05,1.95016971337339E-05,2.42411325785919E-05,4.79310560753195E-06,2.68560073692908E-05,9.0801024771401E-07,1.82581480100184E-05,2.62734875466915E-05,1.08644979388254E-05,1.17026098185326E-05,2.16533110164218E-05,2.49677958050587E-05,9.98190580984153E-06,6.50274488303511E-06,2.56472796797354E-05
YOR130C,31530,YOR130C_translation_Ribosome,5.34148518450999E-06,1.32597534070579E-06,7.43608422795397E-06,8.41042874751105E-07,3.71284625748778E-06,9.93077951001871E-06,4.99850227077094E-06,5.98794115508726E-06,5.67146789747938E-06,1.79988454218413E-06,1.44937271615941E-05,1.08356678183695E-05,1.2334394723662E-05,1.49017362119596E-05,3.10379715330378E-06,1.62100659030538E-05,3.34153509730898E-07,1.1629458891108E-05,1.59245676324764E-05,7.16457635906121E-06,7.69881069564472E-06,1.35401809793557E-05,1.52724395901585E-05,6.5949254870701E-06,4.28064495712477E-06,1.5613965190803E-05
YOR133W,93279.1,YOR133W_translation_Ribosome,0,0,0,0,0,0,0,0,0,0,0,0,0,0,0,0,0,0,0,0,0,0,0,0,0,0
YOR136W,39743.9,YOR136W_translation_Ribosome,5.53509597054541E-05,1.88572953094676E-05,7.17246822085154E-05,1.38971008466851E-05,4.12337051507171E-05,8.73044644480752E-05,5.24575452881252E-05,6.0687817217451E-05,5.82369905391731E-05,2.3320217731578E-05,0.000106382654219,9.22933191317914E-05,9.93066021029816E-05,0.000107340411814,3.58865400163124E-05,0.000109253053702,8.90334200258292E-06,9.6229656383334E-05,0.000108981544057,6.9767374156891E-05,7.35480219436639E-05,0.000103768075781,0.00010808176914,6.54195521102476E-05,4.64462225558023E-05,0.000108543930547
YOR142W,35035.8,YOR142W_translation_Ribosome,0,0,0,0,0,0,0,0,0,0,0,0,0,0,0,0,0,0,0,0,0,0,0,0,0,0
YOR143C,36612.4,YOR143C_translation_Ribosome,0,0,0,0,0,0,0,0,0,0,0,0,0,0,0,0,0,0,0,0,0,0,0,0,0,0
YOR150W,18479.8,YOR150W_translation_Ribosome,3.56983107878782E-06,4.58015517042295E-07,6.48128254774736E-06,2.72985956562424E-07,1.94559744241604E-06,1.13401567670708E-05,3.18660666314801E-06,4.36796165980993E-06,3.96670292535975E-06,6.73370213596028E-07,2.49745850337781E-05,1.35207113698427E-05,1.76813411544222E-05,2.65779087283737E-05,1.47223626871753E-06,3.22298296461141E-05,1.21798132687564E-07,1.56382612671076E-05,3.09258133412217E-05,6.04835598996424E-06,6.91395664594866E-06,2.15000120323167E-05,2.80896462188363E-05,5.1973342996752E-06,2.45758025113681E-06,2.95511674542246E-05
YOR155C,51315.4,YOR155C_translation_Ribosome,0,0,0,0,0,0,0,0,0,0,0,0,0,0,0,0,0,0,0,0,0,0,0,0,0,0
YOR157C,28264.2,YOR157C_translation_Ribosome,0.000284589768483,0.000299565526639,0.000276260499874,0.000301292375321,0.000290845892053,0.000265757882282,0.000285914222313,0.000282056821404,0.000283336835633,0.000297873705102,0.000245236258714,0.000261816611714,0.000255121556068,0.000243269715697,0.000293084723053,0.000236866350784,0.00030304926517,0.000258293367779,0.000238284996371,0.000277361090081,0.000275171684906,0.000249738635429,0.000241457224645,0.000279657157984,0.000288696586244,0.000239813992472
YOR158W,36018.8,YOR158W_translation_Ribosome,6.95792333578517E-06,8.92713628136831E-07,1.26326053220707E-05,5.32074295838194E-07,3.79214521579751E-06,2.21029902142755E-05,6.21098432226515E-06,8.51355195577669E-06,7.7314624253481E-06,1.31245939076573E-06,4.86777228874038E-05,2.63530881658942E-05,3.4462531562728E-05,5.18027456414868E-05,2.86952151623301E-06,6.28188502071157E-05,2.37395566058444E-07,3.04803842534928E-05,6.02772046004175E-05,1.17887923425212E-05,1.34759262350835E-05,4.19054661516689E-05,5.4749258608157E-05,1.01300741714272E-05,4.79004597179876E-06,5.75978955562411E-05
YOR163W,21574.8,YOR163W_translation_Ribosome,0,0,0,0,0,0,0,0,0,0,0,0,0,0,0,0,0,0,0,0,0,0,0,0,0,0
YOR168W,93140.8,YOR168W_translation_Ribosome,0,0,0,0,0,0,0,0,0,0,0,0,0,0,0,0,0,0,0,0,0,0,0,0,0,0
YOR171C,69633,YOR171C_translation_Ribosome,0,0,0,0,0,0,0,0,0,0,0,0,0,0,0,0,0,0,0,0,0,0,0,0,0,0
YOR175C,72257.8,YOR175C_translation_Ribosome,1.03360333326647E-05,2.92164413031796E-06,1.4458826567235E-05,2.05569227749765E-06,7.25755329821035E-06,1.96542753141657E-05,9.68431102220678E-06,1.15920106542594E-05,1.09751909637634E-05,3.76171908381694E-06,3.00346304401448E-05,2.1618139276048E-05,2.49756461872063E-05,3.10453980650276E-05,7.31411094013053E-06,3.43942444319965E-05,1.36351519940026E-06,2.33830441322495E-05,3.3648216592137E-05,1.39140637176832E-05,1.49874259809432E-05,2.77311985218048E-05,3.19760290514861E-05,1.27837360036412E-05,8.32800624079987E-06,3.28462378711948E-05
YOR176W,44604.6,YOR176W_translation_Ribosome,0,0,0,0,0,0,0,0,0,0,0,0,0,0,0,0,0,0,0,0,0,0,0,0,0,0
YOR180C,30062.2,YOR180C_translation_Ribosome,0,0,0,0,0,0,0,0,0,0,0,0,0,0,0,0,0,0,0,0,0,0,0,0,0,0
YOR182C,7134.7,YOR182C_translation_Ribosome,0,0,0,0,0,0,0,0,0,0,0,0,0,0,0,0,0,0,0,0,0,0,0,0,0,0
YOR184W,43409.9,YOR184W_translation_Ribosome,8.96643567067165E-05,2.4190984386922E-05,0.000127351395644,1.66558636441626E-05,6.22356117180805E-05,0.000175574609034,8.37984028938051E-05,0.00010110254991,9.54818153666617E-05,3.15236348442545E-05,0.000272492598119,0.000193822642013,0.000225181760881,0.000282036321831,5.23764357065259E-05,0.000313765170466,8.91634900117823E-06,0.000210284479501,0.000306683332406,0.0001223444667,0.000132211584371,0.000250837797489,0.000290828944302,0.0001120075028,7.17353828132809E-05,0.000299073088339
YOR187W,47966.7,YOR187W_translation_Ribosome,0,0,0,0,0,0,0,0,0,0,0,0,0,0,0,0,0,0,0,0,0,0,0,0,0,0
YOR190W,51796.8,YOR190W_translation_Ribosome,0,0,0,0,0,0,0,0,0,0,0,0,0,0,0,0,0,0,0,0,0,0,0,0,0,0
YOR192C,67185,YOR192C_translation_Ribosome,0,0,0,0,0,0,0,0,0,0,0,0,0,0,0,0,0,0,0,0,0,0,0,0,0,0
YOR202W,23826.4,YOR202W_translation_Ribosome,1.42508704276178E-10,3.26928693561942E-11,2.02779214626929E-10,1.97872866476684E-11,9.70116645706536E-11,2.77900479950152E-10,1.32934366886463E-10,1.60785554635141E-10,1.5173204443217E-10,4.51074542340442E-11,4.25474533767457E-10,3.06197286649676E-10,3.54437714075281E-10,4.39640471083247E-10,8.04614408038077E-11,4.86520008841021E-10,6.55595498551329E-12,3.31541079650972E-10,4.76127561180111E-10,1.94827710001707E-10,2.1049481182889E-10,3.92982606976852E-10,4.52650822883311E-10,1.78249238747408E-10,1.12823212315865E-10,4.64903400114153E-10
YOR206W,81608.2,YOR206W_translation_Ribosome,0.000344246784125,0.000445410177709,0.000292685533324,0.00045780866776,0.000385163546358,0.000232265686634,0.000352768380205,0.000328248609194,0.000336228208545,0.000433424062775,0.000129119527349,0.000210923075512,0.000176371095335,0.000120389496623,0.000400092083841,9.34162158212735E-05,0.000470598684517,0.000192458851074,9.91824346829045E-05,0.000299316479392,0.000286195793589,0.000149844708721,0.000112551541265,0.000313319471366,0.000370859591791,0.000105543497036
YOR209C,49016,YOR209C_translation_Ribosome,0,0,0,0,0,0,0,0,0,0,0,0,0,0,0,0,0,0,0,0,0,0,0,0,0,0
YOR221C,40705.7,YOR221C_translation_Ribosome,0,0,0,0,0,0,0,0,0,0,0,0,0,0,0,0,0,0,0,0,0,0,0,0,0,0
YOR222W,34026.5,YOR222W_translation_Ribosome,0,0,0,0,0,0,0,2.99068357238698E-05,0,0,0,0,0,0,0,0,4.16506295477274E-06,0,0,0,0,0,0,0,0,0
YOR232W,26067.8,YOR232W_translation_Ribosome,1.14971390008264E-05,1.76973105819211E-06,2.00786953095727E-05,1.10168855970173E-06,6.57884797361019E-06,3.41975306975494E-05,1.03497915723187E-05,1.38687457528068E-05,1.26784313633187E-05,2.51190859995405E-06,7.37501880314388E-05,4.05097693017087E-05,5.2555407575477E-05,7.84227421235076E-05,5.10239577488313E-06,9.49537529210144E-05,5.19248279506227E-07,4.66401707037874E-05,9.11313850515522E-05,1.88126843939653E-05,2.13431085751534E-05,6.36459283191572E-05,8.28430392478645E-05,1.63150051313133E-05,8.1468521249167E-06,8.71091814211225E-05
YOR234C,12184.4,YOR234C_translation_Ribosome,0,0,0,0,0,0,0,0,0,0,0,0,0,0,0,0,0,0,0,0,0,0,0,0,0,0
YOR236W,24262.3,YOR236W_translation_Ribosome,2.26390473213483E-08,6.39928661156471E-09,3.16692147104767E-08,4.50258946063224E-09,1.58962425204402E-08,4.30488229462292E-08,2.12115778316547E-08,2.53900185211279E-08,2.40389963531027E-08,8.23930550601229E-09,6.57849484351798E-08,4.73502805494315E-08,5.4704238823081E-08,6.7998836041201E-08,1.34451474689923E-08,7.53338250968322E-08,2.54706085853526E-09,5.12159573783706E-08,7.36997979003209E-08,3.04760188748034E-08,3.28270077202145E-08,6.07397340359574E-08,7.00372001082524E-08,2.80002584178437E-08,1.82408590713538E-08,7.19432213075628E-08
YOR239W,71433.2,YOR239W_translation_Ribosome,0,0,0,0,0,0,0,0,0,0,0,0,0,0,0,0,0,0,0,0,0,0,0,0,0,0
YOR241W,62160.1,YOR241W_translation_Ribosome,0,0,0,0,0,0,0,0,0,0,0,0,0,0,0,0,0,0,0,0,0,0,0,0,0,0
YOR243C,77004.3,YOR243C_translation_Ribosome,0,0,0,0,0,0,0,0,0,0,0,0,0,0,0,0,0,0,0,0,0,0,0,0,0,0
YOR245C,47732.9,YOR245C_translation_Ribosome,1.67655776966527E-06,0,2.34529603778774E-06,2.7444113874672E-07,1.17721247399823E-06,3.18802454718959E-06,1.57084505879297E-06,1.88028375131321E-06,1.78023242491942E-06,6.8942116276288E-08,4.8717715396984E-06,3.50657338288791E-06,4.0511782731235E-06,5.03572324731024E-06,9.95694126765575E-07,5.57892335273305E-06,1.83542283485259E-07,3.79285002830405E-06,5.45791379993388E-06,2.2569327016175E-06,2.43103758152795E-06,4.49814303490407E-06,5.18667637998906E-06,2.07358773258995E-06,1.35084544713192E-06,5.32782872644126E-06
YOR259C,49397.7,YOR259C_translation_Ribosome,0.000497381139625,0.00052355446166,0.000482823971478,0.000526572496953,0.000508315045954,0.00046446841381,0.000499695904344,0.000492954275963,0.000495191373029,0.000520597643752,0.000428602512616,0.000457580205364,0.000445879171891,0.0004251655605,0.000512227879224,0.000413974318613,0.000529643035575,0.000451422587356,0.000416453703456,0.000484747486908,0.000480921035779,0.000436471373375,0.000421997846953,0.000488760353838,0.000504558676995,0.00041912594929
YOR260W,65671,YOR260W_translation_Ribosome,0.002974219518165,0.003537048266538,0.002663697696174,0.003606162307157,0.003196330592074,0.002293619104483,0.003014017220662,0.00288070463567,0.002918431057427,0.003472160924107,0.001559923655111,0.002146959476126,0.001898918325352,0.001490076053167,0.003286407838182,0.00126216300608,0.003678032158383,0.002016149950313,0.001313661939755,0.002705774940935,0.002629674135356,0.001721727357979,0.001426787940045,0.002786723811996,0.003113568300266,0.001362804563908
YOR261C,38302.9,YOR261C_translation_Ribosome,0.000385668564588,0.000405963317918,0.000374380958974,0.000408303497805,0.000394146698605,0.000360148088015,0.000387463429562,0.000382235981367,0.000383970622964,0.000403670605896,0.000332337723831,0.000354806981865,0.000345734018649,0.000329672716488,0.000397180703457,0.000320995044878,0.000410684388692,0.000350032374407,0.000322917556042,0.000375872449857,0.000372905425584,0.000338439226265,0.000327216476315,0.000378984020653,0.000391234015937,0.000324989611319
YOR267C,85692.1,YOR267C_translation_Ribosome,0,0,0,0,0,0,0,0,0,0,0,0,0,0,0,0,0,0,0,0,0,0,0,0,0,0
YOR270C,95502.3,YOR270C_translation_Ribosome,0,0,0,0,0,0,0,0,0,0,0,0,0,0,0,0,0,0,0,0,0,0,0,0,0,0
YOR272W,51356.3,YOR272W_translation_Ribosome,0.000216635596908,0.00028029804247,0.000184187937671,0.00028810045172,0.000242384645609,0.000146165535847,0.000221998264443,0.000206567894505,0.000211589481774,0.000272755142193,8.1255329518011E-05,0.000132734562739,0.000110990891643,7.57614933969201E-05,0.000251779221761,5.8787121938507E-05,0.000296149249973,0.000121114967533,6.24158218206705E-05,0.000188360813136,0.000180103923801,9.42977521189448E-05,7.08290431436557E-05,0.000197172940554,0.000233383121474,6.64188586051448E-05
YOR273C,73226.5,YOR273C_translation_Ribosome,0,0,0,0,0,0,0,0,0,0,0,0,0,0,0,0,0,0,0,0,0,0,0,0,0,0
YOR274W,50249.3,YOR274W_translation_Ribosome,0,0,0,0,0,0,0,0,0,0,0,0,0,0,0,0,0,0,0,0,0,0,0,0,0,0
YOR278W,30913.9,YOR278W_translation_Ribosome,0,0,0,0,0,0,0,0,0,0,0,0,0,0,0,0,0,0,0,0,0,0,0,0,0,0
YOR287C,36129,YOR287C_translation_Ribosome,0.000152402479943,0.000197188815713,0.000129575650896,0.00020267778676,0.000170516856962,0.000102827007487,0.000156175100155,0.00014531988209,0.000148852553377,0.000191882408435,5.71628758332711E-05,9.33783589780952E-05,7.80817528552426E-05,5.32979789224949E-05,0.000177125912556,4.1356560509934E-05,0.000208340091718,8.52040092840763E-05,4.39093397802997E-05,0.000132511256025,0.000126702559627,6.63381802486814E-05,4.98280152529901E-05,0.000138710560716,0.00016418431226,4.67254639167011E-05
YOR293W,12741.6,YOR293W_translation_Ribosome,0.003381344341241,0.003809318686159,0.003138737641006,0.003858254814011,0.003561153243439,0.002825402576421,0.003419655139198,0.003308148695997,0.003344871498994,0.003761356737986,0.002175621314054,0.002705141585057,0.002496800361608,0.002110247422985,0.003624392307971,0.001891911234516,0.003908026151344,0.002596120140892,0.001940951753827,0.003171074032908,0.003106739615034,0.002322585234273,0.002049534812836,0.003238222544606,0.00349945872573,0.001993459110803
YOR294W,22971.7,YOR294W_translation_Ribosome,9.69012164327432E-05,0.000125377461815,8.23873613909666E-05,0.000128867483576,0.000108418779459,6.53799210576468E-05,9.92999404418009E-05,9.23979278530063E-05,9.46440864794303E-05,0.000122003518554,3.63455516283084E-05,5.93722397225804E-05,4.96462842056181E-05,3.38881558419518E-05,0.000112620978313,2.62955105612126E-05,0.000132467715268,5.41747886758841E-05,2.79186299269592E-05,8.42538907811652E-05,8.05605798387411E-05,4.21794341171534E-05,3.16818682495257E-05,8.8195560009732E-05,0.000104392392979,2.97091903859858E-05
YOR297C,21976.6,YOR297C_translation_Ribosome,0,0,0,0,0,0,0,0,0,0,0,0,0,0,0,0,0,0,0,0,0,0,0,0,0,0
YOR303W,45361,YOR303W_translation_Ribosome,0,7.02530026820386E-07,3.74810936531394E-06,4.65763129841923E-07,1.87524232570981E-06,5.03985729459304E-06,0,3.01310338213831E-06,0,9.33298466557154E-07,0,5.51630428650646E-06,6.31585853135735E-06,0,1.57474265451929E-06,0,2.19505004211809E-07,5.9384515384839E-06,0,3.60958149371119E-06,3.88230173176109E-06,6.96453728601953E-06,0,3.32019416908344E-06,0,0
YOR310C,56965.9,YOR310C_translation_Ribosome,0.000240298497943,0.000310914732127,0.000204306611625,0.000319569391149,0.000268860090842,0.000162131058867,0.000246246924573,0.000229131109943,0.000234701200433,0.000302547927998,9.01307721893919E-05,0.000147233033289,0.000123114321597,8.40368495530171E-05,0.000279280827648,6.52083835797516E-05,0.00032849735201,0.000134344240706,6.92334429126346E-05,0.000208935286324,0.000199776504788,0.000104597806256,7.85656324310196E-05,0.000218709954072,0.000258875338753,7.36737276130644E-05
YOR311C,32844.3,YOR311C_translation_Ribosome,8.7402090369872E-07,1.95509666406168E-07,1.25130904998489E-06,1.16264130240653E-07,5.92300638401286E-07,1.72675881848396E-06,8.14380029484459E-07,9.88958784866438E-07,9.32511915316891E-07,2.72387347313929E-07,2.67669364963085E-06,1.90647744657328E-06,2.21373208169216E-06,2.76919177157583E-06,4.89891824287129E-07,3.07565396759102E-06,3.45604375501899E-08,2.06798876920446E-06,3.00738289320735E-06,1.20145633294698E-06,1.29968262649714E-06,2.46590033391445E-06,2.85435645445467E-06,1.09801693331119E-06,6.90260764376893E-07,2.93399159595699E-06
YOR312C,20457.1,YOR312C_translation_Ribosome,0,0,0,0,0,0,0,0,0,0,0,0,0,0,0,0,0,0,0,0,0,0,0,0,0,0
YOR317W,77868.1,YOR317W_translation_Ribosome,0,0,0,0,0,0,0,0,0,0,0,0,0,0,0,0,0,0,0,0,0,0,0,0,0,0
YOR321W,86317.3,YOR321W_translation_Ribosome,0,0,0,0,0,0,0,0,0,0,0,0,0,0,0,0,0,0,0,0,0,0,0,0,0,0
YOR323C,49728.9,YOR323C_translation_Ribosome,2.59936336798237E-06,6.41859162925231E-07,3.70530296148714E-06,4.16236739621088E-07,1.78308417893485E-06,5.10712086895693E-06,2.42630066112703E-06,2.9360115209921E-06,2.77037794583451E-06,8.6280091355878E-07,7.94892250672254E-06,5.64298810146672E-06,6.56315319342632E-06,8.22969527036968E-06,1.48750914165655E-06,9.16284695022431E-06,1.82467174494212E-07,6.12612417970613E-06,8.95452423311564E-06,3.55868740071674E-06,3.84440352314062E-06,7.31132201792623E-06,8.49026741177167E-06,3.25521056065478E-06,2.06679650522025E-06,8.73045724993302E-06
YOR332W,26467.6,YOR332W_translation_Ribosome,0,0,0,0,0,0,0,0,0,0,0,0,0,0,0,0,0,0,0,0,0,0,0,0,0,0
YOR335C,107252.8,YOR335C_translation_Ribosome,0,0,0,0,0,0,0,0,0,0,0,0,0,0,0,0,0,0,0,0,0,0,0,0,0,0
YOR347C,55192.9,YOR347C_translation_Ribosome,0.002914249638348,0.000660933571896,0,0.000857192011349,0,0,0.002327658705769,0,0,0.000835654079126,0,0,0,0,0,0,0.001164110321019,0,0,0,0,0,0,0,0,0
YOR348C,68789.1,YOR348C_translation_Ribosome,0,0,0,0,0,0,0,0,0,0,0,0,0,0,0,0,0,0,0,0,0,0,0,0,0,0
YOR360C,60989.3,YOR360C_translation_Ribosome,0,0,0,0,0,0,0,0,0,0,0,0,0,0,0,0,0,0,0,0,0,0,0,0,0,0
YOR361C,88116.6,YOR361C_translation_Ribosome,0.00399077388184,0.004745971087439,0.003574119237025,0.004838707520136,0.004288799991618,0.003077551996803,0.004044173985871,0.003865296677368,0.003915917560488,0.004658905990242,0.002093087797475,0.002880765777497,0.00254794698585,0.001999367080545,0.00440966461473,0.001693555949225,0.004935141668124,0.002705247045297,0.001762656632008,0.003630578004909,0.003528466810548,0.002310194163513,0.001914447811024,0.003739194278329,0.004177750490889,0.001828595645507
YOR362C,31521.3,YOR362C_translation_Ribosome,0.000317385224747,0.000334086754086,0.000308096110794,0.000336012600753,0.000324362289297,0.000296383196227,0.000318862305524,0.000314560386798,0.000315987906859,0.000332199971011,0.000273496708975,0.000291987742898,0.000284521164769,0.000271303546161,0.000326859117922,0.00026416227252,0.00033797195046,0.000288058488611,0.000265744399491,0.000309323530429,0.000306881823346,0.000278517929004,0.000269282187898,0.000311884191803,0.000321965302537,0.000267449593511
YOR369C,15461.8,YOR369C_translation_Ribosome,0.00410322643431,0.004622568881589,0.003808825709307,0.004681952367306,0.004321422679993,0.003428596844674,0.004149716191943,0.004014404274798,0.004058967016948,0.00456436755285,0.002640093993976,0.003282661373755,0.003029841450926,0.002560763452369,0.004398162631646,0.00229581474272,0.004742349371104,0.003150364977274,0.002355324906395,0.003848065586898,0.003769996435277,0.002818433193263,0.002487089327016,0.003929549612309,0.004246557019957,0.00241904204177
YOR374W,56721.1,YOR374W_translation_Ribosome,0,0,0,0,0,0,0,0,0,0,0,0,0,0,0,0,0,0,0,0,0,0,0,0,0,0
YOR375C,49564.4,YOR375C_translation_Ribosome,0.009254901983426,0.002464892979496,0.013008432476505,0.001668919734085,0.006440605187247,0.017713595452217,0.008659367338058,0.010399672452319,0.009837966781603,0.003236768788842,0.027039519079007,0.019486032355563,0.022507352267827,0.027941112066334,0.005416238501486,0.030919675146076,0.0008485492708,0.021075639298321,0.030257253847461,0.012513381009167,0.013488622298874,0.024980583745169,0.028770087213288,0.01148515097298,0.007419952169878,0.029544514122633
YOR377W,61032.6,YOR377W_translation_Ribosome,0,0,0,0,0,0,0,0,0,0,0,0,0,0,0,0,0,0,0,0,0,0,0,0,0,0
YOR388C,41709.7,YOR388C_translation_Ribosome,0,4.66165666605618E-06,0,5.37842252736239E-06,1.59897918176161E-06,0,2.25549842001427E-07,0,0,3.99432496800684E-06,0,0,0,0,2.35158154302064E-06,0,6.16253916493178E-06,0,0,0,0,0,0,0,1.00554389276588E-06,0
YPL005W,70350.1,YPL005W_translation_Ribosome,0,0,0,0,0,0,0,0,0,0,0,0,0,0,0,0,0,0,0,0,0,0,0,0,0,0
YPL012W,137506,YPL012W_translation_Ribosome,0.00058003973005,0.000750495316599,0.000493161434087,0.000771386192429,0.000648982560643,0.000391356818388,0.000594398220871,0.000553083553562,0.000566528805245,0.000730299273553,0.00021756036437,0.000355395516888,0.000297177046365,0.000202850670921,0.000674136448061,0.000157401954371,0.000792936772447,0.000324284162324,0.000167117763454,0.000504334268067,0.000482226526174,0.000252481325619,0.000189644082742,0.000527928654592,0.000624881066226,0.000177835855997
YPL013C,13652.3,YPL013C_translation_Ribosome,2.6372798859801E-06,3.38367582079704E-07,4.78816944591453E-06,2.01673512417731E-07,1.43734672253469E-06,8.37775420897848E-06,2.35416563746878E-06,3.22691387180722E-06,2.93047643090774E-06,4.97464916669934E-07,1.84504446615574E-05,9.98867995511335E-06,1.30624235025551E-05,1.96349302120357E-05,1.08764224782802E-06,2.38103931469845E-05,8.99806625012409E-08,1.15530597894422E-05,2.28470265629693E-05,4.46833680460767E-06,5.10781557795457E-06,1.58835384727539E-05,2.07517547307556E-05,3.83962851651294E-06,1.81558365688996E-06,2.18314810460779E-05
YPL015C,39967.6,YPL015C_translation_Ribosome,0,0,0,0,0,0,0,0,0,0,0,0,0,0,0,0,0,0,0,0,0,0,0,0,0,0
YPL023C,73917.1,YPL023C_translation_Ribosome,0,0,0,0,0,0,0,0,0,0,0,0,0,0,1.95898876493091E-06,0,0,0,5.38151177580838E-06,0,0,9.93262641111519E-06,1.15794745530019E-05,0,0,0
YPL028W,41729.2,YPL028W_translation_Ribosome,0.000151781675663,4.29035034540541E-05,0.000212323708124,3.01872496423767E-05,0.00010657508208,0.000288617378167,0.000142211321043,0.000170225341267,0.00016116752158,5.52397624443596E-05,0.000441049906612,0.000317456155415,0.000366760178401,0.000455892738371,9.01419120427758E-05,0.000505069583758,1.70765650884226E-05,0.000343373275439,0.000494114379572,0.000204324022415,0.000220086038429,0.000407224671622,0.000469558786651,0.000187725485146,0.000122294375557,0.000482337552796
YPL030W,64862.8,YPL030W_translation_Ribosome,0,0,0,0,0,0,0,0,0,0,0,0,0,0,0,0,0,0,0,0,0,0,0,0,0,0
YPL036W,102138.6,YPL036W_translation_Ribosome,0,0,0,0,0,0,0,0,0,0,0,0,0,0,0,0,0,0,0,0,0,0,0,0,0,0
YPL040C,115800.7,YPL040C_translation_Ribosome,0,0,0,0,0,0,0,0,0,0,0,0,0,0,0,0,0,0,0,0,0,0,0,0,0,0
YPL043W,77842.3,YPL043W_translation_Ribosome,0.000328361138267,0.00042485623597,0.000279179238002,0.000436682584083,0.000367389751577,0.000221547531482,0.000336489495939,0.000313101216685,0.000320712588662,0.000413423233471,0.000123161164978,0.000201189798585,0.000168232257474,0.000114833991106,0.000381629395305,8.91054219652476E-05,0.000448882391473,0.000183577626059,9.46055523258331E-05,0.000285504191782,0.000272988974433,0.000142929960098,0.000107357726805,0.000298861000315,0.0003537458687,0.000100673076472
YPL053C,52115.4,YPL053C_translation_Ribosome,0,0,0,0,0,0,0,0,0,0,0,0,0,0,0,0,0,0,0,0,0,0,0,0,0,0
YPL057C,44819.4,YPL057C_translation_Ribosome,3.17692664819466E-07,8.9800881976797E-08,4.44412570515885E-07,6.31846218629268E-08,2.23071208573912E-07,6.04102066884782E-07,2.97661053961812E-07,3.56296911672002E-07,3.37338082411313E-07,1.15621778836886E-07,9.23157024972317E-07,6.64464215042876E-07,7.67661958647738E-07,9.54224403523375E-07,1.88675109322598E-07,1.05715595300195E-06,3.57427828176487E-08,7.1871107250487E-07,1.03422572775534E-06,4.27668510604447E-07,4.60659824269628E-07,8.52357773381768E-07,9.82828668673842E-07,3.92926282901053E-07,2.55973100136159E-07,1.00957577271122E-06
YPL059W,16925.6,YPL059W_translation_Ribosome,0,0,0,0,0,0,0,0,0,0,0,0,0,0,0,0,0,0,0,0,0,0,0,0,0,0
YPL061W,54405.6,YPL061W_translation_Ribosome,0.003586645425051,0.001013822345224,0.005017271373834,0.000713333545384,0.002518400385942,0.006820113129421,0.003360495143993,0.00402247464207,0.003808435711487,0.001305331756203,0.010422138396245,0.007501581877402,0.008666650372724,0.010772878855461,0.002130079767682,0.011934942106876,0.000403524231648,0.008114011009973,0.011676067425199,0.004828236458872,0.0052006975111,0.009622838192198,0.011095811576609,0.004436008164526,0.002889851892114,0.011397777561199
YPL063W,55098.2,YPL063W_translation_Ribosome,2.43009254365667E-05,3.74059167979195E-06,4.24393301278167E-05,2.32858379303807E-06,1.39053806389327E-05,7.22816035829535E-05,2.18758347850577E-05,2.93136715502382E-05,2.67977637906693E-05,5.30929508520045E-06,0.000155882069457,8.56234653840909E-05,0.000111083726194,0.000165758212433,1.07846777589081E-05,0.000200698979937,1.09750901702062E-06,9.85809870212069E-05,0.000192619832891,3.97634264216994E-05,4.511185696129E-05,0.000134525203036,0.000175101172523,3.44842071723018E-05,1.72195922843157E-05,0.000184118303032
YPL069C,38641.7,YPL069C_translation_Ribosome,0,0,0,0,0,0,0,0,0,0,0,0,0,0,0,0,0,0,0,0,0,0,0,0,0,0
YPL078C,26930.4,YPL078C_translation_Ribosome,0.000200212267046,5.45257694410906E-05,0.000280517886813,3.73836052332944E-05,0.000139886979745,0.00038077236254,0.000187462260011,0.000224742784265,0.000212734689432,7.11420629050518E-05,0.000577863339785,0.000418431175701,0.000482419974576,0.00059678752091,0.000117924771905,0.000658963543456,1.97349860278742E-05,0.000452062924924,0.000645182021526,0.000269930718955,0.000290701396061,0.000534476103849,0.000613934888848,0.000247972497117,0.000160945294702,0.000630278564651
YPL079W,18294.7,YPL079W_translation_Ribosome,0.004855016663504,0.005469512664632,0,0.00553977635037,0.005113190670146,0,0.004910024241468,0,0.00480264806717,0.005400647729832,0,0,0,0,0.005203990861166,0,0.005611239250251,0,0,0,0,0,0,0,0.005024608177121,0
YPL081W,22456.2,YPL081W_translation_Ribosome,0,0,0,0,0,0,0,0,0,0,0,0,0,0,0,0,0,0,0,0,0,0,0,0,0,0
YPL083C,54658.4,YPL083C_translation_Ribosome,0,0,0,0,0,0,0,0,0,0,0,0,0,0,0,0,0,0,0,0,0,0,0,0,0,0
YPL087W,37230,YPL087W_translation_Ribosome,1.2581030749527E-07,3.55622833824868E-08,1.75992990531082E-07,2.50219082334319E-08,8.83390158220159E-08,2.39232047855092E-07,1.17877536610996E-07,1.41098076792369E-07,1.33590140968944E-07,4.57876846381863E-08,3.65581840689288E-07,2.63136220855625E-07,3.04003830635422E-07,3.7788491495385E-07,7.47177261208368E-08,4.18647108497798E-07,1.41545934010796E-08,2.84618661508839E-07,4.09566449708112E-07,1.69362131340882E-07,1.82427108208535E-07,3.37544442916495E-07,3.89212565204451E-07,1.55603770401329E-07,1.01368580407571E-07,3.9980475619968E-07
YPL090C,27023.9,YPL090C_translation_Ribosome,0,0,0,0,0,0,0,0,0,0,0,0,0,0,0,0,0,0,0,0,0,0,0,0,0,0
YPL091W,53442.5,YPL091W_translation_Ribosome,0,0,0,0,0,0,0,0,0,0,0,0,0,0,0,0,0,0,0,0,0,0,0,0,0,0
YPL092W,52552.6,YPL092W_translation_Ribosome,0,0,0,0,0,0,0,0,0,0,0,0,0,0,0,0,0,0,0,0,0,0,0,0,0,0
YPL093W,74421.2,YPL093W_translation_Ribosome,0.00031392995766,0.000406184181459,0.000266909558263,0.000417490772068,0.000351243298053,0.000211810714097,0.000321701081226,0.000299340696088,0.000306617555022,0.000395253649273,0.000117748341082,0.000192347685493,0.000160838599064,0.000109787139112,0.000364857122078,8.51893177508897E-05,0.000429154408751,0.000175509552319,9.04477222634903E-05,0.000272956535938,0.000260991351284,0.000136648315202,0.000102639449992,0.000285726324591,0.00033819905172,9.62485841079907E-05
YPL097W,55301.1,YPL097W_translation_Ribosome,0,0,0,0,0,0,0,0,0,0,0,0,0,0,0,0,0,0,0,0,0,0,0,0,0,0
YPL104W,75471.5,YPL104W_translation_Ribosome,0,0,0,0,0,0,0,0,0,0,0,0,0,0,0,0,0,0,0,0,0,0,0,0,0,0
YPL106C,77339.9,YPL106C_translation_Ribosome,0.000415375197179,0.000198998643777,0.000513571775151,0.000174387475314,0.000316343304901,0.00067068519716,0.000398130295944,0.000445004553598,0.000429671719206,0.000222596544327,0.000860653252917,0.000710267329028,0.000771412786565,0.000874272030237,0.000301462945666,0.000913945102415,0.000148588246303,0.000743815915826,0.000905948705242,0.000501065316451,0.000573309848347,0.000826308350283,0.000886057339871,0.000474263432833,0.000361198100085,0.000896725644648
YPL110C,138002.7,YPL110C_translation_Ribosome,0,0,0,0,0,0,0,0,0,0,0,0,0,0,0,0,0,0,0,0,0,0,0,0,0,0
YPL111W,35651.2,YPL111W_translation_Ribosome,0,0,0,0,0,0,0,0,0,0,0,0,0,0,0,0,0,0,0,0,0,0,0,0,0,0
YPL117C,33331.8,YPL117C_translation_Ribosome,1.41917163544889E-09,4.01151422908002E-10,1.98524481159009E-09,2.82253363310688E-10,9.96486123068967E-10,2.69859714490456E-09,1.32968800208365E-09,1.5916214846518E-09,1.50693009669237E-09,5.16496498459287E-10,4.12385430948063E-09,2.96824217611549E-09,3.42923900350392E-09,4.26263605457514E-09,8.42834579193103E-10,4.72244376054092E-09,1.59667342573508E-10,3.21056946266474E-09,4.62001166541233E-09,1.91044706672534E-09,2.05782326313966E-09,3.80758547234692E-09,4.39041477360055E-09,1.75524932510615E-09,1.14346286011227E-09,4.50989732886139E-09
YPL118W,39467.1,YPL118W_translation_Ribosome,7.6240478884851E-06,9.78178563223625E-07,1.38420018853126E-05,5.83013022123879E-07,4.15519046848873E-06,2.42190446401833E-05,6.80559983523246E-06,9.32860634984602E-06,8.47164260573523E-06,1.4381091546995E-06,5.33379389921223E-05,2.88760304605417E-05,3.77618404677375E-05,5.67621392857931E-05,3.14423835978211E-06,6.88328829114033E-05,2.60122895409764E-07,3.33984578434325E-05,6.60479100271286E-05,1.29174055288216E-05,1.4766059066728E-05,4.591733270277E-05,5.99907399584104E-05,1.10998881231783E-05,5.24862636660796E-06,6.31120943426134E-05
YPL126W,101223,YPL126W_translation_Ribosome,0.000426987633957,0.000552465982809,0.000363033466486,0.000567844490831,0.000477738874929,0.00028809151039,0.000437557423758,0.000407144244922,0.000417041767292,0.000537598965622,0.000160153831561,0.000261619132299,0.000218762469741,0.000149325509161,0.000496255535628,0.000115869111365,0.000583708630296,0.000238716970626,0.000123021259946,0.000371258182309,0.000354983896404,0.000185860378624,0.000139603675384,0.000388626839584,0.00045999691771,0.000130911224613
YPL131W,33713.1,YPL131W_translation_Ribosome,0.008946725678934,0.010079106375837,0.008304810696067,0.010208586862735,0.009422483472356,0.007475754975759,0.009048092521607,0.008753056743502,0.008850221897779,0.009952203478637,0.005756493605422,0.007157555469579,0.006606303782173,0.005583520311093,0.0095898082123,0.005005822866858,0.010340277236994,0.006869094770036,0.005135579563945,0.008390369810607,0.00822014686661,0.006145346601806,0.005422880336741,0.008568038587663,0.009259245461041,0.005274509194169
YPL134C,34225.7,YPL134C_translation_Ribosome,4.91370666840961E-05,1.37254990526792E-05,6.80896175667537E-05,9.48970994338714E-06,3.46553397369373E-05,9.114842589249E-05,4.60892682174253E-05,2.4901240705223E-05,5.21283597355112E-05,1.78450774102985E-05,0.000134654927554,9.96326541360729E-05,0.000113827612296,0.00013869047987,2.93086186827469E-05,0.000151806547295,9.0558428392735E-07,0.00010714448951,0.000148918741484,6.56220586575314E-05,7.04722865226384E-05,0.000125325849918,0.000142376231075,6.04635528833827E-05,3.97279002581327E-05,0.000145792241913
YPL143W,12170.4,YPL143W_translation_Ribosome,0.003229760247586,0.003638548701736,0.00299802949285,0.003685291045743,0.003401508400354,0.002698741093432,0.003266353590295,0.003159845929064,0.003194922465888,0.003592736865385,0.002078089222748,0.00258387134636,0.002384869963028,0.0020156460128,0.003461912487044,0.00180709773408,0.00373283115718,0.002479737282814,0.001853939789727,0.003028916259348,0.002967465923495,0.002218464818798,0.001957655120718,0.003093054534507,0.00334257961917,0.001904093266318
YPL146C,52574.4,YPL146C_translation_Ribosome,0.000221773891929,0.000286946322146,0.00018855661935,0.000294933793691,0.000248133672249,0.000149632379043,0.000227263754479,0.000211467397629,0.000216608089963,0.000279224514767,8.31825929089853E-05,0.000135882841935,0.000113623441205,7.75584506369625E-05,0.00025775107468,6.01814706987038E-05,0.000303173498243,0.000123987646093,6.38962382945941E-05,0.000192828469616,0.000184375738351,9.65343636321591E-05,7.250900952467E-05,0.000201849608439,0.000238918644482,6.79942215434197E-05
YPL147W,100057.5,YPL147W_translation_Ribosome,0,0,0,0,0,0,0,0,0,0,0,0,0,0,0,0,0,0,0,0,0,0,0,0,0,0
YPL148C,19977.4,YPL148C_translation_Ribosome,0,0,0,0,0,0,0,0,0,0,0,0,0,0,0,0,0,0,0,0,0,0,0,0,0,0
YPL160W,124120.4,YPL160W_translation_Ribosome,0,0,0,0,0,0,0,0,0,0,0,0,0,0,0,0,0,0,0,0,0,0,0,0,0,0
YPL169C,67361.6,YPL169C_translation_Ribosome,0.00028415054092,0.000367653522891,0.000241590499749,0.00037788756956,0.000317924335353,0.000191718335618,0.000291184495186,0.000270945217675,0.000277531793284,0.000357759861718,0.000106578725587,0.000174101571207,0.00014558143882,9.93727237672102E-05,0.000330246751121,7.71082533822128E-05,0.000388444792888,0.00015886070447,8.18678452917224E-05,0.000247063860718,0.000236233694279,0.0001236858469,9.29030649136654E-05,0.000258622306366,0.000306117467097,8.71184369944159E-05
YPL172C,52176.4,YPL172C_translation_Ribosome,0,0,0,0,0,0,0,0,0,0,0,0,0,0,0,0,0,0,0,0,0,0,0,0,0,0
YPL173W,33762.4,YPL173W_translation_Ribosome,6.52204378913549E-06,8.36789526541887E-07,1.18412349641265E-05,4.98742467983593E-07,3.55458603934173E-06,2.07183469968588E-05,5.82189681727445E-06,7.98021995601505E-06,7.24712447359636E-06,1.2302402893708E-06,4.56283038639178E-05,2.47021972939738E-05,3.23036240972339E-05,4.8557559370277E-05,2.68976015968509E-06,5.88835593699047E-05,2.22523905835053E-07,2.85709386575934E-05,5.65011353127016E-05,1.10502827019539E-05,1.26317259853016E-05,3.92802955789506E-05,5.13194878461259E-05,9.49547503540916E-06,4.48997323948211E-06,5.39896717527523E-05
YPL183WA,10716.3,YPL183WA_translation_Ribosome,2.07011876695711E-06,2.65599827123689E-07,3.75844804415768E-06,1.58302546905806E-07,1.12823763634688E-06,6.57607344034896E-06,1.84788974903911E-06,2.53294881627621E-06,2.30026182962114E-06,3.90482430543572E-07,1.44825780364223E-05,7.84056100459126E-06,1.02532795924812E-05,1.54123336457035E-05,8.5373897587948E-07,1.86898409851109E-05,7.06298406541057E-08,9.06851260385425E-06,1.79336515280757E-05,3.50739711984187E-06,4.00935256902021E-06,1.24676987273626E-05,1.62889790893254E-05,3.01389590556226E-06,1.42513269869032E-06,1.71365044962449E-05
YPL188W,46254.4,YPL188W_translation_Ribosome,0,0,0,0,0,0,0,0,0,0,0,0,0,0,0,0,0,0,0,0,0,0,0,0,0,0
YPL189W,71314.3,YPL189W_translation_Ribosome,0,0,0,0,0,0,0,0,0,0,0,0,0,0,0,0,0,0,0,0,0,0,0,0,0,0
YPL198W,27720.8,YPL198W_translation_Ribosome,0.007356499200625,0.008287606064802,0.006828680730741,0.008394072176824,0.007747693918402,0.006146984659732,0.007439848698962,0.007197253749293,0.00727714838398,0.008183259391471,0.004733311618842,0.005885343194814,0.005432073166955,0.004591083283345,0.007885277695956,0.00411606807228,0.00850235538207,0.005648154643187,0.004222761299797,0.006899032229189,0.006759065385856,0.005053048342613,0.004458996094656,0.007045121453704,0.007613470478135,0.004336997026964
YPL206C,37076.1,YPL206C_translation_Ribosome,0,0,0,0,0,0,0,0,0,0,0,0,0,0,0,0,0,0,0,0,0,0,0,0,0,0
YPL207W,89816.3,YPL207W_translation_Ribosome,0,0,0,0,0,0,0,0,0,0,0,0,0,0,0,0,0,0,0,0,0,0,0,0,0,0
YPL211W,20385.9,YPL211W_translation_Ribosome,8.59935707011783E-05,0.000111264399187,7.31134618064882E-05,0.000114361568079,9.62146639637908E-05,5.80204570270847E-05,8.81222833248087E-05,8.19971929556194E-05,8.39905136564128E-05,0.000108270242467,3.22543294984495E-05,5.2689027880416E-05,4.40578705619223E-05,3.00735494620966E-05,9.99438440251246E-05,2.33355671870094E-05,0.000117556541165,4.80766257816228E-05,2.47759807862717E-05,7.47698860805145E-05,7.14923111713366E-05,3.7431523394824E-05,2.81156117286925E-05,7.82678629270971E-05,9.26415060286615E-05,2.63649875407422E-05
YPL212C,62146.2,YPL212C_translation_Ribosome,0,0,0,0,0,0,0,0,0,0,0,0,0,0,0,0,0,0,0,0,0,0,0,0,0,0
YPL214C,58052.3,YPL214C_translation_Ribosome,0,0,0,0,0,0,0,0,0,0,0,0,0,0,0,0,0,0,0,0,0,0,0,0,0,0
YPL217C,135565,YPL217C_translation_Ribosome,0.000571852035579,0.000739901514078,0.00048620009172,0.000760497499576,0.00063982168657,0.000385832524288,0.000586007845566,0.000545276365676,0.000558531827578,0.000719990553279,0.000214489337162,0.000350378843446,0.000292982170163,0.000199987282035,0.00066462050806,0.0001551801081,0.000781743877044,0.000319706648913,0.000164758771273,0.000497215212794,0.000475419538207,0.000248917362933,0.000186967114721,0.000520476546913,0.000616060402767,0.000175325569926
YPL220W,24502.1,YPL220W_translation_Ribosome,0.006502326017418,0.007325320790179,0.006035793271936,0.007419424976327,0.006848098581501,0.005433249864045,0.006575997691511,0.00636157077323,0.006432188732617,0.007233089951796,0.004183720333325,0.00520198794745,0.004801347722434,0.004058006324379,0.006969707318479,0.00363814577912,0.00751513527052,0.004992339682939,0.003732450710072,0.006097976161684,0.005974261059955,0.004466331988815,0.003941255959816,0.006227102766544,0.006729460008453,0.003833422370724
YPL231W,206899.6,YPL231W_translation_Ribosome,0.009567623407051,0.00270444084966,0.013383916542334,0.001902866304593,0.006718006277557,0.018193120948068,0.008964351974796,0.010730227825405,0.010159264253716,0.003482062257224,0.027801771141073,0.020010985713518,0.023118886073225,0.028737395444485,0.005682134314648,0.031837279109331,0.001076428647522,0.021644682555424,0.031146713087219,0.012879652902414,0.013873218381906,0.025669582860603,0.029598840693624,0.011833356944725,0.007708878723498,0.030404355730631
YPL234C,17038.6,YPL234C_translation_Ribosome,0,0,0,0,0,0,0,0,0,0,0,0,0,0,0,0,0,0,0,0,0,0,0,0,0,0
YPL237W,31590.7,YPL237W_translation_Ribosome,0.001430733147546,0.001701479049713,0.001281358206979,0.001734726006863,0.001537578548142,0.00110333378575,0.001449877629589,0.001385748289718,0.001403896392713,0.001670265324195,0.000750393327519,0.001032783918662,0.000913464986687,0.000716793494431,0.001580909748499,0.000607157084195,0.001769298632666,0.000969858662657,0.000631930383886,0.001301599251216,0.001264991346375,0.000828228174502,0.000686349070025,0.001340539293259,0.001497766169286,0.000655570192887
YPL240C,81368.7,YPL240C_translation_Ribosome,0.000172686469059,8.06315799389101E-05,0.000227699479968,6.99255540846869E-05,0.000135016491042,0.000259861772912,0.000164621004532,0.000190710743158,0.000182623757339,9.09625347738111E-05,0.000411679163228,0.00028515691803,0.000329217055126,0.000427022793273,0.000120907524467,0.000479335765236,5.89148656128749E-05,0.000307930500946,0.000467541188057,0.000220577108285,0.000234719858294,0.000377444034301,0.000441361916263,0.000205781073862,0.000148602336808,0.000454745292289
YPL244C,38096,YPL244C_translation_Ribosome,0,0,0,0,0,0,0,0,0,0,0,0,0,0,0,0,0,0,0,0,0,0,0,0,0,0
YPL249CA,11155.6,YPL249CA_translation_Ribosome,0,0,0.002748045899103,0,0,0.002473712954536,0,0,0,0,0.001904812671177,0.002368421349459,0.002186013225494,0.001847576140504,0,0.001656417166428,0,0.002272970258345,0.001699353408127,0.002776357245676,0.002720030800643,0.002033483380381,0.00179442068171,0,0,0.001745324955773
YPL252C,18926.7,YPL252C_translation_Ribosome,0,0,0,0,0,0,0,0,0,0,0,0,0,0,0,0,0,0,0,0,0,0,0,0,0,0
YPL258C,61321.8,YPL258C_translation_Ribosome,0,0,0,0,0,0,0,0,0,0,0,0,0,0,0,0,0,0,0,0,0,0,0,0,0,0
YPL262W,53156.5,YPL262W_translation_Ribosome,6.47248370154626E-06,1.67714502049854E-06,9.06020612097908E-06,1.10808243538572E-06,4.50254302224805E-06,1.22386813209435E-05,6.05681375056989E-06,7.2646081281414E-06,6.87555478863336E-06,2.23026426182125E-06,1.83484408908995E-05,1.34193074925748E-05,1.54112618969558E-05,1.89227232023864E-05,3.77737937848929E-06,2.08020763691763E-05,5.18262939871394E-07,1.44694444736474E-05,2.03869274248631E-05,8.72114510612749E-06,9.38882418506719E-06,1.70256587119703E-05,1.94486215031507E-05,8.01372034209568E-06,5.18825394066531E-06,1.99383128785376E-05
YPL265W,68111,YPL265W_translation_Ribosome,0,0,0,0,0,0,0,0,0,0,0,0,0,0,0,0,0,0,0,0,0,0,0,0,0,0
YPL268W,100571.8,YPL268W_translation_Ribosome,0,0,0,0,0,0,0,0,0,0,0,0,0,0,0,0,0,0,0,0,0,0,0,0,0,0
YPL271W,6746.7,YPL271W_translation_Ribosome,5.01578922733694E-05,1.36599905195692E-05,7.02763429790034E-05,9.36547431257863E-06,3.50449858245292E-05,9.53924523343899E-05,4.69637149694417E-05,5.6303365067006E-05,5.32950542581624E-05,1.78227637094701E-05,0.000144768387938,0.00010482687272,0.000120857575174,0.000149509341388,2.95429350701939E-05,0.000165085900642,4.94407919058978E-06,0.000113252418664,0.000161633304542,6.76240078712095E-05,7.28275520898828E-05,0.000133898862618,0.000153805161252,6.21229557043362E-05,4.03205901050946E-05,0.000157899637292
YPL273W,36658.8,YPL273W_translation_Ribosome,0,0,0,0,0,0,0,0,0,0,0,0,0,0,0,0,0,0,0,0,0,0,0,0,0,0
YPL274W,64357.2,YPL274W_translation_Ribosome,0,0,0,0,0,0,0,0,0,0,0,0,0,0,0,0,0,0,0,0,0,0,0,0,0,0
YPR001W,53817.9,YPR001W_translation_Ribosome,0.000413120940542,0.000111865301126,0.000576266737311,7.60441585371014E-05,0.0002892382131,0.000776792398934,0.000386975260038,0.000463185049857,0.000438696141257,0.000146600731278,0.001163284130991,0.000851376366318,0.000977151619606,0.001199791171834,0.000243829774724,0.001319328585104,3.91968518035712E-05,0.000917751070918,0.001292888195619,0.000554925563812,0.000596887566204,0.001079372451613,0.001233251675366,0.000510354408025,0.00033252848746,0.001264326146824
YPR002W,57696.3,YPR002W_translation_Ribosome,0,0,0,0,0,0,0,0,0,0,0,0,0,0,0,0,0,0,0,0,0,0,0,0,0,0
YPR006C,64976.6,YPR006C_translation_Ribosome,0,0,0,0,0,0,0,0,0,0,0,0,0,0,0,0,0,0,0,0,0,0,0,0,0,0
YPR016C,26442.9,YPR016C_translation_Ribosome,0.000111543733203,0.000144322957597,9.48367233824745E-05,0.000148340348405,0.00012480168831,7.52593284143206E-05,0.000114304922801,0.000106359963191,0.000108945533607,0.00014043918564,4.18376431501454E-05,6.834384036707E-05,5.71482184000635E-05,3.90089160189776E-05,0.00012963887163,3.02689638215321E-05,0.000152484602709,6.23610146170085E-05,3.21373489683215E-05,9.69852996746986E-05,9.27339011312984E-05,4.85530700129497E-05,3.64692414551549E-05,0.000101522585346,0.000120166883962,3.41984768413999E-05
YPR020W,12932.3,YPR020W_translation_Ribosome,0,0,0,0,0,0,0,0,0,0,0,0,0,0,0,0,0,0,0,0,0,0,0,0,0,0
YPR021C,104308.2,YPR021C_translation_Ribosome,6.17128994325939E-05,1.65131034090258E-05,8.60647749396123E-05,1.11733212188807E-05,4.32094259047866E-05,0.000115904407409,5.78062291589224E-05,6.9209151292989E-05,6.55426746368511E-05,2.17755299472614E-05,0.000172697869276,0.000126911845102,0.000145403286762,0.000177987268426,3.63462071707759E-05,0.000195214089003,5.56599021727854E-06,0.00013667482017,0.000191417569801,8.28842307789489E-05,8.91455137315626E-05,0.000160480337713,0.000182824690192,7.62484546157792E-05,4.96525956001977E-05,0.000187314152652
YPR026W,136884.5,YPR026W_translation_Ribosome,0,0,0,0,0,0,0,0,0,0,0,0,0,0,0,0,0,0,0,0,0,0,0,0,0,0
YPR033C,59954.2,YPR033C_translation_Ribosome,0,0,0,0,0,0,0,0,0,0,0,0,0,0,0,0,0,0,0,0,0,0,0,0,0,0
YPR035W,41759.5,YPR035W_translation_Ribosome,0.004033186538528,0.001063724593486,0.005664248674883,0.000715036330776,0.002806102817672,0.00769860274402,0.003773915636119,0.004530509595708,0.004286089260069,0.00140413713047,0.011698856953913,0.008462185716315,0.009760934252462,0.012083335982198,0.002356960309651,0.013351149353195,0.000355081397589,0.009145645320825,0.013069600987048,0.00544945790278,0.00587263451048,0.010819397312522,0.012436387565216,0.005002181794856,0.003232509647385,0.01276624327152
YPR036W,54409.3,YPR036W_translation_Ribosome,0,0,0,0,0,0,0,0,0,0,0,0,0,0,0,0,0,0,0,0,0,0,0,0,0,0
YPR041W,45240.4,YPR041W_translation_Ribosome,0.00204892388862,0.00243665359744,0.001835007069391,0.002484265889673,0.002201935017248,0.001580061910652,0.002076340312613,0.001984501987172,0.002010491516962,0.00239195305494,0.001074623047109,0.001479028878557,0.001308154658925,0.00102650540841,0.00226398874941,0.000869497331551,0.002533776645066,0.001388914897171,0.000904974671001,0.001863993857835,0.00181156842066,0.001186088750984,0.000982906566412,0.001919759101342,0.002144920517905,0.000938828761448
YPR043W,10108.2,YPR043W_translation_Ribosome,0.002682497085934,0.0030220188315,0.002490031693258,0.003060840970599,0.002825143562451,0.002241455886465,0.002712889910062,0.002624429321975,0.002653562353718,0.002983969531214,0.001725969687223,0.002146050116946,0.001980768303448,0.001674107098089,0.002875312545318,0,0.003100325700306,0.002059560934903,0,0.002515684885685,0.002464646934191,0.001842559495282,0.001625942408733,0.002568955321576,0.002776199903577,0.001581456283655
YPR047W,54831.5,YPR047W_translation_Ribosome,0,0,0,0,0,0,0,0,0,0,0,0,0,0,0,0,0,0,0,0,0,0,0,0,0,0
YPR060C,29744.4,YPR060C_translation_Ribosome,2.8909493697575E-06,6.41679084588358E-07,4.18149267006397E-06,3.8398100894357E-07,1.94679497361132E-06,5.84612905427302E-06,2.69034525625325E-06,3.28169935274557E-06,3.09035908615124E-06,8.9049331565956E-07,9.28830418447143E-06,6.48601838488367E-06,7.59468935193494E-06,9.63228939949175E-06,1.60692947374936E-06,1.07830678923437E-05,1.20203194930344E-07,7.06604890395821E-06,1.05252645883433E-05,4.00953684435104E-06,4.34887809396009E-06,8.51025178673305E-06,9.95046852138157E-06,3.65398045178913E-06,2.27384680186115E-06,1.02490558021922E-05
YPR062W,17504.2,YPR062W_translation_Ribosome,0,0,0,0,0,0,0,0,0,0,0,0,0,0,0,0,0,0,0,0,0,0,0,0,0,0
YPR069C,33312.2,YPR069C_translation_Ribosome,0,0,0,0,0,0,0,0,0,0,0,0,0,0,0,0,0,0,0,0,0,0,0,0,0,0
YPR074C,73802.2,YPR074C_translation_Ribosome,0.000491686543929,0.000128588716566,0.000691789849947,8.59945278276133E-05,0.000224039617851,0.000943037875371,0.00045989247691,0.000552697606245,0.000522823249514,0.000110924735101,0.001442974073746,0.001037867996997,0.001199647361924,0.001491446151559,0.000187876430304,0.001596983979372,2.67284050408159E-05,0.001123001192865,0.001616036481759,0.00066537648677,0.00071737999158,0.001126966592587,0.001536025423656,0.000610573360634,0.000393628886235,0.001577674929511
YPR080W,50045.3,YPR080W_translation_Ribosome,0.011374967898111,0.013055924499847,0.010422079174294,0.013248134042969,0.01208120266008,0.009191389075194,0.011525442301963,0.011087475119625,0.011231711542245,0.012867546847661,0.006639236530845,0.008719039765665,0.007900734433822,0.006382466780974,0.01232958845848,0.00552490708014,0.013443620652325,0.008290835856088,0.005717523603229,0.010549087918179,0.010296399962817,0.007216470106583,0.006144007446914,0.010812827729536,0.011838885384335,0.005923756755767
YPR081C,71019.2,YPR081C_translation_Ribosome,0,0,0,0,0,0,0,0,0,0,0,0,0,0,0,0,0,0,0,0,0,0,0,0,0,0
YPR100W,16138.1,YPR100W_translation_Ribosome,3.11747372442265E-06,3.99977284147028E-07,5.65999555643469E-06,2.38394066256132E-07,1.69905767840855E-06,9.90316907773163E-06,2.78281025717534E-06,3.81446780063522E-06,3.46405526465374E-06,5.88042935747901E-07,2.18098870514623E-05,1.18074109112468E-05,1.54408192558459E-05,2.32100427953424E-05,1.28567928918009E-06,2.81457707232738E-05,1.06364270453424E-07,1.36566317901011E-05,2.70069951126078E-05,5.2819280404356E-06,6.03784260370697E-06,1.87756006114098E-05,2.45302178402473E-05,4.53874504386348E-06,2.14616369500054E-06,2.58065398701837E-05
YPR102C,19732,YPR102C_translation_Ribosome,0,0,0,0,0,0,0,0,0,0,0,0,0,0,0,0,0,0,0,0,0,0,0,0,0,0
YPR103W,31631.9,YPR103W_translation_Ribosome,0.000318498846515,0.000335258977154,0.00030917713949,0.000337191581113,0.000325500391761,0.000297423127368,0.000319981109983,0.000315664096949,0.000317096625805,0.00033336557385,0.000274456337417,0.000293012251543,0.000285519475144,0.000272255479368,0.000328005981105,0.000265089148866,0.000339157805667,0.00028906921053,0.000266676827106,0.00031040886582,0.000307958591426,0.000279495175595,0.000270227028688,0.000312978511885,0.000323094994601,0.000268388004206
YPR108W,48946.9,YPR108W_translation_Ribosome,0.000492842073682,0.000518776539786,0.000478417753246,0.000521767032698,0.000503676197936,0.000460229707131,0.000495135714017,0.000488455609272,0.000490672290745,0.000515846705595,0.000424691115675,0.000453404359999,0.00044181010935,0.000421285528946,0.00050755332296,0.00041019641756,0.000524809549796,0.000447302935988,0.000412653175709,0.000480323714808,0.000476532183607,0.000432488165754,0.000418146723734,0.00048429996059,0.000499954109341,0.000415301034812
YPR112C,101112.9,YPR112C_translation_Ribosome,0.000426523200592,0.000551865066963,0.000362638595907,0.000567226847821,0.000477219239568,0.000287778153986,0.000437081493659,0.00040670139516,0.000416588152021,0.000537014220593,0.000159979632645,0.000261334569834,0.000218524522358,0.000149163088184,0.000495715759742,0.000115743080827,0.000583073731901,0.000238457318784,0.000122887450034,0.000370854365727,0.000354597781321,0.000185658218762,0.000139451828821,0.000388204131157,0.000459496580231,0.000130768832806
YPR113W,24829,YPR113W_translation_Ribosome,8.72970662894883E-06,2.46759035221597E-06,1.2211775065771E-05,1.73621639214699E-06,6.12965429756432E-06,1.65997972312096E-05,8.17926872005988E-06,9.79049205767652E-06,9.26953253987274E-06,3.17710895130927E-06,2.53669375874357E-05,1.82584563797069E-05,2.10941719192894E-05,2.62206214477015E-05,5.18450230353007E-06,2.90490223814206E-05,9.82156790675726E-07,1.9749076729581E-05,2.84189349997923E-05,1.17516740090234E-05,1.26582246521247E-05,2.3421482862235E-05,2.70066227336995E-05,1.07970109365879E-05,7.03374775857993E-06,2.77415920838827E-05
YPR121W,63287.7,YPR121W_translation_Ribosome,0,0,0,0,0,0,0,0,0,0,0,0,0,0,0,0,0,0,0,0,0,0,0,0,0,0
YPR128C,36382.8,YPR128C_translation_Ribosome,0,0,0,0,0,0,0,0,0,0,0,0,0,0,0,0,0,0,0,0,0,0,0,0,0,0
YPR132W,16061.2,YPR132W_translation_Ribosome,0,0,0,0,0.002211370905092,0,0,0,0,0,0,0,0,0,0,0,0,0,0,0,0,0,0,0,0,0
YPR133WA,5986,YPR133WA_translation_Ribosome,2.6400107587212E-06,4.06373429999015E-07,4.61054454925371E-06,2.52974754420263E-07,1.51066580640042E-06,7.85257527458964E-06,2.37655365474544E-06,3.18459311801924E-06,2.91126236750201E-06,5.7679505175516E-07,1.69347303417336E-05,9.30199567702671E-06,1.20679226787629E-05,1.80076563253523E-05,1.17163585441405E-06,2.18036558963267E-05,1.19231663836035E-07,1.07096830344021E-05,2.09259177731813E-05,4.31984054561344E-06,4.90089415413348E-06,1.46145958972718E-05,1.90227624945716E-05,3.74631099958829E-06,1.8707084820901E-06,2.0002322893729E-05
YPR137W,65043.6,YPR137W_translation_Ribosome,0.000274372552365,0.000355002088452,0.000233277057395,0.000364883968306,0.000306984146738,0.000185121059099,0.000281164459144,0.000261621641415,0.000267981564418,0.000345448880989,0.000102911213445,0.000168110510394,0.000140571792743,9.59531794913557E-05,0.000318882532203,7.44548584013933E-05,0.00037507790389,0.000153394101643,7.90506665818014E-05,0.000238562072916,0.000228104586548,0.000119429656531,8.97061499878044E-05,0.000249722777463,0.000295583568129,8.41205786158581E-05
YPR138C,53685.2,YPR138C_translation_Ribosome,0,0,0,0,0,0,0,0,0,0,0,0,0,0,0,0,0,0,0,0,0,0,0,0,0,0
YPR140W,44192,YPR140W_translation_Ribosome,0,0,0,0,0,0,0,0,0,0,0,0,0,0,0,0,2.06668286395975E-08,0,0,0,0,0,0,0,0,0
YPR143W,28207.7,YPR143W_translation_Ribosome,0.000118988165559,0.000153955076448,0.000101166129364,0.000158240588048,0.000133130957019,8.02821384232679E-05,0.00012193363704,0.000113458430569,0.000116216562039,0.000149812101425,4.46298888051748E-05,7.29051104804012E-05,6.09622923417428E-05,4.16123723339163E-05,0.00013829097411,3.22891154445477E-05,0.000162661430019,6.65229907465592E-05,3.42821966763752E-05,0.000103458101707,9.89229646877356E-05,5.1793503473684E-05,3.89031998076827E-05,0.00010829820597,0.000128186825679,3.6480884290269E-05
YPR144C,63625.5,YPR144C_translation_Ribosome,0.000268390600005,0.000347262226858,0.000228191081295,0.000356928659014,0.000300291186655,0.000181084994461,0.000275034427604,0.000255917688226,0.000262138950287,0.000337917301277,0.000100667512423,0.000164445314821,0.00013750700452,9.38611796045615E-05,0.000311930159965,7.28315713339645E-05,0.000366900343369,0.00015004975761,7.73271803313532E-05,0.000233360871329,0.000223131382202,0.000116825815478,8.7750349704645E-05,0.00024427824686,0.000289139166867,8.22865566285274E-05
YPR145W,64455.8,YPR145W_translation_Ribosome,0,0,0,1.81016791434139E-05,0,0,0,0,0,0,0.000399838848023,0,0.000330201534574,0.000413784529019,0,0.000460117199347,0,0.000308456854474,0.000449787884619,0,0,0.000368111408214,0.000426620984734,0,0,0.000438667780567
YPR156C,68065.3,YPR156C_translation_Ribosome,0,0,0,0,0,0,0,0,0,0,0,0,0,0,0,0,0,0,0,0,0,0,0,0,0,0
YPR159W,80077.2,YPR159W_translation_Ribosome,0,0,0,0,0,0,0,0,0,0,0,0,0,0,0,0,0,0,0,0,0,0,0,0,0,0
YPR160W,103252,YPR160W_translation_Ribosome,0,0,0,0,0,0,0,0,0,0,0,0,0,0,0,0,0,0,0,0,0,0,0,0,0,0
YPR163C,48512.6,YPR163C_translation_Ribosome,0.002197120826497,0.002612894698349,0.001967731584039,0.002663950747547,0.002361199121089,0.001694346456855,0.002226520257329,0.002128039343217,0.002155908673791,0.002564961003286,0.001152349626333,0.001586005790707,0.001402772382794,0.001100751679384,0.002427741147395,0.000932387340664,0.002717042574147,0.001489373941002,0.000970430726174,0.001998814962458,0.001942597637601,0.001271877550619,0.001053999369893,0.002058613659025,0.002300060811065,0.001006733454448
YPR166C,13555.3,YPR166C_translation_Ribosome,2.61854193347832E-06,3.35963470284495E-07,4.75414935873115E-06,2.00240616077589E-07,1.42713433106322E-06,8.31823001464705E-06,2.33743922017393E-06,3.20398655219329E-06,2.90965530818131E-06,4.93930413551999E-07,1.83193537001684E-05,9.917710085154E-06,1.29696145927196E-05,1.94954234453687E-05,1.0799145171131E-06,2.36412195912278E-05,8.93413472017953E-08,1.1470974953951E-05,2.26846977556176E-05,4.4365891379107E-06,5.07152439543868E-06,1.57706854566426E-05,2.06043128924659E-05,3.81234784101491E-06,1.80268388068241E-06,2.16763677200105E-05
YPR167C,30371.5,YPR167C_translation_Ribosome,6.3369861774806E-05,1.40060436739927E-05,9.17228026494534E-05,8.37679863723863E-06,4.26398016892875E-05,0.000128457926595,5.8968070155774E-05,7.18882470182791E-05,6.77650686918385E-05,1.94956740905081E-05,0.000205707358411,0.000142665934436,0.00016730101039,0.000213474642244,3.52046889294943E-05,0.000239547190978,2.57194056161725E-06,0.000155586727935,0.000233695354677,8.79236209922857E-05,9.54105944152975E-05,0.000188186941347,0.000220647673983,8.01037491939545E-05,4.98240995773406E-05,0.000227425052958
YPR183W,30363.5,YPR183W_translation_Ribosome,1.40094457664359E-05,3.95999254986564E-06,1.9597474207038E-05,2.78628256577611E-06,9.83687804169293E-06,2.66393784956398E-05,1.31261022177766E-05,1.57117957496879E-05,1.48757591654826E-05,5.09862901919589E-06,4.07088979615041E-05,2.93011970851465E-05,3.38519574656936E-05,4.20788910495211E-05,8.32009676091627E-06,4.66179129400477E-05,1.57616663170331E-06,3.16933467686944E-05,4.56067478028636E-05,1.88591033687546E-05,2.03139371459791E-05,3.75868294175996E-05,4.33402670449094E-05,1.73270586956663E-05,1.12877685295687E-05,4.45197469162305E-05
YPR184W,174929.9,YPR184W_translation_Ribosome,0,0,0,0,0,0,0,0,0,0,0,0,0,0,0,0,0,0,0,0,0,0,0,0,0,0
YPR191W,40479.4,YPR191W_translation_Ribosome,0.000331881193297,9.02957508748431E-05,0.00046521772893,6.18729816672626E-05,0.000231918347002,0.000631769412131,0.000310733211068,0.000372640864916,0.000352650608285,0.000117837995519,0.000958949242379,0.000694211486313,0.000800350230215,0.000990406123295,0.000195469984601,0.001094145695349,3.26405890328036E-05,0.000750096691979,0.001071107499271,0.000447669686687,0.000482211346233,0.000886973875047,0.00101931830681,0.000411185117925,0.000266750558559,0.001046289146831
YPR192W,32711.2,YPR192W_translation_Ribosome,0,0,0,0,0,0,0,0,0,0,0,0,0,0,0.000220880485302,0,0,0,0,0,0,0,0,0,0,0
YBL022C,127085,YBL022C_translation_Ribosome,5.75108854363594E-07,1.56448383990502E-07,8.06288764810059E-07,1.0724456053097E-07,4.01657036597162E-07,1.09529808034999E-06,5.38433188400927E-07,6.45702113314953E-07,6.11136167978157E-07,2.04152777565313E-07,1.66471398344493E-06,1.20395235267408E-06,1.38872477823008E-06,1.71948751623538E-06,3.38538009401976E-07,1.89963107439987E-06,5.66042781641722E-08,1.30106066356468E-06,1.85967842570736E-06,7.7580031488416E-07,8.35638261981249E-07,1.53922227487949E-06,1.76920236755694E-06,7.12566547504485E-07,4.6217806910507E-07,1.81649977454835E-06
