DBID	Systematic_name	Organism	Standard_name	Gene_name	Abundance_median	Abundance_SD	Molecular_weight
S000000001	YAL001C	S. cerevisiae	TFC3	Transcription Factor class C	1809	1003	132146.8
S000000002	YAL002W	S. cerevisiae	VPS8	Vacuolar Protein Sorting	1353	617	144934.1
S000000003	YAL003W	S. cerevisiae	EFB1	Elongation Factor Beta	67822	33639	22603
S000000004	YAL005C	S. cerevisiae	SSA1	Stress-Seventy subfamily A	255901	159925	69636.8
S000000005	YAL007C	S. cerevisiae	ERP2	Emp24p/Erv25p Related Protein	6821	2972	24058.8
S000000006	YAL008W	S. cerevisiae	FUN14	Function Unknown Now	1920	547	22081.7
S000000007	YAL009W	S. cerevisiae	SPO7	SPOrulation	1104	245	30130
S000000008	YAL010C	S. cerevisiae	MDM10	Mitochondrial Distribution and Morphology	1279	611	56236.5
S000000009	YAL011W	S. cerevisiae	SWC3	SWr Complex	1122	467	72531.5
S000000010	YAL012W	S. cerevisiae	CYS3	CYStathionine gamma-lyase	33347	6780	42535.4
S000000011	YAL013W	S. cerevisiae	DEP1	Disability in regulation of Expression of genes involved in Phospholipid biosynthesis	2408	1186	46938.1
S000000012	YAL014C	S. cerevisiae	SYN8	SYNtaxin	1672	489	29034
S000000013	YAL015C	S. cerevisiae	NTG1	eNdonuclease Three-like Glycosylase	1154	404	45579.4
S000000014	YAL016W	S. cerevisiae	TPD3	tRNA Processing Deficient	12016	2459	70873.7
S000000015	YAL017W	S. cerevisiae	PSK1	Pas domain-containing Serine/threonine protein Kinase	2513	1462	152294.2
S000000016	YAL018C	S. cerevisiae	LDS1	Lipid Droplets in Sporulation			37053.6
S000000017	YAL019W	S. cerevisiae	FUN30	Function Unknown Now	3730	1192	128470.9
S000000018	YAL020C	S. cerevisiae	ATS1	Alpha Tubulin Suppressor	998	145	36463.6
S000000019	YAL021C	S. cerevisiae	CCR4	Carbon Catabolite Repression	4896	1300	94662.8
S000000020	YAL022C	S. cerevisiae	FUN26	Function Unknown Now	1519	1257	58298.6
S000000021	YAL023C	S. cerevisiae	PMT2	Protein O-MannosylTransferase	5005	2478	86871.5
S000000022	YAL024C	S. cerevisiae	LTE1	Low Temperature Essential	1573	893	163134.9
S000000023	YAL025C	S. cerevisiae	MAK16	MAintenance of Killer	3349	984	35680.9
S000000024	YAL026C	S. cerevisiae	DRS2	Deficiency of Ribosomal Subunits	3187	1177	153727.8
S000000025	YAL027W	S. cerevisiae	SAW1	Single-strand Annealing Weakened	1170	109	29778
S000000026	YAL028W	S. cerevisiae	FRT2	Functionally Related to TCP1	2156	2154	58757.8
S000000027	YAL029C	S. cerevisiae	MYO4	MYOsin	3007	797	169346.1
S000000028	YAL030W	S. cerevisiae	SNC1	Suppressor of the Null allele of CAP	4895	2471	13202.5
S000000029	YAL031C	S. cerevisiae	GIP4	Glc7 Interacting Protein	1004	767	86677.1
S000000030	YAL032C	S. cerevisiae	PRP45	Pre-mRNA Processing	1792	338	42490.4
S000000031	YAL033W	S. cerevisiae	POP5	Processing Of Precursor RNAs	3479	1777	19574.8
S000000032	YAL034W-A	S. cerevisiae	MTW1	Mis TWelve-like	2610	694	33235.5
S000000033	YAL035W	S. cerevisiae	FUN12	Function Unknown Now	25419	11711	112251.6
S000000034	YAL036C	S. cerevisiae	RBG1	RiBosome interacting Gtpase	8422	2284	40704.5
S000000035	YAL037W	S. cerevisiae			1153		30459.4
S000000036	YAL038W	S. cerevisiae	CDC19	Cell Division Cycle	144590	77748	54546.3
S000000037	YAL039C	S. cerevisiae	CYC3	CYtochrome C	2357	1117	30071.2
S000000038	YAL040C	S. cerevisiae	CLN3	CycLiN	873		65007.7
S000000039	YAL041W	S. cerevisiae	CDC24	Cell Division Cycle	3501	680	96946.8
S000000040	YAL042W	S. cerevisiae	ERV46	ER Vesicle	5095	1439	46230.7
S000000041	YAL043C	S. cerevisiae	PTA1	Pre-Trna Accumulation	2822	637	88464.8
S000000042	YAL044C	S. cerevisiae	GCV3	GlyCine cleaVage	14067	6853	18782.1
S000000043	YAL045C	S. cerevisiae					11646.9
S000000044	YAL046C	S. cerevisiae	BOL3	BolA-like protein	1951	1583	13364.9
S000000045	YAL047C	S. cerevisiae	SPC72	Spindle Pole Component	1185	440	72073.2
S000000046	YAL048C	S. cerevisiae	GEM1	GTPase EF-hand protein of Mitochondria	1285	510	75138.9
S000000047	YAL049C	S. cerevisiae	AIM2	Altered Inheritance rate of Mitochondria	5934	3105	27083.1
S000000048	YAL051W	S. cerevisiae	OAF1	Oleate-Activated transcription Factor	744	684	118886.4
S000000049	YAL053W	S. cerevisiae	FLC2	FLavin Carrier	1797	1504	87472.3
S000000050	YAL054C	S. cerevisiae	ACS1	Acetyl CoA Synthetase	4496	2763	79132.4
S000000051	YAL055W	S. cerevisiae	PEX22	PEroXisome related	1391	1132	19880.1
S000000052	YAL056W	S. cerevisiae	GPB2		782	487	98653.9
S000000054	YAL058W	S. cerevisiae	CNE1	CalNExin and calreticulin homolog	1135	732	56948.3
S000000055	YAL059W	S. cerevisiae	ECM1	ExtraCellular Mutant	4041	1382	23902.6
S000000056	YAL060W	S. cerevisiae	BDH1	Butanediol DeHydrogenase	10791	2196	41574.4
S000000057	YAL061W	S. cerevisiae	BDH2		2411	1321	46085.1
S000000058	YAL062W	S. cerevisiae	GDH3	Glutamate DeHydrogenase	2854	2268	49619.6
S000000059	YAL063C	S. cerevisiae	FLO9	FLOcculation			138012.6
S000000060	YAL064W	S. cerevisiae					11010
S000000061	YAL066W	S. cerevisiae					12123.1
S000000062	YAL067C	S. cerevisiae	SEO1	Suppressor of sulfoxyde EthiOnine resistance	1021		68845.6
S000000063	YAR002W	S. cerevisiae	NUP60	NUclear Pore	4865	2541	59053.1
S000000064	YAR003W	S. cerevisiae	SWD1	"Set1c, WD40 repeat protein"	1114	633	48624
S000000065	YAR007C	S. cerevisiae	RFA1	Replication Factor A	7948	2289	70341.5
S000000066	YAR008W	S. cerevisiae	SEN34	Splicing ENdonuclease	1704	346	31313.3
S000000069	YAR014C	S. cerevisiae	BUD14	BUD site selection	3621	821	78899.8
S000000070	YAR015W	S. cerevisiae	ADE1	ADEnine requiring	17237	6800	34597.6
S000000071	YAR018C	S. cerevisiae	KIN3	protein KINase	856	536	51209
S000000072	YAR019C	S. cerevisiae	CDC15	Cell Division Cycle	1225	691	110245.7
S000000073	YAR020C	S. cerevisiae	PAU7	seriPAUperin family			5672.5
S000000074	YAR023C	S. cerevisiae			1168		20704.2
S000000075	YAR027W	S. cerevisiae	UIP3	Ulp1 Interacting Protein	1690	422	27110.7
S000000076	YAR028W	S. cerevisiae			1641	470	26449.6
S000000077	YAR029W	S. cerevisiae					8903.9
S000000078	YAR031W	S. cerevisiae	PRM9	Pheromone-Regulated Membrane protein	1049	487	35075.4
S000000079	YAR033W	S. cerevisiae	MST28	Multicopy suppressor of Sec Twenty one	1401	1187	27091.3
S000000080	YAR035W	S. cerevisiae	YAT1		1047	578	77761.4
S000000081	YAR042W	S. cerevisiae	SWH1		4819	1906	135055.8
S000000083	YAR047C	S. cerevisiae					12904.7
S000000084	YAR050W	S. cerevisiae	FLO1	FLOcculation	16097		160585.1
S000000085	YAR053W	S. cerevisiae					11146.4
S000000086	YAR060C	S. cerevisiae					12879.4
S000000089	YAR064W	S. cerevisiae			1520		11142
S000000091	YAR068W	S. cerevisiae					18018.8
S000000092	YAR069C	S. cerevisiae					10913
S000000093	YAR070C	S. cerevisiae					11611
S000000094	YAR071W	S. cerevisiae	PHO11	PHOsphate metabolism	5920	2837	52741.1
S000000095	YAR073W	S. cerevisiae	IMD1	IMP Dehydrogenase			44389.7
S000000097	YBL001C	S. cerevisiae	ECM15	ExtraCellular Mutant	4609	2683	11516.4
S000000098	YBL002W	S. cerevisiae	HTB2	Histone h Two B	101430	63961	14251.6
S000000099	YBL003C	S. cerevisiae	HTA2	Histone h Two A	67315	35288	14002.5
S000000100	YBL004W	S. cerevisiae	UTP20	U Three Protein	3410	1879	287550.5
S000000101	YBL005W	S. cerevisiae	PDR3	Pleiotropic Drug Resistance	225	190	112562.2
S000000102	YBL006C	S. cerevisiae	LDB7	Low Dye Binding	2261	1439	19797.7
S000000103	YBL007C	S. cerevisiae	SLA1	Synthetic Lethal with ABP1	8674	2996	135835.7
S000000104	YBL008W	S. cerevisiae	HIR1	HIstone Regulation	1109	362	93855.8
S000000105	YBL009W	S. cerevisiae	ALK2		541	407	76397.6
S000000106	YBL010C	S. cerevisiae	LAA2	Large Adaptin Accessory	1403	290	32625.7
S000000107	YBL011W	S. cerevisiae	SCT1	Suppressor of Choline-Transport mutants	3095	905	85693.2
S000000108	YBL012C	S. cerevisiae					15310.3
S000000109	YBL013W	S. cerevisiae	FMT1	Formyl-Methionyl-tRNA Transformylase	1137	385	44635.5
S000000110	YBL014C	S. cerevisiae	RRN6	Regulation of RNA polymerase I	237	233	102012.2
S000000111	YBL015W	S. cerevisiae	ACH1	Acetyl CoA Hydrolase	8509	3843	58705.5
S000000112	YBL016W	S. cerevisiae	FUS3	cell FUSion	4800	1651	40770.5
S000000113	YBL017C	S. cerevisiae	PEP1	carboxyPEPtidase Y-deficient	5979	1542	177695.5
S000000114	YBL018C	S. cerevisiae	POP8	Processing Of Precursor RNAs	2523	1966	15503.5
S000000115	YBL019W	S. cerevisiae	APN2	APurinic/apyrimidinic eNdonuclease	395	49	59463
S000000116	YBL020W	S. cerevisiae	RFT1	Requiring Fifty-Three	1191	816	66225.3
S000000117	YBL021C	S. cerevisiae	HAP3	Heme Activator Protein	1741	549	16146.1
S000000118	YBL022C	S. cerevisiae	PIM1	Proteolysis In Mitochondria	5901	2673	127085
S000000119	YBL023C	S. cerevisiae	MCM2	MiniChromosome Maintenance	2774	865	98740.6
S000000120	YBL024W	S. cerevisiae	NCL1	NuCLear protein	14175	5490	77878.6
S000000121	YBL025W	S. cerevisiae	RRN10	Regulation of RNA polymerase I	543	385	16496.8
S000000122	YBL026W	S. cerevisiae	LSM2	Like SM	6485	1645	11164
S000000123	YBL027W	S. cerevisiae	RPL19B	Ribosomal Protein of the Large subunit	80265	21328	21736.8
S000000124	YBL028C	S. cerevisiae			6210	3822	12416.6
S000000125	YBL029W	S. cerevisiae			1199	492	42601.5
S000000126	YBL030C	S. cerevisiae	PET9	PETite	29722	8755	34446.7
S000000127	YBL031W	S. cerevisiae	SHE1	Sensitivity to High Expression	874	349	38042.3
S000000128	YBL032W	S. cerevisiae	HEK2	HEterogeneous nuclear rnp K-like gene	8747	2607	41676.4
S000000129	YBL033C	S. cerevisiae	RIB1	RIBoflavin biosynthesis	4724	1962	38325.5
S000000130	YBL034C	S. cerevisiae	STU1	Suppressor of TUbulin	1269	748	174160.9
S000000131	YBL035C	S. cerevisiae	POL12	POLymerase	2511	1136	78771.9
S000000132	YBL036C	S. cerevisiae			5112	1371	29120.5
S000000133	YBL037W	S. cerevisiae	APL3	clathrin Adaptor Protein complex Large chain	2047	655	115024.8
S000000134	YBL038W	S. cerevisiae	MRPL16	"Mitochondrial Ribosomal Protein, Large subunit"	2185	554	26545.5
S000000135	YBL039C	S. cerevisiae	URA7	URAcil requiring	21121	6462	64693.8
S000000136	YBL040C	S. cerevisiae	ERD2	Endoplasmic reticulum Retention Defective	11582	3067	25774.8
S000000137	YBL041W	S. cerevisiae	PRE7	PRoteinase yscE	10467	3282	26866.3
S000000138	YBL042C	S. cerevisiae	FUI1	5-FlUorourIdine resistance	4648	4191	72166.6
S000000139	YBL043W	S. cerevisiae	ECM13	ExtraCellular Mutant			28528.4
S000000140	YBL044W	S. cerevisiae					13863.3
S000000141	YBL045C	S. cerevisiae	COR1	CORe protein of QH2 cytochrome c reductase	13995	6730	50227.3
S000000142	YBL046W	S. cerevisiae	PSY4	Platinum SensitivitY	2455	420	50596.3
S000000143	YBL047C	S. cerevisiae	EDE1	EH Domains and Endocytosis	12983	3892	150701.5
S000000144	YBL048W	S. cerevisiae	RRT1	Regulator of rDNA Transcription			12451.1
S000000145	YBL049W	S. cerevisiae	MOH1		1176	1161	16094.7
S000000146	YBL050W	S. cerevisiae	SEC17	SECretory	11448	1649	32792.1
S000000147	YBL051C	S. cerevisiae	PIN4	Psi+ INducibility	4817	1331	73765.8
S000000148	YBL052C	S. cerevisiae	SAS3	Something About Silencing	899	741	97573.4
S000000149	YBL053W	S. cerevisiae					13196
S000000150	YBL054W	S. cerevisiae	TOD6	Twin Of Dot6p	2059	1047	59239.9
S000000151	YBL055C	S. cerevisiae			2996	979	47386.4
S000000152	YBL056W	S. cerevisiae	PTC3	Phosphatase Two C	7522	2282	51289.4
S000000153	YBL057C	S. cerevisiae	PTH2	Peptidyl-Trna Hydrolase	3970	1845	22429.6
S000000154	YBL058W	S. cerevisiae	SHP1	Suppressor of High-copy PP1	6482	2169	46968.7
S000000155	YBL059W	S. cerevisiae	IAI11	Interactor of AIm11	1261	648	22293.4
S000000156	YBL060W	S. cerevisiae	YEL1	Yeast EFA6-Like	755	405	78759.8
S000000157	YBL061C	S. cerevisiae	SKT5		3028	503	77085.6
S000000158	YBL062W	S. cerevisiae					14408.1
S000000159	YBL063W	S. cerevisiae	KIP1	KInesin related Protein	910	736	125788.1
S000000160	YBL064C	S. cerevisiae	PRX1	PeroxiRedoXin	8062	4126	29501.1
S000000161	YBL065W	S. cerevisiae					13836.6
S000000162	YBL066C	S. cerevisiae	SEF1	Suppressor of Essential Function	442	267	127993.3
S000000163	YBL067C	S. cerevisiae	UBP13	UBiquitin-specific Protease	1759	1301	83845.7
S000000164	YBL068W	S. cerevisiae	PRS4	PhosphoRibosylpyrophosphate Synthetase	6454	2432	35714.4
S000000165	YBL069W	S. cerevisiae	AST1	ATPase STabilizing	3018	1249	48353
S000000166	YBL070C	S. cerevisiae					11551
S000000167	YBL071C	S. cerevisiae			1128		11546.7
S000000168	YBL072C	S. cerevisiae	RPS8A	Ribosomal Protein of the Small subunit	67865	36506	22517.2
S000000169	YBL073W	S. cerevisiae					12090.6
S000000170	YBL074C	S. cerevisiae	AAR2	A1-Alpha2 Repression	1034	430	41666
S000000171	YBL075C	S. cerevisiae	SSA3	Stress-Seventy subfamily A	6440	4635	70527.4
S000000172	YBL076C	S. cerevisiae	ILS1	IsoLeucine-tRNA Synthetase	41712	17332	122966.3
S000000173	YBL077W	S. cerevisiae					16331.1
S000000174	YBL078C	S. cerevisiae	ATG8	AuTophaGy related	2400	1536	13630.9
S000000175	YBL079W	S. cerevisiae	NUP170	NUclear Pore	3441	1054	169454.3
S000000176	YBL080C	S. cerevisiae	PET112	PETite colonies	1263	784	61869.4
S000000177	YBL081W	S. cerevisiae			1549	326	40769.4
S000000178	YBL082C	S. cerevisiae	ALG3	Asparagine Linked Glycosylation	1472	390	52872.5
S000000179	YBL083C	S. cerevisiae					16170.3
S000000180	YBL084C	S. cerevisiae	CDC27	Cell Division Cycle	955	645	85410.8
S000000181	YBL085W	S. cerevisiae	BOI1	Bem1 (One) Interacting protein	2526	1486	109313.7
S000000182	YBL086C	S. cerevisiae			1567	598	52005.5
S000000183	YBL087C	S. cerevisiae	RPL23A	Ribosomal Protein of the Large subunit	12746	7162	14485.3
S000000184	YBL088C	S. cerevisiae	TEL1	TELomere maintenance	1137	1097	321515.1
S000000185	YBL089W	S. cerevisiae	AVT5	Amino acid Vacuolar Transport	294		50902.5
S000000186	YBL090W	S. cerevisiae	MRP21	Mitochondrial Ribosomal Protein	1662	855	20413.2
S000000187	YBL091C	S. cerevisiae	MAP2	Methionine AminoPeptidase	6162	3446	47508.9
S000000188	YBL092W	S. cerevisiae	RPL32	Ribosomal Protein of the Large subunit	47048	23080	14794.7
S000000189	YBL093C	S. cerevisiae	ROX3	Regulation by OXygen	2635	1299	24855.7
S000000190	YBL094C	S. cerevisiae					12085.4
S000000191	YBL095W	S. cerevisiae	MRX3	Mitochondrial oRganization of gene eXpression (MIOREX)	1334	630	30546.8
S000000192	YBL096C	S. cerevisiae					11091.2
S000000193	YBL097W	S. cerevisiae	BRN1	homolog of BaRreN	1150	570	86152
S000000194	YBL098W	S. cerevisiae	BNA4	Biosynthesis of Nicotinic Acid	2905	1864	52435.1
S000000195	YBL099W	S. cerevisiae	ATP1	ATP synthase	34971	10983	58614.7
S000000196	YBL100C	S. cerevisiae					11251.4
S000000197	YBL101C	S. cerevisiae	ECM21	ExtraCellular Mutant	2909	669	123604
S000000198	YBL102W	S. cerevisiae	SFT2	Suppressor of sed Five Ts	3141	1096	24279.5
S000000199	YBL103C	S. cerevisiae	RTG3	ReTroGrade regulation	2317	1063	54123.2
S000000200	YBL104C	S. cerevisiae	SEA4	SEh1-Associated	2041	703	117621.4
S000000201	YBL105C	S. cerevisiae	PKC1	Protein Kinase C	2386	756	131473.5
S000000202	YBL106C	S. cerevisiae	SRO77	Suppressor of rho3	749	460	111637.5
S000000203	YBL107C	S. cerevisiae	MIX23	Mitochondrial Intermembrane space CX(n)C motif protein	1506	546	22966.1
S000000204	YBL108W	S. cerevisiae					11666.1
S000000205	YBR001C	S. cerevisiae	NTH2	Neutral TreHalase	1382	306	89670.1
S000000206	YBR002C	S. cerevisiae	RER2	Retention in the Endoplasmic Reticulum	2889	1301	32695
S000000207	YBR003W	S. cerevisiae	COQ1	COenzyme Q	2868	938	52567.2
S000000208	YBR004C	S. cerevisiae	GPI18	GlycosylPhosphatidylInositol	123	85	50779
S000000209	YBR005W	S. cerevisiae	RCR1	Resistance to Congo Red	2610	767	23884.8
S000000210	YBR006W	S. cerevisiae	UGA2	Utilization of GAba	3214	1099	54186.7
S000000211	YBR007C	S. cerevisiae	DSF2	Deletion Suppressor of mptFive/pufFive mutation	1607	475	82359.3
S000000212	YBR008C	S. cerevisiae	FLR1	FLuconazole Resistance	2531		61624.3
S000000213	YBR009C	S. cerevisiae	HHF1	Histone H Four	25215	17144	11386.6
S000000214	YBR010W	S. cerevisiae	HHT1	Histone H Three	13263	11969	15378.3
S000000215	YBR011C	S. cerevisiae	IPP1	Inorganic PyroPhosphatase	42812	21242	32291.7
S000000216	YBR012C	S. cerevisiae					16066.1
S000000217	YBR013C	S. cerevisiae			8467		14481.7
S000000218	YBR014C	S. cerevisiae	GRX7	GlutaRedoXin	4216	2221	22559.4
S000000219	YBR015C	S. cerevisiae	MNN2	MaNNosyltransferase	7052	2838	67766.3
S000000220	YBR016W	S. cerevisiae			2167	573	14617
S000000221	YBR017C	S. cerevisiae	KAP104	KAryoPherin	4755	2218	103614.9
S000000222	YBR018C	S. cerevisiae	GAL7	GALactose metabolism	591	562	42385.5
S000000223	YBR019C	S. cerevisiae	GAL10	GALactose metabolism	1137		78182.9
S000000224	YBR020W	S. cerevisiae	GAL1	GALactose metabolism			57940.9
S000000225	YBR021W	S. cerevisiae	FUR4	5-FlUoRouridine sensitivity	721	436	71740.4
S000000226	YBR022W	S. cerevisiae	POA1	"Phosphatase Of ADP-ribose 1""-phosphate"	1827	670	19939
S000000227	YBR023C	S. cerevisiae	CHS3	CHitin Synthase-related	2544	548	131593.5
S000000228	YBR024W	S. cerevisiae	SCO2	Suppressor of Cytochrome Oxidase deficiency	2711	1231	34891.9
S000000229	YBR025C	S. cerevisiae	OLA1	Obg-Like ATPase	38234	4778	44174.5
S000000230	YBR026C	S. cerevisiae	ETR1	2-Enoyl Thioester Reductase	9388	6286	42074.3
S000000231	YBR027C	S. cerevisiae			1267		12848.6
S000000232	YBR028C	S. cerevisiae	YPK3		3197	1014	59593
S000000233	YBR029C	S. cerevisiae	CDS1	CDP-Diacylglycerol Synthase	8865	3619	51832.3
S000000234	YBR030W	S. cerevisiae	RKM3	Ribosomal lysine (K) Methyltransferase	2322	578	62541
S000000235	YBR031W	S. cerevisiae	RPL4A	Ribosomal Protein of the Large subunit	76066	44273	39126.9
S000000236	YBR032W	S. cerevisiae					11483.3
S000000237	YBR033W	S. cerevisiae	EDS1	Expression Dependent on Slt2			103416.6
S000000238	YBR034C	S. cerevisiae	HMT1	HnRNP MethylTransferase	6151	2648	39771.3
S000000239	YBR035C	S. cerevisiae	PDX3	PyriDoXine auxotrophy	14922	2067	26908.5
S000000240	YBR036C	S. cerevisiae	CSG2	Calcium Sensitive Growth	3749	1820	45442.5
S000000241	YBR037C	S. cerevisiae	SCO1	Suppressor of Cytochrome Oxidase deficiency	2467	767	33174.3
S000000242	YBR038W	S. cerevisiae	CHS2	CHitin Synthase	867	560	109894.8
S000000243	YBR039W	S. cerevisiae	ATP3	ATP synthase	18490	6066	34360
S000000244	YBR040W	S. cerevisiae	FIG1	Factor-Induced Gene			33788.1
S000000245	YBR041W	S. cerevisiae	FAT1	FATty acid transporter	4473	842	77147.6
S000000246	YBR042C	S. cerevisiae	CST26	Chromosome STability	1964	958	45529.6
S000000247	YBR043C	S. cerevisiae	QDR3	QuiniDine Resistance	1624	1344	77288.4
S000000248	YBR044C	S. cerevisiae	TCM62	TriCarboxylic acid cycle Mutant	1158	747	64267.8
S000000249	YBR045C	S. cerevisiae	GIP1	Glc7-Interacting Protein			73327.2
S000000250	YBR046C	S. cerevisiae	ZTA1	ZeTA-crystallin	4559	1492	37023.9
S000000251	YBR047W	S. cerevisiae	FMP23	Found in Mitochondrial Proteome	2580	158	20512.8
S000000252	YBR048W	S. cerevisiae	RPS11B	Ribosomal Protein of the Small subunit	37610	36410	17775.3
S000000253	YBR049C	S. cerevisiae	REB1	RNA polymerase I Enhancer Binding protein	5582	1829	91825.5
S000000254	YBR050C	S. cerevisiae	REG2	REsistance to Glucose repression	1143		38751
S000000255	YBR051W	S. cerevisiae					13442.9
S000000256	YBR052C	S. cerevisiae	RFS1	Rad55 (Fifty-five) Suppressor	7085	1959	22914.1
S000000257	YBR053C	S. cerevisiae			6080	1120	40277.9
S000000258	YBR054W	S. cerevisiae	YRO2		5475	3519	38730.9
S000000259	YBR055C	S. cerevisiae	PRP6	Pre-mRNA Processing	1975	365	104234.4
S000000260	YBR056W	S. cerevisiae	MRX18	Mitochondrial oRganization of gene eXpression (MIOREX)	6076	4112	57812.5
S000000261	YBR057C	S. cerevisiae	MUM2	MUddled Meiosis	3186	1271	41423.7
S000000262	YBR058C	S. cerevisiae	UBP14	UBiquitin-specific Protease	3554	1867	88601.8
S000000263	YBR059C	S. cerevisiae	AKL1	Ark family Kinase-Like protein	4059	1279	123991.2
S000000264	YBR060C	S. cerevisiae	ORC2	Origin Recognition Complex	1645	305	71260.2
S000000265	YBR061C	S. cerevisiae	TRM7	Transfer RNA Methyltransferase	3356	1316	34703
S000000266	YBR062C	S. cerevisiae			2663	2559	20581.1
S000000267	YBR063C	S. cerevisiae	CNM1	Contact Nucleus Mitochondria 1	1276		46443.3
S000000268	YBR064W	S. cerevisiae					16039.2
S000000269	YBR065C	S. cerevisiae	ECM2	ExtraCellular Mutant	2306	1169	40946.2
S000000270	YBR066C	S. cerevisiae	NRG2	Negative Regulator of Glucose-controlled genes	1086	382	25030.1
S000000271	YBR067C	S. cerevisiae	TIP1	Temperature shock-Inducible Protein	14370	5021	20716.8
S000000272	YBR068C	S. cerevisiae	BAP2	Branched-chain Amino acid Permease	6997	4825	67775
S000000273	YBR069C	S. cerevisiae	TAT1	Tyrosine and tryptophan Amino acid Transporter	3424	1729	68760.1
S000000274	YBR070C	S. cerevisiae	ALG14	Asparagine Linked Glycosylation	1855	1794	27049.5
S000000275	YBR071W	S. cerevisiae			1600	602	23549.4
S000000276	YBR072W	S. cerevisiae	HSP26	Heat Shock Protein	19709	13876	23874.8
S000000277	YBR073W	S. cerevisiae	RDH54	RaD54 Homolog	2522	1252	107977.7
S000000278	YBR074W	S. cerevisiae	PFF1	Protease in FXNA-related Family	3347	1063	111023
S000000280	YBR076W	S. cerevisiae	ECM8	ExtraCellular Mutant	1153		41783.1
S000000281	YBR077C	S. cerevisiae	SLM4	Synthetic Lethal with Mss4	3907	837	18346
S000000282	YBR078W	S. cerevisiae	ECM33	ExtraCellular Mutant	19890	7168	43761.9
S000000283	YBR079C	S. cerevisiae	RPG1		28010	9422	110332.4
S000000284	YBR080C	S. cerevisiae	SEC18	SECretory	6685	1555	84059.1
S000000285	YBR081C	S. cerevisiae	SPT7	SuPpressor of Ty's	2320	795	152529.2
S000000286	YBR082C	S. cerevisiae	UBC4	UBiquitin-Conjugating	14172	3765	16453.9
S000000287	YBR083W	S. cerevisiae	TEC1	Transposon Enhancement Control	1151	621	55158
S000000288	YBR084W	S. cerevisiae	MIS1	MItochondrial C1-tetrahydrofolate Synthase	6654	3476	106228.6
S000000289	YBR085W	S. cerevisiae	AAC3	ADP/ATP Carrier	1080	899	33333.4
S000000290	YBR086C	S. cerevisiae	IST2	Increased Sodium Tolerance	4124	1768	105871.8
S000000291	YBR087W	S. cerevisiae	RFC5	Replication Factor C	4728	1336	39946.2
S000000292	YBR088C	S. cerevisiae	POL30	POLymerase	20407	5176	28896.2
S000000293	YBR089W	S. cerevisiae					22097.6
S000000294	YBR090C	S. cerevisiae			9525	3910	14336.1
S000000295	YBR091C	S. cerevisiae	TIM12	Translocase of the Inner Membrane	1910	892	12283.1
S000000296	YBR092C	S. cerevisiae	PHO3	PHOsphate metabolism	3838	1679	52745.8
S000000297	YBR093C	S. cerevisiae	PHO5	PHOsphate metabolism	1793	482	52832.8
S000000298	YBR094W	S. cerevisiae	PBY1	P-BodY associated protein	3021	1060	86310.7
S000000299	YBR095C	S. cerevisiae	RXT2		2161	743	48607.6
S000000300	YBR096W	S. cerevisiae			4586	1111	27098.7
S000000301	YBR097W	S. cerevisiae	VPS15	Vacuolar Protein Sorting	665	381	166364.6
S000000302	YBR098W	S. cerevisiae	MMS4	Methyl MethaneSulfonate sensitivity	545	336	78764.6
S000000303	YBR099C	S. cerevisiae					14791.6
S000000305	YBR101C	S. cerevisiae	FES1	Factor Exchange for Ssa1p	9196	2463	32592.6
S000000306	YBR102C	S. cerevisiae	EXO84	EXOcyst	2620	723	85540.9
S000000307	YBR103W	S. cerevisiae	SIF2	Sir4p-Interacting Factor	2048	417	59131.5
S000000308	YBR104W	S. cerevisiae	YMC2	Yeast Mitochondrial Carrier	1529	723	36564.7
S000000309	YBR105C	S. cerevisiae	VID24	Vacuolar Import and Degradation	5114	2165	41241.4
S000000310	YBR106W	S. cerevisiae	SND3	SRP-iNDependent targeting	30807	8614	21142.2
S000000311	YBR107C	S. cerevisiae	IML3	Increased Minichromosome Loss	1671	1007	28059.5
S000000312	YBR108W	S. cerevisiae	AIM3	Altered Inheritance rate of Mitochondria	1290	904	103880.3
S000000313	YBR109C	S. cerevisiae	CMD1	CalMoDulin	24171	7978	16115.9
S000000314	YBR110W	S. cerevisiae	ALG1	Asparagine-Linked Glycosylation	2334	938	51938.5
S000000315	YBR111C	S. cerevisiae	YSA1		6334	2191	26085.3
S000000316	YBR112C	S. cerevisiae	CYC8	CYtochrome C	5404	1436	107160.9
S000000317	YBR113W	S. cerevisiae					18113.1
S000000318	YBR114W	S. cerevisiae	RAD16	RADiation sensitive	353	120	91439.5
S000000319	YBR115C	S. cerevisiae	LYS2	LYSine requiring	9748	4016	155321.8
S000000320	YBR116C	S. cerevisiae					20223
S000000321	YBR117C	S. cerevisiae	TKL2	TransKetoLase	7091	3431	75016
S000000322	YBR118W	S. cerevisiae	TEF2	Translation Elongation Factor	532551	389013	50045.3
S000000323	YBR119W	S. cerevisiae	MUD1	Mutant U1 Die	1664	882	34405.7
S000000324	YBR120C	S. cerevisiae	CBP6	Cytochrome B Protein synthesis	4089	1430	18692
S000000325	YBR121C	S. cerevisiae	GRS1	Glycyl-tRNA Synthase	42610	6183	75325.4
S000000326	YBR122C	S. cerevisiae	MRPL36	"Mitochondrial Ribosomal Protein, Large subunit"	2713	760	20101
S000000327	YBR123C	S. cerevisiae	TFC1	Transcription Factor class C	2691	854	73535.1
S000000328	YBR124W	S. cerevisiae					13222.6
S000000329	YBR125C	S. cerevisiae	PTC4	Phosphatase Two C	998	756	44175.2
S000000330	YBR126C	S. cerevisiae	TPS1	Trehalose-6-Phosphate Synthase	20541	7422	56136.2
S000000331	YBR127C	S. cerevisiae	VMA2	Vacuolar Membrane Atpase	37171	10094	57728.7
S000000332	YBR128C	S. cerevisiae	ATG14	AuTophaGy related	15173		40469.3
S000000333	YBR129C	S. cerevisiae	OPY1	Overproduction-induced Pheromone-resistant Yeast	2423	622	37742.1
S000000334	YBR130C	S. cerevisiae	SHE3	Swi5p-dependent HO Expression	3826	1506	47421.4
S000000335	YBR131W	S. cerevisiae	CCZ1	Calcium Caffeine Zinc sensitivity	1101	916	80710.9
S000000336	YBR132C	S. cerevisiae	AGP2	high-Affinity Glutamine Permease	1923	1770	67261.4
S000000337	YBR133C	S. cerevisiae	HSL7	Histone Synthetic Lethal	1877	697	95139.2
S000000338	YBR134W	S. cerevisiae					15530.1
S000000339	YBR135W	S. cerevisiae	CKS1	Cdc28 Kinase Subunit	3441	1094	17789.9
S000000340	YBR136W	S. cerevisiae	MEC1	Mitosis Entry Checkpoint	224	204	273363.7
S000000341	YBR137W	S. cerevisiae			2402	1417	20448.4
S000000342	YBR138C	S. cerevisiae			366	171	60471.7
S000000343	YBR139W	S. cerevisiae	ATG42	AuTophaGy	4606	2497	57621.4
S000000344	YBR140C	S. cerevisiae	IRA1	Inhibitory Regulator of the RAS-cAMP pathway	1512	866	350948.8
S000000345	YBR141C	S. cerevisiae	BMT2	Base MethylTransferase of 25S RNA	623	490	38573.4
S000000346	YBR142W	S. cerevisiae	MAK5	MAintenance of Killer	4357	2217	87054.1
S000000347	YBR143C	S. cerevisiae	SUP45	SUPpressor	36685	5922	48988.8
S000000348	YBR144C	S. cerevisiae					12321.4
S000000349	YBR145W	S. cerevisiae	ADH5	Alcohol DeHydrogenase	5578	3830	37642.5
S000000350	YBR146W	S. cerevisiae	MRPS9	"Mitochondrial Ribosomal Protein, Small subunit"	4221	1457	31952.8
S000000351	YBR147W	S. cerevisiae	RTC2	Restriction of Telomere Capping	1443		33493.8
S000000352	YBR148W	S. cerevisiae	YSW1				70173.4
S000000353	YBR149W	S. cerevisiae	ARA1	D-ARAbinose dehydrogenase	14493	7743	38874.8
S000000354	YBR150C	S. cerevisiae	TBS1	ThiaBendazole Sensitive	779	483	126862.6
S000000355	YBR151W	S. cerevisiae	APD1	Actin Patches Distal	4289	1269	35758.2
S000000356	YBR152W	S. cerevisiae	SPP381	Suppressor of PrP38-1	2525	944	33764.3
S000000357	YBR153W	S. cerevisiae	RIB7	RIBoflavin biosynthesis	984	278	27114.5
S000000358	YBR154C	S. cerevisiae	RPB5	RNA Polymerase B	10743	2501	25085.4
S000000359	YBR155W	S. cerevisiae	CNS1	CyclophiliN Seven suppressor	4303	1445	44107.9
S000000360	YBR156C	S. cerevisiae	SLI15	Synthetically Lethal with Ipl1	302	135	79233.1
S000000361	YBR157C	S. cerevisiae	ICS2	Increased Copper Sensitivity	1356	187	28781.3
S000000362	YBR158W	S. cerevisiae	AMN1	Antagonist of Mitotic exit Network	1682	848	62703.2
S000000363	YBR159W	S. cerevisiae	IFA38		9586	2570	38722.7
S000000364	YBR160W	S. cerevisiae	CDC28	Cell Division Cycle	6670	1539	34064.8
S000000365	YBR161W	S. cerevisiae	CSH1	CSG1/SUR1 Homolog	1300	1105	44393.4
S000000366	YBR162C	S. cerevisiae	TOS1	Target Of Sbf	5693	2956	47968.8
S000000367	YBR163W	S. cerevisiae	EXO5	EXOnuclease V	1680	747	67567.3
S000000368	YBR164C	S. cerevisiae	ARL1	ADP-Ribosylation factor-Like	6077	1217	20427.5
S000000369	YBR165W	S. cerevisiae	UBS1	UBiquitin-conjugating enzyme Suppressor			32202.9
S000000370	YBR166C	S. cerevisiae	TYR1	TYRosine	3737	719	50917.7
S000000371	YBR167C	S. cerevisiae	POP7	Processing Of Precursor RNAs	1631	613	15820.5
S000000372	YBR168W	S. cerevisiae	PEX32	PEroXisome related	598	588	48584.9
S000000373	YBR169C	S. cerevisiae	SSE2	Stress Seventy subfamily E	6616	2851	77607.4
S000000374	YBR170C	S. cerevisiae	NPL4	Nuclear Protein Localization	4566	1167	65763.8
S000000375	YBR171W	S. cerevisiae	SEC66	SECretory	7309	1090	24231.2
S000000376	YBR172C	S. cerevisiae	SMY2	Suppressor of MYo2-66	3877	1113	81404.9
S000000377	YBR173C	S. cerevisiae	UMP1	Ubiquitin-Mediated Proteolysis	2054	502	16754
S000000378	YBR174C	S. cerevisiae					11456.4
S000000379	YBR175W	S. cerevisiae	SWD3	"Set1c, WD40 repeat protein"	1127	201	34745.1
S000000380	YBR176W	S. cerevisiae	ECM31	ExtraCellular Mutant	2680	1282	34468.3
S000000381	YBR177C	S. cerevisiae	EHT1	Ethanol Hexanoyl Transferase	6878	2839	51256.7
S000000382	YBR178W	S. cerevisiae					14451.3
S000000383	YBR179C	S. cerevisiae	FZO1	FuZzy Onions homolog	1772	495	97804.9
S000000384	YBR180W	S. cerevisiae	DTR1	DiTyRosine			63416.4
S000000385	YBR181C	S. cerevisiae	RPS6B	Ribosomal Protein of the Small subunit	20840	17462	27023.9
S000000386	YBR182C	S. cerevisiae	SMP1	Second MEF2-like Protein 1	2061	596	49430.2
S000000387	YBR183W	S. cerevisiae	YPC1	Yeast Phyto-Ceramidase	751	165	36422.9
S000000388	YBR184W	S. cerevisiae			528		60654.7
S000000389	YBR185C	S. cerevisiae	MBA1	Multi-copy Bypass of AFG3	2562	947	31827.6
S000000390	YBR186W	S. cerevisiae	PCH2	Pachytene CHeckpoint			63450
S000000391	YBR187W	S. cerevisiae	GDT1	Gcr1 Dependent Translation factor	1978	937	30333.8
S000000392	YBR188C	S. cerevisiae	NTC20	Prp19p (NineTeen)-associated Complex	2015	517	15969.1
S000000393	YBR189W	S. cerevisiae	RPS9B	Ribosomal Protein of the Small subunit	70257	56063	22313.1
S000000394	YBR190W	S. cerevisiae					11036.8
S000000395	YBR191W	S. cerevisiae	RPL21A	Ribosomal Protein of the Large subunit	63797	29288	18262.6
S000000396	YBR192W	S. cerevisiae	RIM2	Replication In Mitochondria	1423	993	42120.2
S000000397	YBR193C	S. cerevisiae	MED8	MEDiator complex	2661	1481	25261.5
S000000398	YBR194W	S. cerevisiae	AIM4	Altered Inheritance rate of Mitochondria	1494	534	14245.3
S000000399	YBR195C	S. cerevisiae	MSI1	Multicopy Suppressor of IRA1	2018	1195	47346.1
S000000400	YBR196C	S. cerevisiae	PGI1	PhosphoGlucoIsomerase	158738	89784	61289.6
S000000401	YBR197C	S. cerevisiae			1360	843	24207.5
S000000402	YBR198C	S. cerevisiae	TAF5	TATA binding protein-Associated Factor	5459	1174	88967.7
S000000403	YBR199W	S. cerevisiae	KTR4	Kre Two Related	5094	1526	54525.2
S000000404	YBR200W	S. cerevisiae	BEM1	Bud EMergence	3046	934	61612
S000000405	YBR201W	S. cerevisiae	DER1	Degradation in the Endoplasmic Reticulum	522	375	24393
S000000406	YBR202W	S. cerevisiae	MCM7	MiniChromosome Maintenance	4165	1385	94921.1
S000000407	YBR203W	S. cerevisiae	COS111	Ciclopirox Olamine Sensitive	174		104661.6
S000000408	YBR204C	S. cerevisiae	LDH1	Lipid Droplet Hydrolase	1629	566	43282.2
S000000409	YBR205W	S. cerevisiae	KTR3	Kre Two Related	2373	1669	47490.8
S000000410	YBR206W	S. cerevisiae					11842.7
S000000411	YBR207W	S. cerevisiae	FTH1	FTR1 Homolog	4267	3155	51412.3
S000000412	YBR208C	S. cerevisiae	DUR12	Degradation of URea	5678	2124	201800.7
S000000413	YBR209W	S. cerevisiae					12140.4
S000000414	YBR210W	S. cerevisiae	ERV15	ER Vesicle Protein	825	452	16349.5
S000000415	YBR211C	S. cerevisiae	AME1	Associated with Microtubules and Essential	1545	1315	37444.1
S000000416	YBR212W	S. cerevisiae	NGR1	Negative Growth Regulatory protein	3267	773	75026.8
S000000417	YBR213W	S. cerevisiae	MET8	METhionine requiring	2123	690	31914.1
S000000418	YBR214W	S. cerevisiae	SDS24	homolog of S. pombe SDS23	5164	1962	57195.9
S000000419	YBR215W	S. cerevisiae	HPC2	Histone Periodic Control	1518	754	67790.3
S000000420	YBR216C	S. cerevisiae	YBP1	Yap1-Binding Protein	2445	574	77730.1
S000000421	YBR217W	S. cerevisiae	ATG12	AuTophaGy related			21105
S000000422	YBR218C	S. cerevisiae	PYC2	PYruvate Carboxylase	17354	6028	130152
S000000423	YBR219C	S. cerevisiae			1703		14795.6
S000000424	YBR220C	S. cerevisiae			1020	253	63026.3
S000000425	YBR221C	S. cerevisiae	PDB1	Pyruvate Dehydrogenase Beta subunit	14403	8269	40044.9
S000000426	YBR222C	S. cerevisiae	PCS60	Peroxisomal CoA-dependent Synthetase	6256	2321	60502.3
S000000427	YBR223C	S. cerevisiae	TDP1	Tyrosyl-DNA Phosphodiesterase	1095	1019	62338.9
S000000428	YBR224W	S. cerevisiae					19332.2
S000000429	YBR225W	S. cerevisiae			1704	601	101241.5
S000000430	YBR226C	S. cerevisiae					15810.9
S000000431	YBR227C	S. cerevisiae	MCX1	Mitochondrial ClpX	3563	1879	57947.2
S000000432	YBR228W	S. cerevisiae	SLX1	Synthetic Lethal of unknown (X) function	1150		35869.2
S000000433	YBR229C	S. cerevisiae	ROT2	Reversal Of Tor2 lethality	2719	1520	110240.7
S000000434	YBR230C	S. cerevisiae	OM14	Outer Membrane Protein of 14 kDa	5921	1336	14614.9
S000000435	YBR231C	S. cerevisiae	SWC5	SWr Complex	1754	474	34330
S000000436	YBR232C	S. cerevisiae					12742.7
S000000437	YBR233W	S. cerevisiae	PBP2	Pbp1p Binding Protein	1476	248	45782.7
S000000438	YBR234C	S. cerevisiae	ARC40	ARp2/3 Complex subunit	7898	3767	42473.4
S000000439	YBR235W	S. cerevisiae	VHC1	Vacuolar protein Homologous to CCC family	1063	563	124011.8
S000000440	YBR236C	S. cerevisiae	ABD1		3123	1114	50343.5
S000000441	YBR237W	S. cerevisiae	PRP5	Pre-mRNA Processing	1034	957	96364.1
S000000442	YBR238C	S. cerevisiae			1748	697	83760.2
S000000443	YBR239C	S. cerevisiae	ERT1	Ethanol Regulated Transcription factor	713	628	60321.9
S000000444	YBR240C	S. cerevisiae	THI2	THIamine metabolism	1226		51835.4
S000000445	YBR241C	S. cerevisiae	VVS1	Vacuolar protein Vital for Stress response	2592	1578	53525.4
S000000446	YBR242W	S. cerevisiae			2636	949	27575.9
S000000447	YBR243C	S. cerevisiae	ALG7	Asparagine-Linked Glycosylation	599	480	50374.4
S000000448	YBR244W	S. cerevisiae	GPX2	Glutathione PeroXidase	6871	3715	18410.3
S000000449	YBR245C	S. cerevisiae	ISW1	Imitation SWitch subfamily	3806	1889	131093.2
S000000450	YBR246W	S. cerevisiae	RRT2	Regulator of rDNA Transcription	1883	613	43294.5
S000000451	YBR247C	S. cerevisiae	ENP1	Essential Nuclear Protein	6372	1748	55107.9
S000000452	YBR248C	S. cerevisiae	HIS7	HIStidine requiring	16055	4473	61054.6
S000000453	YBR249C	S. cerevisiae	ARO4	AROmatic amino acid requiring	26665	6475	39747.7
S000000454	YBR250W	S. cerevisiae	SPO23	SPOrulation	907		59919.8
S000000455	YBR251W	S. cerevisiae	MRPS5	"Mitochondrial Ribosomal Protein, Small subunit"	3121	1327	34898.6
S000000456	YBR252W	S. cerevisiae	DUT1	DUTp pyrophosphatase	5173	1563	15307.5
S000000457	YBR253W	S. cerevisiae	SRB6	Suppressor of RNA polymerase B	3080	1054	13854.9
S000000458	YBR254C	S. cerevisiae	TRS20	TRapp Subunit	2053	922	19699.4
S000000459	YBR255W	S. cerevisiae	MTC4	Maintenance of Telomere Capping	776	473	79054.3
S000000460	YBR256C	S. cerevisiae	RIB5	RIBoflavin biosynthesis	6943	1627	26188
S000000461	YBR257W	S. cerevisiae	POP4	Processing Of Precursor RNAs	1878	414	32894.6
S000000462	YBR258C	S. cerevisiae	SHG1	"Set1c, Hypothetical G"	2411	891	16423.5
S000000463	YBR259W	S. cerevisiae			1951	1743	80439.2
S000000464	YBR260C	S. cerevisiae	RGD1	Related GAP Domain	3484	1296	74624
S000000465	YBR261C	S. cerevisiae	TAE1	Translation Associated Element	3594	1316	26059
S000000466	YBR262C	S. cerevisiae	MIC12	MItochondrial contact site and Cristae organizing system	3234	713	12389
S000000467	YBR263W	S. cerevisiae	SHM1	Serine HydroxyMethyltransferase	12340	8073	53693
S000000468	YBR264C	S. cerevisiae	YPT10	Yeast Protein Two	1792	780	21834.3
S000000469	YBR265W	S. cerevisiae	TSC10	Temperature-sensitive Suppressors of Csg2 mutants	2283	549	35968.9
S000000470	YBR266C	S. cerevisiae	SLM6	Synthetic Lethal with Mss4			16031.6
S000000471	YBR267W	S. cerevisiae	REI1	REquired for Isotropic bud growth	4511	1397	45854
S000000472	YBR268W	S. cerevisiae	MRPL37	"Mitochondrial Ribosomal Protein, Large subunit"	2780	1264	11955.9
S000000473	YBR269C	S. cerevisiae	SDH8	Succinate DeHydrogenase	3266	941	15505.6
S000000474	YBR270C	S. cerevisiae	BIT2	Binding partner of Tor2p	572	556	61224.3
S000000475	YBR271W	S. cerevisiae	EFM2	Elongation Factor Methyltransferase	1226	801	47954
S000000476	YBR272C	S. cerevisiae	HSM3	enHanced Spontaneous Mutability	2276	819	55517
S000000477	YBR273C	S. cerevisiae	UBX7	UBiquitin regulatory X	3378	1203	50022.4
S000000478	YBR274W	S. cerevisiae	CHK1	CHeckpoint Kinase	748	288	60008.3
S000000479	YBR275C	S. cerevisiae	RIF1	RAP1-Interacting Factor	1315	375	217911.8
S000000480	YBR276C	S. cerevisiae	PPS1	Protein Phosphatase S phase	542	457	91682
S000000481	YBR277C	S. cerevisiae					14654.1
S000000482	YBR278W	S. cerevisiae	DPB3	DNA Polymerase B (II) subunit	1024	689	22643.1
S000000483	YBR279W	S. cerevisiae	PAF1	RNA Polymerase II Associated Factor	5232	1675	51771.2
S000000484	YBR280C	S. cerevisiae	SAF1	SCF Associated Factor	1415	369	70484.2
S000000485	YBR281C	S. cerevisiae	DUG2	Deficient in Utilization of Glutathione	3136	1641	98046.5
S000000486	YBR282W	S. cerevisiae	MRPL27	"Mitochondrial Ribosomal Protein, Large subunit"	2302	433	16509.4
S000000487	YBR283C	S. cerevisiae	SSH1	Sec Sixty-one Homolog	8385	5046	53314.1
S000000488	YBR284W	S. cerevisiae					92895.7
S000000489	YBR285W	S. cerevisiae			1276		16811
S000000490	YBR286W	S. cerevisiae	APE3	AminoPEptidase	20329	6747	60114.7
S000000491	YBR287W	S. cerevisiae			2475	909	47493.6
S000000492	YBR288C	S. cerevisiae	APM3	clathrin Adaptor Protein complex Medium chain	2447	923	54832.8
S000000493	YBR289W	S. cerevisiae	SNF5	Sucrose NonFermenting	1956	832	102547
S000000494	YBR290W	S. cerevisiae	BSD2	Bypass Sod1p Defects	2139	853	35742.8
S000000495	YBR291C	S. cerevisiae	CTP1	Citrate Transport Protein	2068	1340	32187.7
S000000496	YBR292C	S. cerevisiae					14429.2
S000000497	YBR293W	S. cerevisiae	VBA2	Vacuolar Basic Amino acid transporter	8712		51697.6
S000000498	YBR294W	S. cerevisiae	SUL1	SULfate	711	486	95946.6
S000000499	YBR295W	S. cerevisiae	PCA1	P-type Cation-transporting ATPase	1522	1454	131878.8
S000000500	YBR296C	S. cerevisiae	PHO89	PHOsphate metabolism	2160	1943	62649.9
S000000501	YBR297W	S. cerevisiae	MAL33	MALtose	19		54195.2
S000000502	YBR298C	S. cerevisiae	MAL31	MALtose fermentation			68258.5
S000000503	YBR299W	S. cerevisiae	MAL32	MALtose	1140	1127	68126.7
S000000504	YBR300C	S. cerevisiae					18892.3
S000000505	YBR301W	S. cerevisiae	PAU24	seriPAUperin family			12844.7
S000000506	YBR302C	S. cerevisiae	COS2	COnserved Sequence	1009	932	45172.4
S000000507	YCL001W	S. cerevisiae	RER1	Retention in the Endoplasmic Reticulum	2957	897	22272.4
S000000508	YCL002C	S. cerevisiae					30211.5
S000000510	YCL004W	S. cerevisiae	PGS1	PhosphatidylGlycerolphosphate Synthase	313	305	59398
S000000511	YCL005W	S. cerevisiae	LDB16	Low Dye Binding	1467	1318	29025.9
S000000513	YCL007C	S. cerevisiae					15487.5
S000000514	YCL008C	S. cerevisiae	STP22	STerile Pseudoreversion	1129	451	43315.7
S000000515	YCL009C	S. cerevisiae	ILV6	IsoLeucine Valine	11365	4965	33982.2
S000000516	YCL010C	S. cerevisiae	SGF29	SaGa associated Factor	2177	593	29375.4
S000000517	YCL011C	S. cerevisiae	GBP2	G-strand Binding Protein	3171	1870	48725.5
S000000520	YCL014W	S. cerevisiae	BUD3	BUD site selection	2207	1457	184697.4
S000000521	YCL016C	S. cerevisiae	DCC1	Defective in sister Chromatid Cohesion	1608	235	44068.2
S000000522	YCL017C	S. cerevisiae	NFS1	NiFS-like	7365	3434	54470.8
S000000523	YCL018W	S. cerevisiae	LEU2	LEUcine biosynthesis	12295	11982	38946.2
S000000527	YCL022C	S. cerevisiae					18908.1
S000000528	YCL023C	S. cerevisiae					13545.6
S000000529	YCL024W	S. cerevisiae	KCC4		1755	605	116485.1
S000000530	YCL025C	S. cerevisiae	AGP1	high-Affinity Glutamine Permease	4012	3797	69669
S000000532	YCL027W	S. cerevisiae	FUS1	cell FUSion	2383		57793.2
S000000533	YCL028W	S. cerevisiae	RNQ1	Rich in asparagine (N) and glutamine (Q)	6120	2609	42577.4
S000000534	YCL029C	S. cerevisiae	BIK1	BIlateral Karyogamy defect	1830	1007	51078.6
S000000535	YCL030C	S. cerevisiae	HIS4	HIStidine requiring	34046	23981	87696.9
S000000536	YCL031C	S. cerevisiae	RRP7	Ribosomal RNA Processing	5786	1034	34476.8
S000000537	YCL032W	S. cerevisiae	STE50	STErile	2094	800	38961.2
S000000538	YCL033C	S. cerevisiae	MXR2	peptide Methionine sulfoXide Reductase	2728	1393	19287.4
S000000539	YCL034W	S. cerevisiae	LSB5	Las Seventeen Binding protein	3709	1672	39863.5
S000000540	YCL035C	S. cerevisiae	GRX1	GlutaRedoXin	13770	4650	12374.3
S000000541	YCL036W	S. cerevisiae	GFD2	Great for Full DEAD box protein activity	704	557	64924.2
S000000542	YCL037C	S. cerevisiae	SRO9	Suppressor of rho3	26393	9666	48064.6
S000000543	YCL038C	S. cerevisiae	ATG22	AuTophaGy related	1068	1046	58848.1
S000000544	YCL039W	S. cerevisiae	GID7	Glucose Induced Degradation deficient	1104	460	84500.3
S000000545	YCL040W	S. cerevisiae	GLK1	GLucoKinase	20699	12384	55367
S000000546	YCL041C	S. cerevisiae					19065.2
S000000547	YCL042W	S. cerevisiae			12339		13372.5
S000000548	YCL043C	S. cerevisiae	PDI1	Protein Disulfide Isomerase	27549	20530	58176.2
S000000549	YCL044C	S. cerevisiae	MGR1	Mitochondrial Genome Required	2779	888	47165.6
S000000550	YCL045C	S. cerevisiae	EMC1	ER Membrane protein Complex	7726	2623	87152.8
S000000551	YCL046W	S. cerevisiae					12052.1
S000000552	YCL047C	S. cerevisiae	POF1	Promoter Of Filamentation	2785	1317	29675.7
S000000553	YCL048W	S. cerevisiae	SPS22	SPorulation Specific 2 too (2)			52002.2
S000000554	YCL049C	S. cerevisiae			919	587	35637
S000000555	YCL050C	S. cerevisiae	APA1	AP4A phosphorylase	19870	5947	36475.7
S000000556	YCL051W	S. cerevisiae	LRE1	Laminarase REsistance	1481	144	64795.9
S000000557	YCL052C	S. cerevisiae	PBN1	Protease B Non-derepressible	2241	527	47911.7
S000000559	YCL054W	S. cerevisiae	SPB1	Suppressor of PaB1 mutant	5428	2508	96489
S000000560	YCL055W	S. cerevisiae	KAR4	KARyogamy	1873	518	38676.6
S000000561	YCL056C	S. cerevisiae	PEX34	PEroXin	1465	301	16604.1
S000000562	YCL057W	S. cerevisiae	PRD1	PRoteinase yscD	8231	2354	81916.2
S000000563	YCL058C	S. cerevisiae	FYV5	Function required for Yeast Viability	1345		17139.5
S000000564	YCL059C	S. cerevisiae	KRR1	contains KRR-R motif	6339	2193	37173.7
S000000566	YCL061C	S. cerevisiae	MRC1	Mediator of the Replication Checkpoint	1302	378	124279.5
S000000568	YCL063W	S. cerevisiae	VAC17	VACuole related	1041	312	47848.2
S000000569	YCL064C	S. cerevisiae	CHA1	Catabolism of Hydroxy Amino acids	8233	4142	39309.9
S000000570	YCL065W	S. cerevisiae					14358.6
S000000571	YCL066W	S. cerevisiae	HMLALPHA1	Hidden Mat Left ALPHA			20428.7
S000000572	YCL067C	S. cerevisiae	HMLALPHA2	Hidden Mat Left ALPHA	388	158	24291.4
S000000573	YCL068C	S. cerevisiae					30228.5
S000000574	YCL069W	S. cerevisiae	VBA3	Vacuolar Basic Amino acid transporter	2772		50236.8
S000000575	YCL073C	S. cerevisiae	GEX1	Glutathione EXchanger			68934.9
S000000581	YCL076W	S. cerevisiae					28244.1
S000000589	YCL026C-A	S. cerevisiae	FRM2	Fatty acid Repression Mutant	1214		21231.3
S000000594	YCR001W	S. cerevisiae					12523.1
S000000595	YCR002C	S. cerevisiae	CDC10	Cell Division Cycle	7156	2759	37016.2
S000000596	YCR003W	S. cerevisiae	MRPL32	"Mitochondrial Ribosomal Protein, Large subunit"	4077	1436	21455.4
S000000597	YCR004C	S. cerevisiae	YCP4		11454	2539	26352.3
S000000598	YCR005C	S. cerevisiae	CIT2	CITrate synthase	5839	3065	51405.7
S000000599	YCR006C	S. cerevisiae					18307.6
S000000600	YCR007C	S. cerevisiae			590	547	27557.6
S000000601	YCR008W	S. cerevisiae	SAT4		1142	358	66690.9
S000000602	YCR009C	S. cerevisiae	RVS161	Reduced Viability on Starvation	11648	3253	30249.7
S000000603	YCR010C	S. cerevisiae	ADY2	Accumulation of DYads	1298		30719.3
S000000604	YCR011C	S. cerevisiae	ADP1	ATP-Dependent Permease	3611	715	117204.3
S000000605	YCR012W	S. cerevisiae	PGK1	3-PhosphoGlycerate Kinase	535389	420545	44738.8
S000000606	YCR013C	S. cerevisiae					22788.9
S000000607	YCR014C	S. cerevisiae	POL4	POLymerase	589	80	67533.1
S000000608	YCR015C	S. cerevisiae	CTO1	Cold TOlerance	1479	911	36278.8
S000000609	YCR016W	S. cerevisiae			3782	407	33594.3
S000000610	YCR017C	S. cerevisiae	CWH43	Calcofluor White Hypersensitive	2180	1484	107866.1
S000000611	YCR018C	S. cerevisiae	SRD1		1777	323	25535.4
S000000612	YCR019W	S. cerevisiae	MAK32	MAintenance of Killer	929	414	40778.7
S000000613	YCR020C	S. cerevisiae	PET18	PETite colonies	3008	1648	25214.7
S000000614	YCR020C-A	S. cerevisiae	MAK31	MAintenance of Killer	2140	1147	9722.7
S000000615	YCR021C	S. cerevisiae	HSP30	Heat Shock Protein	4500	2238	37032.9
S000000616	YCR022C	S. cerevisiae					13188.6
S000000617	YCR023C	S. cerevisiae			1345	443	69217.3
S000000618	YCR024C	S. cerevisiae	SLM5	Synthetic Lethal with Mss4	1501	965	56791.5
S000000619	YCR024C-A	S. cerevisiae	PMP1	Plasma Membrane Proteolipid	69604	15665	4505.7
S000000620	YCR025C	S. cerevisiae					16084.2
S000000621	YCR026C	S. cerevisiae	NPP1	ecto-Nucleotide Pyrophosphatase/Phosphodiesterase	1705	1146	84667.1
S000000622	YCR027C	S. cerevisiae	RHB1	RHeB homolog	2228	1120	23336
S000000623	YCR028C	S. cerevisiae	FEN2	FENpropimorph resistance	2474	652	58256
S000000626	YCR030C	S. cerevisiae	SYP1	Suppressor of Yeast Profilin deletion	6937	3101	96143.5
S000000627	YCR031C	S. cerevisiae	RPS14A	Ribosomal Protein of the Small subunit	51361	34473	14549
S000000628	YCR032W	S. cerevisiae	BPH1	Beige Protein Homolog	234	172	250850
S000000629	YCR033W	S. cerevisiae	SNT1	SaNT domains	1730	436	138421.1
S000000630	YCR034W	S. cerevisiae	ELO2	fatty acid ELOngation	10580	7321	40017.5
S000000631	YCR035C	S. cerevisiae	RRP43	Ribosomal RNA Processing	4201	1008	43993.4
S000000632	YCR036W	S. cerevisiae	RBK1	RiBoKinase	3462	978	36913.3
S000000633	YCR037C	S. cerevisiae	PHO87	PHOsphate metabolism	1197	736	102531.5
S000000634	YCR038C	S. cerevisiae	BUD5	BUD site selection	1080	1030	75047.8
S000000635	YCR039C	S. cerevisiae	MATALPHA2	MATing type protein ALPHA	333	158	24291.4
S000000636	YCR040W	S. cerevisiae	MATALPHA1	MATing type protein ALPHA	1129		20428.7
S000000637	YCR041W	S. cerevisiae					12889.7
S000000638	YCR042C	S. cerevisiae	TAF2	TATA binding protein-Associated Factor	1627	484	161435.5
S000000639	YCR043C	S. cerevisiae			4388	1254	14774
S000000640	YCR044C	S. cerevisiae	PER1	protein Processing in the ER	2715	335	42538.8
S000000641	YCR045C	S. cerevisiae	RRT12	Regulator of rDNA Transcription	1129		55053.4
S000000642	YCR046C	S. cerevisiae	IMG1	Integrity of Mitochondrial Genome	3461	689	19412.1
S000000643	YCR047C	S. cerevisiae	BUD23	BUD site selection	4050	498	30749.6
S000000644	YCR048W	S. cerevisiae	ARE1	Acyl-coenzyme A: cholesterol acyl transferase-Related Enzyme	1141	309	71619.6
S000000645	YCR049C	S. cerevisiae					15995.4
S000000646	YCR050C	S. cerevisiae					11725.2
S000000647	YCR051W	S. cerevisiae			4546	1752	24671.4
S000000648	YCR052W	S. cerevisiae	RSC6	Remodel the Structure of Chromatin	4654	1862	54136.3
S000000649	YCR053W	S. cerevisiae	THR4	THReonine requiring	48158	10714	57465.6
S000000650	YCR054C	S. cerevisiae	CTR86	Copper TRansport protein	2603	684	65179
S000000653	YCR057C	S. cerevisiae	PWP2	Periodic tryptophan (W) Protein	4630	2461	103944
S000000655	YCR059C	S. cerevisiae	YIH1	Yeast Impact Homolog	3137	369	28991.6
S000000656	YCR060W	S. cerevisiae	TAH1	Tpr-containing protein Associated with Hsp90	3087	975	12510.3
S000000657	YCR061W	S. cerevisiae	TVS1	Transmembrane protein Vital for Stress response	1083	268	70909.1
S000000659	YCR063W	S. cerevisiae	BUD31	BUD site selection	2501	856	18462.8
S000000660	YCR064C	S. cerevisiae					15777.5
S000000661	YCR065W	S. cerevisiae	HCM1	High-Copy suppressor of Calmodulin	1160	931	63645.9
S000000662	YCR066W	S. cerevisiae	RAD18	RADiation sensitive	623	417	55232.2
S000000663	YCR067C	S. cerevisiae	SED4	Suppressor of Erd2 Deletion	1545	621	114022.8
S000000664	YCR068W	S. cerevisiae	ATG15	AuTophaGy related	850	528	58417.6
S000000665	YCR069W	S. cerevisiae	CPR4	Cyclosporin-sensitive Proline Rotamase	1513	430	35777.2
S000000667	YCR071C	S. cerevisiae	IMG2	Integrity of Mitochondrial Genome	2797	1087	16394.5
S000000668	YCR072C	S. cerevisiae	RSA4	RiboSome Assembly	4261	1436	57039.7
S000000669	YCR073C	S. cerevisiae	SSK22	Suppressor of Sensor Kinase	123	66	152721.4
S000000671	YCR075C	S. cerevisiae	ERS1	ERd Suppressor			30121.6
S000000672	YCR076C	S. cerevisiae	FUB1	FUnction of Boundary	736	389	26747.1
S000000673	YCR077C	S. cerevisiae	PAT1	Protein Associated with Topoisomerase II	4917	899	88511.4
S000000677	YCR081W	S. cerevisiae	SRB8	Suppressor of RNA polymerase B	534	328	166840.8
S000000678	YCR082W	S. cerevisiae	AHC2	Ada Histone acetyltransferase complex Component	1384	634	15109.1
S000000679	YCR083W	S. cerevisiae	TRX3	ThioRedoXin	7223	4845	14437.3
S000000680	YCR084C	S. cerevisiae	TUP1	dTMP-UPtake	9774	3380	78292.5
S000000681	YCR085W	S. cerevisiae			1214		13504.2
S000000682	YCR086W	S. cerevisiae	CSM1	Chromosome Segregation in Meiosis	2410	1016	21745.5
S000000683	YCR087W	S. cerevisiae					19835.7
S000000684	YCR088W	S. cerevisiae	ABP1	Actin Binding Protein	19342	7949	65530.4
S000000685	YCR089W	S. cerevisiae	FIG2	Factor-Induced Gene			166002.7
S000000686	YCR090C	S. cerevisiae			3669	923	20693.7
S000000687	YCR091W	S. cerevisiae	KIN82	protein KINase	836	670	81474.3
S000000688	YCR092C	S. cerevisiae	MSH3	MutS Homolog	1108	450	116529.8
S000000689	YCR093W	S. cerevisiae	CDC39	Cell Division Cycle	6644	2379	240261.3
S000000690	YCR094W	S. cerevisiae	CDC50	Cell Division Cycle	1900	639	44983.8
S000000691	YCR095C	S. cerevisiae	OCA4	Oxidant-induced Cell-cycle Arrest	1715	994	41651.9
S000000692	YCR096C	S. cerevisiae	HMRA2	Hidden Mat Right A	176		13891.2
S000000694	YCR097W	S. cerevisiae	HMRA1	Hidden Mat Right A	1183		14811.3
S000000695	YCR098C	S. cerevisiae	GIT1	GlycerophosphoInosiTol			57329.2
S000000696	YCR099C	S. cerevisiae					17951.7
S000000697	YCR100C	S. cerevisiae	EMA35	Efficient Mitochondria targeting-Associated protein	1381	155	35243.4
S000000698	YCR101C	S. cerevisiae					21114.1
S000000699	YCR102C	S. cerevisiae			1970	793	40118.2
S000000701	YCR104W	S. cerevisiae	PAU3	seriPAUperin family			13185.2
S000000702	YCR105W	S. cerevisiae	ADH7	Alcohol DeHydrogenase	2020	850	39347.9
S000000703	YCR106W	S. cerevisiae	RDS1	Regulator of Drug Sensitivity	599	489	95674
S000000704	YCR107W	S. cerevisiae	AAD3	Aryl-Alcohol Dehydrogenase	3260	244	40909.7
S000000718	YCR073W-A	S. cerevisiae	SOL2	Suppressor Of Los1-1	5788	3915	34498.6
S000000727	YEL001C	S. cerevisiae	IRC22	Increased Recombination Centers	6655	3650	24981.3
S000000728	YEL002C	S. cerevisiae	WBP1	Wheat germ agglutinin-Binding Protein	11465	2031	49384
S000000729	YEL003W	S. cerevisiae	GIM4	Gene Involved in Microtubule biogenesis	6857	3645	12995.1
S000000730	YEL004W	S. cerevisiae	YEA4		795	599	39283.6
S000000731	YEL005C	S. cerevisiae	VAB2	VAc8p Binding	2151	1086	31359.8
S000000732	YEL006W	S. cerevisiae	YEA6		1008	351	36977.2
S000000733	YEL007W	S. cerevisiae	MIT1	Muc1 expressed Independent of TEC1	3324	1160	72531.6
S000000734	YEL008W	S. cerevisiae			1158		14026.9
S000000735	YEL009C	S. cerevisiae	GCN4	General Control Nonderepressible	1648	1209	31300.4
S000000736	YEL010W	S. cerevisiae					13527.9
S000000737	YEL011W	S. cerevisiae	GLC3	GLyCogen	4014	1478	81096.1
S000000738	YEL012W	S. cerevisiae	UBC8	UBiquitin-Conjugating	2030	462	24599.8
S000000739	YEL013W	S. cerevisiae	VAC8	VACuole related	9669	2517	63187.5
S000000740	YEL014C	S. cerevisiae					12212.6
S000000741	YEL015W	S. cerevisiae	EDC3	Enhancer of mRNA DeCapping	4028	595	61335.8
S000000742	YEL016C	S. cerevisiae	NPP2	ecto-Nucleotide Pyrophosphatase/Phosphodiesterase			57339
S000000743	YEL017W	S. cerevisiae	GTT3	GlutaThione Transferase	2336	1036	38223.1
S000000744	YEL018W	S. cerevisiae	EAF5	Esa1p-Associated Factor	1430	640	31645.7
S000000745	YEL019C	S. cerevisiae	MMS21	Methyl MethaneSulfonate sensitivity	2206	1334	30344.6
S000000746	YEL020C	S. cerevisiae	PXP1	PeroXisomal Protein	1043	466	61290.1
S000000747	YEL021W	S. cerevisiae	URA3	URAcil requiring	13482	5677	29239.8
S000000748	YEL022W	S. cerevisiae	GEA2	Guanine nucleotide Exchange on ARF	3973	1309	165613.8
S000000749	YEL023C	S. cerevisiae					78312.3
S000000750	YEL024W	S. cerevisiae	RIP1	Rieske Iron-sulfur Protein	7801	3754	23367.3
S000000751	YEL025C	S. cerevisiae			694	525	136081.6
S000000752	YEL026W	S. cerevisiae	SNU13	Small NUclear ribonucleoprotein associated	25693	15502	13570.1
S000000753	YEL027W	S. cerevisiae	VMA3	Vacuolar Membrane Atpase	5416	2701	16352.8
S000000754	YEL028W	S. cerevisiae					17363
S000000755	YEL029C	S. cerevisiae	BUD16	BUD site selection	1426	642	35556.5
S000000756	YEL030W	S. cerevisiae	ECM10	ExtraCellular Mutant	10764	9643	70080.2
S000000757	YEL031W	S. cerevisiae	SPF1	Sensitivity to Pichia Farinosa killer toxin	15064	5429	135259.6
S000000758	YEL032W	S. cerevisiae	MCM3	MiniChromosome Maintenance	5360	1727	107486.6
S000000759	YEL033W	S. cerevisiae	MTC7	Maintenance of Telomere Capping	1405		16108.5
S000000760	YEL034W	S. cerevisiae	HYP2	HYPusine-containing protein	50245	22813	17103.4
S000000761	YEL035C	S. cerevisiae	UTR5	Unidentified TRanscript	1133		19343.4
S000000762	YEL036C	S. cerevisiae	ANP1	ANP and osmotic sensitive	3411	1614	58161.4
S000000763	YEL037C	S. cerevisiae	RAD23	RADiation sensitive	6615	4316	42328
S000000764	YEL038W	S. cerevisiae	UTR4	Unidentified TRanscript	5165	2401	25182.6
S000000765	YEL039C	S. cerevisiae	CYC7	CYtochrome C	3133	963	12541.6
S000000766	YEL040W	S. cerevisiae	UTR2	Unidentified TRanscript	6896	4359	49886.8
S000000767	YEL041W	S. cerevisiae	YEF1		600	434	55864.1
S000000768	YEL042W	S. cerevisiae	GDA1	Guanosine DiphosphatAse	7895	3477	56807
S000000769	YEL043W	S. cerevisiae	GTA1	Golgi vesicle Trafficking Associated	2379	777	106135.4
S000000770	YEL044W	S. cerevisiae	IES6	Ino Eighty Subunit	3753	1562	18549.3
S000000771	YEL045C	S. cerevisiae					16483.9
S000000772	YEL046C	S. cerevisiae	GLY1	GLYcine requiring	28069	19076	42807.5
S000000773	YEL047C	S. cerevisiae	FRD1	Fumarate ReDuctase	13630	6596	50838.6
S000000774	YEL048C	S. cerevisiae	TCA17	TRAPP Complex Associated protein	2388	609	17345.1
S000000775	YEL049W	S. cerevisiae	PAU2	seriPAUperin family			12816.6
S000000776	YEL050C	S. cerevisiae	RML2	Ribosomal Mitochondrial Large	1614	510	43835
S000000777	YEL051W	S. cerevisiae	VMA8	Vacuolar Membrane Atpase	11280	3707	29192.4
S000000778	YEL052W	S. cerevisiae	AFG1	ATPase Family Gene	3126	566	58272.3
S000000779	YEL053C	S. cerevisiae	MAK10	MAintenance of Killer	1809	178	84286.9
S000000780	YEL054C	S. cerevisiae	RPL12A	Ribosomal Protein of the Large subunit	38899	28484	17828.9
S000000781	YEL055C	S. cerevisiae	POL5	POLymerase	4297	835	115864
S000000782	YEL056W	S. cerevisiae	HAT2	Histone AcetylTransferase	6000	1021	45029.4
S000000783	YEL057C	S. cerevisiae	SDD1	Suppressor of Degenerative Death	1135		27244
S000000784	YEL058W	S. cerevisiae	PCM1	PhosphoaCetylglucosamine Mutase	7788	4204	62053.2
S000000785	YEL059W	S. cerevisiae	HHY1	Hypersensitivity to HYgromycin B			11342.4
S000000786	YEL060C	S. cerevisiae	PRB1	PRoteinase B	8037	5824	69606.1
S000000787	YEL061C	S. cerevisiae	CIN8	Chromosome INstability	763	682	113316.4
S000000788	YEL062W	S. cerevisiae	NPR2	Nitrogen Permease Regulator	1643	727	69868.4
S000000789	YEL063C	S. cerevisiae	CAN1	CANavanine resistance	3618	2020	65789.8
S000000790	YEL064C	S. cerevisiae	AVT2	Amino acid Vacuolar Transport	759		53331.2
S000000791	YEL065W	S. cerevisiae	SIT1	Siderophore Iron Transport	2822	1288	70566.3
S000000792	YEL066W	S. cerevisiae	HPA3	Histone and other Protein Acetyltransferase	3073	1132	18814.39
S000000793	YEL067C	S. cerevisiae			1835		21731.5
S000000794	YEL068C	S. cerevisiae			1289	337	12907.6
S000000795	YEL069C	S. cerevisiae	HXT13	HeXose Transporter	1366		62734.7
S000000796	YEL070W	S. cerevisiae	DSF1	Deletion Suppressor of mptFive/pufFive mutation	125		56460.7
S000000797	YEL071W	S. cerevisiae	DLD3	D-Lactate Dehydrogenase	24138	7758	55221.5
S000000798	YEL072W	S. cerevisiae	RMD6	Required for Meiotic nuclear Division	636	570	26817.2
S000000799	YEL073C	S. cerevisiae					11952.5
S000000800	YEL074W	S. cerevisiae					13072.3
S000000801	YEL075C	S. cerevisiae					13995.1
S000000802	YEL076C	S. cerevisiae			1141		24467.7
S000000803	YER001W	S. cerevisiae	MNN1	MaNNosyltransferase	2868	1521	88527
S000000804	YER002W	S. cerevisiae	NOP16	NucleOlar Protein	7032	2371	26908.8
S000000805	YER003C	S. cerevisiae	PMI40	PhosphoMannose Isomerase	15820	7830	48179.1
S000000806	YER004W	S. cerevisiae	FMP52	Found in Mitochondrial Proteome	4312	1583	25092.2
S000000807	YER005W	S. cerevisiae	YND1	Yeast Nucleoside Diphosphatase	1126	584	71840.6
S000000808	YER006W	S. cerevisiae	NUG1	NUclear GTPase	10309	3970	57716.4
S000000809	YER007W	S. cerevisiae	PAC2	Perish in the Absence of Cin8p	581	81	59265.2
S000000810	YER008C	S. cerevisiae	SEC3	SECretory	3308	871	154653.3
S000000811	YER009W	S. cerevisiae	NTF2	Nuclear Transport Factor	23607	7375	14446.2
S000000812	YER010C	S. cerevisiae			1584	729	25563.5
S000000813	YER011W	S. cerevisiae	TIR1	TIp1-Related	1171	548	24899.6
S000000814	YER012W	S. cerevisiae	PRE1	PRoteinase yscE	13312	3160	22513.9
S000000815	YER013W	S. cerevisiae	PRP22	Pre-mRNA Processing	1099	570	130014.2
S000000816	YER014W	S. cerevisiae	HEM14	HEMe biosynthesis	5048	2190	59720.7
S000000817	YER015W	S. cerevisiae	FAA2	Fatty Acid Activation	1180	820	83440.7
S000000818	YER016W	S. cerevisiae	BIM1	BInding to Microtubules	2653	1031	38350
S000000819	YER017C	S. cerevisiae	AFG3	ATPase Family Gene	3141	729	84557.7
S000000820	YER018C	S. cerevisiae	SPC25	Spindle Pole Component	1866	678	25241.7
S000000821	YER019W	S. cerevisiae	ISC1	Inositol phosphoSphingolipid phospholipase C	2158	956	53941.1
S000000822	YER020W	S. cerevisiae	GPA2	G Protein Alpha subunit	3398	814	50445.2
S000000823	YER021W	S. cerevisiae	RPN3	Regulatory Particle Non-ATPase	9081	1823	60377.3
S000000824	YER022W	S. cerevisiae	SRB4	Suppressor of RNA polymerase B	3342	464	78450.5
S000000825	YER023W	S. cerevisiae	PRO3	PROline requiring	21268	10483	30126.1
S000000826	YER024W	S. cerevisiae	YAT2		2130	1377	103316.9
S000000827	YER025W	S. cerevisiae	GCD11	General Control Derepressed	21201	7504	57863.5
S000000828	YER026C	S. cerevisiae	CHO1	CHOline requiring	5614	653	30798.8
S000000829	YER027C	S. cerevisiae	GAL83	GALactose metabolism	3514	1035	46619.7
S000000830	YER028C	S. cerevisiae	MIG3	Multicopy Inhibitor of Growth	1618	403	43140
S000000831	YER029C	S. cerevisiae	SMB1	SmB/B' homolog	2974	995	22403.4
S000000832	YER030W	S. cerevisiae	CHZ1	Chaperone for Htz1/H2A-H2B dimer	3660	1141	17440.6
S000000833	YER031C	S. cerevisiae	YPT31	Yeast Protein Two	8340	2927	24461.3
S000000834	YER032W	S. cerevisiae	FIR1	Factor Interacting with REF2	1042	173	98812.2
S000000835	YER033C	S. cerevisiae	ZRG8	Zinc Regulated Gene	1635	275	119281.1
S000000836	YER034W	S. cerevisiae			3666	895	21186.8
S000000837	YER035W	S. cerevisiae	EDC2	Enhancer of mRNA DeCapping	4335	384	16087.7
S000000838	YER036C	S. cerevisiae	ARB1	ATP-binding cassette protein involved in Ribosome Biogenesis	32089	8268	68370.8
S000000839	YER037W	S. cerevisiae	PHM8	PHosphate Metabolism	1259	930	37708.1
S000000840	YER038C	S. cerevisiae	KRE29	Killer toxin REsistant	273	124	53756.3
S000000841	YER039C	S. cerevisiae	HVG1	Homologous to VRG4			27691
S000000842	YER040W	S. cerevisiae	GLN3	GLutamiNe metabolism	1802	1135	79401
S000000843	YER041W	S. cerevisiae	YEN1		642	539	87362.8
S000000844	YER042W	S. cerevisiae	MXR1	peptide Methionine sulfoXide Reductase	4833	3639	21140.1
S000000845	YER043C	S. cerevisiae	SAH1	S-Adenosyl-l-Homocysteine hydrolase	78556	27388	49115
S000000846	YER044C	S. cerevisiae	ERG28	ERGosterol biosynthesis	3244	594	17141.4
S000000847	YER045C	S. cerevisiae	ACA1	ATF/CREB Activator	1366		54595.9
S000000848	YER046W	S. cerevisiae	SPO73	SPOrulation			16599
S000000849	YER047C	S. cerevisiae	SAP1	Sin1 Associated Protein	1480	305	100344.1
S000000850	YER048C	S. cerevisiae	CAJ1		12469	1828	44847.3
S000000851	YER049W	S. cerevisiae	TPA1	Termination and PolyAdenylation	7971	4414	74017.9
S000000852	YER050C	S. cerevisiae	RSM18	Ribosomal Small subunit of Mitochondria	1870	890	15855.8
S000000853	YER051W	S. cerevisiae	JHD1	JmjC domain-containing Histone Demethylase	494	225	56525.9
S000000854	YER052C	S. cerevisiae	HOM3	HOMoserine requiring	15784	6055	58105.3
S000000855	YER053C	S. cerevisiae	PIC2	PI Carrier	2713	546	33545.8
S000000856	YER054C	S. cerevisiae	GIP2	Glc7-Interacting Protein	1803	1502	62327.5
S000000857	YER055C	S. cerevisiae	HIS1	HIStidine	23238	6660	32264.7
S000000858	YER056C	S. cerevisiae	FCY2	FluoroCYtosine resistance	5492	3597	58191.5
S000000859	YER057C	S. cerevisiae	HMF1	Homologous Mmf1p Factor	19445	11247	13902.1
S000000860	YER058W	S. cerevisiae	PET117	PETite colonies	1983	1669	12286.3
S000000861	YER059W	S. cerevisiae	PCL6	Pho85 CycLin	2317	851	47001.6
S000000862	YER060W	S. cerevisiae	FCY21	FluoroCYtosine resistance	994	280	58041.4
S000000863	YER061C	S. cerevisiae	CEM1	Condensing Enzyme with Mitochondrial function	3023	1363	47559.9
S000000864	YER062C	S. cerevisiae	GPP2	Glycerol-3-Phosphate Phosphatase	14975	6614	27809.9
S000000865	YER063W	S. cerevisiae	THO1	suppressor of the Transcriptional defect of Hpr1 by Overexpression	8445	3261	24137.9
S000000866	YER064C	S. cerevisiae	VHR2	VHt1 Regulator	1253	298	56650.1
S000000867	YER065C	S. cerevisiae	ICL1	IsoCitrate Lyase	899	755	62399.4
S000000868	YER066W	S. cerevisiae	RRT13	Regulator of rDNA Transcription	1162		20682.7
S000000869	YER067W	S. cerevisiae	RGI1	Respiratory Growth Induced	8450	4280	18979.3
S000000870	YER068W	S. cerevisiae	MOT2	Modulator Of Transcription	4967	546	65358.9
S000000871	YER069W	S. cerevisiae	ARG56	ARGinine requiring	10129	6738	94875.2
S000000872	YER070W	S. cerevisiae	RNR1	RiboNucleotide Reductase	17841	13745	99549.2
S000000873	YER071C	S. cerevisiae	TDA2	Topoisomerase I Damage Affected	1886	539	14492.4
S000000874	YER072W	S. cerevisiae	VTC1	Vacuolar Transporter Chaperone	5416	3673	14381.3
S000000875	YER073W	S. cerevisiae	ALD5	ALdehyde Dehydrogenase	19764	10239	56696.4
S000000876	YER074W	S. cerevisiae	RPS24A	Ribosomal Protein of the Small subunit	45621	7439	15348.1
S000000877	YER075C	S. cerevisiae	PTP3	Protein Tyrosine Phosphatase	1443	623	105224.2
S000000878	YER076C	S. cerevisiae					33452.3
S000000879	YER077C	S. cerevisiae	MRX1	Mitochondrial oRganization of gene eXpression (MIOREX)	722	550	79580.6
S000000880	YER078C	S. cerevisiae	ICP55	Intermediate Cleaving Peptidase	2140	1098	57984.3
S000000881	YER079W	S. cerevisiae			1918	517	23203.8
S000000882	YER080W	S. cerevisiae	AIM9	Altered Inheritance rate of Mitochondria	7830	4393	72421.8
S000000883	YER081W	S. cerevisiae	SER3	SERine requiring	9807	5190	51180.7
S000000884	YER082C	S. cerevisiae	UTP7	U Three Protein	7185	991	62335.5
S000000885	YER083C	S. cerevisiae	GET2	Guided Entry of Tail-anchored proteins	3871	1188	31500.7
S000000886	YER084W	S. cerevisiae			2230	302	14322.9
S000000887	YER085C	S. cerevisiae					20498.2
S000000888	YER086W	S. cerevisiae	ILV1	IsoLeucine-plus-Valine requiring	12010	6022	63836.9
S000000889	YER087W	S. cerevisiae	AIM10	Altered Inheritance rate of Mitochondria	2644	779	65881.1
S000000890	YER088C	S. cerevisiae	DOT6	Disruptor Of Telomeric silencing	3048	769	73064.6
S000000891	YER089C	S. cerevisiae	PTC2	Phosphatase Two C	6912	3040	50360.7
S000000892	YER090W	S. cerevisiae	TRP2	TRyPtophan	16428	6426	56756.1
S000000893	YER091C	S. cerevisiae	MET6	METhionine requiring	111404	75050	85853.6
S000000894	YER092W	S. cerevisiae	IES5	Ino Eighty Subunit	3003	747	14299
S000000895	YER093C	S. cerevisiae	TSC11	Temperature-sensitive Suppressors of Csg2 mutants	733	544	164386.2
S000000896	YER094C	S. cerevisiae	PUP3	PUtative Proteasome subunit	15457	8463	22599
S000000897	YER095W	S. cerevisiae	RAD51	RADiation sensitive	6070	2766	42943.9
S000000898	YER096W	S. cerevisiae	SHC1	Sporulation-specific Homolog of CSD4	1263		56565.8
S000000899	YER097W	S. cerevisiae					12742.5
S000000900	YER098W	S. cerevisiae	UBP9	UBiquitin-specific Protease	1350	736	86244.3
S000000901	YER099C	S. cerevisiae	PRS2	PhosphoRibosylpyrophosphate Synthetase	3512	1015	34759.3
S000000902	YER100W	S. cerevisiae	UBC6	UBiquitin-Conjugating	2708	886	28379.3
S000000903	YER101C	S. cerevisiae	AST2	ATPase STabilizing	2106	680	48379.2
S000000904	YER102W	S. cerevisiae	RPS8B	Ribosomal Protein of the Small subunit	62537	15636	22517.2
S000000905	YER103W	S. cerevisiae	SSA4	Stress-Seventy subfamily A	13647	7949	69631.6
S000000906	YER104W	S. cerevisiae	RTT105	Regulator of Ty1 Transposition	1221	962	24405.2
S000000907	YER105C	S. cerevisiae	NUP157	NUclear Pore	3875	466	156636.6
S000000908	YER106W	S. cerevisiae	MAM1	Monopolar microtubule Attachment during Meiosis I	1132		35762.1
S000000909	YER107C	S. cerevisiae	GLE2	GLFG LEthal	3690	897	40529.2
S000000912	YER110C	S. cerevisiae	KAP123	KAryoPherin	32745	7494	122526.6
S000000913	YER111C	S. cerevisiae	SWI4	SWItching deficient	1278	335	123820
S000000914	YER112W	S. cerevisiae	LSM4	Like SM	6473	2529	21281.5
S000000915	YER113C	S. cerevisiae	TMN3	TransMembrane Nine	1985	590	81546.2
S000000916	YER114C	S. cerevisiae	BOI2	Bem1 (One) Interacting protein	2905	904	115697.8
S000000917	YER115C	S. cerevisiae	SPR6	SPorulation Regulated	1177		21526.2
S000000918	YER116C	S. cerevisiae	SLX8	Synthetic Lethal of unknown (X) function	1215		30741.2
S000000919	YER117W	S. cerevisiae	RPL23B	Ribosomal Protein of the Large subunit	17015	12460	14485.3
S000000920	YER118C	S. cerevisiae	SHO1	"Synthetic, High Osmolarity-sensitive"	1534	906	41119
S000000921	YER119C	S. cerevisiae	AVT6	Amino acid Vacuolar Transport	1337	1	48849.8
S000000922	YER120W	S. cerevisiae	SCS2	Suppressor of Choline Sensitivity	14184	9151	26915.7
S000000923	YER121W	S. cerevisiae					12935.1
S000000924	YER122C	S. cerevisiae	GLO3	GLyOxalase	7304	3032	55097.3
S000000925	YER123W	S. cerevisiae	YCK3	Yeast Casein Kinase	3080	698	60274.6
S000000926	YER124C	S. cerevisiae	DSE1	Daughter Specific Expression	1189	1184	63990.4
S000000927	YER125W	S. cerevisiae	RSP5	Reverses Spt- Phenotype	6335	1139	91810.2
S000000928	YER126C	S. cerevisiae	NSA2	Nop Seven Associated	9663	5015	29752.3
S000000929	YER127W	S. cerevisiae	LCP5	Lethal with Conditional Pap1	1430	876	40792.9
S000000930	YER128W	S. cerevisiae	VFA1	Vps Four-Associated	1988	757	23491.9
S000000931	YER129W	S. cerevisiae	SAK1	Snf1 Activating Kinase	1232	483	126889.1
S000000932	YER130C	S. cerevisiae	COM2	Cousin of Msn2			50309.2
S000000933	YER131W	S. cerevisiae	RPS26B	Ribosomal Protein of the Small subunit	77439	20831	13470.2
S000000934	YER132C	S. cerevisiae	PMD1	Paralog of MDS3	1330	662	195387.8
S000000935	YER133W	S. cerevisiae	GLC7	GLyCogen	14600	7042	35900.6
S000000936	YER134C	S. cerevisiae			7421	1107	20440.6
S000000937	YER135C	S. cerevisiae			1205		15430.4
S000000938	YER136W	S. cerevisiae	GDI1	GDP Dissociation Inhibitor	14010	3996	51196.7
S000000939	YER137C	S. cerevisiae			1130	650	16610.7
S000000941	YER139C	S. cerevisiae	RTR1	Regulator of TRanscription	2796	563	26223.8
S000000942	YER140W	S. cerevisiae	EMP65	ER Membrane Protein of 65 kDa	1562	3	64825.9
S000000943	YER141W	S. cerevisiae	COX15	Cytochrome c OXidase	6031	2667	54690.2
S000000944	YER142C	S. cerevisiae	MAG1	3-MethylAdenine DNA Glycosylase	1946	1204	34335.2
S000000945	YER143W	S. cerevisiae	DDI1	DNA Damage Inducible	3840	2148	47342.6
S000000946	YER144C	S. cerevisiae	UBP5	UBiquitin-specific Protease	771	548	92271.7
S000000947	YER145C	S. cerevisiae	FTR1	Fe TRansporter	5558	2968	45727.8
S000000948	YER146W	S. cerevisiae	LSM5	Like SM	6156	5416	10415
S000000949	YER147C	S. cerevisiae	SCC4	Sister Chromatid Cohesion	623	310	72144.6
S000000950	YER148W	S. cerevisiae	SPT15	SuPpressor of Ty insertions	4563	809	27011.6
S000000951	YER149C	S. cerevisiae	PEA2	PEAnut shmoo mutant	2159	1394	48151
S000000952	YER150W	S. cerevisiae	SPI1	Stationary Phase Induced	4389	45	14988.9
S000000953	YER151C	S. cerevisiae	UBP3	UBiquitin-specific Protease	6584	2579	101918.9
S000000954	YER152C	S. cerevisiae			2288	973	49486.8
S000000955	YER153C	S. cerevisiae	PET122	PETite colonies	468		29162.6
S000000956	YER154W	S. cerevisiae	OXA1	cytochrome OXidase Activity	5197	1620	44836.4
S000000957	YER155C	S. cerevisiae	BEM2	Bud EMergence	4005	1315	245445
S000000958	YER156C	S. cerevisiae	MYG1		7018	3371	38174.8
S000000959	YER157W	S. cerevisiae	COG3	Conserved Oligomeric Golgi complex	2578	796	92525.8
S000000960	YER158C	S. cerevisiae			784	198	63737.8
S000000961	YER159C	S. cerevisiae	BUR6	Bypass UAS Requirement	4971	922	15511.8
S000000963	YER161C	S. cerevisiae	SPT2	SuPpressor of Ty's	3223	611	38565
S000000964	YER162C	S. cerevisiae	RAD4	RADiation sensitive	870	455	87179.4
S000000965	YER163C	S. cerevisiae	GCG1	Gamma-glutamyl Cyclotransferase acting on Glutathione	1903	741	26285.7
S000000966	YER164W	S. cerevisiae	CHD1	"Chromatin organization modifier, Helicase, and DNA-binding domains"	3713	1150	168226
S000000967	YER165W	S. cerevisiae	PAB1	Poly(A) Binding protein	62422	31155	64335.9
S000000968	YER166W	S. cerevisiae	DNF1	Drs2 Neo1 Family	3158	1120	177776.8
S000000969	YER167W	S. cerevisiae	BCK2	Bypass of C Kinase	1165	373	93740
S000000970	YER168C	S. cerevisiae	CCA1	tRNA CCA-pyrophosphorylase	4481	1161	62488.6
S000000971	YER169W	S. cerevisiae	RPH1	Regulator of PHR1	1784	549	90232.6
S000000972	YER170W	S. cerevisiae	ADK2	ADenylate Kinase	1165	530	25197.2
S000000973	YER171W	S. cerevisiae	RAD3	RADiation sensitive	2505	999	89767
S000000974	YER172C	S. cerevisiae	BRR2	Bad Response to Refrigeration	1898	952	246125.2
S000000975	YER173W	S. cerevisiae	RAD24	RADiation sensitive	752	514	75719.4
S000000976	YER174C	S. cerevisiae	GRX4	GlutaRedoXin	3878	1411	27475
S000000977	YER175C	S. cerevisiae	TMT1	Trans-aconitate MethylTransferase	6073	3734	34763.6
S000000978	YER176W	S. cerevisiae	ECM32	ExtraCellular Mutant	2507	1110	127020.3
S000000979	YER177W	S. cerevisiae	BMH1	Brain Modulosignalin Homolog	65471	30341	30074.6
S000000980	YER178W	S. cerevisiae	PDA1	Pyruvate Dehydrogenase Alpha	19844	7705	46346.6
S000000981	YER179W	S. cerevisiae	DMC1	Disrupted Meiotic cDNA			36607
S000000982	YER180C	S. cerevisiae	ISC10	message Induced in Sporogenesis in S. Cerevisiae	1138		31639.3
S000000983	YER181C	S. cerevisiae					12460.3
S000000984	YER182W	S. cerevisiae	FMP10	Found in Mitochondrial Proteome	2572	800	27710.3
S000000985	YER183C	S. cerevisiae	FAU1	Folinic Acid Utilization	2473	1356	24057
S000000986	YER184C	S. cerevisiae	TOG1	Transcriptional regulator of Oleate utilization Genes	5		91083
S000000987	YER185W	S. cerevisiae	PUG1	Protoporphyrin Uptake Gene	2774		33738
S000000988	YER186C	S. cerevisiae					35911.8
S000000989	YER187W	S. cerevisiae			2706	1566	15381.5
S000000990	YER188W	S. cerevisiae					27298.6
S000000991	YER189W	S. cerevisiae					14008.1
S000000992	YER190W	S. cerevisiae	YRF1-2		635	528	190504.5
S000000993	YHL001W	S. cerevisiae	RPL14B	Ribosomal Protein of the Large subunit	41192	7251	15172.4
S000000994	YHL002W	S. cerevisiae	HSE1	"Has Symptoms of class E mutants; resembles Hbp, Stam and East"	2756	994	51155.2
S000000995	YHL003C	S. cerevisiae	LAG1	Longevity Assurance Gene	4848	2126	48462.9
S000000996	YHL004W	S. cerevisiae	MRP4	Mitochondrial Ribosomal Protein	3969	1268	44155.3
S000000997	YHL005C	S. cerevisiae			1275		15382.9
S000000998	YHL006C	S. cerevisiae	SHU1	Suppressor of HU sensitivity	1148		17121.9
S000000999	YHL007C	S. cerevisiae	STE20	STErile	3869	1268	102361.5
S000001000	YHL008C	S. cerevisiae			819	447	69969.6
S000001001	YHL009C	S. cerevisiae	YAP3	Yeast AP-1	1947	624	37942.5
S000001002	YHL010C	S. cerevisiae	ETP1	Ethanol Tolerance Protein	835	530	67496.1
S000001003	YHL011C	S. cerevisiae	PRS3	PhosphoRibosylpyrophosphate Synthetase	10069	1566	35127.2
S000001004	YHL012W	S. cerevisiae					55985.6
S000001005	YHL013C	S. cerevisiae	OTU2	member of the Ovarian TUmor family	3598	1235	36105.5
S000001006	YHL014C	S. cerevisiae	YLF2		1392	295	45715.1
S000001007	YHL015W	S. cerevisiae	RPS20	Ribosomal Protein of the Small subunit	72189	54347	13912.2
S000001008	YHL016C	S. cerevisiae	DUR3	Degradation of URea	541	187	80606.4
S000001009	YHL017W	S. cerevisiae			2037	427	61176.1
S000001010	YHL018W	S. cerevisiae	MCO14	Mitochondrial Class One protein of 14 kDa	1491	1453	14028.3
S000001011	YHL019C	S. cerevisiae	APM2	clathrin Adaptor Protein complex Medium chain	930	553	69986.6
S000001012	YHL020C	S. cerevisiae	OPI1	OverProducer of Inositol	2525	1033	46047.4
S000001013	YHL021C	S. cerevisiae	AIM17	Altered Inheritance rate of Mitochondria	8617	2817	53135.3
S000001014	YHL022C	S. cerevisiae	SPO11	SPOrulation	1339		45430.4
S000001015	YHL023C	S. cerevisiae	NPR3	Nitrogen Permease Regulator	1165	406	129952.8
S000001016	YHL024W	S. cerevisiae	RIM4	Regulator of IME2	1539	877	80087.6
S000001017	YHL025W	S. cerevisiae	SNF6	Sucrose NonFermenting	1857	1050	37597.1
S000001018	YHL026C	S. cerevisiae			1057	227	35716.5
S000001019	YHL027W	S. cerevisiae	RIM101	Regulator of IME2	1603	506	68231.2
S000001020	YHL028W	S. cerevisiae	WSC4	cell Wall integrity and Stress response Component	320	319	63804.6
S000001021	YHL029C	S. cerevisiae	OCA5	Oxidant-induced Cell-cycle Arrest	3012	1223	77745
S000001022	YHL030W	S. cerevisiae	ECM29	ExtraCellular Mutant	2950	1607	210421
S000001023	YHL031C	S. cerevisiae	GOS1	GOlgi Snare	4356	1519	25401.1
S000001024	YHL032C	S. cerevisiae	GUT1	Glycerol UTilization	861	326	79829.2
S000001025	YHL033C	S. cerevisiae	RPL8A	Ribosomal Protein of the Large subunit	113252	92746	28150.2
S000001026	YHL034C	S. cerevisiae	SBP1		25752	6624	32981
S000001027	YHL035C	S. cerevisiae	VMR1	Vacuolar Multidrug Resistance	1217	982	180943.8
S000001028	YHL036W	S. cerevisiae	MUP3	Methionine UPtake	1458	318	60629
S000001029	YHL037C	S. cerevisiae					15465.6
S000001030	YHL038C	S. cerevisiae	CBP2	Cytochrome B mRNA Processing	1814	657	73875.9
S000001031	YHL039W	S. cerevisiae	EFM1	Elongation Factor Methyltransferase	3327	626	67449.9
S000001032	YHL040C	S. cerevisiae	ARN1	AFT1 ReguloN	823		70904.1
S000001033	YHL041W	S. cerevisiae					17566.3
S000001034	YHL042W	S. cerevisiae			1324		17574.7
S000001035	YHL043W	S. cerevisiae	ECM34	ExtraCellular Mutant	1128		19815.9
S000001036	YHL044W	S. cerevisiae			1177		26974.8
S000001037	YHL045W	S. cerevisiae					13318.9
S000001038	YHL046C	S. cerevisiae	PAU13	seriPAUperin			12876.8
S000001039	YHL047C	S. cerevisiae	ARN2	AFT1 ReguloN	1204		69572
S000001040	YHL048W	S. cerevisiae	COS8	COnserved Sequence	2724	346	45883.8
S000001041	YHL049C	S. cerevisiae			1221		31514.8
S000001042	YHL050C	S. cerevisiae			897	262	79021.4
S000001043	YHR001W	S. cerevisiae	OSH7	OxySterol binding protein Homolog	5944	3052	49803.1
S000001044	YHR002W	S. cerevisiae	LEU5	LEUcine biosynthesis	2281	2273	40842.8
S000001045	YHR003C	S. cerevisiae	TCD1	tRNA ThreonylCarbamoyladenosine Dehydratase	3419	922	48880.8
S000001046	YHR004C	S. cerevisiae	NEM1	Nuclear Envelope Morphology	1036	617	50650.1
S000001047	YHR005C	S. cerevisiae	GPA1	G Protein Alpha subunit	5057	2074	54077.2
S000001048	YHR006W	S. cerevisiae	STP2	protein with similarity to Stp1p	610	490	60784.8
S000001049	YHR007C	S. cerevisiae	ERG11	ERGosterol biosynthesis	13032	5871	60726.8
S000001050	YHR008C	S. cerevisiae	SOD2	SuperOxide Dismutase	11463	6095	25776.4
S000001051	YHR009C	S. cerevisiae	TDA3	Topoisomerase I Damage Affected	4585	1119	57596.3
S000001052	YHR010W	S. cerevisiae	RPL27A	Ribosomal Protein of the Large subunit	7380	5461	15551.6
S000001053	YHR011W	S. cerevisiae	DIA4	Digs Into Agar	1246	763	50399.6
S000001054	YHR012W	S. cerevisiae	VPS29	Vacuolar Protein Sorting	4474	1047	30993.7
S000001055	YHR013C	S. cerevisiae	ARD1	ARrest Defective	5599	1203	27586.4
S000001056	YHR014W	S. cerevisiae	SPO13	SPOrulation			33308
S000001057	YHR015W	S. cerevisiae	MIP6	Mex67-Interacting Protein	99		75950.7
S000001058	YHR016C	S. cerevisiae	YSC84		2644	811	50903.5
S000001059	YHR017W	S. cerevisiae	YSC83		1905	487	44244.5
S000001060	YHR018C	S. cerevisiae	ARG4	ARGinine requiring	13981	8992	51975.6
S000001061	YHR019C	S. cerevisiae	DED81	Defines Essential Domain	36081	7954	62196.4
S000001062	YHR020W	S. cerevisiae			31079	6720	77378.9
S000001063	YHR021C	S. cerevisiae	RPS27B	Ribosomal Protein of the Small subunit	52159	11467	8871.5
S000001064	YHR022C	S. cerevisiae			1575		28995.3
S000001065	YHR023W	S. cerevisiae	MYO1	MYOsin	2082	738	223618
S000001066	YHR024C	S. cerevisiae	MAS2	Mitochondrial ASsembly	6240	2067	53331.2
S000001067	YHR025W	S. cerevisiae	THR1	THReonine requiring	10860	5241	38705.8
S000001068	YHR026W	S. cerevisiae	VMA16	Vacuolar Membrane Atpase	9361	3284	22597.9
S000001069	YHR027C	S. cerevisiae	RPN1	Regulatory Particle Non-ATPase	11502	5326	109406.5
S000001070	YHR028C	S. cerevisiae	DAP2	Dipeptidyl AminoPeptidase	3103	1737	93374.8
S000001071	YHR029C	S. cerevisiae	YHI9		7610	3004	32557.7
S000001072	YHR030C	S. cerevisiae	SLT2	Suppressor of the LyTic phenotype	3347	1023	55617.4
S000001073	YHR031C	S. cerevisiae	RRM3	rDNA Recombination Mutation	455	153	81614.4
S000001074	YHR032W	S. cerevisiae	ERC1	Ethionine Resistance Conferring	513		64199.7
S000001075	YHR033W	S. cerevisiae			2162	764	46855
S000001076	YHR034C	S. cerevisiae	PIH1	Protein Interacting with Hsp90	2835	724	39511.8
S000001077	YHR035W	S. cerevisiae	NEL1	Non-ERES Localized Sec23 homolog 1	450		72322.1
S000001078	YHR036W	S. cerevisiae	BRL1	BRr6 Like protein	1413	495	53355.5
S000001079	YHR037W	S. cerevisiae	PUT2	Proline UTilization	8373	2582	64433.7
S000001080	YHR038W	S. cerevisiae	RRF1	Ribosome Recycling Factor	2550	1062	26424.1
S000001081	YHR039C	S. cerevisiae	MSC7	Meiotic Sister-Chromatid recombination	5727	1909	71323.6
S000001082	YHR040W	S. cerevisiae	BCD1	Box C/D snoRNA accumulation	1723	625	42325.4
S000001083	YHR041C	S. cerevisiae	SRB2	Suppressor of RNA polymerase B	3966	1765	22888.3
S000001084	YHR042W	S. cerevisiae	NCP1	NADP-Cytochrome P450 reductase	12180	4393	76748.2
S000001085	YHR043C	S. cerevisiae	DOG2	DeOxyGlucose	4122	1722	27161.3
S000001086	YHR044C	S. cerevisiae	DOG1	DeOxyGlucose	1339	1064	27094
S000001087	YHR045W	S. cerevisiae			2653	898	62691.6
S000001088	YHR046C	S. cerevisiae	INM1	INositol Monophosphatase	2949	880	32815.5
S000001089	YHR047C	S. cerevisiae	AAP1	Arginine/alanine AminoPeptidase	10958	3967	97637.2
S000001090	YHR048W	S. cerevisiae	YHK8				57848.5
S000001091	YHR049W	S. cerevisiae	FSH1	Family of Serine Hydrolases	9271	4567	27334.4
S000001092	YHR050W	S. cerevisiae	SMF2	Suppressor of Mitochondria import Function	971	260	59760.7
S000001093	YHR051W	S. cerevisiae	COX6	Cytochrome c OXidase	10058	2387	17339.8
S000001094	YHR052W	S. cerevisiae	CIC1	Core Interacting Component	11189	4240	42535.1
S000001095	YHR053C	S. cerevisiae	CUP1-1	"Cu, copper, CUPrum"	2815	1908	6649.6
S000001096	YHR054C	S. cerevisiae			1167		41059.4
S000001097	YHR055C	S. cerevisiae	CUP1-2	"Cu, copper, CUPrum"	2394	1862	6649.6
S000001098	YHR056C	S. cerevisiae	RSC30	Remodel the Structure of Chromatin	2346	1137	101340.7
S000001099	YHR057C	S. cerevisiae	CPR2	Cyclosporin A-sensitive Proline Rotamase	2300	1021	22765
S000001100	YHR058C	S. cerevisiae	MED6	MEDiator complex	3345	1396	32814.3
S000001101	YHR059W	S. cerevisiae	FYV4	Function required for Yeast Viability	2502	599	15307.9
S000001102	YHR060W	S. cerevisiae	VMA22	Vacuolar Membrane Atpase	2287	1171	21074.9
S000001103	YHR061C	S. cerevisiae	GIC1	GTPase Interactive Component	1464	780	35233.6
S000001104	YHR062C	S. cerevisiae	RPP1	Ribonuclease P Protein	3076	1054	32238.8
S000001105	YHR063C	S. cerevisiae	PAN5	PANtothenate biosynthesis	8372	5772	42818.8
S000001106	YHR064C	S. cerevisiae	SSZ1		41718	10307	58215.1
S000001107	YHR065C	S. cerevisiae	RRP3	Ribosomal RNA Processing	5744	2141	55981.6
S000001108	YHR066W	S. cerevisiae	SSF1	Suppressor of ste4 (Four)	5564	1337	51776.8
S000001109	YHR067W	S. cerevisiae	HTD2	Hydroxyacyl-Thioester Dehydratase	972	556	33062.6
S000001110	YHR068W	S. cerevisiae	DYS1	DeoxyhYpusine Synthase	14180	6569	42883.6
S000001111	YHR069C	S. cerevisiae	RRP4	Ribosomal RNA Processing	5006	740	39422.8
S000001112	YHR070W	S. cerevisiae	TRM5	tRNA Methyltransferase	4634	712	56525
S000001113	YHR071W	S. cerevisiae	PCL5	Pho85 CycLin	1457	310	26478.6
S000001114	YHR072W	S. cerevisiae	ERG7	ERGosterol biosynthesis	3482	1567	83452
S000001115	YHR073W	S. cerevisiae	OSH3	OxySterol binding protein Homolog	2700	679	113769
S000001116	YHR074W	S. cerevisiae	QNS1	glutamine (Q) dependent Nad+ Synthetase	5436	2407	80678.6
S000001117	YHR075C	S. cerevisiae	PPE1	Phosphoprotein Phosphatase methylEsterase	1259	144	44886.3
S000001118	YHR076W	S. cerevisiae	PTC7	Phosphatase type Two C	6763	3193	37780.7
S000001119	YHR077C	S. cerevisiae	NMD2	Nonsense-mediated MRNA Decay	2350	1042	126700
S000001120	YHR078W	S. cerevisiae			550	357	63331.2
S000001121	YHR079C	S. cerevisiae	IRE1	Inositol REquiring	267	207	126965
S000001122	YHR080C	S. cerevisiae	LAM4	Lipid transfer protein Anchored at Membrane contact sites	940	706	149691.6
S000001123	YHR081W	S. cerevisiae	LRP1	Like RrP6	4725	1587	21056.5
S000001124	YHR082C	S. cerevisiae	KSP1	Kinase Suppressing Prp20-10	2690	472	117065
S000001125	YHR083W	S. cerevisiae	SAM35	Sorting and Assembly Machinery	2003	634	37403.6
S000001126	YHR084W	S. cerevisiae	STE12	STErile	2668	678	77855.5
S000001127	YHR085W	S. cerevisiae	IPI1	Involved in Processing ITS2	2989	853	37883.4
S000001128	YHR086W	S. cerevisiae	NAM8	Nuclear Accommodation of Mitochondria	2716	883	56977.1
S000001129	YHR087W	S. cerevisiae	RTC3	Restriction of Telomere Capping	17917	11846	12006.5
S000001130	YHR088W	S. cerevisiae	RPF1	Ribosome Production Factor	5481	1132	35132.8
S000001131	YHR089C	S. cerevisiae	GAR1	Glycine Arginine Rich	19378	8425	21506.9
S000001132	YHR090C	S. cerevisiae	YNG2	Yeast iNG1 homolog	1783	737	32089.9
S000001133	YHR091C	S. cerevisiae	MSR1	Mitochondrial tRNA Synthetase aRginine	1358	477	73715
S000001134	YHR092C	S. cerevisiae	HXT4	HeXose Transporter	2294	855	63908.6
S000001135	YHR093W	S. cerevisiae	AHT1				19788.3
S000001136	YHR094C	S. cerevisiae	HXT1	HeXose Transporter	6830	4392	63263
S000001137	YHR095W	S. cerevisiae					19048.3
S000001138	YHR096C	S. cerevisiae	HXT5	HeXose Transporter	1060	907	66254.1
S000001139	YHR097C	S. cerevisiae	PAL2	Pears And Lemons	4009	1181	40682.7
S000001140	YHR098C	S. cerevisiae	SFB3	Sed Five Binding	6563	2071	103937.2
S000001141	YHR099W	S. cerevisiae	TRA1	similar to human TRRAP	3744	2287	433141.3
S000001142	YHR100C	S. cerevisiae	GEP4	GEnetic interactors of Prohibitins	835	296	20949.4
S000001143	YHR101C	S. cerevisiae	BIG1	Bad In Glucose	1510	761	39061.9
S000001144	YHR102W	S. cerevisiae	KIC1	Kinase that Interacts with Cdc31p	1821	781	117066
S000001145	YHR103W	S. cerevisiae	SBE22	similar to SBE2	1823	769	96402.6
S000001146	YHR104W	S. cerevisiae	GRE3	Genes de Respuesta a Estres (stress responsive genes)	14438	4331	37117.1
S000001147	YHR105W	S. cerevisiae	YPT35		2059	1354	24648.2
S000001148	YHR106W	S. cerevisiae	TRR2	ThioRedoxin Reductase	1299	885	37085.8
S000001149	YHR107C	S. cerevisiae	CDC12	Cell Division Cycle	11544	2161	46669.5
S000001150	YHR108W	S. cerevisiae	GGA2	"Golgi-localized, Gamma-adaptin ear homology, Arf-binding protein"	6979	2756	64341.5
S000001151	YHR109W	S. cerevisiae	CTM1	CyTochrome c Methyltransferase	1608	317	68253.6
S000001152	YHR110W	S. cerevisiae	ERP5	Emp24p/Erv25p Related Protein	1651	530	24246.9
S000001153	YHR111W	S. cerevisiae	UBA4	UBiquitin-Activating	3270	677	49357.9
S000001154	YHR112C	S. cerevisiae			3852	900	42434.4
S000001155	YHR113W	S. cerevisiae	APE4		5519	2673	54170.1
S000001156	YHR114W	S. cerevisiae	BZZ1		3845	1505	71162
S000001157	YHR115C	S. cerevisiae	DMA1	Defective in Mitotic Arrest	1722	631	46094.5
S000001158	YHR116W	S. cerevisiae	COX23	Cytochrome OXidase	2305	861	17319
S000001159	YHR117W	S. cerevisiae	TOM71	Translocase of the Outer Mitochondrial membrane	4089	810	71849.9
S000001160	YHR118C	S. cerevisiae	ORC6	Origin Recognition Complex	1952	1094	50299.3
S000001161	YHR119W	S. cerevisiae	SET1	SET domain-containing	981	720	123937.2
S000001162	YHR120W	S. cerevisiae	MSH1	MutS Homolog	943	629	109424.8
S000001163	YHR121W	S. cerevisiae	LSM12	Like SM	6250	2710	21320.8
S000001164	YHR122W	S. cerevisiae	CIA2	Cytosolic Iron-sulfur protein Assembly	2753	465	25653.1
S000001165	YHR123W	S. cerevisiae	EPT1	EthanolaminePhosphoTransferase	2842	579	44555
S000001166	YHR124W	S. cerevisiae	NDT80	Non-DiTyrosine	441		71474.2
S000001167	YHR125W	S. cerevisiae					11891.3
S000001168	YHR126C	S. cerevisiae	ANS1				16633.6
S000001169	YHR127W	S. cerevisiae			2318	643	27153.5
S000001170	YHR128W	S. cerevisiae	FUR1	5-FluoroURidine resistant	18845	4970	24591.7
S000001171	YHR129C	S. cerevisiae	ARP1	Actin-Related Protein	1068	655	42990.9
S000001172	YHR130C	S. cerevisiae					13395.8
S000001173	YHR131C	S. cerevisiae			413	241	96063.6
S000001174	YHR132C	S. cerevisiae	ECM14	ExtraCellular Mutant	3917	1713	49809.4
S000001175	YHR133C	S. cerevisiae	NSG1		4669	1137	32219.7
S000001176	YHR134W	S. cerevisiae	WSS1	Weak Suppressor of Smt3	1168		30631.5
S000001177	YHR135C	S. cerevisiae	YCK1	Yeast Casein Kinase I homolog	4031	1022	61726.1
S000001178	YHR136C	S. cerevisiae	SPL2	Suppressor of PLc1 deletion	2180	742	17033
S000001179	YHR137W	S. cerevisiae	ARO9	AROmatic amino acid requiring	6065	3464	58518
S000001180	YHR138C	S. cerevisiae			3530	1821	12746.6
S000001181	YHR139C	S. cerevisiae	SPS100	SPorulation Specific	1161	743	34222.4
S000001182	YHR140W	S. cerevisiae			3489		27159.2
S000001183	YHR141C	S. cerevisiae	RPL42B	Ribosomal Protein of the Large subunit	31039	14810	12239
S000001184	YHR142W	S. cerevisiae	CHS7	CHitin Synthase-related	2296	871	34894.5
S000001185	YHR143W-A	S. cerevisiae	RPC10	RNA Polymerase C	9876	3734	7723.1
S000001186	YHR143W	S. cerevisiae	DSE2	Daughter Specific Expression	1715	635	33408.4
S000001187	YHR144C	S. cerevisiae	DCD1	dCMP Deaminase	1510	151	35649.7
S000001188	YHR145C	S. cerevisiae					13749.7
S000001189	YHR146W	S. cerevisiae	CRP1	Cruciform DNA-Recognizing Protein	11009	3432	51116.2
S000001190	YHR147C	S. cerevisiae	MRPL6	"Mitochondrial Ribosomal Protein, Large subunit"	3688	1577	23902.2
S000001191	YHR148W	S. cerevisiae	IMP3	Interacting with Mpp10p	3952	1809	21897.8
S000001192	YHR149C	S. cerevisiae	SKG6	Suppressor of lethality of Kex2 Gas1 double null mutant	1550	1003	81812.6
S000001193	YHR150W	S. cerevisiae	PEX28	PEroXisome related	308	160	66146.9
S000001194	YHR151C	S. cerevisiae	MTC6	Maintenance of Telomere Capping	1518		59808
S000001195	YHR152W	S. cerevisiae	SPO12	SPOrulation	937	379	19919.6
S000001196	YHR153C	S. cerevisiae	SPO16	SPOrulation			23123.5
S000001197	YHR154W	S. cerevisiae	RTT107	Regulator of Ty1 Transposition	1600	897	123020.3
S000001198	YHR155W	S. cerevisiae	LAM1	Lipid transfer protein Anchored at Membrane contact sites	1167	365	143592.9
S000001199	YHR156C	S. cerevisiae	LIN1	LINk	811	173	40345.8
S000001200	YHR157W	S. cerevisiae	REC104	RECombination	1179		20737.4
S000001201	YHR158C	S. cerevisiae	KEL1	KELch repeat	4545	3108	131047
S000001202	YHR159W	S. cerevisiae	TDA11	Topoisomerase I Damage Affected	1136	632	56316.8
S000001203	YHR160C	S. cerevisiae	PEX18	PEroXin	1564		32022.5
S000001204	YHR161C	S. cerevisiae	YAP1801	Yeast Assembly Polypeptide	2741	986	71656.8
S000001205	YHR162W	S. cerevisiae	MPC2	Mitochondrial Pyruvate Carrier	4045	635	14565.1
S000001206	YHR163W	S. cerevisiae	SOL3	Suppressor Of Los1-1	5939	1757	27777.7
S000001207	YHR164C	S. cerevisiae	DNA2	DNA synthesis defective	911	732	171684.4
S000001208	YHR165C	S. cerevisiae	PRP8	Pre-mRNA Processing	1905	1335	279499.3
S000001209	YHR166C	S. cerevisiae	CDC23	Cell Division Cycle	811	665	73098.8
S000001210	YHR167W	S. cerevisiae	THP2	THO2 - HPR1 Phenotype	2364	590	30286.5
S000001211	YHR168W	S. cerevisiae	MTG2	MiTochondrial Gtpase 2	497	202	57858.9
S000001212	YHR169W	S. cerevisiae	DBP8	Dead Box Protein	3310	1128	47895.3
S000001213	YHR170W	S. cerevisiae	NMD3	Nonsense-Mediated mRNA Decay	8838	2050	59076.8
S000001214	YHR171W	S. cerevisiae	ATG7	AuTophaGy related	1162	394	71419.8
S000001215	YHR172W	S. cerevisiae	SPC97	Spindle Pole Component	1794	378	96816.8
S000001216	YHR173C	S. cerevisiae			149		12877.9
S000001217	YHR174W	S. cerevisiae	ENO2	ENOlase	736617	596163	46905.6
S000001218	YHR175W	S. cerevisiae	CTR2	Copper TRansport	2463	520	21651.3
S000001219	YHR176W	S. cerevisiae	FMO1	Flavin containing MonoOxygenase	81	5	49097.3
S000001220	YHR177W	S. cerevisiae	ROF1	Regulator Of Fluffy	1423		52063.4
S000001221	YHR178W	S. cerevisiae	STB5	Sin Three Binding protein	310	110	83486.5
S000001222	YHR179W	S. cerevisiae	OYE2	Old Yellow Enzyme	29619	4442	45007
S000001223	YHR180W	S. cerevisiae					18130.6
S000001224	YHR181W	S. cerevisiae	SVP26	Sed5 Vesicle Protein	2788	978	26286.9
S000001225	YHR182W	S. cerevisiae	RGD3		663	476	90100.9
S000001226	YHR183W	S. cerevisiae	GND1	6-phosphoGlucoNateDehydrogenase	107317	65557	53539.8
S000001227	YHR184W	S. cerevisiae	SSP1		216	209	65805.1
S000001228	YHR185C	S. cerevisiae	PFS1	Prospore Formation at Spindles	1249		27877.7
S000001229	YHR186C	S. cerevisiae	KOG1	Kontroller Of Growth	1729	627	177614.1
S000001230	YHR187W	S. cerevisiae	IKI1	Insensitive to KIller toxin	2707	797	35200.8
S000001231	YHR188C	S. cerevisiae	GPI16	GlycosylPhosphatidylInositol anchor biosynthesis	4148	1263	68751.8
S000001232	YHR189W	S. cerevisiae	PTH1	Peptidyl-Trna Hydrolase	911	423	21048.6
S000001233	YHR190W	S. cerevisiae	ERG9	ERGosterol biosynthesis	13912	3112	51707.2
S000001234	YHR191C	S. cerevisiae	CTF8	Chromosome Transmission Fidelity	1068	244	15169.9
S000001235	YHR192W	S. cerevisiae	LNP1	LuNaPark family member	3393	1027	32071.1
S000001236	YHR193C	S. cerevisiae	EGD2	Enhancer of Gal4 DNA binding	66396	28396	18702.2
S000001237	YHR194W	S. cerevisiae	MDM31	Mitochondrial Distribution and Morphology	1178	22	66715.2
S000001238	YHR195W	S. cerevisiae	NVJ1	Nucleus-Vacuole Junction	2583	1035	36406.8
S000001239	YHR196W	S. cerevisiae	UTP9	U Three Protein	6323	1985	65235.8
S000001240	YHR197W	S. cerevisiae	RIX1	RIbosome eXport	3911	1040	86717.5
S000001241	YHR198C	S. cerevisiae	AIM18	Altered Inheritance rate of Mitochondria	1871	769	36510.1
S000001242	YHR199C	S. cerevisiae	AIM46	Altered Inheritance rate of Mitochondria	3902	494	34121.8
S000001243	YHR200W	S. cerevisiae	RPN10	Regulatory Particle Non-ATPase	5697	2964	29730.4
S000001244	YHR201C	S. cerevisiae	PPX1		6255	1259	45042.8
S000001245	YHR202W	S. cerevisiae			1079	501	68982.6
S000001246	YHR203C	S. cerevisiae	RPS4B	Ribosomal Protein of the Small subunit	88908	23351	29432.7
S000001247	YHR204W	S. cerevisiae	MNL1	MaNnosidase-Like protein	1082	454	91209.3
S000001248	YHR205W	S. cerevisiae	SCH9		2752	1098	91788.5
S000001249	YHR206W	S. cerevisiae	SKN7	Suppressor of Kre Null	3141	571	69199.1
S000001250	YHR207C	S. cerevisiae	SET5	SET domain-containing	3416	882	60538
S000001251	YHR208W	S. cerevisiae	BAT1	Branched-chain Amino acid Transaminase	39628	18520	43603.5
S000001252	YHR209W	S. cerevisiae	CRG1	Cantharidin Resistance Gene	1374	233	33781.6
S000001253	YHR210C	S. cerevisiae			898	449	37927.1
S000001254	YHR211W	S. cerevisiae	FLO5	FLOcculation			111927.2
S000001255	YHR212C	S. cerevisiae					12879.4
S000001256	YHR213W	S. cerevisiae			1318		21131.2
S000001257	YHR214W	S. cerevisiae					20584.6
S000001258	YHR215W	S. cerevisiae	PHO12	PHOsphate metabolism	6570	3280	52683.1
S000001259	YHR216W	S. cerevisiae	IMD2	IMP Dehydrogenase	7789	2932	56536.7
S000001260	YHR217C	S. cerevisiae					17082.8
S000001261	YHR218W	S. cerevisiae			635		68862.9
S000001262	YHR219W	S. cerevisiae					70121.9
S000001263	YIL001W	S. cerevisiae			510	315	59712.1
S000001264	YIL002C	S. cerevisiae	INP51	INositol polyphosphate 5-Phosphatase	1169	750	108423.4
S000001265	YIL003W	S. cerevisiae	CFD1	Cytosolic Fe-S cluster Deficient	1285	401	31916.1
S000001266	YIL004C	S. cerevisiae	BET1	Blocked Early in Transport	3620	1081	15721
S000001267	YIL005W	S. cerevisiae	EPS1	ER-retained Pma1 Suppressing	4525	1495	81221.5
S000001268	YIL006W	S. cerevisiae	YIA6				41959.8
S000001269	YIL007C	S. cerevisiae	NAS2	Non-ATPase Subunit	2290	1205	24841.7
S000001270	YIL008W	S. cerevisiae	URM1	Ubiquitin Related Modifier	3329	1231	11016.5
S000001271	YIL009W	S. cerevisiae	FAA3	Fatty Acid Activation	4023	1944	77964.4
S000001272	YIL010W	S. cerevisiae	DOT5	Disruptor Of Telomeric silencing	2860	1287	24128
S000001273	YIL011W	S. cerevisiae	TIR3	TIp1-Related			26293.5
S000001274	YIL012W	S. cerevisiae					13241.6
S000001275	YIL013C	S. cerevisiae	PDR11	Pleiotropic Drug Resistance	1282		160528.8
S000001276	YIL014W	S. cerevisiae	MNT3	MaNnosylTransferase	1463	533	72396.5
S000001277	YIL015W	S. cerevisiae	BAR1	BARrier to the alpha factor response	2558	1812	63702.2
S000001278	YIL016W	S. cerevisiae	SNL1	Suppressor of Nup116-C Lethal	6428	1789	18315.6
S000001279	YIL017C	S. cerevisiae	VID28	Vacuolar Import and Degradation	1156	823	105476.3
S000001280	YIL018W	S. cerevisiae	RPL2B	Ribosomal Protein of the Large subunit	47718	32861	27437.1
S000001281	YIL019W	S. cerevisiae	FAF1	Forty (40) S Assembly Factor 	2296	836	38899
S000001282	YIL020C	S. cerevisiae	HIS6	HIStidine requiring	3375	1296	29550.9
S000001283	YIL021W	S. cerevisiae	RPB3	RNA Polymerase B	9093	2484	35274.8
S000001284	YIL022W	S. cerevisiae	TIM44	Translocase of the Inner Mitochondrial membrane	9077	2501	48869.1
S000001285	YIL023C	S. cerevisiae	YKE4	Yeast ortholog of mouse KE4	14940	9038	37414.6
S000001286	YIL024C	S. cerevisiae			1436	104	21787.6
S000001287	YIL025C	S. cerevisiae					14096.6
S000001288	YIL026C	S. cerevisiae	IRR1	IRRegular cell behavior	2376	840	132955.6
S000001289	YIL027C	S. cerevisiae	EMC5	ER Membrane protein Complex	6059	1216	15910.6
S000001290	YIL028W	S. cerevisiae					14958
S000001291	YIL029C	S. cerevisiae	EMA17	Efficient Mitochondria targeting-Associated protein			16600
S000001292	YIL030C	S. cerevisiae	SSM4	Suppressor of mrna Stability Mutant	2480	722	151436
S000001293	YIL031W	S. cerevisiae	ULP2	UbL-specific Protease	454	235	116875.8
S000001294	YIL032C	S. cerevisiae					13799.4
S000001295	YIL033C	S. cerevisiae	BCY1	Bypass of CYclic-AMP requirement	10285	2495	47220.6
S000001296	YIL034C	S. cerevisiae	CAP2	CAPping	7206	2026	32607.3
S000001297	YIL035C	S. cerevisiae	CKA1	Casein Kinase Alpha subunit	6651	1058	44672
S000001298	YIL036W	S. cerevisiae	CST6	Chromosome STability	2514	1274	65266.2
S000001299	YIL037C	S. cerevisiae	PRM2	Pheromone-Regulated Membrane protein	2511		75023.8
S000001300	YIL038C	S. cerevisiae	NOT3	Negative On TATA	4756	1182	94385
S000001301	YIL039W	S. cerevisiae	TED1	Trafficking of Emp24p/Erv25p-dependent cargo Disrupted	4748	2024	54909.9
S000001302	YIL040W	S. cerevisiae	APQ12	APical growth revealed by Quantitative morphological analysis	2755	1137	16511.8
S000001303	YIL041W	S. cerevisiae	GVP36	Golgi Vesicle Protein	18672	8885	36655.4
S000001304	YIL042C	S. cerevisiae	PKP1	Protein Kinase of PDH	2054	1548	45448.3
S000001305	YIL043C	S. cerevisiae	CBR1	Cytochrome b Reductase	6294	3377	31498.2
S000001306	YIL044C	S. cerevisiae	AGE2	ArfGAP Effector	3412	1158	32650
S000001307	YIL045W	S. cerevisiae	PIG2	Protein Interacting with Gsy2p	1259	399	61942.2
S000001308	YIL046W	S. cerevisiae	MET30	METhionine requiring	682	492	72838.5
S000001309	YIL047C	S. cerevisiae	SYG1	Suppressor of Yeast Gpa1	2229	973	104232.6
S000001310	YIL048W	S. cerevisiae	NEO1	NEOmycin-resistance	2491	888	130203.1
S000001311	YIL049W	S. cerevisiae	DFG10	Defective for Filamentous Growth	650	361	30315.8
S000001312	YIL050W	S. cerevisiae	PCL7	Pho85 CycLin	2374	1217	32026.5
S000001313	YIL051C	S. cerevisiae	MMF1	Mitochondrial Matrix Factor	34540	30074	15912.5
S000001314	YIL052C	S. cerevisiae	RPL34B	Ribosomal Protein of the Large subunit	35104	10778	13666.5
S000001315	YIL053W	S. cerevisiae	GPP1	Glycerol-3-Phosphate Phosphatase	118604	74396	27939
S000001316	YIL054W	S. cerevisiae			925	404	12044.4
S000001317	YIL055C	S. cerevisiae			493	239	70731.2
S000001318	YIL056W	S. cerevisiae	VHR1	VHt1 Regulator	1180	502	71431.6
S000001319	YIL057C	S. cerevisiae	RGI2	Respiratory growth induced	3498	2032	19228.1
S000001320	YIL058W	S. cerevisiae					10335.5
S000001321	YIL059C	S. cerevisiae					13023.9
S000001322	YIL060W	S. cerevisiae					15680.9
S000001323	YIL061C	S. cerevisiae	SNP1		1637	565	34470.7
S000001324	YIL062C	S. cerevisiae	ARC15	ARp2/3 Complex subunit	11932	1740	17131.6
S000001325	YIL063C	S. cerevisiae	YRB2	Yeast Ran Binder	5129	2420	36053.6
S000001326	YIL064W	S. cerevisiae	EFM4	Elongation Factor Methyltransferase	3752	1378	28681.8
S000001327	YIL065C	S. cerevisiae	FIS1	mitochondrial FISsion	3492	1161	17738.7
S000001328	YIL066C	S. cerevisiae	RNR3	RiboNucleotide Reductase	2675	1276	97498.6
S000001329	YIL067C	S. cerevisiae			2063	1242	75477.1
S000001330	YIL068C	S. cerevisiae	SEC6	SECretory	2037	752	93396.5
S000001331	YIL069C	S. cerevisiae	RPS24B	Ribosomal Protein of the Small subunit	38461	24656	15348.1
S000001332	YIL070C	S. cerevisiae	MAM33	Mitochondrial Acidic Matrix protein	5022	1458	30111.5
S000001333	YIL071C	S. cerevisiae	PCI8	Proteasome-COP9 signalosome (CSN)-eIF3	523	506	51262.2
S000001334	YIL072W	S. cerevisiae	HOP1	HOmolog Pairing	1222		68881.5
S000001335	YIL073C	S. cerevisiae	SPO22	SPOrulation			112405
S000001336	YIL074C	S. cerevisiae	SER33	SERine requiring	11249	3555	51181.7
S000001337	YIL075C	S. cerevisiae	RPN2	Regulatory Particle Non-ATPase	13297	3019	104223
S000001338	YIL076W	S. cerevisiae	SEC28	SECretory	10523	2589	33805
S000001339	YIL077C	S. cerevisiae	RCI37	Respiratory Chain Interacting protein of ~37 kDa	1798	511	36950.5
S000001340	YIL078W	S. cerevisiae	THS1	THreonyl tRNA Synthetase	29362	10889	84517.4
S000001341	YIL079C	S. cerevisiae	AIR1	Arginine methyltransferase-Interacting RING finger protein	1851	466	41648.8
S000001344	YIL082W	S. cerevisiae					34105.2
S000001345	YIL083C	S. cerevisiae	CAB2	Coenzyme A Biosynthesis	4854	2236	41869.3
S000001346	YIL084C	S. cerevisiae	SDS3	Suppressor of Defective Silencing	2324	1225	37629.9
S000001347	YIL085C	S. cerevisiae	KTR7	Kre Two Related	2040	1178	61416
S000001348	YIL086C	S. cerevisiae					11596.5
S000001349	YIL087C	S. cerevisiae	AIM19	Altered Inheritance rate of Mitochondria	3167	2561	16931.8
S000001350	YIL088C	S. cerevisiae	AVT7	Amino acid Vacuolar Transport	1275	556	53728
S000001351	YIL089W	S. cerevisiae			1137		23869.2
S000001352	YIL090W	S. cerevisiae	ICE2	Inheritance of Cortical ER	2328	1695	56347.3
S000001353	YIL091C	S. cerevisiae	UTP25	U Three Protein	3750	736	83980
S000001354	YIL092W	S. cerevisiae			1751	1362	71024.3
S000001355	YIL093C	S. cerevisiae	RSM25	Ribosomal Small subunit of Mitochondria	3485	1057	30508.7
S000001356	YIL094C	S. cerevisiae	LYS12	LYSine requiring	12211	6481	40071.4
S000001357	YIL095W	S. cerevisiae	PRK1	p53 Regulatory Kinase	1968	648	91064.5
S000001358	YIL096C	S. cerevisiae	BMT5	Base Methyltransferase of Twenty five S rRNA 5	1200	471	39422.2
S000001359	YIL097W	S. cerevisiae	FYV10	Function required for Yeast Viability	784	225	59891.8
S000001360	YIL098C	S. cerevisiae	FMC1	Formation of Mitochondrial Complexes	2038	751	18372.3
S000001361	YIL099W	S. cerevisiae	SGA1	Sporulation-specific GlycoAmylase			61439.2
S000001362	YIL100W	S. cerevisiae					13494.6
S000001363	YIL101C	S. cerevisiae	XBP1	XhoI site-Binding Protein	903	708	72707.4
S000001364	YIL102C	S. cerevisiae					11284.9
S000001365	YIL103W	S. cerevisiae	DPH1	DiPHthamide biosynthesis	2676	728	48315.3
S000001366	YIL104C	S. cerevisiae	SHQ1	Small nucleolar RNAs of the box H/ACA family Quantitative accumulation	2978	641	59119
S000001367	YIL105C	S. cerevisiae	SLM1	Synthetic Lethal with Mss4	3797	860	77997.1
S000001368	YIL106W	S. cerevisiae	MOB1	Mps One Binder	2479	1054	35877.8
S000001369	YIL107C	S. cerevisiae	PFK26	6-PhosphoFructo-2-Kinase	1261	558	93425.2
S000001370	YIL108W	S. cerevisiae			4023	1728	77415.1
S000001371	YIL109C	S. cerevisiae	SEC24	SECretory	8851	3442	103623.8
S000001372	YIL110W	S. cerevisiae	HPM1	Histidine Protein Methyltransferase	2442	1058	42489
S000001373	YIL111W	S. cerevisiae	COX5B	Cytochrome c OXidase	3173	1026	17205
S000001374	YIL112W	S. cerevisiae	HOS4	Hda One Similar	1826	638	123528.7
S000001375	YIL113W	S. cerevisiae	SDP1	Stress-inducible Dual specificity Phosphatase	2156	899	23886.8
S000001376	YIL114C	S. cerevisiae	POR2	PORin	2132	1527	31188.6
S000001377	YIL115C	S. cerevisiae	NUP159	NUclear Pore	4767	1944	158830.7
S000001378	YIL116W	S. cerevisiae	HIS5	HIStidine requiring	7845	2333	42643.6
S000001379	YIL117C	S. cerevisiae	PRM5	Pheromone-Regulated Membrane protein	1973	673	34650
S000001380	YIL118W	S. cerevisiae	RHO3	Ras HOmolog	9410	2134	25303.7
S000001381	YIL119C	S. cerevisiae	RPI1	Ras-cAMP Pathway Inhibitor	1340	1042	46632.5
S000001382	YIL120W	S. cerevisiae	QDR1	QuiniDine Resistance			61776.5
S000001383	YIL121W	S. cerevisiae	QDR2	QuiniDine Resistance	2985	1377	59636.7
S000001384	YIL122W	S. cerevisiae	POG1	Promoter Of Growth	1014	642	39503
S000001385	YIL123W	S. cerevisiae	SIM1	Start Independent of Mitosis	2170	1169	48167.3
S000001386	YIL124W	S. cerevisiae	AYR1	1-AcyldihYdroxyacetone-phosphate Reductase	3744	2009	32823.3
S000001387	YIL125W	S. cerevisiae	KGD1	alpha-KetoGlutarate Dehydrogenase	11221	4969	114412.3
S000001388	YIL126W	S. cerevisiae	STH1	SNF Two Homolog	4405	1855	156734.6
S000001389	YIL127C	S. cerevisiae	RRT14	Regulator of rDNA Transcription	3538	975	23861.6
S000001390	YIL128W	S. cerevisiae	MET18	METhionine requiring	2841	309	117867.4
S000001391	YIL129C	S. cerevisiae	TAO3	Transcriptional Activator of OCH1	1005	771	269830.2
S000001392	YIL130W	S. cerevisiae	ASG1	Activator of Stress Genes	3190	837	108770.4
S000001393	YIL131C	S. cerevisiae	FKH1	ForK head Homolog	1771	891	53493.7
S000001394	YIL132C	S. cerevisiae	CSM2	Chromosome Segregation in Meiosis	1182	768	24955
S000001395	YIL133C	S. cerevisiae	RPL16A	Ribosomal Protein of the Large subunit	35456	14314	22228.6
S000001396	YIL134W	S. cerevisiae	FLX1	FLavin eXchange	539		34427.7
S000001397	YIL135C	S. cerevisiae	VHS2	Viable in a Hal3 Sit4 background	2180	842	47966.9
S000001398	YIL136W	S. cerevisiae	OM45	Outer Membrane	6786	3297	44584
S000001399	YIL137C	S. cerevisiae	TMA108	Translation Machinery Associated	5216	2898	107709
S000001400	YIL138C	S. cerevisiae	TPM2	TroPoMyosin	7581	3414	19072.9
S000001401	YIL139C	S. cerevisiae	REV7	REVersionless	1230		28744.8
S000001402	YIL140W	S. cerevisiae	AXL2	AXiaL 2 bud site selection	2006	808	90751.9
S000001403	YIL141W	S. cerevisiae					14438.6
S000001404	YIL142W	S. cerevisiae	CCT2	Chaperonin Containing TCP-1	19276	3563	57197
S000001405	YIL143C	S. cerevisiae	SSL2	Suppressor of Stem-Loop mutation	2137	600	95324.8
S000001406	YIL144W	S. cerevisiae	NDC80	Nuclear Division Cycle	1825	633	80494.3
S000001407	YIL145C	S. cerevisiae	PAN6	PANtothenate biosynthesis	4833	813	35024.5
S000001408	YIL146C	S. cerevisiae	ATG32	AuTophaGy related	1207	605	58967.5
S000001409	YIL147C	S. cerevisiae	SLN1	Synthetic Lethal of N-end rule	1176	509	134435.7
S000001410	YIL148W	S. cerevisiae	RPL40A	Ribosomal Protein of the Large subunit	10435	2890	14568.3
S000001411	YIL149C	S. cerevisiae	MLP2	Myosin-Like Protein	2756	675	195121.7
S000001412	YIL150C	S. cerevisiae	MCM10	MiniChromosome Maintenance	1536	695	65847.2
S000001413	YIL151C	S. cerevisiae	ESL1	EST/SMG-like	749	430	128713.6
S000001414	YIL152W	S. cerevisiae					27214.2
S000001415	YIL153W	S. cerevisiae	RRD1	Resistant to Rapamycin Deletion	2600	908	45076.7
S000001416	YIL154C	S. cerevisiae	IMP21	Independent of Mitochondrial Particle	1972	888	39050.1
S000001417	YIL155C	S. cerevisiae	GUT2	Glycerol UTilization	3864	2501	72391.7
S000001418	YIL156W	S. cerevisiae	UBP7	UBiquitin-specific Protease	707	350	123137
S000001419	YIL157C	S. cerevisiae	COA1	Cytochrome Oxidase Assembly	2572	809	22050.7
S000001420	YIL158W	S. cerevisiae	AIM20	Altered Inheritance rate of Mitochondria	1633	153	22840.1
S000001421	YIL159W	S. cerevisiae	BNR1	BNi1 Related	584	386	156857.6
S000001422	YIL160C	S. cerevisiae	POT1	Peroxisomal Oxoacyl Thiolase	1413	691	44731.9
S000001423	YIL161W	S. cerevisiae			2246	638	27133.5
S000001424	YIL162W	S. cerevisiae	SUC2	SUCrose	2368	588	60616.5
S000001425	YIL163C	S. cerevisiae					14006.7
S000001426	YIL164C	S. cerevisiae	NIT1	NITrilase superfamily	1135		21621.4
S000001427	YIL165C	S. cerevisiae			33873		12932.8
S000001428	YIL166C	S. cerevisiae	SOA1	SulfOnAte transport			61908.6
S000001431	YIL169C	S. cerevisiae	CSS1	Condition Specific Secretion	1579	81	99694.3
S000001434	YIL172C	S. cerevisiae	IMA3	IsoMAltase	166		68681.1
S000001435	YIL173W	S. cerevisiae	VTH1	Vps Ten Homolog	1017	909	174377.2
S000001438	YIL176C	S. cerevisiae	PAU14	seriPAUperin			12862.7
S000001439	YIL177C	S. cerevisiae			585	50	197514.1
S000001440	YIR001C	S. cerevisiae	SGN1	Slower Growth on Non-fermentable carbon sources	4933	1146	28963.6
S000001441	YIR002C	S. cerevisiae	MPH1	Mutator PHenotype	948	446	114058.3
S000001442	YIR003W	S. cerevisiae	AIM21	Altered Inheritance rate of Mitochondria	3655	1476	74723.6
S000001443	YIR004W	S. cerevisiae	DJP1	DnaJ Protein	5619	1781	48558
S000001444	YIR005W	S. cerevisiae	IST3	Increased Sodium Tolerance	987	508	17095.3
S000001445	YIR006C	S. cerevisiae	PAN1	Poly(A)-binding protein-dependent poly(A) riboNuclease	9763	3301	160242.2
S000001446	YIR007W	S. cerevisiae	EGH1	Cryptococcus neoformans EGCrP2 Homolog	1452	382	86969.5
S000001447	YIR008C	S. cerevisiae	PRI1	DNA PRImase	5743	1818	47693
S000001448	YIR009W	S. cerevisiae	MSL1	MUD Synthetic Lethal	1462	958	12838.2
S000001449	YIR010W	S. cerevisiae	DSN1	Dosage Suppressor of NNF1	1339	548	65668.8
S000001450	YIR011C	S. cerevisiae	STS1	Sec Twenty-three Suppressor 1	2120	290	36485.1
S000001451	YIR012W	S. cerevisiae	SQT1	Suppressor of QSR1 Truncations	6705	1952	47125.1
S000001452	YIR013C	S. cerevisiae	GAT4				13260.9
S000001453	YIR014W	S. cerevisiae	VLD1	Vacuole Localized Dsc protein	1188	584	27592.5
S000001454	YIR015W	S. cerevisiae	RPR2	RNase P Ribonucleoprotein	1387	469	16359.4
S000001455	YIR016W	S. cerevisiae					28869.1
S000001456	YIR017C	S. cerevisiae	MET28	METhionine	1336	696	21604.1
S000001457	YIR018W	S. cerevisiae	YAP5	Yeast AP-1	472	234	28393.8
S000001458	YIR019C	S. cerevisiae	FLO11	FLOcculation			136060.5
S000001459	YIR020C	S. cerevisiae					11680.9
S000001460	YIR021W	S. cerevisiae	MRS1	Mitochondrial RNA Splicing	1778	793	41298.4
S000001461	YIR022W	S. cerevisiae	SEC11	SECretory	4017	1566	18766
S000001462	YIR023W	S. cerevisiae	DAL81	Degradation of Allantoin	1533	944	109179.7
S000001463	YIR024C	S. cerevisiae	INA22	INner membrane Assembly 22 kDa	1556	525	24600.1
S000001464	YIR025W	S. cerevisiae	MND2	Meiotic Nuclear Divisions	8		42792.9
S000001465	YIR026C	S. cerevisiae	YVH1	Yeast vaccinia virus VH1 Homolog	4228	1275	41188.6
S000001466	YIR027C	S. cerevisiae	DAL1	Degradation of Allantoin	1465	171	50113.8
S000001467	YIR028W	S. cerevisiae	DAL4	Degradation of Allantoin			71759.6
S000001468	YIR029W	S. cerevisiae	DAL2	Degradation of Allantoin	297	276	38706.1
S000001469	YIR030C	S. cerevisiae	DCG1	Dal80p-Controlled Gene	1133	912	27311.7
S000001470	YIR031C	S. cerevisiae	DAL7	Degradation of Allantoin	818	653	62786.6
S000001471	YIR032C	S. cerevisiae	DAL3	Degradation of Allantoin	1181	898	21718.9
S000001472	YIR033W	S. cerevisiae	MGA2	Multicopy suppressor of GAm1 (snf2)	1339	636	127008.7
S000001473	YIR034C	S. cerevisiae	LYS1	LYSine requiring	20469	10580	41473.3
S000001474	YIR035C	S. cerevisiae	NRE1	Novel REductase	6900	4195	27478.8
S000001475	YIR036C	S. cerevisiae	IRC24	Increased Recombination Centers	7319	4385	28802.5
S000001476	YIR037W	S. cerevisiae	HYR1	HYdroperoxide Resistance	10641	6375	18643.6
S000001477	YIR038C	S. cerevisiae	GTT1	GlutaThione Transferase	9920	3105	26792
S000001478	YIR039C	S. cerevisiae	YPS6	YaPSin	125		58181.8
S000001479	YIR040C	S. cerevisiae					13027.8
S000001480	YIR041W	S. cerevisiae	PAU15	seriPAUperin			13157.1
S000001481	YIR042C	S. cerevisiae			1014	180	27421.4
S000001484	YKL001C	S. cerevisiae	MET14	METhionine requiring	4796	3618	23062.7
S000001485	YKL002W	S. cerevisiae	DID4	Doa4-Independent Degradation	2857	1299	26286.1
S000001486	YKL003C	S. cerevisiae	MRP17	Mitochondrial Ribosomal Protein	1261	663	15028.9
S000001487	YKL004W	S. cerevisiae	AUR1	AUreobasidin A Resistance	4305	981	45186.5
S000001488	YKL005C	S. cerevisiae	BYE1	BYpass of ESS1	1449	763	67877.6
S000001489	YKL006W	S. cerevisiae	RPL14A	Ribosomal Protein of the Large subunit	50771	25216	15186.4
S000001490	YKL007W	S. cerevisiae	CAP1	CAPping	5944	1730	30689.5
S000001491	YKL008C	S. cerevisiae	LAC1	Longevity-Assurance gene Cognate (LAG1 Cognate)	3956	1708	49007.5
S000001492	YKL009W	S. cerevisiae	MRT4	mRNA Turnover 4	11173	3286	27061.3
S000001493	YKL010C	S. cerevisiae	UFD4	Ubiquitin Fusion Degradation protein	3065	627	167753.9
S000001494	YKL011C	S. cerevisiae	CCE1	Cruciform Cutting Endonuclease	979	665	41016.1
S000001495	YKL012W	S. cerevisiae	PRP40	Pre-mRNA Processing	1656	1069	69073.8
S000001496	YKL013C	S. cerevisiae	ARC19	ARp2/3 Complex subunit	5918	2716	19910
S000001497	YKL014C	S. cerevisiae	URB1	Unhealthy Ribosome Biogenesis	4754	1133	203286.5
S000001498	YKL015W	S. cerevisiae	PUT3	Proline UTilization	1609	1260	111386.4
S000001499	YKL016C	S. cerevisiae	ATP7	ATP synthase	10847	4823	19812.8
S000001500	YKL017C	S. cerevisiae	HCS1	dna HeliCaSe	1758	660	78273.7
S000001501	YKL018W	S. cerevisiae	SWD2	"Set1c, WD40 repeat protein"	3950	1681	37115.3
S000001502	YKL019W	S. cerevisiae	RAM2	RAS protein and A-factor Maturation	2080	661	37491.9
S000001503	YKL020C	S. cerevisiae	SPT23	SuPpressor of Ty	757	596	121330.5
S000001504	YKL021C	S. cerevisiae	MAK11	MAintenance of Killer	4179	492	53679
S000001505	YKL022C	S. cerevisiae	CDC16	Cell Division Cycle	2073	977	94987.3
S000001506	YKL023W	S. cerevisiae	SKA1	SKi Associated factor	2470	865	32299.6
S000001507	YKL024C	S. cerevisiae	URA6	URAcil requiring	7008	4455	22932.5
S000001508	YKL025C	S. cerevisiae	PAN3	Poly(A) Nuclease	2837	790	76448.3
S000001509	YKL026C	S. cerevisiae	GPX1	Glutathione PeroXidase	2048	577	19488.8
S000001510	YKL027W	S. cerevisiae	TCD2	tRNA ThreonylCarbamoyladenosine Dehydratase	4922	748	50273.3
S000001511	YKL028W	S. cerevisiae	TFA1	"Transcription Factor a, subunit 1"	3514	437	54687.2
S000001512	YKL029C	S. cerevisiae	MAE1	MAlic Enzyme	8357	3749	74380.9
S000001513	YKL030W	S. cerevisiae					22967.3
S000001514	YKL031W	S. cerevisiae					15631.3
S000001515	YKL032C	S. cerevisiae	IXR1	Intrastrand cross (X)-link Recognition	3621	1963	67858.1
S000001516	YKL033W	S. cerevisiae	TTI1	Two Tel2-Interacting protein	1244	365	118844.6
S000001517	YKL034W	S. cerevisiae	TUL1	Transmembrane Ubiquitin Ligase	769	292	87870.1
S000001518	YKL035W	S. cerevisiae	UGP1	UDP-glucose pyrophosphorylase	26200	9818	55987.5
S000001519	YKL036C	S. cerevisiae					14916.7
S000001520	YKL037W	S. cerevisiae	AIM26	Altered Inheritance rate of Mitochondria			12944.6
S000001521	YKL038W	S. cerevisiae	RGT1	Restores Glucose Transport	520	503	128244.9
S000001522	YKL039W	S. cerevisiae	PTM1		3185	1312	60003.6
S000001523	YKL040C	S. cerevisiae	NFU1	NifU-like protein	7392	2061	29159.4
S000001524	YKL041W	S. cerevisiae	VPS24	Vacuolar Protein Sorting	3465	936	26236.2
S000001525	YKL042W	S. cerevisiae	SPC42	Spindle Pole Component	2464	511	42272.9
S000001526	YKL043W	S. cerevisiae	PHD1	PseudoHyphal Determinant	1267	916	40651.5
S000001527	YKL044W	S. cerevisiae	MMO1	Mini Mitochondria ORF	1166		12459.1
S000001528	YKL045W	S. cerevisiae	PRI2	DNA PRImase	2390	692	62267.4
S000001529	YKL046C	S. cerevisiae	DCW1	Defective Cell Wall	4673	1255	49545.7
S000001530	YKL047W	S. cerevisiae	ANR2	Avl Nine Related family 2	2524	988	58876.2
S000001531	YKL048C	S. cerevisiae	ELM1	ELongated Morphology	931	685	72155.8
S000001532	YKL049C	S. cerevisiae	CSE4	Chromosome SEgregation	2937	1414	26846.8
S000001533	YKL050C	S. cerevisiae			3515	2146	103132.3
S000001534	YKL051W	S. cerevisiae	SFK1	Suppressor of Four Kinase	3500	2115	40461.9
S000001535	YKL052C	S. cerevisiae	ASK1	Associated with Spindles and Kinetochores	2293	547	32043.9
S000001536	YKL053W	S. cerevisiae					14721.4
S000001537	YKL054C	S. cerevisiae	DEF1	RNAPII DEgradation Factor	20936	16375	83939.7
S000001538	YKL055C	S. cerevisiae	OAR1	3-Oxoacyl-[Acyl-carrier-protein] Reductase	1760	1081	31192.5
S000001539	YKL056C	S. cerevisiae	TMA19	Translation Machinery Associated	90676	40006	18726.2
S000001540	YKL057C	S. cerevisiae	NUP120	NUclear Pore	2270	429	120404.6
S000001541	YKL058W	S. cerevisiae	TOA2		2640	1239	13454.2
S000001542	YKL059C	S. cerevisiae	MPE1	Mutant PCF11 Extragenic suppressor	2392	642	49644.6
S000001543	YKL060C	S. cerevisiae	FBA1	"Fructose-1,6-Bisphosphate Aldolase"	737009	560900	39609.1
S000001544	YKL061W	S. cerevisiae	BLI1	BLoc-1 Interactor	1658	948	13514.3
S000001545	YKL062W	S. cerevisiae	MSN4	Multicopy suppressor of SNF1 mutation	3334	2127	69720.5
S000001546	YKL063C	S. cerevisiae			2223	591	19011.9
S000001547	YKL064W	S. cerevisiae	MNR2	MaNganese Resistance	1506	960	109737.1
S000001548	YKL065C	S. cerevisiae	YET1	Yeast Endoplasmic reticulum Transmembrane protein	7431	1016	23472.7
S000001549	YKL066W	S. cerevisiae					16667.4
S000001550	YKL067W	S. cerevisiae	YNK1	Yeast Nucleoside diphosphate Kinase	13884	6983	17168.9
S000001551	YKL068W	S. cerevisiae	NUP100	NUclear Pore	3667	1043	100005.5
S000001552	YKL069W	S. cerevisiae			3380	756	19724.4
S000001553	YKL070W	S. cerevisiae					19833.1
S000001554	YKL071W	S. cerevisiae	OSI1	Oxidative Stress Induced	115509	23486	28043.6
S000001555	YKL072W	S. cerevisiae	STB6	Sin Three Binding protein	261	152	88851
S000001556	YKL073W	S. cerevisiae	LHS1	Lumenal Hsp Seventy	6432	3093	99543.3
S000001557	YKL074C	S. cerevisiae	MUD2	Mutant U1 Die	2794	864	60464.4
S000001558	YKL075C	S. cerevisiae			2101	1189	52067.2
S000001559	YKL076C	S. cerevisiae	PSY1	Platinum SensitivitY			15171.7
S000001560	YKL077W	S. cerevisiae	PSG1	Pma1 Stabilization in the Golgi	5219	2419	46043.8
S000001561	YKL078W	S. cerevisiae	DHR2	DEAH-box RNA helicase	1758	1037	82730.5
S000001562	YKL079W	S. cerevisiae	SMY1	Suppressor of MYo2-66	2321	1129	73796.1
S000001563	YKL080W	S. cerevisiae	VMA5	Vacuolar Membrane Atpase	16708	4943	44185.8
S000001564	YKL081W	S. cerevisiae	TEF4	Translation Elongation Factor	69914	31087	46521.5
S000001565	YKL082C	S. cerevisiae	RRP14	Ribosomal RNA Processing	5000	1887	50507.5
S000001566	YKL083W	S. cerevisiae					23677.1
S000001567	YKL084W	S. cerevisiae	HOT13	Helper Of Tim	1527	829	13637.9
S000001568	YKL085W	S. cerevisiae	MDH1	Malate DeHydrogenase	20985	13089	35652.3
S000001569	YKL086W	S. cerevisiae	SRX1	SulfiRedoXin	1479	917	13858.3
S000001570	YKL087C	S. cerevisiae	CYT2	CYTochrome-c1-heme-lyase	1471	608	26075.5
S000001571	YKL088W	S. cerevisiae	CAB3	Coenzyme A Biosynthesis	3727	569	65205.8
S000001572	YKL089W	S. cerevisiae	MIF2	MItotic Fidelity of chromosome transmission	1224	759	62437
S000001573	YKL090W	S. cerevisiae	CUE2	Coupling of Ubiquitin conjugation to ER degradation	589	200	50872.1
S000001574	YKL091C	S. cerevisiae			4332	1439	36074.7
S000001575	YKL092C	S. cerevisiae	BUD2	BUD site selection	1615	350	126680.5
S000001576	YKL093W	S. cerevisiae	MBR1	Mitochondrial Biogenesis Regulation	2898		36932.2
S000001577	YKL094W	S. cerevisiae	YJU3		6896	2171	35566
S000001578	YKL095W	S. cerevisiae	YJU2		1891	844	32325.6
S000001579	YKL096W	S. cerevisiae	CWP1	Cell Wall Protein	6791	4457	24256.4
S000001580	YKL097C	S. cerevisiae					15453.8
S000001581	YKL098W	S. cerevisiae	MTC2	Maintenance of Telomere Capping	396	326	39841.3
S000001582	YKL099C	S. cerevisiae	UTP11	U Three Protein	2383	940	29764.8
S000001583	YKL100C	S. cerevisiae	YPF1	Yeast Presenilin-like Family 1	3553	341	67505.4
S000001584	YKL101W	S. cerevisiae	HSL1	Histone Synthetic Lethal	2116	946	169646.3
S000001585	YKL102C	S. cerevisiae					11429.6
S000001586	YKL103C	S. cerevisiae	APE1	AminoPeptidase	8293	3007	57079.1
S000001587	YKL104C	S. cerevisiae	GFA1	Glutamine:Fructose-6-phosphate Amidotransferase	18114	5115	80035.5
S000001588	YKL105C	S. cerevisiae	SEG2	Stability of Eisosomes Guaranteed	1573	1032	125563
S000001589	YKL106W	S. cerevisiae	AAT1	Aspartate AminoTransferase	3450	1485	51807
S000001590	YKL107W	S. cerevisiae			947	295	34522.4
S000001591	YKL108W	S. cerevisiae	SLD2	Synthetically Lethal with Dpb11-1	482	300	52280.5
S000001592	YKL109W	S. cerevisiae	HAP4	Heme Activator Protein	790	368	62389.6
S000001593	YKL110C	S. cerevisiae	KTI12	Kluveromyces lactis Toxin Insensitive	3020	1083	35324.7
S000001594	YKL111C	S. cerevisiae					12946.4
S000001595	YKL112W	S. cerevisiae	ABF1	ARS-Binding Factor 1	6206	1386	81693.3
S000001596	YKL113C	S. cerevisiae	RAD27	RADiation sensitive	3492	776	43289.8
S000001597	YKL114C	S. cerevisiae	APN1	APurinic/apyrimidinic eNdonuclease	4779	2533	41442.5
S000001598	YKL115C	S. cerevisiae					15329.9
S000001599	YKL116C	S. cerevisiae	PRR1	Pheromone Response Regulator	1998	830	58948.7
S000001600	YKL117W	S. cerevisiae	SBA1	increased Sensitivity to Benzoquinone Ansamycins	28577	11847	24058.8
S000001601	YKL118W	S. cerevisiae					11761.8
S000001602	YKL119C	S. cerevisiae	VPH2	Vacuolar pH	2843	1318	25292.8
S000001603	YKL120W	S. cerevisiae	OAC1	OxaloAcetate Carrier	9000	4076	35166.5
S000001604	YKL121W	S. cerevisiae	DGR2	2-Deoxy-Glucose Resistant 2	504	230	96033
S000001605	YKL122C	S. cerevisiae	SRP21	Signal Recognition Particle	4248	1211	18451.7
S000001606	YKL123W	S. cerevisiae					15204.4
S000001607	YKL124W	S. cerevisiae	SSH4	Suppressor of SHr3 deletion	722	459	65040.1
S000001608	YKL125W	S. cerevisiae	RRN3	Regulation of RNA polymerase I	334	279	72346.9
S000001609	YKL126W	S. cerevisiae	YPK1	Yeast Protein Kinase	6096	1996	76473.4
S000001610	YKL127W	S. cerevisiae	PGM1	PhosphoGlucoMutase	7371	3355	63111.4
S000001611	YKL128C	S. cerevisiae	PMU1	PhosphoMUtase	4562	938	33769.6
S000001612	YKL129C	S. cerevisiae	MYO3	MYOsin	4361	1263	142497.2
S000001613	YKL130C	S. cerevisiae	SHE2	Swi5p-dependent HO Expression	2989	585	28238.4
S000001614	YKL131W	S. cerevisiae					19775.1
S000001615	YKL132C	S. cerevisiae	RMA1	Reduced Mating A	787		48143
S000001616	YKL133C	S. cerevisiae	RCI50	Respiratory Chain Interacting protein of ~50 kDa	535	425	54500.5
S000001617	YKL134C	S. cerevisiae	01-Oct	OCTapeptidyl aminopeptidase	1857	912	88184.9
S000001618	YKL135C	S. cerevisiae	APL2	clathrin Adaptor Protein complex Large chain	3426	736	81846.5
S000001619	YKL136W	S. cerevisiae					14290.6
S000001620	YKL137W	S. cerevisiae	CMC1	Cx9C Mitochondrial protein necessary for full assembly of Cytochrome c oxidase	2058	723	13013.3
S000001621	YKL138C	S. cerevisiae	MRPL31	"Mitochondrial Ribosomal Protein, Large subunit"	2522	1015	15544.8
S000001622	YKL139W	S. cerevisiae	CTK1	Carboxy-Terminal domain Kinase	1879	900	60525.1
S000001623	YKL140W	S. cerevisiae	TGL1	TriGlyceride Lipase	3189	1551	62973.6
S000001624	YKL141W	S. cerevisiae	SDH3	Succinate DeHydrogenase	5425	1153	22083.3
S000001625	YKL142W	S. cerevisiae	MRP8	Mitochondrial Ribosomal Protein	9330	4615	25081.3
S000001626	YKL143W	S. cerevisiae	LTV1	Low Temperature Viability	3907	1508	53343.5
S000001627	YKL144C	S. cerevisiae	RPC25	RNA Polymerase C	2095	1150	24313.9
S000001628	YKL145W	S. cerevisiae	RPT1	"Regulatory Particle Triple-A protein, or Regulatory Particle Triphosphatase"	12952	3058	51974.5
S000001629	YKL146W	S. cerevisiae	AVT3	Amino acid Vacuolar Transport	1378	208	75467.2
S000001630	YKL147C	S. cerevisiae					22676.9
S000001631	YKL148C	S. cerevisiae	SDH1	Succinate DeHydrogenase	9672	3759	70229.3
S000001632	YKL149C	S. cerevisiae	DBR1	DeBRanching	1493	363	47742.9
S000001633	YKL150W	S. cerevisiae	MCR1	Mitochondrial NADH-Cytochrome b5 Reductase	17331	12984	34141.2
S000001634	YKL151C	S. cerevisiae	NNR2	Nicotinamide Nucleotide Repair	4763	1058	37358.8
S000001635	YKL152C	S. cerevisiae	GPM1	Glycerate PhosphoMutase	187918	133225	27611.8
S000001636	YKL153W	S. cerevisiae					19610
S000001637	YKL154W	S. cerevisiae	SRP102	Signal Recognition Particle	5274	1935	26975.3
S000001638	YKL155C	S. cerevisiae	RSM22	Ribosomal Small subunit of Mitochondria	2250	760	72213.4
S000001639	YKL156W	S. cerevisiae	RPS27A	Ribosomal Protein of the Small subunit	50979	14293	8885.6
S000001640	YKL157W	S. cerevisiae	APE2	AminoPEptidase	8603	4993	107759
S000001642	YKL159C	S. cerevisiae	RCN1	Regulator of CalciNeurin	1158	611	24128.5
S000001643	YKL160W	S. cerevisiae	ELF1	ELongation Factor	5354	1111	16144.5
S000001644	YKL161C	S. cerevisiae	KDX1	Kinase Dead X-talker	2578		49622.1
S000001645	YKL162C	S. cerevisiae			1261	461	46511.8
S000001646	YKL163W	S. cerevisiae	PIR3	Protein containing Internal Repeats	895	378	33001.8
S000001647	YKL164C	S. cerevisiae	PIR1	Protein containing Internal Repeats	3256	887	34621
S000001648	YKL165C	S. cerevisiae	MCD4	Morphogenesis Checkpoint Dependent	2637	1019	105683.8
S000001649	YKL166C	S. cerevisiae	TPK3	Takashi's Protein Kinase	2563	1444	45970.6
S000001650	YKL167C	S. cerevisiae	MRP49	Mitochondrial Ribosomal Protein	3534	1213	16026
S000001651	YKL168C	S. cerevisiae	KKQ8		1091	480	82607.4
S000001652	YKL169C	S. cerevisiae					14171.4
S000001653	YKL170W	S. cerevisiae	MRPL38	"Mitochondrial Ribosomal Protein, Large subunit"	5069	3608	14919
S000001654	YKL171W	S. cerevisiae	NNK1	Nitrogen Network Kinase	623	522	103969.9
S000001655	YKL172W	S. cerevisiae	EBP2	EBNA1-binding protein (homolog)	9008	5468	49728
S000001656	YKL173W	S. cerevisiae	SNU114	Small NUclear ribonucleoprotein associated	3148	970	114025
S000001657	YKL174C	S. cerevisiae	TPO5	Transporter of POlyamines	764	376	69225
S000001658	YKL175W	S. cerevisiae	ZRT3	Zinc-Regulated Transporter	766	584	55388.1
S000001659	YKL176C	S. cerevisiae	LST4	Lethal with Sec Thirteen	446	351	93369.8
S000001660	YKL177W	S. cerevisiae					12295
S000001661	YKL178C	S. cerevisiae	STE3	STErile	2561	493	53709.6
S000001662	YKL179C	S. cerevisiae	COY1	CASP Of Yeast	4591	2319	77505.8
S000001663	YKL180W	S. cerevisiae	RPL17A	Ribosomal Protein of the Large subunit	37495	20764	20572.9
S000001664	YKL181W	S. cerevisiae	PRS1	PhosphoRibosylpyrophosphate Synthetase	7187	2593	47035
S000001665	YKL182W	S. cerevisiae	FAS1	Fatty Acid Synthetase	74144	43169	228654.9
S000001666	YKL183W	S. cerevisiae	LOT5	LOw Temperature-responsive	2203	1244	34302.3
S000001667	YKL184W	S. cerevisiae	SPE1	SPErmidine auxotroph	2417	1264	52270.7
S000001668	YKL185W	S. cerevisiae	ASH1	Asymmetric Synthesis of HO	889	443	65724
S000001669	YKL186C	S. cerevisiae	MTR2	Mrna TRansport	5085	2178	20784.9
S000001670	YKL187C	S. cerevisiae	FAT3	FATty acid transporter 3	946		81012.5
S000001671	YKL188C	S. cerevisiae	PXA2	PeroXisomal ABC-transporter	881		97142.6
S000001672	YKL189W	S. cerevisiae	HYM1		1909	629	45858.5
S000001673	YKL190W	S. cerevisiae	CNB1	CalciNeurin subunit B	4890	827	19624
S000001674	YKL191W	S. cerevisiae	DPH2	DiPHthamide	3129	844	59746.7
S000001675	YKL192C	S. cerevisiae	ACP1	Acyl Carrier Protein	19522	5366	13937.8
S000001676	YKL193C	S. cerevisiae	SDS22	homolog of S. pombe SDS22	5650	2197	38875.5
S000001677	YKL194C	S. cerevisiae	MST1	"Mitochondrial aminoacyl-tRNA Synthetase, Threonine"	1727	494	54097.6
S000001678	YKL195W	S. cerevisiae	MIA40	Mitochondrial intermembrane space Import and Assembly	4025	2248	44491.8
S000001679	YKL196C	S. cerevisiae	YKT6		15528	5465	22703
S000001680	YKL197C	S. cerevisiae	PEX1	PEroXin	2041	476	117271.2
S000001681	YKL198C	S. cerevisiae	PTK1	Putative serine/Threonine protein Kinase	844	213	73520.4
S000001684	YKL201C	S. cerevisiae	MNN4	MaNNosyltransferase	740	544	139368.9
S000001685	YKL202W	S. cerevisiae					21244.8
S000001686	YKL203C	S. cerevisiae	TOR2	Target Of Rapamycin	1773	628	281568.7
S000001687	YKL204W	S. cerevisiae	EAP1	EIF4E-Associated Protein	4877	1412	69779.2
S000001688	YKL205W	S. cerevisiae	LOS1	Loss Of Suppression	3080	709	126791.6
S000001689	YKL206C	S. cerevisiae	ADD66	Alpha1-proteinase inhibitor-Degradation Deficient	3091	614	30726.1
S000001690	YKL207W	S. cerevisiae	EMC3	ER Membrane protein Complex	3572	1617	28347.2
S000001691	YKL208W	S. cerevisiae	CBT1	Cytochrome B Termination	1150		31168.1
S000001692	YKL209C	S. cerevisiae	STE6	STErile	2898	1248	144774.2
S000001693	YKL210W	S. cerevisiae	UBA1	UBiquitin Activating	32355	12123	114226.9
S000001694	YKL211C	S. cerevisiae	TRP3	TRyPtophan	14850	5046	53485.9
S000001695	YKL212W	S. cerevisiae	SAC1	Suppressor of ACtin	10996	2810	71125.2
S000001696	YKL213C	S. cerevisiae	DOA1	Degradation Of Alpha	4561	2166	79478
S000001697	YKL214C	S. cerevisiae	YRA2	Yeast RNA Annealing protein	3470	1543	23785
S000001698	YKL215C	S. cerevisiae	OXP1	OXoProlinase	3801	1617	140419
S000001699	YKL216W	S. cerevisiae	URA1	URAcil requiring	30111	14692	34798.2
S000001700	YKL217W	S. cerevisiae	JEN1		836	390	69367.7
S000001701	YKL218C	S. cerevisiae	SRY1	Serine Racemase of Yeast	4539	1827	34898.4
S000001702	YKL219W	S. cerevisiae	COS9	COnserved Sequence	807	324	48552.9
S000001703	YKL220C	S. cerevisiae	FRE2	Ferric REductase			80096
S000001704	YKL221W	S. cerevisiae	MCH2	MonoCarboxylate permease Homologue			52264.6
S000001705	YKL222C	S. cerevisiae					82255.2
S000001706	YKL223W	S. cerevisiae					13126.9
S000001707	YKL224C	S. cerevisiae	PAU16	seriPAUperin			13044.9
S000001708	YKL225W	S. cerevisiae					13324.8
S000001709	YKR001C	S. cerevisiae	VPS1	Vacuolar Protein Sorting	15358	6640	78738.3
S000001710	YKR002W	S. cerevisiae	PAP1	Poly(A) Polymerase	4008	1581	64554.7
S000001711	YKR003W	S. cerevisiae	OSH6	OxySterol binding protein Homolog	3607	1210	51592.5
S000001712	YKR004C	S. cerevisiae	ECM9	ExtraCellular Mutant	777	324	44584.4
S000001713	YKR005C	S. cerevisiae			1126		58700.4
S000001714	YKR006C	S. cerevisiae	MRPL13	"Mitochondrial Ribosomal Protein, Large subunit"	5003	1604	30277.7
S000001715	YKR007W	S. cerevisiae	MEH1	Multicopy suppressor of Ers1 Hygromycin B sensitivity	4834	871	20230.3
S000001716	YKR008W	S. cerevisiae	RSC4	Remodel the Structure of Chromatin	5315	2414	72268.1
S000001717	YKR009C	S. cerevisiae	FOX2	Fatty acid OXidation	266	200	98719.1
S000001718	YKR010C	S. cerevisiae	TOF2	TOpoisomerase I-interacting Factor	1366	335	86369.4
S000001719	YKR011C	S. cerevisiae			1750	1170	41307.3
S000001720	YKR012C	S. cerevisiae					14336.9
S000001721	YKR013W	S. cerevisiae	PRY2	Pathogen Related in Yeast	1981	946	33763.9
S000001722	YKR014C	S. cerevisiae	YPT52	Yeast Protein Two	9752	2896	26119.2
S000001723	YKR015C	S. cerevisiae			766	384	66597.2
S000001724	YKR016W	S. cerevisiae	MIC60	MItochondrial contact site and Cristae organizing system	9782	1688	61079.8
S000001725	YKR017C	S. cerevisiae	HEL1	Histone E3 Ligase	1027	657	63553.8
S000001726	YKR018C	S. cerevisiae			5866	1916	81722.1
S000001727	YKR019C	S. cerevisiae	IRS4	Increased rDNA Silencing	606	584	68910.1
S000001728	YKR020W	S. cerevisiae	VPS51	Vacuolar Protein Sorting	1696	802	18901.1
S000001729	YKR021W	S. cerevisiae	ALY1	Arrestin-Like Yeast protein	1667	541	102518.2
S000001730	YKR022C	S. cerevisiae	NTR2	NineTeen complex Related protein	1443	292	36639.8
S000001731	YKR023W	S. cerevisiae	RQT4	Ribosome-Quality control Trigger factor	1871	902	60795.8
S000001732	YKR024C	S. cerevisiae	DBP7	Dead Box Protein	2691	1231	83331.5
S000001733	YKR025W	S. cerevisiae	RPC37	RNA Polymerase C	4264	844	32109.3
S000001734	YKR026C	S. cerevisiae	GCN3	General Control Nonderepressible	4129	1186	34015.4
S000001735	YKR027W	S. cerevisiae	BCH2	Bud7 and Chs6 Homolog	1287	1067	88030.4
S000001736	YKR028W	S. cerevisiae	SAP190	Sit4 Associated Protein	4320	1526	116959.3
S000001737	YKR029C	S. cerevisiae	SET3	SET domain-containing	1614	707	85495.3
S000001738	YKR030W	S. cerevisiae	GMH1	Gea1-6 Membrane-associated High-copy suppressor	1904	495	32000.6
S000001739	YKR031C	S. cerevisiae	SPO14	SPOrulation	1781	753	195204.3
S000001740	YKR032W	S. cerevisiae					12415.8
S000001741	YKR033C	S. cerevisiae					15668.5
S000001742	YKR034W	S. cerevisiae	DAL80	Degradation of Allantoin			30172.9
S000001743	YKR035C	S. cerevisiae	OPI8	OverProducer of Inositol			23236.1
S000001744	YKR036C	S. cerevisiae	CAF4	CCR4 Associated Factor	1771	152	72807.9
S000001745	YKR037C	S. cerevisiae	SPC34	Spindle Pole Component	2093	754	34080.2
S000001746	YKR038C	S. cerevisiae	KAE1	Kinase-Associated Endopeptidase	3573	897	42748
S000001747	YKR039W	S. cerevisiae	GAP1	General Amino acid Permease	3634	2280	65661
S000001748	YKR040C	S. cerevisiae					19240.3
S000001749	YKR041W	S. cerevisiae			117	100	29210.1
S000001750	YKR042W	S. cerevisiae	UTH1	yoUTH	5125	2068	36942.6
S000001751	YKR043C	S. cerevisiae	SHB17	"SedoHeptulose 1,7-Bisphosphatase"	8525	4430	31014.3
S000001752	YKR044W	S. cerevisiae	UIP5	Ulp1 Interacting Protein	1500	317	50977.5
S000001753	YKR045C	S. cerevisiae			1880	759	20236.7
S000001754	YKR046C	S. cerevisiae	PLN1	PeriLipiN	6304	3921	31247.6
S000001755	YKR047W	S. cerevisiae					12347.2
S000001756	YKR048C	S. cerevisiae	NAP1	Nucleosome Assembly Protein	12358	4247	47827.6
S000001757	YKR049C	S. cerevisiae	FMP46	Found in Mitochondrial Proteome	2775	1333	15656.3
S000001758	YKR050W	S. cerevisiae	TRK2	TRansport of potassium (K)			101120.8
S000001759	YKR051W	S. cerevisiae	HFL1	Has Fused Lysosomes	377		48764.2
S000001760	YKR052C	S. cerevisiae	MRS4	Mitochondrial RNA Splicing	1340	884	33309.9
S000001761	YKR053C	S. cerevisiae	YSR3	Yeast Sphingolipid Resistance			46489.5
S000001762	YKR054C	S. cerevisiae	DYN1	DYNein	1163	953	471292.3
S000001763	YKR055W	S. cerevisiae	RHO4	Ras HOmolog	1583	451	32183.9
S000001764	YKR056W	S. cerevisiae	TRM2	tRNA Methyltransferase	2427	1449	72866.2
S000001765	YKR057W	S. cerevisiae	RPS21A	Ribosomal Protein of the Small subunit	66467	37960	9745
S000001766	YKR058W	S. cerevisiae	GLG1	Glycogenin-Like Gene	1487	1380	69655.1
S000001767	YKR059W	S. cerevisiae	TIF1	Translation Initiation Factor	52628	8788	44684.5
S000001768	YKR060W	S. cerevisiae	UTP30	U Three Protein	3156	1034	31632.3
S000001769	YKR061W	S. cerevisiae	KTR2	Kre Two Related	400	222	50643.7
S000001770	YKR062W	S. cerevisiae	TFA2	"Transcription Factor a, subunit 2"	3969	2011	37001.9
S000001771	YKR063C	S. cerevisiae	LAS1	Lethal in the Absence of SSD1-v	1261	289	59353
S000001772	YKR064W	S. cerevisiae	OAF3	Oleate Activated transcription Factor	326	190	101820.2
S000001773	YKR065C	S. cerevisiae	PAM17	Presequence translocase-Associated Motor	4005	954	21977.4
S000001774	YKR066C	S. cerevisiae	CCP1	Cytochrome c Peroxidase	7620	5129	40348.3
S000001775	YKR067W	S. cerevisiae	GPT2	Glycerol-3-Phosphate acylTransferase	3692	815	83674.9
S000001776	YKR068C	S. cerevisiae	BET3	Blocked Early in Transport	3778	1579	22122.7
S000001777	YKR069W	S. cerevisiae	MET1	METhionine requiring	1861	1857	66120.8
S000001778	YKR070W	S. cerevisiae			4089	1426	39410.4
S000001779	YKR071C	S. cerevisiae	DRE2	Derepressed for Ribosomal protein S14 Expression	4295	988	38533.9
S000001780	YKR072C	S. cerevisiae	SIS2	SIt4 Suppressor	4255	932	62438.6
S000001781	YKR073C	S. cerevisiae					11976.3
S000001782	YKR074W	S. cerevisiae	AIM29	Altered Inheritance rate of Mitochondria	4893	2792	18432.9
S000001783	YKR075C	S. cerevisiae			1928	33	36101.6
S000001784	YKR076W	S. cerevisiae	ECM4	ExtraCellular Mutant	2335	1480	43270
S000001785	YKR077W	S. cerevisiae	MSA2	Mbf and Sbf Associated	1436	419	39879.6
S000001786	YKR078W	S. cerevisiae			1556	286	68273.1
S000001787	YKR079C	S. cerevisiae	TRZ1	tRNase Z	2667	562	96790.7
S000001788	YKR080W	S. cerevisiae	MTD1	Methylene Tetrahydrafolate Dehydrogenase	12619	5142	36239
S000001789	YKR081C	S. cerevisiae	RPF2	Ribosome Production Factor	7127	2860	39606.2
S000001790	YKR082W	S. cerevisiae	NUP133	NUclear Pore	5120	872	133274.2
S000001791	YKR083C	S. cerevisiae	DAD2	Duo1 And Dam1 interacting	2144	1364	15053.6
S000001792	YKR084C	S. cerevisiae	HBS1	Hsp70 subfamily B Suppressor	3580	1248	68709.1
S000001793	YKR085C	S. cerevisiae	MRPL20	"Mitochondrial Ribosomal Protein, Large subunit"	3181	2099	22413.3
S000001794	YKR086W	S. cerevisiae	PRP16	Pre-mRNA Processing	810	172	121660.8
S000001795	YKR087C	S. cerevisiae	OMA1	Overlapping activity with M-AAA protease	1921	662	39338.8
S000001796	YKR088C	S. cerevisiae	TVP38	Tlg2-Vesicle Protein	3979	790	38307.7
S000001797	YKR089C	S. cerevisiae	TGL4	TriacylGlycerol Lipase	2303	715	102720.8
S000001798	YKR090W	S. cerevisiae	PXL1	PaXillin-Like protein	2203	913	79409.4
S000001799	YKR091W	S. cerevisiae	SRL3	Suppressor of rad53 Lethality	1187	583	27468.1
S000001800	YKR092C	S. cerevisiae	SRP40	Serine Rich Protein	9434	2787	40971.7
S000001801	YKR093W	S. cerevisiae	PTR2	Peptide TRansport	2551	393	68030.9
S000001802	YKR094C	S. cerevisiae	RPL40B	Ribosomal Protein of the Large subunit	13325	12484	14568.3
S000001803	YKR095W	S. cerevisiae	MLP1	Myosin-Like Protein	3413	1354	218385.3
S000001804	YKR096W	S. cerevisiae	ESL2	EST/SMG-like	643	468	137458.6
S000001805	YKR097W	S. cerevisiae	PCK1	Phosphoenolpyruvate CarboxyKinase	1395	946	60973.8
S000001806	YKR098C	S. cerevisiae	UBP11	UBiquitin-specific Protease	220	209	82712
S000001807	YKR099W	S. cerevisiae	BAS1	BASal	1754	711	89607.4
S000001808	YKR100C	S. cerevisiae	SKG1	Suppressor of lethality of Kex2 Gas1 double null mutant	1989	1113	39824
S000001809	YKR101W	S. cerevisiae	SIR1	Silent Information Regulator	281	207	76953.3
S000001810	YKR102W	S. cerevisiae	FLO10	FLOcculation			122092.4
S000001811	YKR103W	S. cerevisiae	NFT1	New Full-length MRP-type Transporter	1599	769	138019.9
S000001812	YKR104W	S. cerevisiae			3244	2995	34653.9
S000001813	YKR105C	S. cerevisiae	VBA5	Vacuolar Basic Amino acid transporter			63366
S000001814	YKR106W	S. cerevisiae	GEX2	Glutathione EXchanger			68968.9
S000001817	YAL065C	S. cerevisiae					12916.3
S000001821	YAR030C	S. cerevisiae					13300.1
S000001826	YFL068W	S. cerevisiae					18601.2
S000001827	YFL067W	S. cerevisiae					16473.5
S000001828	YFL066C	S. cerevisiae			994	359	43829.2
S000001829	YFL065C	S. cerevisiae			1272		11791.1
S000001830	YFL064C	S. cerevisiae			1259		20431.6
S000001831	YFL063W	S. cerevisiae					17481.6
S000001832	YFL062W	S. cerevisiae	COS4	COnserved Sequence	224	147	45321.5
S000001833	YFL061W	S. cerevisiae	DDI2	DNA Damage Inducible	1146		25147.7
S000001834	YFL060C	S. cerevisiae	SNO3	SNZ proximal Open reading frame	195	176	25132.2
S000001835	YFL059W	S. cerevisiae	SNZ3	SNooZe	1163	766	32011.4
S000001836	YFL058W	S. cerevisiae	THI5	THIamine metabolism	1193		38595.1
S000001839	YFL055W	S. cerevisiae	AGP3	high-Affinity Glutamine Permease			61052.2
S000001840	YFL054C	S. cerevisiae	AQY3	AQuaporin from Yeast	182	155	70512.2
S000001841	YFL053W	S. cerevisiae	DAK2	DihydroxyAcetone Kinase	246		62123.1
S000001842	YFL052W	S. cerevisiae	ZNF1	ZiNc Finger protein			53239.1
S000001843	YFL051C	S. cerevisiae					18103.4
S000001844	YFL050C	S. cerevisiae	ALR2	ALuminum Resistance	1558	573	96677.1
S000001845	YFL049W	S. cerevisiae	SWP82	SWi/snf-associated Protein	2501	537	70282.5
S000001846	YFL048C	S. cerevisiae	EMP47		6864	2726	50327.9
S000001847	YFL047W	S. cerevisiae	RGD2	RhoGAP domain	2859	673	82192.2
S000001848	YFL046W	S. cerevisiae	FMP32	Found in Mitochondrial Proteome	1023	602	24018.8
S000001849	YFL045C	S. cerevisiae	SEC53	SECretory	33587	11932	29054.1
S000001850	YFL044C	S. cerevisiae	OTU1	Ovarian TUmor	2682	881	33499.2
S000001852	YFL042C	S. cerevisiae	LAM5	Lipid transfer protein Anchored at Membrane contact site	1032	458	76315.8
S000001853	YFL041W	S. cerevisiae	FET5	FErrous Transport	4041	691	70842.5
S000001854	YFL040W	S. cerevisiae					60618.6
S000001855	YFL039C	S. cerevisiae	ACT1	ACTin	59660	31382	41679
S000001856	YFL038C	S. cerevisiae	YPT1	Yeast Protein Two	17705	8871	23210.5
S000001857	YFL037W	S. cerevisiae	TUB2	TUBulin	18960	6746	50892.1
S000001858	YFL036W	S. cerevisiae	RPO41	RNA POlymerase	3689	3503	153064.9
S000001859	YFL034C-B	S. cerevisiae	MOB2	Mps One Binder	2203	768	33285.2
S000001860	YFL034W	S. cerevisiae	MIL1	Medium adaptin-Interacting Ligand	1520	440	119470.7
S000001861	YFL033C	S. cerevisiae	RIM15	Regulator of IME2	1302	613	196508.3
S000001862	YFL032W	S. cerevisiae					12389.3
S000001863	YFL031W	S. cerevisiae	HAC1	Homologous to Atf/Creb1	5374	3596	26894
S000001864	YFL030W	S. cerevisiae	AGX1	Alanine:Glyoxylate aminotrans(X)ferase	1909	875	41909.6
S000001865	YFL029C	S. cerevisiae	CAK1	Cdk-Activating Kinase	3296	2059	42178.8
S000001866	YFL028C	S. cerevisiae	CAF16	CCR4 Associated Factor	4946	1868	33087.3
S000001867	YFL027C	S. cerevisiae	GYP8	Gtpase-activating protein for Ypt Proteins	580	115	57626.4
S000001868	YFL026W	S. cerevisiae	STE2	STErile	4771	2485	47848
S000001869	YFL025C	S. cerevisiae	BST1	Bypass of Sec Thirteen	434	280	117747
S000001870	YFL024C	S. cerevisiae	EPL1	Enhancer of Polycomb Like	1393	328	96748.2
S000001871	YFL023W	S. cerevisiae	BUD27	BUD site selection	2709	1209	91351.3
S000001872	YFL022C	S. cerevisiae	FRS2	phenylalanyl (F)-tRNA Synthetase	27994	5349	57498.9
S000001873	YFL021W	S. cerevisiae	GAT1		3025	1357	56334.5
S000001874	YFL020C	S. cerevisiae	PAU5	seriPAUperin family			12840.5
S000001875	YFL019C	S. cerevisiae					13752.9
S000001876	YFL018C	S. cerevisiae	LPD1	LiPoamide Dehydrogenase	23937	9390	54012.7
S000001877	YFL017C	S. cerevisiae	GNA1	GlucosamiNe-6-phosphate Acetyltransferase	4091	3142	18130
S000001878	YFL016C	S. cerevisiae	MDJ1	Mitochondrial DnaJ	5987	1296	55579.8
S000001879	YFL015C	S. cerevisiae					19311.8
S000001880	YFL014W	S. cerevisiae	HSP12	Heat Shock Protein	32928	24044	11688.8
S000001881	YFL013C	S. cerevisiae	IES1	Ino Eighty Subunit	2723	674	78728.4
S000001882	YFL012W	S. cerevisiae			1186		17185.8
S000001883	YFL011W	S. cerevisiae	HXT10	HeXose Transporter	2622		60675.6
S000001884	YFL010C	S. cerevisiae	WWM1	WW domain containing protein interacting with Metacaspase	5813	1191	22642.4
S000001885	YFL009W	S. cerevisiae	CDC4	Cell Division Cycle	1191	425	86086.9
S000001886	YFL008W	S. cerevisiae	SMC1	Stability of MiniChromosomes	3618	1091	141270.5
S000001887	YFL007W	S. cerevisiae	BLM10	BLeoMycin resistance	2995	1162	245943.3
S000001889	YFL005W	S. cerevisiae	SEC4	SECretory	19002	7367	23506
S000001890	YFL004W	S. cerevisiae	VTC2	Vacuolar Transporter Chaperone	5824	3726	95436.5
S000001891	YFL003C	S. cerevisiae	MSH4	MutS Homolog	952	339	99225.5
S000001894	YFL002C	S. cerevisiae	SPB4	Suppressor of PAB1	2950	526	69436.1
S000001895	YFL001W	S. cerevisiae	DEG1	DEpressed Growth rate	2973	574	50907.5
S000001897	YFR001W	S. cerevisiae	LOC1	LOCalization of mRNA	3874	881	23622
S000001898	YFR002W	S. cerevisiae	NIC96	Nucleoporin-Interacting Component of 96 kDa	4862	1233	96169.7
S000001899	YFR003C	S. cerevisiae	YPI1	Yeast Phosphatase Inhibitor	1527	447	18183.1
S000001900	YFR004W	S. cerevisiae	RPN11	Regulatory Particle Non-ATPase	16400	4500	34392.7
S000001901	YFR005C	S. cerevisiae	SAD1	SnRNP Assembly Defective	1383	839	52164.1
S000001902	YFR006W	S. cerevisiae			3600	1761	61741.1
S000001903	YFR007W	S. cerevisiae	YFH7		1437	1382	39881.9
S000001904	YFR008W	S. cerevisiae	FAR7	Factor ARrest	1516	791	25910.7
S000001905	YFR009W	S. cerevisiae	GCN20	General Control Nonderepressible	13923	2477	85015.3
S000001906	YFR010W	S. cerevisiae	UBP6	UBiquitin-specific Protease	9653	5741	57110.3
S000001907	YFR011C	S. cerevisiae	MIC19	MItochondrial contact site and Cristae organizing system	4663	1069	18853.4
S000001908	YFR012W	S. cerevisiae	DCV1	Demands Cdc28 kinase activity for Viability	1166		22441.9
S000001909	YFR013W	S. cerevisiae	IOC3	Iswi One Complex	2190	245	90898.6
S000001910	YFR014C	S. cerevisiae	CMK1	CalModulin dependent protein Kinase	3461	1019	50289.6
S000001911	YFR015C	S. cerevisiae	GSY1	Glycogen SYnthase	4748	1358	80492.9
S000001912	YFR016C	S. cerevisiae	AIP5	Actin Interacting Protein	3459	2332	137537.2
S000001913	YFR017C	S. cerevisiae	IGD1	Inhibitor of Glycogen Debranching	2483	1874	21782.3
S000001914	YFR018C	S. cerevisiae			2119	426	41011.5
S000001915	YFR019W	S. cerevisiae	FAB1	Forms Aploid and Binucleate cells	652	524	257439.9
S000001916	YFR020W	S. cerevisiae	CSS2	Condition Specific Secretion	1180		25704.8
S000001917	YFR021W	S. cerevisiae	ATG18	AuTophaGy related	1929	876	55089.7
S000001918	YFR022W	S. cerevisiae	ROG3	Revertant Of Glycogen synthase kinase mutation	678	424	79715.9
S000001919	YFR023W	S. cerevisiae	PES4	Polymerase Epsilon Suppressor	1190	1003	70869.3
S000001921	YFR025C	S. cerevisiae	HIS2	HIStidine requiring	3257	806	38568.1
S000001922	YFR026C	S. cerevisiae	ULI1	Upr-L-Inducible gene	1016	295	18808.5
S000001923	YFR027W	S. cerevisiae	ECO1	Establishment of COhesion	210	144	31867.1
S000001924	YFR028C	S. cerevisiae	CDC14	Cell Division Cycle	3030	681	61909.4
S000001925	YFR029W	S. cerevisiae	PTR3	Peptide TRansport	371	211	76287.2
S000001926	YFR030W	S. cerevisiae	MET10	METhionine requiring	5327	3417	114799
S000001927	YFR031C	S. cerevisiae	SMC2	Structural Maintenance of Chromosomes	1833	941	133927.6
S000001928	YFR032C	S. cerevisiae	RRT5	Regulator of rDNA Transcription			31863.2
S000001929	YFR033C	S. cerevisiae	QCR6	ubiQuinol-cytochrome C oxidoReductase	5867	2915	17210.9
S000001930	YFR034C	S. cerevisiae	PHO4	PHOsphate metabolism	2560	1461	34089.3
S000001931	YFR035C	S. cerevisiae					12463
S000001932	YFR036W	S. cerevisiae	CDC26	Cell Division Cycle	2537	1305	14067
S000001933	YFR037C	S. cerevisiae	RSC8	Remodel the Structure of Chromatin	7401	3157	63146.6
S000001934	YFR038W	S. cerevisiae	IRC5	Increased Recombination Centers	1444	446	96956.5
S000001935	YFR039C	S. cerevisiae	OSW7	Outer Spore Wall	1501	232	59320.9
S000001936	YFR040W	S. cerevisiae	SAP155	Sit4 Associated Protein	3506	683	114925.8
S000001937	YFR041C	S. cerevisiae	ERJ5	Endoplasmic Reticulum located J-protein	2657	863	34215.9
S000001938	YFR042W	S. cerevisiae	KEG1	Kre6-binding ER protein responsible for Glucan synthesis	1699	20	23567.4
S000001939	YFR043C	S. cerevisiae	IRC6	Increased Recombination Centers	778	219	27861.7
S000001940	YFR044C	S. cerevisiae	DUG1	Deficient in Utilization of Glutathione	23259	13706	52860.7
S000001941	YFR045W	S. cerevisiae	MRX20	Mitochondrial oRganization of gene eXpression (MIOREX)	710	490	34408.5
S000001942	YFR046C	S. cerevisiae	CNN1	Co-purified with NNf1p	1283	247	41285.2
S000001943	YFR047C	S. cerevisiae	BNA6	Biosynthesis of Nicotinic Acid	3771	1437	32358.3
S000001944	YFR048W	S. cerevisiae	RMD8	Required for Meiotic nuclear Division	1106	544	75913.1
S000001945	YFR049W	S. cerevisiae	YMR31	Yeast Mitochondrial Ribosomal protein	3626	1307	13695.2
S000001946	YFR050C	S. cerevisiae	PRE4	PRoteinase yscE	15446	9160	29440.7
S000001947	YFR051C	S. cerevisiae	RET2	RETrieval from ER	10752	1705	60604.2
S000001948	YFR052W	S. cerevisiae	RPN12	Regulatory Particle Non-ATPase	15018	2387	31905.3
S000001949	YFR053C	S. cerevisiae	HXK1	HeXoKinase	40800	31783	53724.8
S000001950	YFR054C	S. cerevisiae					20456.1
S000001951	YFR056C	S. cerevisiae					14005.8
S000001952	YFR055W	S. cerevisiae	IRC7	Increased Recombination Centers	1875	735	36964.7
S000001953	YFR057W	S. cerevisiae			1352		17508.1
S000001954	YER044C-A	S. cerevisiae	MEI4	MEIosis-specific			48238.1
S000001955	YFL010W-A	S. cerevisiae	AUA1	Amino acid Uptake Activation			11736.8
S000001956	YKL096W-A	S. cerevisiae	CWP2	Cell Wall Protein	52209	26696	8906
S000001957	YHR079C-A	S. cerevisiae	SAE3	Sporulation in the Absence of spo Eleven	1249		10827.5
S000002100	YHR039C-A	S. cerevisiae	VMA10		29531	8013	12715.8
S000002101	YKL006C-A	S. cerevisiae	SFT1	Suppressor of sed Five Ts	2420	1037	10964.7
S000002103	YEL017C-A	S. cerevisiae	PMP2	Plasma Membrane Proteolipid	61354	11289	4853.1
S000002104	YFR031C-A	S. cerevisiae	RPL2A	Ribosomal Protein of the Large subunit	51078	4807	27437.1
S000002127	YER019C-A	S. cerevisiae	SBH2	Sec61 beta homolog 2	4776	2327	9613.3
S000002128	YER087C-B	S. cerevisiae	SBH1	Sec61 beta homolog 1	9810	5798	8719.3
S000002129	YAR002C-A	S. cerevisiae	ERP1	Emp24p/Erv25p Related Protein	9253	1734	24723.7
S000002133	YCR079W	S. cerevisiae	PTC6	Phosphatase Two C	1350	214	49419.5
S000002134	YAL034C	S. cerevisiae	FUN19	Function Unknown Now	1365	495	47096
S000002135	YER056C-A	S. cerevisiae	RPL34A	Ribosomal Protein of the Large subunit	48965	12937	13664.5
S000002136	YAL004W	S. cerevisiae					23732.7
S000002137	YAL034C-B	S. cerevisiae					13270.1
S000002138	YAL042C-A	S. cerevisiae					13710
S000002139	YAL056C-A	S. cerevisiae					12978.6
S000002140	YAL064C-A	S. cerevisiae	TDA8	Topoisomerase I Damage Affected	1340		13878.6
S000002141	YAL064W-B	S. cerevisiae			1219		13256.3
S000002142	YAL068C	S. cerevisiae	PAU8	seriPAUperin			12846.7
S000002143	YAL069W	S. cerevisiae					11334.2
S000002144	YAR066W	S. cerevisiae					20584.6
S000002145	YAR075W	S. cerevisiae					17010.7
S000002150	YBL109W	S. cerevisiae					12882.9
S000002151	YBL111C	S. cerevisiae			1211	932	76258.4
S000002152	YBL112C	S. cerevisiae					11980.5
S000002153	YBL113C	S. cerevisiae			881	472	86974.6
S000002156	YBR084C-A	S. cerevisiae	RPL19A	Ribosomal Protein of the Large subunit	45283	17604	21736.8
S000002157	YBR089C-A	S. cerevisiae	NHP6B	Non-Histone Protein	7847	2432	11485.2
S000002158	YBR162W-A	S. cerevisiae	YSY6		2079	921	7374.9
S000002159	YDL001W	S. cerevisiae	RMD1	Required for Meiotic nuclear Division	1782	600	49917
S000002160	YDL002C	S. cerevisiae	NHP10	Non-Histone Protein	3015	1292	23858.3
S000002161	YDL003W	S. cerevisiae	MCD1	Mitotic Chromosome Determinant	2134	682	63248.5
S000002162	YDL004W	S. cerevisiae	ATP16	ATP synthase	11900	7967	17019.6
S000002163	YDL005C	S. cerevisiae	MED2	MEDiator complex	2969	812	47687.1
S000002164	YDL006W	S. cerevisiae	PTC1	Phosphatase type Two C	1520	690	31534.8
S000002165	YDL007W	S. cerevisiae	RPT2	"Regulatory Particle Triple-A protein, or Regulatory Particle Triphosphatase"	15168	4423	48822.7
S000002166	YDL008W	S. cerevisiae	APC11	Anaphase Promoting Complex	2709	1185	18851.3
S000002167	YDL009C	S. cerevisiae					12733.3
S000002168	YDL010W	S. cerevisiae	GRX6	GlutaRedoXin	2453	734	25781.5
S000002169	YDL011C	S. cerevisiae					11613.8
S000002170	YDL012C	S. cerevisiae			2988	1941	12173.4
S000002171	YDL013W	S. cerevisiae	SLX5	Synthetic Lethal of unknown [X] function	312	305	71067.2
S000002172	YDL014W	S. cerevisiae	NOP1	NucleOlar Protein	24153	8996	34487
S000002173	YDL015C	S. cerevisiae	TSC13	Temperature-sensitive Suppressors of Csg2 mutants	7707	2894	36783.1
S000002174	YDL016C	S. cerevisiae					11383.4
S000002175	YDL017W	S. cerevisiae	CDC7	Cell Division Cycle	1562	677	58308.8
S000002176	YDL018C	S. cerevisiae	ERP3	Emp24p/Erv25p Related Protein	3442	1208	26509.3
S000002177	YDL019C	S. cerevisiae	OSH2	OxySterol binding protein Homolog	2981	1673	145786.5
S000002178	YDL020C	S. cerevisiae	RPN4	Regulatory Particle Non-ATPase	1487		60129.3
S000002179	YDL021W	S. cerevisiae	GPM2	Glycerate PhosphoMutase	4285	2265	36070.4
S000002180	YDL022W	S. cerevisiae	GPD1	Glycerol-3-Phosphate Dehydrogenase	26223	15467	42854.2
S000002181	YDL023C	S. cerevisiae					11428.3
S000002182	YDL024C	S. cerevisiae	DIA3	Digs Into Agar			53065.8
S000002183	YDL025C	S. cerevisiae	RTK1	Ribosome biogenesis and TRNA synthetase-associated Kinase	3256	1709	69620.1
S000002184	YDL026W	S. cerevisiae					11392.6
S000002185	YDL027C	S. cerevisiae	MRX9	Mitochondrial oRganization of gene eXpression (MIOREX)	1348	1082	48343
S000002186	YDL028C	S. cerevisiae	MPS1	MonoPolar Spindle	536	526	86783.9
S000002187	YDL029W	S. cerevisiae	ARP2	Actin-Related Protein	16063	4809	44065.9
S000002188	YDL030W	S. cerevisiae	PRP9	Pre-mRNA Processing	1355	639	63023.1
S000002189	YDL031W	S. cerevisiae	DBP10	Dead Box Protein	5504	2466	112966.8
S000002190	YDL032W	S. cerevisiae					11526
S000002191	YDL033C	S. cerevisiae	SLM3	Synthetic Lethal with Mss4	1170	372	47054.8
S000002192	YDL034W	S. cerevisiae					12924.3
S000002193	YDL035C	S. cerevisiae	GPR1	G-Protein coupled Receptor	1153	59	110707.6
S000002194	YDL036C	S. cerevisiae	PUS9	PseudoUridine Synthase	1727	875	53411.6
S000002195	YDL037C	S. cerevisiae	BSC1	Bypass of Stop Codon			34788.2
S000002197	YDL039C	S. cerevisiae	PRM7	Pheromone-Regulated Membrane protein			70091.9
S000002198	YDL040C	S. cerevisiae	NAT1	N-terminal AcetylTransferase	8398	4076	98920.2
S000002199	YDL041W	S. cerevisiae					11965.1
S000002200	YDL042C	S. cerevisiae	SIR2	Silent Information Regulator	2711	557	63270.6
S000002201	YDL043C	S. cerevisiae	PRP11	Pre-mRNA Processing	2349	1005	29923.2
S000002202	YDL044C	S. cerevisiae	MTF2	Mitochondrial Transcription Factor	1992	1139	51189.8
S000002203	YDL045C	S. cerevisiae	FAD1	FAD synthetase	1855	992	35535.4
S000002204	YDL046W	S. cerevisiae	NPC2	Niemann Pick type C homolog	2840	1092	19048.9
S000002205	YDL047W	S. cerevisiae	SIT4	Suppressor of Initiation of Transcription	4289	1727	35525.8
S000002206	YDL048C	S. cerevisiae	STP4	protein with similarity to Stp1p	1537	914	54382.7
S000002207	YDL049C	S. cerevisiae	KNH1	Kre9(Nine) Homolog			29759.3
S000002208	YDL050C	S. cerevisiae					14095.4
S000002209	YDL051W	S. cerevisiae	LHP1	La-Homologous Protein	8346	1749	32107.5
S000002210	YDL052C	S. cerevisiae	SLC1	SphingoLipid Compensation	8692	3369	33904.4
S000002211	YDL053C	S. cerevisiae	PBP4	Pbp1p Binding Protein	4469	1201	19901.7
S000002212	YDL054C	S. cerevisiae	MCH1	MonoCarboxylate transporter Homolog	1575	1563	53576.2
S000002213	YDL055C	S. cerevisiae	PSA1		104294	58655	39562.2
S000002214	YDL056W	S. cerevisiae	MBP1	MluI-box Binding Protein	1394	964	93924.2
S000002215	YDL057W	S. cerevisiae			1184	353	36687.2
S000002216	YDL058W	S. cerevisiae	USO1	yUSOu - transport in Japanese	3460	1165	206349.3
S000002217	YDL059C	S. cerevisiae	RAD59	RADiation sensitive	1140	598	26634.3
S000002218	YDL060W	S. cerevisiae	TSR1	Twenty S rRNA accumulation	4912	1381	90727.3
S000002219	YDL061C	S. cerevisiae	RPS29B	Ribosomal Protein of the Small subunit	31924	12802	6735.9
S000002220	YDL062W	S. cerevisiae					15987.9
S000002221	YDL063C	S. cerevisiae	SYO1	SYnchronized impOrt or SYmpOrtin	3014	553	70145.9
S000002222	YDL064W	S. cerevisiae	UBC9	UBiquitin-Conjugating	5656	2991	17917.6
S000002223	YDL065C	S. cerevisiae	PEX19	PEroXisome related	4831	1777	38659.2
S000002224	YDL066W	S. cerevisiae	IDP1	"Isocitrate Dehydrogenase, NADP-specific"	23120	6863	48196.9
S000002225	YDL067C	S. cerevisiae	COX9	Cytochrome c OXidase	6217	3110	6967.3
S000002226	YDL068W	S. cerevisiae					12171.8
S000002227	YDL069C	S. cerevisiae	CBS1	Cytochrome B Synthesis	556	182	26602.6
S000002228	YDL070W	S. cerevisiae	BDF2	BromoDomain Factor	2374	886	72500.8
S000002229	YDL071C	S. cerevisiae					13604.1
S000002230	YDL072C	S. cerevisiae	YET3	Yeast Endoplasmic reticulum Transmembrane protein	8579	2493	22903
S000002231	YDL073W	S. cerevisiae	AHK1	Associated with HKr1	368	205	113896.6
S000002232	YDL074C	S. cerevisiae	BRE1	BREfeldin A sensitivity	3447	1123	80685.1
S000002233	YDL075W	S. cerevisiae	RPL31A	Ribosomal Protein of the Large subunit	54812	42666	12962.3
S000002234	YDL076C	S. cerevisiae	RXT3		2375	850	33807.9
S000002235	YDL077C	S. cerevisiae	VAM6	VAcuolar Morphogenesis	1347	839	122876.8
S000002236	YDL078C	S. cerevisiae	MDH3	Malate DeHydrogenase	9783	4890	37193.6
S000002237	YDL079C	S. cerevisiae	MRK1	Mds1p Related Kinase	4699	4693	57822.9
S000002238	YDL080C	S. cerevisiae	THI3	THIamine metabolism	1453	507	68359
S000002239	YDL081C	S. cerevisiae	RPP1A	Ribosomal Protein P1 Alpha	134732	106242	10889.9
S000002240	YDL082W	S. cerevisiae	RPL13A	Ribosomal Protein of the Large subunit	51290	37073	22580.6
S000002241	YDL083C	S. cerevisiae	RPS16B	Ribosomal Protein of the Small subunit	29939	20465	15863.7
S000002242	YDL084W	S. cerevisiae	SUB2	SUppressor of Brr1-1	29329	8640	50294.4
S000002243	YDL085W	S. cerevisiae	NDE2	"NADH Dehydrogenase, External"	1186	614	61664.8
S000002244	YDL086W	S. cerevisiae			8453	3251	30832.4
S000002245	YDL087C	S. cerevisiae	LUC7	Lethal Unless Cap-binding complex is produced	1994	711	30205.3
S000002246	YDL088C	S. cerevisiae	ASM4	Anti-Suppressor in Multicopy	3387	598	58795
S000002247	YDL089W	S. cerevisiae	NUR1	NUclear Rim1	1165	812	56896.3
S000002248	YDL090C	S. cerevisiae	RAM1	RAS protein and A-factor Maturation	1972	347	48184.5
S000002249	YDL091C	S. cerevisiae	UBX3	UBiquitin regulatory X	1356	829	52937
S000002250	YDL092W	S. cerevisiae	SRP14	Signal Recognition Particle	5858	1306	16442.1
S000002251	YDL093W	S. cerevisiae	PMT5	Protein O-MannosylTransferase	606	304	84779.5
S000002252	YDL094C	S. cerevisiae					19702.4
S000002253	YDL095W	S. cerevisiae	PMT1	Protein O-MannosylTransferase	5231	3191	92666
S000002254	YDL096C	S. cerevisiae	OPI6	OverProducer of Inositol			11200
S000002255	YDL097C	S. cerevisiae	RPN6	Regulatory Particle Non-ATPase	13137	3956	49767.3
S000002256	YDL098C	S. cerevisiae	SNU23	Small NUclear ribonucleoprotein associated	1530	545	22682
S000002257	YDL099W	S. cerevisiae	BUG1	Binder of USO1 and GRH1	4201	1043	38264.8
S000002258	YDL100C	S. cerevisiae	GET3	Guided Entry of Tail-anchored proteins	17300	7743	39337.1
S000002259	YDL101C	S. cerevisiae	DUN1	DNA-damage UNinducible	1729	971	58635.1
S000002260	YDL102W	S. cerevisiae	POL3	POLymerase	3354	1209	124626.2
S000002261	YDL103C	S. cerevisiae	QRI1		6707	3561	53476.5
S000002262	YDL104C	S. cerevisiae	QRI7		712	304	45545.1
S000002263	YDL105W	S. cerevisiae	NSE4	Non-SMC Element	892	430	46130.6
S000002264	YDL106C	S. cerevisiae	PHO2	PHOsphate metabolism	2345	559	63362.5
S000002265	YDL107W	S. cerevisiae	MSS2	Mitochondrial Splicing	736	548	41486.7
S000002266	YDL108W	S. cerevisiae	KIN28	protein KINase	2151	704	35245.3
S000002267	YDL109C	S. cerevisiae			195		72860.3
S000002268	YDL110C	S. cerevisiae	TMA17	Translation Machinery Associated	4873	2088	16758.6
S000002269	YDL111C	S. cerevisiae	RRP42	Ribosomal RNA Processing	4315	560	29046.4
S000002270	YDL112W	S. cerevisiae	TRM3	Transfer RNA Methyltransferase	2626	1358	165023.2
S000002271	YDL113C	S. cerevisiae	ATG20	AuTophaGy related	2160	1301	72543.1
S000002272	YDL114W	S. cerevisiae			1051	207	34307.3
S000002273	YDL115C	S. cerevisiae	IWR1	Interacts With RNA polymerase II	2056	908	40604.2
S000002274	YDL116W	S. cerevisiae	NUP84	NUclear Pore	4730	708	83590.5
S000002275	YDL117W	S. cerevisiae	CYK3	CYtoKinesis	1515	853	100639.7
S000002276	YDL118W	S. cerevisiae					14139.9
S000002277	YDL119C	S. cerevisiae	HEM25	HEMe synthesis by SLC25 family member	1054	555	34222.1
S000002278	YDL120W	S. cerevisiae	YFH1	Yeast Frataxin Homolog	2716	966	19485.3
S000002279	YDL121C	S. cerevisiae	EXP1	ER eXport of Pma1	4979	1591	16948.4
S000002280	YDL122W	S. cerevisiae	UBP1	UBiquitin-specific Protease	5029	1564	92714.6
S000002281	YDL123W	S. cerevisiae	SNA4	Sensitivity to NA+	5337	1304	15672.1
S000002282	YDL124W	S. cerevisiae			22260	13653	35556.8
S000002283	YDL125C	S. cerevisiae	HNT1	Histidine triad NucleoTide-binding	11951	6767	17677.7
S000002284	YDL126C	S. cerevisiae	CDC48	Cell Division Cycle	29012	7816	91954.8
S000002285	YDL127W	S. cerevisiae	PCL2	Pho85 CycLin	2847	1683	35225
S000002286	YDL128W	S. cerevisiae	VCX1	VaCuolar H+/Ca2+ eXchanger	3352	1438	44635.6
S000002287	YDL129W	S. cerevisiae			1467	570	32925.6
S000002288	YDL130W	S. cerevisiae	RPP1B	Ribosomal Protein P1 Beta	119013	96613	10650.6
S000002289	YDL131W	S. cerevisiae	LYS21	LYSine	20130	8034	48586.7
S000002290	YDL132W	S. cerevisiae	CDC53	Cell Division Cycle	3627	1563	93950.9
S000002291	YDL133W	S. cerevisiae	SRF1	Spo14 Regulatory Factor	714	386	49587.8
S000002292	YDL134C	S. cerevisiae	PPH21	Protein PHosphatase	3736	1008	41910.2
S000002293	YDL133C-A	S. cerevisiae	RPL41B	Ribosomal Protein of the Large subunit	103128	16021	3354.4
S000002294	YDL135C	S. cerevisiae	RDI1	Rho GDP Dissociation Inhibitor	7184	3582	23135.3
S000002295	YDL136W	S. cerevisiae	RPL35B	Ribosomal Protein of the Large subunit	41748	5633	13932.9
S000002296	YDL137W	S. cerevisiae	ARF2	ADP-Ribosylation Factor	10072	7823	20657.8
S000002297	YDL138W	S. cerevisiae	RGT2	Restores Glucose Transport	1252		83149.1
S000002298	YDL139C	S. cerevisiae	SCM3	Suppressor of Chromosome Missegregation	622	197	25751.1
S000002299	YDL140C	S. cerevisiae	RPO21	RNA POlymerase	16113	5824	191570.4
S000002300	YDL141W	S. cerevisiae	BPL1	Biotin:apoProtein Ligase	4195	390	76359.6
S000002301	YDL142C	S. cerevisiae	CRD1	CaRDiolipin synthase	699	42	32035
S000002302	YDL143W	S. cerevisiae	CCT4	Chaperonin Containing TCP-1	20420	3002	57606.3
S000002303	YDL144C	S. cerevisiae			2760	817	39780.2
S000002304	YDL145C	S. cerevisiae	COP1	COat Protein	16265	4746	135581.3
S000002305	YDL146W	S. cerevisiae	LDB17	Low Dye Binding	838	574	56542.8
S000002306	YDL147W	S. cerevisiae	RPN5	Regulatory Particle Non-ATPase	14645	3039	51759.9
S000002307	YDL148C	S. cerevisiae	NOP14	NucleOlar Protein	7095	2958	94302.2
S000002308	YDL149W	S. cerevisiae	ATG9	AuTophaGy related	767	505	115382.6
S000002309	YDL150W	S. cerevisiae	RPC53	RNA Polymerase C	4195	465	46671.1
S000002310	YDL151C	S. cerevisiae	BUD30	BUD site selection			20887.3
S000002311	YDL152W	S. cerevisiae					13678.7
S000002312	YDL153C	S. cerevisiae	SAS10	Something About Silencing	6042	2466	70198.8
S000002313	YDL154W	S. cerevisiae	MSH5	MutS Homolog			102177.5
S000002314	YDL155W	S. cerevisiae	CLB3	CycLin B	892	151	49453.9
S000002315	YDL156W	S. cerevisiae	CMR1	Changed Mutation Rate	1850	548	59155.4
S000002316	YDL157C	S. cerevisiae			1532	569	13568.8
S000002317	YDL158C	S. cerevisiae					11990.5
S000002318	YDL159W	S. cerevisiae	STE7	STErile	1466	778	57723.7
S000002319	YDL160C	S. cerevisiae	DHH1	DEAD box Helicase Homolog	12762	5249	57546.7
S000002320	YDL161W	S. cerevisiae	ENT1	Epsin N-Terminal homology	3669	953	52346.4
S000002321	YDL162C	S. cerevisiae					13735.9
S000002322	YDL163W	S. cerevisiae					10745.4
S000002323	YDL164C	S. cerevisiae	CDC9	Cell Division Cycle	3108	1036	84830.3
S000002324	YDL165W	S. cerevisiae	CDC36	Cell Division Cycle	3237	1335	22358.7
S000002325	YDL166C	S. cerevisiae	FAP7	Factor Activating Pos9	4401	651	22702.2
S000002326	YDL167C	S. cerevisiae	NRP1	N (asparagine)-Rich Protein	2785	551	79294.2
S000002327	YDL168W	S. cerevisiae	SFA1	Sensitive to FormAldehyde	8370	5023	41039.5
S000002328	YDL169C	S. cerevisiae	UGX2	Unidentified Gene X	1180		25728.6
S000002329	YDL170W	S. cerevisiae	UGA3	Utilization of GAba	1226	227	61219.4
S000002330	YDL171C	S. cerevisiae	GLT1	GLuTamate synthase	12015	6885	238081.4
S000002331	YDL172C	S. cerevisiae					17565
S000002332	YDL173W	S. cerevisiae	PAR32	Phosphorylated After Rapamycin	4376	505	31895.7
S000002333	YDL174C	S. cerevisiae	DLD1	D-Lactate Dehydrogenase	7164	3636	65288.3
S000002334	YDL175C	S. cerevisiae	AIR2	Arginine methyltransferase-Interacting RING finger protein	1750	420	39358.3
S000002335	YDL176W	S. cerevisiae	IPF1	Involved in actin Patch Formation	339	304	81459.7
S000002336	YDL177C	S. cerevisiae			1333	426	19072.3
S000002337	YDL178W	S. cerevisiae	DLD2	D-Lactate Dehydrogenase	7227	2225	59259.9
S000002338	YDL179W	S. cerevisiae	PCL9	Pho85 CycLin	1061	252	34809.4
S000002339	YDL180W	S. cerevisiae			830	565	62271.3
S000002340	YDL181W	S. cerevisiae	INH1	INHibitor (of F1F0-ATPase)	4583	2006	9876.4
S000002341	YDL182W	S. cerevisiae	LYS20	LYSine requiring	21258	11869	47098.4
S000002342	YDL183C	S. cerevisiae	MRX19	Mitochondrial oRganization of gene eXpression (MIOREX)	764	699	37067.7
S000002343	YDL184C	S. cerevisiae	RPL41A	Ribosomal Protein of the Large subunit	106439	26618	3354.4
S000002344	YDL185W	S. cerevisiae	VMA1	Vacuolar Membrane Atpase	64990	24423	118621.8
S000002345	YDL186W	S. cerevisiae					32188.8
S000002346	YDL187C	S. cerevisiae					12818.4
S000002347	YDL188C	S. cerevisiae	PPH22	Protein PHosphatase	3949	1463	43017.3
S000002348	YDL189W	S. cerevisiae	RBS1	RNA-Binding Suppressor of PAS kinase	2254	1240	51959.7
S000002349	YDL190C	S. cerevisiae	UFD2	Ubiquitin Fusion Degradation	4158	912	109896.5
S000002350	YDL191W	S. cerevisiae	RPL35A	Ribosomal Protein of the Large subunit	69549	15481	13932.9
S000002351	YDL192W	S. cerevisiae	ARF1	ADP-Ribosylation Factor	33643	14001	20529.7
S000002352	YDL193W	S. cerevisiae	NUS1	Nuclear Undecaprenyl pyrophosphate Synthase	3711	1163	42555.4
S000002353	YDL194W	S. cerevisiae	SNF3	Sucrose NonFermenting	249		96698.6
S000002354	YDL195W	S. cerevisiae	SEC31	SECretory	19566	5056	138693.4
S000002355	YDL196W	S. cerevisiae					12913.2
S000002356	YDL197C	S. cerevisiae	ASF2	Anti-Silencing Function	1240	671	59358.2
S000002357	YDL198C	S. cerevisiae	GGC1	GDP/GTP Carrier	11017	5294	33234.9
S000002358	YDL199C	S. cerevisiae			1263	1257	77513.1
S000002359	YDL200C	S. cerevisiae	MGT1	O-6-MethylGuanine-DNA methylTransferase	704	489	21504.1
S000002360	YDL201W	S. cerevisiae	TRM8	Transfer RNA Methyltransferase	4535	1636	33400.9
S000002361	YDL202W	S. cerevisiae	MRPL11	"Mitochondrial Ribosomal Protein, Large subunit"	3448	943	28528.4
S000002362	YDL203C	S. cerevisiae	ACK1	Activator of C Kinase 1	1153	762	69378.3
S000002363	YDL204W	S. cerevisiae	RTN2	ReTiculoN-like	4592	1713	44366.6
S000002364	YDL205C	S. cerevisiae	HEM3	HEMe biosynthesis	5529	1861	36670
S000002365	YDL206W	S. cerevisiae			1128	6	85973.1
S000002366	YDL207W	S. cerevisiae	GLE1	GLFG (glycine-leucine-phenylalanine-glycine) LEthal	1884	844	62083
S000002367	YDL208W	S. cerevisiae	NHP2	Non-Histone Protein	17222	4801	17135.3
S000002368	YDL209C	S. cerevisiae	CWC2	Complexed With Cef1p	1829	1164	38433
S000002369	YDL210W	S. cerevisiae	UGA4	Utilization of GAba			61871.5
S000002370	YDL211C	S. cerevisiae			2152	758	40743.3
S000002371	YDL212W	S. cerevisiae	SHR3	Super high Histidine Resistant	4860	2459	23514.5
S000002372	YDL213C	S. cerevisiae	NOP6	NucleOlar Protein	5221	2358	25238.4
S000002373	YDL214C	S. cerevisiae	PRR2	Pheromone Response Regulator			78932.6
S000002374	YDL215C	S. cerevisiae	GDH2	Glutamate DeHydrogenase	6754	3552	124306.9
S000002375	YDL216C	S. cerevisiae	RRI1	Regulator of Rub1 specific Isopeptidase	742	335	50800.4
S000002376	YDL217C	S. cerevisiae	TIM22	Translocase of the Inner Mitochondrial membrane	1533	881	21863.2
S000002377	YDL218W	S. cerevisiae			1130		34452.1
S000002378	YDL219W	S. cerevisiae	DTD1	D-Tyr-tRNA(Tyr) Deacylase	4610	2893	16745.7
S000002379	YDL220C	S. cerevisiae	CDC13	Cell Division Cycle	319	231	104895.2
S000002380	YDL221W	S. cerevisiae					20268.7
S000002381	YDL222C	S. cerevisiae	FMP45	Found in Mitochondrial Proteome	2271	2129	34146.5
S000002382	YDL223C	S. cerevisiae	HBT1	HuB1 Target	5310	3816	113589.7
S000002383	YDL224C	S. cerevisiae	WHI4	WHIskey	3069	721	70686.1
S000002384	YDL225W	S. cerevisiae	SHS1	Seventh Homolog of Septin	5365	1356	62616.6
S000002385	YDL226C	S. cerevisiae	GCS1	Growth Cold Sensitive	9068	2937	39289.7
S000002386	YDL227C	S. cerevisiae	HO	HOmothallic switching endonuclease			66118.3
S000002387	YDL228C	S. cerevisiae					24155.8
S000002388	YDL229W	S. cerevisiae	SSB1	Stress-Seventy subfamily B	22452	15599	66590.2
S000002389	YDL230W	S. cerevisiae	PTP1	Protein Tyrosine Phosphatase	2394	697	38870.7
S000002390	YDL231C	S. cerevisiae	BRE4	BREfeldin A sensitivity	426	425	129750.6
S000002391	YDL232W	S. cerevisiae	OST4	OligoSaccharylTransferase	14004	5614	3982.7
S000002392	YDL233W	S. cerevisiae	MFG1	Morphogenetic regulator of Filamentous Growth	1010	360	51324
S000002393	YDL234C	S. cerevisiae	GYP7	Gtpase-activating protein for Ypt7 Protein	2243	331	87277.4
S000002394	YDL235C	S. cerevisiae	YPD1	tYrosine Phosphatase Dependent	5906	2026	19157.8
S000002395	YDL236W	S. cerevisiae	PHO13	PHOsphate metabolism	8772	2917	34622.9
S000002396	YDL237W	S. cerevisiae	AIM6	Altered Inheritance rate of Mitochondria	6231	3154	44370.9
S000002397	YDL238C	S. cerevisiae	GUD1	GUanine Deaminase	984	591	55192.1
S000002398	YDL239C	S. cerevisiae	ADY3	Accumulation of DYads			91819.2
S000002399	YDL240W	S. cerevisiae	LRG1	Lim-RhoGap homolog	1355	705	116665.7
S000002400	YDL241W	S. cerevisiae			1300		13494.3
S000002401	YDL242W	S. cerevisiae					13258.6
S000002402	YDL243C	S. cerevisiae	AAD4	Aryl-Alcohol Dehydrogenase	3504		36974.4
S000002403	YDL244W	S. cerevisiae	THI13	THIamine metabolism	1344		38577.1
S000002404	YDL245C	S. cerevisiae	HXT15	HeXose Transporter	1370		62937
S000002405	YDL246C	S. cerevisiae	SOR2		1139		38093.9
S000002406	YDL247W	S. cerevisiae	MPH2	Maltose Permease Homolog	9695		68201.9
S000002407	YDL248W	S. cerevisiae	COS7	COnserved Sequence	1103	984	45688.1
S000002408	YDR001C	S. cerevisiae	NTH1	Neutral TreHalase	5020	2320	85881.1
S000002409	YDR002W	S. cerevisiae	YRB1	Yeast Ran Binder	22691	2191	22950.2
S000002410	YDR003W	S. cerevisiae	RCR2	Resistance to Congo Red	2217	987	24205
S000002411	YDR004W	S. cerevisiae	RAD57	RADiation sensitive	1157	919	52244
S000002412	YDR005C	S. cerevisiae	MAF1		1720	508	44724.3
S000002413	YDR006C	S. cerevisiae	SOK1	Suppressor Of Kinase	1891	569	101100.6
S000002414	YDR007W	S. cerevisiae	TRP1	TRyPtophan	2532	682	24139.7
S000002415	YDR008C	S. cerevisiae					12842
S000002416	YDR009W	S. cerevisiae	GAL3	GALactose metabolism	863	346	58126.7
S000002417	YDR010C	S. cerevisiae					12700
S000002418	YDR011W	S. cerevisiae	SNQ2	Sensitivity to 4-NitroQuinoline-N-oxide	4095	2614	168770.1
S000002419	YDR012W	S. cerevisiae	RPL4B	Ribosomal Protein of the Large subunit	36864	13336	39096.8
S000002420	YDR013W	S. cerevisiae	PSF1	Partner of Sld Five	1132	339	24197.8
S000002421	YDR014W	S. cerevisiae	RAD61	RADiation sensitive	848	337	74708.4
S000002422	YDR015C	S. cerevisiae					8891.4
S000002423	YDR016C	S. cerevisiae	DAD1	Duo1 And Dam1 interacting	2459	1071	10506.7
S000002424	YDR017C	S. cerevisiae	KCS1	pKC1 Suppressor	2809	747	119538.6
S000002425	YDR018C	S. cerevisiae			1165		45960.3
S000002426	YDR019C	S. cerevisiae	GCV1	GlyCine cleaVage	11406	4512	44475.5
S000002427	YDR020C	S. cerevisiae	DAS2	Dst1-delta 6-Azauracil Sensitivity	2826	947	26583.2
S000002428	YDR021W	S. cerevisiae	FAL1	eukaryotic translation initiation factor Four A Like	2203	312	45223
S000002429	YDR022C	S. cerevisiae	ATG31	AuTophaGy related	486	472	22163.1
S000002430	YDR023W	S. cerevisiae	SES1	SEryl-tRNA Synthetase	41861	8935	53302
S000002431	YDR024W	S. cerevisiae	FYV1	Function required for Yeast Viability			18672.8
S000002432	YDR025W	S. cerevisiae	RPS11A	Ribosomal Protein of the Small subunit	59924	41108	17775.3
S000002433	YDR026C	S. cerevisiae	NSI1	NTS1 SIlencing protein 1	898	466	66374.4
S000002434	YDR027C	S. cerevisiae	VPS54	Vacuolar Protein Sorting	2323	323	101508.1
S000002435	YDR028C	S. cerevisiae	REG1	REsistance to Glucose repression	4140	1361	112556
S000002436	YDR029W	S. cerevisiae					12315.7
S000002437	YDR030C	S. cerevisiae	RAD28	RADiation sensitive			58229.2
S000002438	YDR031W	S. cerevisiae	MIX14	Mitochondrial Intermembrane space CX(n)C motif protein	3705	2230	13864.3
S000002439	YDR032C	S. cerevisiae	PST2	Protoplasts-SecreTed	14727	10032	20959.8
S000002440	YDR033W	S. cerevisiae	MRH1	Membrane protein Related to Hsp30p	22479	10805	36205
S000002441	YDR034C	S. cerevisiae	LYS14	LYSine requiring	1667	678	89393.8
S000002442	YDR035W	S. cerevisiae	ARO3	AROmatic amino acid requiring	14267	5365	41070.5
S000002443	YDR036C	S. cerevisiae	EHD3		4212	820	56294
S000002444	YDR037W	S. cerevisiae	KRS1	Lysyl (K) tRNA Synthetase	34286	8363	67946.3
S000002445	YDR038C	S. cerevisiae	ENA5	"Exitus NAtru (Latin, ""exit sodium"")"	2154	1977	120270.2
S000002446	YDR039C	S. cerevisiae	ENA2	"Exitus NAtru (Latin, ""exit sodium"")"	2448	1809	120291.3
S000002447	YDR040C	S. cerevisiae	ENA1	"Exitus NAtru (Latin, ""exit sodium"")"	2891	1254	120330.4
S000002448	YDR041W	S. cerevisiae	RSM10	Ribosomal Small subunit of Mitochondria	3852	1731	23430.2
S000002449	YDR042C	S. cerevisiae			1309		23262.1
S000002450	YDR043C	S. cerevisiae	NRG1	Negative Regulator of Glucose-repressed genes	1323	767	26750.3
S000002451	YDR044W	S. cerevisiae	HEM13	HEMe biosynthesis	5996	1996	37707.9
S000002452	YDR045C	S. cerevisiae	RPC11	RNA Polymerase C	2571	1642	12509.3
S000002453	YDR046C	S. cerevisiae	BAP3	Branched-chain Amino acid Permease	5922	3462	67369.6
S000002454	YDR047W	S. cerevisiae	HEM12	HEMe biosynthesis	4391	1182	41348.5
S000002455	YDR048C	S. cerevisiae					12323.5
S000002456	YDR049W	S. cerevisiae	VMS1	VCP/Cdc48-associated Mitochondrial Stress-responsive	3086	650	72745.4
S000002457	YDR050C	S. cerevisiae	TPI1	Triose-Phosphate Isomerase	121824	77504	26792.7
S000002458	YDR051C	S. cerevisiae	DET1	Decreased Ergosterol Transport	2963	515	39171.6
S000002459	YDR052C	S. cerevisiae	DBF4	DumbBell Former	902	437	80714.3
S000002460	YDR053W	S. cerevisiae					14752.7
S000002461	YDR054C	S. cerevisiae	CDC34	Cell Division Cycle	4374	1541	34019.8
S000002462	YDR055W	S. cerevisiae	PST1	Protoplasts-SecreTed	3762	1490	45786.1
S000002463	YDR056C	S. cerevisiae	EMC10	ER Membrane protein Complex	5137	2062	22761
S000002464	YDR057W	S. cerevisiae	YOS9	Yeast OS-9 homolog	1153	680	61216.9
S000002465	YDR058C	S. cerevisiae	TGL2	TriacylGlycerol Lipase	894	613	37505.6
S000002466	YDR059C	S. cerevisiae	UBC5	UBiquitin-Conjugating	3333	2285	16279.7
S000002467	YDR060W	S. cerevisiae	MAK21	MAintenance of Killer	7462	2280	116623.2
S000002468	YDR061W	S. cerevisiae			3422	1260	61189
S000002469	YDR062W	S. cerevisiae	LCB2	Long-Chain Base	5539	785	63116.6
S000002470	YDR063W	S. cerevisiae	AIM7	Altered Inheritance rate of Mitochondria	3849	791	17117.5
S000002471	YDR064W	S. cerevisiae	RPS13	Ribosomal Protein of the Small subunit	62207	42205	17045.2
S000002472	YDR065W	S. cerevisiae	RRG1	Required for Respiratory Growth	1463	308	42864.9
S000002473	YDR066C	S. cerevisiae	RTR2	Regulator of TRanscription	1718	904	22529.9
S000002474	YDR067C	S. cerevisiae	OCA6	Oxidant-induced Cell-cycle Arrest	1692	359	26032.6
S000002475	YDR068W	S. cerevisiae	DOS2		3630	822	35926.1
S000002476	YDR069C	S. cerevisiae	DOA4	Degradation Of Alpha	1408	866	105200.9
S000002477	YDR070C	S. cerevisiae	FMP16	Found in Mitochondrial Proteome	6853	5916	10850.5
S000002478	YDR071C	S. cerevisiae	PAA1	PolyAmine Acetyltransferase	20526	11846	21941.6
S000002479	YDR072C	S. cerevisiae	IPT1	InositolPhosphoTransferase	1446	149	60874.6
S000002480	YDR073W	S. cerevisiae	SNF11	Sucrose NonFermenting	1258	706	18668.2
S000002481	YDR074W	S. cerevisiae	TPS2	Trehalose-6-Phosphate Synthase/phosphatase	16558	6235	102982.4
S000002482	YDR075W	S. cerevisiae	PPH3	Protein PHosphatase	1731	498	35249.5
S000002483	YDR076W	S. cerevisiae	RAD55	RADiation sensitive	854	517	46348.2
S000002484	YDR077W	S. cerevisiae	SED1	Suppression of Exponential Defect	5874	5178	34409.5
S000002485	YDR078C	S. cerevisiae	SHU2	Suppressor of HydroxyUrea sensitivity			26104.7
S000002486	YDR079W	S. cerevisiae	PET100	PETite colonies	1499	381	13192.7
S000002487	YDR080W	S. cerevisiae	VPS41	Vacuolar Protein Sorting	1771	601	113353.5
S000002488	YDR081C	S. cerevisiae	PDC2	Pyruvate DeCarboxylase	1938	1296	103934.4
S000002489	YDR082W	S. cerevisiae	STN1	Suppressor of cdc ThirteeN	14		57498.1
S000002490	YDR083W	S. cerevisiae	RRP8	Ribosomal RNA Processing	3935	1159	46004.8
S000002491	YDR084C	S. cerevisiae	TVP23	Tlg2-Vesicle Protein	2275	849	23152
S000002492	YDR085C	S. cerevisiae	AFR1	Alpha-Factor Receptor regulator	329		71373.9
S000002493	YDR086C	S. cerevisiae	SSS1	Sec Sixty-one Suppressor	10099	5139	8948.8
S000002494	YDR087C	S. cerevisiae	RRP1	Ribosomal RNA Processing	4869	694	33193.7
S000002495	YDR088C	S. cerevisiae	SLU7	Synergistic Lethal with U5 snRNA	2061	825	44644.5
S000002496	YDR089W	S. cerevisiae	VTC5	Vacuole Transporter Chaperone	1942	1506	98689.8
S000002497	YDR090C	S. cerevisiae	ILT1	Ionic Liquid Tolerance	2550	1330	34626.8
S000002498	YDR091C	S. cerevisiae	RLI1	RNase L Inhibitor	16040	5930	68353.2
S000002499	YDR092W	S. cerevisiae	UBC13	UBiquitin-Conjugating	7265	1537	17464.1
S000002500	YDR093W	S. cerevisiae	DNF2	Drs2 Neo1 Family	2836	859	182601.4
S000002501	YDR094W	S. cerevisiae					12870
S000002502	YDR095C	S. cerevisiae					15202.9
S000002503	YDR096W	S. cerevisiae	GIS1	GIg1-2 Suppressor	2162	1730	99482.5
S000002504	YDR097C	S. cerevisiae	MSH6	MutS Homolog	2793	1985	140058.8
S000002505	YDR098C	S. cerevisiae	GRX3	GlutaRedoXin	7491	4146	28233.4
S000002506	YDR099W	S. cerevisiae	BMH2	Brain Modulosignalin Homolog	42982	10894	31045.5
S000002507	YDR100W	S. cerevisiae	TVP15	Tlg2-Vesicle Protein	4597	365	15875.5
S000002508	YDR101C	S. cerevisiae	ARX1	Associated with Ribosomal eXport complex	11002	3654	65211.3
S000002509	YDR102C	S. cerevisiae			498		12704.2
S000002510	YDR103W	S. cerevisiae	STE5	STErile	1766	445	102700.2
S000002511	YDR104C	S. cerevisiae	SPO71	SPOrulation	162		145217.1
S000002512	YDR105C	S. cerevisiae	TMS1		3441	564	52222.5
S000002513	YDR106W	S. cerevisiae	ARP10	Actin-Related Protein	8		33020.7
S000002514	YDR107C	S. cerevisiae	TMN2	TransMembrane Nine	1162	828	76347.2
S000002515	YDR108W	S. cerevisiae	TRS85	TRapp Subunit	1206	618	80485.6
S000002516	YDR109C	S. cerevisiae			1149	598	79158
S000002517	YDR110W	S. cerevisiae	FOB1	FOrk Blocking less	1687	729	65309.2
S000002518	YDR111C	S. cerevisiae	ALT2	ALanine Transaminase	1716	535	56759.3
S000002519	YDR112W	S. cerevisiae	IRC2	Increased Recombination Centers			11200.5
S000002520	YDR113C	S. cerevisiae	PDS1	Precocious Dissociation of Sisters	951	541	41819.5
S000002521	YDR114C	S. cerevisiae			1179		11970.5
S000002522	YDR115W	S. cerevisiae	MRX14	Mitochondrial oRganization of gene eXpression (MIOREX)	1259	1042	12053.6
S000002523	YDR116C	S. cerevisiae	MRPL1	"Mitochondrial Ribosomal Protein, Large subunit"	3737	1068	31016.5
S000002524	YDR117C	S. cerevisiae	TMA64	Translation Machinery Associated	5374	1506	64004.4
S000002525	YDR118W	S. cerevisiae	APC4	Anaphase Promoting Complex	1364	335	75243.4
S000002526	YDR119W	S. cerevisiae	VBA4	Vacuolar Basic Amino acid transporter	3911	1941	85691.5
S000002527	YDR120C	S. cerevisiae	TRM1	tRNA Methyltransferase	7582	3349	64071.2
S000002528	YDR121W	S. cerevisiae	DPB4	DNA Polymerase B (II) subunit	3148	609	21985.6
S000002529	YDR122W	S. cerevisiae	KIN1	KINase	2543	1513	120082.4
S000002530	YDR123C	S. cerevisiae	INO2	INOsitol requiring	2146	1362	34220.5
S000002531	YDR124W	S. cerevisiae			7763	4253	37606.1
S000002532	YDR125C	S. cerevisiae	ECM18	ExtraCellular Mutant	670	527	53207.4
S000002533	YDR126W	S. cerevisiae	SWF1	Spore Wall Formation	36		39312.2
S000002534	YDR127W	S. cerevisiae	ARO1	AROmatic amino acid requiring	17669	6000	174730.6
S000002535	YDR128W	S. cerevisiae	MTC5	Maintenance of Telomere Capping	556	365	130919.7
S000002536	YDR129C	S. cerevisiae	SAC6	Suppressor of ACtin	25994	5216	71755.3
S000002537	YDR130C	S. cerevisiae	FIN1	Filaments In between Nuclei	1027	277	33202.6
S000002538	YDR131C	S. cerevisiae			538	414	65241.6
S000002539	YDR132C	S. cerevisiae	MRX16	Mitochondrial oRganization of gene eXpression (MIOREX)	753	378	57194.7
S000002540	YDR133C	S. cerevisiae					12891.9
S000002542	YDR135C	S. cerevisiae	YCF1	Yeast Cadmium Factor	4264	1465	171136
S000002543	YDR136C	S. cerevisiae	VPS61	Vacuolar Protein Sorting			22828.5
S000002544	YDR137W	S. cerevisiae	RGP1	Reduced Growth Phenotype	1630	360	75305
S000002545	YDR138W	S. cerevisiae	HPR1	HyPerRecombination	2556	646	87807.3
S000002546	YDR139C	S. cerevisiae	RUB1	Related to UBiquitin	1614	274	8691.2
S000002547	YDR140W	S. cerevisiae	MTQ2	Methyltransferase	1689	748	24965.9
S000002548	YDR141C	S. cerevisiae	DOP1	homolog of A. nidulans DOPey	3198	828	194655.9
S000002549	YDR142C	S. cerevisiae	PEX7	PEroXin	645	324	42327.4
S000002550	YDR143C	S. cerevisiae	SAN1	Sir Antagonist	1872	1660	65596.9
S000002551	YDR144C	S. cerevisiae	MKC7	Multicopy suppressor of Kex2 Cold sensitivity	1153	255	64242.5
S000002552	YDR145W	S. cerevisiae	TAF12	TATA binding protein-Associated Factor	4067	1336	61089.7
S000002553	YDR146C	S. cerevisiae	SWI5	SWItching deficient	1179	782	79786.3
S000002554	YDR147W	S. cerevisiae	EKI1	Ethanolamine KInase	1902	1106	61643.5
S000002555	YDR148C	S. cerevisiae	KGD2	alpha-KetoGlutarate Dehydrogenase	6516	3410	50436.3
S000002556	YDR149C	S. cerevisiae					27056.6
S000002557	YDR150W	S. cerevisiae	NUM1	NUclear Migration	3679	1560	312912.2
S000002558	YDR151C	S. cerevisiae	CTH1	Cysteine-Three-Histidine	1730		36780.9
S000002559	YDR152W	S. cerevisiae	GIR2	Genetically Interacts with Ribosomal genes	7474	2383	30999.7
S000002560	YDR153C	S. cerevisiae	ENT5	Epsin N-Terminal homology	5591	1266	47318.1
S000002561	YDR154C	S. cerevisiae					13185.6
S000002562	YDR155C	S. cerevisiae	CPR1	Cyclosporin A-sensitive Proline Rotamase	95442	30670	17390.9
S000002563	YDR156W	S. cerevisiae	RPA14	RNA Polymerase A	3969	1940	14581.3
S000002564	YDR157W	S. cerevisiae					15513.2
S000002565	YDR158W	S. cerevisiae	HOM2	HOMoserine requiring	26502	12655	39541.1
S000002566	YDR159W	S. cerevisiae	SAC3	Suppressor of ACtin	1039	680	149591.6
S000002567	YDR160W	S. cerevisiae	SSY1	Sulfonylurea Sensitive on YPD	515		95755.3
S000002568	YDR161W	S. cerevisiae	ACL4	Assembly Chaperone of RpL4	4073	762	42905.6
S000002569	YDR162C	S. cerevisiae	NBP2	Nap1 Binding Protein	2478	1474	26532.5
S000002570	YDR163W	S. cerevisiae	CWC15	Complexed With Cef1p	2827	1415	19939.5
S000002571	YDR164C	S. cerevisiae	SEC1	SECretory	3453	2342	83479.1
S000002572	YDR165W	S. cerevisiae	TRM82	Transfer RNA Methyltransferase	6694	1413	50483.5
S000002573	YDR166C	S. cerevisiae	SEC5	SECretory	2518	882	112109.3
S000002574	YDR167W	S. cerevisiae	TAF10	TATA binding protein-Associated Factor	4008	2452	23004.4
S000002575	YDR168W	S. cerevisiae	CDC37	Cell Division Cycle	10200	5338	58354.4
S000002576	YDR169C	S. cerevisiae	STB3	Sin Three Binding protein	2856	881	56263.9
S000002577	YDR170C	S. cerevisiae	SEC7	SECretory	5253	1527	226761.4
S000002578	YDR171W	S. cerevisiae	HSP42	Heat Shock Protein	7790	4063	42794.3
S000002579	YDR172W	S. cerevisiae	SUP35	SUPpressor	26399	11244	76548.8
S000002580	YDR173C	S. cerevisiae	ARG82	ARGinine requiring	2720	1295	40326.2
S000002581	YDR174W	S. cerevisiae	HMO1	High MObility group (HMG) family	13337	4860	27546.3
S000002582	YDR175C	S. cerevisiae	RSM24	Ribosomal Small subunit of Mitochondria	3230	766	37401.9
S000002583	YDR176W	S. cerevisiae	NGG1		2457	349	79257.9
S000002584	YDR177W	S. cerevisiae	UBC1	UBiquitin-Conjugating	8210	4224	24168.5
S000002585	YDR178W	S. cerevisiae	SDH4	Succinate DeHydrogenase	2850	1325	20252.8
S000002586	YDR179C	S. cerevisiae	CSN9	Cop9 SigNalosome subunit	917	595	19468.5
S000002587	YDR179W-A	S. cerevisiae	NVJ3	Nucleus-Vacuole Junction	259	231	53739.7
S000002588	YDR180W	S. cerevisiae	SCC2	Sister Chromatid Cohesion	1567	640	171093.1
S000002589	YDR181C	S. cerevisiae	SAS4	Something About Silencing	718	452	55429.4
S000002590	YDR182W	S. cerevisiae	CDC1	Cell Division Cycle	2263	1121	57167
S000002591	YDR183W	S. cerevisiae	PLP1	Phosducin-Like Protein	1565	652	26609.9
S000002592	YDR184C	S. cerevisiae	ATC1	Aip Three Complex	660	197	33106.4
S000002593	YDR185C	S. cerevisiae	UPS3	UnProceSsed	1523	851	20929.4
S000002594	YDR186C	S. cerevisiae	SND1	Srp-iNDependent targeting	1256	1051	98307.9
S000002595	YDR187C	S. cerevisiae					18449.8
S000002596	YDR188W	S. cerevisiae	CCT6	Chaperonin Containing TCP-1	13342	6930	59915.4
S000002597	YDR189W	S. cerevisiae	SLY1	Suppressor of Loss of Ypt1	6155	1794	74661.1
S000002598	YDR190C	S. cerevisiae	RVB1	RuVB-like	13124	3037	50446.6
S000002599	YDR191W	S. cerevisiae	HST4	Homolog of SIR Two (SIR2)	1271	894	41780
S000002600	YDR192C	S. cerevisiae	NUP42	NUclear Pore	1419	843	42786.8
S000002601	YDR193W	S. cerevisiae					13743.7
S000002602	YDR194C	S. cerevisiae	MSS116	Mitochondrial Splicing System	7460	2273	76282.6
S000002603	YDR195W	S. cerevisiae	REF2	RNA End Formation	3264	931	59848.6
S000002604	YDR196C	S. cerevisiae	CAB5		2249	589	27344.1
S000002605	YDR197W	S. cerevisiae	CBS2	Cytochrome B Synthesis	2140	637	44625.2
S000002606	YDR198C	S. cerevisiae	RKM2	Ribosomal protein lysine (K) Methyltransferase	583	227	55930.9
S000002607	YDR199W	S. cerevisiae					13392
S000002608	YDR200C	S. cerevisiae	VPS64	Vacuolar Protein Sorting	926	549	67283.5
S000002609	YDR201W	S. cerevisiae	SPC19	Spindle Pole Component	1457	1180	18900.7
S000002610	YDR202C	S. cerevisiae	RAV2	Regulator of (H+)-ATPase in Vacuolar membrane	2030	358	40013.6
S000002611	YDR203W	S. cerevisiae					11604.7
S000002612	YDR204W	S. cerevisiae	COQ4	COenzyme Q	2488	766	38643.8
S000002613	YDR205W	S. cerevisiae	MSC2	Meiotic Sister-Chromatid recombination	1425	625	80578.2
S000002614	YDR206W	S. cerevisiae	EBS1	Est1-like Bcy1 Suppressor	1368	861	100015
S000002615	YDR207C	S. cerevisiae	UME6	Unscheduled Meiotic gene Expression	1199	740	91154.5
S000002616	YDR208W	S. cerevisiae	MSS4	Multicopy Suppressor of Stt4 mutation	1925	938	89341.7
S000002617	YDR209C	S. cerevisiae			1208		15411.8
S000002618	YDR210W	S. cerevisiae			2333	925	8567.7
S000002619	YDR211W	S. cerevisiae	GCD6	General Control Derepressed	7882	2112	81114.8
S000002620	YDR212W	S. cerevisiae	TCP1	Tailless Complex Polypeptide	16756	4302	60476.4
S000002621	YDR213W	S. cerevisiae	UPC2	UPtake Control	746	427	100324.8
S000002622	YDR214W	S. cerevisiae	AHA1	Activator of Heat shock protein 90 ATPase	13820	2995	39435.8
S000002623	YDR215C	S. cerevisiae					15190.8
S000002624	YDR216W	S. cerevisiae	ADR1	Alcohol Dehydrogenase II synthesis Regulator	1576	690	150928.6
S000002625	YDR217C	S. cerevisiae	RAD9	RADiation sensitive	1279	701	148357
S000002626	YDR218C	S. cerevisiae	SPR28	SPorulation Regulated			48184.7
S000002627	YDR219C	S. cerevisiae	MFB1	Mitochondria-associated F-Box protein	1690	330	53174.8
S000002628	YDR220C	S. cerevisiae					11179.2
S000002629	YDR221W	S. cerevisiae	GTB1	Glucosidase Two Beta-subunit	2547	583	79868
S000002630	YDR222W	S. cerevisiae			1225	366	47419.5
S000002631	YDR223W	S. cerevisiae	CRF1	Co-Repressor with FHL1			51668.8
S000002632	YDR224C	S. cerevisiae	HTB1	Histone h Two B	134559	106213	14267.6
S000002633	YDR225W	S. cerevisiae	HTA1	Histone h Two A	14327	6743	14002.5
S000002634	YDR226W	S. cerevisiae	ADK1	ADenylate Kinase	56107	23955	24252
S000002635	YDR227W	S. cerevisiae	SIR4	Silent Information Regulator	1446	381	152084.6
S000002636	YDR228C	S. cerevisiae	PCF11	Protein 1 of Cleavage and polyadenylation Factor I	2800	795	71901
S000002637	YDR229W	S. cerevisiae	IVY1	Interacting with Vps33p and Ypt7p	3099	650	49953
S000002638	YDR230W	S. cerevisiae					12909
S000002639	YDR231C	S. cerevisiae	COX20	Cytochrome c OXidase	2558	1389	23766.3
S000002640	YDR232W	S. cerevisiae	HEM1	HEMe biosynthesis	5028	2500	59362
S000002641	YDR233C	S. cerevisiae	RTN1	ReTiculoN-like	37100	8676	32923.3
S000002642	YDR234W	S. cerevisiae	LYS4	LYSine requiring	8761	2934	75150.5
S000002643	YDR235W	S. cerevisiae	PRP42	Pre-mRNA Processing	1895	312	65149.7
S000002644	YDR236C	S. cerevisiae	FMN1	FMN biosynthesis	2456	1506	24530.2
S000002645	YDR237W	S. cerevisiae	MRPL7	"Mitochondrial Ribosomal Protein, Large subunit"	3880	723	33114.5
S000002646	YDR238C	S. cerevisiae	SEC26	SECretory	16487	6380	108995.3
S000002647	YDR239C	S. cerevisiae			1325	909	86424.5
S000002648	YDR240C	S. cerevisiae	SNU56	Small NUclear ribonucleoprotein associated	1564	1002	56517.2
S000002649	YDR241W	S. cerevisiae	BUD26	BUD site selection			11244.7
S000002650	YDR242W	S. cerevisiae	AMD2	AMiDase	561	549	61397.7
S000002651	YDR243C	S. cerevisiae	PRP28	Pre-mRNA Processing	1874	585	66648.1
S000002652	YDR244W	S. cerevisiae	PEX5	PEroXin	1677	576	69298.8
S000002653	YDR245W	S. cerevisiae	MNN10	MaNNosyltransferase	3189	581	46746.4
S000002654	YDR246W	S. cerevisiae	TRS23	TRapp Subunit	2989	954	24867.6
S000002655	YDR247W	S. cerevisiae	VHS1	Viable in a Hal3 Sit4 background	784	272	52132.8
S000002656	YDR248C	S. cerevisiae			3301	319	22173.9
S000002657	YDR249C	S. cerevisiae			1261	1257	43795
S000002658	YDR250C	S. cerevisiae					10501.1
S000002659	YDR251W	S. cerevisiae	PAM1	Pp2A Multicopy suppressor	4246	1569	92878.2
S000002660	YDR252W	S. cerevisiae	BTT1	BTf Three	1954	1550	16623.1
S000002661	YDR253C	S. cerevisiae	MET32	METhionine requiring	432	420	21535
S000002662	YDR254W	S. cerevisiae	CHL4	CHromosome Loss	606	568	52679.3
S000002663	YDR255C	S. cerevisiae	RMD5	Required for Meiotic nuclear Division	1206	765	49174.2
S000002664	YDR256C	S. cerevisiae	CTA1	CaTalase A	1032	409	58555.1
S000002665	YDR257C	S. cerevisiae	RKM4	Ribosomal lysine (K) Methyltransferase	3686	1010	57271.3
S000002666	YDR258C	S. cerevisiae	HSP78	Heat Shock Protein	7728	3053	91340.3
S000002667	YDR259C	S. cerevisiae	YAP6	Yeast homolog of AP-1	682	668	43601
S000002668	YDR260C	S. cerevisiae	SWM1	Spore Wall Maturation			19347.2
S000002669	YDR261C	S. cerevisiae	EXG2	"EXo-1,3-beta-Glucanase"	2727	799	63492.5
S000002670	YDR262W	S. cerevisiae			2179	677	30626.9
S000002671	YDR263C	S. cerevisiae	DIN7	DNA Damage INducible			49054.1
S000002672	YDR264C	S. cerevisiae	AKR1	AnKyrin Repeat containing	4094	1070	85818.7
S000002673	YDR265W	S. cerevisiae	PEX10	PEroXin	707	441	39117.5
S000002674	YDR266C	S. cerevisiae	HEL2	Histone E3 Ligase	3143	809	72779
S000002675	YDR267C	S. cerevisiae	CIA1	Cytosolic Iron-sulfur protein Assembly	3008	1456	37247.7
S000002676	YDR268W	S. cerevisiae	MSW1	"Mitochondrial aminoacyl-tRNA Synthetase, tryptophan (W)"	2482	1674	43023.9
S000002677	YDR269C	S. cerevisiae					11504.6
S000002678	YDR270W	S. cerevisiae	CCC2	Cross-Complements Ca(2+) phenotype of csg1	1155	486	109801.8
S000002679	YDR271C	S. cerevisiae					13615
S000002680	YDR272W	S. cerevisiae	GLO2	GLyOxalase	8432	1856	31320.9
S000002681	YDR273W	S. cerevisiae	DON1	DONut			40140.7
S000002682	YDR274C	S. cerevisiae					13939.5
S000002683	YDR275W	S. cerevisiae	BSC2	Bypass of Stop Codon	1305	445	26573.8
S000002684	YDR276C	S. cerevisiae	PMP3	Plasma Membrane Proteolipid	23654		6136.5
S000002685	YDR277C	S. cerevisiae	MTH1	MSN Three Homolog	3589		49069
S000002686	YDR278C	S. cerevisiae					11920.1
S000002687	YDR279W	S. cerevisiae	RNH202	RNase H	1832	436	39484
S000002688	YDR280W	S. cerevisiae	RRP45	Ribosomal RNA Processing	4044	1393	33947.2
S000002689	YDR281C	S. cerevisiae	PHM6	PHosphate Metabolism			11879.9
S000002690	YDR282C	S. cerevisiae	MRX10	Mitochondrial oRganization of gene eXpression (MIOREX)	339	289	47169.1
S000002691	YDR283C	S. cerevisiae	GCN2	General Control Nonderepressible	1548	890	190176.2
S000002692	YDR284C	S. cerevisiae	DPP1	Diacylglycerol Pyrophosphate Phosphatase	3035	859	33509.2
S000002693	YDR285W	S. cerevisiae	ZIP1	molecular ZIPper	391	48	100030.3
S000002694	YDR286C	S. cerevisiae	MGP12	Mitochondrial Glutaredoxin-like Protein of 12 kDa	1302	845	13423.7
S000002695	YDR287W	S. cerevisiae	INM2	INositol Monophosphatase	2013	829	32085.9
S000002696	YDR288W	S. cerevisiae	NSE3	Non SMC Element	1898	875	33954.8
S000002697	YDR289C	S. cerevisiae	RTT103	Regulator of Ty1 Transposition	4062	2205	46457.5
S000002698	YDR290W	S. cerevisiae					13049.3
S000002699	YDR291W	S. cerevisiae	HRQ1	Homologous to RecQ protein	727	438	123536.9
S000002700	YDR292C	S. cerevisiae	SRP101	Signal Recognition Particle	4444	2444	69276.8
S000002701	YDR293C	S. cerevisiae	SSD1	Suppressor of SIT4 Deletion	8259	2568	139955
S000002702	YDR294C	S. cerevisiae	DPL1	Dihydrosphingosine Phosphate Lyase	4813	1297	65569.3
S000002703	YDR295C	S. cerevisiae	HDA2	Histone DeAcetylase	2332	832	77069.3
S000002704	YDR296W	S. cerevisiae	MHR1	Mitochondrial Homologous Recombination	4490	626	26907.1
S000002705	YDR297W	S. cerevisiae	SUR2	SUppressor of Rvs161 and rvs167 mutations	5344	1885	40736.6
S000002706	YDR298C	S. cerevisiae	ATP5	ATP synthase	24239	7067	22823.7
S000002707	YDR299W	S. cerevisiae	BFR2	BreFeldin A Resistance	6802	1961	61162.5
S000002708	YDR300C	S. cerevisiae	PRO1	PROline requiring	8992	2330	47158.6
S000002709	YDR301W	S. cerevisiae	CFT1	Cleavage Factor Two	2002	713	153381.3
S000002710	YDR302W	S. cerevisiae	GPI11	GlycosylPhosphatidylInositol anchor biosynthesis	5059	2491	25272.2
S000002711	YDR303C	S. cerevisiae	RSC3	Remodel the Structure of Chromatin	3230	1395	101725.5
S000002712	YDR304C	S. cerevisiae	CPR5	Cyclosporin-sensitive Proline Rotamase	11621	6071	25317.9
S000002713	YDR305C	S. cerevisiae	HNT2	Histidine triad NucleoTide-binding	3004	1326	24788.6
S000002714	YDR306C	S. cerevisiae	PFU1	"Pheromone, F-box, Ubiquitination"	1386	134	54447.4
S000002715	YDR307W	S. cerevisiae	PMT7		2230	932	77565.9
S000002716	YDR308C	S. cerevisiae	SRB7	Suppressor of RNA polymerase B	1994	1083	16063.5
S000002717	YDR309C	S. cerevisiae	GIC2	GTPase Interactive Component	1245	194	42864
S000002718	YDR310C	S. cerevisiae	SUM1	SUppresor of Mar1-1	2527	806	118187.6
S000002719	YDR311W	S. cerevisiae	TFB1	Transcription Factor B	3260	468	72891.4
S000002720	YDR312W	S. cerevisiae	SSF2	Suppressor of ste4 (Four)	2545	688	51864.8
S000002721	YDR313C	S. cerevisiae	PIB1	PtdIns(3)p-Binding	1449	892	32664.9
S000002722	YDR314C	S. cerevisiae	RAD34	Homologous to RAD4	114	36	82074.8
S000002723	YDR315C	S. cerevisiae	IPK1	Inositol Polyphosphate Kinase	1345	376	32920.4
S000002724	YDR316W	S. cerevisiae	OMS1	OXA1 Multicopy Suppressor	1768	1188	55610.9
S000002725	YDR317W	S. cerevisiae	HIM1	High Induced Mutagenesis	1254		47350.1
S000002726	YDR318W	S. cerevisiae	MCM21	MiniChromosome Maintenance	952	596	42950.1
S000002727	YDR319C	S. cerevisiae	YFT2		2213	1023	32017.3
S000002728	YDR320C	S. cerevisiae	SWA2	Synthetic lethal With Arf1	2927	800	75000.5
S000002729	YDR321W	S. cerevisiae	ASP1	ASParaginase	11287	4814	41385.6
S000002730	YDR322W	S. cerevisiae	MRPL35	"Mitochondrial Ribosomal Protein, Large subunit"	3928	1042	42838.6
S000002731	YDR323C	S. cerevisiae	PEP7	carboxyPEPtidase Y-deficient	768	699	59455.3
S000002732	YDR324C	S. cerevisiae	UTP4	U Three Protein	4082	1313	87796.4
S000002733	YDR325W	S. cerevisiae	YCG1	Yeast Cap G	1535	385	117793.1
S000002734	YDR326C	S. cerevisiae	YSP2	Yeast Suicide Protein	1886	1274	160577.3
S000002735	YDR327W	S. cerevisiae					12308.4
S000002736	YDR328C	S. cerevisiae	SKP1	Suppressor of Kinetochore Protein mutant	5623	1672	22305.4
S000002737	YDR329C	S. cerevisiae	PEX3	PEroXin	1583	487	50672.1
S000002738	YDR330W	S. cerevisiae	UBX5	UBiquitin regulatory X	2492	1287	56700.3
S000002739	YDR331W	S. cerevisiae	GPI8	GlycosylPhosphatidylInositol anchor biosynthesis	2573	1016	47380.6
S000002740	YDR332W	S. cerevisiae	IRC3	Increased Recombination Centers	218	47	78561.4
S000002741	YDR333C	S. cerevisiae	RQC1	Ribosome Quality Control	2360	1072	83405.7
S000002742	YDR334W	S. cerevisiae	SWR1	SWi2/snf2-Related	765	513	174502
S000002743	YDR335W	S. cerevisiae	MSN5	Multicopy suppressor of SNf1 mutation	3187	983	142084.9
S000002744	YDR336W	S. cerevisiae	MRX8	Mitochondrial oRganization of gene eXpression (MIOREX)			35635
S000002745	YDR337W	S. cerevisiae	MRPS28	"Mitochondrial Ribosomal Protein, Small subunit"	4063	2839	33076.9
S000002746	YDR338C	S. cerevisiae			1258	1043	77824.7
S000002747	YDR339C	S. cerevisiae	FCF1	Faf1p Copurifying Factor	2509	1494	21630.1
S000002748	YDR340W	S. cerevisiae					11545.8
S000002749	YDR341C	S. cerevisiae			26491	11884	69520.6
S000002750	YDR342C	S. cerevisiae	HXT7	HeXose Transporter	6150	1200	62737.6
S000002751	YDR343C	S. cerevisiae	HXT6	HeXose Transporter	25872	17683	62707.6
S000002752	YDR344C	S. cerevisiae					17504.2
S000002753	YDR345C	S. cerevisiae	HXT3	HeXose Transporter	19445	15660	62558.2
S000002754	YDR346C	S. cerevisiae	SVF1	SurVival Factor	13711	1218	54312.8
S000002755	YDR347W	S. cerevisiae	MRP1	Mitochondrial Ribosomal Protein	4399	1207	36736.3
S000002756	YDR348C	S. cerevisiae	PAL1	Pears And Lemons	3893	886	55008.8
S000002757	YDR349C	S. cerevisiae	YPS7	YaPSin	1085	760	64483.7
S000002758	YDR350C	S. cerevisiae	ATP22	ATPase synthase	867	426	79780.5
S000002759	YDR351W	S. cerevisiae	SBE2	Suppressor of BEm4	716	479	98981.8
S000002760	YDR352W	S. cerevisiae	YPQ2	Yeast PQ-loop protein	4289	666	35170.2
S000002761	YDR353W	S. cerevisiae	TRR1	ThioRedoxin Reductase	37897	8489	34233.4
S000002762	YDR354W	S. cerevisiae	TRP4	TRyPtophan	5878	2520	41367.7
S000002763	YDR355C	S. cerevisiae					10626.7
S000002764	YDR356W	S. cerevisiae	SPC110	Spindle Pole Component	3057	1415	111780.2
S000002765	YDR357C	S. cerevisiae	CNL1	CNo-Like	1317	451	13951.9
S000002766	YDR358W	S. cerevisiae	GGA1	"Golgi-localized, Gamma-adaptin ear homology, Arf-binding protein"	5001	2006	62310.2
S000002767	YDR359C	S. cerevisiae	EAF1	Esa1p-Associated Factor	1346	639	112519.7
S000002768	YDR360W	S. cerevisiae	OPI7	OverProducer of Inositol			15976.6
S000002769	YDR361C	S. cerevisiae	BCP1		6452	1742	32639.5
S000002770	YDR362C	S. cerevisiae	TFC6	Transcription Factor C	1603	445	74702.2
S000002771	YDR363W	S. cerevisiae	ESC2	Establishment of Silent Chromatin	1263	505	52520
S000002772	YDR364C	S. cerevisiae	CDC40	Cell Division Cycle	1630	566	52045.4
S000002773	YDR365C	S. cerevisiae	ESF1	Eighteen S rRNA Factor	5700	2750	72384.6
S000002774	YDR366C	S. cerevisiae	MOR1	Mitochondrial mORphology affecting	1244		15544.9
S000002775	YDR367W	S. cerevisiae	KEI1	Kex2-cleavable protein Essential for Inositol phosphorylceramide synthesis	3614	549	25486
S000002776	YDR368W	S. cerevisiae	YPR1	Yeast Putative Reductase	14884	7244	34754.3
S000002777	YDR369C	S. cerevisiae	XRS2	X-Ray Sensitive	437	232	96370.8
S000002778	YDR370C	S. cerevisiae	DXO1	Decapping eXOnuclease	665	588	50498.7
S000002779	YDR371W	S. cerevisiae	CTS2	ChiTinaSe	1628	970	59121.5
S000002780	YDR372C	S. cerevisiae	VPS74	Vacuolar Protein Sorting	4642	1918	39275.2
S000002781	YDR373W	S. cerevisiae	FRQ1	FReQuenin homolog	2664	545	22001.1
S000002782	YDR374C	S. cerevisiae	PHO92	PHOsphate metabolism			36057.8
S000002783	YDR375C	S. cerevisiae	BCS1	ubiquinol-cytochrome c reductase (bc1) Synthesis	1538	813	51113.1
S000002784	YDR376W	S. cerevisiae	ARH1	Adrenodoxin Reductase Homolog	1945	1133	56246.8
S000002785	YDR377W	S. cerevisiae	ATP17	ATP synthase	5942	2800	11322.3
S000002786	YDR378C	S. cerevisiae	LSM6	Like SM	8894	6795	9396.7
S000002787	YDR379W	S. cerevisiae	RGA2	Rho GTPase Activating Protein	1830	513	113296.5
S000002788	YDR380W	S. cerevisiae	ARO10	AROmatic amino acid requiring	5068	3428	71378.1
S000002789	YDR381W	S. cerevisiae	YRA1	Yeast RNA Annealing protein	26822	10902	24985.3
S000002790	YDR382W	S. cerevisiae	RPP2B	Ribosomal Protein P2 Beta	134732	116978	11035.1
S000002791	YDR383C	S. cerevisiae	NKP1	Non-essential Kinetochore Protein	2589	1776	26957.6
S000002792	YDR384C	S. cerevisiae	ATO3	Ammonia (Ammonium) Transport Outward	2211	1152	30020.7
S000002793	YDR385W	S. cerevisiae	EFT2	Elongation Factor Two	93385	34966	93279.1
S000002794	YDR386W	S. cerevisiae	MUS81	MMS and UV Sensitive	576	317	72318.7
S000002795	YDR387C	S. cerevisiae	CIN10	Chromosome INstability			61513.5
S000002796	YDR388W	S. cerevisiae	RVS167	Reduced Viability on Starvation	10054	3730	52769.7
S000002797	YDR389W	S. cerevisiae	SAC7	Suppressor of ACtin	2368	1004	73649.4
S000002798	YDR390C	S. cerevisiae	UBA2	UBiquitin Activating	3562	431	71238.5
S000002799	YDR391C	S. cerevisiae			3345	1213	26271.1
S000002800	YDR392W	S. cerevisiae	SPT3	SuPpressor of Ty's	1593	576	38801.6
S000002801	YDR393W	S. cerevisiae	SHE9	Sensitivity to High Expression	805	526	53578.4
S000002802	YDR394W	S. cerevisiae	RPT3	"Regulatory Particle Triple-A protein, or Regulatory Particle Triphosphatase"	5232	2997	47886.3
S000002803	YDR395W	S. cerevisiae	SXM1	Suppressor of mRNA eXport Mutant	7202	1783	108345.9
S000002804	YDR396W	S. cerevisiae					18188.1
S000002805	YDR397C	S. cerevisiae	NCB2	Negative Cofactor B	5479	1186	16641
S000002806	YDR398W	S. cerevisiae	UTP5	U Three Protein	4755	889	71967.1
S000002807	YDR399W	S. cerevisiae	HPT1	Hypoxanthine guanine PhosphoribosylTransferase	10533	3903	25184.9
S000002808	YDR400W	S. cerevisiae	URH1	URidine Hydrolase	2610	1368	37949.6
S000002809	YDR401W	S. cerevisiae					20877.9
S000002810	YDR402C	S. cerevisiae	DIT2	DITyrosine			56079.7
S000002811	YDR403W	S. cerevisiae	DIT1	DITyrosine			61382.2
S000002812	YDR404C	S. cerevisiae	RPB7	RNA Polymerase B	6517	2557	19059.2
S000002813	YDR405W	S. cerevisiae	MRP20	Mitochondrial Ribosomal Protein	3058	991	30576.6
S000002814	YDR406W	S. cerevisiae	PDR15	Pleiotropic Drug Resistance	2838	1372	172264.5
S000002815	YDR407C	S. cerevisiae	TRS120	TRapp Subunit	2048	506	147664.4
S000002816	YDR408C	S. cerevisiae	ADE8	ADEnine requiring	7420	1736	23536.4
S000002817	YDR409W	S. cerevisiae	SIZ1	SAP and mIZ-finger domain	540	391	100792.4
S000002818	YDR410C	S. cerevisiae	STE14	STErile	1719	584	27888.8
S000002819	YDR411C	S. cerevisiae	DFM1	Der1-like Family Member	3467	709	38143.1
S000002820	YDR412W	S. cerevisiae	RRP17	Ribosomal RNA Processing	3184	1191	27983.9
S000002821	YDR413C	S. cerevisiae					21336.2
S000002822	YDR414C	S. cerevisiae	ERD1	Endoplasmic reticulum Retention Defective	1134		43242.5
S000002823	YDR415C	S. cerevisiae			1217	570	42471.3
S000002824	YDR416W	S. cerevisiae	SYF1	SYnthetic lethal with cdcForty	1377	812	100200.8
S000002825	YDR417C	S. cerevisiae					13086.3
S000002826	YDR418W	S. cerevisiae	RPL12B	Ribosomal Protein of the Large subunit	79137	37701	17828.9
S000002827	YDR419W	S. cerevisiae	RAD30	RADiation sensitive	756	664	71523.8
S000002828	YDR420W	S. cerevisiae	HKR1	Hansenula mrakii Killer toxin Resistant	1783	467	188883.6
S000002829	YDR421W	S. cerevisiae	ARO80	AROmatic amino acid requiring	345	126	108196.6
S000002830	YDR422C	S. cerevisiae	SIP1	SNF1-Interacting Protein	1782	867	91055.8
S000002831	YDR423C	S. cerevisiae	CAD1	CADmium resistance	1183	688	45751.4
S000002832	YDR424C	S. cerevisiae	DYN2	DYNein	5285	3056	10442
S000002833	YDR425W	S. cerevisiae	SNX41	Sorting NeXin	1729	516	70736.8
S000002834	YDR426C	S. cerevisiae					14616.6
S000002835	YDR427W	S. cerevisiae	RPN9	Regulatory Particle Non-ATPase	14071	2806	45773.7
S000002836	YDR428C	S. cerevisiae	BNA7	Biosynthesis of NAD	3086	2170	29983.6
S000002837	YDR429C	S. cerevisiae	TIF35	Translation Initiation Factor	12175	3571	30500.9
S000002838	YDR430C	S. cerevisiae	CYM1	CYtosolic Metalloprotease	4862	2364	112165.1
S000002839	YDR431W	S. cerevisiae					12400.8
S000002840	YDR432W	S. cerevisiae	NPL3	Nuclear Protein Localization	34936	26291	45393.9
S000002841	YDR433W	S. cerevisiae					15578
S000002842	YDR434W	S. cerevisiae	GPI17	GlycosylPhosphatidylInositol anchor biosynthesis	3489	1057	60783.3
S000002843	YDR435C	S. cerevisiae	PPM1	Protein Phosphatase Methyltransferase	2046	560	37695
S000002844	YDR436W	S. cerevisiae	PPZ2	Protein Phosphatase Z	813	511	78515
S000002845	YDR437W	S. cerevisiae	GPI19	Glycosyl PhosphatidylInositol anchor biosynthesis	1335	583	16079.7
S000002846	YDR438W	S. cerevisiae	THI74	THIamine regulon			41380.8
S000002847	YDR439W	S. cerevisiae	LRS4	Loss of RDNA Silencing	1441	528	39367.7
S000002848	YDR440W	S. cerevisiae	DOT1	Disruptor Of Telomeric silencing	1310	850	66219.2
S000002849	YDR441C	S. cerevisiae	APT2	Adenine PhosphoribosylTransferase	2622	1511	19974
S000002850	YDR442W	S. cerevisiae					14463.2
S000002851	YDR443C	S. cerevisiae	SSN2	Suppressor of SNf1	1512	1107	159965.3
S000002852	YDR444W	S. cerevisiae			851	357	78111.9
S000002853	YDR445C	S. cerevisiae					15389.8
S000002854	YDR446W	S. cerevisiae	ECM11	ExtraCellular Mutant			34115.8
S000002855	YDR447C	S. cerevisiae	RPS17B	Ribosomal Protein of the Small subunit	83909	15758	15820.7
S000002856	YDR448W	S. cerevisiae	ADA2	transcriptional ADAptor	2389	703	50564.8
S000002857	YDR449C	S. cerevisiae	UTP6	U Three Protein	4319	1347	52430
S000002858	YDR450W	S. cerevisiae	RPS18A	Ribosomal Protein of the Small subunit	38112	33149	17049.9
S000002859	YDR451C	S. cerevisiae	YHP1	Yeast Homeo-Protein	857	386	39626
S000002860	YDR452W	S. cerevisiae	PPN1		2626	1659	78341
S000002861	YDR453C	S. cerevisiae	TSA2	Thiol-Specific Antioxidant	4351	1806	21615
S000002862	YDR454C	S. cerevisiae	GUK1	GUanylate Kinase	24575	11268	20637.5
S000002863	YDR455C	S. cerevisiae					10690.1
S000002864	YDR456W	S. cerevisiae	NHX1	Na+/H+ eXchanger	2365	1196	70124.3
S000002865	YDR457W	S. cerevisiae	TOM1	Temperature dependent Organization in Mitotic nucleus or Trigger Of Mitosis	2853	1043	374051.1
S000002866	YDR458C	S. cerevisiae	HEH2	Helix-Extension-Helix domain	2071	702	76379.6
S000002867	YDR459C	S. cerevisiae	PFA5	Protein Fatty Acyltransferase			42930.3
S000002868	YDR460W	S. cerevisiae	TFB3	Transcription Factor B subunit 3	2530	861	38124.8
S000002869	YDR461W	S. cerevisiae	MFA1	Mating Factor A	26175	6883	3927.6
S000002870	YDR462W	S. cerevisiae	MRPL28	"Mitochondrial Ribosomal Protein, Large subunit"	3243	936	17358.6
S000002871	YDR463W	S. cerevisiae	STP1	Species-specific tRNA Processing	1005	437	58088.6
S000002872	YDR464W	S. cerevisiae	SPP41	Suppressor of PrP4	1422	971	161617.4
S000002873	YDR465C	S. cerevisiae	RMT2	aRginine MeThyltransferase	3460	766	47430.2
S000002874	YDR466W	S. cerevisiae	PKH3	Pkb-activating Kinase Homolog	676	405	100505.9
S000002875	YDR467C	S. cerevisiae					12183.9
S000002876	YDR468C	S. cerevisiae	TLG1	T-snare affecting a Late Golgi compartment	2987	742	25796.1
S000002877	YDR469W	S. cerevisiae	SDC1	"Set1c, homolog of Dpy30 from C.elegans"	1918	880	19434.4
S000002878	YDR470C	S. cerevisiae	UGO1	UGO (Japanese for fusion)	1376	656	57541.4
S000002879	YDR471W	S. cerevisiae	RPL27B	Ribosomal Protein of the Large subunit	46600	17851	15525.5
S000002880	YDR472W	S. cerevisiae	TRS31	TRapp Subunit	3051	1051	31722.1
S000002881	YDR473C	S. cerevisiae	PRP3	Pre-mRNA Processing	1582	288	55877
S000002883	YDR475C	S. cerevisiae	JIP4	Jumonji domain Interacting Protein	1350	1243	98726.3
S000002884	YDR476C	S. cerevisiae			2991	790	25262.7
S000002885	YDR477W	S. cerevisiae	SNF1	Sucrose NonFermenting	5622	2394	72033.1
S000002886	YDR478W	S. cerevisiae	SNM1	Suppressor of Nuclear Mitochondrial endoribonuclease	1540	875	22558.3
S000002887	YDR479C	S. cerevisiae	PEX29	PEroXisome related	1842	666	63535.2
S000002888	YDR480W	S. cerevisiae	DIG2	Down-regulator of Invasive Growth	1332	686	36878.8
S000002889	YDR481C	S. cerevisiae	PHO8	PHOsphate metabolism	3505	1618	62976.5
S000002890	YDR482C	S. cerevisiae	CWC21	Complexed With Cef1p	2120	139	15768.9
S000002891	YDR483W	S. cerevisiae	KRE2	Killer toxin REsistant	8607	5952	51372
S000002892	YDR484W	S. cerevisiae	VPS52	Vacuolar Protein Sorting	2363	534	74322.5
S000002893	YDR485C	S. cerevisiae	VPS72	Vacuolar Protein Sorting	1253	249	90549.9
S000002894	YDR486C	S. cerevisiae	VPS60	Vacuolar Protein Sorting	2959	783	25846.9
S000002895	YDR487C	S. cerevisiae	RIB3	RIBoflavin biosynthesis	14322	5208	22561
S000002896	YDR488C	S. cerevisiae	PAC11	Perish in the Absence of CIN8	752	487	60058.7
S000002897	YDR489W	S. cerevisiae	SLD5	Synthetic Lethality with Dpb11-1	1572	356	33929.9
S000002898	YDR490C	S. cerevisiae	PKH1	Pkb-activating Kinase Homolog	1767	422	86272.6
S000002899	YDR491C	S. cerevisiae					18836.8
S000002900	YDR492W	S. cerevisiae	IZH1	Implicated in Zinc Homeostasis	1515	509	36499.1
S000002901	YDR493W	S. cerevisiae	MZM1	Mitochondrial Zinc Maintenance	2495	1066	13936.3
S000002902	YDR494W	S. cerevisiae	RSM28	Ribosomal Small subunit of Mitochondria	2139	1058	41242.8
S000002903	YDR495C	S. cerevisiae	VPS3	Vacuolar Protein Sorting	1316	327	116877
S000002904	YDR496C	S. cerevisiae	PUF6	PUmilio-homology domain Family	6829	3627	75101.3
S000002905	YDR497C	S. cerevisiae	ITR1	myo-Inositol TRansporter	6840	5223	63566.2
S000002906	YDR498C	S. cerevisiae	SEC20	SECretory	1917	826	43874.4
S000002907	YDR499W	S. cerevisiae	LCD1	"Lethal, Checkpoint-defective, DNA damage sensitive"	1000	552	86409.5
S000002908	YDR500C	S. cerevisiae	RPL37B	Ribosomal Protein of the Large subunit	28792	10348	9890.7
S000002909	YDR501W	S. cerevisiae	PLM2	PLasmid Maintenance	436	433	58219.9
S000002910	YDR502C	S. cerevisiae	SAM2	S-AdenosylMethionine requiring	38998	16998	42245.2
S000002911	YDR503C	S. cerevisiae	LPP1	Lipid Phosphate Phosphatase	1054	500	31591.6
S000002912	YDR504C	S. cerevisiae	SPG3	Stationary Phase Gene	3318	2178	15586.7
S000002913	YDR505C	S. cerevisiae	PSP1	Polymerase SuPpressor	2885	1167	95340.7
S000002914	YDR506C	S. cerevisiae	GMC1	Grand Meiotic recombination Cluster	885	487	69268.6
S000002915	YDR507C	S. cerevisiae	GIN4	Growth Inhibitory	3100	1829	129883.9
S000002916	YDR508C	S. cerevisiae	GNP1	GlutamiNe Permease	11584	7769	73600.7
S000002917	YDR509W	S. cerevisiae					14123.2
S000002918	YDR510W	S. cerevisiae	SMT3	Suppressor of Mif Two	15700	3546	11591.1
S000002919	YDR511W	S. cerevisiae	SDH7	Succinate DeHydrogenase	1812	1245	15786.3
S000002920	YDR512C	S. cerevisiae	EMI1	Early Meiotic Induction	1979	956	21075.1
S000002921	YDR513W	S. cerevisiae	GRX2	GlutaRedoXin	17817	10764	15861.6
S000002922	YDR514C	S. cerevisiae			863	695	55501.6
S000002923	YDR515W	S. cerevisiae	SLF1	SuLFide production	2997	676	50954.8
S000002924	YDR516C	S. cerevisiae	EMI2	Early Meiotic Induction	6825	2923	55912.4
S000002925	YDR517W	S. cerevisiae	GRH1	GRasp65 (Golgi reassembly stacking protein of 65kD) Homolog	4576	1041	41105.3
S000002926	YDR518W	S. cerevisiae	EUG1	ER protein Unnecessary for Growth	6613	3892	58949.2
S000002927	YDR519W	S. cerevisiae	FPR2	FKBP Proline Rotamase	6627	3278	14485
S000002928	YDR520C	S. cerevisiae	URC2	URacil Catabolism	780	224	88652.7
S000002929	YDR521W	S. cerevisiae					12689
S000002930	YDR522C	S. cerevisiae	SPS2	SPorulation Specific	238		55938.9
S000002931	YDR523C	S. cerevisiae	SPS1	SPorulation Specific	2611		55705.6
S000002932	YDR524C	S. cerevisiae	AGE1	Arf Gap with Effector function(s)	597	423	54518.1
S000002933	YDR525W	S. cerevisiae	API2	APIcal			12549
S000002934	YDR526C	S. cerevisiae					16912.8
S000002935	YDR527W	S. cerevisiae	RBA50	RNA polymerase II (B) Associated protein	2602	789	50166.5
S000002936	YDR528W	S. cerevisiae	HLR1	Homolog of LRe1	1469	1210	47575.7
S000002937	YDR529C	S. cerevisiae	QCR7	ubiQuinol-cytochrome C oxidoReductase	13267	5103	14561.9
S000002938	YDR530C	S. cerevisiae	APA2	AP4A phosphorylase	2833	1082	36827.1
S000002939	YDR531W	S. cerevisiae	CAB1	Coenzyme A Biosynthesis	3663	1780	40897.5
S000002940	YDR532C	S. cerevisiae	KRE28		1745	1089	44651.7
S000002941	YDR533C	S. cerevisiae	HSP31	Heat-Shock Protein	6441	3921	25662.9
S000002942	YDR534C	S. cerevisiae	FIT1	Facilitator of Iron Transport			52462.8
S000002943	YDR535C	S. cerevisiae					18564
S000002944	YDR536W	S. cerevisiae	STL1	Sugar Transporter-Like protein			63528.3
S000002945	YDR537C	S. cerevisiae					21660.5
S000002946	YDR538W	S. cerevisiae	PAD1	Phenylacrylic Acid Decarboxylase	1396	354	26743.7
S000002947	YDR539W	S. cerevisiae	FDC1	Ferulic acid DeCarboxylase	3195	1381	56152.3
S000002948	YDR540C	S. cerevisiae	IRC4	Increased Recombination Centers	403	367	21525.7
S000002949	YDR541C	S. cerevisiae			613	249	38579.1
S000002950	YDR542W	S. cerevisiae	PAU10	seriPAUperin			12831.8
S000002951	YDR543C	S. cerevisiae					11355.3
S000002952	YDR544C	S. cerevisiae					15917.5
S000002953	YDR545W	S. cerevisiae	YRF1-1		635	100	203785.1
S000002954	YEL059C-A	S. cerevisiae	SOM1	SOrting Mitochondrial	1094	792	8414.6
S000002955	YEL076C-A	S. cerevisiae					24172.1
S000002956	YEL075W-A	S. cerevisiae					22819.2
S000002957	YER007C-A	S. cerevisiae	TMA20	Translation Machinery Associated	8015	3795	20276.8
S000002958	YER060W-A	S. cerevisiae	FCY22	FluoroCYtosine resistance			57317.6
S000002959	YER066C-A	S. cerevisiae					19864.8
S000002960	YER093C-A	S. cerevisiae	AIM11	Altered Inheritance rate of Mitochondria	1329	389	15759.5
S000002961	YER119C-A	S. cerevisiae					14100.2
S000002964	YFL012W-A	S. cerevisiae					14518.8
S000002965	YFL017W-A	S. cerevisiae	SMX2		5058	1114	8479.9
S000002968	YFR024C-A	S. cerevisiae	LSB3	Las Seventeen Binding protein	6043	2445	49345.7
S000002969	YGL001C	S. cerevisiae	ERG26	ERGosterol biosynthesis	8667	4231	38702.7
S000002970	YGL002W	S. cerevisiae	ERP6	Emp24p/Erv25p Related Protein	1022	453	25273.3
S000002971	YGL003C	S. cerevisiae	CDH1	CDC20 Homolog	632	493	62828.4
S000002972	YGL004C	S. cerevisiae	RPN14	Regulatory Particle Non-ATPase	2210	500	46365.2
S000002973	YGL005C	S. cerevisiae	COG7	Conserved Oligomeric Golgi complex	2389	706	31756.5
S000002974	YGL006W	S. cerevisiae	PMC1	Plasma Membrane Calcium	3371	1161	130862.5
S000002975	YGL007W	S. cerevisiae	BRP1				13798.5
S000002976	YGL008C	S. cerevisiae	PMA1	Plasma Membrane ATPase	40732	25235	99588
S000002977	YGL009C	S. cerevisiae	LEU1	LEUcine biosynthesis	56013	24899	85778.3
S000002978	YGL010W	S. cerevisiae	MPO1	Metabolism of PHS to Odd-numbered fatty acids	2107	1095	20179.3
S000002979	YGL011C	S. cerevisiae	SCL1	Suppressor of Crl3 ts Lethality	19513	4216	27998.1
S000002980	YGL012W	S. cerevisiae	ERG4	ERGosterol biosynthesis	4000	1500	56050
S000002981	YGL013C	S. cerevisiae	PDR1	Pleiotropic Drug Resistance	1597	617	121789
S000002982	YGL014W	S. cerevisiae	PUF4	PUmilio-homology domain Family	4502	907	97786
S000002983	YGL015C	S. cerevisiae	BIL2	Bud6-interacting ligand 2			14960.1
S000002984	YGL016W	S. cerevisiae	KAP122	KAryoPherin	3347	983	123492.5
S000002985	YGL017W	S. cerevisiae	ATE1	Arginyl-tRNA-protein transfErase	2030	1411	57923
S000002986	YGL018C	S. cerevisiae	JAC1	J-type Accessory Chaperone	2464	605	21779.1
S000002987	YGL019W	S. cerevisiae	CKB1	Casein Kinase Beta subunit	4219	1537	32234.9
S000002988	YGL020C	S. cerevisiae	GET1	Guided Entry of Tail-anchored proteins	5602	1145	27097.7
S000002989	YGL021W	S. cerevisiae	ALK1		936	465	86119.1
S000002990	YGL022W	S. cerevisiae	STT3	STaurosporine and Temperature sensitive	5781	2763	81531.4
S000002991	YGL023C	S. cerevisiae	PIB2	PtdIns(3)p-Binding	2911	841	70618.7
S000002992	YGL024W	S. cerevisiae					12216.1
S000002993	YGL025C	S. cerevisiae	PGD1	PolyGlutamine Domain	2364	838	43083
S000002994	YGL026C	S. cerevisiae	TRP5	TRyPtophan	30438	14938	76616.8
S000002995	YGL027C	S. cerevisiae	CWH41	Calcofluor White Hypersensitive	4821	2582	96468.4
S000002996	YGL028C	S. cerevisiae	SCW11	Soluble Cell Wall protein	3756	3062	56421.9
S000002997	YGL029W	S. cerevisiae	CGR1	Coiled-coil Growth-Regulated	4838	1074	14439.3
S000002998	YGL030W	S. cerevisiae	RPL30	Ribosomal Protein of the Large subunit	48221	28680	11423.5
S000002999	YGL031C	S. cerevisiae	RPL24A	Ribosomal Protein of the Large subunit	57123	34444	17647.1
S000003000	YGL032C	S. cerevisiae	AGA2	a-AGglutinin	1599	439	9463.9
S000003001	YGL033W	S. cerevisiae	HOP2	HOmologous Pairing			24466.8
S000003002	YGL034C	S. cerevisiae			1202		13575.7
S000003003	YGL035C	S. cerevisiae	MIG1	Multicopy Inhibitor of GAL gene expression	2001	648	55550
S000003004	YGL036W	S. cerevisiae			1352	662	102355.2
S000003005	YGL037C	S. cerevisiae	PNC1	Pyrazinamidase and NiCotinamidase	15409	6776	24985.5
S000003006	YGL038C	S. cerevisiae	OCH1	Outer CHain elongation	2243	331	55156.1
S000003007	YGL039W	S. cerevisiae			4487	2177	38254.8
S000003008	YGL040C	S. cerevisiae	HEM2	HEMe biosynthesis	8139	1969	37733.6
S000003009	YGL041C	S. cerevisiae					7550
S000003010	YGL042C	S. cerevisiae					12128.5
S000003011	YGL043W	S. cerevisiae	DST1	DNA Strand Transfer	7193	2692	34853
S000003012	YGL044C	S. cerevisiae	RNA15	poly(A) mRNA metabolism	5977	4758	32784.1
S000003013	YGL045W	S. cerevisiae	RIM8	Regulator of IME2	784	159	60879.2
S000003015	YGL047W	S. cerevisiae	ALG13	Asparagine-Linked Glycosylation	1883	256	22657.3
S000003016	YGL048C	S. cerevisiae	RPT6	"Regulatory Particle Triple-A protein, or Regulatory Particle Triphosphatase"	17229	2930	45280.4
S000003017	YGL049C	S. cerevisiae	TIF4632	Translation Initiation Factor	7053	2055	103900.1
S000003018	YGL050W	S. cerevisiae	TYW3	Trna-YW synthesizing protein	3821	2132	30808.6
S000003019	YGL051W	S. cerevisiae	MST27	Multicopy suppressor of Sec Twenty one	1163		27242.5
S000003020	YGL052W	S. cerevisiae					12069.3
S000003021	YGL053W	S. cerevisiae	PRM8	Pheromone-Regulated Membrane protein	1445	387	27241.1
S000003022	YGL054C	S. cerevisiae	ERV14	ER Vesicle	7503	3137	15929
S000003023	YGL055W	S. cerevisiae	OLE1	OLEic acid requiring	9355	3317	58412.6
S000003024	YGL056C	S. cerevisiae	SDS23	homolog of S. pombe SDS23	5276	1089	58106.5
S000003025	YGL057C	S. cerevisiae	GEP7	GEnetic interactors of Prohibitins	1920	150	32967.3
S000003026	YGL058W	S. cerevisiae	RAD6	RADiation sensitive	6280	4027	19682.7
S000003027	YGL059W	S. cerevisiae	PKP2	Protein Kinase of PDH	1219	557	57296.4
S000003028	YGL060W	S. cerevisiae	YBP2	Yap1-Binding Protein	1994	1231	73079.6
S000003029	YGL061C	S. cerevisiae	DUO1	Death Upon Overproduction	2746	1172	27487.5
S000003030	YGL062W	S. cerevisiae	PYC1	PYruvate Carboxylase	13240	2702	130079.8
S000003031	YGL063W	S. cerevisiae	PUS2	PseudoUridine Synthase	5		41900.9
S000003032	YGL064C	S. cerevisiae	MRH4	Mitochondrial RNA Helicase	1048	647	63094.6
S000003033	YGL065C	S. cerevisiae	ALG2	Asparagine-Linked Glycosylation	3056	1285	58040.4
S000003034	YGL066W	S. cerevisiae	SGF73	"SaGa associated Factor, 73 kDa"	2419	811	72890.1
S000003035	YGL067W	S. cerevisiae	NPY1	NADH PYrophosphatase	2760	672	43512.9
S000003036	YGL068W	S. cerevisiae	MNP1	Mitochondrial-Nucleoid Protein	9181	2639	20654.2
S000003037	YGL069C	S. cerevisiae					16078
S000003038	YGL070C	S. cerevisiae	RPB9	RNA Polymerase B	5647	2612	14289.4
S000003039	YGL071W	S. cerevisiae	AFT1	Activator of Ferrous Transport	2431	841	77672.7
S000003040	YGL072C	S. cerevisiae					13393
S000003041	YGL073W	S. cerevisiae	HSF1	Heat Shock transcription Factor	2222	1099	93253.3
S000003042	YGL074C	S. cerevisiae					11506.1
S000003043	YGL075C	S. cerevisiae	MPS2	MonoPolar Spindle	776	440	44587.9
S000003044	YGL076C	S. cerevisiae	RPL7A	Ribosomal Protein of the Large subunit	78377	26064	27662.7
S000003045	YGL077C	S. cerevisiae	HNM1	Hyper-resistance to Nitrogen Mustard	6073	4537	62052.5
S000003046	YGL078C	S. cerevisiae	DBP3	Dead Box Protein	11233	3690	58840.3
S000003047	YGL079W	S. cerevisiae	KXD1	KxDL homolog	1697	888	24417.6
S000003048	YGL080W	S. cerevisiae	MPC1	Mitochondrial Pyruvate Carrier	2721	1792	15002.5
S000003049	YGL081W	S. cerevisiae			1179		36373.2
S000003050	YGL082W	S. cerevisiae			3783	696	43316.7
S000003051	YGL083W	S. cerevisiae	SCY1		1857	377	91005.3
S000003052	YGL084C	S. cerevisiae	GUP1	Glycerol UPtake	2305	1226	65359.4
S000003053	YGL085W	S. cerevisiae	LCL3	Long Chronological Lifespan 3	1473	769	32135.5
S000003054	YGL086W	S. cerevisiae	MAD1	Mitotic Arrest-Deficient	2131	1318	87635.3
S000003055	YGL087C	S. cerevisiae	MMS2	Methyl MethaneSulfonate sensitivity	4707	1839	15543.8
S000003056	YGL088W	S. cerevisiae					14219.7
S000003057	YGL089C	S. cerevisiae	MF(ALPHA)2	Mating Factor ALPHA	1636	337	13265.1
S000003058	YGL090W	S. cerevisiae	LIF1	Ligase Interacting Factor	463	413	48236.5
S000003059	YGL091C	S. cerevisiae	NBP35	Nucleotide Binding Protein	2167	552	35228.4
S000003060	YGL092W	S. cerevisiae	NUP145	NUclear Pore	5564	934	145645.6
S000003061	YGL093W	S. cerevisiae	SPC105	Spindle Pole Component	2684	1509	104791.5
S000003062	YGL094C	S. cerevisiae	PAN2	Poly(A)-binding protein-dependent poly(A) riboNuclease	1449	855	127030.3
S000003063	YGL095C	S. cerevisiae	VPS45	Vacuolar Protein Sorting	3072	787	67010
S000003064	YGL096W	S. cerevisiae	TOS8	Target Of Sbf			31274.9
S000003065	YGL097W	S. cerevisiae	SRM1	Suppressor of Receptor Mutations	9555	2341	53002.4
S000003066	YGL098W	S. cerevisiae	USE1	Unconventional SNARE in the ER	1290	451	28099.9
S000003067	YGL099W	S. cerevisiae	LSG1	Large-Subunit Gtpase	6151	3291	72736.4
S000003068	YGL100W	S. cerevisiae	SEH1	SEc13 Homolog	4208	2121	39110.1
S000003069	YGL101W	S. cerevisiae	YGK1		3684	838	25291.2
S000003070	YGL102C	S. cerevisiae					16167.3
S000003071	YGL103W	S. cerevisiae	RPL28	Ribosomal Protein of the Large subunit	71369	38809	16741.9
S000003072	YGL104C	S. cerevisiae	VPS73	Vacuolar Protein Sorting	472		54345.9
S000003073	YGL105W	S. cerevisiae	ARC1	Aminoacyl-tRNA synthetase Cofactor	38196	5218	42085.4
S000003074	YGL106W	S. cerevisiae	MLC1	Myosin Light Chain	23436	7563	16435.5
S000003075	YGL107C	S. cerevisiae	RMD9	Required for Meiotic nuclear Division	4166	634	74598.6
S000003076	YGL108C	S. cerevisiae			2525	492	16054.8
S000003077	YGL109W	S. cerevisiae					12441.5
S000003078	YGL110C	S. cerevisiae	CUE3	Coupling of Ubiquitin conjugation to ER degradation	2561	1301	72039.7
S000003079	YGL111W	S. cerevisiae	NSA1	Nop Seven Associated	4693	1901	51908
S000003080	YGL112C	S. cerevisiae	TAF6	TATA binding protein-Associated Factor	4175	968	57887.3
S000003081	YGL113W	S. cerevisiae	SLD3	Synthetically Lethal with Dpb11-1	196	96	77335.7
S000003082	YGL114W	S. cerevisiae			1037	415	80006.8
S000003083	YGL115W	S. cerevisiae	SNF4	Sucrose NonFermenting	5608	1365	36396.4
S000003084	YGL116W	S. cerevisiae	CDC20	Cell Division Cycle	2175	1196	67371.8
S000003085	YGL117W	S. cerevisiae			1858	1095	30755.7
S000003086	YGL118C	S. cerevisiae			1294		16928.3
S000003087	YGL119W	S. cerevisiae	COQ8	COenzyme Q	2272	866	56759.4
S000003088	YGL120C	S. cerevisiae	PRP43	Pre-mRNA Processing	8312	2582	87549.7
S000003089	YGL121C	S. cerevisiae	GPG1	G Protein Gamma	6522	4183	14911.9
S000003090	YGL122C	S. cerevisiae	NAB2	Nuclear polyAdenylated RNA-Binding	8716	2946	58328.9
S000003091	YGL123W	S. cerevisiae	RPS2	Ribosomal Protein of the Small subunit	58722	28548	27470.3
S000003092	YGL124C	S. cerevisiae	MON1	MONensin sensitivity	1110	313	73477.6
S000003093	YGL125W	S. cerevisiae	MET13	METhionine requiring	6485	2501	68543.7
S000003094	YGL126W	S. cerevisiae	SCS3	Suppressor of Choline Sensitivity	2448	1260	42753.5
S000003095	YGL127C	S. cerevisiae	SOH1	Suppressor Of Hpr1	2888	796	14734.9
S000003096	YGL128C	S. cerevisiae	CWC23	Complexed With Cef1p	1647	772	33226.6
S000003097	YGL129C	S. cerevisiae	RSM23	Ribosomal Small subunit of Mitochondria	3631	1056	50893.5
S000003098	YGL130W	S. cerevisiae	CEG1	Capping Enzyme Guanylyltransferase	4381	1946	52755.7
S000003099	YGL131C	S. cerevisiae	SNT2		463	286	163240.5
S000003100	YGL132W	S. cerevisiae					12231.3
S000003101	YGL133W	S. cerevisiae	ITC1	Imitation switch Two Complex	2312	797	145617.3
S000003102	YGL134W	S. cerevisiae	PCL10	Pho85 CycLin	1131	914	48559.8
S000003103	YGL135W	S. cerevisiae	RPL1B	Ribosomal Protein of the Large subunit	110146	70100	24502.1
S000003104	YGL136C	S. cerevisiae	MRM2	Mitochondrial rRNA Methyl transferase	453	222	37430
S000003105	YGL137W	S. cerevisiae	SEC27	SECretory	16404	3090	99388.1
S000003106	YGL138C	S. cerevisiae			1392	203	40860.2
S000003107	YGL139W	S. cerevisiae	FLC3	FLavin Carrier	1732	1068	90762.2
S000003108	YGL140C	S. cerevisiae			1831	543	137484.6
S000003109	YGL141W	S. cerevisiae	HUL5	Hect Ubiquitin Ligase	1516	658	105556.4
S000003110	YGL142C	S. cerevisiae	GPI10	GlycosylPhosphatidylInositol anchor biosynthesis	1209	293	72570
S000003111	YGL143C	S. cerevisiae	MRF1	Mitochondrial peptide chain Release Factor	959	656	46775.7
S000003112	YGL144C	S. cerevisiae	ROG1	Revertant Of Glycogen synthase kinase mutation	446	200	78127.6
S000003113	YGL145W	S. cerevisiae	TIP20	SEC20 (Twenty) Interacting Protein	2401	980	81159.1
S000003114	YGL146C	S. cerevisiae	RRT6	Regulator of rDNA Transcription			34705.2
S000003115	YGL147C	S. cerevisiae	RPL9A	Ribosomal Protein of the Large subunit	59820	20149	21580.3
S000003116	YGL148W	S. cerevisiae	ARO2	AROmatic amino acid requiring	18044	10177	40839.9
S000003117	YGL149W	S. cerevisiae					11648
S000003118	YGL150C	S. cerevisiae	INO80	INOsitol requiring	2976	1324	171421.1
S000003119	YGL151W	S. cerevisiae	NUT1	Negative regulation of URS Two	2737	700	128754.1
S000003120	YGL152C	S. cerevisiae					24080.6
S000003121	YGL153W	S. cerevisiae	PEX14	PEroXisome related	3407	1373	38403.5
S000003122	YGL154C	S. cerevisiae	LYS5	LYSine requiring	1008	385	30671.4
S000003123	YGL155W	S. cerevisiae	CDC43	Cell Division Cycle	2069	432	42682
S000003124	YGL156W	S. cerevisiae	AMS1	Alpha-MannoSidase	2113	1312	124497.2
S000003125	YGL157W	S. cerevisiae	ARI1	"Aldehyde Reductase Intermediate, subclass of SDR"	9003	5601	38076.7
S000003126	YGL158W	S. cerevisiae	RCK1	Radiation sensitivity Complementing Kinase			57964.5
S000003127	YGL159W	S. cerevisiae			1951	975	41628.4
S000003128	YGL160W	S. cerevisiae	AIM14	Altered Inheritance rate of Mitochondria	1275	560	65849.6
S000003129	YGL161C	S. cerevisiae	YIP5	Ypt-Interacting Protein	2083	724	34832.4
S000003130	YGL162W	S. cerevisiae	SUT1	Sterol UpTake	593	546	33206.8
S000003131	YGL163C	S. cerevisiae	RAD54	RADiation sensitive	782	582	101778.9
S000003132	YGL164C	S. cerevisiae	YRB30	Yeast Ran Binder	2396	562	50268.5
S000003133	YGL165C	S. cerevisiae					21924.8
S000003134	YGL166W	S. cerevisiae	CUP2		1453	641	24428
S000003135	YGL167C	S. cerevisiae	PMR1	Plasma Membrane ATPase Related	7303	3248	104554.8
S000003136	YGL168W	S. cerevisiae	HUR1	HydroxyUrea Resistance	1232		12518.9
S000003137	YGL169W	S. cerevisiae	SUA5	Suppressor of Upstream AUG	2610	676	46537.9
S000003138	YGL170C	S. cerevisiae	SPO74	SPOrulation			47692.4
S000003139	YGL171W	S. cerevisiae	ROK1	Rescuer Of Kem1	5436	2860	63670.5
S000003140	YGL172W	S. cerevisiae	NUP49	NUclear Pore	4241	1266	49138.7
S000003141	YGL173C	S. cerevisiae	XRN1	eXoRiboNuclease	12660	4228	175458.4
S000003142	YGL174W	S. cerevisiae	BUD13	BUD site selection	2089	313	30481.5
S000003143	YGL175C	S. cerevisiae	SAE2	Sporulation in the Absence of spo Eleven	1084	93	40094.5
S000003144	YGL176C	S. cerevisiae					63282.7
S000003145	YGL177W	S. cerevisiae					13694.4
S000003146	YGL178W	S. cerevisiae	MPT5	Multicopy suppressor of Pop Two	2316	859	95426.4
S000003147	YGL179C	S. cerevisiae	TOS3	Target Of Sbf			62091.2
S000003148	YGL180W	S. cerevisiae	ATG1	AuTophaGy related	1588	869	101707.3
S000003149	YGL181W	S. cerevisiae	GTS1	Glycine Threonine Serine repeat protein	3323	1064	44407.5
S000003150	YGL182C	S. cerevisiae					12232.5
S000003151	YGL183C	S. cerevisiae	MND1	Meiotic Nuclear Divisions	1216		26097.8
S000003152	YGL184C	S. cerevisiae	STR3	Sulfur TRansfer	2280	1200	51832.1
S000003153	YGL185C	S. cerevisiae			1456	262	42987.9
S000003154	YGL186C	S. cerevisiae	TPN1	Transport of PyridoxiNe	1181	931	64557.9
S000003155	YGL187C	S. cerevisiae	COX4	Cytochrome c OXidase	9410	3711	17141.8
S000003156	YGL188C	S. cerevisiae					7040.4
S000003157	YGL189C	S. cerevisiae	RPS26A	Ribosomal Protein of the Small subunit	90556	72143	13527.3
S000003158	YGL190C	S. cerevisiae	CDC55	Cell Division Cycle	3899	1148	59653.8
S000003159	YGL191W	S. cerevisiae	COX13	Cytochrome c OXidase	4547	2666	15022.3
S000003160	YGL192W	S. cerevisiae	IME4	Inducer of MEiosis	1246		69400.8
S000003161	YGL193C	S. cerevisiae					12007.3
S000003162	YGL194C	S. cerevisiae	HOS2	Hda One Similar	2540	1674	51430.2
S000003163	YGL195W	S. cerevisiae	GCN1	General Control Nonderepressible	15455	3113	296625.1
S000003164	YGL196W	S. cerevisiae	DSD1		2466	1578	47829.4
S000003165	YGL197W	S. cerevisiae	MDS3	Mck1 Dosage Suppressor	1729	1209	166972.2
S000003166	YGL198W	S. cerevisiae	YIP4	Ypt-Interacting Protein	1105	492	25994.6
S000003167	YGL199C	S. cerevisiae					16747.4
S000003168	YGL200C	S. cerevisiae	EMP24	EndoMembrane Protein	10421	2653	23330.5
S000003169	YGL201C	S. cerevisiae	MCM6	MiniChromosome Maintenance	3904	621	112940.4
S000003170	YGL202W	S. cerevisiae	ARO8	AROmatic amino acid requiring	23660	8302	56169.2
S000003171	YGL203C	S. cerevisiae	KEX1	Killer EXpression defective	4661	1369	82168.2
S000003172	YGL204C	S. cerevisiae					11359.9
S000003173	YGL205W	S. cerevisiae	POX1		2489	848	84050
S000003174	YGL206C	S. cerevisiae	CHC1	Clathrin Heavy Chain	27804	7265	187178.2
S000003175	YGL207W	S. cerevisiae	SPT16	SuPpressor of Ty	14767	3107	118593
S000003176	YGL208W	S. cerevisiae	SIP2	SNF1-Interacting Protein	743	529	46395.2
S000003177	YGL209W	S. cerevisiae	MIG2	Multicopy Inhibitor of GAL gene expression	2274	1128	42062.9
S000003178	YGL210W	S. cerevisiae	YPT32	Yeast Protein Two	4023	627	24515.7
S000003179	YGL211W	S. cerevisiae	NCS6	Needs Cla4 to Survive	2803	977	39999.8
S000003180	YGL212W	S. cerevisiae	VAM7	VAcuolar Morphogenesis	2444	367	36713.9
S000003181	YGL213C	S. cerevisiae	SKI8	SuperKIller	3702	787	44216
S000003182	YGL214W	S. cerevisiae					17936.8
S000003183	YGL215W	S. cerevisiae	CLG1	Cyclin-Like Gene	1209		51569.1
S000003184	YGL216W	S. cerevisiae	KIP3	KInesin related Protein	736	684	91088.7
S000003185	YGL217C	S. cerevisiae					12098.3
S000003186	YGL218W	S. cerevisiae					24161.2
S000003187	YGL219C	S. cerevisiae	MDM34	Mitochondrial Distribution and Morphology	1133	807	52001
S000003188	YGL220W	S. cerevisiae	BOL2	BolA-like protein	3063	716	14104.4
S000003189	YGL221C	S. cerevisiae	NIF3	Ngg1p-Interacting Factor	6835	3519	31888.8
S000003190	YGL222C	S. cerevisiae	EDC1	Enhancer of mRNA DeCapping	2664	1271	19260
S000003191	YGL223C	S. cerevisiae	COG1	Conserved Oligomeric Golgi complex	2425	590	48322
S000003192	YGL224C	S. cerevisiae	SDT1	Suppressor of Disruption of TFIIS	2472	557	31963
S000003193	YGL225W	S. cerevisiae	VRG4	Vandate Resistance Glycosylation	20537	10767	37030
S000003194	YGL226C-A	S. cerevisiae	OST5	OligoSaccharylTransferase	2809	1988	9520.2
S000003195	YGL226W	S. cerevisiae	MTC3	Maintenance of Telomere Capping	1302	132	14492.9
S000003196	YGL227W	S. cerevisiae	VID30	Vacuolar Import and Degradation	2183	1293	108107.6
S000003197	YGL228W	S. cerevisiae	SHE10	Sensitivity to High Expression	6882	2388	66850
S000003198	YGL229C	S. cerevisiae	SAP4	Sit4 Associated Protein	506	475	94665
S000003199	YGL230C	S. cerevisiae			1241		17265.3
S000003200	YGL231C	S. cerevisiae	EMC4	ER Membrane protein Complex	3893	1696	21467.1
S000003201	YGL232W	S. cerevisiae	TAN1	Trna AcetylatioN	3309	1919	33555.7
S000003202	YGL233W	S. cerevisiae	SEC15	SECretory	2445	568	105023.6
S000003203	YGL234W	S. cerevisiae	ADE57	ADEnine requiring	28081	6236	86041.7
S000003204	YGL235W	S. cerevisiae					19337.1
S000003205	YGL236C	S. cerevisiae	MTO1	Mitochondrial Translation Optimization	1056	504	74221.3
S000003206	YGL237C	S. cerevisiae	HAP2	Heme Activator Protein	1685	354	29869.6
S000003207	YGL238W	S. cerevisiae	CSE1	Chromosome SEgregation	5690	1472	109328.7
S000003208	YGL239C	S. cerevisiae					11412.5
S000003209	YGL240W	S. cerevisiae	DOC1	Destruction Of Cyclin B	1360	1209	28765.9
S000003210	YGL241W	S. cerevisiae	KAP114	KAryoPherin	2046	652	113856.7
S000003211	YGL242C	S. cerevisiae			7749	3859	20040.7
S000003212	YGL243W	S. cerevisiae	TAD1	tRNA-specific Adenosine Deaminase	1204	491	45952.3
S000003213	YGL244W	S. cerevisiae	RTF1	Restores TBP Function	6510	1376	65849.3
S000003214	YGL245W	S. cerevisiae	GUS1	GlUtamyl-tRNA Synthetase	38110	7507	80843.6
S000003215	YGL246C	S. cerevisiae	RAI1	Rat1p Interacting Protein	3843	567	44505.9
S000003216	YGL247W	S. cerevisiae	BRR6	Bad Response to Refrigeration	2516	1003	22809.6
S000003217	YGL248W	S. cerevisiae	PDE1	PhosphoDiEsterase	2055	1412	42006.4
S000003218	YGL249W	S. cerevisiae	ZIP2	ZIPping up meiotic chromosomes			82823.9
S000003219	YGL250W	S. cerevisiae	RMR1	Reduced Meiotic Recombination	1156	664	27675.6
S000003220	YGL251C	S. cerevisiae	HFM1	Helicase Family Member	1543	625	135075.4
S000003221	YGL252C	S. cerevisiae	RTG2	ReTroGrade regulation	4851	504	65575.9
S000003222	YGL253W	S. cerevisiae	HXK2	HeXoKinase	136905	64001	53930.9
S000003223	YGL254W	S. cerevisiae	FZF1	Five Zinc Fingers	2120	955	33996.5
S000003224	YGL255W	S. cerevisiae	ZRT1	Zinc-Regulated Transporter	10764	9373	41574.9
S000003225	YGL256W	S. cerevisiae	ADH4	Alcohol DeHydrogenase	5452	4782	41133.5
S000003226	YGL257C	S. cerevisiae	MNT2	MaNnosylTransferase	562	51	64835.2
S000003227	YGL258W	S. cerevisiae	VEL1	VELum formation	694		22142
S000003228	YGL259W	S. cerevisiae	YPS5	YaPSin	1782		17948.7
S000003229	YGL260W	S. cerevisiae					9032.9
S000003230	YGL261C	S. cerevisiae	PAU11	seriPAUperin			12846.7
S000003231	YGL262W	S. cerevisiae			1202		20130.2
S000003232	YGL263W	S. cerevisiae	COS12	COnserved Sequence	1188		44808.9
S000003233	YGR001C	S. cerevisiae	EFM5	Elongation Factor Methyltransferase	6853	2036	28566
S000003234	YGR002C	S. cerevisiae	SWC4	SWr Complex	2332	1088	55228.4
S000003235	YGR003W	S. cerevisiae	CUL3	CULlin	1039	558	86105.1
S000003236	YGR004W	S. cerevisiae	PEX31	PEroXisome related	831	627	52953.4
S000003237	YGR005C	S. cerevisiae	TFG2	Transcription Factor G	4632	1975	46605.1
S000003238	YGR006W	S. cerevisiae	PRP18	Pre-mRNA Processing	1152	310	28374.7
S000003239	YGR007W	S. cerevisiae	ECT1	Ethanolamine-phosphate CytidylylTransferase	3546	1393	36856.2
S000003240	YGR008C	S. cerevisiae	STF2	STabilizing Factor	9596	5143	9615.7
S000003241	YGR009C	S. cerevisiae	SEC9	SECretory	2829	1191	73602.8
S000003242	YGR010W	S. cerevisiae	NMA2	Nicotinamide Mononucleotide Adenylyltransferase	2227	930	44897.5
S000003243	YGR011W	S. cerevisiae					12415.9
S000003244	YGR012W	S. cerevisiae	MCY1	putative Mitochondrial CYsteine synthase	4318	1706	42805.4
S000003245	YGR013W	S. cerevisiae	SNU71	Small NUclear ribonucleoprotein associated	2170	1080	71340
S000003246	YGR014W	S. cerevisiae	MSB2	Multicopy Suppression of a Budding defect	2569	1249	133054.5
S000003247	YGR015C	S. cerevisiae	EAT1	Ethanol AcetylTransferase	1308		37942.3
S000003248	YGR016W	S. cerevisiae			737	499	22231.5
S000003249	YGR017W	S. cerevisiae			2840	931	34652.2
S000003250	YGR018C	S. cerevisiae			1347		11898.6
S000003251	YGR019W	S. cerevisiae	UGA1	Utilization of GAba	9418	3414	52942.7
S000003252	YGR020C	S. cerevisiae	VMA7	Vacuolar Membrane Atpase	11748	6529	13454.3
S000003253	YGR021W	S. cerevisiae	DPC29	Delta-Psi dependent mitochondrial import and Cleavage protein of ~29 kDa	2469	1193	31694.2
S000003254	YGR022C	S. cerevisiae					11703.2
S000003255	YGR023W	S. cerevisiae	MTL1	Mid-Two Like	1382	1371	57507.1
S000003256	YGR024C	S. cerevisiae	THG1	tRNAHis Guanylyltransferase	2451	1127	27760.1
S000003257	YGR025W	S. cerevisiae					11725.9
S000003258	YGR026W	S. cerevisiae			4219	2581	33279.1
S000003259	YGR027C	S. cerevisiae	RPS25A	Ribosomal Protein of the Small subunit	59656	32320	12055.5
S000003260	YGR028W	S. cerevisiae	MSP1	Mitochondrial Sorting of Proteins	2114	728	40339.8
S000003261	YGR029W	S. cerevisiae	ERV1	Essential for Respiration and Viability	2922	969	21642.8
S000003262	YGR030C	S. cerevisiae	POP6	Processing Of Precursor RNAs	2638	1067	18216.2
S000003263	YGR031W	S. cerevisiae	IMO32	Intermediate cleaved by Mitochondrial Octapeptidyl aminopeptidase	3434	441	38517.1
S000003264	YGR032W	S. cerevisiae	GSC2	Glucan Synthase of Cerevisiae	3030	2127	216982.7
S000003265	YGR033C	S. cerevisiae	TIM21	Translocase of the Inner Mitochondrial membrane	2644	1005	27228
S000003266	YGR034W	S. cerevisiae	RPL26B	Ribosomal Protein of the Large subunit	67290	29397	14252
S000003267	YGR035C	S. cerevisiae					12916.7
S000003268	YGR036C	S. cerevisiae	CAX4	CAlmodulin-dependent in cmd one two twenty-siX	2547	615	27653.3
S000003269	YGR037C	S. cerevisiae	ACB1	Acyl-CoA-Binding	26555	7262	10057.4
S000003270	YGR038W	S. cerevisiae	ORM1		3379	741	25241.9
S000003271	YGR039W	S. cerevisiae					12328.6
S000003272	YGR040W	S. cerevisiae	KSS1	Kinase Suppressor of Sst2 mutations	3013	1040	42680.6
S000003273	YGR041W	S. cerevisiae	BUD9	BUD site selection	952	655	60746.6
S000003274	YGR042W	S. cerevisiae	MTE1	Mph1-associated TElomere maintenance protein	951	362	31039.8
S000003275	YGR043C	S. cerevisiae	NQM1	Non-Quiescent Mutant	4613	3172	37248.9
S000003276	YGR044C	S. cerevisiae	RME1	Regulator of MEiosis	1441	441	33902.6
S000003277	YGR045C	S. cerevisiae					13652.2
S000003278	YGR046W	S. cerevisiae	TAM41	Translocator Assembly and Maintenance	1666	617	44220.2
S000003279	YGR047C	S. cerevisiae	TFC4	Transcription Factor class C	1718	584	120190.6
S000003280	YGR048W	S. cerevisiae	UFD1	Ubiquitin Fusion Degradation protein	3773	934	39808.8
S000003281	YGR049W	S. cerevisiae	SCM4	Suppressor of Cdc4 Mutation	3455	1753	20123.8
S000003282	YGR050C	S. cerevisiae			1136		13517.8
S000003283	YGR051C	S. cerevisiae					12106.6
S000003284	YGR052W	S. cerevisiae	FMP48	Found in Mitochondrial Proteome	1156	817	42819
S000003285	YGR053C	S. cerevisiae	MCO32	Mitochondrial Class One protein of 32 kDa	659	642	32211.7
S000003286	YGR054W	S. cerevisiae			14358	3757	71318.6
S000003287	YGR055W	S. cerevisiae	MUP1	Methionine UPtake	4102	3573	63222.6
S000003288	YGR056W	S. cerevisiae	RSC1	Remodel the Structure of Chromatin	1186	679	106660.4
S000003289	YGR057C	S. cerevisiae	LST7	Lethal with Sec Thirteen	916	449	28134.5
S000003290	YGR058W	S. cerevisiae	PEF1	Penta-EF-Hand protein	1627	414	38350.8
S000003291	YGR059W	S. cerevisiae	SPR3	SPorulation Regulated	898		59845.8
S000003292	YGR060W	S. cerevisiae	ERG25	ERGosterol biosynthesis	14371	11341	36481.4
S000003293	YGR061C	S. cerevisiae	ADE6	ADEnine requiring	34954	11642	148864.3
S000003294	YGR062C	S. cerevisiae	COX18	Cytochrome c OXidase	644	619	35676.7
S000003295	YGR063C	S. cerevisiae	SPT4	SuPpressor of Ty's	8567	2787	11153.9
S000003296	YGR064W	S. cerevisiae					14401.9
S000003297	YGR065C	S. cerevisiae	VHT1	Vitamin H Transporter	1564	1205	69098.4
S000003298	YGR066C	S. cerevisiae	GID10	Glucose Induced Degradation deficient	1190		34034.2
S000003299	YGR067C	S. cerevisiae					92249.5
S000003300	YGR068C	S. cerevisiae	ART5	Arrestin-Related Trafficking adaptors	1317	568	65481.5
S000003301	YGR069W	S. cerevisiae					13606
S000003302	YGR070W	S. cerevisiae	ROM1	RhO1 Multicopy suppressor	684	253	131453.5
S000003303	YGR071C	S. cerevisiae	ENV11	late ENdosome and Vacuole interface function	883	150	98083.7
S000003304	YGR072W	S. cerevisiae	UPF3	UP Frameshift	2274	316	44964
S000003305	YGR073C	S. cerevisiae					14074.3
S000003306	YGR074W	S. cerevisiae	SMD1	snRNA Sm binding site protein D1	3691	1099	16288.2
S000003307	YGR075C	S. cerevisiae	PRP38	Pre-mRNA Processing	2380	874	27956.9
S000003308	YGR076C	S. cerevisiae	MRPL25	"Mitochondrial Ribosomal Protein, Large subunit"	2403	1051	18608.2
S000003309	YGR077C	S. cerevisiae	PEX8	PEroXin	951	182	68165.8
S000003310	YGR078C	S. cerevisiae	PAC10	Perish in the Absence of Cin8p	4703	582	23104.3
S000003311	YGR079W	S. cerevisiae					40868.7
S000003312	YGR080W	S. cerevisiae	TWF1	TWinFilin	4975	1860	37066.2
S000003313	YGR081C	S. cerevisiae	SLX9		4726	994	24083.8
S000003314	YGR082W	S. cerevisiae	TOM20	Translocase of the Outer Mitochondrial membrane	6150	3138	20315.4
S000003315	YGR083C	S. cerevisiae	GCD2	General Control Derepressed	7301	1385	70873.3
S000003316	YGR084C	S. cerevisiae	MRP13	Mitochondrial Ribosomal Protein	4351	1174	38999.5
S000003317	YGR085C	S. cerevisiae	RPL11B	Ribosomal Protein of the Large subunit	69672	27508	19762
S000003318	YGR086C	S. cerevisiae	PIL1	Phosphorylation Inhibited by Long chain bases	29832	9050	38319.3
S000003319	YGR087C	S. cerevisiae	PDC6	Pyruvate DeCarboxylase	2945	2159	61571.8
S000003320	YGR088W	S. cerevisiae	CTT1	CaTalase T	4910	3463	64575.9
S000003321	YGR089W	S. cerevisiae	NNF2		2047	1051	106476.7
S000003322	YGR090W	S. cerevisiae	UTP22	U Three Protein	6359	2754	140495.8
S000003323	YGR091W	S. cerevisiae	PRP31	Pre-mRNA Processing	1444	317	56305.2
S000003324	YGR092W	S. cerevisiae	DBF2	DumbBell Former	3164	496	66157
S000003325	YGR093W	S. cerevisiae	DRN1	Debranching enzyme-associated RiboNuclease	2297	1069	58198.6
S000003326	YGR094W	S. cerevisiae	VAS1	VAlyl-tRNA Synthetase	39560	15535	125764.8
S000003327	YGR095C	S. cerevisiae	RRP46	Ribosomal RNA Processing	3707	1073	24396.4
S000003328	YGR096W	S. cerevisiae	TPC1	Thiamine Pyrophosphate Carrier	319		35154.3
S000003329	YGR097W	S. cerevisiae	ASK10	Activator of SKn7	2266	1503	126894.8
S000003330	YGR098C	S. cerevisiae	ESP1	Extra Spindle Pole bodies	707	630	187461.5
S000003331	YGR099W	S. cerevisiae	TEL2	TELomere maintenance	889	396	78681.3
S000003332	YGR100W	S. cerevisiae	MDR1	Mac1-Dependent Regulator	2611	782	109232
S000003333	YGR101W	S. cerevisiae	PCP1	Processing of Cytochrome c Peroxidase	927	388	38839.9
S000003334	YGR102C	S. cerevisiae	GTF1	Glutaminyl Transamidase subunit F	1590	711	20797.3
S000003335	YGR103W	S. cerevisiae	NOP7	NucleOlar Protein	9270	5124	69865.8
S000003336	YGR104C	S. cerevisiae	SRB5	Suppressor of RNA polymerase B	1756	1114	34278
S000003337	YGR105W	S. cerevisiae	VMA21	Vacuolar Membrane Atpase	3010	1238	8433.1
S000003338	YGR106C	S. cerevisiae	VOA1	V0 Assembly protein	12800	7794	29642.9
S000003339	YGR107W	S. cerevisiae					17442.7
S000003340	YGR108W	S. cerevisiae	CLB1	CycLin B	576	276	54861
S000003341	YGR109C	S. cerevisiae	CLB6	CycLin B			44149.7
S000003342	YGR110W	S. cerevisiae	CLD1	CardioLipin-specific Deacylase	160	158	52063.3
S000003343	YGR111W	S. cerevisiae			2773	933	46660.3
S000003344	YGR112W	S. cerevisiae	SHY1	SURF Homolog of Yeast	2065	1223	45079.7
S000003345	YGR113W	S. cerevisiae	DAM1	Duo1 And Mps1 interacting	1209	595	38428.5
S000003346	YGR114C	S. cerevisiae					15405.6
S000003347	YGR115C	S. cerevisiae					27236.9
S000003348	YGR116W	S. cerevisiae	SPT6	SuPpressor of Ty's	8837	2877	168205.4
S000003349	YGR117C	S. cerevisiae			2276	681	53437.6
S000003350	YGR118W	S. cerevisiae	RPS23A	Ribosomal Protein of the Small subunit	27232	11417	16061.2
S000003351	YGR119C	S. cerevisiae	NUP57	NUclear Pore	7048	2240	57512.4
S000003352	YGR120C	S. cerevisiae	COG2	Conserved Oligomeric Golgi complex	1989	290	30301.2
S000003353	YGR121C	S. cerevisiae	MEP1		1926	1726	54192.5
S000003354	YGR122W	S. cerevisiae			1463	664	45309.5
S000003355	YGR123C	S. cerevisiae	PPT1	Protein Phosphatase T	6012	1324	57996.7
S000003356	YGR124W	S. cerevisiae	ASN2	ASparagiNe requiring	30867	9592	64574.7
S000003357	YGR125W	S. cerevisiae	VSB1	Vacuolar Storage of Basic amino acids	1631	211	116971.3
S000003358	YGR126W	S. cerevisiae			2147	624	25838.8
S000003359	YGR127W	S. cerevisiae			1083	598	35683.7
S000003360	YGR128C	S. cerevisiae	UTP8	U Three Protein	7347	1205	80168.5
S000003361	YGR129W	S. cerevisiae	SYF2	SYnthetic lethal with cdc40 (Forty)	2581	363	24811
S000003362	YGR130C	S. cerevisiae			7582	3430	92655
S000003363	YGR131W	S. cerevisiae	FHN1	Functional Homolog of Nce102	1133		19162.8
S000003364	YGR132C	S. cerevisiae	PHB1	ProHiBitin	9836	1440	31428.3
S000003365	YGR133W	S. cerevisiae	PEX4	PEroXin	1279	1034	21112.4
S000003366	YGR134W	S. cerevisiae	CAF130	CCR4 Associated Factor	1258	536	128731.2
S000003367	YGR135W	S. cerevisiae	PRE9	PRoteinase yscE	17201	2556	28706.5
S000003368	YGR136W	S. cerevisiae	LSB1	Las Seventeen Binding protein	7101	1775	26136.1
S000003369	YGR137W	S. cerevisiae					14472.4
S000003370	YGR138C	S. cerevisiae	TPO2	Transporter of POlyamines	2938	911	67588.1
S000003371	YGR139W	S. cerevisiae					13265.2
S000003372	YGR140W	S. cerevisiae	CBF2	Centromere-Binding Factor	1505	546	111899.1
S000003373	YGR141W	S. cerevisiae	VPS62	Vacuolar Protein Sorting	746	386	54518.7
S000003374	YGR142W	S. cerevisiae	BTN2	BaTteN disease	1939	32	47148.9
S000003375	YGR143W	S. cerevisiae	SKN1	Suppressor of Kre Null	791	368	86200.7
S000003376	YGR144W	S. cerevisiae	THI4	THIamine metabolism	1728	564	34983.3
S000003377	YGR145W	S. cerevisiae	ENP2	Essential Nuclear Protein	6039	1890	81729
S000003378	YGR146C	S. cerevisiae	ECL1	Extends Chronological Lifespan	909	320	23989.8
S000003379	YGR147C	S. cerevisiae	NAT2	N-terminal AcetylTransferase	2912	1019	32828
S000003380	YGR148C	S. cerevisiae	RPL24B	Ribosomal Protein of the Large subunit	36900	26916	17581
S000003381	YGR149W	S. cerevisiae	GPC1	GlyceroPhosphoCholine acyltransferase	1436	689	51652.9
S000003382	YGR150C	S. cerevisiae	CCM1	COB and COX1 mRNA maturation	1300	726	101433.8
S000003383	YGR151C	S. cerevisiae					13127
S000003384	YGR152C	S. cerevisiae	RSR1	RaS-Related	2714	660	30398
S000003385	YGR153W	S. cerevisiae			1219		25161.3
S000003386	YGR154C	S. cerevisiae	GTO1	Glutathione Transferase Omega-like	1332	101	41306.9
S000003387	YGR155W	S. cerevisiae	CYS4	CYStathionine beta-synthase	45620	13902	56019.3
S000003388	YGR156W	S. cerevisiae	PTI1	PTa1p Interacting protein	3371	900	46981
S000003389	YGR157W	S. cerevisiae	CHO2	CHOline requiring	7198	3311	101210.2
S000003390	YGR158C	S. cerevisiae	MTR3	MRNA TRansport	4067	479	27566.3
S000003391	YGR159C	S. cerevisiae	NSR1		16609	13642	44513.6
S000003392	YGR160W	S. cerevisiae					22116.5
S000003393	YGR161C	S. cerevisiae	RTS3		2113	989	29275.6
S000003394	YGR162W	S. cerevisiae	TIF4631	Translation Initiation Factor	21078	10600	107088.7
S000003395	YGR163W	S. cerevisiae	GTR2	GTp binding protein Resemblance	2471	765	38579.3
S000003396	YGR164W	S. cerevisiae					13206.7
S000003397	YGR165W	S. cerevisiae	MRPS35	"Mitochondrial Ribosomal Protein, Small subunit"	3533	1100	39597.8
S000003398	YGR166W	S. cerevisiae	TRS65	TRapp Subunit	1421	798	63377.5
S000003399	YGR167W	S. cerevisiae	CLC1	Clathrin Light Chain	9998	4596	26500.6
S000003400	YGR168C	S. cerevisiae	PEX35	PEroXin			44341.6
S000003401	YGR169C	S. cerevisiae	PUS6	PseudoUridine Synthase	1044	584	46821.4
S000003402	YGR170W	S. cerevisiae	PSD2	PhosphatidylSerine Decarboxylase	945	385	130069.4
S000003403	YGR171C	S. cerevisiae	MSM1	"Mitochondrial aminoacyl-tRNA Synthetase, Methionine"	1436	566	66745.1
S000003404	YGR172C	S. cerevisiae	YIP1	Ypt-Interacting Protein	2382	879	27077.5
S000003405	YGR173W	S. cerevisiae	RBG2	RiBosome interacting Gtpase	8578	1892	41011.5
S000003406	YGR174C	S. cerevisiae	CBP4	Cytochrome B mRNA Processing	2118	492	20225.4
S000003407	YGR175C	S. cerevisiae	ERG1	ERGosterol biosynthesis	16391	6414	55120.4
S000003408	YGR176W	S. cerevisiae					13691.2
S000003409	YGR177C	S. cerevisiae	ATF2	AcetylTransFerase	2217	1328	61883.4
S000003410	YGR178C	S. cerevisiae	PBP1	Pab1p-Binding Protein	6358	2578	78776.4
S000003411	YGR179C	S. cerevisiae	OKP1	Outer Kinetochore Protein	1586	772	47342.8
S000003412	YGR180C	S. cerevisiae	RNR4	RiboNucleotide Reductase	83447	32163	40041.8
S000003413	YGR181W	S. cerevisiae	TIM13	Translocase of the Inner Mitochondrial membrane	9776	3998	11288
S000003414	YGR182C	S. cerevisiae					13619.2
S000003415	YGR183C	S. cerevisiae	QCR9	ubiQuinol-cytochrome C oxidoReductase	5075	1124	7475.4
S000003416	YGR184C	S. cerevisiae	UBR1		3840	848	224775
S000003417	YGR185C	S. cerevisiae	TYS1	TYrosyl-tRNA Synthetase	28107	2820	44024.4
S000003418	YGR186W	S. cerevisiae	TFG1	Transcription Factor G	4780	2343	82183.5
S000003419	YGR187C	S. cerevisiae	HGH1	HmG1/2 Homolog	7801	1754	44920.6
S000003420	YGR188C	S. cerevisiae	BUB1	Budding Uninhibited by Benzimidazole	414	412	117861.4
S000003421	YGR189C	S. cerevisiae	CRH1	Congo Red Hypersensitive	4917	2759	52737.4
S000003422	YGR190C	S. cerevisiae					13390.1
S000003423	YGR191W	S. cerevisiae	HIP1	HIstidine Permease	2982	1859	66006.9
S000003424	YGR192C	S. cerevisiae	TDH3	Triose-phosphate DeHydrogenase	746358	666753	35745
S000003425	YGR193C	S. cerevisiae	PDX1	Pyruvate Dehydrogenase complex protein X	8067	5616	45356.1
S000003426	YGR194C	S. cerevisiae	XKS1	XyluloKinaSe	3267	853	68316.7
S000003427	YGR195W	S. cerevisiae	SKI6	SuperKIller	3656	1089	27562.1
S000003428	YGR196C	S. cerevisiae	FYV8	Function required for Yeast Viability	3119	2169	90717.2
S000003429	YGR197C	S. cerevisiae	SNG1		648	288	61300.1
S000003430	YGR198W	S. cerevisiae	YPP1	alpha-sYnuclein Protective Protein	1755	588	95342.3
S000003431	YGR199W	S. cerevisiae	PMT6	Protein O-MannosylTransferase	1134	546	88018.7
S000003432	YGR200C	S. cerevisiae	ELP2	ELongator Protein	5451	1306	89384.2
S000003433	YGR201C	S. cerevisiae			2552	2390	26291.2
S000003434	YGR202C	S. cerevisiae	PCT1	Phosphocholine CytidylylTransferase	3089	782	49412.8
S000003435	YGR203W	S. cerevisiae	YCH1	Yeast Cdc25 Homolog	3108	521	17248.8
S000003436	YGR204W	S. cerevisiae	ADE3	ADEnine requiring	40306	8639	102199.2
S000003437	YGR205W	S. cerevisiae	TDA10	Topoisomerase I Damage Affected	4577	2223	33328
S000003438	YGR206W	S. cerevisiae	MVB12	MultiVesicular Body sorting factor of 12 kilodaltons	1683	1085	11969.8
S000003439	YGR207C	S. cerevisiae	CIR1	Changed Intracellular Redox state	7540	2257	28762
S000003440	YGR208W	S. cerevisiae	SER2	SERine requiring	11714	2168	34197.6
S000003441	YGR209C	S. cerevisiae	TRX2	ThioRedoXin	33336	10091	11201
S000003442	YGR210C	S. cerevisiae			4154	988	45217.5
S000003443	YGR211W	S. cerevisiae	ZPR1	Zinc finger PRotein	12248	4899	55042.5
S000003444	YGR212W	S. cerevisiae	SLI1	Sphingosine-Like Immunosuppressant resistant gene	603	47	54467.8
S000003445	YGR213C	S. cerevisiae	RTA1	Resistance To 7-Aminocholesterol			35487
S000003446	YGR214W	S. cerevisiae	RPS0A	Ribosomal Protein of the Small subunit	13774	9156	28006.5
S000003447	YGR215W	S. cerevisiae	RSM27	Ribosomal Small subunit of Mitochondria	2426	1036	12408.9
S000003448	YGR216C	S. cerevisiae	GPI1	GlycosylPhosphatidylInositol anchoring biosynthesis	944	637	70372
S000003449	YGR217W	S. cerevisiae	CCH1	Calcium Channel Homolog	633	469	234618.1
S000003450	YGR218W	S. cerevisiae	CRM1	Chromosome Region Maintenance	8276	2396	124076
S000003451	YGR219W	S. cerevisiae					13268.5
S000003452	YGR220C	S. cerevisiae	MRPL9	"Mitochondrial Ribosomal Protein, Large subunit"	3043	947	29814
S000003453	YGR221C	S. cerevisiae	TOS2	Target Of Sbf	857	800	69463.6
S000003454	YGR222W	S. cerevisiae	PET54	PETite colonies	1282	538	34644.8
S000003455	YGR223C	S. cerevisiae	HSV2	Homologous with SVP1	1063	408	51247.9
S000003456	YGR224W	S. cerevisiae	AZR1	Acetic Acid and AZoles Resistance	1071	141	67181.2
S000003457	YGR225W	S. cerevisiae	AMA1	Activator of Meiotic APC/C			67035.6
S000003458	YGR226C	S. cerevisiae					8248.6
S000003459	YGR227W	S. cerevisiae	DIE2	Derepression of ITR1 Expression	1357	1153	61811
S000003460	YGR228W	S. cerevisiae					11924.9
S000003461	YGR229C	S. cerevisiae	SMI1	Suppressor of MAR Inhibitor	7611	1271	57035.6
S000003462	YGR230W	S. cerevisiae	BNS1	Bypasses Need for Spo12p	1172		15859.6
S000003463	YGR231C	S. cerevisiae	PHB2	ProHiBitin	5993	3807	34420.1
S000003464	YGR232W	S. cerevisiae	NAS6	Non-ATPase Subunit 6	6374	3248	25611.5
S000003465	YGR233C	S. cerevisiae	PHO81	PHOsphate metabolism	3643	1090	134000.3
S000003466	YGR234W	S. cerevisiae	YHB1	Yeast flavoHemogloBin	31688	15127	44636.7
S000003467	YGR235C	S. cerevisiae	MIC26	MItochondrial contact site and Cristae organizing system	3828	666	26919.2
S000003468	YGR236C	S. cerevisiae	SPG1	Stationary Phase Gene	1183		10546.4
S000003469	YGR237C	S. cerevisiae			1503	468	89255.3
S000003470	YGR238C	S. cerevisiae	KEL2	KELch repeat	973	505	99980.1
S000003471	YGR239C	S. cerevisiae	PEX21	PEroXin	2268	55	33046
S000003472	YGR240C	S. cerevisiae	PFK1	PhosphoFructoKinase	77963	35437	107957.4
S000003473	YGR241C	S. cerevisiae	YAP1802	Yeast Assembly Polypeptide	3634	1532	64324.1
S000003474	YGR242W	S. cerevisiae					11550.6
S000003475	YGR243W	S. cerevisiae	MPC3	Mitochondrial Pyruvate Carrier	1864	1701	16242.1
S000003476	YGR244C	S. cerevisiae	LSC2	Ligase of Succinyl-CoA	13149	5520	46901.2
S000003477	YGR245C	S. cerevisiae	SDA1	Severe Depolymerization of Actin	3640	2178	86615.5
S000003478	YGR246C	S. cerevisiae	BRF1	B-Related Factor	2239	261	66903.3
S000003479	YGR247W	S. cerevisiae	CPD1	Cyclic nucleotide PhosphoDiesterase	1864	344	26731.9
S000003480	YGR248W	S. cerevisiae	SOL4	Suppressor Of Los1-1	5890	1885	28439.9
S000003481	YGR249W	S. cerevisiae	MGA1		583	579	50748
S000003482	YGR250C	S. cerevisiae	RIE1	Restoration of Impaired growths of ERMES-lacking cells	3891	1011	89484.5
S000003483	YGR251W	S. cerevisiae	NOP19	NucleOlar Protein	2880	519	22333.8
S000003484	YGR252W	S. cerevisiae	GCN5	General Control Nonderepressible	2135	870	51065.8
S000003485	YGR253C	S. cerevisiae	PUP2	PUtative Proteasome subunit	17100	4224	28596.3
S000003486	YGR254W	S. cerevisiae	ENO1	ENOlase	99031	64617	46811.5
S000003487	YGR255C	S. cerevisiae	COQ6	COenzyme Q	2976	1261	53526
S000003488	YGR256W	S. cerevisiae	GND2	6-phosphoGlucoNateDehydrogenase	3940	3384	53922.4
S000003489	YGR257C	S. cerevisiae	MTM1	Manganese Trafficking factor for Mitochondrial SOD2	1241	550	40779
S000003490	YGR258C	S. cerevisiae	RAD2	RADiation sensitivity	860	407	117804
S000003491	YGR259C	S. cerevisiae					16131.1
S000003492	YGR260W	S. cerevisiae	TNA1	Transporter of Nicotinic Acid	3790	2312	60133.4
S000003493	YGR261C	S. cerevisiae	APL6	clathrin Adaptor Protein complex Large chain	4197	1008	91592
S000003494	YGR262C	S. cerevisiae	BUD32	BUD site selection	2676	516	29940.7
S000003495	YGR263C	S. cerevisiae	SAY1	Steryl Acetyl hYdrolase	1894	918	48541.3
S000003496	YGR264C	S. cerevisiae	MES1	MEthionyl-tRNA Synthetase	29753	10302	85668.8
S000003497	YGR265W	S. cerevisiae					16098.6
S000003498	YGR266W	S. cerevisiae			3230	1379	81183.4
S000003499	YGR267C	S. cerevisiae	FOL2	FOLic acid synthesis	5968	1818	27768.4
S000003500	YGR268C	S. cerevisiae	HUA1		1704	731	22445.6
S000003501	YGR269W	S. cerevisiae					12287.7
S000003502	YGR270W	S. cerevisiae	YTA7	Yeast Tat-binding Analog	2817	1053	157353.3
S000003503	YGR271W	S. cerevisiae	SLH1	SKI2-Like Helicase	1625	710	224827.7
S000003505	YGR273C	S. cerevisiae					20017.9
S000003506	YGR274C	S. cerevisiae	TAF1	TATA binding protein-Associated Factor	1633	434	120695.3
S000003507	YGR275W	S. cerevisiae	RTT102	Regulator of Ty1 Transposition	4437	1781	17792.9
S000003508	YGR276C	S. cerevisiae	RNH70	RNase H	2910	1338	62847.8
S000003509	YGR277C	S. cerevisiae	CAB4	Coenzyme A Biosynthesis	3586	1532	34299.8
S000003510	YGR278W	S. cerevisiae	CWC22	Complexed With Cef1p	2011	1242	67290.8
S000003511	YGR279C	S. cerevisiae	SCW4	Soluble Cell Wall protein	9037	4383	40160.3
S000003512	YGR280C	S. cerevisiae	PXR1	PinX1-Related gene	3881	656	31339.3
S000003513	YGR281W	S. cerevisiae	YOR1	Yeast Oligomycin Resistance	3019	819	166731.9
S000003514	YGR282C	S. cerevisiae	BGL2	Beta-GLucanase	25110	13166	34099.7
S000003515	YGR283C	S. cerevisiae			1895	696	38560.9
S000003516	YGR284C	S. cerevisiae	ERV29	ER Vesicle	6567	2533	35028.2
S000003517	YGR285C	S. cerevisiae	ZUO1	ZUOtin	46597	15022	49022.5
S000003518	YGR286C	S. cerevisiae	BIO2	BIOtin	4780	1420	41891.9
S000003519	YGR287C	S. cerevisiae	IMA1	IsoMAltase	556	196	68571.9
S000003520	YGR288W	S. cerevisiae	MAL13	MALtose fermentation	302	273	54320.8
S000003521	YGR289C	S. cerevisiae	MAL11	MALtose fermentation	7677		67975.9
S000003522	YGR290W	S. cerevisiae					16783.5
S000003523	YGR291C	S. cerevisiae					8457.5
S000003524	YGR292W	S. cerevisiae	MAL12	MALtose fermentation	3173	2523	68078.6
S000003525	YGR293C	S. cerevisiae					17323.6
S000003526	YGR294W	S. cerevisiae	PAU12	seriPAUperin			12816.6
S000003527	YGR295C	S. cerevisiae	COS6	COnserved Sequence	3075	1834	45688.7
S000003528	YGR296W	S. cerevisiae	YRF1-3		635	528	211114.4
S000003529	YHR001W-A	S. cerevisiae	QCR10	ubiQuinol-cytochrome C oxidoReductase	4284	1996	8594
S000003530	YHR005C-A	S. cerevisiae	TIM10	Translocase of the Inner Membrane	10765	4742	10303.8
S000003531	YHR021W-A	S. cerevisiae	ECM12	ExtraCellular Mutant	1247		17442.6
S000003532	YHR049C-A	S. cerevisiae					11551.1
S000003533	YHR139C-A	S. cerevisiae					11912.3
S000003535	YHR214W-A	S. cerevisiae					18045.9
S000003536	YIL014C-A	S. cerevisiae					11649.9
S000003538	YJL001W	S. cerevisiae	PRE3	PRoteinase yscE	15579	4334	23543.8
S000003539	YJL002C	S. cerevisiae	OST1	OligoSaccharylTransferase	10487	3456	54053.1
S000003540	YJL003W	S. cerevisiae	COX16	Cytochrome c OXidase	950	610	14080.2
S000003541	YJL004C	S. cerevisiae	SYS1	Suppressor of Ypt Six	999	761	23713.7
S000003542	YJL005W	S. cerevisiae	CYR1	CYclic AMP Requirement	3250	1197	227830.7
S000003543	YJL006C	S. cerevisiae	CTK2	Carboxy-Terminal domain Kinase	1590	996	37908
S000003544	YJL007C	S. cerevisiae					11855.6
S000003545	YJL008C	S. cerevisiae	CCT8	Chaperonin Containing TCP-1	23371	4456	61651
S000003546	YJL009W	S. cerevisiae					12663.2
S000003547	YJL010C	S. cerevisiae	NOP9	NucleOlar Protein	3745	1052	77726
S000003548	YJL011C	S. cerevisiae	RPC17	RNA Polymerase C	2930	543	18592.3
S000003549	YJL012C	S. cerevisiae	VTC4	Vacuolar Transporter Chaperone	13396	7900	83150.4
S000003550	YJL013C	S. cerevisiae	MAD3	Mitotic Arrest-Deficient	944	443	59523.1
S000003551	YJL014W	S. cerevisiae	CCT3	Chaperonin Containing TCP-1	21093	5874	58807.9
S000003552	YJL015C	S. cerevisiae					11281.6
S000003553	YJL016W	S. cerevisiae	TPH3	Twin PH domain-3	2388	908	63208.3
S000003556	YJL019W	S. cerevisiae	MPS3	MonoPolar Spindle	2239	812	79148.4
S000003557	YJL020C	S. cerevisiae	BBC1	Bni1 synthetic lethal and Bee1 (las17) Complex member	10019	3086	128240.4
S000003559	YJL022W	S. cerevisiae					11535.5
S000003560	YJL023C	S. cerevisiae	PET130	PETite colonies	721		39835.3
S000003561	YJL024C	S. cerevisiae	APS3	clathrin Associated Protein complex Small subunit	3356	1150	21923.8
S000003562	YJL025W	S. cerevisiae	RRN7	Regulation of RNA polymerase I	1192	794	60362
S000003563	YJL026W	S. cerevisiae	RNR2	RiboNucleotide Reductase	19261	16381	46129.7
S000003564	YJL027C	S. cerevisiae			1148		15727.9
S000003565	YJL028W	S. cerevisiae					12913.7
S000003566	YJL029C	S. cerevisiae	VPS53	Vacuolar Protein Sorting	2504	492	95434.4
S000003567	YJL030W	S. cerevisiae	MAD2	Mitotic Arrest-Deficient	1874	764	22278.2
S000003568	YJL031C	S. cerevisiae	BET4	Blocked Early in Transport	1743	552	39674
S000003569	YJL032W	S. cerevisiae					12388.8
S000003570	YJL033W	S. cerevisiae	HCA4	Helicase CA	4854	1760	87192.6
S000003571	YJL034W	S. cerevisiae	KAR2	KARyogamy	37456	19419	74434.4
S000003572	YJL035C	S. cerevisiae	TAD2	tRNA-specific Adenosine Deaminase	1336	421	28251.8
S000003573	YJL036W	S. cerevisiae	SNX4	Sorting NeXin	2687	1024	48996.7
S000003574	YJL037W	S. cerevisiae	IRC18	Increased Recombination Centers	11046		24754.4
S000003575	YJL038C	S. cerevisiae	LOH1	Loss Of Heterozygosity			24842.8
S000003576	YJL039C	S. cerevisiae	NUP192	NUclear Pore	3107	632	191493.4
S000003577	YJL041W	S. cerevisiae	NSP1	NucleoSkeletal-like Protein	10385	5566	86513.9
S000003578	YJL042W	S. cerevisiae	MHP1	MAP-Homologous Protein	2969	744	155204.5
S000003579	YJL043W	S. cerevisiae					29228.6
S000003580	YJL044C	S. cerevisiae	GYP6	Gtpase-activating protein of Ypt6 Protein	2212	389	53804.2
S000003581	YJL045W	S. cerevisiae	SDH9	Succinate DeHydrogenase	10170	3701	69381.4
S000003582	YJL046W	S. cerevisiae	AIM22	Altered Inheritance rate of Mitochondria	1147	593	47003.9
S000003583	YJL047C	S. cerevisiae	RTT101	Regulator of Ty1 Transposition	1107	436	99326.5
S000003584	YJL048C	S. cerevisiae	UBX6	UBiquitin regulatory X	2127	720	45020.9
S000003585	YJL049W	S. cerevisiae	CHM7	CHarged Multivesicular body protein	1930	600	52832.8
S000003586	YJL050W	S. cerevisiae	MTR4	Mrna TRansport	4424	3055	122040.2
S000003587	YJL051W	S. cerevisiae	IRC8	Increased Recombination Centers	1285		91246.4
S000003588	YJL052W	S. cerevisiae	TDH1	Triose-phosphate DeHydrogenase	80420	58298	35752.3
S000003589	YJL053W	S. cerevisiae	PEP8	carboxyPEPtidase Y-deficient	2613	1337	42550.5
S000003590	YJL054W	S. cerevisiae	TIM54	Translocase of the Inner Mitochondrial membrane	3862	1774	54176.2
S000003591	YJL055W	S. cerevisiae	LOG1	LOnely Guy	6507	2273	26855.7
S000003592	YJL056C	S. cerevisiae	ZAP1	Zinc-responsive Activator Protein	1057	681	98854.8
S000003593	YJL057C	S. cerevisiae	IKS1		457	425	75319
S000003594	YJL058C	S. cerevisiae	BIT61	Binding partner of Tor2p	1070	652	60840.7
S000003595	YJL059W	S. cerevisiae	YHC3	Yeast Homolog of human Cln3	1656		46382.5
S000003596	YJL060W	S. cerevisiae	BNA3	Biosynthesis of Nicotinic Acid	7394	3317	50079.7
S000003597	YJL061W	S. cerevisiae	NUP82	NUclear Pore	4443	921	82067
S000003598	YJL062W	S. cerevisiae	LAS21	Local Anestheticum Sensitive	2233	822	94834.5
S000003599	YJL063C	S. cerevisiae	MRPL8	"Mitochondrial Ribosomal Protein, Large subunit"	3555	536	26958.8
S000003600	YJL064W	S. cerevisiae					13854.1
S000003601	YJL065C	S. cerevisiae	DLS1	Dpb3-Like Subunit of ISW2/yCHRAC complex	2713	1112	18771.6
S000003602	YJL066C	S. cerevisiae	MPM1	Mitochondrial Peculiar Membrane protein	3418	2098	28465.2
S000003603	YJL067W	S. cerevisiae					12755.1
S000003604	YJL068C	S. cerevisiae			9042	2152	33929.4
S000003605	YJL069C	S. cerevisiae	UTP18	U Three Protein	5255	2356	66390
S000003606	YJL070C	S. cerevisiae			1569	494	104241.4
S000003607	YJL071W	S. cerevisiae	ARG2	ARGinine requiring	1956	678	65619.9
S000003608	YJL072C	S. cerevisiae	PSF2	Partner of Sld Five	2392	1556	25058
S000003609	YJL073W	S. cerevisiae	JEM1	DnaJ-like protein of the ER Membrane	1663	430	75157.7
S000003610	YJL074C	S. cerevisiae	SMC3	Stability of MiniChromosomes	2745	1096	141316.7
S000003611	YJL075C	S. cerevisiae	APQ13				15629.1
S000003612	YJL076W	S. cerevisiae	NET1	Nucleolar silencing Establishing factor and Telophase regulator	5204	2225	128533.6
S000003613	YJL077C	S. cerevisiae	ICS3	Increased Copper Sensitivity	1229		14839.9
S000003614	YJL078C	S. cerevisiae	PRY3	Pathogen Related in Yeast	4887	1364	89120.2
S000003615	YJL079C	S. cerevisiae	PRY1	Pathogen Related in Yeast	2278	1458	30618.4
S000003616	YJL080C	S. cerevisiae	SCP160	S. cerevisiae protein involved in the Control of Ploidy	34834	14088	134788.8
S000003617	YJL081C	S. cerevisiae	ARP4	Actin-Related Protein	4235	1446	54821.3
S000003618	YJL082W	S. cerevisiae	IML2	Increased Minichromosome Loss	4208	936	82531.5
S000003619	YJL083W	S. cerevisiae	TAX4		207	189	68792.2
S000003620	YJL084C	S. cerevisiae	ALY2	Arrestin-Like Yeast protein	1946	437	117207.5
S000003621	YJL085W	S. cerevisiae	EXO70	EXOcyst	2434	568	71294.2
S000003622	YJL086C	S. cerevisiae					14162.8
S000003623	YJL087C	S. cerevisiae	TRL1	tRNA Ligase	3511	1157	95342.1
S000003624	YJL088W	S. cerevisiae	ARG3	ARGinine requiring	8740	7600	37839.6
S000003625	YJL089W	S. cerevisiae	SIP4	SNF1-Interacting Protein	5733	4552	95998.5
S000003626	YJL090C	S. cerevisiae	DPB11	DNA Polymerase B (II)	540	406	87258.6
S000003627	YJL091C	S. cerevisiae	GWT1	GPI-anchored Wall protein Transfer	3016	779	55484.7
S000003628	YJL092W	S. cerevisiae	SRS2	Suppressor of Rad Six	673	579	134321.7
S000003629	YJL093C	S. cerevisiae	TOK1		4		77406.2
S000003630	YJL094C	S. cerevisiae	KHA1	K/H ion Antiporter	512	469	97097.5
S000003631	YJL095W	S. cerevisiae	BCK1	Bypass of C Kinase	798	686	164246.6
S000003632	YJL096W	S. cerevisiae	MRPL49	"Mitochondrial Ribosomal Protein, Large subunit"	3447	1389	18406.9
S000003633	YJL097W	S. cerevisiae	PHS1	PTPLA Homolog involved in Sphingolipid biosynthesis 1	5134	3135	24526.9
S000003634	YJL098W	S. cerevisiae	SAP185	Sit4 Associated Protein	3834	829	121270.8
S000003635	YJL099W	S. cerevisiae	CHS6	CHitin Synthase-related	986	123	86030.1
S000003636	YJL100W	S. cerevisiae	LSB6	Las Seventeen Binding protein	467	408	70209.5
S000003637	YJL101C	S. cerevisiae	GSH1	glutathione (GSH)	3495	1065	78241.2
S000003638	YJL102W	S. cerevisiae	MEF2	Mitochondrial Elongation Factor	1432	762	91278.1
S000003639	YJL103C	S. cerevisiae	GSM1	Glucose Starvation Modulator	942		70386.8
S000003640	YJL104W	S. cerevisiae	PAM16	Presequence translocase-Associated Motor	5256	1826	16222.3
S000003641	YJL105W	S. cerevisiae	SET4	SET domain-containing	955		63869.9
S000003642	YJL106W	S. cerevisiae	IME2	Inducer of MEiosis	538		73562.3
S000003643	YJL107C	S. cerevisiae			1480		42496.4
S000003644	YJL108C	S. cerevisiae	PRM10	Pheromone-Regulated Membrane protein			41491.9
S000003645	YJL109C	S. cerevisiae	UTP10	U Three Protein	8151	2528	200069.9
S000003646	YJL110C	S. cerevisiae	GZF3	Gata Zinc Finger protein	1722	822	60537.8
S000003647	YJL111W	S. cerevisiae	CCT7	Chaperonin Containing TCP-1	16084	4885	59725.2
S000003648	YJL112W	S. cerevisiae	MDV1	Mitochondrial DiVision	2355	1285	80016
S000003651	YJL115W	S. cerevisiae	ASF1	Anti-Silencing Function	4258	400	31533.1
S000003652	YJL116C	S. cerevisiae	NCA3	Nuclear Control of ATPase	1628	605	35388.7
S000003653	YJL117W	S. cerevisiae	PHO86	PHOsphate metabolism	7752	3842	34895.1
S000003654	YJL118W	S. cerevisiae			1476	315	25623
S000003655	YJL119C	S. cerevisiae					12429.4
S000003656	YJL120W	S. cerevisiae					12809.1
S000003657	YJL121C	S. cerevisiae	RPE1	Ribulose 5-Phosphate Epimerase	7209	4463	25961.4
S000003658	YJL122W	S. cerevisiae	ALB1	Arx1 Little Brother	5163	1811	19301.4
S000003659	YJL123C	S. cerevisiae	MTC1	Maintenance of Telomere Capping	6073	2671	53431.5
S000003660	YJL124C	S. cerevisiae	LSM1	Like SM	5002	1016	20304.2
S000003661	YJL125C	S. cerevisiae	GCD14	General Control Nonderepressible	2413	1202	43920.2
S000003662	YJL126W	S. cerevisiae	NIT2	NITrilase superfamily	1044	500	34690.2
S000003663	YJL127C	S. cerevisiae	SPT10	SuPpressor of Ty	660	397	72907
S000003664	YJL128C	S. cerevisiae	PBS2	Polymyxin B Sensitivity	3777	580	72731.9
S000003665	YJL129C	S. cerevisiae	TRK1	TRansport of potassium (K)	672	582	141084.1
S000003666	YJL130C	S. cerevisiae	URA2	URAcil requiring	29323	15083	244996.8
S000003667	YJL131C	S. cerevisiae	AIM23	Altered Inheritance rate of Mitochondria	1857	1331	41490.8
S000003668	YJL132W	S. cerevisiae			2241	1860	84454
S000003669	YJL133W	S. cerevisiae	MRS3	Mitochondrial RNA Splicing	1462	867	34505.9
S000003670	YJL134W	S. cerevisiae	LCB3	Long-Chain Base	1349	555	47386.3
S000003671	YJL135W	S. cerevisiae					12386.9
S000003672	YJL136C	S. cerevisiae	RPS21B	Ribosomal Protein of the Small subunit	99708	53478	9759
S000003673	YJL137C	S. cerevisiae	GLG2	Glycogenin-Like Gene	1417	1016	44536.3
S000003674	YJL138C	S. cerevisiae	TIF2	Translation Initiation Factor	92322	25936	44684.5
S000003675	YJL139C	S. cerevisiae	YUR1	Yeast Unknown Reading frame	707	55	50820.4
S000003676	YJL140W	S. cerevisiae	RPB4	RNA Polymerase B	7894	986	25397.4
S000003677	YJL141C	S. cerevisiae	YAK1	Yet Another Kinase	1639	797	91254.4
S000003678	YJL142C	S. cerevisiae	IRC9	Increased Recombination Centers			14855.3
S000003679	YJL143W	S. cerevisiae	TIM17	Translocase of the Inner Mitochondrial membrane	10216	5647	16590.5
S000003680	YJL144W	S. cerevisiae	ROQ1	Regulator Of Quality control	1436	1287	11658.8
S000003681	YJL145W	S. cerevisiae	SFH5	Sec Fourteen Homolog	6817	3412	34390.6
S000003682	YJL146W	S. cerevisiae	IDS2	IME2-Dependent Signaling	2178	473	53194.8
S000003683	YJL147C	S. cerevisiae	SMT1	Suppression of Mitochondrial Translation	2041	731	44872.3
S000003684	YJL148W	S. cerevisiae	RPA34	RNA Polymerase A	8225	2376	26879.7
S000003685	YJL149W	S. cerevisiae	DAS1	Dst1-delta 6-Azauracil Sensitivity	590	345	77360.6
S000003686	YJL150W	S. cerevisiae					11879.9
S000003687	YJL151C	S. cerevisiae	SNA3	Sensitivity to NA+	7061	2858	15190.3
S000003688	YJL152W	S. cerevisiae					13663.2
S000003689	YJL153C	S. cerevisiae	INO1	INOsitol requiring	2718	2693	59633.6
S000003690	YJL154C	S. cerevisiae	VPS35	Vacuolar Protein Sorting	4037	778	109126.3
S000003691	YJL155C	S. cerevisiae	FBP26	Fructose BisPhosphatase	2215	982	52593.4
S000003692	YJL156C	S. cerevisiae	SSY5	Sulfonylurea Sensitive on YPD	708	109	77518.4
S000003693	YJL157C	S. cerevisiae	FAR1	Factor ARrest	426	284	94545
S000003694	YJL158C	S. cerevisiae	CIS3	CIk1 Suppressing	10727	1773	23233.8
S000003695	YJL159W	S. cerevisiae	HSP150	Heat Shock Protein	11810	6047	41054.6
S000003696	YJL160C	S. cerevisiae	PIR5	Protein with Internal Repeats			30221.7
S000003697	YJL161W	S. cerevisiae	FMP33	Found in Mitochondrial Proteome	1524	1122	20189.5
S000003698	YJL162C	S. cerevisiae	JJJ2	J-protein (Type III)	542	427	67392.3
S000003699	YJL163C	S. cerevisiae					61530.2
S000003700	YJL164C	S. cerevisiae	TPK1	Takashi's Protein Kinase	3555	1687	46064.1
S000003701	YJL165C	S. cerevisiae	HAL5	HALotolerance	1612	1039	95465.4
S000003702	YJL166W	S. cerevisiae	QCR8	ubiQuinol-cytochrome C oxidoReductase	4274	1346	10980.7
S000003703	YJL167W	S. cerevisiae	ERG20	ERGosterol biosynthesis	28718	11994	40474.7
S000003704	YJL168C	S. cerevisiae	SET2	SET domain-containing	3108	961	84474.6
S000003705	YJL169W	S. cerevisiae					13977.3
S000003706	YJL170C	S. cerevisiae	ASG7	a-Specific Gene	2071		24939.9
S000003707	YJL171C	S. cerevisiae	TOH1	TOS One Homolog	4773	2284	42946.1
S000003708	YJL172W	S. cerevisiae	CPS1	CarboxyPeptidase yscS	10500	2500	64568.3
S000003709	YJL173C	S. cerevisiae	RFA3	Replication Factor A	6304	2024	13810.9
S000003710	YJL174W	S. cerevisiae	KRE9	Killer toxin REsistant	3161	1700	29996
S000003711	YJL175W	S. cerevisiae					17728.8
S000003712	YJL176C	S. cerevisiae	SWI3	SWItching deficient	3533	1207	92876.1
S000003713	YJL177W	S. cerevisiae	RPL17B	Ribosomal Protein of the Large subunit	30677	11760	20574.9
S000003714	YJL178C	S. cerevisiae	ATG27	AuTophaGy related	4433	1209	30197.6
S000003715	YJL179W	S. cerevisiae	PFD1	PreFolDin	3362	1381	12784.9
S000003716	YJL180C	S. cerevisiae	ATP12	ATP synthase	3360	1649	36559.7
S000003717	YJL181W	S. cerevisiae	RBH1	Ran Binding domain Homolog	693	547	69457
S000003718	YJL182C	S. cerevisiae					12489.9
S000003719	YJL183W	S. cerevisiae	MNN11	MaNNosyltransferase	5092	2130	47862.2
S000003720	YJL184W	S. cerevisiae	GON7		2223	1071	13598.2
S000003721	YJL185C	S. cerevisiae	ATG36	AuTophaGy related			33726.5
S000003722	YJL186W	S. cerevisiae	MNN5	MaNNosyltransferase	4859	1295	67199.9
S000003723	YJL187C	S. cerevisiae	SWE1	Saccharomyces WEe1	1047	579	92452.9
S000003724	YJL188C	S. cerevisiae	BUD19	BUD site selection			11609.5
S000003725	YJL189W	S. cerevisiae	RPL39	Ribosomal Protein of the Large subunit	8331	6021	6358.9
S000003726	YJL190C	S. cerevisiae	RPS22A	Ribosomal Protein of the Small subunit	40374	16378	14635.3
S000003727	YJL191W	S. cerevisiae	RPS14B	Ribosomal Protein of the Small subunit	13149	9669	14661.1
S000003728	YJL192C	S. cerevisiae	SOP4	Suppressor Of Pma1-7	4917	2386	26604.9
S000003729	YJL193W	S. cerevisiae			439	366	45954.7
S000003730	YJL194W	S. cerevisiae	CDC6	Cell Division Cycle	2353	1123	58055.3
S000003731	YJL195C	S. cerevisiae					25435.3
S000003732	YJL196C	S. cerevisiae	ELO1	ELOngation defective	3658	2749	36249.2
S000003733	YJL197W	S. cerevisiae	UBP12	UBiquitin-specific Protease	3179	778	143087.9
S000003734	YJL198W	S. cerevisiae	PHO90	PHOsphate metabolism	2508	922	97687.3
S000003735	YJL199C	S. cerevisiae	MBB1		3600	2418	12522.3
S000003736	YJL200C	S. cerevisiae	ACO2	ACOnitase	11638	5060	86580.1
S000003737	YJL201W	S. cerevisiae	ECM25	ExtraCellular Mutant	3235	1248	68483.6
S000003738	YJL202C	S. cerevisiae					12945.3
S000003739	YJL203W	S. cerevisiae	PRP21	Pre-mRNA Processing	2240	517	33053.8
S000003740	YJL204C	S. cerevisiae	RCY1	ReCYcling	2268	391	97462.1
S000003741	YJL206C	S. cerevisiae			483	366	86668.9
S000003742	YJL205C	S. cerevisiae	NCE101	NonClassical Export	1226	310	6340.6
S000003743	YJL207C	S. cerevisiae	LAA1	Large AP-1 Accessory	2629	906	229859.7
S000003744	YJL208C	S. cerevisiae	NUC1	NUClease	3900	1714	37216.9
S000003745	YJL209W	S. cerevisiae	CBP1	Cytochrome B mRNA Processing	1965	580	76207.7
S000003746	YJL210W	S. cerevisiae	PEX2	PEroXin	506	480	30764
S000003747	YJL211C	S. cerevisiae					16825.7
S000003748	YJL212C	S. cerevisiae	OPT1	OligoPeptide Transporter	867	410	91630.2
S000003749	YJL213W	S. cerevisiae			58		35904.8
S000003750	YJL214W	S. cerevisiae	HXT8	HeXose Transporter	623		63486
S000003751	YJL215C	S. cerevisiae					13867.2
S000003752	YJL216C	S. cerevisiae	IMA5	IsoMAltase	1299		67538.3
S000003753	YJL217W	S. cerevisiae	REE1	REgulation of Enolase	8548	6234	21963.9
S000003754	YJL218W	S. cerevisiae			1265	939	21474.7
S000003755	YJL219W	S. cerevisiae	HXT9	HeXose Transporter			62863.3
S000003756	YJL220W	S. cerevisiae					16978.5
S000003757	YJL221C	S. cerevisiae	IMA4	IsoMAltase			68681.1
S000003758	YJL222W	S. cerevisiae	VTH2	Vps Ten Homolog	279	171	174351.1
S000003759	YJL223C	S. cerevisiae	PAU1	seriPAUperin family	1190		12862.7
S000003760	YJL225C	S. cerevisiae			585	50	197568.1
S000003761	YJR001W	S. cerevisiae	AVT1	Amino acid Vacuolar Transport	1596	287	65351.8
S000003762	YJR002W	S. cerevisiae	MPP10	M Phase Phosphoproteins	8228	2125	66896.9
S000003763	YJR003C	S. cerevisiae	MRX12	Mitochondrial oRganization of gene eXpression (MIOREX)	3184	638	59755.2
S000003764	YJR004C	S. cerevisiae	SAG1	Sexual AGglutination	2895	1220	70307.8
S000003765	YJR005W	S. cerevisiae	APL1	clathrin Adaptor Protein complex Large chain	2237	566	80446.1
S000003766	YJR006W	S. cerevisiae	POL31	POLymerase	2071	593	55276.3
S000003767	YJR007W	S. cerevisiae	SUI2	SUppressor of Initiator codon	27273	9873	34703.9
S000003768	YJR008W	S. cerevisiae	MHO1	Memo HOmolog	1651	928	38478.2
S000003769	YJR009C	S. cerevisiae	TDH2	Triose-phosphate DeHydrogenase	171296	120482	35845.2
S000003770	YJR010C-A	S. cerevisiae	SPC1	Signal Peptidase Complex	3338	728	10822
S000003771	YJR010W	S. cerevisiae	MET3	METhionine requiring	7313	4060	57710.9
S000003772	YJR011C	S. cerevisiae			815	316	30470.6
S000003773	YJR012C	S. cerevisiae			1257	719	14565.63
S000003774	YJR013W	S. cerevisiae	GPI14	GlycosylPhosphatidylInositol anchor biosynthesis	1395	963	47177.6
S000003775	YJR014W	S. cerevisiae	TMA22	Translation Machinery Associated	8741	2375	22500.3
S000003776	YJR015W	S. cerevisiae			639	463	58116.5
S000003777	YJR016C	S. cerevisiae	ILV3	IsoLeucine-plus-Valine requiring	41540	24019	62863.9
S000003778	YJR017C	S. cerevisiae	ESS1	ESSential	5167	1783	19408
S000003779	YJR018W	S. cerevisiae					13294
S000003780	YJR019C	S. cerevisiae	TES1	ThioESterase	2226	793	40264
S000003781	YJR020W	S. cerevisiae					12283.6
S000003782	YJR021C	S. cerevisiae	REC107	RECombination	362	288	35680.6
S000003783	YJR022W	S. cerevisiae	LSM8	Like SM	1903	1016	12385.5
S000003784	YJR023C	S. cerevisiae					15292
S000003785	YJR024C	S. cerevisiae	MDE1	Methylthioribulose-1-phosphate DEhydratase	4007	2798	27423.1
S000003786	YJR025C	S. cerevisiae	BNA1	Biosynthesis of Nicotinic Acid	4854	3097	20229.2
S000003791	YJR030C	S. cerevisiae	RBH2	Ran Binding domain Homolog			84288.9
S000003792	YJR031C	S. cerevisiae	GEA1	Guanine nucleotide Exchange on ARF	2076	727	159379.2
S000003793	YJR032W	S. cerevisiae	CPR7	Cyclosporin-sensitive Proline Rotamase	3345	812	45124.2
S000003794	YJR033C	S. cerevisiae	RAV1	Regulator of (H+)-ATPase in Vacuolar membrane	2009	1281	154945.7
S000003795	YJR034W	S. cerevisiae	PET191	PETite colonies	3183	1771	12396.7
S000003796	YJR035W	S. cerevisiae	RAD26	RADiation sensitive	1003	750	124528.1
S000003797	YJR036C	S. cerevisiae	HUL4	Hect Ubiquitin Ligase			103482
S000003798	YJR037W	S. cerevisiae					14398.2
S000003799	YJR038C	S. cerevisiae					13025.5
S000003800	YJR039W	S. cerevisiae	MLO127	Mitochondrially LOcalized protein of 127 kDa	709	561	127425.3
S000003801	YJR040W	S. cerevisiae	GEF1	"Glycerol Ethanol, Ferric requiring"	1005	571	87590.3
S000003802	YJR041C	S. cerevisiae	URB2	Unhealthy Ribosome Biogenesis	3271	1596	135099.7
S000003803	YJR042W	S. cerevisiae	NUP85	NUclear Pore	4095	1097	84849.2
S000003804	YJR043C	S. cerevisiae	POL32	POLymerase	1363	530	40314.2
S000003805	YJR044C	S. cerevisiae	VPS55	Vacuolar Protein Sorting	2441	311	15660.6
S000003806	YJR045C	S. cerevisiae	SSC1	Stress-Seventy subfamily C	54905	10911	70620.5
S000003807	YJR046W	S. cerevisiae	TAH11	Topo-A Hypersensitive	1866	405	68412.1
S000003808	YJR047C	S. cerevisiae	ANB1	ANaeroBically induced	7323	6877	17120.5
S000003809	YJR048W	S. cerevisiae	CYC1	CYtochrome C	7195	4031	12190.2
S000003810	YJR049C	S. cerevisiae	UTR1	Unidentified TRanscript	3317	1036	59468
S000003811	YJR050W	S. cerevisiae	ISY1	Interactor of SYf1p	1737	440	28032.2
S000003812	YJR051W	S. cerevisiae	OSM1	OSMotic sensitivity	4799	1969	55073.8
S000003813	YJR052W	S. cerevisiae	RAD7	RADiation sensitive	963	403	63765.1
S000003814	YJR053W	S. cerevisiae	BFA1	Byr-Four-Alike	756	575	66075.2
S000003815	YJR054W	S. cerevisiae	KCH1	Potassium (K) regulator of CcH1	538	478	57520.2
S000003816	YJR055W	S. cerevisiae	HIT1	HIgh Temperature growth	1486	827	18383.5
S000003817	YJR056C	S. cerevisiae			1685	205	27359.8
S000003818	YJR057W	S. cerevisiae	CDC8	Cell Division Cycle	2928	931	24683.6
S000003819	YJR058C	S. cerevisiae	APS2	clathrin Associated Protein complex Small subunit	1390	455	17365.2
S000003820	YJR059W	S. cerevisiae	PTK2	Putative serine/Threonine protein Kinase	4160	1384	91414.7
S000003821	YJR060W	S. cerevisiae	CBF1	Centromere Binding Factor	5757	2714	39366.1
S000003822	YJR061W	S. cerevisiae	MNN14	MaNNosyltransferase regulator	596	211	108416.3
S000003823	YJR062C	S. cerevisiae	NTA1	N-Terminal Amidase	2784	1197	51883.3
S000003824	YJR063W	S. cerevisiae	RPA12	RNA Polymerase A	11999	4298	13662.8
S000003825	YJR064W	S. cerevisiae	CCT5	Chaperonin Containing TCP-1	18486	3529	61900.8
S000003826	YJR065C	S. cerevisiae	ARP3	Actin-Related Protein	14242	3062	49535.2
S000003827	YJR066W	S. cerevisiae	TOR1	Target Of Rapamycin	1323	878	281134.4
S000003828	YJR067C	S. cerevisiae	YAE1		2334	661	16070.2
S000003829	YJR068W	S. cerevisiae	RFC2	Replication Factor C	4531	1430	39746
S000003830	YJR069C	S. cerevisiae	HAM1	6-n-HydroxylAMinopurine sensitive	7032	2863	22088.2
S000003831	YJR070C	S. cerevisiae	LIA1	Ligand of eIF5A	20522	6536	36143
S000003832	YJR071W	S. cerevisiae					13987.6
S000003833	YJR072C	S. cerevisiae	NPA3	Nucleolar Preribosomal Associated	5354	1087	43179.1
S000003834	YJR073C	S. cerevisiae	OPI3	OverProducer of Inositol	7713	4122	23156.6
S000003835	YJR074W	S. cerevisiae	MOG1	Multicopy suppressor Of ts Gsp1	3551	1041	24290.5
S000003836	YJR075W	S. cerevisiae	HOC1	Homologous to OCh1	3442	1286	46298.4
S000003837	YJR076C	S. cerevisiae	CDC11	Cell Division Cycle	7235	2336	47626.9
S000003838	YJR077C	S. cerevisiae	MIR1	Mitochondrial Import Receptor	15673	7790	32821.4
S000003839	YJR078W	S. cerevisiae	BNA2	Biosynthesis of Nicotinic Acid	578	429	50779
S000003840	YJR079W	S. cerevisiae			907		12589.5
S000003841	YJR080C	S. cerevisiae	AIM24	Altered Inheritance rate of Mitochondria	3669	429	44447.4
S000003842	YJR082C	S. cerevisiae	EAF6	Esa1p-Associated Factor	1610	835	12889.8
S000003843	YJR083C	S. cerevisiae	ACF4	Assembly Complementing Factor	2410	1270	35523.2
S000003844	YJR084W	S. cerevisiae			2125	596	49498.1
S000003845	YJR085C	S. cerevisiae	TMH11	TMem14 Homolog of 11 kDa	2715	810	11254.3
S000003846	YJR086W	S. cerevisiae	STE18	STErile	3752	1153	12632.7
S000003847	YJR087W	S. cerevisiae					13152.6
S000003848	YJR088C	S. cerevisiae	EMC2	ER Membrane protein Complex	6668	1116	33853.5
S000003849	YJR089W	S. cerevisiae	BIR1	Baculoviral IAP Repeat-containing protein	1518	890	108657.6
S000003850	YJR090C	S. cerevisiae	GRR1	Glucose Repression-Resistant	780	664	132722.7
S000003851	YJR091C	S. cerevisiae	JSN1	Just Say No	2506	1344	120367.9
S000003852	YJR092W	S. cerevisiae	BUD4	BUD site selection	1600	725	164382.2
S000003853	YJR093C	S. cerevisiae	FIP1	Factor Interacting with Poly(A) polymerase	2362	1236	35750.2
S000003854	YJR094C	S. cerevisiae	IME1	Inducer of MEiosis	1227		41841.6
S000003855	YJR094W-A	S. cerevisiae	RPL43B	Ribosomal Protein of the Large subunit	35617	8544	10108.2
S000003856	YJR095W	S. cerevisiae	SFC1	Succinate-Fumarate Carrier	3297	205	35359.8
S000003857	YJR096W	S. cerevisiae			5551	2517	32342.4
S000003858	YJR097W	S. cerevisiae	JJJ3	J-protein (Type III)	2010	1269	20016.6
S000003859	YJR098C	S. cerevisiae			1230	373	74233.8
S000003860	YJR099W	S. cerevisiae	YUH1	Yeast Ubiquitin Hydrolase	5228	3980	26368.4
S000003861	YJR100C	S. cerevisiae	AIM25	Altered Inheritance of Mitochondria	1613	408	37483.1
S000003862	YJR101W	S. cerevisiae	RSM26	Ribosomal Small subunit of Mitochondria	3647	1245	30227.8
S000003863	YJR102C	S. cerevisiae	VPS25	Vacuolar Protein Sorting	2111	933	23554.9
S000003864	YJR103W	S. cerevisiae	URA8	URAcil requiring	3680	1840	64490.1
S000003865	YJR104C	S. cerevisiae	SOD1	SuperOxide Dismutase	76043	43547	15849.8
S000003866	YJR105W	S. cerevisiae	ADO1	ADenOsine kinase	41323	9660	36359.5
S000003867	YJR106W	S. cerevisiae	ECM27	ExtraCellular Mutant	16		80653.2
S000003868	YJR107W	S. cerevisiae	LIH1	LIpase Homolog	1215		37198.2
S000003869	YJR108W	S. cerevisiae	ABM1	Aberrant Microtubules	1248		14193.8
S000003870	YJR109C	S. cerevisiae	CPA2	Carbamyl Phosphate synthetase A	27875	15251	123885.1
S000003871	YJR110W	S. cerevisiae	YMR1	Yeast Myotubularin Related	1165	766	80152.6
S000003872	YJR111C	S. cerevisiae	PXP2	PeroXisomal Protein	1946	657	32212.6
S000003873	YJR112W	S. cerevisiae	NNF1	Necessary for Nuclear Function	2315	245	23624.7
S000003874	YJR113C	S. cerevisiae	RSM7	Ribosomal Small subunit of Mitochondria	3827	564	27828.6
S000003875	YJR114W	S. cerevisiae					13966
S000003876	YJR115W	S. cerevisiae			1405		19051.1
S000003877	YJR116W	S. cerevisiae	TDA4	Topoisomerase I Damage Affected	1840	49	32024.4
S000003878	YJR117W	S. cerevisiae	STE24	STErile	9882	3770	52325.4
S000003879	YJR118C	S. cerevisiae	ILM1	Increased Loss of Mitochondrial DNA	1600	375	23628.7
S000003880	YJR119C	S. cerevisiae	JHD2	JmjC domain-containing Histone Demethylase	814	541	84971.4
S000003881	YJR120W	S. cerevisiae			1325		13420.8
S000003882	YJR121W	S. cerevisiae	ATP2	ATP synthase	35594	9067	54785.2
S000003883	YJR122W	S. cerevisiae	IBA57	Iron-sulfur cluster assembly factor for Biotin synthase and Aconitase-like mitochondrial proteins	995	709	57056.3
S000003884	YJR123W	S. cerevisiae	RPS5	Ribosomal Protein of the Small subunit	46502	22759	25040.9
S000003885	YJR124C	S. cerevisiae			736	655	49665.4
S000003886	YJR125C	S. cerevisiae	ENT3	Epsin N-Terminal homology	9667	2174	45068.5
S000003887	YJR126C	S. cerevisiae	VPS70	Vacuolar Protein Sorting	60	52	92014.6
S000003888	YJR127C	S. cerevisiae	RSF2	ReSpiration Factor	1222	522	155072
S000003889	YJR128W	S. cerevisiae					13504.1
S000003890	YJR129C	S. cerevisiae	EFM3	Elongation Factor Methyltransferase	783	270	39010.2
S000003891	YJR130C	S. cerevisiae	STR2	Sulfur TRansfer	2336	1250	72341.2
S000003892	YJR131W	S. cerevisiae	MNS1		2309	588	63038.7
S000003893	YJR132W	S. cerevisiae	NMD5	Nonsense-Mediated mRNA Decay	2978	1172	119908.5
S000003894	YJR133W	S. cerevisiae	XPT1	Xanthine Phosphoribosyl Transferase	2621	1558	23666.4
S000003895	YJR134C	S. cerevisiae	SGM1	Slow growth on Galactose and Mannose	2150	1228	81125.7
S000003896	YJR135C	S. cerevisiae	MCM22	MiniChromosome Maintenance	1030	586	27563.8
S000003897	YJR136C	S. cerevisiae	TTI2	Two Tel2-Interacting protein	1211	414	48646.1
S000003898	YJR137C	S. cerevisiae	MET5	METhionine requiring	6101	3867	161180.1
S000003899	YJR138W	S. cerevisiae	IML1	Increased Minichromosome Loss	1195	808	181972.4
S000003900	YJR139C	S. cerevisiae	HOM6	HOMoserine requiring	27970	18921	38502.4
S000003901	YJR140C	S. cerevisiae	HIR3	HIstone Regulation	805	424	191653.8
S000003902	YJR141W	S. cerevisiae	IPA1	Important for cleavage and PolyAdenylation	723	691	39902.3
S000003903	YJR142W	S. cerevisiae			3185	711	39680.7
S000003904	YJR143C	S. cerevisiae	PMT4	Protein O-MannosylTransferase	3728	1570	87959.7
S000003905	YJR144W	S. cerevisiae	MGM101	Mitochondrial Genome Maintenance	8649	2897	30105
S000003906	YJR145C	S. cerevisiae	RPS4A	Ribosomal Protein of the Small subunit	99147	28413	29432.7
S000003907	YJR146W	S. cerevisiae			1266	215	13179.2
S000003908	YJR147W	S. cerevisiae	HMS2	High-copy Mep Suppressor	2050	215	41200.7
S000003909	YJR148W	S. cerevisiae	BAT2	Branched-chain Amino acid Transaminase	15613	7054	41625.1
S000003910	YJR149W	S. cerevisiae			1732	691	45162.5
S000003911	YJR150C	S. cerevisiae	DAN1	Delayed ANaerobic			29595.7
S000003912	YJR151C	S. cerevisiae	DAN4	Delayed ANaerobic	2844	2567	118314.4
S000003913	YJR152W	S. cerevisiae	DAL5	Degradation of Allantoin	1617	428	60857.7
S000003914	YJR153W	S. cerevisiae	PGU1	PolyGalactUronase	2578		37291.3
S000003915	YJR154W	S. cerevisiae			1197	403	38964.4
S000003916	YJR155W	S. cerevisiae	AAD10	Aryl-Alcohol Dehydrogenase	4442	3146	32574.7
S000003917	YJR156C	S. cerevisiae	THI11	THIamine metabolism	752		38634.1
S000003918	YJR157W	S. cerevisiae					13944.5
S000003919	YJR158W	S. cerevisiae	HXT16	HeXose Transporter			62924.9
S000003920	YJR159W	S. cerevisiae	SOR1		1193		38164
S000003921	YJR160C	S. cerevisiae	MPH3	Maltose Permease Homolog			67262.5
S000003922	YJR161C	S. cerevisiae	COS5	COnserved Sequence	163	87	45715
S000003923	YJR162C	S. cerevisiae					13390.8
S000003924	YLL001W	S. cerevisiae	DNM1	DyNaMin-related	7723	4585	84956.7
S000003925	YLL002W	S. cerevisiae	RTT109	Regulator of Ty1 Transposition	1140	857	50110.4
S000003926	YLL003W	S. cerevisiae	SFI1	Suppressor of Fermentation Induced loss of stress resistance	444	52	113039.2
S000003927	YLL004W	S. cerevisiae	ORC3	Origin Recognition Complex	1081	458	72056.5
S000003928	YLL005C	S. cerevisiae	SPO75	SPOrulation			102216.6
S000003929	YLL006W	S. cerevisiae	MMM1	Maintenance of Mitochondrial Morphology	1836	503	48649.4
S000003930	YLL007C	S. cerevisiae	LMO1	eLMO homolog	1081	516	76612.6
S000003931	YLL008W	S. cerevisiae	DRS1	Deficiency of Ribosomal Subunits	5978	2157	84831.1
S000003932	YLL009C	S. cerevisiae	COX17	Cytochrome c OXidase	16810	5484	8051.2
S000003933	YLL010C	S. cerevisiae	PSR1	Plasma membrane Sodium Response	2317	724	47911
S000003934	YLL011W	S. cerevisiae	SOF1	Suppressor Of Fibrillarin	4744	1602	56806.7
S000003935	YLL012W	S. cerevisiae	YEH1	Yeast steryl Ester Hydrolase	2544	1589	66499.4
S000003936	YLL013C	S. cerevisiae	PUF3	PUmilio-homology domain Family	4302	1035	98064.9
S000003937	YLL014W	S. cerevisiae	EMC6	ER Membrane protein Complex	2721	843	12401.5
S000003938	YLL015W	S. cerevisiae	BPT1	Bile Pigment Transporter	2489	939	176877.6
S000003941	YLL018C	S. cerevisiae	DPS1		33156	9603	63510.1
S000003942	YLL019C	S. cerevisiae	KNS1	Kinase Next to SPA2	1252	520	83852.9
S000003943	YLL020C	S. cerevisiae					11755.1
S000003944	YLL021W	S. cerevisiae	SPA2	Spindle Pole Antigen	6758	2077	163085.1
S000003945	YLL022C	S. cerevisiae	HIF1	Hat1 Interacting Factor	3047	515	43394.4
S000003946	YLL023C	S. cerevisiae	POM33	"POre Membrane, 33 kDa"	3588	1607	32204.4
S000003947	YLL024C	S. cerevisiae	SSA2	Stress-Seventy subfamily A	229625	180046	69447.5
S000003948	YLL025W	S. cerevisiae	PAU17	seriPAUperin	1323		13087.9
S000003949	YLL026W	S. cerevisiae	HSP104	Heat Shock Protein	35086	12172	102009.9
S000003950	YLL027W	S. cerevisiae	ISA1	Iron Sulfur Assembly	1070	945	27698.5
S000003951	YLL028W	S. cerevisiae	TPO1	Transporter of POlyamines	3171	2243	64269.7
S000003952	YLL029W	S. cerevisiae	FRA1	Fe Repressor of Activation	4868	1037	84919.4
S000003953	YLL030C	S. cerevisiae	RRT7	Regulator of rDNA Transcription			13362.3
S000003954	YLL031C	S. cerevisiae	GPI13	GlycosylPhosphatidylInositol anchor biosynthesis	2443	965	115622.1
S000003955	YLL032C	S. cerevisiae			1510	792	94596.2
S000003956	YLL033W	S. cerevisiae	IRC19	Increased Recombination Centers	377	295	27398.5
S000003957	YLL034C	S. cerevisiae	RIX7	RIbosome eXport	4641	1766	93053.3
S000003958	YLL035W	S. cerevisiae	GRC3		523	192	72245.2
S000003959	YLL036C	S. cerevisiae	PRP19	Pre-RNA Processing	3059	1133	56555.5
S000003960	YLL037W	S. cerevisiae					14350.9
S000003961	YLL038C	S. cerevisiae	ENT4	Epsin N-Terminal homology	2497	828	28277.5
S000003962	YLL039C	S. cerevisiae	UBI4	Ubiquitin	4541	1755	42826.4
S000003963	YLL040C	S. cerevisiae	VPS13	Vacuolar Protein Sorting	3576	1049	357776.4
S000003964	YLL041C	S. cerevisiae	SDH2	Succinate DeHydrogenase	5512	2231	30244.8
S000003965	YLL042C	S. cerevisiae	ATG10	AuTophaGy related			19749.7
S000003966	YLL043W	S. cerevisiae	FPS1	fdp1 Suppressor	2264	862	73873.3
S000003967	YLL044W	S. cerevisiae					16864.2
S000003968	YLL045C	S. cerevisiae	RPL8B	Ribosomal Protein of the Large subunit	91729	30126	28137.3
S000003969	YLL046C	S. cerevisiae	RNP1	RiboNucleoProtein			28886.2
S000003970	YLL047W	S. cerevisiae					14850.6
S000003971	YLL048C	S. cerevisiae	YBT1	Yeast Bile Transporter	5661	2526	189169.9
S000003972	YLL049W	S. cerevisiae	LDB18	Low Dye Binding			20839
S000003973	YLL050C	S. cerevisiae	COF1	COFilin	47902	29493	15896.9
S000003974	YLL051C	S. cerevisiae	FRE6	Ferric REductase	2026	1392	82004.9
S000003975	YLL052C	S. cerevisiae	AQY2	AQuaporin from Yeast	1579		17014.3
S000003976	YLL053C	S. cerevisiae			1216		16459.5
S000003977	YLL054C	S. cerevisiae			216	86	97601
S000003978	YLL055W	S. cerevisiae	YCT1	Yeast Cysteine Transporter	1122	98	58904.2
S000003979	YLL056C	S. cerevisiae			2805	1073	32147.1
S000003980	YLL057C	S. cerevisiae	JLP1	dnaJ-Like Protein	573		46975
S000003981	YLL058W	S. cerevisiae			933	628	64222.9
S000003982	YLL059C	S. cerevisiae					19289.9
S000003983	YLL060C	S. cerevisiae	GTT2	GlutaThione Transferase	1250	982	26342.9
S000003984	YLL061W	S. cerevisiae	MMP1	S-MethylMethionine Permease	669	309	64222.3
S000003985	YLL062C	S. cerevisiae	MHT1	S-Methylmethionine-Homocysteine methylTransferase	2541	1134	36705.1
S000003986	YLL063C	S. cerevisiae	AYT1	AcetYlTransferase			52837.3
S000003987	YLL064C	S. cerevisiae	PAU18	seriPAUperin			12902.9
S000003988	YLL065W	S. cerevisiae					13495
S000003989	YLL066C	S. cerevisiae			1156	521	135653.3
S000003990	YLL067C	S. cerevisiae			2187	1552	135245.4
S000003991	YLR001C	S. cerevisiae			1460	916	97607.1
S000003992	YLR002C	S. cerevisiae	NOC3	NucleOlar Complex associated	5039	1298	75572.8
S000003993	YLR003C	S. cerevisiae	CMS1	Complementation of Mcm-10 Suppressor	4463	1548	33396.4
S000003994	YLR004C	S. cerevisiae	THI73	THIamine regulon	3894		58539
S000003995	YLR005W	S. cerevisiae	SSL1	Suppressor of Stem-Loop mutation	2340	705	52293.9
S000003996	YLR006C	S. cerevisiae	SSK1	Suppressor of Sensor Kinase	1790	747	78528
S000003997	YLR007W	S. cerevisiae	NSE1	Non-SMC Element	750	653	38321.9
S000003998	YLR008C	S. cerevisiae	PAM18	Presequence translocase-Associated Motor	4907	2060	17916.6
S000003999	YLR009W	S. cerevisiae	RLP24	Ribosomal-Like Protein	5239	2822	23989
S000004000	YLR010C	S. cerevisiae	TEN1	TElomeric pathways with STn1			18604.8
S000004001	YLR011W	S. cerevisiae	LOT6	LOw Temperature-responsive	1953	481	21276.8
S000004002	YLR012C	S. cerevisiae					12079.9
S000004003	YLR013W	S. cerevisiae	GAT3		1271		16025
S000004004	YLR014C	S. cerevisiae	PPR1	Pyrimidine Pathway Regulation	317	174	102724.7
S000004005	YLR015W	S. cerevisiae	BRE2	BREfeldin A sensitivity	1387	694	58340
S000004006	YLR016C	S. cerevisiae	PML1	Pre-mRNA Leakage	1564	422	23644.9
S000004007	YLR017W	S. cerevisiae	MEU1	Multicopy Enhancer of UAS2	5137	2072	37858
S000004008	YLR018C	S. cerevisiae	POM34	POre Membrane	4027	1340	34246.8
S000004009	YLR019W	S. cerevisiae	PSR2	Plasma membrane Sodium Response	2086	720	44736.1
S000004010	YLR020C	S. cerevisiae	YEH2	Yeast steryl Ester Hydrolase	1879	398	62450.2
S000004011	YLR021W	S. cerevisiae	IRC25	Increased Recombination Centers	1820	1130	20050.8
S000004012	YLR022C	S. cerevisiae	SDO1		5199	1458	28293.7
S000004013	YLR023C	S. cerevisiae	IZH3	Implicated in Zinc Homeostasis	592	575	62587.4
S000004014	YLR024C	S. cerevisiae	UBR2		301	164	216750.9
S000004015	YLR025W	S. cerevisiae	SNF7	Sucrose NonFermenting	7483	2438	26968.4
S000004016	YLR026C	S. cerevisiae	SED5	Suppressor of Erd2 Deletion	3181	1420	38807
S000004017	YLR027C	S. cerevisiae	AAT2	Aspartate AminoTransferase	32371	6504	46061.1
S000004018	YLR028C	S. cerevisiae	ADE16	ADEnine	12049	4637	65277
S000004019	YLR029C	S. cerevisiae	RPL15A	Ribosomal Protein of the Large subunit	30528	10959	24463.9
S000004020	YLR030W	S. cerevisiae					29979.8
S000004021	YLR031W	S. cerevisiae					21848.2
S000004022	YLR032W	S. cerevisiae	RAD5	RADiation sensitive	1520	242	133989.7
S000004023	YLR033W	S. cerevisiae	RSC58	Remodel the Structure of Chromatin	4360	554	57798.1
S000004024	YLR034C	S. cerevisiae	SMF3		2718	1457	51779.7
S000004025	YLR035C	S. cerevisiae	MLH2	MutL Homolog	420	415	78253.2
S000004026	YLR036C	S. cerevisiae			1489	522	23392.1
S000004027	YLR037C	S. cerevisiae	PAU23	seriPAUperin family	1241		13174.1
S000004028	YLR038C	S. cerevisiae	COX12	Cytochrome c OXidase	5348	3420	9784
S000004029	YLR039C	S. cerevisiae	RIC1	RIbosome Control	1350	817	121634.5
S000004030	YLR040C	S. cerevisiae	AFB1	A-Factor Barrier	3265		24454.5
S000004031	YLR041W	S. cerevisiae					12267.4
S000004032	YLR042C	S. cerevisiae	NFG1	Negative regulator of the Filamentous Growth MAPK pathway	120550		16950.2
S000004033	YLR043C	S. cerevisiae	TRX1	ThioRedoXin	19160	9016	11232.1
S000004034	YLR044C	S. cerevisiae	PDC1	Pyruvate DeCarboxylase	581219	457355	61486.9
S000004035	YLR045C	S. cerevisiae	STU2	Suppressor of TUbulin	3476	786	100927.5
S000004036	YLR046C	S. cerevisiae					31062.2
S000004037	YLR047C	S. cerevisiae	FRE8		814	399	78967.3
S000004038	YLR048W	S. cerevisiae	RPS0B	Ribosomal Protein of the Small subunit	88691	70495	27945.6
S000004039	YLR049C	S. cerevisiae	MLO50	Mitochondrially LOcalized protein of 50 kDa	259	80	49495.7
S000004040	YLR050C	S. cerevisiae	EMA19	Efficient Mitochondria targeting-Associated protein	1806	555	19095.9
S000004041	YLR051C	S. cerevisiae	FCF2	Faf1p Copurifying Factor	3410	595	25646.5
S000004042	YLR052W	S. cerevisiae	IES3	Ino Eighty Subunit	3501	632	28237.9
S000004043	YLR053C	S. cerevisiae					12687.2
S000004044	YLR054C	S. cerevisiae	OSW2	Outer Spore Wall			82320.5
S000004045	YLR055C	S. cerevisiae	SPT8	SuPpressor of Ty	2347	1255	66117.1
S000004046	YLR056W	S. cerevisiae	ERG3	ERGosterol biosynthesis	6462	3482	42730.6
S000004047	YLR057W	S. cerevisiae	MNL2	MaNnosidase-Like protein	1459	763	96983.2
S000004048	YLR058C	S. cerevisiae	SHM2	Serine HydroxyMethyltransferase	47330	17495	52218
S000004049	YLR059C	S. cerevisiae	REX2	Rna EXonuclease	5064	1939	30868.7
S000004050	YLR060W	S. cerevisiae	FRS1	phenylalanyl (F)-tRNA Synthetase	26714	7110	67349.5
S000004051	YLR061W	S. cerevisiae	RPL22A	Ribosomal Protein of the Large subunit	118983	93803	13692.5
S000004052	YLR062C	S. cerevisiae	BUD28	BUD site selection			13871.6
S000004053	YLR063W	S. cerevisiae	BMT6	Base Methyltransferase of Twenty five S rRNA 6	2052	274	42043.6
S000004054	YLR064W	S. cerevisiae	PER33	"Pore and ER protein, 33 kDa"	4629	3454	32657.2
S000004055	YLR065C	S. cerevisiae	SND2	SRP-iNDependent targeting	2858	714	20762.9
S000004056	YLR066W	S. cerevisiae	SPC3	Signal Peptidase Complex	4668	1215	21351.5
S000004057	YLR067C	S. cerevisiae	PET309	PETite colonies	271	249	112680.4
S000004058	YLR068W	S. cerevisiae	FYV7	Function required for Yeast Viability	2451	747	18215.7
S000004059	YLR069C	S. cerevisiae	MEF1	Mitochondrial Elongation Factor	6078	3450	84570.6
S000004060	YLR070C	S. cerevisiae	XYL2		1182		38593.7
S000004061	YLR071C	S. cerevisiae	RGR1	Resistant to Glucose Repression	1989	849	123371.6
S000004062	YLR072W	S. cerevisiae	LAM6	Lipid transfer protein Anchored at Membrane contact site	1118	697	78204.1
S000004063	YLR073C	S. cerevisiae	RFU1	Regulator of Free Ubiquitin chains	1346	1148	22857.3
S000004064	YLR074C	S. cerevisiae	BUD20	BUD site selection	5349	1255	18521.2
S000004065	YLR075W	S. cerevisiae	RPL10	Ribosomal Protein of the Large subunit	74858	24916	25382.9
S000004066	YLR076C	S. cerevisiae					15837.7
S000004067	YLR077W	S. cerevisiae	FMP25	Found in Mitochondrial Proteome	2152	480	66703.8
S000004068	YLR078C	S. cerevisiae	BOS1	Bet One Suppressor	4907	1481	27503.4
S000004069	YLR079W	S. cerevisiae	SIC1	Substrate/Subunit Inhibitor of Cyclin-dependent protein kinase	1499	1071	32224.4
S000004070	YLR080W	S. cerevisiae	EMP46		1818	1016	50958.7
S000004071	YLR081W	S. cerevisiae	GAL2	GALactose metabolism	1186	861	63626.5
S000004072	YLR082C	S. cerevisiae	SRL2	Suppressor of Rad53 null Lethality	1302	847	45141.6
S000004073	YLR083C	S. cerevisiae	EMP70		5740	2209	75959.2
S000004074	YLR084C	S. cerevisiae	RAX2		1909	1498	133908.6
S000004075	YLR085C	S. cerevisiae	ARP6	Actin-Related Protein	1182	480	50029.1
S000004076	YLR086W	S. cerevisiae	SMC4	Structural Maintenance of Chromosomes	1650	773	162172.9
S000004077	YLR087C	S. cerevisiae	CSF1	Cold Sensitive for Fermentation	153	98	338196
S000004078	YLR088W	S. cerevisiae	GAA1	GPI Anchor Attachment	1932	783	69212.7
S000004079	YLR089C	S. cerevisiae	ALT1	ALanine Transaminase	8369	1591	66418.2
S000004080	YLR090W	S. cerevisiae	XDJ1		1886	1303	51336.1
S000004081	YLR091W	S. cerevisiae	GEP5	GEnetic interactors of Prohibitins	981	577	33877.2
S000004082	YLR092W	S. cerevisiae	SUL2	SULfate	1348	364	99644.5
S000004083	YLR093C	S. cerevisiae	NYV1	New Yeast V-SNARE	3481	1664	28959.3
S000004084	YLR094C	S. cerevisiae	GIS3	GIg1-2 Suppressor	1007	217	56363.3
S000004085	YLR095C	S. cerevisiae	IOC2	Iswi One Complex	2114	557	93424.9
S000004086	YLR096W	S. cerevisiae	KIN2	KINase	2337	629	128369.2
S000004087	YLR097C	S. cerevisiae	HRT3	High level expression Reduces Ty3 transposition	1019	603	40476.7
S000004088	YLR098C	S. cerevisiae	CHA4	Catabolism of Hydroxy Amino acids	402	199	74391.4
S000004089	YLR099C	S. cerevisiae	ICT1	Increased Copper Tolerance	775	17	45152.2
S000004090	YLR100W	S. cerevisiae	ERG27	ERGosterol biosynthesis	7981	2991	39727
S000004091	YLR101C	S. cerevisiae					15769.5
S000004092	YLR102C	S. cerevisiae	APC9	Anaphase Promoting Complex	1694	548	30844.7
S000004093	YLR103C	S. cerevisiae	CDC45	Cell Division Cycle	1632	714	74209.6
S000004094	YLR104W	S. cerevisiae	LCL2	Long Chronological Lifespan 2	2320	854	14925.2
S000004095	YLR105C	S. cerevisiae	SEN2	Splicing ENdonuclease	892	573	44113.8
S000004096	YLR106C	S. cerevisiae	REA1	Ribosome Export/Assembly	3876	2053	559077.9
S000004097	YLR107W	S. cerevisiae	REX3	Rna EXonuclease	627	243	45890.5
S000004098	YLR108C	S. cerevisiae			1137	994	55603.6
S000004099	YLR109W	S. cerevisiae	AHP1	Alkyl HydroPeroxide reductase	291203	240993	19108.8
S000004100	YLR110C	S. cerevisiae	CCW12	Covalently linked Cell Wall protein	13881	12238	13052.7
S000004101	YLR111W	S. cerevisiae					12664.9
S000004102	YLR112W	S. cerevisiae					15934.3
S000004103	YLR113W	S. cerevisiae	HOG1	High Osmolarity Glycerol response	7457	2086	48840.7
S000004104	YLR114C	S. cerevisiae	AVL9	Apl2 Vps1 Lethal	3799	768	86344.3
S000004105	YLR115W	S. cerevisiae	CFT2	Cleavage Factor Two	2009	473	96256
S000004106	YLR116W	S. cerevisiae	MSL5	Mud Synthetic-Lethal	2580	502	53060.1
S000004107	YLR117C	S. cerevisiae	CLF1	Crooked neck-Like Factor	1170	380	82430.5
S000004108	YLR118C	S. cerevisiae	TML25	"acyl-protein Thioesterase with Multiple Localizations, protein of 25 kDa"	4694	2917	24698.5
S000004109	YLR119W	S. cerevisiae	SRN2	"Suppressor of Rna mutations, Number 2"	1479	392	25106
S000004110	YLR120C	S. cerevisiae	YPS1	YaPSin	2585	1292	59992.2
S000004111	YLR121C	S. cerevisiae	YPS3	YaPSin	1241	737	54576.9
S000004112	YLR122C	S. cerevisiae					14371
S000004113	YLR123C	S. cerevisiae					12748.3
S000004114	YLR124W	S. cerevisiae					13164.6
S000004115	YLR125W	S. cerevisiae			1305	951	15180.6
S000004116	YLR126C	S. cerevisiae			1931	671	28817.8
S000004117	YLR127C	S. cerevisiae	APC2	Anaphase Promoting Complex	388	284	99970.7
S000004118	YLR128W	S. cerevisiae	DCN1	Defective in Cullin Neddylation	850	585	32187.6
S000004119	YLR129W	S. cerevisiae	DIP2	DOM34 Interacting Protein	3932	2362	106322.1
S000004120	YLR130C	S. cerevisiae	ZRT2	Zinc-Regulated Transporter	1872	445	46342.2
S000004121	YLR131C	S. cerevisiae	ACE2	Activator of CUP1 Expression	538	490	86640.2
S000004122	YLR132C	S. cerevisiae	USB1	U Six Biogenesis	2081	953	33692.7
S000004123	YLR133W	S. cerevisiae	CKI1	Choline KInase	4365	1428	66306.2
S000004124	YLR134W	S. cerevisiae	PDC5	Pyruvate DeCarboxylase	7208	2986	61904.6
S000004125	YLR135W	S. cerevisiae	SLX4	Synthetic Lethal of unknown (X) function	587	446	84331.6
S000004126	YLR136C	S. cerevisiae	TIS11	similar to the mammalian TPA Induced Sequence gene family	2074		32325.9
S000004127	YLR137W	S. cerevisiae	RKM5	Ribosomal lysine (K) Methyltransferase 5	940	467	41386.5
S000004128	YLR138W	S. cerevisiae	NHA1	Na+/H+ Antiporter	1641	777	109347.2
S000004129	YLR139C	S. cerevisiae	SLS1	Synthetic Lethal with SSM4	1541	604	73270.2
S000004130	YLR140W	S. cerevisiae					12576.7
S000004131	YLR141W	S. cerevisiae	RRN5	Regulation of RNA polymerase I	947	252	41717.3
S000004132	YLR142W	S. cerevisiae	PUT1	Proline UTilization	443	428	53281
S000004133	YLR143W	S. cerevisiae	DPH6	DiPHthamide biosynthesis	2339	999	77922.4
S000004134	YLR144C	S. cerevisiae	ACF2	Assembly Complementing Factor	1766	739	88378.8
S000004135	YLR145W	S. cerevisiae	RMP1	RNase MRP Protein	1201	1074	23633
S000004136	YLR146C	S. cerevisiae	SPE4	SPErmidine auxotroph	3562	569	34078
S000004137	YLR147C	S. cerevisiae	SMD3		5031	2914	11229.3
S000004138	YLR148W	S. cerevisiae	PEP3	carboxyPEPtidase Y-deficient	2308	665	107394.3
S000004139	YLR149C	S. cerevisiae	GID11	Glucose Induced Degradation deficient	1409	390	82787.3
S000004140	YLR150W	S. cerevisiae	STM1	Suppressor of ToM1	70456	28647	30007.5
S000004141	YLR151C	S. cerevisiae	PCD1	Peroxisomal Coenzyme A Diphosphatase	832	625	39750.2
S000004142	YLR152C	S. cerevisiae			1711		64030.8
S000004143	YLR153C	S. cerevisiae	ACS2	Acetyl CoA Synthetase	42561	24760	75483.3
S000004144	YLR154C	S. cerevisiae	RNH203	RNase H	556	384	12476.8
S000004145	YLR155C	S. cerevisiae	ASP3-1	ASParaginase			38672.8
S000004146	YLR156W	S. cerevisiae					13142.2
S000004147	YLR157C	S. cerevisiae	ASP3-2	ASParaginase			38672.8
S000004148	YLR158C	S. cerevisiae	ASP3-3	ASParaginase			38672.8
S000004149	YLR159W	S. cerevisiae					13142.2
S000004150	YLR160C	S. cerevisiae	ASP3-4	ASParaginase			38672.8
S000004151	YLR161W	S. cerevisiae			1226		13142.2
S000004152	YLR162W	S. cerevisiae			4626		13064.4
S000004153	YLR163C	S. cerevisiae	MAS1	Mitochondrial ASsembly	4095	2038	51082.3
S000004154	YLR164W	S. cerevisiae	SHH4	SDH4 Homolog			18639
S000004155	YLR165C	S. cerevisiae	PUS5	PseudoUridine Synthase			29370.2
S000004156	YLR166C	S. cerevisiae	SEC10	SECretory	3266	871	100330.7
S000004157	YLR167W	S. cerevisiae	RPS31	Ribosomal Protein of the Small subunit	44117	21047	17234.5
S000004158	YLR168C	S. cerevisiae	UPS2	UnProceSsed	2740	422	26508.7
S000004159	YLR169W	S. cerevisiae					13718.1
S000004160	YLR170C	S. cerevisiae	APS1	clathrin Associated Protein complex Small subunit	2393	690	18151.4
S000004161	YLR171W	S. cerevisiae					14696.6
S000004162	YLR172C	S. cerevisiae	DPH5	DiPHthamide	6936	3251	33830.6
S000004163	YLR173W	S. cerevisiae	TAG1	Termination of AutophaGy	474	288	69576.7
S000004164	YLR174W	S. cerevisiae	IDP2	"Isocitrate Dehydrogenase, NADP-specific"	3742	1122	46555.6
S000004165	YLR175W	S. cerevisiae	CBF5	Centromere Binding Factor	18603	6230	54718.6
S000004166	YLR176C	S. cerevisiae	RFX1	Regulatory Factor X	779	402	90599.1
S000004167	YLR177W	S. cerevisiae			1262	443	71273.2
S000004168	YLR178C	S. cerevisiae	TFS1	cdc Twenty-Five Suppressor	7533	5353	24354.5
S000004169	YLR179C	S. cerevisiae			12157	4475	22142.1
S000004170	YLR180W	S. cerevisiae	SAM1	S-AdenosylMethionine requiring	65133	31585	41803.6
S000004171	YLR181C	S. cerevisiae	VTA1	VpsTwenty Associated	4268	1599	37284.8
S000004172	YLR182W	S. cerevisiae	SWI6	SWItching deficient	3241	1240	90507.5
S000004173	YLR183C	S. cerevisiae	TOS4	Target Of Sbf	740	456	55487.7
S000004174	YLR184W	S. cerevisiae					13584.5
S000004175	YLR185W	S. cerevisiae	RPL37A	Ribosomal Protein of the Large subunit	37052	29199	9872.7
S000004176	YLR186W	S. cerevisiae	EMG1	Essential for Mitotic Growth	4943	2228	27899.8
S000004177	YLR187W	S. cerevisiae	SKG3	Suppressor of lethality of Kex2 Gas1 double null mutant	2369	992	114116.2
S000004178	YLR188W	S. cerevisiae	MDL1	MultiDrug resistance-Like	1582	542	75981.3
S000004179	YLR189C	S. cerevisiae	ATG26	AuTophaGy related	1446	292	136054.6
S000004180	YLR190W	S. cerevisiae	MMR1	Mitochondrial Myo2p Receptor-related	1458	634	54818.4
S000004181	YLR191W	S. cerevisiae	PEX13	PEroXin	1631	630	42711.5
S000004182	YLR192C	S. cerevisiae	HCR1	High-Copy suppressor of Rpg1	15189	3565	29554.5
S000004183	YLR193C	S. cerevisiae	UPS1	UnProceSsed	1172	1038	20116.2
S000004184	YLR194C	S. cerevisiae	NCW2	Novel Cell Wall protein	2199	1066	25758.1
S000004185	YLR195C	S. cerevisiae	NMT1	N-Myristoyl Transferase	7063	1992	52837.9
S000004186	YLR196W	S. cerevisiae	PWP1	Periodic tryptophan (W) Protein	12030	3543	63748.6
S000004187	YLR197W	S. cerevisiae	NOP56	NucleOlar Protein of 56.8 kDa	24381	9011	56874.8
S000004188	YLR198C	S. cerevisiae					14224
S000004189	YLR199C	S. cerevisiae	PBA1	Proteasome Biogenesis-Associated	3324	1832	30684.3
S000004190	YLR200W	S. cerevisiae	YKE2	Yeast ortholog of mouse KE2	6599	3543	13276
S000004191	YLR201C	S. cerevisiae	COQ9	COenzyme Q	2971	1271	29962.8
S000004192	YLR202C	S. cerevisiae					13026.5
S000004193	YLR203C	S. cerevisiae	MSS51	Mitochondrial Splicing Suppressor	6252	1141	50886.7
S000004194	YLR204W	S. cerevisiae	QRI5	Quasi-Renownless Information	1275		12794.8
S000004195	YLR205C	S. cerevisiae	HMX1	HeMe oXygenase	1546	322	37180.3
S000004196	YLR206W	S. cerevisiae	ENT2	Epsin N-Terminal homology	3485	1366	71796.3
S000004197	YLR207W	S. cerevisiae	HRD3	HMG-coA Reductase Degradation	1891	370	95471.7
S000004198	YLR208W	S. cerevisiae	SEC13	SECretory	17912	3488	33031.2
S000004199	YLR209C	S. cerevisiae	PNP1	purine nucleoside phosphorylase	5220	3707	33754.3
S000004200	YLR210W	S. cerevisiae	CLB4	CycLin B	99		53824.8
S000004201	YLR211C	S. cerevisiae	ATG38	AuTophaGy related	933	310	25973.8
S000004202	YLR212C	S. cerevisiae	TUB4	TUBulin	3148	1751	52597.8
S000004203	YLR213C	S. cerevisiae	CRR1	CRH-Related			47358.3
S000004204	YLR214W	S. cerevisiae	FRE1	Ferric REductase	1528	805	78879.7
S000004205	YLR215C	S. cerevisiae	CDC123	Cell Division Cycle	3142	1375	41825.1
S000004206	YLR216C	S. cerevisiae	CPR6	Cyclosporin-sensitive Proline Rotamase	26863	8263	42067.3
S000004207	YLR217W	S. cerevisiae					12644.8
S000004208	YLR218C	S. cerevisiae	COA4	Cytochrome Oxidase Assembly factor	2060	1629	17257.9
S000004209	YLR219W	S. cerevisiae	MSC3	Meiotic Sister-Chromatid recombination	2767	1355	80542.5
S000004210	YLR220W	S. cerevisiae	CCC1	Cross-Complements Ca(2+) phenotype of csg1	3502	946	34242.1
S000004211	YLR221C	S. cerevisiae	RSA3	RiboSome Assembly	4441	626	24642.5
S000004212	YLR222C	S. cerevisiae	UTP13	U Three Protein	5561	2104	91005.6
S000004213	YLR223C	S. cerevisiae	IFH1	Interacts with Fork Head	1958	528	122378.2
S000004214	YLR224W	S. cerevisiae	UCC1	Ubiquitination of Citrate synthase in the glyoxylate Cycle	299	290	42751.2
S000004215	YLR225C	S. cerevisiae			3466	638	46425.4
S000004216	YLR226W	S. cerevisiae	BUR2	Bypass UAS Requirement	2508	749	45723.1
S000004217	YLR227C	S. cerevisiae	ADY4	Accumulation of DYads			57826.5
S000004218	YLR228C	S. cerevisiae	ECM22	ExtraCellular Mutant	669	590	89276
S000004219	YLR229C	S. cerevisiae	CDC42	Cell Division Cycle	5221	1690	21321.9
S000004220	YLR230W	S. cerevisiae					12056
S000004221	YLR231C	S. cerevisiae	BNA5	Biosynthesis of Nicotinic Acid	4943	1639	51014.4
S000004222	YLR232W	S. cerevisiae					12233
S000004223	YLR233C	S. cerevisiae	EST1	Ever Shorter Telomeres	1203	929	81828
S000004224	YLR234W	S. cerevisiae	TOP3	TOPoisomerase	727	457	74379.6
S000004225	YLR235C	S. cerevisiae					14672.8
S000004226	YLR236C	S. cerevisiae					11596.4
S000004227	YLR237W	S. cerevisiae	THI7	THIamine metabolism	1612	1078	66902.4
S000004228	YLR238W	S. cerevisiae	FAR10	Factor ARrest	454	116	54104.1
S000004229	YLR239C	S. cerevisiae	LIP2	LIPoyl ligase	1229	439	37249.9
S000004230	YLR240W	S. cerevisiae	VPS34	Vacuolar Protein Sorting	1561	752	100924.3
S000004231	YLR241W	S. cerevisiae	CSC1	Calcium permeable Stress-gated cation Channel	523	256	89348.1
S000004232	YLR242C	S. cerevisiae	ARV1	ARE2 Required for Viability	1322	301	38205.6
S000004233	YLR243W	S. cerevisiae	GPN3	Gly-Pro-Asn (N) motif	2507	2067	30630.3
S000004234	YLR244C	S. cerevisiae	MAP1	Methionine AminoPeptidase	14218	5474	43376.9
S000004235	YLR245C	S. cerevisiae	CDD1	CytiDine Deaminase	3117	361	15536.3
S000004236	YLR246W	S. cerevisiae	ERF2	Effect on Ras Function			41116.5
S000004237	YLR247C	S. cerevisiae	IRC20	Increased Recombination Centers	558	430	180323.8
S000004238	YLR248W	S. cerevisiae	RCK2	Radiation sensitivity Complementing Kinase	5272	2285	68043.1
S000004239	YLR249W	S. cerevisiae	YEF3	Yeast Elongation Factor	172751	135023	115924.9
S000004240	YLR250W	S. cerevisiae	SSP120	Saccharomyces Secretory Protein	5115	2670	27265.5
S000004241	YLR251W	S. cerevisiae	SYM1	Stress-inducible Yeast Mpv17	1611	301	22929.3
S000004242	YLR252W	S. cerevisiae					12406.4
S000004243	YLR253W	S. cerevisiae	CQD2	CoQ Distribution	1600	863	65929.9
S000004244	YLR254C	S. cerevisiae	NDL1	NuDeL homolog	1756	185	21526.5
S000004245	YLR255C	S. cerevisiae					13586.4
S000004246	YLR256W	S. cerevisiae	HAP1	Heme Activator Protein	1450	450	166107.3
S000004247	YLR257W	S. cerevisiae			12312	3139	35979.4
S000004248	YLR258W	S. cerevisiae	GSY2	Glycogen SYnthase	7615	3048	80064.6
S000004249	YLR259C	S. cerevisiae	HSP60	Heat Shock Protein	50754	12792	60741.2
S000004250	YLR260W	S. cerevisiae	LCB5	Long-Chain Base	1235	437	77561.5
S000004251	YLR261C	S. cerevisiae	VPS63	Vacuolar Protein Sorting			12940.9
S000004252	YLR262C	S. cerevisiae	YPT6	Yeast Protein Two	5189	2131	24410.8
S000004253	YLR263W	S. cerevisiae	RED1	REDuctional division	1255		95537.5
S000004254	YLR264W	S. cerevisiae	RPS28B	Ribosomal Protein of the Small subunit	8600	6429	7570
S000004255	YLR265C	S. cerevisiae	NEJ1	Nonhomologous End-Joining defective	787	490	39118.3
S000004256	YLR266C	S. cerevisiae	PDR8	Pleiotropic Drug Resistance	1134		81271.3
S000004257	YLR267W	S. cerevisiae	BOP2	Bypass Of Pam1	7728		66339.7
S000004258	YLR268W	S. cerevisiae	SEC22	SECretory	4602	1729	25057.9
S000004259	YLR269C	S. cerevisiae					13727.6
S000004260	YLR270W	S. cerevisiae	DCS1	DeCapping Scavenger	11214	4525	40763
S000004261	YLR271W	S. cerevisiae	CMG1	Cytoplasmic and Mitochondrial G-patch protein 1	830	712	32002.6
S000004262	YLR272C	S. cerevisiae	YCS4	Yeast Condensin Subunit	1533	935	132943.4
S000004263	YLR273C	S. cerevisiae	PIG1	Protein Interacting with Gsy2p			74121.7
S000004264	YLR274W	S. cerevisiae	MCM5	MiniChromosome Maintenance	3825	1528	86396.9
S000004265	YLR275W	S. cerevisiae	SMD2		3590	680	12856.2
S000004266	YLR276C	S. cerevisiae	DBP9	Dead Box Protein	5914	1421	68077.4
S000004267	YLR277C	S. cerevisiae	YSH1	Yeast Seventy-three Homolog	2253	646	87637.3
S000004268	YLR278C	S. cerevisiae			1069	346	151290.8
S000004269	YLR279W	S. cerevisiae					14760.7
S000004270	YLR280C	S. cerevisiae					12973.3
S000004271	YLR281C	S. cerevisiae	RSO55	mitochondrial protein Related to Spastic paraplegia with Optic atrophy and neuropathy SPG55	731	681	18214.5
S000004272	YLR282C	S. cerevisiae					13303.4
S000004273	YLR283W	S. cerevisiae	PUT7	Proline UTilization	639	493	36575.6
S000004274	YLR284C	S. cerevisiae	ECI1	Enoyl-CoA Isomerase	1600	613	31701.8
S000004275	YLR285W	S. cerevisiae	NNT1	Nicotinamide N-methylTransferase	4895	1189	29614.7
S000004276	YLR286C	S. cerevisiae	CTS1	ChiTinaSe	5411	2310	58993.2
S000004277	YLR287C	S. cerevisiae			4763	655	40913.8
S000004278	YLR287C-A	S. cerevisiae	RPS30A	Ribosomal Protein of the Small subunit	46315	9980	7134.7
S000004279	YLR288C	S. cerevisiae	MEC3	Mitosis Entry Checkpoint	213	201	53127.5
S000004280	YLR289W	S. cerevisiae	GUF1	Gtpase of Unknown Function	731	669	73204.3
S000004281	YLR290C	S. cerevisiae	COQ11	COenzyme Q	2693	945	31536.7
S000004282	YLR291C	S. cerevisiae	GCD7	General Control Derepressed	5999	1303	42571.1
S000004283	YLR292C	S. cerevisiae	SEC72	SECretory	5290	1269	21604.4
S000004284	YLR293C	S. cerevisiae	GSP1	Genetic Suppressor of Prp20-1	34197	25570	24808.6
S000004285	YLR294C	S. cerevisiae					13129.6
S000004286	YLR295C	S. cerevisiae	ATP14	ATP synthase	16282	8944	14117.9
S000004287	YLR296W	S. cerevisiae					12196.7
S000004288	YLR297W	S. cerevisiae			1251	329	13938
S000004289	YLR298C	S. cerevisiae	YHC1	Yeast Homolog of human U1C	1777	506	27072.5
S000004290	YLR299W	S. cerevisiae	ECM38	ExtraCellular Mutant	1841	968	73164.1
S000004291	YLR300W	S. cerevisiae	EXG1	"EXo-1,3-beta-Glucanase"	6165	4236	51280.2
S000004292	YLR301W	S. cerevisiae	HRI1	HRr25 Interacting	14256	5732	27492.8
S000004293	YLR302C	S. cerevisiae					14094.5
S000004294	YLR303W	S. cerevisiae	MET17	METhionine requiring	38332	13719	48663
S000004295	YLR304C	S. cerevisiae	ACO1	ACOnitase	43808	22386	85372.2
S000004296	YLR305C	S. cerevisiae	STT4	STaurosporine and Temperature sensitive	1920	1323	214607.9
S000004297	YLR306W	S. cerevisiae	UBC12	UBiquitin-Conjugating	1679	683	21200.5
S000004298	YLR307W	S. cerevisiae	CDA1	Chitin DeAcetylase	1245		34625.5
S000004299	YLR308W	S. cerevisiae	CDA2	Chitin DeAcetylase			35676.4
S000004300	YLR309C	S. cerevisiae	IMH1	shares with Integrins and Myosins significant Homology	3491	1776	105206.2
S000004301	YLR310C	S. cerevisiae	CDC25	Cell Division Cycle	2145	787	179087.8
S000004302	YLR311C	S. cerevisiae					13808.6
S000004303	YLR312C	S. cerevisiae	ATG39	AuTophaGy related	1159	169	46651.8
S000004304	YLR312W-A	S. cerevisiae	MRPL15	"Mitochondrial Ribosomal Protein, Large subunit"	4427	1079	28177.9
S000004305	YLR313C	S. cerevisiae	SPH1	SPa2 Homolog	672		59012.8
S000004306	YLR314C	S. cerevisiae	CDC3	Cell Division Cycle	13150	3140	60035.8
S000004307	YLR315W	S. cerevisiae	NKP2	Non-essential Kinetochore Protein	2208	541	17851.2
S000004308	YLR316C	S. cerevisiae	TAD3	tRNA-specific Adenosine Deaminase	1205	323	37104.9
S000004309	YLR317W	S. cerevisiae					16685.3
S000004310	YLR318W	S. cerevisiae	EST2	Ever Shorter Telomeres	1154		102668.5
S000004311	YLR319C	S. cerevisiae	BUD6	BUD site selection	2208	761	88818.8
S000004312	YLR320W	S. cerevisiae	MMS22	Methyl MethaneSulfonate sensitivity	406	39	167660.3
S000004313	YLR321C	S. cerevisiae	SFH1	Snf Five Homolog	4079	871	48756.8
S000004314	YLR322W	S. cerevisiae	VPS65	Vacuolar Protein Sorting			12166.1
S000004315	YLR323C	S. cerevisiae	CWC24	Complexed With Cef1p	1131	135	29753.3
S000004316	YLR324W	S. cerevisiae	PEX30	PEroXisome related	3505	1235	59456.1
S000004317	YLR325C	S. cerevisiae	RPL38	Ribosomal Protein of the Large subunit	32579	17098	8840.7
S000004318	YLR326W	S. cerevisiae			1849	126	27436
S000004319	YLR327C	S. cerevisiae	TMA10	Translation Machinery Associated	4867	3063	9839
S000004320	YLR328W	S. cerevisiae	NMA1	Nicotinamide Mononucleotide Adenylyltransferase	3656	960	45853.5
S000004321	YLR329W	S. cerevisiae	REC102	RECombination			30234
S000004322	YLR330W	S. cerevisiae	CHS5	CHitin Synthase-related	7563	2124	73568.9
S000004323	YLR331C	S. cerevisiae	JIP3	Jumonji domain Interacting Protein			14509.8
S000004324	YLR332W	S. cerevisiae	MID2	Mating pheromone-Induced Death	2769	2494	39141.9
S000004325	YLR333C	S. cerevisiae	RPS25B	Ribosomal Protein of the Small subunit	51486	22169	12025.5
S000004326	YLR334C	S. cerevisiae					14330.4
S000004327	YLR335W	S. cerevisiae	NUP2	NUclear Pore	6974	3600	77881.6
S000004328	YLR336C	S. cerevisiae	SGD1	Suppressor of Glycerol Defect	3014	499	102841
S000004329	YLR337C	S. cerevisiae	VRP1	VeRProlin	3203	937	82617.7
S000004330	YLR338W	S. cerevisiae	OPI9	OverProducer of Inositol			27818.9
S000004331	YLR339C	S. cerevisiae					20031.2
S000004332	YLR340W	S. cerevisiae	RPP0	Ribosomal Protein P0	52758	32834	33701.4
S000004333	YLR341W	S. cerevisiae	SPO77	SPOrulation	1283		55114.4
S000004334	YLR342W	S. cerevisiae	FKS1	FK506 Sensitivity	8942	5394	214847.9
S000004335	YLR343W	S. cerevisiae	GAS2	Glycophospholipid-Anchored Surface protein			62336.6
S000004336	YLR344W	S. cerevisiae	RPL26A	Ribosomal Protein of the Large subunit	66974	40238	14252
S000004337	YLR345W	S. cerevisiae			2538	807	58378.3
S000004338	YLR346C	S. cerevisiae	CIS1	CItrinin Sensitive knockout	2806		11352.2
S000004339	YLR347C	S. cerevisiae	KAP95	KAryoPherin	15792	5198	94731.4
S000004340	YLR348C	S. cerevisiae	DIC1	DIcarboxylate Carrier	2896	1773	33006
S000004341	YLR349W	S. cerevisiae					18504.8
S000004342	YLR350W	S. cerevisiae	ORM2		3593	918	24855.9
S000004343	YLR351C	S. cerevisiae	NIT3	NITrilase superfamily	4510	2037	32549.6
S000004344	YLR352W	S. cerevisiae	LUG1	Lets [URE3]/ure2 Grow	322	139	93123.7
S000004345	YLR353W	S. cerevisiae	BUD8	BUD site selection	477	387	66278.3
S000004346	YLR354C	S. cerevisiae	TAL1	TransALdolase	44083	13889	37034.7
S000004347	YLR355C	S. cerevisiae	ILV5	IsoLeucine-plus-Valine requiring	99907	53295	44377
S000004348	YLR356W	S. cerevisiae	ATG33	AuTophaGy related	2259	352	20399.6
S000004349	YLR357W	S. cerevisiae	RSC2	Remodel the Structure of Chromatin	3616	736	102313
S000004350	YLR358C	S. cerevisiae			1470	260	20284.6
S000004351	YLR359W	S. cerevisiae	ADE13	ADEnine requiring	32589	11767	54504
S000004352	YLR360W	S. cerevisiae	VPS38	Vacuolar Protein Sorting	749	484	50870.4
S000004353	YLR361C	S. cerevisiae	DCR2	Dose-dependent Cell cycle Regulator	1672	709	66446.7
S000004354	YLR362W	S. cerevisiae	STE11	STErile	1533	425	80718.8
S000004355	YLR363C	S. cerevisiae	NMD4	Nonsense-Mediated mRNA Decay	3829	926	25283.2
S000004356	YLR364W	S. cerevisiae	GRX8	GlutaRedoXin	4240	1955	12520.5
S000004357	YLR365W	S. cerevisiae					12705.3
S000004358	YLR366W	S. cerevisiae					12357.5
S000004359	YLR367W	S. cerevisiae	RPS22B	Ribosomal Protein of the Small subunit	34606	14717	14635.3
S000004360	YLR368W	S. cerevisiae	MDM30	Mitochondrial Distribution and Morphology	271	33	70520.1
S000004361	YLR369W	S. cerevisiae	SSQ1	Stress-Seventy subfamily Q	3335	1014	72362.3
S000004362	YLR370C	S. cerevisiae	ARC18	ARp2/3 Complex subunit	11539	3776	20579.8
S000004363	YLR371W	S. cerevisiae	ROM2	RhO1 Multicopy suppressor	871	462	152631.2
S000004364	YLR372W	S. cerevisiae	ELO3	fatty acid ELOngation	11219	5784	39478.6
S000004365	YLR373C	S. cerevisiae	VID22	Vacuolar Import and Degradation	2065	885	102466.3
S000004366	YLR374C	S. cerevisiae					14171.7
S000004367	YLR375W	S. cerevisiae	STP3	protein with similarity to Stp1p	1838	467	37734.1
S000004368	YLR376C	S. cerevisiae	PSY3	Platinum SensitivitY	1258	59	28253.1
S000004369	YLR377C	S. cerevisiae	FBP1	"Fructose-1,6-BisPhosphatase"	971	382	38255.9
S000004370	YLR378C	S. cerevisiae	SEC61	SECretory	17267	13239	52947.9
S000004371	YLR379W	S. cerevisiae					14163.6
S000004372	YLR380W	S. cerevisiae	CSR1	Chs5 Spa2 Rescue	5957	3055	47455.1
S000004373	YLR381W	S. cerevisiae	CTF3	Chromosome Transmission Fidelity	319	294	84265.8
S000004374	YLR382C	S. cerevisiae	NAM2	Nuclear Accommodation of Mitochondria	1561	474	101929.3
S000004375	YLR383W	S. cerevisiae	SMC6	Structural Maintenance of Chromosomes	669	439	128010.4
S000004376	YLR384C	S. cerevisiae	IKI3	Insensitive to KIller toxin	7200	1924	152930.2
S000004377	YLR385C	S. cerevisiae	SWC7	SWr Complex	1684	690	15118.7
S000004378	YLR386W	S. cerevisiae	VAC14	VACuole morphology and inheritance mutant	2539	368	99751.4
S000004379	YLR387C	S. cerevisiae	REH1	REI1 Homolog	3973	936	49691.5
S000004380	YLR388W	S. cerevisiae	RPS29A	Ribosomal Protein of the Small subunit	11265	4917	6669.9
S000004381	YLR389C	S. cerevisiae	STE23	STErile	8034	2334	117568.7
S000004382	YLR390W	S. cerevisiae	ECM19	ExtraCellular Mutant	1798	840	12518.6
S000004384	YLR392C	S. cerevisiae	ART10	Arrestin-Related Trafficking adaptors	540	318	59765.9
S000004385	YLR393W	S. cerevisiae	ATP10	ATP synthase	1890	756	32107.3
S000004386	YLR394W	S. cerevisiae	CST9	Chromosome STability			53901.5
S000004387	YLR395C	S. cerevisiae	COX8	Cytochrome c OXidase	3613	1439	8917.9
S000004388	YLR396C	S. cerevisiae	VPS33	Vacuolar Protein Sorting	2169	680	79246.8
S000004389	YLR397C	S. cerevisiae	AFG2	ATPase Family Gene	3171	924	84731.5
S000004390	YLR398C	S. cerevisiae	SKI2	SuperKIller	4408	1362	146050
S000004391	YLR399C	S. cerevisiae	BDF1	BromoDomain Factor	6880	1955	76968.9
S000004392	YLR400W	S. cerevisiae					18522
S000004393	YLR401C	S. cerevisiae	DUS3	DihydroUridine Synthase	3630	1482	76596.5
S000004394	YLR402W	S. cerevisiae					6939.4
S000004395	YLR403W	S. cerevisiae	SFP1	Split Finger Protein	2241	927	74772.5
S000004396	YLR404W	S. cerevisiae	SEI1	SEIpin	846	551	32591.3
S000004397	YLR405W	S. cerevisiae	DUS4	DihydroUridine Synthase	2149	307	41700.1
S000004398	YLR406C	S. cerevisiae	RPL31B	Ribosomal Protein of the Large subunit	24603	9361	12976.4
S000004399	YLR407W	S. cerevisiae			2984	1042	25549.9
S000004400	YLR408C	S. cerevisiae	BLS1	BLoS1-homolog	468	321	14550.1
S000004401	YLR409C	S. cerevisiae	UTP21	U Three Protein	3719	1697	104793
S000004402	YLR410W	S. cerevisiae	VIP1		6646	2918	129769.8
S000004403	YLR411W	S. cerevisiae	CTR3	Copper TRansport			27536.3
S000004404	YLR412W	S. cerevisiae	BER1	Benomyl REsistant 1	2316	492	31706.4
S000004405	YLR413W	S. cerevisiae	INA1	INdicator of Abscission	7748	5551	72683.4
S000004406	YLR414C	S. cerevisiae	PUN1	Plasma membrane protein Upregulated during Nitrogen stress	4630	1429	29256.6
S000004407	YLR415C	S. cerevisiae					12355.8
S000004408	YLR416C	S. cerevisiae					14719.9
S000004409	YLR417W	S. cerevisiae	VPS36	Vacuolar Protein Sorting	1784	561	64011.3
S000004410	YLR418C	S. cerevisiae	CDC73	Cell Division Cycle	5367	1452	44457.7
S000004411	YLR419W	S. cerevisiae			4875	2478	163080.8
S000004412	YLR420W	S. cerevisiae	URA4	URAcil requiring	11684	5318	40307.6
S000004413	YLR421C	S. cerevisiae	RPN13	Regulatory Particle Non-ATPase	6873	2534	17889.1
S000004414	YLR422W	S. cerevisiae	DCK1	DoCK1 homolog	1281	512	221569.4
S000004415	YLR423C	S. cerevisiae	ATG17	AuTophaGy related	746	427	48641.7
S000004416	YLR424W	S. cerevisiae	SPP382	Suppressor of PrP38 #2	556	431	83019.1
S000004417	YLR425W	S. cerevisiae	TUS1	TOR Unique function Suppressor	509	350	149105.8
S000004418	YLR426W	S. cerevisiae	TDA5	Topoisomerase I Damage Affected	2036	94	36688.5
S000004419	YLR427W	S. cerevisiae	MAG2		1601	622	76328.4
S000004420	YLR428C	S. cerevisiae					13140.5
S000004421	YLR429W	S. cerevisiae	CRN1	CoRoNin	9231	3869	72540.9
S000004422	YLR430W	S. cerevisiae	SEN1	Splicing ENdonuclease	2549	843	252527.1
S000004423	YLR431C	S. cerevisiae	ATG23	AuTophaGy related	969	431	51530.9
S000004424	YLR432W	S. cerevisiae	IMD3	IMP Dehydrogenase	27214	6868	56585.5
S000004425	YLR433C	S. cerevisiae	CNA1	CalciNeurin A	3891	936	62997.7
S000004426	YLR434C	S. cerevisiae					15108.8
S000004427	YLR435W	S. cerevisiae	TSR2	Twenty S rRNA accumulation	4657	1111	23679
S000004428	YLR436C	S. cerevisiae	ECM30	ExtraCellular Mutant	1871	492	145052.8
S000004429	YLR437C	S. cerevisiae	DIF1	Damage-regulated Import Facilitator	2304	2037	15165.2
S000004430	YLR438W	S. cerevisiae	CAR2	Catabolism of ARginine	21955	10239	46081.4
S000004431	YLR439W	S. cerevisiae	MRPL4	"Mitochondrial Ribosomal Protein, Large subunit"	3546	1250	36965.3
S000004432	YLR440C	S. cerevisiae	SEC39	SECretory	2418	732	82353.4
S000004433	YLR441C	S. cerevisiae	RPS1A	Ribosomal Protein of the Small subunit	50202	20799	28763.9
S000004434	YLR442C	S. cerevisiae	SIR3	Silent Information Regulator	1453	938	111352
S000004435	YLR443W	S. cerevisiae	ECM7	ExtraCellular Mutant	14		50314.2
S000004436	YLR444C	S. cerevisiae					10675.7
S000004437	YLR445W	S. cerevisiae	GMC2	Grand Meiotic recombination Cluster	3071		22353.2
S000004438	YLR446W	S. cerevisiae			361	310	48960.7
S000004439	YLR447C	S. cerevisiae	VMA6	Vacuolar Membrane Atpase	14016	4541	39765.8
S000004440	YLR448W	S. cerevisiae	RPL6B	Ribosomal Protein of the Large subunit	37816	10574	20004.8
S000004441	YLR449W	S. cerevisiae	FPR4	FKBP Proline Rotamase (isomerase)	9517	4130	43868.6
S000004442	YLR450W	S. cerevisiae	HMG2	3-Hydroxy-3-MethylGlutaryl-coenzyme a reductase	3501	1509	115694
S000004443	YLR451W	S. cerevisiae	LEU3	LEUcine biosynthesis	299	259	100141.4
S000004444	YLR452C	S. cerevisiae	SST2	SuperSensiTive	2900	1652	79726.3
S000004445	YLR453C	S. cerevisiae	RIF2	Rap1p-Interacting Factor	976	674	45655.4
S000004446	YLR454W	S. cerevisiae	FMP27	Found in Mitochondrial Proteome	1620	788	303491.1
S000004447	YLR455W	S. cerevisiae	PDP3	PWWP Domain-containing Protein	3177	410	35521
S000004448	YLR456W	S. cerevisiae			1000	411	23289.6
S000004449	YLR457C	S. cerevisiae	NBP1	Nap1 Binding Protein	1460	1261	37383.4
S000004450	YLR458W	S. cerevisiae					14454.5
S000004451	YLR459W	S. cerevisiae	GAB1	GPI and Actin Bar	1889	214	44748.4
S000004452	YLR460C	S. cerevisiae			1258	373	41126.7
S000004453	YLR461W	S. cerevisiae	PAU4	seriPAUperin family			12888.8
S000004454	YLR462W	S. cerevisiae			1444		23503.3
S000004455	YLR463C	S. cerevisiae					20600.5
S000004456	YLR464W	S. cerevisiae			1152		24172.1
S000004457	YLR465C	S. cerevisiae	BSC3	Bypass of Stop Codon			12017.8
S000004458	YLR466W	S. cerevisiae	YRF1-4		913	514	156366
S000004459	YLR467W	S. cerevisiae	YRF1-5		585	50	203785.1
S000004460	YML001W	S. cerevisiae	YPT7	Yeast Protein Two	9078	3548	23033.9
S000004461	YML002W	S. cerevisiae			1080	105	84595.6
S000004462	YML003W	S. cerevisiae			1184		33963.9
S000004463	YML004C	S. cerevisiae	GLO1	GLyOxalase	7556	3929	37205.3
S000004464	YML005W	S. cerevisiae	TRM12	TRna Methyltransferase	1241	669	52728
S000004465	YML006C	S. cerevisiae	GIS4	GIg1-2 Suppressor	1728	617	87094.2
S000004466	YML007W	S. cerevisiae	YAP1	Yeast AP-1	2111	977	72502.6
S000004467	YML008C	S. cerevisiae	ERG6	ERGosterol biosynthesis	23127	6001	43422.2
S000004468	YML009C	S. cerevisiae	MRPL39	"Mitochondrial Ribosomal Protein, Large subunit"	2555	1037	7987.8
S000004469	YML009C-A	S. cerevisiae					13459.4
S000004470	YML010W	S. cerevisiae	SPT5	SuPpressor of Ty's	9928	2274	115616.1
S000004471	YML009W-B	S. cerevisiae					16731.2
S000004472	YML011C	S. cerevisiae	RAD33	RADiation sensitive	1162	705	20260.6
S000004473	YML012W	S. cerevisiae	ERV25	ER Vesicle	13236	6825	24101.5
S000004474	YML012C-A	S. cerevisiae					13417.3
S000004475	YML013W	S. cerevisiae	UBX2	UBiquitin regulatory X	3056	604	66741.7
S000004476	YML014W	S. cerevisiae	TRM9	TRna Methyltransferase	1983	439	32442
S000004477	YML015C	S. cerevisiae	TAF11	TATA binding protein-Associated Factor	2316	890	40619
S000004478	YML016C	S. cerevisiae	PPZ1	Protein Phosphatase Z	3486	773	77497.8
S000004479	YML017W	S. cerevisiae	PSP2	Polymerase SuPpressor	5027	1489	65589
S000004480	YML018C	S. cerevisiae			4289	1416	43744
S000004481	YML019W	S. cerevisiae	OST6	OligoSaccharylTransferase	1800	285	37895.8
S000004482	YML020W	S. cerevisiae			931	594	76140.8
S000004483	YML021C	S. cerevisiae	UNG1	Uracil DNA N-Glycosylase	1854	751	40483.7
S000004484	YML022W	S. cerevisiae	APT1	Adenine PhosphoribosylTransferase	14278	4543	20580.9
S000004485	YML023C	S. cerevisiae	NSE5	Non-SMC Element 5	1397	928	64003.4
S000004486	YML024W	S. cerevisiae	RPS17A	Ribosomal Protein of the Small subunit	81932	48684	15805.7
S000004487	YML025C	S. cerevisiae	YML6		3628	975	31979
S000004488	YML026C	S. cerevisiae	RPS18B	Ribosomal Protein of the Small subunit	19802	11668	17049.9
S000004489	YML027W	S. cerevisiae	YOX1	Yeast homeobOX	1402	263	42769.3
S000004490	YML028W	S. cerevisiae	TSA1	Thiol-Specific Antioxidant	103335	66024	21583.8
S000004491	YML029W	S. cerevisiae	USA1	U1-Snp1 Associating	1822	312	96616.8
S000004492	YML030W	S. cerevisiae	RCF1	Respiratory superComplex Factor	1955	733	18482.7
S000004493	YML031W	S. cerevisiae	NDC1	Nuclear Division Cycle	4097	2355	74139.3
S000004494	YML032C	S. cerevisiae	RAD52	RADiation sensitive	2164	343	52406.3
S000004497	YML034W	S. cerevisiae	SRC1	Spliced mRNA and Cell cycle regulated gene	2065	562	95480.6
S000004498	YML035C	S. cerevisiae	AMD1	AMP Deaminase	3973	905	93288.5
S000004499	YML034C-A	S. cerevisiae					14546.7
S000004500	YML036W	S. cerevisiae	CGI121	homolog of human CGI-121	4266	3043	20661
S000004501	YML037C	S. cerevisiae			1229	490	38021.7
S000004502	YML038C	S. cerevisiae	YMD8		2384	1358	49615.2
S000004505	YML041C	S. cerevisiae	VPS71	Vacuolar Protein Sorting	1243	1028	32039
S000004506	YML042W	S. cerevisiae	CAT2	Carnitine AcetylTransferase	569	280	77246.6
S000004507	YML043C	S. cerevisiae	RRN11	Regulation of RNA polymerase I	476	64	59244
S000004509	YML046W	S. cerevisiae	PRP39	Pre-mRNA Processing	2723	891	74753.6
S000004510	YML047C	S. cerevisiae	PRM6	Pheromone-Regulated Membrane protein			41379.6
S000004511	YML048W	S. cerevisiae	GSF2	Glucose Signaling Factor	10619	2113	45869
S000004512	YML047W-A	S. cerevisiae					14533.2
S000004513	YML049C	S. cerevisiae	RSE1	RNA Splicing and ER-to-Golgi transport	5428	4171	153746.8
S000004514	YML050W	S. cerevisiae	AIM32	Altered Inheritance rate of Mitochondria	1164	782	35982.6
S000004515	YML051W	S. cerevisiae	GAL80	GALactose metabolism	1153	749	48324.7
S000004516	YML052W	S. cerevisiae	SUR7	SUppressor of Rvs167 mutation	7813	6017	33830.2
S000004517	YML053C	S. cerevisiae			1702	1046	23940.2
S000004518	YML054C	S. cerevisiae	CYB2	CYtochrome B	4590	3434	65546.1
S000004519	YML055W	S. cerevisiae	SPC2	Signal Peptidase Complex	4963	674	20808.1
S000004520	YML056C	S. cerevisiae	IMD4	IMP Dehydrogenase	12300	4935	56398.6
S000004521	YML057W	S. cerevisiae	CMP2	CalModulin binding Protein	4495	1131	68515.4
S000004522	YML057C-A	S. cerevisiae					14368.9
S000004523	YML058W	S. cerevisiae	SML1	Suppressor of Mec1 Lethality	21089	9602	11829.4
S000004524	YML059C	S. cerevisiae	NTE1	Neuropathy Target Esterase	2268	742	187138.8
S000004525	YML060W	S. cerevisiae	OGG1	8-OxoGuanine Glycosylase/lyase	2369	671	42789.9
S000004526	YML061C	S. cerevisiae	PIF1	Petite Integration Frequency	1366	1105	97697.2
S000004527	YML062C	S. cerevisiae	MFT1	Mitochondrial Fusion Targeting	3969	780	44948.2
S000004528	YML063W	S. cerevisiae	RPS1B	Ribosomal Protein of the Small subunit	107000	58388	28832.9
S000004529	YML064C	S. cerevisiae	TEM1	TErmination of M phase	1543	648	27303.8
S000004530	YML065W	S. cerevisiae	ORC1	Origin Recognition Complex	1449	585	104384.2
S000004531	YML066C	S. cerevisiae	SMA2	Spore Membrane Assembly			40876
S000004532	YML067C	S. cerevisiae	ERV41	ER Vesicle	4043	1049	40690.6
S000004533	YML068W	S. cerevisiae	ITT1	Inhibitor of Translation Termination	846	829	54084.5
S000004534	YML069W	S. cerevisiae	POB3	POl1 Binding	10154	1712	62961.2
S000004535	YML070W	S. cerevisiae	DAK1	DihydroxyAcetone Kinase	19765	5654	62192.1
S000004536	YML071C	S. cerevisiae	COG8	Conserved Oligomeric Golgi complex	3030	956	69781.4
S000004537	YML072C	S. cerevisiae	TCB3	Three Calcium and lipid Binding domains (TriCalBins)	9962	4390	171072.1
S000004538	YML073C	S. cerevisiae	RPL6A	Ribosomal Protein of the Large subunit	39839	13324	19980.8
S000004539	YML074C	S. cerevisiae	FPR3	Fk 506-sensitive Proline Rotamase	10307	3137	46495
S000004540	YML075C	S. cerevisiae	HMG1	3-Hydroxy-3-MethylGlutaryl-coenzyme a reductase	4026	1095	115631.8
S000004541	YML076C	S. cerevisiae	WAR1	Weak Acid Resistance	1383	321	107562.7
S000004542	YML077W	S. cerevisiae	BET5	Blocked Early in Transport	1226	535	18438.1
S000004543	YML078W	S. cerevisiae	CPR3	Cyclosporin A-sensitive Proline Rotamase	17217	13495	19922
S000004544	YML079W	S. cerevisiae			6010	2527	22454.6
S000004545	YML080W	S. cerevisiae	DUS1	DihydroUridine Synthase	2551	575	48140
S000004546	YML081W	S. cerevisiae	TDA9	Topoisomerase I Damage Affected	1550	805	141468.8
S000004547	YML082W	S. cerevisiae			2780	536	74288.9
S000004548	YML083C	S. cerevisiae			1275		47365.4
S000004549	YML084W	S. cerevisiae					12033.3
S000004550	YML085C	S. cerevisiae	TUB1	TUBulin	11926	7484	49778.4
S000004551	YML086C	S. cerevisiae	ALO1	"D-Arabinono-1,4-Lactone Oxidase"	9493	1726	59491.2
S000004552	YML087C	S. cerevisiae	AIM33	Altered Inheritance rate of Mitochondria			35768.9
S000004553	YML088W	S. cerevisiae	UFO1	UV-F-box-HO	702	52	76833.8
S000004554	YML089C	S. cerevisiae					14173.7
S000004555	YML090W	S. cerevisiae					15039
S000004556	YML091C	S. cerevisiae	RPM2	RNase P Mitochondrial	1826	761	139341.2
S000004557	YML092C	S. cerevisiae	PRE8	PRoteinase yscE	20654	3198	27158.1
S000004558	YML093W	S. cerevisiae	UTP14	U Three Protein	4748	1180	102977.5
S000004559	YML094W	S. cerevisiae	GIM5	Gene Involved in Microtubule biogenesis	4963	2231	18359.1
S000004560	YML095C	S. cerevisiae	RAD10	RADiation sensitive	1415	1133	24314.7
S000004561	YML094C-A	S. cerevisiae					15013.6
S000004562	YML096W	S. cerevisiae			1630	560	59465
S000004563	YML097C	S. cerevisiae	VPS9	Vacuolar Protein Sorting	3094	699	52464.1
S000004564	YML098W	S. cerevisiae	TAF13	TATA binding protein-Associated Factor	1522	521	19130.6
S000004565	YML099C	S. cerevisiae	ARG81	ARGinine requiring	251	131	100278.9
S000004566	YML100W	S. cerevisiae	TSL1	Trehalose Synthase Long chain	12628	6675	123007.1
S000004567	YML099W-A	S. cerevisiae					12637.2
S000004568	YML101C	S. cerevisiae	CUE4	Coupling of Ubiquitin conjugation to ER degradation	3359	1247	12893
S000004569	YML101C-A	S. cerevisiae					11308.2
S000004570	YML102W	S. cerevisiae	CAC2	Chromatin Assembly Complex	2486	990	51245.6
S000004571	YML103C	S. cerevisiae	NUP188	NUclear Pore	4820	477	188543
S000004572	YML104C	S. cerevisiae	MDM1	Mitochondrial Distribution and Morphology	1274	1261	129967.8
S000004573	YML105C	S. cerevisiae	SEC65	SECretory	5632	2232	31177.3
S000004574	YML106W	S. cerevisiae	URA5	URAcil requiring	14295	5337	24662.7
S000004575	YML107C	S. cerevisiae	PML39	Pre-mRNA Leakage	1357	503	39221
S000004576	YML108W	S. cerevisiae			2757	358	12327.1
S000004577	YML109W	S. cerevisiae	ZDS2	Zillion Different Screens	691	606	105458.2
S000004578	YML110C	S. cerevisiae	COQ5	COenzyme Q	6234	3510	34681.9
S000004579	YML111W	S. cerevisiae	BUL2	Binds Ubiquitin Ligase	1622	1140	104791.7
S000004580	YML112W	S. cerevisiae	CTK3	Carboxy-Terminal domain Kinase	2635	437	34802.5
S000004581	YML113W	S. cerevisiae	DAT1	DATin	2776	853	27075.2
S000004582	YML114C	S. cerevisiae	TAF8	TATA binding protein-Associated Factor	2097	460	57955.1
S000004583	YML115C	S. cerevisiae	VAN1	VANadate resistance protein	3403	1058	61072.2
S000004584	YML116W	S. cerevisiae	ATR1	AminoTriazole Resistance	1926	507	59983.6
S000004585	YML117W	S. cerevisiae	NAB6	Nucleic Acid Binding protein	3850	857	126134.2
S000004586	YML116W-A	S. cerevisiae					11865.1
S000004587	YML118W	S. cerevisiae	NGL3		545	233	57741.9
S000004588	YML119W	S. cerevisiae			1141	848	40074.5
S000004589	YML120C	S. cerevisiae	NDI1	NADH Dehydrogenase Internal	7696	2456	57264.4
S000004590	YML121W	S. cerevisiae	GTR1	GTp binding protein Resemblance	2620	1077	35850.9
S000004591	YML122C	S. cerevisiae			1126		14484
S000004592	YML123C	S. cerevisiae	PHO84	PHOsphate metabolism	5213	1735	64372.6
S000004593	YML124C	S. cerevisiae	TUB3	TUBulin	5294	2118	49674.4
S000004594	YML125C	S. cerevisiae	PGA3	Processing of Gas1p and ALP	8103	2529	35278.4
S000004595	YML126C	S. cerevisiae	ERG13	ERGosterol biosynthesis	33309	7611	55018.1
S000004596	YML127W	S. cerevisiae	RSC9	Remodel the Structure of Chromatin	4104	971	65220.2
S000004597	YML128C	S. cerevisiae	MSC1	Meiotic Sister-Chromatid recombination	5607	3906	59589
S000004598	YML129C	S. cerevisiae	COX14	Cytochrome c OXidase	2763	1214	7959.1
S000004599	YML130C	S. cerevisiae	ERO1	ER Oxidation or Endoplasmic Reticulum Oxidoreductin	5230	1532	65024.1
S000004600	YML131W	S. cerevisiae			4879	2361	39978.3
S000004601	YML132W	S. cerevisiae	COS3	COnserved Sequence	639	370	45172.4
S000004602	YML133C	S. cerevisiae			2187	1552	155563.3
S000004603	YMR001C	S. cerevisiae	CDC5	Cell Division Cycle	319	220	81047.1
S000004604	YMR002W	S. cerevisiae	MIX17	Mitochondrial Intermembrane space CX(n)C motif protein	9816	6745	16672.7
S000004605	YMR003W	S. cerevisiae	AIM34	Altered Inheritance rate of Mitochondria	1940	195	22759
S000004606	YMR004W	S. cerevisiae	MVP1	Multi-copy suppressor of vps1	2587	851	59643.2
S000004607	YMR005W	S. cerevisiae	TAF4	TATA binding protein-Associated Factor	3562	1622	42353.2
S000004608	YMR006C	S. cerevisiae	PLB2	PhosphoLipase B	1458	1145	75429.1
S000004609	YMR007W	S. cerevisiae			5926	4761	14551.8
S000004610	YMR008C	S. cerevisiae	PLB1	PhosphoLipase B	2653	815	71639.9
S000004611	YMR009W	S. cerevisiae	ADI1	Acireductone DIoxygenase	2967	1243	20870.5
S000004612	YMR010W	S. cerevisiae	ANY1	Antagonizes Neo1 Yeast phospholipid flippase	3402	1807	46867.5
S000004613	YMR011W	S. cerevisiae	HXT2	HeXose Transporter	3931	2424	59847.2
S000004614	YMR012W	S. cerevisiae	CLU1	CLUstered mitochondria	20475	5045	145147.6
S000004615	YMR013C	S. cerevisiae	SEC59	SECretory	538	512	58916.6
S000004616	YMR014W	S. cerevisiae	BUD22	BUD site selection	3975	1102	60063.9
S000004617	YMR015C	S. cerevisiae	ERG5	ERGosterol biosynthesis	8338	2747	61337.9
S000004618	YMR016C	S. cerevisiae	SOK2	Suppressor Of Kinase	2287	1169	85648.4
S000004619	YMR017W	S. cerevisiae	SPO20	SPOrulation			46635.4
S000004620	YMR018W	S. cerevisiae	PEX9	PEroXin			59071.5
S000004621	YMR019W	S. cerevisiae	STB4	Sin Three Binding protein	392	294	109824.3
S000004622	YMR020W	S. cerevisiae	FMS1	Fenpropimorph-resistance Multicopy Suppressor	1386	509	57792.2
S000004623	YMR021C	S. cerevisiae	MAC1	Metal binding ACtivator	759	735	46515.2
S000004624	YMR022W	S. cerevisiae	UBC7	UBiquitin-Conjugating enzyme	2692	543	18515.5
S000004625	YMR023C	S. cerevisiae	MSS1	Mitochondrial Splicing System	584	184	58353.3
S000004626	YMR024W	S. cerevisiae	MRPL3	"Mitochondrial Ribosomal Protein, Large subunit"	5017	2430	44015.4
S000004627	YMR025W	S. cerevisiae	CSI1	Cop9 Signalosome Interactor	649	548	34512
S000004628	YMR026C	S. cerevisiae	PEX12	PEroXin	1241	237	46005.7
S000004629	YMR027W	S. cerevisiae			7494	1716	54119.1
S000004630	YMR028W	S. cerevisiae	TAP42	Two A phosphatase Associated Protein	1580	949	42555.2
S000004631	YMR029C	S. cerevisiae	FAR8	Factor ARrest	3314	1262	59278.5
S000004632	YMR030W	S. cerevisiae	RSF1	ReSpiration Factor	2194	1158	43462.6
S000004633	YMR031C	S. cerevisiae	EIS1	EISosome	6815	4212	93335.3
S000004634	YMR031W-A	S. cerevisiae					11881.8
S000004635	YMR032W	S. cerevisiae	HOF1	Homolog Of cdc Fifteen	658	646	76219.9
S000004636	YMR033W	S. cerevisiae	ARP9	Actin-Related Protein	4933	927	53056.5
S000004637	YMR034C	S. cerevisiae	RCH1	Regulator of Calcium Homeostasis			48387.3
S000004638	YMR035W	S. cerevisiae	IMP2	Inner Membrane Protease	3111	117	19941.4
S000004639	YMR036C	S. cerevisiae	MIH1	Mitotic Inducer Homolog	1261	673	63358.9
S000004640	YMR037C	S. cerevisiae	MSN2	Multicopy suppressor of SNF1 mutation	2327	566	77852.2
S000004641	YMR038C	S. cerevisiae	CCS1	Copper Chaperone for SOD1	11594	2942	27328.2
S000004642	YMR039C	S. cerevisiae	SUB1	SUppressor of TFIIB mutations	3798	972	33096.8
S000004643	YMR040W	S. cerevisiae	YET2	Yeast Endoplasmic reticulum Transmembrane protein	1281		19195.4
S000004644	YMR041C	S. cerevisiae	ARA2	ARAbinose	1370	521	38210.7
S000004645	YMR042W	S. cerevisiae	ARG80	ARGinine requiring	963	800	19482.7
S000004646	YMR043W	S. cerevisiae	MCM1	MiniChromosome Maintenance	3789	1265	32787
S000004647	YMR044W	S. cerevisiae	IOC4	Iswi One Complex	2174	507	55412.1
S000004650	YMR047C	S. cerevisiae	NUP116	NUclear Pore	4756	2601	116252.9
S000004651	YMR048W	S. cerevisiae	CSM3	Chromosome Segregation in Meiosis	1105	711	36333.9
S000004652	YMR049C	S. cerevisiae	ERB1	Eukaryotic Ribosome Biogenesis	9039	2894	91666.3
S000004655	YMR052C-A	S. cerevisiae					14517.6
S000004656	YMR052W	S. cerevisiae	FAR3	Factor ARrest	1540	379	24033.2
S000004657	YMR053C	S. cerevisiae	STB2	Sin Three Binding protein	570	344	97821.7
S000004658	YMR054W	S. cerevisiae	STV1	Similar To VPH1	2185	994	101631.5
S000004659	YMR055C	S. cerevisiae	BUB2	Budding Uninhibited by Benzimidazole	591	206	35033.2
S000004660	YMR056C	S. cerevisiae	AAC1	ADP/ATP Carrier	1853	1701	34137
S000004661	YMR057C	S. cerevisiae					14308
S000004662	YMR058W	S. cerevisiae	FET3	FErrous Transport	5727	3933	72310.3
S000004663	YMR059W	S. cerevisiae	SEN15	Splicing ENdonuclease	1022	754	14889.2
S000004664	YMR060C	S. cerevisiae	SAM37	Sorting and Assembly Machinery	1600	1184	37493.2
S000004665	YMR061W	S. cerevisiae	RNA14	poly(A) mRNA metabolism	3794	1328	79953.1
S000004666	YMR062C	S. cerevisiae	ARG7	ARGinine requiring	14642	6315	47849.3
S000004667	YMR063W	S. cerevisiae	RIM9	Regulator of IME2	1227	34	26692.8
S000004668	YMR064W	S. cerevisiae	AEP1	ATPase ExPression	980	735	59766.4
S000004669	YMR065W	S. cerevisiae	KAR5	KARyogamy			58418.4
S000004670	YMR066W	S. cerevisiae	SOV1	Synthesis Of Var	731	434	104758.6
S000004671	YMR067C	S. cerevisiae	UBX4	UBiquitin regulatory X	3630	852	46970.4
S000004672	YMR068W	S. cerevisiae	AVO2	Adheres VOraciously (to TOR2)	1273	207	47153.3
S000004673	YMR069W	S. cerevisiae	NAT4	N-AcetylTransferase	1792	377	32337.4
S000004674	YMR070W	S. cerevisiae	MOT3	Modifier of Transcription	2570	845	54387.6
S000004675	YMR071C	S. cerevisiae	TVP18	Tlg2-Vesicle Protein	5577	2694	18692.3
S000004676	YMR072W	S. cerevisiae	ABF2	ARS-Binding Factor	14668	6733	21575
S000004677	YMR073C	S. cerevisiae	IRC21	Increased Recombination Centers	2564	1014	23193.3
S000004678	YMR074C	S. cerevisiae	SDD2	Suppressor of Degenerative Death	5365	1664	15970.6
S000004679	YMR075C-A	S. cerevisiae					14035.5
S000004680	YMR075W	S. cerevisiae	RCO1		2005	1519	78853.5
S000004681	YMR076C	S. cerevisiae	PDS5	Precocious Dissociation of Sisters	2977	917	147024.2
S000004682	YMR077C	S. cerevisiae	VPS20	Vacuolar Protein Sorting	1665	728	25630.2
S000004683	YMR078C	S. cerevisiae	CTF18	Chromosome Transmission Fidelity	1921	482	84380.3
S000004684	YMR079W	S. cerevisiae	SEC14	SECretory	21229	4647	34894
S000004685	YMR080C	S. cerevisiae	NAM7	Nuclear Accommodation of Mitochondria	6133	1193	109419.3
S000004686	YMR081C	S. cerevisiae	ISF1	Increasing Suppression Factor	1381	161	37116.9
S000004687	YMR082C	S. cerevisiae					14105.8
S000004688	YMR083W	S. cerevisiae	ADH3	Alcohol DeHydrogenase	13761	10173	40375
S000004689	YMR084W	S. cerevisiae			16168		29265.5
S000004690	YMR085W	S. cerevisiae			1141		48497.7
S000004691	YMR086C-A	S. cerevisiae					13411.3
S000004692	YMR086W	S. cerevisiae	SEG1	Stability of Eisosomes Guaranteed	3552	1248	105918.6
S000004693	YMR087W	S. cerevisiae	PDL32	Protein of Dual Localization of 32 kDa	1537	840	32067.6
S000004694	YMR088C	S. cerevisiae	VBA1	Vacuolar Basic Amino acid transporter	673	467	62649.9
S000004695	YMR089C	S. cerevisiae	YTA12	Yeast Tat-binding Analog	4411	1359	93277.3
S000004696	YMR090W	S. cerevisiae			6747	5221	24880.7
S000004697	YMR091C	S. cerevisiae	NPL6	Nuclear Protein Localization	4140	878	49623
S000004698	YMR092C	S. cerevisiae	AIP1	Actin Interacting Protein	12185	1527	67310
S000004699	YMR093W	S. cerevisiae	UTP15	U Three Protein	4501	1186	57700.2
S000004700	YMR094W	S. cerevisiae	CTF13	Chromosome Transmission Fidelity	724	224	56349.6
S000004701	YMR095C	S. cerevisiae	SNO1	SNZ proximal Open reading frame	4175	3283	24905.9
S000004702	YMR096W	S. cerevisiae	SNZ1	SNooZe	8035	4227	31809.2
S000004703	YMR097C	S. cerevisiae	MTG1	MiTochondrial GTPase	1665	646	42159.1
S000004704	YMR098C	S. cerevisiae	ATP25	ATPase	1522	384	70432.6
S000004705	YMR099C	S. cerevisiae			13988	9039	33949.1
S000004706	YMR100W	S. cerevisiae	MUB1	MUlti Budding	193	126	72248.4
S000004707	YMR101C	S. cerevisiae	SRT1	Suppressor of Rer-Two	28336		40216.5
S000004708	YMR102C	S. cerevisiae	LAF1	Lam2/Ltc4-Associated Factor	1567	887	94266.7
S000004709	YMR103C	S. cerevisiae					13274
S000004710	YMR104C	S. cerevisiae	YPK2	Yeast Protein Kinase	1708	883	76665.1
S000004711	YMR105C	S. cerevisiae	PGM2	PhosphoGlucoMutase	21225	17383	63084
S000004712	YMR106C	S. cerevisiae	YKU80	Yeast KU protein	1548	453	71222.7
S000004713	YMR107W	S. cerevisiae	SPG4	Stationary Phase Gene	2093	1148	13179.7
S000004714	YMR108W	S. cerevisiae	ILV2	IsoLeucine-plus-Valine requiring	32177	15704	74941.7
S000004715	YMR109W	S. cerevisiae	MYO5	MYOsin	5766	1809	136933.2
S000004716	YMR110C	S. cerevisiae	HFD1	Homolog of Fatty aldehyde Dehydrogenase	4333	1193	59975.4
S000004717	YMR111C	S. cerevisiae	EUC1	Enriches Ubiquitin on Chromatin	238	200	52368.9
S000004718	YMR112C	S. cerevisiae	MED11	MEDiator complex	2980	904	15166.4
S000004719	YMR113W	S. cerevisiae	FOL3	FOLic acid synthesis	2609	370	47847.7
S000004720	YMR114C	S. cerevisiae			928	312	42902.9
S000004721	YMR115W	S. cerevisiae	MGR3	Mitochondrial Genome Required	2329	1111	58008.5
S000004722	YMR116C	S. cerevisiae	ASC1	Absence of growth Suppressor of Cyp1	103354	58958	34800.6
S000004723	YMR117C	S. cerevisiae	SPC24	Spindle Pole Component	2103	971	24591.9
S000004724	YMR118C	S. cerevisiae	SHH3	SDH3 Homolog			22317.2
S000004725	YMR119W	S. cerevisiae	ASI1	Amino acid Sensor-Independent	411	359	71435.6
S000004726	YMR119W-A	S. cerevisiae					14516.7
S000004727	YMR120C	S. cerevisiae	ADE17	ADEnine	40292	27032	65257.9
S000004728	YMR121C	S. cerevisiae	RPL15B	Ribosomal Protein of the Large subunit	2605	623	24463.9
S000004729	YMR122C	S. cerevisiae					14160.1
S000004730	YMR123W	S. cerevisiae	PKR1	Pichia farinosa Killer toxin Resistance	7210	1653	13961.1
S000004731	YMR124W	S. cerevisiae	EPO1	Endoplasmic reticulum POlarization	3212	2310	105911.3
S000004732	YMR125W	S. cerevisiae	STO1	Suppressor of TOp1	6205	1169	99979.9
S000004733	YMR126C	S. cerevisiae	DLT1	Defect at Low Temperature	1200		39186.2
S000004734	YMR127C	S. cerevisiae	SAS2	Something About Silencing	978	389	39223.9
S000004735	YMR128W	S. cerevisiae	ECM16	ExtraCellular Mutant	4433	1388	144939.1
S000004736	YMR129W	S. cerevisiae	POM152	POre Membrane	5192	3118	151642.6
S000004737	YMR130W	S. cerevisiae	DPI35	Delta-Psi dependent mitochondrial Import protein of 35 kDa	3649	1166	35273.6
S000004738	YMR131C	S. cerevisiae	RRB1	Regulator of Ribosome Biogenesis	8238	3167	57216.5
S000004739	YMR132C	S. cerevisiae	JLP2	dnaJ-Like Protein	1700	861	24673.7
S000004740	YMR133W	S. cerevisiae	REC114	RECombination			48719.1
S000004741	YMR134W	S. cerevisiae	ERG29	ERGosterol biosynthesis	2886	629	27911.3
S000004742	YMR135C	S. cerevisiae	GID8	Glucose Induced Degradation deficient	1784	927	51728.9
S000004743	YMR135W-A	S. cerevisiae					20406.3
S000004744	YMR136W	S. cerevisiae	GAT2				63145.8
S000004745	YMR137C	S. cerevisiae	PSO2	PSOralen derivative sensitive	595	458	76402.8
S000004746	YMR138W	S. cerevisiae	CIN4	Chromosome INstability	1143	675	22064
S000004747	YMR139W	S. cerevisiae	RIM11	Regulator of IME2	2795	564	42999.9
S000004748	YMR140W	S. cerevisiae	SIP5	Snf1 Interacting Protein	2522	510	55862.2
S000004749	YMR141C	S. cerevisiae			1282		12116.5
S000004750	YMR142C	S. cerevisiae	RPL13B	Ribosomal Protein of the Large subunit	47410	8017	22550.5
S000004751	YMR143W	S. cerevisiae	RPS16A	Ribosomal Protein of the Small subunit	54006	9362	15863.7
S000004752	YMR144W	S. cerevisiae	FDO1	Forkhead one interacting protein involved in DOnor preference	1563	316	38569.9
S000004753	YMR145C	S. cerevisiae	NDE1	"NADH Dehydrogenase, External"	9235	4090	62789.8
S000004754	YMR146C	S. cerevisiae	TIF34	Translation Initiation Factor	17836	6928	38742.7
S000004755	YMR147W	S. cerevisiae	LDO45	Lipid Droplet Organization protein of 45 Kda	2077	1157	46676.82
S000004756	YMR148W	S. cerevisiae	LDO16	LD Organization protein of 16kD	3383	866	16387.3
S000004757	YMR149W	S. cerevisiae	SWP1	Suppressor of a WbP1 mutation	8573	2221	31652.1
S000004758	YMR150C	S. cerevisiae	IMP1	Inner Membrane Protease	1395	526	21432.9
S000004759	YMR151W	S. cerevisiae	YIM2				16858.5
S000004760	YMR152W	S. cerevisiae	YIM1		3986	992	41638.6
S000004761	YMR153C-A	S. cerevisiae					12889.1
S000004762	YMR153W	S. cerevisiae	NUP53	NUclear Pore	3648	1607	52634.5
S000004763	YMR154C	S. cerevisiae	RIM13	Regulator of IME2	432	21	83118.6
S000004764	YMR155W	S. cerevisiae			579	548	60049.5
S000004765	YMR156C	S. cerevisiae	TPP1	Three Prime Phosphatase	1243	793	27388.5
S000004766	YMR157C	S. cerevisiae	AIM36	Altered Inheritance rate of Mitochondria	2524	814	29089.1
S000004767	YMR158W	S. cerevisiae	MRPS8	"Mitochondrial Ribosomal Protein, Small subunit"	3622	1939	17481.9
S000004768	YMR158W-B	S. cerevisiae					11983.3
S000004769	YMR159C	S. cerevisiae	ATG16	AuTophaGy related	1478	676	17220.7
S000004770	YMR160W	S. cerevisiae			1185	357	95092.6
S000004771	YMR161W	S. cerevisiae	HLJ1	HomoLogous to E. coli dnaJ protein	2774	915	25012.5
S000004772	YMR162C	S. cerevisiae	DNF3	Drs2 Neo1 Family	812	647	188309.3
S000004773	YMR163C	S. cerevisiae	INP2	INheritance of Peroxisomes	1323	587	81483.7
S000004774	YMR164C	S. cerevisiae	MSS11	Multicopy Suppressor of STA genes	490	234	85051.3
S000004775	YMR165C	S. cerevisiae	PAH1	Phosphatidic Acid phosphoHydrolase	2607	879	94989.7
S000004776	YMR166C	S. cerevisiae	MME1	Mitochondrial Magnesium Exporter	1351	709	40999.9
S000004777	YMR167W	S. cerevisiae	MLH1	MutL Homolog	1412	603	87060.3
S000004778	YMR168C	S. cerevisiae	CEP3	CEntromere Protein	1292	622	71350.7
S000004779	YMR169C	S. cerevisiae	ALD3	ALdehyde Dehydrogenase	5334	3406	55379.7
S000004780	YMR170C	S. cerevisiae	ALD2	ALdehyde Dehydrogenase	4738	2919	55181.2
S000004781	YMR171C	S. cerevisiae	EAR1	Endosomal Adaptor of Rsp5p	2046	708	62495.5
S000004782	YMR172C-A	S. cerevisiae					14524.6
S000004783	YMR172W	S. cerevisiae	HOT1	High-Osmolarity-induced Transcription	573	479	79418.1
S000004784	YMR173W	S. cerevisiae	DDR48	DNA Damage Responsive	10661	3423	46207.7
S000004785	YMR173W-A	S. cerevisiae					43919.5
S000004786	YMR174C	S. cerevisiae	PAI3	Proteinase A Inhibitor	3787	1418	7707.6
S000004787	YMR175W	S. cerevisiae	SIP18	Salt Induced Protein	2300	60	8875.1
S000004788	YMR176W	S. cerevisiae	ECM5	ExtraCellular Mutant	276	127	162692.2
S000004789	YMR177W	S. cerevisiae	MMT1	Mitochondrial Metal Transporter	1217	651	56204.9
S000004790	YMR178W	S. cerevisiae	FPY1	FAD PYrophosphatase	6428	3115	31139
S000004791	YMR179W	S. cerevisiae	SPT21	SuPpressor of Ty	319	58	84685.1
S000004792	YMR180C	S. cerevisiae	CTL1	Capping enzyme mRNA Triphosphatase-Like	379	363	36994.8
S000004793	YMR181C	S. cerevisiae			1378	657	17596.6
S000004794	YMR182C	S. cerevisiae	RGM1		1601	969	23865.6
S000004795	YMR183C	S. cerevisiae	SSO2	Supressor of Sec One	9726	3883	33716.9
S000004796	YMR184W	S. cerevisiae	ADD37	Alpha1-proteinase inhibitor-Degradation Deficient	2292	1094	22117.9
S000004797	YMR185W	S. cerevisiae	RTP1	Required for the nuclear Transport of RNA Pol II	1405	333	113210.6
S000004798	YMR186W	S. cerevisiae	HSC82		134828	101302	80858
S000004799	YMR187C	S. cerevisiae			15		50305.4
S000004800	YMR188C	S. cerevisiae	MRPS17	"Mitochondrial Ribosomal Protein, Small subunit"	3609	668	27645.3
S000004801	YMR189W	S. cerevisiae	GCV2	GlyCine cleaVage	8754	3355	114448.5
S000004802	YMR190C	S. cerevisiae	SGS1	Slow Growth Suppressor	120	115	163817.2
S000004803	YMR191W	S. cerevisiae	SPG5	Stationary Phase Gene	3		42174.5
S000004804	YMR192W	S. cerevisiae	GYL1	GYp Like	2814	482	82108.1
S000004805	YMR193C-A	S. cerevisiae					15365.2
S000004806	YMR193W	S. cerevisiae	MRPL24	"Mitochondrial Ribosomal Protein, Large subunit"	3176	1059	30079.7
S000004807	YMR194W	S. cerevisiae	RPL36A	Ribosomal Protein of the Large subunit	29505	7835	11144.5
S000004808	YMR195W	S. cerevisiae	ICY1	Interacting with the CYtoskeleton	2622	375	14328.7
S000004809	YMR196W	S. cerevisiae			3828	2376	126588.1
S000004810	YMR197C	S. cerevisiae	VTI1	Vps10 (Ten) Interacting	5527	1747	24667.3
S000004811	YMR198W	S. cerevisiae	CIK1	Chromosome Instability and Karyogamy	1091	693	69062.5
S000004812	YMR199W	S. cerevisiae	CLN1	CycLiN	796	477	62038.2
S000004813	YMR200W	S. cerevisiae	ROT1	Reversal Of Tor2 lethality	6860	2449	28904.7
S000004814	YMR201C	S. cerevisiae	RAD14	RADiation sensitive	1030	169	43037.9
S000004815	YMR202W	S. cerevisiae	ERG2	ERGosterol biosynthesis	4243	2141	24888.7
S000004816	YMR203W	S. cerevisiae	TOM40	Translocase of the Outer Mitochondrial membrane	14871	2357	42032.8
S000004817	YMR204C	S. cerevisiae	INP1	INheritance of Peroxisomes	1060	562	47318.2
S000004818	YMR205C	S. cerevisiae	PFK2	PhosphoFructoKinase	50861	27833	104610.9
S000004819	YMR206W	S. cerevisiae					35025.2
S000004820	YMR207C	S. cerevisiae	HFA1		433	306	241795.9
S000004821	YMR208W	S. cerevisiae	ERG12	ERGosterol biosynthesis	5083	2395	48447.9
S000004822	YMR209C	S. cerevisiae			2161	191	52246.4
S000004823	YMR210W	S. cerevisiae	MGL2	MonoacylGlycerol Lipase	1520	617	51443.2
S000004824	YMR211W	S. cerevisiae	DML1	Drosophila melanogaster Misato-Like protein	948	339	55291.6
S000004825	YMR212C	S. cerevisiae	EFR3	PHO Eighty Five Requiring	3333	1026	89191.6
S000004826	YMR213W	S. cerevisiae	CEF1	CErevisiae homolog of cdc Five	1168	384	67734.7
S000004827	YMR214W	S. cerevisiae	SCJ1	S. Cerevisiae DnaJ	3626	1693	41543.9
S000004828	YMR215W	S. cerevisiae	GAS3	Glycophospholipid-Anchored Surface protein	5101	2039	56773.8
S000004829	YMR216C	S. cerevisiae	SKY1	SRPK1-like Kinase in Yeast	3135	420	83221.5
S000004830	YMR217W	S. cerevisiae	GUA1	GUanine Auxotroph	34683	11259	58473.7
S000004831	YMR218C	S. cerevisiae	TRS130	TRapp Subunit	1131	766	128115.5
S000004832	YMR219W	S. cerevisiae	ESC1	Establishes Silent Chromatin	2041	889	186922.4
S000004833	YMR220W	S. cerevisiae	ERG8	ERGosterol biosynthesis	4868	1644	50447.3
S000004834	YMR221C	S. cerevisiae	FMP42	Found in Mitochondrial Proteome	2037	394	56177.1
S000004835	YMR222C	S. cerevisiae	FSH2	Family of Serine Hydrolases	3763	1300	24520.6
S000004836	YMR223W	S. cerevisiae	UBP8	UBiquitin-specific processing Protease	1597	429	53626.1
S000004837	YMR224C	S. cerevisiae	MRE11	Meiotic REcombination	888	400	77633.3
S000004838	YMR225C	S. cerevisiae	MRPL44	"Mitochondrial Ribosomal Protein, Large subunit"	2207	1312	11481.6
S000004839	YMR226C	S. cerevisiae			17664	12389	29157.7
S000004840	YMR227C	S. cerevisiae	TAF7	TATA binding protein-Associated Factor	1510	429	67476.5
S000004841	YMR228W	S. cerevisiae	MTF1	Mitochondrial Transcription Factor	2799	1837	39724.1
S000004842	YMR229C	S. cerevisiae	RRP5	Ribosomal RNA Processing	13399	3967	193111
S000004843	YMR230W	S. cerevisiae	RPS10B	Ribosomal Protein of the Small subunit	45312	10450	12741.6
S000004844	YMR231W	S. cerevisiae	PEP5	carboxyPEPtidase Y-deficient	2031	353	117455.4
S000004845	YMR232W	S. cerevisiae	FUS2	cell FUSion	3183	2896	79053
S000004846	YMR233W	S. cerevisiae	TRI1		1982	378	26480.1
S000004847	YMR234W	S. cerevisiae	RNH1	RNase H	1201	456	39446.6
S000004848	YMR235C	S. cerevisiae	RNA1	rapid cessation of net RNA accumulation	18167	3619	45774.9
S000004849	YMR236W	S. cerevisiae	TAF9	TATA binding protein-Associated Factor	4762	1594	17312.8
S000004850	YMR237W	S. cerevisiae	BCH1	Bud7 and Chs6 Homolog	4430	840	82026.3
S000004851	YMR238W	S. cerevisiae	DFG5	Defective for Filamentous Growth	3152	935	50520
S000004852	YMR239C	S. cerevisiae	RNT1	RNase Three	2512	731	54075.3
S000004853	YMR240C	S. cerevisiae	CUS1	Cold sensitive U2 snRNA Suppressor	1830	740	50258.5
S000004854	YMR241W	S. cerevisiae	YHM2	Yeast suppressor of HM mutant	13593	3251	34203.1
S000004855	YMR242C	S. cerevisiae	RPL20A	Ribosomal Protein of the Large subunit	54568	10247	20457.1
S000004856	YMR243C	S. cerevisiae	ZRC1	Zinc Resistance Conferring	7349	3301	48330.3
S000004857	YMR244C-A	S. cerevisiae	COA6	Cytochrome Oxidase Assembly	3202	533	12450.3
S000004858	YMR244W	S. cerevisiae			1244		37376
S000004859	YMR245W	S. cerevisiae					23202.1
S000004860	YMR246W	S. cerevisiae	FAA4	Fatty Acid Activation	17682	6606	77260.8
S000004861	YMR247C	S. cerevisiae	RKR1	RING domain mutant Killed by Rtf1 deletion	2558	1665	180155.4
S000004862	YMR250W	S. cerevisiae	GAD1	GlutAmate Decarboxylase	5838	2014	65979.6
S000004863	YMR251W	S. cerevisiae	GTO3	Glutathione Transferase Omega-like	912	241	42403.3
S000004864	YMR251W-A	S. cerevisiae	HOR7	HyperOsmolarity-Responsive	16542	14753	5576.5
S000004865	YMR252C	S. cerevisiae	MLO1	Mitochondrially LOcalized protein	803	631	15644.1
S000004866	YMR253C	S. cerevisiae			2736	1222	46663
S000004867	YMR254C	S. cerevisiae					11819.3
S000004868	YMR255W	S. cerevisiae	GFD1	Good For Dbp5p	2830	593	21584.8
S000004869	YMR256C	S. cerevisiae	COX7	Cytochrome c OXidase	4869	555	6941.5
S000004870	YMR257C	S. cerevisiae	PET111	PETite colonies	538		94540.1
S000004871	YMR258C	S. cerevisiae	ROY1	Repressor Of Ypt52	1714	1097	64396.5
S000004872	YMR259C	S. cerevisiae	TRM732	Transfer RNA Methyltransferase	2995	623	163565.5
S000004873	YMR260C	S. cerevisiae	TIF11	Translation Initiation Factor	21045	5618	17423.3
S000004874	YMR261C	S. cerevisiae	TPS3	Trehalose Phosphate Synthase	9965	3803	118818.2
S000004875	YMR262W	S. cerevisiae			1160	623	36028.2
S000004876	YMR263W	S. cerevisiae	SAP30	Sin3-Associated Polypeptide	2233	815	23037.7
S000004877	YMR264W	S. cerevisiae	CUE1	Coupling of Ubiquitin conjugation to ER degradation	3719	2487	22760.9
S000004878	YMR265C	S. cerevisiae			1283	774	54119.9
S000004879	YMR266W	S. cerevisiae	RSN1	Rescue of Sro7 at high Nacl	4002	1557	107682.2
S000004880	YMR267W	S. cerevisiae	PPA2	PyroPhosphatAse	3463	1529	35572.9
S000004881	YMR268C	S. cerevisiae	PRP24	Pre-mRNA Processing	1688	1206	50865.4
S000004882	YMR269W	S. cerevisiae	TMA23	Translation Machinery Associated	2965	387	23981.8
S000004883	YMR270C	S. cerevisiae	RRN9	Regulation of RNA polymerase I	589	327	42797.6
S000004884	YMR271C	S. cerevisiae	URA10	URAcil requiring	936	217	24813.8
S000004885	YMR272C	S. cerevisiae	SCS7	Suppressor of Ca2+ Sensitivity	3771	740	44871.7
S000004886	YMR273C	S. cerevisiae	ZDS1	Zillion Different Screens	1162	880	103343.8
S000004887	YMR274C	S. cerevisiae	RCE1	Ras and a-factor Converting Enzyme			35918.6
S000004888	YMR275C	S. cerevisiae	BUL1	Binds Ubiquitin Ligase	2774	1011	109187.7
S000004889	YMR276W	S. cerevisiae	DSK2	Dominant Suppressor of kar1	6259	3581	39334.2
S000004890	YMR277W	S. cerevisiae	FCP1	tfiiF-associating component of Ctd Phosphatase	2460	457	83380.5
S000004891	YMR278W	S. cerevisiae	PRM15	Phospho Ribo Mutase	5217	1320	71056.6
S000004892	YMR279C	S. cerevisiae	ATR2	AminoTriazole Resistance	1144		59565.2
S000004893	YMR280C	S. cerevisiae	CAT8	CATabolite repression	827	313	160514.8
S000004894	YMR281W	S. cerevisiae	GPI12	GlycosylPhosphatidylInositol anchor biosynthesis	1370	386	35451.3
S000004895	YMR282C	S. cerevisiae	AEP2	ATPase ExPression	1588	1092	67554.4
S000004896	YMR283C	S. cerevisiae	RIT1	Ribosylation of Initiator tRNA	1472	794	58883.2
S000004897	YMR284W	S. cerevisiae	YKU70	Yeast KU protein	1273	329	70642
S000004898	YMR285C	S. cerevisiae	NGL2		3570	1959	59542.3
S000004899	YMR286W	S. cerevisiae	MRPL33	"Mitochondrial Ribosomal Protein, Large subunit"	3405	1167	9540.4
S000004900	YMR287C	S. cerevisiae	DSS1	Deletion of SUV3 Supressor	1400	485	110844.4
S000004901	YMR288W	S. cerevisiae	HSH155	Human Sap Homolog	2086	1365	110026
S000004902	YMR289W	S. cerevisiae	ABZ2	para-AminoBenZoic acid (PABA) biosynthesis	1654	518	42634.3
S000004903	YMR290C	S. cerevisiae	HAS1	Helicase Associated with Set1	11279	1402	56734.2
S000004904	YMR290W-A	S. cerevisiae					12861.2
S000004905	YMR291W	S. cerevisiae	TDA1	Topoisomerase I Damage Affected	5299	1876	66216.5
S000004906	YMR292W	S. cerevisiae	GOT1	GOlgi Transport	3785	637	15436.8
S000004907	YMR293C	S. cerevisiae	HER2	Hmg2p ER Remodeling	1463	977	50925.1
S000004908	YMR294W	S. cerevisiae	JNM1	Just Nuclear Migration	1110	203	43586.5
S000004909	YMR294W-A	S. cerevisiae					13854.1
S000004910	YMR295C	S. cerevisiae			6876	3283	22178
S000004911	YMR296C	S. cerevisiae	LCB1	Long-Chain Base	9391	2462	62198.6
S000004912	YMR297W	S. cerevisiae	PRC1	PRoteinase C	8228	5040	59767.3
S000004913	YMR298W	S. cerevisiae	LIP1	Lag1p/Lac1p Interacting Protein	2975	1290	17204.8
S000004914	YMR299C	S. cerevisiae	DYN3	DYNein	1018	225	36810
S000004915	YMR300C	S. cerevisiae	ADE4	ADEnine requiring	11336	5602	56713
S000004916	YMR301C	S. cerevisiae	ATM1	"ABC Transporter, Mitochondrial"	2092	820	77546.2
S000004917	YMR302C	S. cerevisiae	YME2	Yeast Mitochondrial Escape	4586	861	96700.7
S000004918	YMR303C	S. cerevisiae	ADH2	Alcohol DeHydrogenase	2376	1478	36728.3
S000004919	YMR304C-A	S. cerevisiae					13477.3
S000004920	YMR304W	S. cerevisiae	UBP15	UBiquitin-specific Protease	3426	911	143499.4
S000004921	YMR305C	S. cerevisiae	SCW10	Soluble Cell Wall protein	6321	4003	40451.4
S000004922	YMR306C-A	S. cerevisiae					14339.4
S000004923	YMR306W	S. cerevisiae	FKS3	FK506 Sensitivity	1106		207493.9
S000004924	YMR307W	S. cerevisiae	GAS1	Glycophospholipid-Anchored Surface protein	23296	9082	59559.8
S000004925	YMR308C	S. cerevisiae	PSE1	Protein Secretion Enhancer	8125	1774	120969.1
S000004926	YMR309C	S. cerevisiae	NIP1	Nuclear ImPort	27447	11099	93169
S000004927	YMR310C	S. cerevisiae			1919	918	35867.8
S000004928	YMR311C	S. cerevisiae	GLC8	GLyCogen	7172	377	26623.1
S000004929	YMR312W	S. cerevisiae	ELP6	ELongator Protein	2443	836	30570
S000004930	YMR313C	S. cerevisiae	TGL3	TriacylGlycerol Lipase	2339	842	73621.3
S000004931	YMR314W	S. cerevisiae	PRE5	PRoteinase yscE	19340	4428	25604.3
S000004932	YMR315W	S. cerevisiae			13526	6761	38211.8
S000004933	YMR316C-A	S. cerevisiae					12416.8
S000004934	YMR316C-B	S. cerevisiae					11201.1
S000004935	YMR316W	S. cerevisiae	DIA1	Digs Into Agar	1748	994	38766.8
S000004936	YMR317W	S. cerevisiae					113165.6
S000004937	YMR318C	S. cerevisiae	ADH6	Alcohol DeHydrogenase	14717	6098	39613.9
S000004938	YMR319C	S. cerevisiae	FET4	FErrous Transport	627	54	62778.5
S000004939	YMR320W	S. cerevisiae					11829.6
S000004940	YMR321C	S. cerevisiae			15395		11621.4
S000004941	YMR322C	S. cerevisiae	SNO4	SNZ proximal Open reading frame	359	176	26040.8
S000004942	YMR323W	S. cerevisiae	ERR3	Enolase-Related Repeat	2151	160	47299
S000004943	YMR324C	S. cerevisiae					8978.6
S000004944	YMR325W	S. cerevisiae	PAU19	seriPAUperin	1193		13171.2
S000004945	YMR326C	S. cerevisiae					11706.1
S000004946	YNL001W	S. cerevisiae	DOM34	Duplication Of Multilocus region	4837	967	44050.1
S000004947	YNL002C	S. cerevisiae	RLP7	Ribosomal-Like Protein	8065	879	36570.5
S000004948	YNL003C	S. cerevisiae	PET8	PETite colonies	1589	1001	31040.3
S000004949	YNL004W	S. cerevisiae	HRB1	Hypothetical RNA-Binding protein	5191	1126	52142.6
S000004950	YNL005C	S. cerevisiae	MRP7	Mitochondrial Ribosomal Protein	4855	1024	43253.3
S000004951	YNL006W	S. cerevisiae	LST8	Lethal with Sec Thirteen	2208	1122	34026.3
S000004952	YNL007C	S. cerevisiae	SIS1	SIt4 Suppressor	28050	5749	37595.5
S000004953	YNL008C	S. cerevisiae	ASI3	Amino acid Sensor-Independent	289	181	77643.9
S000004954	YNL009W	S. cerevisiae	IDP3	"Isocitrate Dehydrogenase, NADP-dependent"	1496	787	47868
S000004955	YNL010W	S. cerevisiae	PYP1	PolYol Phosphatase	14573	8581	27472.7
S000004956	YNL011C	S. cerevisiae			1364	407	49897.7
S000004957	YNL012W	S. cerevisiae	SPO1	SPOrulation			72192.7
S000004958	YNL013C	S. cerevisiae					14984.1
S000004959	YNL014W	S. cerevisiae	HEF3	Homolog of EF-3	2742	2451	115852.8
S000004960	YNL015W	S. cerevisiae	PBI2	Proteinase B Inhibitor	14365	7456	8587.9
S000004961	YNL016W	S. cerevisiae	PUB1	PolyUridylate Binding	22861	7024	50748.6
S000004962	YNL017C	S. cerevisiae					12547
S000004963	YNL018C	S. cerevisiae			606		69548.5
S000004964	YNL019C	S. cerevisiae					31323.3
S000004965	YNL020C	S. cerevisiae	ARK1	Actin Regulating Kinase	1590	332	71382
S000004966	YNL021W	S. cerevisiae	HDA1	Histone DeAcetylase	2257	433	80044.6
S000004967	YNL022C	S. cerevisiae	RCM1		1539	847	56189.8
S000004968	YNL023C	S. cerevisiae	FAP1	FKBP12-Associated Protein	1091	649	108515.1
S000004969	YNL024C	S. cerevisiae	EFM6	Elongation Factor Methyltransferase	1448	376	27733.4
S000004970	YNL025C	S. cerevisiae	SSN8	Suppressor of SNf1	707	643	37789
S000004971	YNL026W	S. cerevisiae	SAM50	Sorting and Assembly Machinery	3193	1349	54411.6
S000004972	YNL027W	S. cerevisiae	CRZ1	Calcineurin-Responsive Zinc finger	2519	553	76289.9
S000004973	YNL028W	S. cerevisiae					12458.5
S000004974	YNL029C	S. cerevisiae	KTR5	Kre Two Related	523	73	61710.3
S000004975	YNL030W	S. cerevisiae	HHF2	Histone H Four	68836	41134	11386.6
S000004976	YNL031C	S. cerevisiae	HHT2	Histone H Three	13263	9333	15378.3
S000004977	YNL032W	S. cerevisiae	SIW14	Synthetic Interaction with Whi2	2266	701	32743.4
S000004978	YNL033W	S. cerevisiae			807	411	31383.4
S000004979	YNL034W	S. cerevisiae					69368.2
S000004980	YNL035C	S. cerevisiae			2758	1018	43829.7
S000004981	YNL036W	S. cerevisiae	NCE103	NonClassical Export	6736	4393	24857.5
S000004982	YNL037C	S. cerevisiae	IDH1	Isocitrate DeHydrogenase	12930	5858	39328.5
S000004983	YNL038W	S. cerevisiae	GPI15	GlycosylPhosphatidylInositol anchor biosynthesis	15		26834.1
S000004984	YNL039W	S. cerevisiae	BDP1	B Double Prime	2215	472	67685.7
S000004985	YNL040W	S. cerevisiae			2996	1163	50959.6
S000004986	YNL041C	S. cerevisiae	COG6	Conserved Oligomeric Golgi complex	2524	895	96952.5
S000004987	YNL042W	S. cerevisiae	BOP3	Bypass Of Pam1	1204	175	43762.7
S000004988	YNL043C	S. cerevisiae					11309
S000004989	YNL044W	S. cerevisiae	YIP3	Ypt-Interacting Protein	11541	4094	19413.8
S000004990	YNL045W	S. cerevisiae	LAP2	Leucine AminoPeptidases	5528	1835	77343.3
S000004991	YNL046W	S. cerevisiae			1475	492	19364.8
S000004992	YNL047C	S. cerevisiae	SLM2	Synthetic Lethal with Mss4	873	385	74792.1
S000004993	YNL048W	S. cerevisiae	ALG11	Asparagine-Linked Glycosylation	2867	733	63156.8
S000004994	YNL049C	S. cerevisiae	SFB2	Sed Five Binding	4146	1219	98919.4
S000004995	YNL050C	S. cerevisiae			3569	567	31437.6
S000004996	YNL051W	S. cerevisiae	COG5	Conserved Oligomeric Golgi complex	2271	702	45609.9
S000004997	YNL052W	S. cerevisiae	COX5A	Cytochrome c OXidase	3670	1304	17147.8
S000004998	YNL053W	S. cerevisiae	MSG5	Multicopy Suppressor of GPA1	1702	921	54216.1
S000004999	YNL054W	S. cerevisiae	VAC7	VACuolar segregation	985	573	128109.1
S000005000	YNL055C	S. cerevisiae	POR1	PORin	21873	16504	30429.8
S000005001	YNL056W	S. cerevisiae	OCA2	Oxidant-induced Cell cycle Arrest	2579	1498	22469
S000005002	YNL057W	S. cerevisiae					11616.2
S000005003	YNL058C	S. cerevisiae			1431	504	35045.4
S000005004	YNL059C	S. cerevisiae	ARP5	Actin-Related Protein	3202	826	87536.1
S000005005	YNL061W	S. cerevisiae	NOP2	NucleOlar Protein	12109	3630	69780.8
S000005006	YNL062C	S. cerevisiae	GCD10	General Control Derepressed	3876	664	54389.9
S000005007	YNL063W	S. cerevisiae	MTQ1	Methyltransferase	490	456	35886.3
S000005008	YNL064C	S. cerevisiae	YDJ1	Yeast dnaJ	41251	16052	44666.2
S000005009	YNL065W	S. cerevisiae	AQR1	Acids Quinidine Resistance	1755	1021	65311
S000005010	YNL066W	S. cerevisiae	SUN4	Sim1 Uth1 Nca3	2664	1147	43417.4
S000005011	YNL067W	S. cerevisiae	RPL9B	Ribosomal Protein of the Large subunit	64276	58892	21667.5
S000005012	YNL068C	S. cerevisiae	FKH2	ForK head Homolog	1507	808	94390.9
S000005013	YNL069C	S. cerevisiae	RPL16B	Ribosomal Protein of the Large subunit	53398	28630	22277.6
S000005014	YNL070W	S. cerevisiae	TOM7	Translocase of the Outer Mitochondrial membrane	5631	2854	6871
S000005015	YNL071W	S. cerevisiae	LAT1		6585	3461	51819.7
S000005016	YNL072W	S. cerevisiae	RNH201	RNase H	1360	809	34881.5
S000005017	YNL073W	S. cerevisiae	MSK1	"Mitochondrial aminoacyl-tRNA Synthetase, lysine (K)"	1987	598	66141
S000005018	YNL074C	S. cerevisiae	MLF3	Multicopy suppressor of LeFlunomide sensitivity	1893	540	49211.9
S000005019	YNL075W	S. cerevisiae	IMP4	Interacting with Mpp10p	5082	1222	33487.6
S000005020	YNL076W	S. cerevisiae	MKS1	Multicopy Kinase Suppressor	1914	889	65656.6
S000005021	YNL077W	S. cerevisiae	APJ1	Anti-Prion DnaJ	1068	943	58886.7
S000005022	YNL078W	S. cerevisiae	NIS1	Neck protein Interacting with Septins	701	432	45928.3
S000005023	YNL079C	S. cerevisiae	TPM1	TroPoMyosin	29745	11551	23515.8
S000005024	YNL080C	S. cerevisiae	EOS1	ER-localized and Oxidants Sensitive	937	729	41666.1
S000005025	YNL081C	S. cerevisiae	SWS2	Sick Without Securin	2875	677	16106.3
S000005026	YNL082W	S. cerevisiae	PMS1	PostMeiotic Segregation	648	361	99343.3
S000005027	YNL083W	S. cerevisiae	SAL1	Suppressor of Aac2 Lethality	1381	165	55763.6
S000005028	YNL084C	S. cerevisiae	END3	ENDocytosis defective	4507	1387	40289.8
S000005029	YNL085W	S. cerevisiae	MKT1	Maintenance of K2 Killer Toxin	4097	2103	94478.1
S000005030	YNL086W	S. cerevisiae	SNN1	SNapiN	10085	9314	11459.2
S000005031	YNL087W	S. cerevisiae	TCB2	Three Calcium and lipid Binding domains (TriCalBins)	5242	1669	132520.4
S000005032	YNL088W	S. cerevisiae	TOP2	TOPoisomerase	3960	1592	164211.2
S000005033	YNL089C	S. cerevisiae					17126
S000005034	YNL090W	S. cerevisiae	RHO2	Ras HOmolog	3141	590	21475
S000005035	YNL091W	S. cerevisiae	NST1	Negatively affects Salt Tolerance	2300	1027	141462.4
S000005036	YNL092W	S. cerevisiae			952		45489.2
S000005037	YNL093W	S. cerevisiae	YPT53	Yeast Protein Two	1177	430	24640
S000005038	YNL094W	S. cerevisiae	APP1	Actin Patch Protein	1068	730	66128
S000005039	YNL095C	S. cerevisiae			1575	1365	71197.2
S000005040	YNL096C	S. cerevisiae	RPS7B	Ribosomal Protein of the Small subunit	54294	12269	21646.6
S000005041	YNL097C	S. cerevisiae	PHO23	PHOsphate metabolism	1688	627	37026
S000005042	YNL098C	S. cerevisiae	RAS2	homologous to RAS proto-oncogene	14938	3692	34705.7
S000005043	YNL099C	S. cerevisiae	OCA1	Oxidant-induced Cell-cycle Arrest	2030	702	27178.4
S000005044	YNL100W	S. cerevisiae	MIC27	MItochondrial contact site and Cristae organizing system	2544	869	26968.1
S000005045	YNL101W	S. cerevisiae	AVT4	Amino acid Vacuolar Transport	1494	281	80040.6
S000005046	YNL102W	S. cerevisiae	POL1	POLymerase	2368	1267	166794.4
S000005047	YNL103W	S. cerevisiae	MET4	METhionine requiring	1907	1021	74275.2
S000005048	YNL104C	S. cerevisiae	LEU4	LEUcine biosynthesis	13156	6526	68398.6
S000005049	YNL105W	S. cerevisiae	RRT16	Regulator of rDNA Transcription			16170.5
S000005050	YNL106C	S. cerevisiae	INP52	INositol polyphosphate 5-Phosphatase	1528	437	133346.6
S000005051	YNL107W	S. cerevisiae	YAF9	Yeast homolog of the human leukemogenic protein AF9	1257	638	25972.4
S000005052	YNL108C	S. cerevisiae			3675	1573	30741.3
S000005053	YNL109W	S. cerevisiae					19719.5
S000005054	YNL110C	S. cerevisiae	NOP15	NucleOlar Protein	7341	1527	25455.4
S000005055	YNL111C	S. cerevisiae	CYB5	CYtochrome B	4468	1795	13283.9
S000005056	YNL112W	S. cerevisiae	DBP2	Dead Box Protein	21619	7516	61007.3
S000005057	YNL113W	S. cerevisiae	RPC19	RNA Polymerase C	13239	4297	16130.9
S000005058	YNL114C	S. cerevisiae					15049.1
S000005059	YNL115C	S. cerevisiae			2371	843	74031.3
S000005060	YNL116W	S. cerevisiae	DMA2	Defective in Mitotic Arrest	1743	840	57582
S000005061	YNL117W	S. cerevisiae	MLS1	MaLate Synthase	8647	6802	62789.8
S000005062	YNL118C	S. cerevisiae	DCP2	mRNA DeCaPping	5739	2342	108652.3
S000005063	YNL119W	S. cerevisiae	NCS2	Needs Cla4 to Survive	2432	360	56468.1
S000005064	YNL120C	S. cerevisiae					17913.9
S000005065	YNL121C	S. cerevisiae	TOM70	Translocase of the Outer Mitochondrial membrane	14978	9530	70110.7
S000005066	YNL122C	S. cerevisiae	MRP35	Mitochondrial Ribosomal Protein	2275	567	13269
S000005067	YNL123W	S. cerevisiae	NMA111	Nuclear Mediator of Apoptosis	4177	1547	110860.3
S000005068	YNL124W	S. cerevisiae	NAF1	Nuclear Assembly Factor	2209	399	54918.9
S000005069	YNL125C	S. cerevisiae	ESBP6		2071	1266	73809.5
S000005070	YNL126W	S. cerevisiae	SPC98	Spindle Pole Component	1528	710	98226.3
S000005071	YNL127W	S. cerevisiae	FAR11	Factor ARrest	1567	763	109764.9
S000005072	YNL128W	S. cerevisiae	TEP1	TEnsin-like Phosphatase			50149.5
S000005073	YNL129W	S. cerevisiae	NRK1	Nicotinamide Riboside Kinase	2517	1466	27687.8
S000005074	YNL130C	S. cerevisiae	CPT1	CholinePhosphoTransferase	2823	1133	44824.7
S000005075	YNL131W	S. cerevisiae	TOM22	Translocase of the Outer Mitochondrial membrane	14975	4689	16770.5
S000005076	YNL132W	S. cerevisiae	KRE33	Killer toxin REsistant	7124	3994	119350
S000005077	YNL133C	S. cerevisiae	FYV6	Function required for Yeast Viability	2368	974	20043.2
S000005078	YNL134C	S. cerevisiae			18473	6875	41158.7
S000005079	YNL135C	S. cerevisiae	FPR1	Fk 506-sensitive Proline Rotamase	29826	11710	12157
S000005080	YNL136W	S. cerevisiae	EAF7	Esa1-Associated Factor	1270	440	49369.6
S000005081	YNL137C	S. cerevisiae	NAM9	Nuclear Accommodation of Mitochondria	3915	966	56383.7
S000005082	YNL138W	S. cerevisiae	SRV2	Suppressor of RasVal19	8760	4920	57514
S000005083	YNL139C	S. cerevisiae	THO2	suppressor of the Transcriptional defect of Hpr1 by Overexpression	2258	718	183933.6
S000005084	YNL140C	S. cerevisiae			1402	188	21702.6
S000005085	YNL141W	S. cerevisiae	AAH1	Adenine AminoHydrolase	7949	3487	39618.2
S000005086	YNL142W	S. cerevisiae	MEP2		2515	1175	53397.1
S000005087	YNL143C	S. cerevisiae			4229	947	15335.2
S000005088	YNL144C	S. cerevisiae					84191.4
S000005089	YNL145W	S. cerevisiae	MFA2	Mating Factor A	1688		4229.9
S000005090	YNL146W	S. cerevisiae			1584	52	11891.2
S000005091	YNL147W	S. cerevisiae	LSM7	Like SM	7422	2098	13010.2
S000005092	YNL148C	S. cerevisiae	ALF1	ALpha tubulin Folding	2398	1358	28336.8
S000005093	YNL149C	S. cerevisiae	PGA2	Processing of Gas1p and ALP	6491	1005	15051.2
S000005094	YNL150W	S. cerevisiae					14850.4
S000005095	YNL151C	S. cerevisiae	RPC31	RNA Polymerase C	3399	1611	27695.1
S000005096	YNL152W	S. cerevisiae	INN1	required for INgressioN	1728	633	46225.3
S000005097	YNL153C	S. cerevisiae	GIM3	Gene Involved in Microtubule biogenesis	7549	1590	15169.2
S000005098	YNL154C	S. cerevisiae	YCK2	Yeast Casein Kinase	5636	1685	62090.1
S000005099	YNL155W	S. cerevisiae	CUZ1	Cdc48-associated UBL/Zn-finger protein	2645	810	31527.3
S000005100	YNL156C	S. cerevisiae	NSG2		3075	776	33664.9
S000005101	YNL157W	S. cerevisiae	IGO1	Initiation of G zerO	4219	908	18057.3
S000005102	YNL158W	S. cerevisiae	PGA1	Processing of Gas1p and ALP	3789	465	22380.1
S000005103	YNL159C	S. cerevisiae	ASI2	Amino acid Sensor-Independent	1035	688	32993.1
S000005104	YNL160W	S. cerevisiae	YGP1	Yeast GlycoProtein	17713	8289	37324.2
S000005105	YNL161W	S. cerevisiae	CBK1	Cell wall Biosynthesis Kinase	2674	562	86948
S000005106	YNL162W	S. cerevisiae	RPL42A	Ribosomal Protein of the Large subunit	33040	19440	12239
S000005107	YNL163C	S. cerevisiae	RIA1	RIbosome Assembly	3921	1630	124416.7
S000005108	YNL164C	S. cerevisiae	IBD2	Inhibition of Bud Division 2	1665	120	39990.5
S000005109	YNL165W	S. cerevisiae			1686	1358	46175.5
S000005110	YNL166C	S. cerevisiae	BNI5	Bud Neck Involved	3847	891	49666.8
S000005111	YNL167C	S. cerevisiae	SKO1	Suppressor of Kinase Overexpression	1310	774	70205.2
S000005112	YNL168C	S. cerevisiae	FMP41	Found in Mitochondrial Proteome	6928	3778	28796.4
S000005113	YNL169C	S. cerevisiae	PSD1	PhosphatidylSerine Decarboxylase	2822	1137	56605.5
S000005114	YNL170W	S. cerevisiae					14694.4
S000005115	YNL171C	S. cerevisiae					14647.4
S000005116	YNL172W	S. cerevisiae	APC1	Anaphase Promoting Complex subunit	209	52	196133.4
S000005117	YNL173C	S. cerevisiae	MDG1	Multicopy suppressor of Defective G-protein	4365	2439	40274.4
S000005118	YNL174W	S. cerevisiae					20958.2
S000005119	YNL175C	S. cerevisiae	NOP13	NucleOlar Protein	6347	2025	45625.1
S000005120	YNL176C	S. cerevisiae	TDA7	Topoisomerase I Damage Affected	1569	328	67394.5
S000005121	YNL177C	S. cerevisiae	MRPL22	"Mitochondrial Ribosomal Protein, Large subunit"	3277	1058	34920.9
S000005122	YNL178W	S. cerevisiae	RPS3	Ribosomal Protein of the Small subunit	77234	53426	26510.1
S000005123	YNL179C	S. cerevisiae					17627.1
S000005124	YNL180C	S. cerevisiae	RHO5	Ras HOmolog	4546	2294	36823.6
S000005125	YNL181W	S. cerevisiae	PBR1	Potentiates Bioactive compound Response	3562	1069	46517.5
S000005126	YNL182C	S. cerevisiae	IPI3	Involved in Processing ITS2	6001	2084	61760.5
S000005127	YNL183C	S. cerevisiae	NPR1	Nitrogen Permease Reactivator	3436	1304	85998.3
S000005128	YNL184C	S. cerevisiae			623		12485.9
S000005129	YNL185C	S. cerevisiae	MRPL19	"Mitochondrial Ribosomal Protein, Large subunit"	3873	989	16681
S000005130	YNL186W	S. cerevisiae	UBP10	UBiquitin-specific Protease	4079	697	88508.2
S000005131	YNL187W	S. cerevisiae	SWT21	Synthetic With Tgs1	1250		40310.2
S000005132	YNL188W	S. cerevisiae	KAR1	KARyogamy	1504	1461	50666.8
S000005133	YNL189W	S. cerevisiae	SRP1	Suppressor of Rna Polymerase I	8820	4085	60421.9
S000005134	YNL190W	S. cerevisiae			3075	2761	21997.2
S000005135	YNL191W	S. cerevisiae	DUG3	Deficient in Utilization of Glutathione	4218	2247	40180.1
S000005136	YNL192W	S. cerevisiae	CHS1	CHitin Synthase	2492	1164	129855.9
S000005137	YNL193W	S. cerevisiae			1825	809	63886.8
S000005138	YNL194C	S. cerevisiae			1995	1287	34098.8
S000005139	YNL195C	S. cerevisiae			1487	38	28315.3
S000005140	YNL196C	S. cerevisiae	SLZ1		1130		34326.4
S000005141	YNL197C	S. cerevisiae	WHI3	WHIskey	5072	835	71257.3
S000005142	YNL198C	S. cerevisiae					11785
S000005143	YNL199C	S. cerevisiae	GCR2	GlyColysis Regulation	1578	893	58068
S000005144	YNL200C	S. cerevisiae	NNR1	Nicotinamide Nucleotide Repair	4615	2354	27524.2
S000005145	YNL201C	S. cerevisiae	PSY2	Platinum SensitivitY	2809	393	98008.4
S000005146	YNL202W	S. cerevisiae	SPS19	SPorulation-Specific	694	448	31117.3
S000005147	YNL203C	S. cerevisiae					22433.7
S000005148	YNL204C	S. cerevisiae	SPS18	SPorulation-Specific			34245
S000005149	YNL205C	S. cerevisiae					16690
S000005150	YNL206C	S. cerevisiae	RTT106	Regulator of Ty1 Transposition	3898	1790	51576.2
S000005151	YNL207W	S. cerevisiae	RIO2	RIght Open reading frame	4165	760	49106.4
S000005152	YNL208W	S. cerevisiae			22792	13459	20151.5
S000005153	YNL209W	S. cerevisiae	SSB2	Stress-Seventy subfamily B	102410	64470	66584.2
S000005154	YNL210W	S. cerevisiae	MER1	MEiotic Recombination			31111.3
S000005155	YNL211C	S. cerevisiae	MRX7	Mitochondrial oRganization of gene eXpression (MIOREX)	842	495	10659.5
S000005156	YNL212W	S. cerevisiae	VID27	Vacuolar Import and Degradation	4050	1215	88817.3
S000005157	YNL213C	S. cerevisiae	RRG9	Required for Respiratory Growth	1423	263	25300.8
S000005158	YNL214W	S. cerevisiae	PEX17	PEroXisome related	1431	282	23173.7
S000005159	YNL215W	S. cerevisiae	IES2	Ino Eighty Subunit	2593	713	36123.2
S000005160	YNL216W	S. cerevisiae	RAP1	Repressor/Activator site binding Protein	4389	2195	92368.2
S000005161	YNL217W	S. cerevisiae	PPN2		1181	573	37155.3
S000005162	YNL218W	S. cerevisiae	MGS1	Maintenance of Genome Stability	894	426	66551
S000005163	YNL219C	S. cerevisiae	ALG9	Asparagine-Linked Glycosylation	3829	993	63786.1
S000005164	YNL220W	S. cerevisiae	ADE12	ADEnine requiring	24307	11970	48281.8
S000005165	YNL221C	S. cerevisiae	POP1	Processing Of Precursor RNAs	1705	863	100455.3
S000005166	YNL222W	S. cerevisiae	SSU72	"Suppressor of SUa7, gene 2"	1620	1051	23462.7
S000005167	YNL223W	S. cerevisiae	ATG4	AuTophaGy related	2031	579	55106
S000005168	YNL224C	S. cerevisiae	SQS1	SQuelch of Splicing suppression	1832	532	86927.4
S000005169	YNL225C	S. cerevisiae	CNM67	Chaotic Nuclear Migration	1901	260	67389
S000005170	YNL226W	S. cerevisiae					16048.8
S000005171	YNL227C	S. cerevisiae	JJJ1	J-protein (Type III)	1973	558	68775.5
S000005172	YNL228W	S. cerevisiae					28634.8
S000005173	YNL229C	S. cerevisiae	URE2	UREidosuccinate transport	4497	1064	40265.2
S000005174	YNL230C	S. cerevisiae	ELA1	ELongin A	1272	457	44014.3
S000005175	YNL231C	S. cerevisiae	PDR16	Pleiotropic Drug Resistance	12084	2947	40715.3
S000005176	YNL232W	S. cerevisiae	CSL4	Cep1 Synthetic Lethal	4707	999	31578.7
S000005177	YNL233W	S. cerevisiae	BNI4	Bud Neck Involved	2132	902	100546.5
S000005178	YNL234W	S. cerevisiae			815	714	47827.2
S000005179	YNL235C	S. cerevisiae					16153
S000005180	YNL236W	S. cerevisiae	SIN4	Switch INdependent	2633	913	111309.9
S000005181	YNL237W	S. cerevisiae	YTP1	Yeast putative Transmembrane Protein	1579		51639.5
S000005182	YNL238W	S. cerevisiae	KEX2	Killer EXpression defective	1877	1628	89957
S000005183	YNL239W	S. cerevisiae	LAP3	Leucine AminoPeptidases	10203	5593	52090.1
S000005184	YNL240C	S. cerevisiae	NAR1	Nuclear Architecture Related	1457	300	54152.8
S000005185	YNL241C	S. cerevisiae	ZWF1	ZWischenFerment	13982	5648	57515
S000005186	YNL242W	S. cerevisiae	ATG2	AuTophaGy related	842	232	178385.2
S000005187	YNL243W	S. cerevisiae	SLA2	Synthetic Lethal with ABP1	6881	2575	108880.1
S000005188	YNL244C	S. cerevisiae	SUI1	SUppressor of Initiator codon	17154	2684	12313.3
S000005189	YNL245C	S. cerevisiae	CWC25	Complexed With Cef1p	2041	665	20386.7
S000005190	YNL246W	S. cerevisiae	VPS75	Vacuolar Protein Sorting	3120	511	30592.1
S000005191	YNL247W	S. cerevisiae	CRS1	"Cysteinyl-tRNA Synthetase, CysRS"	9429	4142	87526
S000005192	YNL248C	S. cerevisiae	RPA49	RNA Polymerase A	9402	1114	46668.3
S000005193	YNL249C	S. cerevisiae	MPA43	Multicopy PDC1 Activator	854	298	61660.9
S000005194	YNL250W	S. cerevisiae	RAD50	RADiation sensitive	1691	916	152549.6
S000005195	YNL251C	S. cerevisiae	NRD1	Nuclear pre-mRNA Down-regulation	6882	1896	63871.7
S000005196	YNL252C	S. cerevisiae	MRPL17	"Mitochondrial Ribosomal Protein, Large subunit"	5114	2316	32218
S000005197	YNL253W	S. cerevisiae	TEX1	TrEX component	1530	431	47176.3
S000005198	YNL254C	S. cerevisiae	RTC4	Restriction of Telomere Capping	931	222	46212.1
S000005199	YNL255C	S. cerevisiae	GIS2	GIg Suppressor	14474	9997	17107.9
S000005200	YNL256W	S. cerevisiae	FOL1	FOLic acid synthesis	3565	1460	93108.8
S000005201	YNL257C	S. cerevisiae	SIP3	SNF1-Interacting Protein	1367	1057	142839.1
S000005202	YNL258C	S. cerevisiae	DSL1	Dependence on SLy1-20	2675	759	88031.2
S000005203	YNL259C	S. cerevisiae	ATX1	AnTioXidant	7617	5887	8222.7
S000005204	YNL260C	S. cerevisiae	LTO1	required for biogenesis of the Large ribosomal subunit and initiation of Translation in Oxygen	784	663	18895.53
S000005205	YNL261W	S. cerevisiae	ORC5	Origin Recognition Complex	1986	1034	55281.8
S000005206	YNL262W	S. cerevisiae	POL2	POLymerase	3153	1183	255663.5
S000005207	YNL263C	S. cerevisiae	YIF1	YIP1-Interacting Factor	3070	942	35503.3
S000005208	YNL264C	S. cerevisiae	PDR17	Pleiotropic Drug Resistance	4398	1896	40677.2
S000005209	YNL265C	S. cerevisiae	IST1	Increased Sodium Tolerance	3118	937	34489.9
S000005210	YNL266W	S. cerevisiae					15509
S000005211	YNL267W	S. cerevisiae	PIK1	Phosphatidyl Inositol Kinase	2603	1584	119912.6
S000005212	YNL268W	S. cerevisiae	LYP1	LYsine-specific Permease	3806	2456	68088.1
S000005213	YNL269W	S. cerevisiae	BSC4	Bypass of Stop Codon			15336.8
S000005214	YNL270C	S. cerevisiae	ALP1				64015.9
S000005215	YNL271C	S. cerevisiae	BNI1	Bud Neck Involved	2202	1163	219655.2
S000005216	YNL272C	S. cerevisiae	SEC2	SECretory	2893	808	84622.5
S000005217	YNL273W	S. cerevisiae	TOF1	TOpoisomerase I-interacting Factor	1096	683	141104.4
S000005218	YNL274C	S. cerevisiae	GOR1	GlyOxylate Reductase	6837	2450	38824.8
S000005219	YNL275W	S. cerevisiae	BOR1	BORon transporter	451	347	65030.1
S000005220	YNL276C	S. cerevisiae					14118.6
S000005221	YNL277W	S. cerevisiae	MET2	METhionine requiring	4420	2593	53649
S000005222	YNL278W	S. cerevisiae	CAF120	CCR4 Associated Factor	1994	959	118297.5
S000005223	YNL279W	S. cerevisiae	PRM1	Pheromone-Regulated Membrane protein	1173		73345.3
S000005224	YNL280C	S. cerevisiae	ERG24	ERGosterol biosynthesis	3428	1778	50624.8
S000005225	YNL281W	S. cerevisiae	HCH1	High-Copy Hsp90 suppressor	12033	3463	17235.4
S000005226	YNL282W	S. cerevisiae	POP3	Processing Of Precursor RNAs	2017	821	22624
S000005227	YNL283C	S. cerevisiae	WSC2	cell Wall integrity and Stress response Component	2048	438	52291.1
S000005228	YNL284C	S. cerevisiae	MRPL10	"Mitochondrial Ribosomal Protein, Large subunit"	4056	1294	36383.1
S000005229	YNL285W	S. cerevisiae					14070.1
S000005230	YNL286W	S. cerevisiae	CUS2	Cold sensitive U2 snRNA Suppressor	1550	190	32271.5
S000005231	YNL287W	S. cerevisiae	SEC21	SECretory	15933	5446	104797.8
S000005232	YNL288W	S. cerevisiae	CAF40	CCR4 Associated Factor	3590	1775	41154.9
S000005233	YNL289W	S. cerevisiae	PCL1	Pho85 CycLin	1143	537	32104.5
S000005234	YNL290W	S. cerevisiae	RFC3	Replication Factor C	5411	1809	38201
S000005235	YNL291C	S. cerevisiae	MID1	Mating pheromone-Induced Death	2064	777	61544
S000005236	YNL292W	S. cerevisiae	PUS4	PseudoUridine Synthase	5553	2217	45269.8
S000005237	YNL293W	S. cerevisiae	MSB3	Multicopy Suppressor of Bud Emergence	1015	800	73000.1
S000005238	YNL294C	S. cerevisiae	RIM21	Regulator of IME2	348		61527.9
S000005239	YNL295W	S. cerevisiae	MRX6	Mitochondrial oRganization of gene eXpression (MIOREX)	1045	560	61264.2
S000005240	YNL296W	S. cerevisiae					11443.5
S000005241	YNL297C	S. cerevisiae	MON2	MONensin sensitivity	2797	849	186808.5
S000005242	YNL298W	S. cerevisiae	CLA4	CLn Activity dependant	2091	981	93928.1
S000005243	YNL299W	S. cerevisiae	TRF5	Topoisomerase one-Related Function	1329	608	74177.3
S000005244	YNL300W	S. cerevisiae	TOS6		6737	1939	10170.5
S000005245	YNL301C	S. cerevisiae	RPL18B	Ribosomal Protein of the Large subunit	35392	8110	20593.7
S000005246	YNL302C	S. cerevisiae	RPS19B	Ribosomal Protein of the Small subunit	48680	10301	15897.3
S000005247	YNL303W	S. cerevisiae					13566
S000005248	YNL304W	S. cerevisiae	YPT11	Yeast Protein Two	1243	836	47112.6
S000005249	YNL305C	S. cerevisiae	BXI1	BaX Inhibitor	1452	360	33636.2
S000005250	YNL306W	S. cerevisiae	MRPS18	"Mitochondrial Ribosomal Protein, Small subunit"	3710	875	24580.8
S000005251	YNL307C	S. cerevisiae	MCK1	Meiosis and Centromere regulatory Kinase	8487	3428	43142.3
S000005252	YNL308C	S. cerevisiae	KRI1	KRR1-Interacting protein	5747	2641	68621.3
S000005253	YNL309W	S. cerevisiae	STB1	Sin Three Binding protein	1515	1090	45693.4
S000005254	YNL310C	S. cerevisiae	ZIM17	ZInc finger Motif protein of 17 kDa	3648	1602	19866.4
S000005255	YNL311C	S. cerevisiae	SKP2	homology with human SKP2	1698	1183	88939
S000005256	YNL312W	S. cerevisiae	RFA2	Replication Factor A	4756	1324	29922.4
S000005257	YNL313C	S. cerevisiae	EMW1	Essential for Maintenance of the cell Wall	5819	2251	102321.3
S000005258	YNL314W	S. cerevisiae	DAL82	Degradation of Allantoin	1148	1093	29079.3
S000005259	YNL315C	S. cerevisiae	ATP11	ATP synthase	3149	1701	36857.7
S000005260	YNL316C	S. cerevisiae	PHA2	PHenylAlanine requiring	2705	944	38217.6
S000005261	YNL317W	S. cerevisiae	PFS2	Polyadenylation Factor Subunit	2467	1081	53146.9
S000005262	YNL318C	S. cerevisiae	HXT14	HeXose Transporter			60980
S000005263	YNL319W	S. cerevisiae					16058.3
S000005264	YNL320W	S. cerevisiae			1779	830	32309.6
S000005265	YNL321W	S. cerevisiae	VNX1	Vacuolar Na+/H+ eXchanger	1348	1025	102493.5
S000005266	YNL322C	S. cerevisiae	KRE1	Killer toxin REsistant	8782	2027	32159.3
S000005267	YNL323W	S. cerevisiae	LEM3	Ligand-Effect Modulator	2978	749	47431
S000005268	YNL324W	S. cerevisiae					14867.1
S000005269	YNL325C	S. cerevisiae	FIG4	Factor-Induced Gene	350	56	101720.8
S000005270	YNL326C	S. cerevisiae	PFA3	Protein Fatty Acyltransferase	1701	307	39186
S000005271	YNL327W	S. cerevisiae	EGT2	Early G1 Transcript	4803	962	108492.6
S000005272	YNL328C	S. cerevisiae	MDJ2	Mitochondrial DnaJ homolog	802	620	16484.7
S000005273	YNL329C	S. cerevisiae	PEX6	PEroXin	1594	380	115553.4
S000005274	YNL330C	S. cerevisiae	RPD3	Reduced Potassium Dependency	3850	1138	48887.5
S000005275	YNL331C	S. cerevisiae	AAD14	Aryl-Alcohol Dehydrogenase	3504		41988.4
S000005276	YNL332W	S. cerevisiae	THI12	THIamine metabolism	1262		38624.2
S000005277	YNL333W	S. cerevisiae	SNZ2	SNooZe	620	447	32025.4
S000005278	YNL334C	S. cerevisiae	SNO2	SNZ proximal Open reading frame	1207	1188	25207.3
S000005279	YNL335W	S. cerevisiae	DDI3	DNA Damage Inducible			25147.7
S000005280	YNL336W	S. cerevisiae	COS1	COnserved Sequence	2046	414	45295.5
S000005281	YNL337W	S. cerevisiae					9706.3
S000005282	YNL338W	S. cerevisiae					5950.7
S000005283	YNL339C	S. cerevisiae	YRF1-6		1137	502	211098.4
S000005284	YNR001C	S. cerevisiae	CIT1	CITrate synthase	11990	4866	53362.5
S000005285	YNR002C	S. cerevisiae	ATO2	Ammonia (Ammonium) Transport Outward			30696.4
S000005286	YNR003C	S. cerevisiae	RPC34	RNA Polymerase C	3920	1998	36126.5
S000005287	YNR004W	S. cerevisiae	SWM2	Synthetic With mud2-delta	1720	252	17092.7
S000005288	YNR005C	S. cerevisiae					14727.5
S000005289	YNR006W	S. cerevisiae	VPS27	Vacuolar Protein Sorting	2983	2811	70951.2
S000005290	YNR007C	S. cerevisiae	ATG3	AuTophaGy related	2150	513	35860.2
S000005291	YNR008W	S. cerevisiae	LRO1	Lecithin cholesterol acyl transferase Related Open reading frame	2021	752	75385
S000005292	YNR009W	S. cerevisiae	NRM1	Negative Regulator of MBF targets	936	751	27585.8
S000005293	YNR010W	S. cerevisiae	CSE2	Chromosome SEgregation	1895	436	17373.6
S000005294	YNR011C	S. cerevisiae	PRP2	Pre-mRNA Processing	1388	500	99822.8
S000005295	YNR012W	S. cerevisiae	URK1	URidine Kinase	2498	693	56297.7
S000005296	YNR013C	S. cerevisiae	PHO91	PHOsphate metabolism	4280	1427	99494.3
S000005297	YNR014W	S. cerevisiae			2873	547	23081
S000005298	YNR015W	S. cerevisiae	SMM1	Suppressor of Mitochondrial Mutation	2650	674	42827
S000005299	YNR016C	S. cerevisiae	ACC1	Acetyl-CoA Carboxylase	29049	13718	250318.7
S000005300	YNR017W	S. cerevisiae	TIM23	Translocase of the Inner Mitochondrial membrane	6285	2984	23243.8
S000005301	YNR018W	S. cerevisiae	RCF2	Respiratory superComplex Factor	3444	2066	25352.5
S000005302	YNR019W	S. cerevisiae	ARE2	Acyl-coenzyme A: cholesterol acyl transferase-Related Enzyme	3028	937	74024.5
S000005303	YNR020C	S. cerevisiae	ATP23		1262	234	32236.2
S000005304	YNR021W	S. cerevisiae			12262	4788	47106.6
S000005305	YNR022C	S. cerevisiae	MRPL50	"Mitochondrial Ribosomal Protein, Large subunit"	3934	875	16286
S000005306	YNR023W	S. cerevisiae	SNF12	Sucrose NonFermenting	3054	1215	63856.5
S000005307	YNR024W	S. cerevisiae	MPP6	M-Phase Phosphoprotein 6 homolog	2210	675	21149.8
S000005308	YNR025C	S. cerevisiae					13727.3
S000005309	YNR026C	S. cerevisiae	SEC12	SECretory	2605	771	51604
S000005310	YNR027W	S. cerevisiae	BUD17	BUD site selection	2557	1022	35365.1
S000005311	YNR028W	S. cerevisiae	CPR8	Cyclosporin-sensitive Proline Rotamase	2118	659	34944.3
S000005312	YNR029C	S. cerevisiae			2345	700	48103.2
S000005313	YNR030W	S. cerevisiae	ALG12	Asparagine-Linked Glycosylation	3337	651	62670.7
S000005314	YNR031C	S. cerevisiae	SSK2	Suppressor of Sensor Kinase	1186	546	180501.4
S000005315	YNR032W	S. cerevisiae	PPG1	Protein Phosphatase involved in Glycogen accumulation	1284	687	42412.2
S000005316	YNR033W	S. cerevisiae	ABZ1	para-AminoBenZoic acid (PABA) biosynthesis	2596	1046	88526.9
S000005317	YNR034W	S. cerevisiae	SOL1	Suppressor Of Los1-1	4945	1276	35652.9
S000005318	YNR035C	S. cerevisiae	ARC35	ARp2/3 Complex subunit	13065	3811	39563.6
S000005319	YNR036C	S. cerevisiae	MRPS12	"Mitochondrial Ribosomal Protein, Small subunit"	3391	2129	16940.2
S000005320	YNR037C	S. cerevisiae	RSM19	Ribosomal Small subunit of Mitochondria	3699	1750	10284.2
S000005321	YNR038W	S. cerevisiae	DBP6	Dead Box Protein	4401	904	70354.4
S000005322	YNR039C	S. cerevisiae	ZRG17	Zinc Regulated Gene	1991	902	67459.4
S000005323	YNR040W	S. cerevisiae	MRX15	Mitochondrial oRganization of gene eXpression (MIOREX)	2724	1051	28657.6
S000005324	YNR041C	S. cerevisiae	COQ2	COenzyme Q	901	553	41026.1
S000005325	YNR042W	S. cerevisiae					15307.5
S000005326	YNR043W	S. cerevisiae	MVD1	MeValonate pyrophosphate Decarboxylase	16570	4759	44108.3
S000005327	YNR044W	S. cerevisiae	AGA1	a-AGglutinin	2577	886	73335.9
S000005328	YNR045W	S. cerevisiae	PET494	PETite colonies	450	146	57499.4
S000005329	YNR046W	S. cerevisiae	TRM112	TRna Methyltransferase	9721	3028	15058.4
S000005330	YNR047W	S. cerevisiae	FPK1	FliPase Kinase 1	2694	759	100549.8
S000005331	YNR048W	S. cerevisiae			1828	1149	44544.5
S000005332	YNR049C	S. cerevisiae	MSO1	Multicopy suppressor of Sec One	1901	741	23363.2
S000005333	YNR050C	S. cerevisiae	LYS9	LYSine requiring	23818	12204	48906.1
S000005334	YNR051C	S. cerevisiae	BRE5	BREfeldin A sensitivity	7140	1929	57686.7
S000005335	YNR052C	S. cerevisiae	POP2	PGK promoter directed OverProduction	3067	1517	49676.6
S000005336	YNR053C	S. cerevisiae	NOG2	NucleOlar G-protein	8743	3151	55510.4
S000005337	YNR054C	S. cerevisiae	ESF2	Eighteen S rRNA Factor 2	3490	1195	36409.2
S000005338	YNR055C	S. cerevisiae	HOL1	HistidinOl	1062	830	65341.6
S000005339	YNR056C	S. cerevisiae	BIO5	BIOtin			62428.6
S000005340	YNR057C	S. cerevisiae	BIO4	BIOtin	1156	1122	26245
S000005341	YNR058W	S. cerevisiae	BIO3	BIOtin	3355		53699.2
S000005342	YNR059W	S. cerevisiae	MNT4	MaNnosylTransferase	252		68089.6
S000005343	YNR060W	S. cerevisiae	FRE4	Ferric REductase	1141		82039.2
S000005344	YNR061C	S. cerevisiae			773	544	24308.1
S000005345	YNR062C	S. cerevisiae	PUL3	PULcherrimin	1709		35671
S000005346	YNR063W	S. cerevisiae	PUL4	PULcherrimin	18		69658.8
S000005347	YNR064C	S. cerevisiae			700	470	32745.4
S000005348	YNR065C	S. cerevisiae			1175	582	125149.6
S000005349	YNR066C	S. cerevisiae			1055	481	49630.9
S000005350	YNR067C	S. cerevisiae	DSE4	Daughter Specific Expression	3056	1395	121005.9
S000005351	YNR068C	S. cerevisiae			2905	1771	31229.4
S000005352	YNR069C	S. cerevisiae	BSC5	Bypass of Stop Codon	720	711	54819.9
S000005353	YNR070W	S. cerevisiae	PDR18	Pleiotropic Drug Resistance	1056	496	149757.5
S000005354	YNR071C	S. cerevisiae			1184		37849.1
S000005355	YNR072W	S. cerevisiae	HXT17	HeXose Transporter	1139		62827.8
S000005356	YNR073C	S. cerevisiae	MAN2	MANnitol dehydrogenase			56460.7
S000005357	YNR074C	S. cerevisiae	AIF1	Apoptosis-Inducing Factor	1560	1183	41335.5
S000005358	YNR075W	S. cerevisiae	COS10	COnserved Sequence	1500	870	43867.9
S000005359	YNR076W	S. cerevisiae	PAU6	seriPAUperin family			12902.9
S000005360	YNR077C	S. cerevisiae					9744.3
S000005361	YOL001W	S. cerevisiae	PHO80	PHOsphate metabolism	302	246	33235.2
S000005362	YOL002C	S. cerevisiae	IZH2	Implicated in Zinc Homeostasis	1117	659	36288.1
S000005363	YOL003C	S. cerevisiae	PFA4	Protein Fatty Acyltransferase	1468	777	44493.7
S000005364	YOL004W	S. cerevisiae	SIN3	Switch INdependent	4999	2782	174786.6
S000005365	YOL005C	S. cerevisiae	RPB11	RNA Polymerase B	9089	2205	13612.6
S000005366	YOL006C	S. cerevisiae	TOP1	TOPoisomerase	4130	2517	90008.4
S000005367	YOL007C	S. cerevisiae	CSI2	Chitin Synthesis Involved	2174	826	37256.6
S000005368	YOL008W	S. cerevisiae	COQ10	COenzyme Q	801	657	23780.3
S000005369	YOL009C	S. cerevisiae	MDM12	Mitochondrial Distribution and Morphology	1070	574	30701.7
S000005370	YOL010W	S. cerevisiae	RCL1	Rna 3'-terminal phosphate Cyclase Like	5699	1438	40177.1
S000005371	YOL011W	S. cerevisiae	PLB3	PhosphoLipase B	1564	1086	75056.6
S000005372	YOL012C	S. cerevisiae	HTZ1	Histone Two A Z1	9912	1435	14300
S000005373	YOL013C	S. cerevisiae	HRD1	HMG-coA Reductase Degradation	1519	738	63520.4
S000005374	YOL014W	S. cerevisiae					13916
S000005375	YOL015W	S. cerevisiae	IRC10	Increased Recombination Centers	1156	5	67723.4
S000005376	YOL016C	S. cerevisiae	CMK2	CalModulin dependent protein Kinase	6693	1220	50438.9
S000005377	YOL017W	S. cerevisiae	ESC8	Establishes Silent Chromatin	776	461	82185.9
S000005378	YOL018C	S. cerevisiae	TLG2	T-snare affecting a Late Golgi compartment	1929	264	45857.9
S000005379	YOL019W	S. cerevisiae	TOS7	Target Of Sbf	2074	774	60896.7
S000005380	YOL020W	S. cerevisiae	TAT2	Tryptophan Amino acid Transporter	4315	2064	65412
S000005381	YOL021C	S. cerevisiae	DIS3	homolog of S. pombe dis3 (chromosome DISjunction)	4297	1592	113699
S000005382	YOL022C	S. cerevisiae	TSR4	Twenty S rRNA accumulation	4838	2063	45973.1
S000005383	YOL023W	S. cerevisiae	IFM1	Initiation Factor of Mitochondria	1403	825	75668.6
S000005384	YOL024W	S. cerevisiae					20111.4
S000005385	YOL025W	S. cerevisiae	LAG2	Longevity Assurance Gene	1004	488	75591.5
S000005386	YOL026C	S. cerevisiae	MIM1	Mitochondrial IMport	1142	137	12753.6
S000005387	YOL027C	S. cerevisiae	MDM38	Mitochondrial Distribution and Morphology	6360	2333	65006.9
S000005388	YOL028C	S. cerevisiae	YAP7	Yeast AP-1	1719	542	27400.3
S000005389	YOL029C	S. cerevisiae					22433.8
S000005390	YOL030W	S. cerevisiae	GAS5	Glycophospholipid-Anchored Surface protein	6397	3965	51847.1
S000005391	YOL031C	S. cerevisiae	SIL1	Suppressor of the Ire1/Lhs1 double mutant	3289	1565	48261.1
S000005392	YOL032W	S. cerevisiae	OPI10	OverProducer of Inositol	2941	1219	27160.9
S000005393	YOL033W	S. cerevisiae	MSE1	"Mitochondrial aminoacyl-tRNA Synthetase, Glutamate (E)"	1457	782	61621.1
S000005394	YOL034W	S. cerevisiae	SMC5	Structural Maintenance of Chromosomes	1186	923	126044.7
S000005395	YOL035C	S. cerevisiae					11676.8
S000005396	YOL036W	S. cerevisiae			500	396	84366.2
S000005397	YOL037C	S. cerevisiae					13249.4
S000005398	YOL038W	S. cerevisiae	PRE6	PRoteinase yscE	16957	2066	28439.4
S000005399	YOL039W	S. cerevisiae	RPP2A	Ribosomal Protein P2 Alpha	47017	43845	10728.7
S000005400	YOL040C	S. cerevisiae	RPS15	Ribosomal Protein of the Small subunit	52121	27807	16017.2
S000005401	YOL041C	S. cerevisiae	NOP12	NucleOlar Protein	7150	2026	51963.7
S000005402	YOL042W	S. cerevisiae	NGL1		1804	1427	42401.3
S000005403	YOL043C	S. cerevisiae	NTG2	eNdonuclease Three-like Glycosylase	90	35	43852.6
S000005404	YOL044W	S. cerevisiae	PEX15	PEroXisome related	1546	684	43681.7
S000005405	YOL045W	S. cerevisiae	PSK2	Pas domain-containing Serine/threonine protein Kinase	2166	624	124340.5
S000005406	YOL046C	S. cerevisiae					24093.3
S000005407	YOL047C	S. cerevisiae	LDS2	Lipid Droplets in Sporulation	823	668	40882.1
S000005408	YOL048C	S. cerevisiae	RRT8	Regulator of rDNA Transcription	1797	1237	39620.3
S000005409	YOL049W	S. cerevisiae	GSH2	Glutathione	7604	2120	55808.6
S000005410	YOL050C	S. cerevisiae					11268.6
S000005411	YOL051W	S. cerevisiae	GAL11	GALactose metabolism	3123	1129	120350.9
S000005412	YOL052C	S. cerevisiae	SPE2	SPErmidine auxotroph	6674	2540	46218.7
S000005413	YOL052C-A	S. cerevisiae	DDR2	DNA Damage Responsive	2910	981	5955.9
S000005414	YOL053W	S. cerevisiae	AIM39	Altered Inheritance rate of Mitochondria	506	256	45868.4
S000005415	YOL054W	S. cerevisiae	PSH1	Pob3/Spt16 Histone associated	2067	989	47001.5
S000005416	YOL055C	S. cerevisiae	THI20	THIamine metabolism	3708	2584	61259.8
S000005417	YOL056W	S. cerevisiae	GPM3	Glycerate PhosphoMutase	3592	807	34858.8
S000005418	YOL057W	S. cerevisiae			5913	3353	80496
S000005419	YOL058W	S. cerevisiae	ARG1	ARGinine requiring	23690	19157	46922.1
S000005420	YOL059W	S. cerevisiae	GPD2	Glycerol-3-Phosphate Dehydrogenase	15549	4560	49418.2
S000005421	YOL060C	S. cerevisiae	MAM3		3340	633	77701.6
S000005422	YOL061W	S. cerevisiae	PRS5	PhosphoRibosylpyrophosphate Synthetase	9265	3049	53504.4
S000005423	YOL062C	S. cerevisiae	APM4	clathrin Adaptor Protein complex Medium chain	1935	882	55390.9
S000005424	YOL063C	S. cerevisiae	CRT10	Constitutive RNR Transcription regulators	374	313	109690.7
S000005425	YOL064C	S. cerevisiae	MET22	METhionine requiring	9974	2329	39141.6
S000005426	YOL065C	S. cerevisiae	INP54	INositol polyphosphate 5-Phosphatase	1422	649	43800.4
S000005427	YOL066C	S. cerevisiae	RIB2	RIBoflavin biosynthesis	2071	691	67027.6
S000005428	YOL067C	S. cerevisiae	RTG1	ReTroGrade regulation	4876	2069	19015.3
S000005429	YOL068C	S. cerevisiae	HST1	Homolog of SIR Two (SIR2)	1277	408	57710.7
S000005430	YOL069W	S. cerevisiae	NUF2	NUclear Filament-containing protein	2429	560	52939.4
S000005431	YOL070C	S. cerevisiae	NBA1	Nap1p and Bud neck Associated	3091	895	55917
S000005432	YOL071W	S. cerevisiae	SDH5	Succinate DeHydrogenase	3491	1244	19045
S000005433	YOL072W	S. cerevisiae	THP1	Tho2/Hpr1 Phenotype	1358	474	52685.7
S000005434	YOL073C	S. cerevisiae	DSC2	Defective for SREBP Cleavage	1189	324	35763.5
S000005435	YOL075C	S. cerevisiae			651	407	145068.8
S000005436	YOL076W	S. cerevisiae	MDM20	Mitochondrial Distribution and Morphology	5693	1503	92811.6
S000005437	YOL077C	S. cerevisiae	BRX1	Xenopus laevis Brix (Biogenesis of Ribosomes in Xenopus) homolog	10163	2218	33540.8
S000005438	YOL078W	S. cerevisiae	AVO1	Adheres VOraciously (to TOR2)	769	508	131367.3
S000005439	YOL079W	S. cerevisiae					15097.3
S000005440	YOL080C	S. cerevisiae	REX4	Rna EXonuclease	3192	1097	32916.5
S000005441	YOL081W	S. cerevisiae	IRA2	Inhibitory Regulator of the RAS-cAMP pathway	1537	635	351650.8
S000005442	YOL082W	S. cerevisiae	ATG19	AuTophaGy related	1152	269	47573.5
S000005443	YOL083W	S. cerevisiae	ATG34	AuTophaGy related	1077	595	46645.4
S000005444	YOL084W	S. cerevisiae	PHM7	PHosphate Metabolism	1076	289	112558.9
S000005445	YOL085C	S. cerevisiae					12789.8
S000005446	YOL086C	S. cerevisiae	ADH1	Alcohol DeHydrogenase	103727	63773	36845.5
S000005447	YOL087C	S. cerevisiae	DUF1	DUB-associated Factor 1	2821	995	125370.5
S000005448	YOL088C	S. cerevisiae	MPD2	Multicopy suppressor of PDI1 deletion	5373	676	32398.4
S000005449	YOL089C	S. cerevisiae	HAL9	HALotolerance	1074	588	117929.9
S000005450	YOL090W	S. cerevisiae	MSH2	MutS Homolog	3191	1064	108863.1
S000005451	YOL091W	S. cerevisiae	SPO21	SPOrulation			69891.5
S000005452	YOL092W	S. cerevisiae	YPQ1	Yeast PQ-loop protein	7945	3521	34863.7
S000005453	YOL093W	S. cerevisiae	TRM10	Transfer RNA Methyltransferase	2941	1101	34531
S000005454	YOL094C	S. cerevisiae	RFC4	Replication Factor C	3423	1127	36156.5
S000005455	YOL095C	S. cerevisiae	HMI1	Helicase in MItochondria	671	643	80585.9
S000005456	YOL096C	S. cerevisiae	COQ3	COenzyme Q	1264	323	36329.3
S000005457	YOL097C	S. cerevisiae	WRS1	W (tryptophan) RS (tRNA synthetase)	13281	2646	49347.7
S000005458	YOL098C	S. cerevisiae	SDD3	Suppressor of Degenerative Death	7950	1538	118345.1
S000005459	YOL099C	S. cerevisiae					18353.6
S000005460	YOL100W	S. cerevisiae	PKH2	Pkb-activating Kinase Homolog	515	286	121717
S000005461	YOL101C	S. cerevisiae	IZH4	Implicated in Zinc Homeostasis	1867	1365	36609.9
S000005462	YOL102C	S. cerevisiae	TPT1	tRNA 2'-PhosphoTransferase	2277	563	26203.8
S000005463	YOL103W	S. cerevisiae	ITR2	myo-Inositol TRansporter	1643	718	66715.8
S000005464	YOL104C	S. cerevisiae	NDJ1	NonDisJunction			40857.3
S000005465	YOL105C	S. cerevisiae	WSC3	cell Wall integrity and Stress response Component	3698	2504	58225.5
S000005466	YOL106W	S. cerevisiae					13436.7
S000005467	YOL107W	S. cerevisiae			1904	436	39751.3
S000005468	YOL108C	S. cerevisiae	INO4	INOsitol requiring	915	472	17383.1
S000005469	YOL109W	S. cerevisiae	ZEO1	ZEOcin resistance	52943	34118	12587.1
S000005470	YOL110W	S. cerevisiae	SHR5	Suppressor of Hyperactive Ras	1051	114	26529.9
S000005471	YOL111C	S. cerevisiae	MDY2	Mating-Deficient Yeast	10397	3446	23737.6
S000005472	YOL112W	S. cerevisiae	MSB4	Multicopy Suppression of a Budding defect	1059	464	57083.3
S000005473	YOL113W	S. cerevisiae	SKM1	STE20/PAK homologous Kinase related to Morphogenesis	766	639	75343.1
S000005474	YOL114C	S. cerevisiae	PTH4	peptidyl tRNA hydrolase 4	619	587	23213.4
S000005475	YOL115W	S. cerevisiae	PAP2	Poly(A) Polymerase	2659	411	66007.2
S000005476	YOL116W	S. cerevisiae	MSN1	Multicopy suppressor of SNF1 mutation	612	341	43057
S000005477	YOL117W	S. cerevisiae	RRI2		1320		76360
S000005478	YOL118C	S. cerevisiae					12285.7
S000005479	YOL119C	S. cerevisiae	MCH4	MonoCarboxylate transporter Homolog	317	264	54720.5
S000005480	YOL120C	S. cerevisiae	RPL18A	Ribosomal Protein of the Large subunit	60355	38494	20593.7
S000005481	YOL121C	S. cerevisiae	RPS19A	Ribosomal Protein of the Small subunit	28109	10251	15923.4
S000005482	YOL122C	S. cerevisiae	SMF1	Suppressor of Mitochondria import Function	338	40	63259.4
S000005483	YOL123W	S. cerevisiae	HRP1	Heterogenous nuclear RibonucleoProtein	13717	8354	59641.6
S000005484	YOL124C	S. cerevisiae	TRM11	TRna Methyltransferase	2697	705	50074.3
S000005485	YOL125W	S. cerevisiae	TRM13	TRna Methyltransferase	1492	424	54103.8
S000005486	YOL126C	S. cerevisiae	MDH2	Malate DeHydrogenase	5339	2799	40728.2
S000005487	YOL127W	S. cerevisiae	RPL25	Ribosomal Protein of the Large subunit	75828	49579	15775.9
S000005488	YOL128C	S. cerevisiae	YGK3	Yeast homolog of Glycogen synthase Kinase	705	477	43206
S000005489	YOL129W	S. cerevisiae	VPS68	Vacuolar Protein Sorting	3000	1946	20098.4
S000005490	YOL130W	S. cerevisiae	ALR1	ALuminum Resistance	1312	648	95860.4
S000005491	YOL131W	S. cerevisiae					12419.1
S000005492	YOL132W	S. cerevisiae	GAS4	Glycophospholipid-Anchored Surface protein			53784.8
S000005493	YOL133W	S. cerevisiae	HRT1	High level expression Reduces Ty3 transposition	7964	6251	13936
S000005494	YOL134C	S. cerevisiae					14390.9
S000005495	YOL135C	S. cerevisiae	MED7	MEDiator complex	2473	747	25584.3
S000005496	YOL136C	S. cerevisiae	PFK27	6-PhosphoFructo-2-Kinase	2410		45304.9
S000005497	YOL137W	S. cerevisiae	BSC6	Bypass of Stop Codon	1407	700	55076.8
S000005498	YOL138C	S. cerevisiae	RTC1	Restriction of Telomere Capping	1153	547	149337.6
S000005499	YOL139C	S. cerevisiae	CDC33	Cell Division Cycle	40636	12693	24245.3
S000005500	YOL140W	S. cerevisiae	ARG8	ARGinine requiring	12811	7849	46681.9
S000005501	YOL141W	S. cerevisiae	PPM2	Protein Phosphatase Methyltransferase	1887	450	78954.4
S000005502	YOL142W	S. cerevisiae	RRP40	Ribosomal RNA Processing	4545	1102	26553.6
S000005503	YOL143C	S. cerevisiae	RIB4	RIBoflavin biosynthesis	8812	5552	18552.7
S000005504	YOL144W	S. cerevisiae	NOP8	NucleOlar Protein	4135	1701	56955.2
S000005505	YOL145C	S. cerevisiae	CTR9	Cln Three (CLN3) Requiring	6036	2124	124694.4
S000005506	YOL146W	S. cerevisiae	PSF3	Partner of Sld Five	1612	1286	21944.3
S000005507	YOL147C	S. cerevisiae	PEX11	PEroXin	2836	493	26889.8
S000005508	YOL148C	S. cerevisiae	SPT20	SuPpressor of Ty	2108	896	67816.7
S000005509	YOL149W	S. cerevisiae	DCP1	mRNA DeCaPping	3238	376	26262.6
S000005510	YOL150C	S. cerevisiae					11792.1
S000005511	YOL151W	S. cerevisiae	GRE2	Genes de Respuesta a Estres (stress responsive genes)	9059	5304	38162.8
S000005512	YOL152W	S. cerevisiae	FRE7	Ferric REductase	120		70917
S000005514	YOL154W	S. cerevisiae	ZPS1	Zinc- and pH-regulated Surface protein	8105	5776	27556.2
S000005515	YOL155C	S. cerevisiae	HPF1	Haze Protective Factor	2913	772	94661.3
S000005516	YOL156W	S. cerevisiae	HXT11	HeXose Transporter			62740.3
S000005517	YOL157C	S. cerevisiae	IMA2	IsoMAltase	4575		68606
S000005518	YOL158C	S. cerevisiae	ENB1	ENteroBactin	176	54	66989.4
S000005519	YOL159C	S. cerevisiae	CSS3	Condition Specific Secretion	1150	12	19560.7
S000005520	YOL160W	S. cerevisiae					13511.3
S000005521	YOL161C	S. cerevisiae	PAU20	seriPAUperin	1829		12874.8
S000005522	YOL162W	S. cerevisiae					24494.1
S000005523	YOL163W	S. cerevisiae					19468.2
S000005524	YOL164W	S. cerevisiae	BDS1	Bacterially Derived Sulfatase			72637.3
S000005525	YOL165C	S. cerevisiae	AAD15	Aryl-Alcohol Dehydrogenase	3504		15721.1
S000005526	YOL166C	S. cerevisiae					12939.3
S000005527	YOR001W	S. cerevisiae	RRP6	Ribosomal RNA Processing	2939	988	84036.4
S000005528	YOR002W	S. cerevisiae	ALG6	Asparagine-Linked Glycosylation	2035	892	62798.3
S000005529	YOR003W	S. cerevisiae	YSP3	Yeast Subtilisin-like Protease III	442	270	52069.6
S000005530	YOR004W	S. cerevisiae	UTP23	U Three-associated Protein	3275	489	28828.8
S000005531	YOR005C	S. cerevisiae	DNL4	DNA Ligase	1577	447	108527.8
S000005532	YOR006C	S. cerevisiae	TSR3	Twenty S rRNA accumulation	2652	958	35678.6
S000005533	YOR007C	S. cerevisiae	SGT2	Small Glutamine-rich Tetratricopeptide repeat-containing protein	19147	10264	37200.8
S000005534	YOR008C	S. cerevisiae	SLG1	Synthetic Lethal with Gap	3668	2325	39253.4
S000005535	YOR009W	S. cerevisiae	TIR4	TIp1-Related	1925		47824.2
S000005536	YOR010C	S. cerevisiae	TIR2	TIp1-Related			24613.1
S000005537	YOR011W	S. cerevisiae	AUS1	ABC protein involved in Uptake of Sterols	10541	340	157749.2
S000005538	YOR012W	S. cerevisiae			737	401	15479.7
S000005539	YOR013W	S. cerevisiae	IRC11	Increased Recombination Centers			17883.9
S000005540	YOR014W	S. cerevisiae	RTS1	Rox Three Suppressor	4713	905	85323.6
S000005541	YOR015W	S. cerevisiae					13880.7
S000005542	YOR016C	S. cerevisiae	ERP4	Emp24p/Erv25p Related Protein	4267	1388	23514.2
S000005543	YOR017W	S. cerevisiae	PET127	PETite colonies	1451	618	93433.9
S000005544	YOR018W	S. cerevisiae	ROD1	Resistance to O-Dinitrobenzene	2171	907	92358.5
S000005545	YOR019W	S. cerevisiae			597		83415.3
S000005546	YOR020C	S. cerevisiae	HSP10	Heat Shock Protein	25075	5417	11374.4
S000005547	YOR021C	S. cerevisiae	SFM1	Spout Family Methyltransferase 1	11249	2888	24734.6
S000005548	YOR022C	S. cerevisiae	DDL1	DDHD Domain-containing Lipase	657	344	81769
S000005549	YOR023C	S. cerevisiae	AHC1	Ada Histone acetyltransferase complex Component	754	262	63887.7
S000005550	YOR024W	S. cerevisiae					11882.4
S000005551	YOR025W	S. cerevisiae	HST3	Homolog of SIR Two (SIR2)	2148	1626	50540.8
S000005552	YOR026W	S. cerevisiae	BUB3	Budding Uninhibited by Benzimidazole	1233	213	38437
S000005553	YOR027W	S. cerevisiae	STI1	STress Inducible	50288	11905	66252.8
S000005554	YOR028C	S. cerevisiae	CIN5	Chromosome INstability	1905	135	32987.8
S000005555	YOR029W	S. cerevisiae					12928.4
S000005556	YOR030W	S. cerevisiae	DFG16	Defective for Filamentous Growth	1148		71752.4
S000005558	YOR032C	S. cerevisiae	HMS1	High-copy Mep Suppressor	571		48864.7
S000005559	YOR033C	S. cerevisiae	EXO1	EXOnuclease	140	124	80172.4
S000005560	YOR034C	S. cerevisiae	AKR2	AnKyrin Repeat-containing protein	915	604	85229.7
S000005561	YOR035C	S. cerevisiae	SHE4	Swi5p-dependent HO Expression	2162	789	89538.6
S000005562	YOR036W	S. cerevisiae	PEP12	carboxyPEPtidase Y-deficient	1715	577	32995.6
S000005563	YOR037W	S. cerevisiae	CYC2	CYtochrome C	1354	375	42386.4
S000005564	YOR038C	S. cerevisiae	HIR2	HIstone Regulation	1417	495	98454
S000005565	YOR039W	S. cerevisiae	CKB2	Casein Kinase Beta' subunit	4469	1206	29836.3
S000005566	YOR040W	S. cerevisiae	GLO4	GLyOxalase	1271	510	32339.3
S000005567	YOR041C	S. cerevisiae					15180.3
S000005568	YOR042W	S. cerevisiae	CUE5	Coupling of Ubiquitin conjugation to ER degradation	5731	1150	46834
S000005569	YOR043W	S. cerevisiae	WHI2	WHIskey	3153	985	55336.6
S000005570	YOR044W	S. cerevisiae	IRC23	Increased Recombination Centers	3208	1072	18097.2
S000005571	YOR045W	S. cerevisiae	TOM6	Translocase of the Outer Mitochondrial membrane	3181	1150	6407.6
S000005572	YOR046C	S. cerevisiae	DBP5	Dead Box Protein	11463	3287	53874.5
S000005573	YOR047C	S. cerevisiae	STD1	Suppressor of Tbp Deletion	721	483	50268.5
S000005574	YOR048C	S. cerevisiae	RAT1	Ribonucleic Acid Trafficking	3466	778	115928.3
S000005575	YOR049C	S. cerevisiae	RSB1	Resistance to Sphingoid long-chain Base	1495		40395.9
S000005576	YOR050C	S. cerevisiae					12363.6
S000005577	YOR051C	S. cerevisiae	ETT1	Enhancer of Translation Termination 1	6756	1870	47314.9
S000005578	YOR052C	S. cerevisiae	TMC1	"Trivalent Metalloid sensitive, Cuz1-related protein"	2550	1159	16744.3
S000005579	YOR053W	S. cerevisiae					15293.6
S000005580	YOR054C	S. cerevisiae	VHS3	Viable in a Hal3 Sit4 background	1413	1062	73595.7
S000005581	YOR055W	S. cerevisiae					15628
S000005582	YOR056C	S. cerevisiae	NOB1	Nin1 (One) Binding protein	4495	1493	51747.7
S000005583	YOR057W	S. cerevisiae	SGT1	Suppressor of G2 (Two) allele of skp1	3159	1122	44855.9
S000005584	YOR058C	S. cerevisiae	ASE1	Anaphase Spindle Elongation	844	563	101641.5
S000005585	YOR059C	S. cerevisiae	LPL1	LD phospholipase	1035	575	51116
S000005586	YOR060C	S. cerevisiae	SLD7	Synthetic Lethality with Dpb11-24	1557	823	29568.2
S000005587	YOR061W	S. cerevisiae	CKA2	Casein Kinase Alpha' subunit	6548	1915	39409
S000005588	YOR062C	S. cerevisiae			1615	426	31882.4
S000005589	YOR063W	S. cerevisiae	RPL3	Ribosomal Protein of the Large subunit	95351	30185	43798.5
S000005590	YOR064C	S. cerevisiae	YNG1	Yeast iNG1 homolog	1204	1098	25354.4
S000005591	YOR065W	S. cerevisiae	CYT1	CYTochrome c1	5162	1173	34056.9
S000005592	YOR066W	S. cerevisiae	MSA1	Mbf and Sbf Associated	981	184	68721.4
S000005593	YOR067C	S. cerevisiae	ALG8	Asparagine-Linked Glycosylation	635	398	67409.4
S000005594	YOR068C	S. cerevisiae	VAM10	VAcuolar Morphogenesis			11762.6
S000005595	YOR069W	S. cerevisiae	VPS5	Vacuolar Protein Sorting	3969	1774	76459.9
S000005596	YOR070C	S. cerevisiae	GYP1	Gtpase-activating protein for YPt1p	1514	965	73287.1
S000005597	YOR071C	S. cerevisiae	NRT1	Nicotinamide Riboside Transporter	345	328	67196
S000005598	YOR072W	S. cerevisiae					12148.4
S000005599	YOR073W	S. cerevisiae	SGO1	"ShuGOshin (Japanese for ""guardian spirit"")"	1128		66719.1
S000005600	YOR074C	S. cerevisiae	CDC21	Cell Division Cycle	6322	2936	35046.6
S000005601	YOR075W	S. cerevisiae	UFE1	Unknown Function Essential	1797	642	40529.4
S000005602	YOR076C	S. cerevisiae	SKI7	SuperKIller	2176	780	84780.7
S000005603	YOR077W	S. cerevisiae	RTS2		1768	791	27069.2
S000005604	YOR078W	S. cerevisiae	BUD21	BUD site selection	3083	1067	24383.2
S000005605	YOR079C	S. cerevisiae	ATX2	AnTioXidant	1688		34397.3
S000005606	YOR080W	S. cerevisiae	DIA2	Digs Into Agar			85093
S000005607	YOR081C	S. cerevisiae	TGL5	TriacylGlycerol Lipase	1922	958	84730.9
S000005608	YOR082C	S. cerevisiae					13233.3
S000005609	YOR083W	S. cerevisiae	WHI5	WHIskey	2478	976	32897.7
S000005610	YOR084W	S. cerevisiae	LPX1	Lipase of PeroXisomes	2891	541	43730.5
S000005611	YOR085W	S. cerevisiae	OST3	OligoSaccharylTransferase	4142	2026	39487.6
S000005612	YOR086C	S. cerevisiae	TCB1	Three Calcium and lipid Binding domains (TriCalBins)	8063	3085	133575.1
S000005613	YOR087W	S. cerevisiae	YVC1	Yeast Vacuolar Conductance	2628	817	77937.4
S000005615	YOR089C	S. cerevisiae	VPS21	Vacuolar Protein Sorting	8704	2068	23075.2
S000005616	YOR090C	S. cerevisiae	PTC5	Phosphatase Two C	4875	1411	63674.6
S000005617	YOR091W	S. cerevisiae	TMA46	Translation Machinery Associated	5032	1503	39531.7
S000005618	YOR092W	S. cerevisiae	ECM3	ExtraCellular Mutant	551	496	68019.4
S000005619	YOR093C	S. cerevisiae	CMR2	Changed Mutation Rate	823	575	186931.5
S000005620	YOR094W	S. cerevisiae	ARF3	ADP-Ribosylation Factor	3570	875	20703.4
S000005621	YOR095C	S. cerevisiae	RKI1	Ribose-5-phosphate Ketol-Isomerase	5680	2808	28253.3
S000005622	YOR096W	S. cerevisiae	RPS7A	Ribosomal Protein of the Small subunit	70601	40236	21632.5
S000005623	YOR097C	S. cerevisiae			1013	320	19407.9
S000005624	YOR098C	S. cerevisiae	NUP1	NUclear Pore	3690	964	113615.1
S000005625	YOR099W	S. cerevisiae	KTR1	Kre Two Related	6305	2790	46016.4
S000005626	YOR100C	S. cerevisiae	CRC1	CaRnitine Carrier	603	383	34771.7
S000005627	YOR101W	S. cerevisiae	RAS1	homologous to RAS proto-oncogene	2813	977	34342
S000005628	YOR102W	S. cerevisiae					13306.3
S000005629	YOR103C	S. cerevisiae	OST2	OligoSaccharylTransferase	3771	1405	14704.7
S000005630	YOR104W	S. cerevisiae	PIN2	Psi+ INducibility	1887	654	32080.9
S000005631	YOR105W	S. cerevisiae			2284	1386	12342.2
S000005632	YOR106W	S. cerevisiae	VAM3	VAcuolar Morphogenesis	1394	729	32496
S000005633	YOR107W	S. cerevisiae	RGS2	Regulator of heterotrimeric G protein Signaling	1417		35105.7
S000005634	YOR108W	S. cerevisiae	LEU9	LEUcine biosynthesis	8863	4853	67195.9
S000005635	YOR109W	S. cerevisiae	INP53	INositol polyphosphate 5-Phosphatase	4378	1482	124575.1
S000005636	YOR110W	S. cerevisiae	TFC7		3046	1830	49123.4
S000005637	YOR111W	S. cerevisiae			2521	1420	26464.3
S000005638	YOR112W	S. cerevisiae	CEX1	Cytoplasmic EXport protein	3031	1336	84756.2
S000005639	YOR113W	S. cerevisiae	AZF1	Asparagine-rich Zinc-Finger	1058	768	101169.4
S000005640	YOR114W	S. cerevisiae	DPI34	Delta-Psi dependent mitochondrial Import protein of ~34 kDa	1193		35001.1
S000005641	YOR115C	S. cerevisiae	TRS33	TRapp Subunit	2037	662	30744.5
S000005642	YOR116C	S. cerevisiae	RPO31	RNA POlymerase	5592	1462	162314.5
S000005643	YOR117W	S. cerevisiae	RPT5	"Regulatory Particle Triple-A protein, or Regulatory Particle Triphosphatase"	16309	2546	48240.3
S000005644	YOR118W	S. cerevisiae	RTC5	Restriction of Telomere Capping	2532	464	64286.1
S000005645	YOR119C	S. cerevisiae	RIO1	RIght Open reading frame	2350	481	56115.8
S000005646	YOR120W	S. cerevisiae	GCY1	Galactose-inducible Crystallin-like Yeast protein	6796	2739	35080.5
S000005647	YOR121C	S. cerevisiae					12390.3
S000005648	YOR122C	S. cerevisiae	PFY1	ProFilin of Yeast	22053	6496	13674.6
S000005649	YOR123C	S. cerevisiae	LEO1	LEft Open reading frame	4325	1172	53849.3
S000005650	YOR124C	S. cerevisiae	UBP2	UBiquitin-specific Protease	3682	2561	146306.7
S000005651	YOR125C	S. cerevisiae	CAT5	CATabolite repression	2298	1164	26061
S000005652	YOR126C	S. cerevisiae	IAH1	Isoamyl Acetate-Hydrolyzing esterase	5186	1675	27340.4
S000005653	YOR127W	S. cerevisiae	RGA1	Rho GTPase Activating Protein	1328	948	112821.9
S000005654	YOR128C	S. cerevisiae	ADE2	ADEnine requiring	12048	3839	62339
S000005655	YOR129C	S. cerevisiae	AFI1	ArF3-Interacting protein	235	229	102240.1
S000005656	YOR130C	S. cerevisiae	ORT1	ORnithine Transporter	2197	1060	31530
S000005657	YOR131C	S. cerevisiae			4045	1986	24837.3
S000005658	YOR132W	S. cerevisiae	VPS17	Vacuolar Protein Sorting	2829	1170	63202.5
S000005659	YOR133W	S. cerevisiae	EFT1	Elongation Factor Two	52464	37029	93279.1
S000005660	YOR134W	S. cerevisiae	BAG7		645	633	46215.9
S000005661	YOR135C	S. cerevisiae	IRC14				12548.2
S000005662	YOR136W	S. cerevisiae	IDH2	Isocitrate DeHydrogenase	18982	8812	39743.9
S000005663	YOR137C	S. cerevisiae	SIA1	Suppressor of eIF5A	206	193	71847.5
S000005664	YOR138C	S. cerevisiae	RUP1	Rsp5-Ubp2 interacting Protein	3867	800	75314.5
S000005665	YOR139C	S. cerevisiae					13600.1
S000005666	YOR140W	S. cerevisiae	SFL1	Suppressor gene for FLocculation	1234	1212	83351.7
S000005667	YOR141C	S. cerevisiae	ARP8	Actin-Related Protein	2961	1715	100148.5
S000005668	YOR142W	S. cerevisiae	LSC1	Ligase of Succinyl-CoA	16382	8052	35035.8
S000005669	YOR143C	S. cerevisiae	THI80	THIamine metabolism	2263	607	36612.4
S000005670	YOR144C	S. cerevisiae	ELG1	Enhanced Level of Genomic instability	1053	171	91257.5
S000005671	YOR145C	S. cerevisiae	PNO1	Partner of NOb1	3896	2581	30335.9
S000005672	YOR146W	S. cerevisiae					10736.8
S000005673	YOR147W	S. cerevisiae	MDM32	Mitochondrial Distribution and Morphology	1638	785	72043.8
S000005674	YOR148C	S. cerevisiae	SPP2	Suppressor of PrP	1012	261	20651.6
S000005675	YOR149C	S. cerevisiae	SMP3	Stable Maintenance of pSRI	773	390	59893
S000005676	YOR150W	S. cerevisiae	MRPL23	"Mitochondrial Ribosomal Protein, Large subunit"	3609	976	18479.8
S000005677	YOR151C	S. cerevisiae	RPB2	RNA Polymerase B	14417	3148	138736
S000005678	YOR152C	S. cerevisiae	ATG40	AuTophaGy related	1890	1228	29685.9
S000005679	YOR153W	S. cerevisiae	PDR5	Pleiotropic Drug Resistance	10371	4608	170444.9
S000005680	YOR154W	S. cerevisiae	SLP1	SUN-Like Protein	1750	910	67435.8
S000005681	YOR155C	S. cerevisiae	ISN1	IMP-Specific 5'-Nucleotidase	3377	2006	51315.4
S000005682	YOR156C	S. cerevisiae	NFI1	Neck Filament Interacting	755	201	81177.1
S000005683	YOR157C	S. cerevisiae	PUP1	PUtative Proteasome subunit	11679	5298	28264.2
S000005684	YOR158W	S. cerevisiae	PET123	PETite colonies	4581	1499	36018.8
S000005685	YOR159C	S. cerevisiae	SME1	Sm protein E	737	413	10373.2
S000005686	YOR160W	S. cerevisiae	MTR10	Mrna TRansport defective	2988	557	110696.8
S000005687	YOR161C	S. cerevisiae	PNS1	pH Nine Sensitive	1274	1236	60257.4
S000005688	YOR162C	S. cerevisiae	YRR1	Yeast Reveromycin-A Resistant	622	404	92475.9
S000005689	YOR163W	S. cerevisiae	DDP1	Diadenosine and Diphosphoinositol Polyphosphate phosphohydrolase	3655	905	21574.8
S000005690	YOR164C	S. cerevisiae	GET4	Guided Entry Tail-anchored proteins	6968	2967	36267.4
S000005691	YOR165W	S. cerevisiae	SEY1	Synthetic Enhancement of YOP1	4191	782	89400
S000005692	YOR166C	S. cerevisiae	SWT1	Synthetically lethal With Trex	1307	300	52355.2
S000005693	YOR167C	S. cerevisiae	RPS28A	Ribosomal Protein of the Small subunit	49393	22983	7597
S000005694	YOR168W	S. cerevisiae	GLN4	GLutamiNe metabolism	18548	5534	93140.8
S000005695	YOR169C	S. cerevisiae					18715.8
S000005696	YOR170W	S. cerevisiae					11579.7
S000005697	YOR171C	S. cerevisiae	LCB4	Long-Chain Base	3101	1352	69633
S000005698	YOR172W	S. cerevisiae	YRM1	Yeast Reveromycin resistance Modulator	267	143	91084.3
S000005699	YOR173W	S. cerevisiae	DCS2	DeCapping Scavenger	6694	3226	40933.8
S000005700	YOR174W	S. cerevisiae	MED4	MEDiator complex	1992	401	32180.1
S000005701	YOR175C	S. cerevisiae	ALE1	Acyltransferase for Lyso-phosphatidylEthanolamine	2998	853	72257.8
S000005702	YOR176W	S. cerevisiae	HEM15	HEMe biosynthesis	8079	4323	44604.6
S000005703	YOR177C	S. cerevisiae	MPC54	Meiotic Plaque Component	1127	299	54360.9
S000005704	YOR178C	S. cerevisiae	GAC1	Glycogen ACcumulation	822	219	88513.4
S000005705	YOR179C	S. cerevisiae	SYC1	Similar to Ysh1 C-terminal	2404	1022	20862
S000005706	YOR180C	S. cerevisiae	DCI1	"delta(3,5)-delta(2,4)-Dienoyl-CoA Isomerase"			30062.2
S000005707	YOR181W	S. cerevisiae	LAS17		2743	1007	67579.6
S000005708	YOR182C	S. cerevisiae	RPS30B	Ribosomal Protein of the Small subunit	48028	11120	7134.7
S000005709	YOR183W	S. cerevisiae	FYV12	Function required for Yeast Viability			14807.7
S000005710	YOR184W	S. cerevisiae	SER1	SERine requiring	25177	8659	43409.9
S000005711	YOR185C	S. cerevisiae	GSP2	Genetic Suppressor of Prp20-1	4228	2047	24988.7
S000005712	YOR186W	S. cerevisiae			1385		16172.6
S000005713	YOR187W	S. cerevisiae	TUF1		14557	6338	47966.7
S000005714	YOR188W	S. cerevisiae	MSB1	Multicopy Suppression of a Budding defect	1616	322	129989.9
S000005715	YOR189W	S. cerevisiae	IES4	Ino Eighty Subunit	3441	558	13086.3
S000005716	YOR190W	S. cerevisiae	SPR1	SPorulation Regulated			51796.8
S000005717	YOR191W	S. cerevisiae	ULS1	Ubiquitin Ligase for SUMO conjugates	1434	507	184408
S000005718	YOR192C	S. cerevisiae	THI72	THI7 homolog 2	1244		67185
S000005719	YOR193W	S. cerevisiae	PEX27	PEroXisome related	451	216	44151.5
S000005720	YOR194C	S. cerevisiae	TOA1		2599	1754	32169
S000005721	YOR195W	S. cerevisiae	SLK19	Synthetic Lethal Kar3p	2875	1871	95325.1
S000005722	YOR196C	S. cerevisiae	LIP5	LIPoic acid	3986	289	46269
S000005723	YOR197W	S. cerevisiae	MCA1	MetaCAspase	5025	2001	47972.9
S000005724	YOR198C	S. cerevisiae	BFR1	BreFeldin A Resistance	33400	10203	54652
S000005725	YOR199W	S. cerevisiae					13232.9
S000005726	YOR200W	S. cerevisiae					14676.5
S000005727	YOR201C	S. cerevisiae	MRM1	Mitochondrial rRNA Methyltransferase	2056	569	46398.8
S000005728	YOR202W	S. cerevisiae	HIS3	HIStidine	1640	530	23826.4
S000005729	YOR203W	S. cerevisiae					14191.7
S000005730	YOR204W	S. cerevisiae	DED1	Defines Essential Domain	25034	5043	65554.7
S000005731	YOR205C	S. cerevisiae	GEP3	GEnetic interactors of Prohibitins	985	524	63878.3
S000005732	YOR206W	S. cerevisiae	NOC2	NucleOlar Complex associated	7496	3410	81608.2
S000005733	YOR207C	S. cerevisiae	RET1	Reduced Efficiency of Termination	4680	1995	129466.2
S000005734	YOR208W	S. cerevisiae	PTP2	Protein Tyrosine Phosphatase	231	137	85891.6
S000005735	YOR209C	S. cerevisiae	NPT1	Nicotinate PhosphoribosylTransferase	15376	6198	49016
S000005736	YOR210W	S. cerevisiae	RPB10	RNA Polymerase B	17845	5698	8278.8
S000005737	YOR211C	S. cerevisiae	MGM1	Mitochondrial Genome Maintenance	4269	1047	99178.8
S000005738	YOR212W	S. cerevisiae	STE4	STErile	2889	994	46575.7
S000005739	YOR213C	S. cerevisiae	SAS5	Something About Silencing	1341	169	29010.6
S000005740	YOR214C	S. cerevisiae	SPR2	SPorulation-Regulated	21663	19859	26134.7
S000005741	YOR215C	S. cerevisiae	AIM41	Altered Inheritance of Mitochondria	6997	3006	21240.2
S000005742	YOR216C	S. cerevisiae	RUD3	Relieves Uso1-1 transport Defect	4630	1827	56031.9
S000005743	YOR217W	S. cerevisiae	RFC1	Replication Factor C	3902	1542	94925.4
S000005744	YOR218C	S. cerevisiae					16013.8
S000005745	YOR219C	S. cerevisiae	STE13	STErile	1395	321	107179.9
S000005746	YOR220W	S. cerevisiae	RCN2	Regulator of CalciNeurin	3606	1168	29256.1
S000005747	YOR221C	S. cerevisiae	MCT1	Malonyl-CoA:ACP Transferase	2706	1235	40705.7
S000005748	YOR222W	S. cerevisiae	ODC2	OxoDicarboxylate Carrier	9909	5940	34026.5
S000005749	YOR223W	S. cerevisiae	DSC3	Defective for SREBP Cleavage	1295	928	32926.3
S000005750	YOR224C	S. cerevisiae	RPB8	RNA Polymerase B	6275	1472	16504.6
S000005751	YOR225W	S. cerevisiae					12698.4
S000005752	YOR226C	S. cerevisiae	ISU2	IscU homolog	4167	2065	16939
S000005753	YOR227W	S. cerevisiae	HER1	Hmg2p ER Remodeling	1262	729	139476.6
S000005754	YOR228C	S. cerevisiae	MCP1	Mdm10 Complementing Protein			34006.5
S000005755	YOR229W	S. cerevisiae	WTM2	WD repeat containing Transcriptional Modulator	3364	1098	51926.5
S000005756	YOR230W	S. cerevisiae	WTM1	WD repeat containing Transcriptional Modulator	21883	7927	48367
S000005757	YOR231W	S. cerevisiae	MKK1	Mitogen-activated protein Kinase-Kinase	1269	318	56724.9
S000005758	YOR232W	S. cerevisiae	MGE1	Mitochondrial GrpE	10216	6150	26067.8
S000005759	YOR233W	S. cerevisiae	KIN4	KINase	1740	650	90115.4
S000005760	YOR234C	S. cerevisiae	RPL33B	Ribosomal Protein of the Large subunit	42035	19121	12184.4
S000005761	YOR235W	S. cerevisiae	IRC13	Increased Recombination Centers			12393.8
S000005762	YOR236W	S. cerevisiae	DFR1	DihydroFolate Reductase	2745	842	24262.3
S000005763	YOR237W	S. cerevisiae	HES1	Homologous to kES1	5884	4428	49503.4
S000005764	YOR238W	S. cerevisiae			1868	921	35206.2
S000005765	YOR239W	S. cerevisiae	ABP140	Actin Binding Protein	9715	1533	71433.2
S000005767	YOR241W	S. cerevisiae	MET7	METhionine requiring	6591	1460	62160.1
S000005768	YOR242C	S. cerevisiae	SSP2	Sporulation SPecific	3000		43107.1
S000005769	YOR243C	S. cerevisiae	PUS7	PseudoUridine Synthase	6354	2475	77004.3
S000005770	YOR244W	S. cerevisiae	ESA1		1772	610	52614.4
S000005771	YOR245C	S. cerevisiae	DGA1	DiacylGlycerol Acyltransferase	1431	524	47732.9
S000005772	YOR246C	S. cerevisiae	ENV9	late ENdosome and Vacuole interface function	1634	661	37488.9
S000005773	YOR247W	S. cerevisiae	SRL1	Suppressor of Rad53 null Lethality	3304	1475	22040.1
S000005774	YOR248W	S. cerevisiae					11109.4
S000005775	YOR249C	S. cerevisiae	APC5	Anaphase Promoting Complex	424	340	79253.5
S000005776	YOR250C	S. cerevisiae	CLP1	CLeavage/Polyadenylation factor Ia subunit	2294	815	50217.1
S000005777	YOR251C	S. cerevisiae	TUM1	ThioUridine Modification	7816	2046	34213.2
S000005778	YOR252W	S. cerevisiae	TMA16	Translation Machinery Associated	3718	755	20854.4
S000005779	YOR253W	S. cerevisiae	NAT5	N-terminal AcetylTransferase	5530	3027	19727.9
S000005780	YOR254C	S. cerevisiae	SEC63	SECretory	9491	3050	75321
S000005781	YOR255W	S. cerevisiae	OSW1	Outer Spore Wall			32788.5
S000005782	YOR256C	S. cerevisiae	TRE2	Transferrrin REceptor like	738	360	91969.8
S000005783	YOR257W	S. cerevisiae	CDC31	Cell Division Cycle	3975	1572	18732.1
S000005784	YOR258W	S. cerevisiae	HNT3	Histidine triad NucleoTide-binding	724	536	25760.6
S000005785	YOR259C	S. cerevisiae	RPT4	"Regulatory Particle Triple-A protein, or Regulatory Particle Triphosphatase"	11657	3490	49397.7
S000005786	YOR260W	S. cerevisiae	GCD1	General Control Derepressed	7227	1256	65671
S000005787	YOR261C	S. cerevisiae	RPN8	Regulatory Particle Non-ATPase	10410	3779	38302.9
S000005788	YOR262W	S. cerevisiae	GPN2	Gly-Pro-Asn (N) motif	2644	562	39694.2
S000005789	YOR263C	S. cerevisiae					15240.7
S000005790	YOR264W	S. cerevisiae	DSE3	Daughter Specific Expression	566	456	48098.3
S000005791	YOR265W	S. cerevisiae	RBL2	Rescues Beta-tubulin Lethality	5425	3194	12374
S000005792	YOR266W	S. cerevisiae	PNT1	PeNTamidine resistance	1460	290	48952.5
S000005793	YOR267C	S. cerevisiae	HRK1	Hygromycin Resistance Kinase	3544	1084	85692.1
S000005794	YOR268C	S. cerevisiae			1236		15201.9
S000005795	YOR269W	S. cerevisiae	PAC1	Perish in the Absence of Cin8p	1143	1028	56901.4
S000005796	YOR270C	S. cerevisiae	VPH1	Vacuolar pH	20462	11132	95502.3
S000005797	YOR271C	S. cerevisiae	FSF1	Fungal SideroFlexin 1	6426	2776	35427.7
S000005798	YOR272W	S. cerevisiae	YTM1		5793	2005	51356.3
S000005799	YOR273C	S. cerevisiae	TPO4	Transporter of POlyamines	3846	2713	73226.5
S000005800	YOR274W	S. cerevisiae	MOD5	tRNA MODification	2196	274	50249.3
S000005801	YOR275C	S. cerevisiae	RIM20	Regulator of IME2	2294	240	75940
S000005802	YOR276W	S. cerevisiae	CAF20	Cap Associated Factor	17776	6230	18216.4
S000005803	YOR277C	S. cerevisiae					10480.3
S000005804	YOR278W	S. cerevisiae	HEM4	HEMe biosynthesis	2088	607	30913.9
S000005805	YOR279C	S. cerevisiae	RFM1	Repression Factor of Middle sporulation element	1201	453	35199.5
S000005806	YOR280C	S. cerevisiae	FSH3	Family of Serine Hydrolases	3330	1909	30414.6
S000005807	YOR281C	S. cerevisiae	PLP2	Phosducin-Like Protein	5008	1504	32767.5
S000005808	YOR282W	S. cerevisiae					12163.5
S000005809	YOR283W	S. cerevisiae			6910	1692	26177.9
S000005810	YOR284W	S. cerevisiae	HUA2		1384	237	28420.2
S000005811	YOR285W	S. cerevisiae	RDL1	RhoDanese-Like protein	13993	4430	15410.4
S000005812	YOR286W	S. cerevisiae	RDL2	RhoDanese-Like protein	6888	2355	16706.6
S000005813	YOR287C	S. cerevisiae	RRP36	Ribosomal RNA Processing	1056	744	36129
S000005814	YOR288C	S. cerevisiae	MPD1	Multicopy suppressor of PDI1 deletion	3140	1495	36428.5
S000005815	YOR289W	S. cerevisiae			2091	654	29102.5
S000005816	YOR290C	S. cerevisiae	SNF2	Sucrose NonFermenting	2320	766	194044.7
S000005817	YOR291W	S. cerevisiae	YPK9	Yeast ParK9	2090	716	166728.2
S000005818	YOR292C	S. cerevisiae					36188.4
S000005819	YOR293W	S. cerevisiae	RPS10A	Ribosomal Protein of the Small subunit	15898	12223	12741.6
S000005820	YOR294W	S. cerevisiae	RRS1	Regulator of Ribosome Synthesis	8642	628	22971.7
S000005821	YOR295W	S. cerevisiae	UAF30	Upstream Activation Factor subunit	846	475	25971.4
S000005822	YOR296W	S. cerevisiae			448	402	147442.9
S000005823	YOR297C	S. cerevisiae	TIM18	Translocase of the Inner Mitochondrial membrane	1778	1112	21976.6
S000005824	YOR298W	S. cerevisiae	MUM3	MUddled Meiosis			57249.2
S000005825	YOR299W	S. cerevisiae	BUD7	BUD site selection	2070	1327	84807.7
S000005826	YOR300W	S. cerevisiae					12234.8
S000005827	YOR301W	S. cerevisiae	RAX1	Revert to Axial	1045	851	50160.1
S000005828	YOR302W	S. cerevisiae			7438	3675	2978.3
S000005829	YOR303W	S. cerevisiae	CPA1	Carbamyl Phosphate synthetase A	9502	6126	45361
S000005830	YOR304C-A	S. cerevisiae	BIL1	Bud6-Interacting Ligand	3005	1984	8610.6
S000005831	YOR304W	S. cerevisiae	ISW2	Imitation SWitch subfamily	2705	947	130317.7
S000005832	YOR305W	S. cerevisiae	RRG7	Required for Respiratory Growth	1420	653	27979.9
S000005833	YOR306C	S. cerevisiae	MCH5	MonoCarboxylate transporter Homolog			57571.5
S000005834	YOR307C	S. cerevisiae	SLY41	Suppressor of Loss of Ypt1	1322	811	50923.2
S000005835	YOR308C	S. cerevisiae	SNU66	Small NUclear ribonucleoprotein associated	1709	368	66425.8
S000005836	YOR309C	S. cerevisiae					16346.9
S000005837	YOR310C	S. cerevisiae	NOP58	NucleOlar Protein of 58 kDa	28378	6979	56965.9
S000005838	YOR311C	S. cerevisiae	DGK1	DiacylGlycerol Kinase	3480	1627	32844.3
S000005839	YOR312C	S. cerevisiae	RPL20B	Ribosomal Protein of the Large subunit	49393	8934	20457.1
S000005840	YOR313C	S. cerevisiae	SPS4	SPorulation Specific trancript			38605.7
S000005841	YOR314W	S. cerevisiae					12524.7
S000005842	YOR315W	S. cerevisiae	SFG1	SuperFicial pseudohyphal Growth	2284	924	39023.6
S000005843	YOR316C	S. cerevisiae	COT1	CObalt Toxicity	3101	1053	48139.2
S000005844	YOR317W	S. cerevisiae	FAA1	Fatty Acid Activation	24250	10059	77868.1
S000005845	YOR318C	S. cerevisiae					11620.7
S000005846	YOR319W	S. cerevisiae	HSH49	Human Sap Homolog	2397	1178	24509.4
S000005847	YOR320C	S. cerevisiae	GNT1	GlcNAc Transferase	3835	1739	57581.9
S000005848	YOR321W	S. cerevisiae	PMT3	Protein O-MannosylTransferase	2478	940	86317.3
S000005849	YOR322C	S. cerevisiae	LDB19	Low Dye Binding	1299	1061	89834.1
S000005850	YOR323C	S. cerevisiae	PRO2	PROline requiring	9049	6337	49728.9
S000005851	YOR324C	S. cerevisiae	FRT1	Functionally Related to TCP1	634	375	67309.4
S000005852	YOR325W	S. cerevisiae					16881.7
S000005853	YOR326W	S. cerevisiae	MYO2	MYOsin	6007	2768	180661.9
S000005854	YOR327C	S. cerevisiae	SNC2	Suppressor of the Null allele of CAP	4376	1853	12959.2
S000005855	YOR328W	S. cerevisiae	PDR10	Pleiotropic Drug Resistance	1078	833	176469.5
S000005856	YOR329C	S. cerevisiae	SCD5	Suppressor of Clathrin Deficiency	1490	786	97306.7
S000005857	YOR330C	S. cerevisiae	MIP1	MItochondrial DNA Polymerase	562	465	143532.1
S000005858	YOR331C	S. cerevisiae					20504.4
S000005859	YOR332W	S. cerevisiae	VMA4	Vacuolar Membrane Atpase	40566	7966	26467.6
S000005860	YOR333C	S. cerevisiae					16206.1
S000005861	YOR334W	S. cerevisiae	MRS2	Mitochondrial RNA Splicing	738	363	54221.5
S000005862	YOR335C	S. cerevisiae	ALA1	ALAnyl-tRNA synthetase	47441	10334	107252.8
S000005863	YOR336W	S. cerevisiae	KRE5	Killer toxin REsistant	2635	984	156426.1
S000005864	YOR337W	S. cerevisiae	TEA1	Ty Enhancer Activator	1735	254	86827.9
S000005865	YOR338W	S. cerevisiae					42130
S000005866	YOR339C	S. cerevisiae	UBC11	UBiquitin Carrier	1331	52	17745.3
S000005867	YOR340C	S. cerevisiae	RPA43	RNA Polymerase A	7388	2886	36203.2
S000005868	YOR341W	S. cerevisiae	RPA190	RNA Polymerase A	14969	5429	186426.8
S000005869	YOR342C	S. cerevisiae			1904	966	36904
S000005870	YOR343C	S. cerevisiae					12187.5
S000005871	YOR344C	S. cerevisiae	TYE7	Ty1-mediated Expression	866	610	32674.3
S000005872	YOR345C	S. cerevisiae					12872.2
S000005873	YOR346W	S. cerevisiae	REV1	REVersionless	1282	1276	112242.7
S000005874	YOR347C	S. cerevisiae	PYK2	PYruvate Kinase	3204	777	55192.9
S000005875	YOR348C	S. cerevisiae	PUT4	Proline UTilization	407		68789.1
S000005876	YOR349W	S. cerevisiae	CIN1	Chromosome INstability	984	809	116658
S000005877	YOR350C	S. cerevisiae	MNE1		1019	773	77240.7
S000005878	YOR351C	S. cerevisiae	MEK1	MEiotic Kinase			56853.3
S000005879	YOR352W	S. cerevisiae	TFB6		2859	945	39256.9
S000005880	YOR353C	S. cerevisiae	SOG2		1811	707	87326
S000005881	YOR354C	S. cerevisiae	MSC6	Meiotic Sister-Chromatid recombination	3561	1039	79952.1
S000005882	YOR355W	S. cerevisiae	GDS1		2134	804	57053.1
S000005883	YOR356W	S. cerevisiae	CIR2	Changed Intracellular Redox state	3898	1439	69636.5
S000005884	YOR357C	S. cerevisiae	SNX3	Sorting NeXin	3403	1357	18774.9
S000005885	YOR358W	S. cerevisiae	HAP5	Heme Activator Protein	1379	513	27652.9
S000005886	YOR359W	S. cerevisiae	VTS1	VTi1-2 Suppressor	3371	1284	57561.6
S000005887	YOR360C	S. cerevisiae	PDE2	PhosphoDiEsterase	2820	1347	60989.3
S000005888	YOR361C	S. cerevisiae	PRT1	PRoTein synthesis	26937	9088	88116.6
S000005889	YOR362C	S. cerevisiae	PRE10	PRoteinase yscE	15024	3480	31521.3
S000005890	YOR363C	S. cerevisiae	PIP2	Peroxisome Induction Pathway	1148	570	114713.7
S000005891	YOR364W	S. cerevisiae					14787.8
S000005892	YOR365C	S. cerevisiae					80303.8
S000005893	YOR366W	S. cerevisiae					13104.7
S000005894	YOR367W	S. cerevisiae	SCP1	S. cerevisiae CalPonin	3434	1722	22752.3
S000005895	YOR368W	S. cerevisiae	RAD17	RADiation sensitive	490	322	45564
S000005896	YOR369C	S. cerevisiae	RPS12	Ribosomal Protein of the Small subunit	65711	53507	15461.8
S000005897	YOR370C	S. cerevisiae	MRS6	Mitochondrial RNA Splicing	4679	988	67340.2
S000005898	YOR371C	S. cerevisiae	GPB1		1975	676	100930.8
S000005899	YOR372C	S. cerevisiae	NDD1	Nuclear Division Defective	511	451	60537.5
S000005900	YOR373W	S. cerevisiae	NUD1		1638	773	94100.1
S000005901	YOR374W	S. cerevisiae	ALD4	ALdehyde Dehydrogenase	22200	7817	56721.1
S000005902	YOR375C	S. cerevisiae	GDH1	Glutamate DeHydrogenase	55615	32892	49564.4
S000005903	YOR376W	S. cerevisiae					13808.5
S000005904	YOR377W	S. cerevisiae	ATF1	AcetylTransFerase	1734	622	61032.6
S000005905	YOR378W	S. cerevisiae	AMF1	AMmonium Facilitator	1184		56114.6
S000005906	YOR379C	S. cerevisiae					13297.7
S000005907	YOR380W	S. cerevisiae	RDR1	Repressor of Drug Resistance	952	214	61289.9
S000005908	YOR381W	S. cerevisiae	FRE3	Ferric REductase			80586.8
S000005909	YOR382W	S. cerevisiae	FIT2	Facilitator of Iron Transport	5744	2425	15303
S000005910	YOR383C	S. cerevisiae	FIT3	Facilitator of Iron Transport	3625		19824.3
S000005911	YOR384W	S. cerevisiae	FRE5	Ferric REductase	2212	1793	80304.1
S000005912	YOR385W	S. cerevisiae			1981	1236	34071.1
S000005913	YOR386W	S. cerevisiae	PHR1	PHotoreactivation Repair deficient	967	347	66292.8
S000005914	YOR387C	S. cerevisiae			1244	92	22131
S000005915	YOR388C	S. cerevisiae	FDH1	Formate DeHydrogenase	1000	292	41709.7
S000005916	YOR389W	S. cerevisiae			1580	640	70193.5
S000005917	YOR390W	S. cerevisiae	FEX1		1032	598	41992.7
S000005918	YOR391C	S. cerevisiae	HSP33	Heat-Shock Protein	350	19	25926.6
S000005919	YOR392W	S. cerevisiae					16950.3
S000005920	YOR393W	S. cerevisiae	ERR1	Enolase-Related Repeat	1991		47312
S000005921	YOR394W	S. cerevisiae	PAU21	seriPAUperin	3088		17713.5
S000005922	YPL001W	S. cerevisiae	HAT1	Histone AcetylTransferase	2339	757	43861.8
S000005923	YPL002C	S. cerevisiae	SNF8	Sucrose NonFermenting	944	575	26949.3
S000005924	YPL003W	S. cerevisiae	ULA1	Ubiquitin-Like protein Activation	1140	415	52841
S000005925	YPL004C	S. cerevisiae	LSP1	Long chain bases Stimulate Phosphorylation	26182	14011	38042.3
S000005926	YPL005W	S. cerevisiae	AEP3	ATPase ExPression	1688	72	70350.1
S000005927	YPL006W	S. cerevisiae	NCR1	Niemann-pick type C Related	1907	1026	132616.8
S000005928	YPL007C	S. cerevisiae	TFC8	Transcription Factor C	1632	297	67676
S000005929	YPL008W	S. cerevisiae	CHL1	CHromosome Loss	394	336	98810.9
S000005930	YPL009C	S. cerevisiae	RQC2	Ribosome Quality control Complex	6652	2245	119049.3
S000005931	YPL010W	S. cerevisiae	RET3	RETrieval from ER	7856	1525	21679.8
S000005932	YPL011C	S. cerevisiae	TAF3	TATA binding protein-Associated Factor	2481	1140	40273.3
S000005933	YPL012W	S. cerevisiae	RRP12	Ribosomal RNA Processing	8407	2781	137506
S000005934	YPL013C	S. cerevisiae	MRPS16	"Mitochondrial Ribosomal Protein, Small subunit"	2861	1497	13652.3
S000005935	YPL014W	S. cerevisiae	CIP1	Cdk1 Interacting Protein	3054	897	42483
S000005936	YPL015C	S. cerevisiae	HST2	Homolog of SIR Two (SIR2)	3468	1188	39967.6
S000005937	YPL016W	S. cerevisiae	SWI1	SWItching deficient	2331	704	147951.9
S000005938	YPL017C	S. cerevisiae	IRC15	Increased Recombination Centers	1446	1172	54147.8
S000005939	YPL018W	S. cerevisiae	CTF19	Chromosome Transmission Fidelity	1265	335	42788.7
S000005940	YPL019C	S. cerevisiae	VTC3	Vacuolar Transporter Chaperone	8066	5436	96553.2
S000005941	YPL020C	S. cerevisiae	ULP1	UbL-specific Protease	1567	941	72404.9
S000005942	YPL021W	S. cerevisiae	ECM23	ExtraCellular Mutant	3422		20633.1
S000005943	YPL022W	S. cerevisiae	RAD1	RADiation sensitive	753	164	126335.2
S000005944	YPL023C	S. cerevisiae	MET12	METhionine requiring	5122	2108	73917.1
S000005945	YPL024W	S. cerevisiae	RMI1	RecQ Mediated genome Instability	1471	29	26865.9
S000005946	YPL025C	S. cerevisiae					20612.6
S000005947	YPL026C	S. cerevisiae	SKS1	Suppressor Kinase of SNF3	2277	811	57820.4
S000005948	YPL027W	S. cerevisiae	SMA1	Spore Membrane Assembly			28421.4
S000005949	YPL028W	S. cerevisiae	ERG10	ERGosterol biosynthesis	26405	8946	41729.2
S000005950	YPL029W	S. cerevisiae	SUV3	SUppressor of Var1	882	599	84341.4
S000005951	YPL030W	S. cerevisiae	TRM44	TRna Methyltransferase	3625	969	64862.8
S000005952	YPL031C	S. cerevisiae	PHO85	PHOsphate metabolism	4130	664	34908.6
S000005953	YPL032C	S. cerevisiae	SVL3	Styryl dye Vacuolar Localization	4216	2180	92151.4
S000005954	YPL033C	S. cerevisiae	SRL4	Suppressor of Rad53 null Lethality or Suppressor of Rad53 and Lcd1			31925.2
S000005955	YPL034W	S. cerevisiae			286	72	18918.5
S000005956	YPL035C	S. cerevisiae					13379.9
S000005957	YPL036W	S. cerevisiae	PMA2	Plasma Membrane ATPase	40689	20032	102138.6
S000005958	YPL037C	S. cerevisiae	EGD1	Enhancer of Gal4 DNA binding	46777	28777	17018.4
S000005959	YPL038W	S. cerevisiae	MET31	METhionine requiring	988	647	19565.8
S000005960	YPL039W	S. cerevisiae					36120.7
S000005961	YPL040C	S. cerevisiae	ISM1	Isoleucyl tRNA Synthetase of Mitochondria	1345	607	115800.7
S000005962	YPL041C	S. cerevisiae	MRX11	Mitochondrial oRganization of gene eXpression (MIOREX)	591	569	24183.1
S000005963	YPL042C	S. cerevisiae	SSN3	Suppressor of SNf1	628	315	62872
S000005964	YPL043W	S. cerevisiae	NOP4	NucleOlar Protein	5837	1929	77842.3
S000005965	YPL044C	S. cerevisiae					19684
S000005966	YPL045W	S. cerevisiae	VPS16	Vacuolar Protein Sorting	1798	714	92740.1
S000005967	YPL046C	S. cerevisiae	ELC1	ELongin C	1392	667	11316.8
S000005968	YPL047W	S. cerevisiae	SGF11	SaGa associated Factor 11kDa	3299	653	11284.8
S000005969	YPL048W	S. cerevisiae	CAM1	Calcium And Membrane-binding protein	23200	5549	47091.1
S000005970	YPL049C	S. cerevisiae	DIG1	Down-regulator of Invasive Growth	3044	1156	49360
S000005971	YPL050C	S. cerevisiae	MNN9	MaNNosyltransferase	4596	2007	45949.9
S000005972	YPL051W	S. cerevisiae	ARL3	ADP-Ribosylation factor-Like	2024	623	22780.5
S000005973	YPL052W	S. cerevisiae	OAZ1	Ornithine decarboxylase AntiZyme	656	620	34044.6
S000005974	YPL053C	S. cerevisiae	KTR6	Kre Two Related	3315	1131	52115.4
S000005975	YPL054W	S. cerevisiae	LEE1		1215		33596.3
S000005976	YPL055C	S. cerevisiae	LGE1	LarGE cells	2419	999	37318.9
S000005977	YPL056C	S. cerevisiae	LCL1	Long Chronological Lifespan			11338.7
S000005978	YPL057C	S. cerevisiae	SUR1	SUppressor of Rvs161 and rvs167 mutations	2007	543	44819.4
S000005979	YPL058C	S. cerevisiae	PDR12	Pleiotropic Drug Resistance	4948	1892	171055.6
S000005980	YPL059W	S. cerevisiae	GRX5	GlutaRedoXin	4976	1740	16925.6
S000005981	YPL060W	S. cerevisiae	MFM1	Mrs2 Function Modulating factor	396		47088.5
S000005982	YPL061W	S. cerevisiae	ALD6	ALdehyde Dehydrogenase	135000	101795	54405.6
S000005983	YPL062W	S. cerevisiae					14912.5
S000005984	YPL063W	S. cerevisiae	TIM50	Translocase of the Inner Mitochondrial membrane	7101	3397	55098.2
S000005985	YPL064C	S. cerevisiae	CWC27	Complexed With Cef1p	1483	607	35023.3
S000005986	YPL065W	S. cerevisiae	VPS28	Vacuolar Protein Sorting	1408	302	27693.4
S000005987	YPL066W	S. cerevisiae	RGL1	Rho1 GEF Localizing	2258	680	54911.1
S000005988	YPL067C	S. cerevisiae	HTC1	Histidine Triad with Channel	3238	1496	22775.1
S000005989	YPL068C	S. cerevisiae			1254	777	33119.6
S000005990	YPL069C	S. cerevisiae	BTS1	Bet Two Suppressor	2202	842	38641.7
S000005991	YPL070W	S. cerevisiae	MUK1	coMpUtationally-linked to Kap95	2038	911	69544.3
S000005992	YPL071C	S. cerevisiae			641	412	18432.9
S000005993	YPL072W	S. cerevisiae	UBP16	UBiquitin-specific Protease	868	701	56937.9
S000005994	YPL073C	S. cerevisiae					18051.5
S000005995	YPL074W	S. cerevisiae	YTA6	Yeast Tat-binding Analog	1001	663	85333.5
S000005996	YPL075W	S. cerevisiae	GCR1	GlyColysis Regulation	1002	528	87734.7
S000005997	YPL076W	S. cerevisiae	GPI2	GlycosylPhosphatidylInositol anchor biosynthesis	1474	56	32586.5
S000005998	YPL077C	S. cerevisiae			1184	89	27468.8
S000005999	YPL078C	S. cerevisiae	ATP4	ATP synthase	20801	6872	26930.4
S000006000	YPL079W	S. cerevisiae	RPL21B	Ribosomal Protein of the Large subunit	43430	13098	18294.7
S000006001	YPL080C	S. cerevisiae					12472.6
S000006002	YPL081W	S. cerevisiae	RPS9A	Ribosomal Protein of the Small subunit	66820	32245	22456.2
S000006003	YPL082C	S. cerevisiae	MOT1	Modifier of Transcription	4935	1285	209957.6
S000006004	YPL083C	S. cerevisiae	SEN54	Splicing ENdonuclease	1211	667	54658.4
S000006005	YPL084W	S. cerevisiae	BRO1	BCK1-like Resistance to Osmotic shock	4780	2168	97253.6
S000006006	YPL085W	S. cerevisiae	SEC16	SECretory	5146	2620	241624.8
S000006007	YPL086C	S. cerevisiae	ELP3	ELongator Protein	4751	716	63673.9
S000006008	YPL087W	S. cerevisiae	YDC1	Yeast DihydroCeramidase	1712	693	37230
S000006009	YPL088W	S. cerevisiae			2837	162	39682.1
S000006010	YPL089C	S. cerevisiae	RLM1	Resistance to Lethality of MKK1P386 overexpression	710	377	73496
S000006011	YPL090C	S. cerevisiae	RPS6A	Ribosomal Protein of the Small subunit	69398	24167	27023.9
S000006012	YPL091W	S. cerevisiae	GLR1	GLutathione Reductase	7994	3186	53442.5
S000006013	YPL092W	S. cerevisiae	SSU1	Sensitive to SUlfite	865	40	52552.6
S000006014	YPL093W	S. cerevisiae	NOG1	NucleOlar G-protein	13652	5932	74421.2
S000006015	YPL094C	S. cerevisiae	SEC62	SECretory	7596	2241	31366
S000006016	YPL095C	S. cerevisiae	EEB1	Ethyl Ester Biosynthesis	695	122	51724.1
S000006017	YPL096W	S. cerevisiae	PNG1	Peptide N-Glycanase	2501	1236	42482.4
S000006018	YPL097W	S. cerevisiae	MSY1	"Mitochondrial aminoacyl-tRNA Synthetase, tyrosine (Y)"	1750	754	55301.1
S000006019	YPL098C	S. cerevisiae	MGR2	Mitochondrial Genome Required	2350	1026	12257.4
S000006020	YPL099C	S. cerevisiae	INA17	INner membrane Assembly 17 kDa	2479	471	21848.5
S000006021	YPL100W	S. cerevisiae	ATG21	AuTophaGy related	1931	368	55189.9
S000006022	YPL101W	S. cerevisiae	ELP4	ELongator Protein	2475	1980	51167.2
S000006023	YPL102C	S. cerevisiae					11659
S000006024	YPL103C	S. cerevisiae	FMP30	Found in Mitochondrial Proteome	457	279	54370.4
S000006025	YPL104W	S. cerevisiae	MSD1	"Mitochondrial aminoacyl-tRNA Synthetase, Aspartate (D)"	1516	564	75471.5
S000006026	YPL105C	S. cerevisiae	SYH1	SmY2 Homolog	2958	978	94358.6
S000006027	YPL106C	S. cerevisiae	SSE1	Stress Seventy subfamily E	68635	19044	77339.9
S000006028	YPL107W	S. cerevisiae	DPC25	Delta-Psi dependent mitochondrial import and Cleavage protein of ~25 kDa	1963	374	28582.2
S000006029	YPL108W	S. cerevisiae			1066	394	19820.9
S000006030	YPL109C	S. cerevisiae	CQD1	CoQ Distribution	1059	1026	76183.1
S000006031	YPL110C	S. cerevisiae	GDE1	GlycerophosphoDiEsterase	2170	666	138002.7
S000006032	YPL111W	S. cerevisiae	CAR1	Catabolism of ARginine	18625	6625	35651.2
S000006033	YPL112C	S. cerevisiae	PEX25	PEroXisome related	3473	540	44920.1
S000006034	YPL113C	S. cerevisiae			506	363	45013.1
S000006035	YPL114W	S. cerevisiae					15122
S000006036	YPL115C	S. cerevisiae	BEM3	Bud EMergence	2687	704	124906.5
S000006037	YPL116W	S. cerevisiae	HOS3	Hda One Similar	2170	904	79197
S000006038	YPL117C	S. cerevisiae	IDI1	Isopentenyl Diphosphate Isomerase	12401	2770	33331.8
S000006039	YPL118W	S. cerevisiae	MRP51	Mitochondrial Ribosomal Protein	3574	1992	39467.1
S000006040	YPL119C	S. cerevisiae	DBP1	Dead Box Protein	1608	555	67925
S000006041	YPL120W	S. cerevisiae	VPS30	Vacuolar Protein Sorting	1625	865	63241.4
S000006042	YPL121C	S. cerevisiae	MEI5	MEIosis			26458.5
S000006043	YPL122C	S. cerevisiae	TFB2	Transcription Factor B subunit 2	2270	648	58532.1
S000006044	YPL123C	S. cerevisiae	RNY1	RiboNuclease from Yeast	2047	511	50176
S000006045	YPL124W	S. cerevisiae	SPC29	Spindle Pole Component	1475	639	29288
S000006046	YPL125W	S. cerevisiae	KAP120	KAryoPherin	3260	920	119591.5
S000006047	YPL126W	S. cerevisiae	NAN1	Net1 Associated Nuclear protein	6560	2602	101223
S000006048	YPL127C	S. cerevisiae	HHO1	Histone H One	8125	1565	27846.2
S000006049	YPL128C	S. cerevisiae	TBF1	TTAGGG repeat-Binding Factor	3130	584	62819.4
S000006050	YPL129W	S. cerevisiae	TAF14	TATA binding protein-Associated Factor	5966	2895	27431.4
S000006051	YPL130W	S. cerevisiae	SPO19	SPOrulation	5335		24961.7
S000006052	YPL131W	S. cerevisiae	RPL5	Ribosomal Protein of the Large subunit	59936	35278	33713.1
S000006053	YPL132W	S. cerevisiae	COX11	Cytochrome c OXidase	1702	750	34049.5
S000006054	YPL133C	S. cerevisiae	RDS2	Regulator of Drug Sensitivity	799	587	50084.3
S000006055	YPL134C	S. cerevisiae	ODC1	OxoDicarboxylate Carrier	2840	961	34225.7
S000006056	YPL135W	S. cerevisiae	ISU1	IScU homolog	5477	4183	17904.4
S000006057	YPL136W	S. cerevisiae					12914.7
S000006058	YPL137C	S. cerevisiae	GIP3	Glc7 Interacting Protein	3789	1147	140891.6
S000006059	YPL138C	S. cerevisiae	SPP1	"Set1c, Phd finger Protein"	1704	187	41465.8
S000006060	YPL139C	S. cerevisiae	UME1	Unscheduled Meiotic gene Expression	4286	1357	51005.1
S000006061	YPL140C	S. cerevisiae	MKK2	Mitogen-activated Kinase Kinase	1866	1009	56765.2
S000006062	YPL141C	S. cerevisiae	FRK1	Fatty acyl-CoA synthetase and RNA processing-associated Kinase	1427	652	97728.3
S000006063	YPL142C	S. cerevisiae					11417.6
S000006064	YPL143W	S. cerevisiae	RPL33A	Ribosomal Protein of the Large subunit	29679	12101	12170.4
S000006065	YPL144W	S. cerevisiae	POC4	PrOteasome Chaperone	2060	1284	16574.4
S000006066	YPL145C	S. cerevisiae	KES1	KrE11-1 Suppressor	17993	2704	49483.3
S000006067	YPL146C	S. cerevisiae	NOP53	NucleOlar Protein	5251	1734	52574.4
S000006068	YPL147W	S. cerevisiae	PXA1	PeroXisomal ABC-transporter	1192		100057.5
S000006069	YPL148C	S. cerevisiae	PPT2	Phosphopantetheine:Protein Transferase	486	25	19977.4
S000006070	YPL149W	S. cerevisiae	ATG5	AuTophaGy related	648	356	33563.3
S000006071	YPL150W	S. cerevisiae			804	734	100678.7
S000006072	YPL151C	S. cerevisiae	PRP46	Pre-mRNA Processing	1793	717	50698.9
S000006073	YPL152W	S. cerevisiae	RRD2	Resistant to Rapamycin Deletion	1939	482	41445.8
S000006074	YPL153C	S. cerevisiae	RAD53	RADiation sensitive	1533	520	91965.5
S000006075	YPL154C	S. cerevisiae	PEP4	carboxyPEPtidase Y-deficient	24369	13520	44476.1
S000006076	YPL155C	S. cerevisiae	KIP2	KInesin related Protein	1170	658	78398.5
S000006077	YPL156C	S. cerevisiae	PRM4	Pheromone-Regulated Membrane protein	925	598	32010.7
S000006078	YPL157W	S. cerevisiae	TGS1	TrimethylGuanosine Synthase	1302	725	36547.7
S000006079	YPL158C	S. cerevisiae	AIM44	Altered Inheritance rate of Mitochondria	238	18	84843
S000006080	YPL159C	S. cerevisiae	PET20	PETite colonies	7		29127.1
S000006081	YPL160W	S. cerevisiae	CDC60	Cell Division Cycle	49749	13433	124120.4
S000006082	YPL161C	S. cerevisiae	BEM4	Bud EMergence	2027	776	70973.3
S000006083	YPL162C	S. cerevisiae			2778	1315	31343.8
S000006084	YPL163C	S. cerevisiae	SVS1	Suppressor of Vanadate Sensitivity	2043	1060	27596.2
S000006085	YPL164C	S. cerevisiae	MLH3	MutL Homolog	220	193	82020.1
S000006086	YPL165C	S. cerevisiae	SET6	SET domain-containing			43752.8
S000006087	YPL166W	S. cerevisiae	ATG29	AuTophaGy related	2407	797	24698.9
S000006088	YPL167C	S. cerevisiae	REV3	REVersionless	1454	1284	172985.2
S000006089	YPL168W	S. cerevisiae	MRX4	Mitochondrial oRganization of gene eXpression (MIOREX)	890	431	48858.1
S000006090	YPL169C	S. cerevisiae	MEX67	Messenger RNA EXport factor of 67 kDa	6514	1890	67361.6
S000006091	YPL170W	S. cerevisiae	DAP1	DAmage resistance Protein	3996	1619	16748.6
S000006092	YPL171C	S. cerevisiae	OYE3	Old Yellow Enzyme	1672	621	44909.8
S000006093	YPL172C	S. cerevisiae	COX10	Cytochrome c OXidase			52176.4
S000006094	YPL173W	S. cerevisiae	MRPL40	"Mitochondrial Ribosomal Protein, Large subunit"	4845	2707	33762.4
S000006095	YPL174C	S. cerevisiae	NIP100	Nuclear ImPort	268	133	100273.5
S000006096	YPL175W	S. cerevisiae	SPT14	SuPpressor of Ty	1315	724	51240.7
S000006097	YPL176C	S. cerevisiae	TRE1	Transferrin REceptor like	505	368	88721.6
S000006098	YPL177C	S. cerevisiae	CUP9		506	239	34664.2
S000006099	YPL178W	S. cerevisiae	CBC2	Cap Binding Complex	6111	1831	23767.7
S000006100	YPL179W	S. cerevisiae	PPQ1	Protein Phosphatase Q	377	129	61440.3
S000006101	YPL180W	S. cerevisiae	TCO89	Tor Complex One	1750	1266	88847.6
S000006102	YPL181W	S. cerevisiae	CTI6	Cyc8-Tup1 Interacting protein	2308	718	57023.6
S000006103	YPL182C	S. cerevisiae					13208.6
S000006104	YPL183C	S. cerevisiae	RTT10	Regulator of Ty1 Transposition	3088	805	114443
S000006105	YPL184C	S. cerevisiae	MRN1	Multicopy supressor of rsc nhp6	4652	692	68654.5
S000006106	YPL185W	S. cerevisiae					15804
S000006107	YPL186C	S. cerevisiae	UIP4	Ulp1 Interacting Protein	1145	800	34184.6
S000006108	YPL187W	S. cerevisiae	MF(ALPHA)1	Mating Factor ALPHA	3263	1870	18634.2
S000006109	YPL188W	S. cerevisiae	POS5	PerOxide Sensitive	3469	1453	46254.4
S000006110	YPL189W	S. cerevisiae	GUP2	Glycerol UPtake	1311		71314.3
S000006111	YPL190C	S. cerevisiae	NAB3	Nuclear polyAdenylated RNA-Binding	5830	2339	90357.3
S000006112	YPL191C	S. cerevisiae			1736	695	41021.8
S000006113	YPL192C	S. cerevisiae	PRM3	Pheromone-Regulated Membrane protein	11888		14444.8
S000006114	YPL193W	S. cerevisiae	RSA1	RiboSome Assembly	1749	966	43990.1
S000006115	YPL194W	S. cerevisiae	DDC1	DNA Damage Checkpoint	582	482	69688.4
S000006116	YPL195W	S. cerevisiae	APL5	clathrin Adaptor Protein complex Large chain	4481	1512	106891.1
S000006117	YPL196W	S. cerevisiae	OXR1	OXidation Resistance	1265	238	30771.6
S000006118	YPL197C	S. cerevisiae					15924.1
S000006119	YPL198W	S. cerevisiae	RPL7B	Ribosomal Protein of the Large subunit	22629	13653	27720.8
S000006120	YPL199C	S. cerevisiae			5067	2937	26755.1
S000006121	YPL200W	S. cerevisiae	CSM4	Chromosome Segregation in Meiosis			18303.4
S000006122	YPL201C	S. cerevisiae	YIG1	Yeast protein Interacting with Glycerol 3-phosphatase			52861.8
S000006123	YPL202C	S. cerevisiae	AFT2	Activator of Fe (iron) Transcription	139	119	47113.4
S000006124	YPL203W	S. cerevisiae	TPK2	Takashi's Protein Kinase	2944	762	44217.9
S000006125	YPL204W	S. cerevisiae	HRR25	HO and Radiation Repair	5798	1727	57354.9
S000006126	YPL205C	S. cerevisiae					13838.3
S000006127	YPL206C	S. cerevisiae	PGC1	Phosphatidyl Glycerol phospholipase C	3265	1086	37076.1
S000006128	YPL207W	S. cerevisiae	TYW1	Trna-YW synthesizing protein	4079	1124	89816.3
S000006129	YPL208W	S. cerevisiae	RKM1	Ribosomal lysine (K) Methyltransferase	2672	884	67157.7
S000006130	YPL209C	S. cerevisiae	IPL1	Increase in PLoidy	639	490	42969.6
S000006131	YPL210C	S. cerevisiae	SRP72	Signal Recognition Particle	6363	1828	73568.8
S000006132	YPL211W	S. cerevisiae	NIP7	Nuclear ImPort	8288	1358	20385.9
S000006133	YPL212C	S. cerevisiae	PUS1	PseudoUridine Synthase	7833	2504	62146.2
S000006134	YPL213W	S. cerevisiae	LEA1	Looks Exceptionally like U2A	3361	1355	27193.6
S000006135	YPL214C	S. cerevisiae	THI6	THIamine biosynthesis	1495	395	58052.3
S000006136	YPL215W	S. cerevisiae	CBP3	Cytochrome B mRNA Processing	3987	1030	39096.2
S000006137	YPL216W	S. cerevisiae			2135	925	128133.8
S000006138	YPL217C	S. cerevisiae	BMS1	BMh Sensitive	4282	2737	135565
S000006139	YPL218W	S. cerevisiae	SAR1	"Secretion-Associated, Ras-related"	21432	8180	21444.8
S000006140	YPL219W	S. cerevisiae	PCL8	Pho85 CycLin	953	473	55397.9
S000006141	YPL220W	S. cerevisiae	RPL1A	Ribosomal Protein of the Large subunit	35057	26947	24502.1
S000006142	YPL221W	S. cerevisiae	FLC1	FLavin Carrier	3642	777	89296.7
S000006143	YPL222W	S. cerevisiae	FMP40	Found in Mitochondrial Proteome	1824	557	78294.4
S000006144	YPL223C	S. cerevisiae	GRE1	Genes de Respuesta a Estres (spanish for stress responsive genes)	2442	1210	19012.8
S000006145	YPL224C	S. cerevisiae	MMT2	Mitochondrial Metal Transporter	797	521	52433.9
S000006146	YPL225W	S. cerevisiae			12973	6464	17440.8
S000006147	YPL226W	S. cerevisiae	NEW1	Nu+	25729	9889	134309.9
S000006148	YPL227C	S. cerevisiae	ALG5	Asparagine-Linked Glycosylation	3009	587	38353.2
S000006149	YPL228W	S. cerevisiae	CET1	Capping Enzyme Triphosphatase	3705	1982	61836.4
S000006150	YPL229W	S. cerevisiae			1734	373	23258
S000006151	YPL230W	S. cerevisiae	USV1	Up in StarVation	210	185	43537.6
S000006152	YPL231W	S. cerevisiae	FAS2	Fatty Acid Synthetase	52956	28255	206899.6
S000006153	YPL232W	S. cerevisiae	SSO1	Supressor of Sec One	6133	4044	33093.5
S000006154	YPL233W	S. cerevisiae	NSL1	Nnf1 Synthetic Lethal	2535	594	25398.6
S000006155	YPL234C	S. cerevisiae	VMA11	Vacuolar Membrane Atpase	3943	1777	17038.6
S000006156	YPL235W	S. cerevisiae	RVB2	RuVB-like	11577	2402	51598.1
S000006157	YPL236C	S. cerevisiae	ENV7	late ENdosome and Vacuole interface function	1927	405	40739
S000006158	YPL237W	S. cerevisiae	SUI3	SUppressor of Initiator codon	19088	6816	31590.7
S000006159	YPL238C	S. cerevisiae					13702.6
S000006160	YPL239W	S. cerevisiae	YAR1	Yeast Ankyrin Repeat	8552	3376	22329.5
S000006161	YPL240C	S. cerevisiae	HSP82	Heat Shock Protein	86723	51088	81368.7
S000006162	YPL241C	S. cerevisiae	CIN2	Chromosome INstability	1401	578	30708.1
S000006163	YPL242C	S. cerevisiae	IQG1	IQGAP-related protein	289	170	172863.3
S000006164	YPL243W	S. cerevisiae	SRP68	Signal Recognition Particle	8214	1962	69014.7
S000006165	YPL244C	S. cerevisiae	HUT1	Homolog of UDP-galactose Transporter	1725	516	38096
S000006166	YPL245W	S. cerevisiae			2765	743	52269.4
S000006167	YPL246C	S. cerevisiae	RBD2		7085	2260	29499.6
S000006168	YPL247C	S. cerevisiae			2772	864	57314.4
S000006169	YPL248C	S. cerevisiae	GAL4	GALactose metabolism	755	589	99401.9
S000006170	YPL249C	S. cerevisiae	GYP5	Gtpase-activating protein for Ypt Proteins	3139	1224	101736.7
S000006171	YPL250C	S. cerevisiae	ATG41	AuTophaGy related	1492	284	14971.2
S000006172	YPL251W	S. cerevisiae					11355.4
S000006173	YPL252C	S. cerevisiae	YAH1	Yeast Adrenodoxin Homolog	3358	2617	18926.7
S000006174	YPL253C	S. cerevisiae	VIK1	Vegetative Interaction with Kar3p	693	685	75732
S000006175	YPL254W	S. cerevisiae	HFI1	Histone H2A Functional Interactor	2988	1453	54454.7
S000006176	YPL255W	S. cerevisiae	BBP1	Bfr1 Binding Protein	1466	544	45379.8
S000006177	YPL256C	S. cerevisiae	CLN2	CycLiN	1801	531	61685.2
S000006178	YPL257W	S. cerevisiae					22201.3
S000006179	YPL258C	S. cerevisiae	THI21	THIamine metabolism	1474	458	61321.8
S000006180	YPL259C	S. cerevisiae	APM1	clathrin Adaptor Protein complex Medium chain	2995	888	53880.4
S000006181	YPL260W	S. cerevisiae	CUB1	Cu2+ suppressing and Bleomycin sensitive	11335	3394	62749.6
S000006182	YPL261C	S. cerevisiae					11848.4
S000006183	YPL262W	S. cerevisiae	FUM1	FUMarase	14997	8077	53156.5
S000006184	YPL263C	S. cerevisiae	KEL3	KELch	5793	1401	75402.7
S000006185	YPL264C	S. cerevisiae			1228		39704.2
S000006186	YPL265W	S. cerevisiae	DIP5	DIcarboxylic amino acid Permease	5961	5529	68111
S000006187	YPL266W	S. cerevisiae	DIM1	DIMethylase	3257	1842	35964.4
S000006188	YPL267W	S. cerevisiae	ACM1	APC/C[Cdh1] Modulator	1260	572	23879.4
S000006189	YPL268W	S. cerevisiae	PLC1	PhosphoLipase C	188	184	100571.8
S000006190	YPL269W	S. cerevisiae	KAR9	KARyogamy	728	474	74250.8
S000006191	YPL270W	S. cerevisiae	MDL2	MultiDrug resistance-Like	2654	529	85155.2
S000006192	YPL271W	S. cerevisiae	ATP15	ATP synthase	14543	3487	6746.7
S000006193	YPL272C	S. cerevisiae	PBI1	PSTB2 Interacting protein 1	1542	178	59376.8
S000006194	YPL273W	S. cerevisiae	SAM4	S-AdenosylMethionine metabolism	14453	1891	36658.8
S000006195	YPL274W	S. cerevisiae	SAM3	S-AdenosylMethionine metabolism	4260	3259	64357.2
S000006198	YPL277C	S. cerevisiae			2553		54525.5
S000006199	YPL278C	S. cerevisiae					11414.8
S000006200	YPL279C	S. cerevisiae	FEX2		1074	1014	41978.6
S000006201	YPL280W	S. cerevisiae	HSP32	Heat-Shock Protein	350	19	25940.6
S000006202	YPL281C	S. cerevisiae	ERR2	Enolase-Related Repeat	1372	560	47312
S000006203	YPL282C	S. cerevisiae	PAU22	seriPAUperin	1247		17713.5
S000006204	YPL283C	S. cerevisiae	YRF1-7		1922	1551	211114.4
S000006205	YPR001W	S. cerevisiae	CIT3	CITrate synthase	1233	117	53817.9
S000006206	YPR002W	S. cerevisiae	PDH1	prpD Homolog	1680	782	57696.3
S000006207	YPR003C	S. cerevisiae			1387	671	83390.9
S000006208	YPR004C	S. cerevisiae	AIM45	Altered Inheritance rate of Mitochondria	10440	2374	36808
S000006209	YPR005C	S. cerevisiae	HAL1	HALotolerance	633		33001.4
S000006210	YPR006C	S. cerevisiae	ICL2	IsoCitrate Lyase	1006	402	64976.6
S000006211	YPR007C	S. cerevisiae	REC8	RECombination			77178.6
S000006212	YPR008W	S. cerevisiae	HAA1	Homolog of Ace1 Activator	1845	692	76681.4
S000006213	YPR009W	S. cerevisiae	SUT2	Sterol UpTake			30272.2
S000006214	YPR010C	S. cerevisiae	RPA135	RNA Polymerase A	13568	5144	135744.3
S000006215	YPR011C	S. cerevisiae	MRX21	Mitochondrial oRganization of gene eXpression (MIOREX)	1139	1037	35926.7
S000006216	YPR012W	S. cerevisiae					9908.8
S000006217	YPR013C	S. cerevisiae	CMR3	Changed Mutation Rate	2004	1809	35369.6
S000006218	YPR014C	S. cerevisiae					12189.5
S000006219	YPR015C	S. cerevisiae					27788.3
S000006220	YPR016C	S. cerevisiae	TIF6	Translation Initiation Factor	15404	5195	26442.9
S000006221	YPR017C	S. cerevisiae	DSS4	Dominant Suppressor of Sec4	1942	696	16121.6
S000006222	YPR018W	S. cerevisiae	RLF2	Rap1 protein Localization Factor	3290	1700	70208.8
S000006223	YPR019W	S. cerevisiae	MCM4	MiniChromosome Maintenance	4076	1168	104991.8
S000006224	YPR020W	S. cerevisiae	ATP20	ATP synthase	4748	1746	12932.3
S000006225	YPR021C	S. cerevisiae	AGC1	Aspartate-Glutamate Carrier	376	189	104308.2
S000006226	YPR022C	S. cerevisiae	SDD4	Suppressor of Degenerative Death	671	508	130112.8
S000006227	YPR023C	S. cerevisiae	EAF3	Esa1p-Associated Factor	2442	581	45208
S000006228	YPR024W	S. cerevisiae	YME1	Yeast Mitochondrial Escape	3662	2194	81770.9
S000006229	YPR025C	S. cerevisiae	CCL1		2432	1221	45208.8
S000006230	YPR026W	S. cerevisiae	ATH1	Acid TreHalase	345	289	136884.5
S000006231	YPR027C	S. cerevisiae			2135		30596.2
S000006232	YPR028W	S. cerevisiae	YOP1	YIP One Partner	18348	8350	20272.7
S000006233	YPR029C	S. cerevisiae	APL4	clathrin Adaptor Protein complex Large chain	4850	1621	93601.8
S000006234	YPR030W	S. cerevisiae	CSR2	Chs5 Spa2 Rescue	836	458	124857.2
S000006235	YPR031W	S. cerevisiae	NTO1	NuA Three Orf	560	388	86032.4
S000006236	YPR032W	S. cerevisiae	SRO7	Suppressor of rho3	2184	1240	114520.9
S000006237	YPR033C	S. cerevisiae	HTS1	Histidine-Trna Synthetase	18532	3927	59954.2
S000006238	YPR034W	S. cerevisiae	ARP7	Actin-Related Protein	5728	1761	53802.7
S000006239	YPR035W	S. cerevisiae	GLN1	GLutamiNe metabolism	38231	37111	41759.5
S000006240	YPR036W	S. cerevisiae	VMA13	Vacuolar Membrane Atpase	18836	5325	54409.3
S000006241	YPR037C	S. cerevisiae	ERV2	Essential for Respiration and Viability	2787	1710	22141.7
S000006242	YPR038W	S. cerevisiae	IRC16	Increased Recombination Centers			13454.2
S000006243	YPR039W	S. cerevisiae					12951.2
S000006244	YPR040W	S. cerevisiae	TIP41	Tap42 Interacting Protein	2624	1341	41021.1
S000006245	YPR041W	S. cerevisiae	TIF5	Translation Initiation Factor	30676	5753	45240.4
S000006246	YPR042C	S. cerevisiae	PUF2	PUmilio-homology domain Family	2136	853	119522.9
S000006247	YPR043W	S. cerevisiae	RPL43A	Ribosomal Protein of the Large subunit	87658	43058	10108.2
S000006248	YPR044C	S. cerevisiae	OPI11	OverProducer of Inositol			12401.9
S000006249	YPR045C	S. cerevisiae	THP3	THO-related Protein	3066	819	53732
S000006250	YPR046W	S. cerevisiae	MCM16	MiniChromosome Maintenance	876	675	21131.3
S000006251	YPR047W	S. cerevisiae	MSF1	"Mitochondrial aminoacyl-tRNA Synthetase, Phenylalanine (F)"	1638	737	54831.5
S000006252	YPR048W	S. cerevisiae	TAH18	Top1T722A mutant Hypersensitive	3729	2357	72336.7
S000006253	YPR049C	S. cerevisiae	ATG11	AuTophaGy related	961	648	135002
S000006254	YPR050C	S. cerevisiae					15160
S000006255	YPR051W	S. cerevisiae	MAK3	MAintenance of Killer	2936	929	20457.1
S000006256	YPR052C	S. cerevisiae	NHP6A	Non-Histone Protein	14762	4192	10810.5
S000006257	YPR053C	S. cerevisiae					17527.7
S000006258	YPR054W	S. cerevisiae	SMK1		1539	353	44309.8
S000006259	YPR055W	S. cerevisiae	SEC8	SECretory	3475	1057	122216.8
S000006260	YPR056W	S. cerevisiae	TFB4	Transcription Factor B subunit 4	1971	1230	37466.9
S000006261	YPR057W	S. cerevisiae	BRR1	Bad Response to Refrigeration	1583	389	39854.9
S000006262	YPR058W	S. cerevisiae	YMC1	Yeast Mitochondrial Carrier	2573	1197	33386.2
S000006263	YPR059C	S. cerevisiae					14033.8
S000006264	YPR060C	S. cerevisiae	ARO7	AROmatic amino acid requiring	7041	1501	29744.4
S000006265	YPR061C	S. cerevisiae	JID1	DnaJ protein Involved in ER-associated Degradation	414		35037.1
S000006266	YPR062W	S. cerevisiae	FCY1	FluoroCYtosine resistance	8168	3243	17504.2
S000006267	YPR063C	S. cerevisiae			3872	1644	15441
S000006268	YPR064W	S. cerevisiae			1155		15671.9
S000006269	YPR065W	S. cerevisiae	ROX1	Regulation by OXygen	1157	1025	41856.7
S000006270	YPR066W	S. cerevisiae	UBA3	UBiquitin-like protein-Activating enzyme	1646	1340	33265.7
S000006271	YPR067W	S. cerevisiae	ISA2	Iron Sulfur Assembly	2544	1114	20877.9
S000006272	YPR068C	S. cerevisiae	HOS1	Hda One Similar	861	276	54743.2
S000006273	YPR069C	S. cerevisiae	SPE3	SPErmidine auxotroph	22577	11149	33312.2
S000006274	YPR070W	S. cerevisiae	MED1	MEDiator complex	2954	958	64217.6
S000006275	YPR071W	S. cerevisiae			1631	67	24618.1
S000006276	YPR072W	S. cerevisiae	NOT5	Negative On TATA	5460	1010	65835.1
S000006277	YPR073C	S. cerevisiae	LTP1	Low molecular weight protein Tyrosine Phosphatase	3698	1192	18675.4
S000006278	YPR074C	S. cerevisiae	TKL1	TransKetoLase	73106	45786	73802.2
S000006279	YPR075C	S. cerevisiae	OPY2	Overproduction-induced Pheromone-resistant Yeast	1873	939	38867.4
S000006280	YPR076W	S. cerevisiae					13873.5
S000006281	YPR077C	S. cerevisiae					14222.5
S000006282	YPR078C	S. cerevisiae			1140		42583.9
S000006283	YPR079W	S. cerevisiae	MRL1	Mannose 6-phosphate Receptor Like	2115	590	42712.7
S000006284	YPR080W	S. cerevisiae	TEF1	Translation Elongation Factor	533920	332537	50045.3
S000006285	YPR081C	S. cerevisiae	GRS2	Glycyl-tRNA Synthase	2290	1186	71019.2
S000006286	YPR082C	S. cerevisiae	DIB1	S. pombe DIm1+ in Budding yeast	1960	1262	16773.6
S000006287	YPR083W	S. cerevisiae	MDM36	Mitochondrial Distribution and Morphology	1156	592	64939.2
S000006288	YPR084W	S. cerevisiae			572	326	50833.3
S000006289	YPR085C	S. cerevisiae	ASA1	AStra Associated protein	863	201	50563.6
S000006290	YPR086W	S. cerevisiae	SUA7	Suppressor of Upstream AUG	4262	1425	38208.9
S000006291	YPR087W	S. cerevisiae	VPS69	Vacuolar Protein Sorting			12070
S000006292	YPR088C	S. cerevisiae	SRP54	Signal Recognition Particle 54-kD subunit	8411	2308	59630.3
S000006293	YPR089W	S. cerevisiae			2519	901	102536.2
S000006295	YPR091C	S. cerevisiae	NVJ2	Nucleus-Vacuole Junction	4261	1907	87325.5
S000006296	YPR092W	S. cerevisiae					11961.4
S000006297	YPR093C	S. cerevisiae	ASR1	Alcohol Sensitive Ring/PHD finger	1333		33337.3
S000006298	YPR094W	S. cerevisiae	RDS3	Regulator of Drug Sensitivity	1651	365	12270.8
S000006299	YPR095C	S. cerevisiae	SYT1	Suppressor of ypt3	279	81	137581.6
S000006300	YPR096C	S. cerevisiae					11814.8
S000006301	YPR097W	S. cerevisiae			3382	2522	123060.9
S000006302	YPR098C	S. cerevisiae	TMH18	TMem205 Homolog of 18 kDa	3141	1767	17741.2
S000006303	YPR099C	S. cerevisiae					13362.6
S000006304	YPR100W	S. cerevisiae	MRPL51	"Mitochondrial Ribosomal Protein, Large subunit"	3305	916	16138.1
S000006305	YPR101W	S. cerevisiae	SNT309	Synthetic lethal to prp NineTeen mutation	721	689	20711.7
S000006306	YPR102C	S. cerevisiae	RPL11A	Ribosomal Protein of the Large subunit	27594	18042	19732
S000006307	YPR103W	S. cerevisiae	PRE2	PRoteinase yscE	10384	2615	31631.9
S000006308	YPR104C	S. cerevisiae	FHL1	Fork Head-Like	1926	765	103483.5
S000006309	YPR105C	S. cerevisiae	COG4	Conserved Oligomeric Golgi complex	1744	1251	98651.3
S000006310	YPR106W	S. cerevisiae	ISR1	Inhibition of Staurosporine Resistance	849	328	49732.1
S000006311	YPR107C	S. cerevisiae	YTH1	Yeast THirty kDa Homolog	1922	1100	24558.8
S000006312	YPR108W	S. cerevisiae	RPN7	Regulatory Particle Non-ATPase	9907	6974	48946.9
S000006313	YPR109W	S. cerevisiae	GLD1	Golgi/endosome Localized Dsc protein	1575	364	32702.5
S000006314	YPR110C	S. cerevisiae	RPC40	RNA Polymerase C	14336	2118	37679
S000006315	YPR111W	S. cerevisiae	DBF20	DumbBell Forming	2072	1248	65886.4
S000006316	YPR112C	S. cerevisiae	MRD1	Multiple RNA-binding domain	4575	3097	101112.9
S000006317	YPR113W	S. cerevisiae	PIS1	Phosphatidyl Inositol Synthase	4717	933	24829
S000006318	YPR114W	S. cerevisiae			4480	3221	36760.5
S000006319	YPR115W	S. cerevisiae	RGC1	Regulator of the Glycerol Channel	1512	840	120431.7
S000006320	YPR116W	S. cerevisiae	RRG8	Required for Respiratory Growth	955	566	31143.4
S000006321	YPR117W	S. cerevisiae			437	299	285918.3
S000006322	YPR118W	S. cerevisiae	MRI1	MethylthioRibose-1-phosphate Isomerase	7883	4838	45006.6
S000006323	YPR119W	S. cerevisiae	CLB2	CycLin B	339	240	56242.4
S000006324	YPR120C	S. cerevisiae	CLB5	CycLin B	521		50429.8
S000006325	YPR121W	S. cerevisiae	THI22	THIamine metabolism	2070	1011	63287.7
S000006326	YPR122W	S. cerevisiae	AXL1	AXiaL budding	694	329	138342.9
S000006327	YPR123C	S. cerevisiae					15746.6
S000006328	YPR124W	S. cerevisiae	CTR1	Copper TRansport	4222	2324	44436.3
S000006329	YPR125W	S. cerevisiae	YLH47	Yeast LETM1 Homolog of 47 kD	6184	1747	52189.1
S000006330	YPR126C	S. cerevisiae					11585
S000006331	YPR127W	S. cerevisiae			5269	2261	38593.1
S000006332	YPR128C	S. cerevisiae	ANT1	Adenine Nucleotide Transporter	2250	1127	36382.8
S000006333	YPR129W	S. cerevisiae	SCD6	Suppressor of Clathrin Deficiency	5401	1683	39190.1
S000006334	YPR130C	S. cerevisiae					14944
S000006335	YPR131C	S. cerevisiae	NAT3	N-terminal AcetylTransferase	1865	820	22921.5
S000006336	YPR132W	S. cerevisiae	RPS23B	Ribosomal Protein of the Small subunit	29902	21737	16061.2
S000006337	YPR133C	S. cerevisiae	SPN1	Suppresses Postrecruitment functions gene Number 1	8336	4165	46083.1
S000006338	YPR134W	S. cerevisiae	MSS18	Mitochondrial Splicing System	861	300	30950.3
S000006339	YPR135W	S. cerevisiae	CTF4	Chromosome Transmission Fidelity	4261	954	104385.3
S000006340	YPR136C	S. cerevisiae					18449.5
S000006341	YPR137W	S. cerevisiae	RRP9	Ribosomal RNA Processing	4866	1058	65043.6
S000006342	YPR138C	S. cerevisiae	MEP3		3135	958	53685.2
S000006343	YPR139C	S. cerevisiae	LOA1	Lysophosphatidic acid: Oleoyl-CoA Acyltransferase	2988	835	33836.4
S000006344	YPR140W	S. cerevisiae	TAZ1	TAfaZzin	1471	438	44192
S000006345	YPR141C	S. cerevisiae	KAR3	KARyogamy	1602	785	84013.6
S000006346	YPR142C	S. cerevisiae					20919.4
S000006347	YPR143W	S. cerevisiae	RRP15	Ribosomal RNA Processing	6495	1221	28207.7
S000006348	YPR144C	S. cerevisiae	NOC4	NucleOlar Complex associated	3589	715	63625.5
S000006349	YPR145W	S. cerevisiae	ASN1	ASparagiNe requiring	48488	20357	64455.8
S000006350	YPR146C	S. cerevisiae					12232.6
S000006351	YPR147C	S. cerevisiae			1404	515	34844.6
S000006352	YPR148C	S. cerevisiae			10986	4107	49244.6
S000006353	YPR149W	S. cerevisiae	NCE102	NonClassical Export	27336	16737	18974.3
S000006354	YPR150W	S. cerevisiae					19327.8
S000006355	YPR151C	S. cerevisiae	SUE1		1187		24332
S000006356	YPR152C	S. cerevisiae	URN1	"U2-U5-U6 snRNP, RES complex, and NTC interacting protein"	1241	545	54098
S000006357	YPR153W	S. cerevisiae	24-May	genetic interaction profile similarity to MTC Annotated Yeast genes MTC2 and MTC4	1509		15782.7
S000006358	YPR154W	S. cerevisiae	PIN3	Psi+ INducibility	4075	1574	23539.2
S000006359	YPR155C	S. cerevisiae	NCA2	Nuclear Control of ATPase	2111	383	70858.3
S000006360	YPR156C	S. cerevisiae	TPO3	Transporter of POlyamines	3768	1584	68065.3
S000006361	YPR157W	S. cerevisiae	TDA6	Topoisomerase I Damage Affected			53808.9
S000006362	YPR158W	S. cerevisiae	CUR1	Curing of [URe3]			29156.4
S000006363	YPR159W	S. cerevisiae	KRE6	Killer toxin REsistant	3618	2033	80077.2
S000006364	YPR160W	S. cerevisiae	GPH1	Glycogen PHosphorylase	8611	2558	103252
S000006365	YPR161C	S. cerevisiae	SGV1	Suppressor of Gpa1-Val50 mutation	3324	1308	74268.4
S000006366	YPR162C	S. cerevisiae	ORC4	Origin Recognition Complex	1752	613	60704
S000006367	YPR163C	S. cerevisiae	TIF3	Translation Initiation Factor	24565	6617	48512.6
S000006368	YPR164W	S. cerevisiae	MMS1	Methyl MethaneSulfonate sensitivity	846	433	161213.2
S000006369	YPR165W	S. cerevisiae	RHO1	Ras HOmolog	12816	2973	23151.7
S000006370	YPR166C	S. cerevisiae	MRP2	Mitochondrial Ribosomal Protein	1756	886	13555.3
S000006371	YPR167C	S. cerevisiae	MET16	METhionine requiring	2135	1918	30371.5
S000006372	YPR168W	S. cerevisiae	NUT2	Negative regulation of URS Two	2953	1240	17901.1
S000006373	YPR169W	S. cerevisiae	JIP5	Jumonji domain Interacting Protein	3955	939	55239.6
S000006374	YPR170C	S. cerevisiae					12961.9
S000006375	YPR171W	S. cerevisiae	BSP1	Binding protein of Synaptojanin Polyphosphoinositide phosphatase domain	2550	515	64701.7
S000006376	YPR172W	S. cerevisiae			4740	2192	22505.8
S000006377	YPR173C	S. cerevisiae	VPS4	Vacuolar Protein Sorting	4959	2052	48160.7
S000006378	YPR174C	S. cerevisiae	CSA1	Cdc5 SPB Anchor	2582	715	25424.5
S000006379	YPR175W	S. cerevisiae	DPB2	DNA Polymerase B subunit 2	2091	689	78330.9
S000006380	YPR176C	S. cerevisiae	BET2	Blocked Early in Transport	1520	1037	36653.2
S000006381	YPR177C	S. cerevisiae					13206.6
S000006382	YPR178W	S. cerevisiae	PRP4	Pre-mRNA Processing	1611	1023	52425.7
S000006383	YPR179C	S. cerevisiae	HDA3	Histone DeAcetylase	1847	720	75452.5
S000006384	YPR180W	S. cerevisiae	AOS1	Activation Of Smt3p	3588	627	39263.5
S000006385	YPR181C	S. cerevisiae	SEC23	SECretory	14587	6822	85365.4
S000006386	YPR182W	S. cerevisiae	SMX3		3969	1280	9659.1
S000006387	YPR183W	S. cerevisiae	DPM1	Dolichol Phosphate Mannose synthase	12976	5434	30363.5
S000006388	YPR184W	S. cerevisiae	GDB1	Glycogen DeBranching	3532	2228	174929.9
S000006389	YPR185W	S. cerevisiae	ATG13	AuTophaGy related	1536	1325	83277.4
S000006390	YPR186C	S. cerevisiae	PZF1	Putative Zinc Finger	1455	496	50040.7
S000006391	YPR187W	S. cerevisiae	RPO26	RNA POlymerase	7066	4365	17894.9
S000006392	YPR188C	S. cerevisiae	MLC2	Myo1p Light Chain	4415	1636	18501.6
S000006393	YPR189W	S. cerevisiae	SKI3	SuperKIller	4526	1552	163681
S000006394	YPR190C	S. cerevisiae	RPC82	RNA Polymerase C	4623	2103	74013.7
S000006395	YPR191W	S. cerevisiae	QCR2	QH2:cytochrome-C oxidoReductase	19457	12009	40479.4
S000006396	YPR192W	S. cerevisiae	AQY1	AQuaporin from Yeast			32711.2
S000006397	YPR193C	S. cerevisiae	HPA2	Histone and other Protein Acetyltransferase	818	360	18329.7
S000006398	YPR194C	S. cerevisiae	OPT2	OligoPeptide Transporter	1688		101261.6
S000006399	YPR195C	S. cerevisiae					11897.8
S000006400	YPR196W	S. cerevisiae			574	567	55081.4
S000006401	YPR197C	S. cerevisiae					21382.7
S000006402	YPR198W	S. cerevisiae	SGE1	Suppression of Gal11 Expression	1234	741	59430.2
S000006403	YPR199C	S. cerevisiae	ARR1	ARsenicals Resistance	1157		33230.5
S000006404	YPR200C	S. cerevisiae	ARR2	ARsenicals Resistance			14885.2
S000006405	YPR201W	S. cerevisiae	ARR3	ARsenicals Resistance			45854.9
S000006406	YPR202W	S. cerevisiae					27857.1
S000006407	YPR203W	S. cerevisiae					11771
S000006408	YPR204W	S. cerevisiae			371	264	115151.1
S000006409	YEL077C	S. cerevisiae			1172	537	143090.6
S000006429	YLR390W-A	S. cerevisiae	CCW14	Covalently linked Cell Wall protein	7590	3972	23266.4
S000006430	YDL045W-A	S. cerevisiae	MRP10	Mitochondrial Ribosomal Protein	1646	687	10701.8
S000006431	YOR008C-A	S. cerevisiae					8607.4
S000006432	YIL009C-A	S. cerevisiae	EST3	Ever Shorter Telomeres	1792	618	20550.7
S000006433	YPR133W-A	S. cerevisiae	TOM5	Translocase of the Outer Mitochondrial membrane	6857	1737	5986
S000006434	YLR438C-A	S. cerevisiae	LSM3	Like SM	8861	3134	10020.3
S000006435	YKR035W-A	S. cerevisiae	DID2	Doa4-Independent Degradation	5709	1802	23091.6
S000006436	YFL034C-A	S. cerevisiae	RPL22B	Ribosomal Protein of the Large subunit	19147	10938	13825.7
S000006437	YFR032C-A	S. cerevisiae	RPL29	Ribosomal Protein of the Large subunit	72573	56245	6685
S000006438	YPL249C-A	S. cerevisiae	RPL36B	Ribosomal Protein of the Large subunit	36380	7430	11155.6
S000006439	YCR020W-B	S. cerevisiae	HTL1	High-Temperature Lethal	5239	677	9181.7
S000007221	YCL001W-A	S. cerevisiae					17830.3
S000007222	YCR028C-A	S. cerevisiae	RIM1	Replication In Mitochondria	10820	4918	15387.3
S000007223	YCR087C-A	S. cerevisiae			4253	1844	17754.8
S000007224	YPL183W-A	S. cerevisiae	RTC6	Restriction of Telomere Capping	3491	1400	10716.3
S000007226	YER039C-A	S. cerevisiae			675	576	7987.5
S000007228	YBL091C-A	S. cerevisiae	SCS22	Suppressor of Choline Sensitivity	632	394	19681
S000007229	YBL107W-A	S. cerevisiae					4055
S000007230	YCR018C-A	S. cerevisiae					9462.1
S000007231	YCR102W-A	S. cerevisiae					7732
S000007232	YDL130W-A	S. cerevisiae	STF1	STabilizing Factor	6701	2755	10069.7
S000007233	YDR034C-A	S. cerevisiae					6504.4
S000007234	YDR034W-B	S. cerevisiae			2379	871	5968.2
S000007235	YDR363W-A	S. cerevisiae	SEM1	Suppressor of Exocyst Mutations	13352	7505	10372.1
S000007236	YDR525W-A	S. cerevisiae	SNA2	Sensitivity to NA+	16536	3190	9177.7
S000007237	YER048W-A	S. cerevisiae	ISD11	"Iron-Sulfur protein biogenesis, Desulfurase-interacting protein"	5996	2990	11276.3
S000007238	YER091C-A	S. cerevisiae					8147.2
S000007239	YER138W-A	S. cerevisiae					3955.8
S000007240	YGR122C-A	S. cerevisiae					4633.3
S000007241	YIR020W-A	S. cerevisiae					8984.8
S000007242	YKL033W-A	S. cerevisiae			12770	2835	26163.4
S000007243	YKL053C-A	S. cerevisiae	MDM35	Mitochondrial Distribution and Morphology	3391	1397	9710.1
S000007244	YKL162C-A	S. cerevisiae					5838.7
S000007245	YLL018C-A	S. cerevisiae	COX19	Cytochrome c OXidase	4007	1190	11101.7
S000007246	YLR262C-A	S. cerevisiae	TMA7	Translation Machinery Associated	9949	2117	6953.5
S000007247	YML081C-A	S. cerevisiae	ATP18	ATP synthase	5122	2068	6691.9
S000007248	YMR046W-A	S. cerevisiae					4725.3
S000007249	YMR158C-A	S. cerevisiae					5277.1
S000007250	YMR194C-A	S. cerevisiae					8532.7
S000007251	YNR032C-A	S. cerevisiae	HUB1	Homologous to UBiquitin	4340	1931	8270.6
S000007252	YOL013W-B	S. cerevisiae					11122.2
S000007253	YOR298C-A	S. cerevisiae	MBF1	Multiprotein Bridging Factor	42645	26071	16420
S000007254	YPR002C-A	S. cerevisiae					7223.4
S000007255	YDR322C-A	S. cerevisiae	TIM11	Translocase of the Inner Mitochondrial membrane	4762	2137	10874.6
S000007256	YEL020W-A	S. cerevisiae	TIM9	Translocase of the Inner Mitochondrial membrane	5940	3483	10203.8
S000007257	Q0010	S. cerevisiae					15626.7
S000007258	Q0017	S. cerevisiae					6276.5
S000007259	Q0032	S. cerevisiae					12477.2
S000007260	Q0045	S. cerevisiae	COX1	Cytochrome c OXidase	2440	1458	58795.3
S000007261	Q0050	S. cerevisiae	AI1		353	147	96146.9
S000007262	Q0055	S. cerevisiae	AI2		271	266	98065.2
S000007263	Q0060	S. cerevisiae	AI3		1029		47936.9
S000007264	Q0065	S. cerevisiae	AI4		128	69	63336.2
S000007265	Q0070	S. cerevisiae	AI5_ALPHA				72191.6
S000007266	Q0075	S. cerevisiae	AI5_BETA				42297.9
S000007267	Q0080	S. cerevisiae	ATP8	ATP synthase			5825.3
S000007268	Q0085	S. cerevisiae	ATP6	ATP synthase	1077		29100.1
S000007269	Q0092	S. cerevisiae					5853.4
S000007270	Q0105	S. cerevisiae	COB	CytochrOme B			43661.2
S000007271	Q0110	S. cerevisiae	BI2				49353.2
S000007272	Q0115	S. cerevisiae	BI3		183		61203.1
S000007273	Q0120	S. cerevisiae	BI4				74618
S000007274	Q0130	S. cerevisiae	OLI1	OLIgomycin resistance	634		7760.5
S000007275	Q0140	S. cerevisiae	VAR1		3940	1811	47155.2
S000007276	Q0142	S. cerevisiae					6870.3
S000007277	Q0143	S. cerevisiae					5940
S000007278	Q0144	S. cerevisiae					14139.4
S000007279	Q0160	S. cerevisiae	SCEI				27693.6
S000007280	Q0182	S. cerevisiae					16281.4
S000007281	Q0250	S. cerevisiae	COX2	Cytochrome c OXidase	4586	2739	28550.2
S000007282	Q0255	S. cerevisiae					56445.4
S000007283	Q0275	S. cerevisiae	COX3	Cytochrome c OXidase			30356.9
S000007284	Q0297	S. cerevisiae					5921.2
S000007339	YOL077W-A	S. cerevisiae	ATP19	ATP synthase	3710	1678	7535.9
S000007348	YJR135W-A	S. cerevisiae	TIM8	Translocase of the Inner Mitochondrial membrane	7334	4678	9762.1
S000007455	YHR072W-A	S. cerevisiae	NOP10	NucleOlar Protein	12139	3672	6642.9
S000007472	YML058W-A	S. cerevisiae	HUG1		2153	580	7514.7
S000007488	YBL059C-A	S. cerevisiae	CMC2	Cx9C Motif-Containing protein	1830	995	12949.9
S000007496	YHR132W-A	S. cerevisiae	IGO2	Initiation of G zerO	3781	776	14402.5
S000007521	YBR058C-A	S. cerevisiae	TSC3	Temperature-sensitive Suppressors of Csg2 mutants	3371	560	9581.3
S000007522	YBR085C-A	S. cerevisiae			18249	8370	9401.6
S000007523	YER053C-A	S. cerevisiae			7972	5311	4459.2
S000007524	YMR122W-A	S. cerevisiae	NCW1	Novel Cell Wall protein	8070	4961	7985
S000007525	YNR034W-A	S. cerevisiae	EGO4	Exit from rapamycin-induced GrOwth arrest	12325	9313	10783.5
S000007526	YOR396W	S. cerevisiae	YRF1-8		635	100	203785.1
S000007547	YCL057C-A	S. cerevisiae	MIC10	MItochondrial contact site and Cristae organizing system	2946	1404	10414.1
S000007548	YCL026C-B	S. cerevisiae	HBN1	Homologous to Bacterial Nitroreductases	4406	2289	20993
S000007549	YCL021W-A	S. cerevisiae			1385		14618.2
S000007586	YAL044W-A	S. cerevisiae	BOL1	BolA-like protein	3455	2575	12543.7
S000007587	YBL071W-A	S. cerevisiae	KTI11	Kluveromyces lactis Toxin Insensitive	8955	2171	9339.4
S000007588	YDL085C-A	S. cerevisiae			4648	1516	7961.5
S000007590	YER014C-A	S. cerevisiae	BUD25	BUD site selection			18005.8
S000007591	YBL029C-A	S. cerevisiae			3220	1365	11164
S000007592	YBL108C-A	S. cerevisiae	PAU9	seriPAUperin			4526.3
S000007593	YBR103C-A	S. cerevisiae					5609.7
S000007594	YBR191W-A	S. cerevisiae					3113.9
S000007595	YBR233W-A	S. cerevisiae	DAD3	Duo1 And Dam1 interacting	2282	847	10844.3
S000007596	YCL001W-B	S. cerevisiae					9568.8
S000007597	YCR038W-A	S. cerevisiae					4831
S000007598	YDL114W-A	S. cerevisiae					4317
S000007599	YDL159W-A	S. cerevisiae					5091.1
S000007600	YDL185C-A	S. cerevisiae					9344.1
S000007601	YDL240C-A	S. cerevisiae					5643.6
S000007602	YDL247W-A	S. cerevisiae					2929.3
S000007603	YDR079C-A	S. cerevisiae	TFB5		1612	581	8228.6
S000007604	YDR320C-A	S. cerevisiae	DAD4	Duo1 And Dam1 interacting	3151	1606	8155.4
S000007605	YDR379C-A	S. cerevisiae	SDH6		1304	443	9359
S000007606	YFR012W-A	S. cerevisiae					3384.1
S000007607	YGL258W-A	S. cerevisiae			1252		8692.2
S000007608	YGR271C-A	S. cerevisiae	EFG1	Exit From G1	4065	572	27132.7
S000007610	YJL052C-A	S. cerevisiae					4556.5
S000007611	YJL062W-A	S. cerevisiae	COA3	Cytochrome Oxidase Assembly	2530	849	9885.7
S000007612	YJL127W-A	S. cerevisiae					4053.8
S000007613	YJL156W-A	S. cerevisiae					8435.4
S000007615	YKL018C-A	S. cerevisiae	MCO12	Mitochondrial Class One protein of 12 kDa	1772	1264	11818.9
S000007616	YKL106C-A	S. cerevisiae					4682.7
S000007617	YKL165C-A	S. cerevisiae					9193.9
S000007618	YLR099W-A	S. cerevisiae	MIM2		1334	784	9976.2
S000007619	YLR149C-A	S. cerevisiae					3328
S000007620	YLR363W-A	S. cerevisiae			3958	1851	9761.1
S000007621	YML007C-A	S. cerevisiae	MIN4	mitochondrial MINi protein of 4 kDa	3831	436	4415.6
S000007622	YMR013W-A	S. cerevisiae					3192.9
S000007623	YNL067W-A	S. cerevisiae					6022.1
S000007624	YNL162W-A	S. cerevisiae			966	655	8266.7
S000007625	YNR001W-A	S. cerevisiae					8285.6
S000007626	YOL086W-A	S. cerevisiae	MHF1	Mph1-associated Histone-Fold protein	4206	2416	10547.1
S000007627	YOL159C-A	S. cerevisiae			1190	1065	10928.5
S000007628	YOR008W-B	S. cerevisiae					3817.4
S000007629	YOR314W-A	S. cerevisiae					4315.3
S000007630	YPR016W-A	S. cerevisiae					10102
S000007631	YPR074W-A	S. cerevisiae					6923.2
S000007632	YCR097W-A	S. cerevisiae					10555
S000007649	YBR255C-A	S. cerevisiae	RCF3	Respiratory superComplex Factor	1990	1107	13747
S000007650	YDR381C-A	S. cerevisiae	COI1	Cytochrome c Oxidase Interacting protein	2399	1250	12722.7
S000007651	YER074W-A	S. cerevisiae	YOS1	Yip One Suppressor	3784	930	9438.4
S000028421	YKL138C-A	S. cerevisiae	HSK3	Helper of ASK1	1902	1348	8089.4
S000028422	YLR154W-C	S. cerevisiae	TAR1	Transcript Antisense to Ribosomal RNA			14354.4
S000028423	YPL096C-A	S. cerevisiae	ERI1	ER-associated Ras Inhibitor			8037.4
S000028425	YPR036W-A	S. cerevisiae	SPO24	SPOrulation	7220	5443	7054
S000028437	YER180C-A	S. cerevisiae	SLO1	Scoco-Like Orf	1122	683	9731
S000028508	YCL005W-A	S. cerevisiae	VMA9	Vacuolar Membrane Atpase			8383.2
S000028509	YNL138W-A	S. cerevisiae	YSF3	Yeast Splicing Factor 3b subunit	3426		10033.6
S000028510	YBR111W-A	S. cerevisiae	SUS1	Sl gene Upstream of ySa1	2657	719	11077.6
S000028511	YIL156W-B	S. cerevisiae	MCO8	Mitochondrial Class One protein of 8 kDa	6503	3856	8168.7
S000028512	YKR095W-A	S. cerevisiae	PCC1	Polarized growth Chromatin-associated Controller	5416	1567	9990.6
S000028513	YJR112W-A	S. cerevisiae					12484.8
S000028514	YMR194C-B	S. cerevisiae	CMC4	Cx9C Motif-Containing protein	3150	2582	8203.7
S000028515	YPR170W-B	S. cerevisiae			3706		9362.1
S000028516	YOR072W-B	S. cerevisiae					6135.2
S000028517	YBL039W-B	S. cerevisiae	MIN6	mitochondrial MINi protein of ~6 kDa			6878.2
S000028518	YCL058W-A	S. cerevisiae	ADF1	Antisense of Depressing Factor	255	6	12752.2
S000028519	YCR075W-A	S. cerevisiae	EGO2	Exit from rapamycin-induced GrOwth arrest	15147	1640	8091
S000028520	YDL160C-A	S. cerevisiae	MHF2	Mph1-associated Histone-Fold protein	1901	513	9044.6
S000028521	YGR169C-A	S. cerevisiae	LSO2	Late-annotated Small Open reading frame	7998	3275	10505.2
S000028522	YJL127C-B	S. cerevisiae	MCO6	Mitochondrial Class One protein of 6 kDa	7831		6021.1
S000028523	YJR005C-A	S. cerevisiae	LSO1	Late-annotated Small Open reading frame			10880.6
S000028524	YKL068W-A	S. cerevisiae					8857
S000028525	YLR307C-A	S. cerevisiae	DPA10	Delta-Psi dependent mitochondrial Assembly protein of 10 kDa			9637.3
S000028526	YOR020W-A	S. cerevisiae	MCO10	Mitochondrial Class One protein of 10 kDa	4281	1269	9618.8
S000028527	YPL189C-A	S. cerevisiae	COA2	Cytochrome Oxidase Assembly			7536.9
S000028528	YAL016C-B	S. cerevisiae					7405.6
S000028529	YBL008W-A	S. cerevisiae					9495.7
S000028530	YBL068W-A	S. cerevisiae					9173.4
S000028532	YBR072C-A	S. cerevisiae					6150.3
S000028533	YBR076C-A	S. cerevisiae					10631.8
S000028534	YBR196C-A	S. cerevisiae					6258.5
S000028535	YBR200W-A	S. cerevisiae					6466
S000028536	YCR108C	S. cerevisiae					7268.5
S000028537	YDL022C-A	S. cerevisiae					9725.5
S000028538	YDR169C-A	S. cerevisiae					5597.8
S000028539	YDR182W-A	S. cerevisiae					7679.2
S000028540	YDR183C-A	S. cerevisiae					10583.6
S000028541	YDR194W-A	S. cerevisiae					6131.3
S000028542	YDR246W-A	S. cerevisiae					7670.9
S000028543	YDR406W-A	S. cerevisiae					10125.2
S000028544	YEL020C-B	S. cerevisiae					7493
S000028545	YEL050W-A	S. cerevisiae					7515.2
S000028546	YER078W-A	S. cerevisiae					6265.7
S000028547	YFL041W-A	S. cerevisiae					7585
S000028548	YGL041C-B	S. cerevisiae					6993.4
S000028550	YGR121W-A	S. cerevisiae					8034.5
S000028551	YGR240C-A	S. cerevisiae					7827.1
S000028552	YHR086W-A	S. cerevisiae					5991.2
S000028553	YHR175W-A	S. cerevisiae					5709.7
S000028554	YHR180C-B	S. cerevisiae					3920.9
S000028555	YHR180W-A	S. cerevisiae					6819.2
S000028556	YIL134C-A	S. cerevisiae					7600
S000028557	YJR151W-A	S. cerevisiae					1978.4
S000028558	YKL183C-A	S. cerevisiae					8364
S000028560	YLL006W-A	S. cerevisiae					6756.1
S000028561	YLR154C-G	S. cerevisiae					6050.2
S000028562	YLR154C-H	S. cerevisiae					4710.5
S000028563	YLR154W-B	S. cerevisiae					6261.7
S000028564	YLR156C-A	S. cerevisiae					4710.5
S000028565	YLR157C-C	S. cerevisiae					4710.5
S000028566	YLR159C-A	S. cerevisiae					4710.5
S000028567	YLR162W-A	S. cerevisiae	RRT15	Regulator of rDNA Transcription			7278.4
S000028568	YLR222C-A	S. cerevisiae					9721.1
S000028569	YLR285C-A	S. cerevisiae					7165.5
S000028571	YLR342W-A	S. cerevisiae					6560.9
S000028572	YLR412C-A	S. cerevisiae					8016.8
S000028573	YML054C-A	S. cerevisiae					6104.2
S000028574	YMR030W-A	S. cerevisiae					11272.7
S000028575	YMR141W-A	S. cerevisiae					8828.9
S000028576	YMR230W-A	S. cerevisiae					7281
S000028578	YMR307C-A	S. cerevisiae					7018.2
S000028579	YNL130C-A	S. cerevisiae	DGR1	2-Deoxy-Glucose Resistant 1			5616.8
S000028580	YOL164W-A	S. cerevisiae					7005.6
S000028581	YOR011W-A	S. cerevisiae					8644.2
S000028582	YOR072W-A	S. cerevisiae					9579.4
S000028583	YOR073W-A	S. cerevisiae					8518.5
S000028584	YOR316C-A	S. cerevisiae					7844.3
S000028585	YOR329W-A	S. cerevisiae					8606.6
S000028586	YOR376W-A	S. cerevisiae					6215.3
S000028587	YOR381W-A	S. cerevisiae					6704.6
S000028588	YPL038W-A	S. cerevisiae					7685
S000028589	YPL250W-A	S. cerevisiae					10152
S000028590	YPR108W-A	S. cerevisiae					7760.4
S000028591	YPR169W-A	S. cerevisiae					8063.3
S000028592	YAL037C-B	S. cerevisiae					35751.6
S000028593	YAL067W-A	S. cerevisiae					8768.8
S000028594	YAL068W-A	S. cerevisiae					9659.3
S000028595	YAR035C-A	S. cerevisiae					3327
S000028596	YBL006W-A	S. cerevisiae					5646.6
S000028597	YBL071C-B	S. cerevisiae					3855.7
S000028598	YBL100W-C	S. cerevisiae					4647.5
S000028599	YBL113W-A	S. cerevisiae					18623.1
S000028600	YBR126W-A	S. cerevisiae	MEO1	Mini ER ORF	5728	1384	7758.1
S000028601	YBR131C-A	S. cerevisiae					3681.3
S000028602	YBR141W-A	S. cerevisiae					3564.3
S000028603	YBR182C-A	S. cerevisiae					7382.8
S000028604	YBR223W-A	S. cerevisiae					4385.3
S000028605	YBR296C-A	S. cerevisiae	TYC1	Tiny Yeast Comet 1			4519.4
S000028606	YBR298C-A	S. cerevisiae					8411.4
S000028607	YCR045W-A	S. cerevisiae					12719.4
S000028608	YCR047W-A	S. cerevisiae					7512
S000028609	YCR081C-A	S. cerevisiae					8985.9
S000028610	YDL025W-A	S. cerevisiae					4069.9
S000028611	YDL086C-A	S. cerevisiae					16395.5
S000028612	YDL159C-B	S. cerevisiae					6405.6
S000028613	YDR354C-A	S. cerevisiae					5086.1
S000028614	YDR464C-A	S. cerevisiae					6864
S000028615	YDR510C-A	S. cerevisiae					4419.3
S000028616	YDR524C-A	S. cerevisiae					4660.8
S000028617	YDR545C-A	S. cerevisiae					18443.9
S000028618	YEL008C-A	S. cerevisiae					3451.1
S000028619	YEL030C-A	S. cerevisiae					11242.6
S000028620	YEL032C-A	S. cerevisiae					6697.2
S000028621	YEL077W-A	S. cerevisiae					18625.2
S000028622	YER023C-A	S. cerevisiae					7440.6
S000028623	YER088W-B	S. cerevisiae					5212
S000028624	YER158W-A	S. cerevisiae					8785.9
S000028625	YER175W-A	S. cerevisiae					6473.9
S000028626	YER190C-A	S. cerevisiae					17365.2
S000028627	YER190C-B	S. cerevisiae					18609.1
S000028628	YFL013W-A	S. cerevisiae					28777.8
S000028629	YFL031C-A	S. cerevisiae					3769.6
S000028630	YFR032C-B	S. cerevisiae	MIN10	mitochondrial MINi protein of 10 kDa			9957.5
S000028631	YFR034W-A	S. cerevisiae					11351.2
S000028632	YGL007C-A	S. cerevisiae					3169.8
S000028633	YGL063C-A	S. cerevisiae					5350.4
S000028634	YGL123C-A	S. cerevisiae					8271.2
S000028635	YGL188C-A	S. cerevisiae					5305.1
S000028636	YGR031C-A	S. cerevisiae	NAG1	Nested Antisense Gene			17543.6
S000028637	YGR068W-A	S. cerevisiae					3155.7
S000028638	YGR146C-A	S. cerevisiae					6051.3
S000028639	YGR174W-A	S. cerevisiae					3395
S000028640	YGR204C-A	S. cerevisiae					4541.4
S000028641	YGR270C-A	S. cerevisiae					8280.1
S000028642	YGR296C-A	S. cerevisiae					17365.2
S000028643	YGR296C-B	S. cerevisiae					18609.1
S000028644	YHL050W-A	S. cerevisiae					18617.2
S000028645	YHR022C-A	S. cerevisiae					3509.2
S000028646	YHR032C-A	S. cerevisiae					4397.7
S000028647	YHR052W-A	S. cerevisiae					7522
S000028648	YHR054W-A	S. cerevisiae					7522
S000028649	YHR137C-A	S. cerevisiae					23724.7
S000028650	YHR212W-A	S. cerevisiae			2383		7611.7
S000028651	YHR213W-A	S. cerevisiae					8928.8
S000028652	YHR213W-B	S. cerevisiae					11187
S000028653	YHR214C-D	S. cerevisiae					10913
S000028654	YHR214C-E	S. cerevisiae					11606
S000028655	YHR219C-A	S. cerevisiae					18635.2
S000028656	YIL021C-A	S. cerevisiae					10502.4
S000028657	YIL105W-A	S. cerevisiae					5934.9
S000028658	YIL177W-A	S. cerevisiae					18613.1
S000028659	YJL020W-A	S. cerevisiae					8685.9
S000028660	YJL026C-A	S. cerevisiae					7943.4
S000028661	YJL077W-A	S. cerevisiae					3078.8
S000028662	YJL077W-B	S. cerevisiae					4020
S000028663	YJL222W-A	S. cerevisiae					8655.6
S000028664	YJL222W-B	S. cerevisiae					5419.4
S000028665	YJL225W-A	S. cerevisiae					18613.1
S000028666	YJR140W-A	S. cerevisiae					5766.6
S000028667	YKL096C-B	S. cerevisiae					5995.4
S000028668	YKL156C-A	S. cerevisiae					4233.9
S000028669	YKR075W-A	S. cerevisiae					10071.7
S000028670	YLL019W-A	S. cerevisiae					3543.2
S000028671	YLL066W-A	S. cerevisiae					18601.2
S000028672	YLL066W-B	S. cerevisiae					6411.3
S000028673	YLL067W-A	S. cerevisiae					18601.2
S000028674	YLR120W-A	S. cerevisiae					3989.8
S000028675	YLR154W-A	S. cerevisiae					6917.9
S000028676	YLR154W-E	S. cerevisiae					7796.4
S000028677	YLR157W-D	S. cerevisiae					8198.5
S000028678	YLR157W-E	S. cerevisiae					6145.1
S000028679	YLR286W-A	S. cerevisiae					4943.8
S000028680	YLR299C-A	S. cerevisiae					3523
S000028681	YLR347W-A	S. cerevisiae					4736.5
S000028682	YLR399W-A	S. cerevisiae					3658.6
S000028683	YLR406C-A	S. cerevisiae			2102		5816.1
S000028684	YLR437C-A	S. cerevisiae					7916.5
S000028685	YLR466C-A	S. cerevisiae					18575.1
S000028686	YLR466C-B	S. cerevisiae					4190.9
S000028687	YLR467C-A	S. cerevisiae					18575.1
S000028688	YML100W-A	S. cerevisiae			1229		6251.4
S000028689	YML133W-A	S. cerevisiae					17365.2
S000028690	YML133W-B	S. cerevisiae					18635.2
S000028691	YMR001C-A	S. cerevisiae					8713
S000028692	YMR105W-A	S. cerevisiae					7232.8
S000028693	YMR182W-A	S. cerevisiae	MIN3	mitochondrial MINi protein of 3 kDa			3093.9
S000028694	YMR242W-A	S. cerevisiae					3101.6
S000028695	YMR272W-A	S. cerevisiae					4260.2
S000028696	YMR272W-B	S. cerevisiae			1734		4110
S000028697	YMR315W-A	S. cerevisiae					4060.1
S000028698	YNL024C-A	S. cerevisiae	KSH1	"KSH (similar to the Hungarian word for ""small"")"	2528	725	8198.8
S000028699	YNL097C-B	S. cerevisiae					4626.3
S000028700	YNL097W-A	S. cerevisiae					5904.3
S000028701	YNL103W-A	S. cerevisiae					3352
S000028702	YNL144W-A	S. cerevisiae					3049.5
S000028703	YNL339W-A	S. cerevisiae					17365.2
S000028704	YNL339W-B	S. cerevisiae					18635.2
S000028705	YNR003W-A	S. cerevisiae					3415
S000028706	YNR075C-A	S. cerevisiae					3372.3
S000028707	YOL019W-A	S. cerevisiae					5710.7
S000028708	YOL085W-A	S. cerevisiae					8044.3
S000028709	YOL166W-A	S. cerevisiae					5953
S000028710	YOR032W-A	S. cerevisiae					7711.3
S000028711	YOR108C-A	S. cerevisiae					7941.4
S000028712	YOR161C-C	S. cerevisiae					5429.4
S000028713	YOR161W-A	S. cerevisiae					3064.7
S000028714	YOR161W-B	S. cerevisiae					9900
S000028715	YOR186C-A	S. cerevisiae					7457.4
S000028716	YOR231C-A	S. cerevisiae					7949.8
S000028717	YOR335W-A	S. cerevisiae					3324.9
S000028718	YOR394C-A	S. cerevisiae					6311.4
S000028719	YOR396C-A	S. cerevisiae					18575.1
S000028720	YPL135C-A	S. cerevisiae					5997
S000028721	YPL152W-A	S. cerevisiae					3839.6
S000028722	YPL222C-A	S. cerevisiae					9138.7
S000028723	YPL283W-A	S. cerevisiae					17365.2
S000028724	YPL283W-B	S. cerevisiae					18609.1
S000028725	YPR159C-A	S. cerevisiae					3584.5
S000028726	YPR160C-A	S. cerevisiae					10362.5
S000028727	YPR204C-A	S. cerevisiae					18609.1
S000028728	YAL016C-A	S. cerevisiae					11214.9
S000028729	YAL019W-A	S. cerevisiae					21617.8
S000028730	YAL026C-A	S. cerevisiae					17452.4
S000028731	YAL031W-A	S. cerevisiae					11416.6
S000028732	YAL037C-A	S. cerevisiae					3449.3
S000028733	YAL047W-A	S. cerevisiae					12153.4
S000028734	YAL059C-A	S. cerevisiae					15830.1
S000028735	YAR019W-A	S. cerevisiae					12095.1
S000028736	YBR056W-A	S. cerevisiae	MNC1	MaNganese Chelating protein 1			7326.8
S000028737	YBR109W-A	S. cerevisiae					8562.3
S000028738	YBR126W-B	S. cerevisiae					5177.3
S000028739	YDR524C-B	S. cerevisiae					6327.2
S000028740	YDR524W-C	S. cerevisiae					3538.3
S000028741	YEL009C-A	S. cerevisiae					15955.4
S000028742	YEL018C-A	S. cerevisiae					19372.7
S000028743	YEL034C-A	S. cerevisiae					22695.8
S000028744	YEL053W-A	S. cerevisiae					12414.6
S000028745	YER006C-A	S. cerevisiae					12388.6
S000028746	YER038W-A	S. cerevisiae	FMP49	Found in Mitochondrial Proteome			14353.7
S000028747	YER046W-A	S. cerevisiae					12721.6
S000028748	YER067C-A	S. cerevisiae					12910
S000028749	YER068C-A	S. cerevisiae					15992.5
S000028750	YER076W-A	S. cerevisiae					13271
S000028751	YER079C-A	S. cerevisiae					12603.4
S000028752	YER084W-A	S. cerevisiae					20294.9
S000028753	YER087C-A	S. cerevisiae					20006.7
S000028754	YER088C-A	S. cerevisiae					11936
S000028755	YER107W-A	S. cerevisiae					11678
S000028756	YER133W-A	S. cerevisiae					13364.7
S000028757	YER137W-A	S. cerevisiae					11525.6
S000028758	YER145C-A	S. cerevisiae					16030.1
S000028759	YER147C-A	S. cerevisiae					14895.8
S000028760	YER148W-A	S. cerevisiae					20817.9
S000028761	YER152W-A	S. cerevisiae					21605
S000028762	YER165C-A	S. cerevisiae					13429.8
S000028763	YER172C-A	S. cerevisiae					13975.7
S000028764	YER188C-A	S. cerevisiae					11417.4
S000028765	YFL015W-A	S. cerevisiae					11676.9
S000028766	YFL021C-A	S. cerevisiae					31840
S000028767	YFR036W-A	S. cerevisiae					24207.3
S000028768	YFR052C-A	S. cerevisiae					11830.8
S000028769	YGL006W-A	S. cerevisiae					4213.1
S000028770	YHL002C-A	S. cerevisiae					17936.1
S000028771	YHL006W-A	S. cerevisiae					12364
S000028772	YHL019W-A	S. cerevisiae					22452.8
S000028773	YHL030W-A	S. cerevisiae					17060.1
S000028774	YHL034W-A	S. cerevisiae					16294.3
S000028775	YHL046W-A	S. cerevisiae					12273.1
S000028776	YHR028W-A	S. cerevisiae					11962.1
S000028777	YHR056W-A	S. cerevisiae					16251.4
S000028778	YHR063W-A	S. cerevisiae					12208.4
S000028779	YHR069C-A	S. cerevisiae					13251.5
S000028780	YHR070C-A	S. cerevisiae					15292.3
S000028781	YHR071C-A	S. cerevisiae					12245.9
S000028782	YHR131W-A	S. cerevisiae					9265.1
S000028783	YHR165W-A	S. cerevisiae					9604.7
S000028784	YHR182C-A	S. cerevisiae					18113.2
S000028785	YHR193C-A	S. cerevisiae					14088.9
S000028786	YHR218W-A	S. cerevisiae					11980.5
S000028787	YIL020C-A	S. cerevisiae					14187.7
S000028788	YIL029W-A	S. cerevisiae					13442.7
S000028789	YIL030W-A	S. cerevisiae					13558.1
S000028790	YIL047C-A	S. cerevisiae					14130.5
S000028791	YIL066W-A	S. cerevisiae					15863.6
S000028792	YIL068W-A	S. cerevisiae					14509.3
S000028793	YIL071W-A	S. cerevisiae					17544.9
S000028794	YIL100C-A	S. cerevisiae					13150.8
S000028795	YIL115W-A	S. cerevisiae					13917
S000028796	YIL142C-A	S. cerevisiae					11942.2
S000028797	YIL156W-A	S. cerevisiae					14779.5
S000028798	YIL171W-A	S. cerevisiae					16978.5
S000028799	YIR017W-A	S. cerevisiae					22896.4
S000028800	YIR020C-B	S. cerevisiae					27563.6
S000028801	YIR023C-A	S. cerevisiae					11603.6
S000028802	YIR030W-A	S. cerevisiae					13687.5
S000028803	YIR036W-A	S. cerevisiae					15239.9
S000028804	YJL047C-A	S. cerevisiae					5049
S000028805	YJL133C-A	S. cerevisiae	DPI8	Delta-Psi dependent mitochondrial Import protein of 8 kDa	2482	1396	7749
S000028806	YJL136W-A	S. cerevisiae					3144.9
S000028808	YLR264C-A	S. cerevisiae					4527.5
S000028809	YML031C-A	S. cerevisiae					12515.9
S000028810	YNL067W-B	S. cerevisiae					5319.2
S000028811	YOL013W-A	S. cerevisiae					7026.2
S000028812	YOL038C-A	S. cerevisiae					3629.5
S000028813	YAL063C-A	S. cerevisiae					11317.6
S000028814	YBL039C-A	S. cerevisiae					3404.2
S000028815	YBR121C-A	S. cerevisiae					6239.7
S000028816	YBR196C-B	S. cerevisiae					3929.9
S000028817	YBR221W-A	S. cerevisiae			1761		4090.9
S000028818	YCR024C-B	S. cerevisiae					10616
S000028819	YDR003W-A	S. cerevisiae					4845.6
S000028820	YDR118W-A	S. cerevisiae					4458.5
S000028821	YDR320W-B	S. cerevisiae					5340
S000028822	YDR371C-A	S. cerevisiae					3690.6
S000028823	YFR009W-A	S. cerevisiae					10058
S000028824	YFR010W-A	S. cerevisiae					7345.7
S000028825	YGL014C-A	S. cerevisiae					6612.1
S000028826	YGL041W-A	S. cerevisiae	DPC13	Delta-Psi dependent mitochondrial import and Cleavage protein of ~13 kDa	3919	2214	18112.5
S000028827	YGR035W-A	S. cerevisiae					8368.1
S000028828	YHL015W-A	S. cerevisiae					3205
S000028829	YHL048C-A	S. cerevisiae					5101.2
S000028830	YHR007C-A	S. cerevisiae					8393.2
S000028831	YHR032W-A	S. cerevisiae					6747.1
S000028832	YHR050W-A	S. cerevisiae					6582.9
S000028833	YHR073C-B	S. cerevisiae					3072.6
S000028834	YHR073W-A	S. cerevisiae					6780.1
S000028835	YIL002W-A	S. cerevisiae	CMI7	Cytosolic MIni protein of ~7 kDa	7407	3234	7721.7
S000028836	YIL046W-A	S. cerevisiae					6310
S000028837	YIR018C-A	S. cerevisiae					5225.3
S000028838	YIR021W-A	S. cerevisiae					7685.1
S000028839	YJL197C-A	S. cerevisiae					10088.7
S000028840	YKL100W-A	S. cerevisiae					3410.1
S000028841	YKL145W-A	S. cerevisiae					3344.2
S000028843	YLR154W-F	S. cerevisiae					5110
S000028844	YLR163W-A	S. cerevisiae					3945.8
S000028845	YLR361C-A	S. cerevisiae			2279	1298	11051.4
S000028846	YLR364C-A	S. cerevisiae					4683.6
S000028847	YMR013C-A	S. cerevisiae					5708.1
S000028848	YMR175W-A	S. cerevisiae					7308.7
S000028849	YMR247W-A	S. cerevisiae			1672		5155.3
S000028850	YNL042W-B	S. cerevisiae					9937.7
S000028851	YNL146C-A	S. cerevisiae					7690.4
S000028852	YNL277W-A	S. cerevisiae					7220.1
S000028853	YOL083C-A	S. cerevisiae					5635.7
S000028854	YOL097W-A	S. cerevisiae					7032.2
S000028855	YOL155W-A	S. cerevisiae					5208.2
S000028856	YOR034C-A	S. cerevisiae					9788.7
S000028857	YOR192C-C	S. cerevisiae					9037.5
S000028858	YOR293C-A	S. cerevisiae					6129.4
S000028859	YPL119C-A	S. cerevisiae					10110.9
S000028860	YPR160W-A	S. cerevisiae					3071.9
S000028861	YPR170W-A	S. cerevisiae					7268.8
S000029654	R0010W	S. cerevisiae	FLP1	FLiPase			48636.5
S000029674	R0030W	S. cerevisiae	RAF1	REP Antagonizing Factor or Recombinase Activating Factor	6224	144	21288.9
S000029675	R0020C	S. cerevisiae	REP1	REPlication	3891	2250	43224.5
S000029676	R0040C	S. cerevisiae	REP2	REPlication	5877	1151	33201.5
S000029704	YHR199C-A	S. cerevisiae	NBL1	N-terminal-Borealin Like protein	3134	2284	8545
S000029705	YCL012C	S. cerevisiae			2022	1149	15591.1
S000029722	YBR230W-A	S. cerevisiae	COQ21	COQ interacting protein	4720		7621.9
S000029724	YCR095W-A	S. cerevisiae					6307.9
S000029725	YER090C-A	S. cerevisiae					3425
S000029726	YGR161W-C	S. cerevisiae					10022.2
S000087085	YBR201C-A	S. cerevisiae	MIN7	mitochondrial MINi protein of ~7 kDa			7725.1
S000087087	YBR056C-B	S. cerevisiae					5742.7
S000087160	YGL194C-A	S. cerevisiae					9626.6
S000087203	YCL048W-A	S. cerevisiae					7797
S000087209	YDR461C-A	S. cerevisiae	CMI8	Cytosolic MIni protein of ~8 kDa	477	251	9101.1
S000113553	YDR374W-A	S. cerevisiae	WIP1	W-lIke Protein	4812	4761	10238.6
S000113555	YDR119W-A	S. cerevisiae	COX26				7458.9
S000113557	YDL007C-A	S. cerevisiae					9620.9
S000113559	YKL023C-A	S. cerevisiae	MIN9	mitochondrial MINi protein of 9 kDa	636	119	8529.1
S000113563	YKL065W-A	S. cerevisiae	DPC7	Delta-Psi dependent mitochondrial import and Cleavage protein of 7 kDa	1579	1250	8541.3
S000113566	YLR146W-A	S. cerevisiae			4685		7073.8
S000113587	YIL102C-A	S. cerevisiae					8505.4
S000113589	YPR145C-A	S. cerevisiae					9261.9
S000113613	YDR014W-A	S. cerevisiae	HED1	High copy suppressor of rED1			18275.3
S000122558	YPR010C-A	S. cerevisiae	MIN8	mitochondrial MINi protein of 8 kDa	6430	4278	7904.3
S000178054	YCL054W-A	S. cerevisiae	RDT1	Ribosomally Detected Transcript			3474.3