Orthogroup	protein_sgd	uniprotkb_proteome_UP000029867_2024_03_18
OG0000000		tr|A0A099NIB2|A0A099NIB2_PICKU, tr|A0A099NJP3|A0A099NJP3_PICKU, tr|A0A099NKV0|A0A099NKV0_PICKU, tr|A0A099NKW5|A0A099NKW5_PICKU, tr|A0A099NL14|A0A099NL14_PICKU, tr|A0A099NNW5|A0A099NNW5_PICKU, tr|A0A099NNY0|A0A099NNY0_PICKU, tr|A0A099NPH3|A0A099NPH3_PICKU, tr|A0A099NQ38|A0A099NQ38_PICKU, tr|A0A099NQA2|A0A099NQA2_PICKU, tr|A0A099NQZ0|A0A099NQZ0_PICKU, tr|A0A099NR04|A0A099NR04_PICKU, tr|A0A099NR32|A0A099NR32_PICKU, tr|A0A099NRE7|A0A099NRE7_PICKU, tr|A0A099NRL7|A0A099NRL7_PICKU, tr|A0A099NRM3|A0A099NRM3_PICKU, tr|A0A099NRN7|A0A099NRN7_PICKU, tr|A0A099NRU4|A0A099NRU4_PICKU, tr|A0A099NRX8|A0A099NRX8_PICKU, tr|A0A099NS92|A0A099NS92_PICKU, tr|A0A099NSB7|A0A099NSB7_PICKU, tr|A0A099NSG0|A0A099NSG0_PICKU, tr|A0A099NST1|A0A099NST1_PICKU, tr|A0A099NSW2|A0A099NSW2_PICKU, tr|A0A099NSX8|A0A099NSX8_PICKU, tr|A0A099NT99|A0A099NT99_PICKU, tr|A0A099NTA0|A0A099NTA0_PICKU, tr|A0A099NTF8|A0A099NTF8_PICKU, tr|A0A099NTK4|A0A099NTK4_PICKU, tr|A0A099NTN2|A0A099NTN2_PICKU, tr|A0A099NU42|A0A099NU42_PICKU, tr|A0A099NU51|A0A099NU51_PICKU, tr|A0A099NU52|A0A099NU52_PICKU, tr|A0A099NU57|A0A099NU57_PICKU, tr|A0A099NU62|A0A099NU62_PICKU, tr|A0A099NU67|A0A099NU67_PICKU, tr|A0A099NU69|A0A099NU69_PICKU, tr|A0A099NUF3|A0A099NUF3_PICKU, tr|A0A099NUM1|A0A099NUM1_PICKU, tr|A0A099NV32|A0A099NV32_PICKU, tr|A0A099NVD3|A0A099NVD3_PICKU, tr|A0A099NVF2|A0A099NVF2_PICKU, tr|A0A099NVM1|A0A099NVM1_PICKU, tr|A0A099NVT9|A0A099NVT9_PICKU, tr|A0A099NVV5|A0A099NVV5_PICKU, tr|A0A099NVW2|A0A099NVW2_PICKU, tr|A0A099NVX9|A0A099NVX9_PICKU, tr|A0A099NVY0|A0A099NVY0_PICKU, tr|A0A099NVZ6|A0A099NVZ6_PICKU, tr|A0A099NW00|A0A099NW00_PICKU, tr|A0A099NW11|A0A099NW11_PICKU, tr|A0A099NW16|A0A099NW16_PICKU, tr|A0A099NW25|A0A099NW25_PICKU, tr|A0A099NW38|A0A099NW38_PICKU, tr|A0A099NW46|A0A099NW46_PICKU, tr|A0A099NWK8|A0A099NWK8_PICKU, tr|A0A099NWQ6|A0A099NWQ6_PICKU, tr|A0A099NWU9|A0A099NWU9_PICKU, tr|A0A099NWX7|A0A099NWX7_PICKU, tr|A0A099NXW3|A0A099NXW3_PICKU, tr|A0A099NZR4|A0A099NZR4_PICKU, tr|A0A099P411|A0A099P411_PICKU, tr|A0A099P4J0|A0A099P4J0_PICKU
OG0000001	YAR009C, YBL005W-B, YBL100W-A, YBL100W-B, YBR012W-B, YCL019W, YCL020W, YDR034C-C, YDR034C-D, YDR098C-B, YDR210C-D, YDR210W-A, YDR210W-B, YDR261C-D, YDR261W-A, YDR261W-B, YDR316W-B, YDR365W-B, YER138C, YER160C, YFL002W-A, YFL002W-B, YGR027W-B, YGR038C-B, YGR161C-D, YGR161W-A, YGR161W-B, YHR214C-B, YJR027W, YJR029W, YLR035C-A, YLR157C-B, YLR227W-B, YLR410W-A, YLR410W-B, YML039W, YML045W, YMR045C, YMR050C, YNL054W-B, YNL284C-B, YOL103W-B, YOR142W-B, YOR192C-A, YOR192C-B, YOR343W-A, YOR343W-B, YPL257W-B, YPR137C-B, YPR158C-D, YPR158W-B	
OG0000002	YBL111C, YBL112C, YBL113C, YDR545W, YEL075C, YEL076C, YEL076C-A, YEL077C, YER189W, YER190W, YFL064C, YFL065C, YFL066C, YGR296W, YHL049C, YHL050C, YHR218W, YHR218W-A, YHR219W, YIL177C, YJL225C, YLL066C, YLL067C, YLR462W, YLR464W, YLR466W, YLR467W, YML133C, YNL339C, YOR396W, YPL283C, YPR202W, YPR203W, YPR204W	
OG0000003	YAL068C, YAR020C, YBL108C-A, YBR301W, YCR104W, YDR542W, YEL049W, YER011W, YFL020C, YGL261C, YGR294W, YHL046C, YIL011W, YIL176C, YIR041W, YJL223C, YJR150C, YJR151C, YKL096W, YKL096W-A, YKL224C, YLL025W, YLL064C, YLR037C, YLR461W, YMR325W, YNR076W, YOL161C, YOR009W, YOR010C, YOR394W, YPL282C	
OG0000004	YAR010C, YBL005W-A, YBR012W-A, YDR098C-A, YDR170W-A, YDR210C-C, YDR261C-C, YDR316W-A, YDR365W-A, YER137C-A, YER159C-A, YGR027W-A, YGR038C-A, YGR161C-C, YHR214C-C, YJR026W, YJR028W, YLR157C-A, YLR227W-A, YLR256W-A, YML040W, YML045W-A, YMR046C, YMR051C, YNL054W-A, YNL284C-A, YOL103W-A, YOR142W-A, YPL257W-A, YPR137C-A, YPR158C-C, YPR158W-A	
OG0000005	YAR023C, YAR027W, YAR028W, YAR029W, YAR031W, YAR033W, YBR302C, YCR007C, YCR102W-A, YDL248W, YFL062W, YGL051W, YGL053W, YGL263W, YGR295C, YHL042W, YHL043W, YHL044W, YHL048W, YIR043C, YJR161C, YKL219W, YML132W, YNL336W, YNR075W	
OG0000006	YBL113W-A, YDR545C-A, YEL077W-A, YER190C-B, YFL068W, YGR296C-B, YHL050W-A, YHR219C-A, YIL177W-A, YJL225W-A, YLL066W-A, YLL067W-A, YLR466C-A, YLR467C-A, YML133W-B, YNL339W-B, YOR396C-A, YPL283W-B, YPR204C-A	
OG0000007	YDR342C, YDR343C, YDR345C, YHR092C, YHR094C, YHR096C, YIL170W, YIL171W, YJL214W, YJL219W, YLR081W, YOL156W	tr|A0A099NU77|A0A099NU77_PICKU
OG0000008	YAL067W-A, YBL108W, YGL260W, YHL045W, YIL174W, YIL175W, YIR040C, YJL222W-A, YJL222W-B, YKL223W, YMR324C, YNR075C-A	
OG0000009	YAL068W-A, YDR543C, YEL074W, YER188C-A, YFL063W, YJR162C, YKL225W, YLL065W, YMR326C, YNL337W, YNR077C, YOL166W-A	
OG0000010	YBR240C	tr|A0A099NNZ6|A0A099NNZ6_PICKU, tr|A0A099NR14|A0A099NR14_PICKU, tr|A0A099NR52|A0A099NR52_PICKU, tr|A0A099NTA3|A0A099NTA3_PICKU, tr|A0A099NTI9|A0A099NTI9_PICKU, tr|A0A099NTK6|A0A099NTK6_PICKU, tr|A0A099NWU6|A0A099NWU6_PICKU, tr|A0A099NY64|A0A099NY64_PICKU, tr|A0A099P153|A0A099P153_PICKU, tr|A0A099P1D9|A0A099P1D9_PICKU, tr|A0A099P589|A0A099P589_PICKU
OG0000011		tr|A0A099NQT4|A0A099NQT4_PICKU, tr|A0A099NR01|A0A099NR01_PICKU, tr|A0A099NTN7|A0A099NTN7_PICKU, tr|A0A099NUL5|A0A099NUL5_PICKU, tr|A0A099NVE9|A0A099NVE9_PICKU, tr|A0A099NVG9|A0A099NVG9_PICKU, tr|A0A099NVH4|A0A099NVH4_PICKU, tr|A0A099NVJ8|A0A099NVJ8_PICKU, tr|A0A099NVM9|A0A099NVM9_PICKU, tr|A0A099NWC5|A0A099NWC5_PICKU, tr|A0A099NWD5|A0A099NWD5_PICKU
OG0000012	YAL063C, YAL064C-A, YAL065C, YAR050W, YAR061W, YFL051C, YHR211W, YHR212W-A, YHR213W, YKR102W	
OG0000013	YCR018C-A, YDR034C-A, YDR366C, YER181C, YGR122C-A, YLR334C, YMR046W-A, YOL013W-B, YOL106W, YPR002C-A	
OG0000014		tr|A0A099NTU3|A0A099NTU3_PICKU, tr|A0A099NTU8|A0A099NTU8_PICKU, tr|A0A099NUI2|A0A099NUI2_PICKU, tr|A0A099NW13|A0A099NW13_PICKU, tr|A0A099NWD2|A0A099NWD2_PICKU, tr|A0A099NWE3|A0A099NWE3_PICKU, tr|A0A099NWE8|A0A099NWE8_PICKU, tr|A0A099NWH8|A0A099NWH8_PICKU, tr|A0A099P5Z4|A0A099P5Z4_PICKU, tr|A0A099P6K2|A0A099P6K2_PICKU
OG0000015	YBL017C, YCR099C, YCR100C, YCR101C, YIL173W, YJL222W, YNR065C, YNR066C	tr|A0A099P9F9|A0A099P9F9_PICKU
OG0000016	YDR011W, YNR070W	tr|A0A099NS01|A0A099NS01_PICKU, tr|A0A099NU16|A0A099NU16_PICKU, tr|A0A099NWP5|A0A099NWP5_PICKU, tr|A0A099NYU7|A0A099NYU7_PICKU, tr|A0A099P2H6|A0A099P2H6_PICKU, tr|A0A099P475|A0A099P475_PICKU
OG0000017	YDR144C, YGL258W-A, YGL259W, YIL015W, YIR039C, YLR120C, YLR121C	tr|A0A099NYR4|A0A099NYR4_PICKU
OG0000018	YBR299W, YGR287C, YGR292W, YIL172C, YJL216C, YJL221C, YOL157C	
OG0000019	YDL120W, YML102W, YMR212C	tr|A0A099P0W0|A0A099P0W0_PICKU, tr|A0A099P126|A0A099P126_PICKU, tr|A0A099P384|A0A099P384_PICKU, tr|A0A099P3A8|A0A099P3A8_PICKU
OG0000020	YDR038C, YDR039C, YDR040C	tr|A0A099P7B2|A0A099P7B2_PICKU, tr|A0A099P7D5|A0A099P7D5_PICKU, tr|A0A099P9X5|A0A099P9X5_PICKU, tr|A0A099PA02|A0A099PA02_PICKU
OG0000021	YDR253C, YGR067C, YPL038W	tr|A0A099NV89|A0A099NV89_PICKU, tr|A0A099NXB0|A0A099NXB0_PICKU, tr|A0A099P6K1|A0A099P6K1_PICKU, tr|A0A099P8R7|A0A099P8R7_PICKU
OG0000022	YDR418W, YEL054C, YGR037C	tr|A0A099NT31|A0A099NT31_PICKU, tr|A0A099NUR6|A0A099NUR6_PICKU, tr|A0A099P5S3|A0A099P5S3_PICKU, tr|A0A099P6N1|A0A099P6N1_PICKU
OG0000023	YDR485C, YDR486C, YDR487C	tr|A0A099NU29|A0A099NU29_PICKU, tr|A0A099NWK1|A0A099NWK1_PICKU, tr|A0A099NWL7|A0A099NWL7_PICKU, tr|A0A099NWQ7|A0A099NWQ7_PICKU
OG0000024	YPR194C	tr|A0A099NSL3|A0A099NSL3_PICKU, tr|A0A099NT27|A0A099NT27_PICKU, tr|A0A099NUT4|A0A099NUT4_PICKU, tr|A0A099NVS1|A0A099NVS1_PICKU, tr|A0A099NVV8|A0A099NVV8_PICKU, tr|A0A099P3D3|A0A099P3D3_PICKU
OG0000025	Q0045, Q0050, Q0055, Q0060, Q0065, Q0070, Q0075	
OG0000026	Q0105, Q0110, Q0115, Q0120, Q0160, Q0255	tr|A0A099NXT2|A0A099NXT2_PICKU
OG0000027		tr|A0A099NSP1|A0A099NSP1_PICKU, tr|A0A099NSW7|A0A099NSW7_PICKU, tr|A0A099NTE0|A0A099NTE0_PICKU, tr|A0A099NWJ6|A0A099NWJ6_PICKU, tr|A0A099NWS5|A0A099NWS5_PICKU, tr|A0A099NX96|A0A099NX96_PICKU, tr|A0A099P3G7|A0A099P3G7_PICKU
OG0000028		tr|A0A099NP52|A0A099NP52_PICKU, tr|A0A099NQP8|A0A099NQP8_PICKU, tr|A0A099NWA9|A0A099NWA9_PICKU, tr|A0A099NX68|A0A099NX68_PICKU, tr|A0A099NXB8|A0A099NXB8_PICKU, tr|A0A099NY05|A0A099NY05_PICKU, tr|A0A099P1L3|A0A099P1L3_PICKU
OG0000029		tr|A0A099NQG1|A0A099NQG1_PICKU, tr|A0A099NR15|A0A099NR15_PICKU, tr|A0A099NRU8|A0A099NRU8_PICKU, tr|A0A099NSR4|A0A099NSR4_PICKU, tr|A0A099NTT3|A0A099NTT3_PICKU, tr|A0A099NWW7|A0A099NWW7_PICKU, tr|A0A099P2U2|A0A099P2U2_PICKU
OG0000030	YBL068W-A, YBL069W, YER101C, YMR152W	tr|A0A099P713|A0A099P713_PICKU, tr|A0A099P7R5|A0A099P7R5_PICKU
OG0000031	YBL109W, YDR544C, YHR217C, YLL066W-B, YLR466C-B, YNL338W	
OG0000032	YCL073C, YEL065W, YHL040C, YHL047C, YKR106W, YOL158C	
OG0000033	YCL074W, YHL009W-A, YHL009W-B, YJL113W, YJL114W, YPL060C-A	
OG0000034	YCR028C	tr|A0A099NUP8|A0A099NUP8_PICKU, tr|A0A099NV40|A0A099NV40_PICKU, tr|A0A099NVA1|A0A099NVA1_PICKU, tr|A0A099NW26|A0A099NW26_PICKU, tr|A0A099P899|A0A099P899_PICKU
OG0000035	YCR107W, YDL243C, YFL056C, YJR155W, YNL331C, YOL165C	
OG0000036	YDL080C, YGR087C, YLR044C, YLR134W	tr|A0A099NTY2|A0A099NTY2_PICKU, tr|A0A099P7E7|A0A099P7E7_PICKU
OG0000037	YDL219W	tr|A0A099NUR8|A0A099NUR8_PICKU, tr|A0A099NX57|A0A099NX57_PICKU, tr|A0A099NXR9|A0A099NXR9_PICKU, tr|A0A099P072|A0A099P072_PICKU, tr|A0A099P3V4|A0A099P3V4_PICKU
OG0000038	YDR242W	tr|A0A099NTE1|A0A099NTE1_PICKU, tr|A0A099NVC3|A0A099NVC3_PICKU, tr|A0A099P0M1|A0A099P0M1_PICKU, tr|A0A099P637|A0A099P637_PICKU, tr|A0A099P7J5|A0A099P7J5_PICKU
OG0000039	YER001W, YGL257C, YIL014W, YNR059W	tr|A0A099NTJ0|A0A099NTJ0_PICKU, tr|A0A099NXD8|A0A099NXD8_PICKU
OG0000040	YER190C-A, YFL067W, YGR296C-A, YML133W-A, YNL339W-A, YPL283W-A	
OG0000041	YGR108W, YGR109C, YPR119W, YPR120C	tr|A0A099NSV2|A0A099NSV2_PICKU, tr|A0A099P4I8|A0A099P4I8_PICKU
OG0000042	YHR137W	tr|A0A099NSM0|A0A099NSM0_PICKU, tr|A0A099NTB1|A0A099NTB1_PICKU, tr|A0A099NV25|A0A099NV25_PICKU, tr|A0A099NV98|A0A099NV98_PICKU, tr|A0A099NYA9|A0A099NYA9_PICKU
OG0000043	YIL166C, YOL163W	tr|A0A099NUZ3|A0A099NUZ3_PICKU, tr|A0A099NZS3|A0A099NZS3_PICKU, tr|A0A099NZZ8|A0A099NZZ8_PICKU, tr|A0A099P1I0|A0A099P1I0_PICKU
OG0000044	YJL129C, YKR050W	tr|A0A099NRQ6|A0A099NRQ6_PICKU, tr|A0A099NRT3|A0A099NRT3_PICKU, tr|A0A099NW93|A0A099NW93_PICKU, tr|A0A099P107|A0A099P107_PICKU
OG0000045		tr|A0A099NT72|A0A099NT72_PICKU, tr|A0A099NTS7|A0A099NTS7_PICKU, tr|A0A099NVQ2|A0A099NVQ2_PICKU, tr|A0A099NVT1|A0A099NVT1_PICKU, tr|A0A099NWP8|A0A099NWP8_PICKU, tr|A0A099NYZ9|A0A099NYZ9_PICKU
OG0000046		tr|A0A099NNT7|A0A099NNT7_PICKU, tr|A0A099NQY4|A0A099NQY4_PICKU, tr|A0A099NRI0|A0A099NRI0_PICKU, tr|A0A099NRK9|A0A099NRK9_PICKU, tr|A0A099NU30|A0A099NU30_PICKU, tr|A0A099NZZ2|A0A099NZZ2_PICKU
OG0000047		tr|A0A099NRE9|A0A099NRE9_PICKU, tr|A0A099NRL6|A0A099NRL6_PICKU, tr|A0A099NRM8|A0A099NRM8_PICKU, tr|A0A099NSB9|A0A099NSB9_PICKU, tr|A0A099NTZ5|A0A099NTZ5_PICKU, tr|A0A099NUK6|A0A099NUK6_PICKU
OG0000048	YAR071W, YBR092C, YBR093C, YDL024C, YHR215W	
OG0000049	YBL061C, YDL203C, YER096W	tr|A0A099P240|A0A099P240_PICKU, tr|A0A099P972|A0A099P972_PICKU
OG0000050	YBL107W-A, YER138W-A, YHR145C, YIL060W, YOR192C-C	
OG0000051	YBR014C, YDL010W, YPL156C	tr|A0A099NTC0|A0A099NTC0_PICKU, tr|A0A099NVU8|A0A099NVU8_PICKU
OG0000052	YBR052C, YCR004C, YDR032C	tr|A0A099NYG8|A0A099NYG8_PICKU, tr|A0A099P0P2|A0A099P0P2_PICKU
OG0000053	YBR238C, YGL107C	tr|A0A099NPR2|A0A099NPR2_PICKU, tr|A0A099P2C0|A0A099P2C0_PICKU, tr|A0A099P990|A0A099P990_PICKU
OG0000054	YCL067C, YCR039C, YCR096C, YGL096W, YPL177C	
OG0000055	YCL069W, YGR224W, YKR105C, YPR198W	tr|A0A099P8W1|A0A099P8W1_PICKU
OG0000056	YCR010C, YNR002C	tr|A0A099P6N8|A0A099P6N8_PICKU, tr|A0A099P8V4|A0A099P8V4_PICKU, tr|A0A099P9K2|A0A099P9K2_PICKU
OG0000057	YCR018C, YIR013C, YLR013W, YMR136W, YPL021W	
OG0000058	YCR083W, YGR209C, YLR043C, YOL088C	tr|A0A099P8I3|A0A099P8I3_PICKU
OG0000059	YDL144C	tr|A0A099NWP0|A0A099NWP0_PICKU, tr|A0A099P2Y7|A0A099P2Y7_PICKU, tr|A0A099P5C4|A0A099P5C4_PICKU, tr|A0A099P5X7|A0A099P5X7_PICKU
OG0000060	YDL177C, YJR003C	tr|A0A099NTG2|A0A099NTG2_PICKU, tr|A0A099NWA6|A0A099NWA6_PICKU, tr|A0A099NYT4|A0A099NYT4_PICKU
OG0000061	YDL244W, YFL058W, YJR156C, YNL332W	tr|A0A099NWQ4|A0A099NWQ4_PICKU
OG0000062	YDR069C, YER144C	tr|A0A099NSR7|A0A099NSR7_PICKU, tr|A0A099NV81|A0A099NV81_PICKU, tr|A0A099P1Q3|A0A099P1Q3_PICKU
OG0000063	YDR143C	tr|A0A099P0J9|A0A099P0J9_PICKU, tr|A0A099P2M2|A0A099P2M2_PICKU, tr|A0A099P4L3|A0A099P4L3_PICKU, tr|A0A099P7C8|A0A099P7C8_PICKU
OG0000064	YDR300C, YHR033W	tr|A0A099NZF3|A0A099NZF3_PICKU, tr|A0A099P144|A0A099P144_PICKU, tr|A0A099P1S0|A0A099P1S0_PICKU
OG0000065	YDR321W, YLR155C, YLR157C, YLR158C, YLR160C	
OG0000066	YDR385W, YNL263C, YOR133W	tr|A0A099NU00|A0A099NU00_PICKU, tr|A0A099NXD5|A0A099NXD5_PICKU
OG0000067	YDR541C, YGL039W, YGL157W, YLL056C, YOL151W	
OG0000068	YER019W, YNL065W	tr|A0A099NRU1|A0A099NRU1_PICKU, tr|A0A099P4S9|A0A099P4S9_PICKU, tr|A0A099P7B6|A0A099P7B6_PICKU
OG0000069	YER176W, YOR330C	tr|A0A099NV49|A0A099NV49_PICKU, tr|A0A099NYH9|A0A099NYH9_PICKU, tr|A0A099P277|A0A099P277_PICKU
OG0000070	YFL021W, YJL110C, YKR034W	tr|A0A099NWS6|A0A099NWS6_PICKU, tr|A0A099P6B5|A0A099P6B5_PICKU
OG0000071	YFR040W, YGL229C, YJL098W, YKR028W	tr|A0A099P835|A0A099P835_PICKU
OG0000072	YGR166W	tr|A0A099P341|A0A099P341_PICKU, tr|A0A099P501|A0A099P501_PICKU, tr|A0A099P556|A0A099P556_PICKU, tr|A0A099P5M4|A0A099P5M4_PICKU
OG0000073	YGR201C, YKL081W, YPL048W	tr|A0A099P1K3|A0A099P1K3_PICKU, tr|A0A099P4F4|A0A099P4F4_PICKU
OG0000074	YHR045W, YIL129C	tr|A0A099NU81|A0A099NU81_PICKU, tr|A0A099P186|A0A099P186_PICKU, tr|A0A099P1X3|A0A099P1X3_PICKU
OG0000075	YHR208W, YJR148W, YNL181W	tr|A0A099NSS6|A0A099NSS6_PICKU, tr|A0A099P5V7|A0A099P5V7_PICKU
OG0000076	YIR033W, YKL020C	tr|A0A099NPQ7|A0A099NPQ7_PICKU, tr|A0A099NS94|A0A099NS94_PICKU, tr|A0A099NXV5|A0A099NXV5_PICKU
OG0000077	YKL195W, YKL196C, YLR268W	tr|A0A099NUM7|A0A099NUM7_PICKU, tr|A0A099P0L1|A0A099P0L1_PICKU
OG0000078	YKL220C, YLL051C, YNR060W, YOR381W, YOR384W	
OG0000079	YKL221W	tr|A0A099NTE2|A0A099NTE2_PICKU, tr|A0A099NWW4|A0A099NWW4_PICKU, tr|A0A099NXL4|A0A099NXL4_PICKU, tr|A0A099NZG6|A0A099NZG6_PICKU
OG0000080	YKL222C, YLR266C, YOR162C, YOR172W	tr|A0A099P5C8|A0A099P5C8_PICKU
OG0000081	YKR070W	tr|A0A099NSH2|A0A099NSH2_PICKU, tr|A0A099NTE9|A0A099NTE9_PICKU, tr|A0A099NXJ7|A0A099NXJ7_PICKU, tr|A0A099NZ38|A0A099NZ38_PICKU
OG0000082	YLL057C	tr|A0A099NQP4|A0A099NQP4_PICKU, tr|A0A099NY37|A0A099NY37_PICKU, tr|A0A099NZG1|A0A099NZG1_PICKU, tr|A0A099P0A2|A0A099P0A2_PICKU
OG0000083	YLR156W, YLR157W-D, YLR157W-E, YLR159W, YLR161W	
OG0000084	YML111W, YMR275C, YNR068C, YNR069C	tr|A0A099NPN2|A0A099NPN2_PICKU
OG0000085	YMR029C	tr|A0A099NT06|A0A099NT06_PICKU, tr|A0A099P099|A0A099P099_PICKU, tr|A0A099P218|A0A099P218_PICKU, tr|A0A099P2A1|A0A099P2A1_PICKU
OG0000086	YMR182C, YPL230W	tr|A0A099NRH8|A0A099NRH8_PICKU, tr|A0A099NSU6|A0A099NSU6_PICKU, tr|A0A099P080|A0A099P080_PICKU
OG0000087	YNL007C, YPR061C	tr|A0A099NTA9|A0A099NTA9_PICKU, tr|A0A099NYN3|A0A099NYN3_PICKU, tr|A0A099P147|A0A099P147_PICKU
OG0000088	YOL152W	tr|A0A099NQL1|A0A099NQL1_PICKU, tr|A0A099NRA3|A0A099NRA3_PICKU, tr|A0A099NTI4|A0A099NTI4_PICKU, tr|A0A099NUG0|A0A099NUG0_PICKU
OG0000089	YOR049C	tr|A0A099NS64|A0A099NS64_PICKU, tr|A0A099NU56|A0A099NU56_PICKU, tr|A0A099NXV7|A0A099NXV7_PICKU, tr|A0A099NY73|A0A099NY73_PICKU
OG0000090	YOR153W	tr|A0A099NYB2|A0A099NYB2_PICKU, tr|A0A099NZY8|A0A099NZY8_PICKU, tr|A0A099NZZ4|A0A099NZZ4_PICKU, tr|A0A099P270|A0A099P270_PICKU
OG0000091		tr|A0A099NR96|A0A099NR96_PICKU, tr|A0A099NR99|A0A099NR99_PICKU, tr|A0A099NWV3|A0A099NWV3_PICKU, tr|A0A099NZ59|A0A099NZ59_PICKU, tr|A0A099P2A9|A0A099P2A9_PICKU
OG0000092		tr|A0A099NU14|A0A099NU14_PICKU, tr|A0A099NYW9|A0A099NYW9_PICKU, tr|A0A099P0R2|A0A099P0R2_PICKU, tr|A0A099P7L9|A0A099P7L9_PICKU, tr|A0A099P8E8|A0A099P8E8_PICKU
OG0000093		tr|A0A099NWL9|A0A099NWL9_PICKU, tr|A0A099P0Y4|A0A099P0Y4_PICKU, tr|A0A099P2Y0|A0A099P2Y0_PICKU, tr|A0A099P5G5|A0A099P5G5_PICKU, tr|A0A099P5N4|A0A099P5N4_PICKU
OG0000094		tr|A0A099NKW3|A0A099NKW3_PICKU, tr|A0A099NL84|A0A099NL84_PICKU, tr|A0A099NSF5|A0A099NSF5_PICKU, tr|A0A099NSS8|A0A099NSS8_PICKU, tr|A0A099NTW6|A0A099NTW6_PICKU
OG0000095		tr|A0A099NQQ5|A0A099NQQ5_PICKU, tr|A0A099NTT4|A0A099NTT4_PICKU, tr|A0A099NTT9|A0A099NTT9_PICKU, tr|A0A099NUH4|A0A099NUH4_PICKU, tr|A0A099P0X6|A0A099P0X6_PICKU
OG0000096		tr|A0A099NS23|A0A099NS23_PICKU, tr|A0A099NW55|A0A099NW55_PICKU, tr|A0A099NWP7|A0A099NWP7_PICKU, tr|A0A099NZJ7|A0A099NZJ7_PICKU, tr|A0A099P104|A0A099P104_PICKU
OG0000097		tr|A0A099NU37|A0A099NU37_PICKU, tr|A0A099NUC2|A0A099NUC2_PICKU, tr|A0A099NW14|A0A099NW14_PICKU, tr|A0A099NWD9|A0A099NWD9_PICKU, tr|A0A099P5X1|A0A099P5X1_PICKU
OG0000098	YAL014C, YGL212W	tr|A0A099P2B2|A0A099P2B2_PICKU, tr|A0A099P2V8|A0A099P2V8_PICKU
OG0000099	YAL034C, YOR338W	tr|A0A099NVH1|A0A099NVH1_PICKU, tr|A0A099P4Y0|A0A099P4Y0_PICKU
OG0000100	YAL049C	tr|A0A099NYD6|A0A099NYD6_PICKU, tr|A0A099NZN5|A0A099NZN5_PICKU, tr|A0A099P5Z2|A0A099P5Z2_PICKU
OG0000101	YAL056W, YOR371C	tr|A0A099NUS6|A0A099NUS6_PICKU, tr|A0A099NUT9|A0A099NUT9_PICKU
OG0000102	YAR042W, YDL019C	tr|A0A099NTF7|A0A099NTF7_PICKU, tr|A0A099NW05|A0A099NW05_PICKU
OG0000103	YAR066W, YHR214W, YIL169C, YOL155C	
OG0000104	YBR015C, YJL186W	tr|A0A099NST6|A0A099NST6_PICKU, tr|A0A099NXY5|A0A099NXY5_PICKU
OG0000105	YBR036C, YML018C	tr|A0A099NY99|A0A099NY99_PICKU, tr|A0A099P7P6|A0A099P7P6_PICKU
OG0000106	YBR049C, YDR026C	tr|A0A099NV37|A0A099NV37_PICKU, tr|A0A099NWK0|A0A099NWK0_PICKU
OG0000107	YBR067C	tr|A0A099NV24|A0A099NV24_PICKU, tr|A0A099NXE8|A0A099NXE8_PICKU, tr|A0A099P711|A0A099P711_PICKU
OG0000108	YBR081C	tr|A0A099NRB0|A0A099NRB0_PICKU, tr|A0A099NS81|A0A099NS81_PICKU, tr|A0A099P680|A0A099P680_PICKU
OG0000109	YBR089C-A, YDL002C, YPR052C	tr|A0A099NXP6|A0A099NXP6_PICKU
OG0000110	YBR091C, YHR005C-A	tr|A0A099NW30|A0A099NW30_PICKU, tr|A0A099NW35|A0A099NW35_PICKU
OG0000111	YBR115C	tr|A0A099NSC0|A0A099NSC0_PICKU, tr|A0A099P441|A0A099P441_PICKU, tr|A0A099P4V2|A0A099P4V2_PICKU
OG0000112	YBR241C, YCR023C, YGL104C	tr|A0A099P245|A0A099P245_PICKU
OG0000113	YBR273C, YJL048C	tr|A0A099NSH7|A0A099NSH7_PICKU, tr|A0A099NU48|A0A099NU48_PICKU
OG0000114	YBR294W, YLR092W	tr|A0A099P1G2|A0A099P1G2_PICKU, tr|A0A099P9H7|A0A099P9H7_PICKU
OG0000115	YBR297W, YFL052W, YGR288W, YPR196W	
OG0000116	YBR298C, YDL247W, YGR289C, YJR160C	
OG0000117	YCL001W-A, YCL001W-B, YNL001W	tr|A0A099P033|A0A099P033_PICKU
OG0000118	YCL037C, YDL051W, YDR515W	tr|A0A099P432|A0A099P432_PICKU
OG0000119	YCL051W, YDR528W	tr|A0A099NTN9|A0A099NTN9_PICKU, tr|A0A099NTP4|A0A099NTP4_PICKU
OG0000120	YCR032W	tr|A0A099NSF1|A0A099NSF1_PICKU, tr|A0A099NTT7|A0A099NTT7_PICKU, tr|A0A099P641|A0A099P641_PICKU
OG0000121	YCR067C, YNR026C	tr|A0A099NT19|A0A099NT19_PICKU, tr|A0A099P192|A0A099P192_PICKU
OG0000122	YCR073W-A, YNR034W	tr|A0A099P0G7|A0A099P0G7_PICKU, tr|A0A099P276|A0A099P276_PICKU
OG0000123	YCR089W, YDR134C, YLR110C, YNR044W	
OG0000124	YCR094W, YNR048W	tr|A0A099NUT8|A0A099NUT8_PICKU, tr|A0A099NUW7|A0A099NUW7_PICKU
OG0000125	YCR098C	tr|A0A099NQM2|A0A099NQM2_PICKU, tr|A0A099NZ36|A0A099NZ36_PICKU, tr|A0A099NZI7|A0A099NZI7_PICKU
OG0000126	YCR102C, YLR460C, YNL134C	tr|A0A099P213|A0A099P213_PICKU
OG0000127	YDL082W, YMR142C	tr|A0A099NTR8|A0A099NTR8_PICKU, tr|A0A099P3K9|A0A099P3K9_PICKU
OG0000128	YDL123W, YDR276C, YDR525W-A, YJL151C	
OG0000129	YDL132W, YJL047C	tr|A0A099NSQ1|A0A099NSQ1_PICKU, tr|A0A099P0Y0|A0A099P0Y0_PICKU
OG0000130	YDL245C, YEL069C, YJR158W, YNR072W	
OG0000131	YDR107C, YLR083C	tr|A0A099NUY6|A0A099NUY6_PICKU, tr|A0A099P6U4|A0A099P6U4_PICKU
OG0000132	YDR122W, YLR096W	tr|A0A099NSL8|A0A099NSL8_PICKU, tr|A0A099NXB1|A0A099NXB1_PICKU
OG0000133	YDR206W, YLR233C	tr|A0A099NPV0|A0A099NPV0_PICKU, tr|A0A099P0T4|A0A099P0T4_PICKU
OG0000134	YDR223W, YLR223C	tr|A0A099NVA7|A0A099NVA7_PICKU, tr|A0A099NVN4|A0A099NVN4_PICKU
OG0000135	YDR421W	tr|A0A099NSZ9|A0A099NSZ9_PICKU, tr|A0A099NTL8|A0A099NTL8_PICKU, tr|A0A099P6R4|A0A099P6R4_PICKU
OG0000136	YDR490C, YOL100W	tr|A0A099NSH3|A0A099NSH3_PICKU, tr|A0A099NYA2|A0A099NYA2_PICKU
OG0000137	YDR501W, YLR183C	tr|A0A099NTP7|A0A099NTP7_PICKU, tr|A0A099P0K3|A0A099P0K3_PICKU
OG0000138	YDR533C, YMR322C, YOR391C, YPL280W	
OG0000139	YEL063C, YNL270C	tr|A0A099NVD4|A0A099NVD4_PICKU, tr|A0A099NXG5|A0A099NXG5_PICKU
OG0000140	YEL066W, YPR193C	tr|A0A099NT86|A0A099NT86_PICKU, tr|A0A099NVR8|A0A099NVR8_PICKU
OG0000141	YER039C, YER039C-A, YGL225W	tr|A0A099NW50|A0A099NW50_PICKU
OG0000142	YER042W	tr|A0A099NQN7|A0A099NQN7_PICKU, tr|A0A099NY87|A0A099NY87_PICKU, tr|A0A099P0H0|A0A099P0H0_PICKU
OG0000143	YER045C, YIL036W	tr|A0A099NU34|A0A099NU34_PICKU, tr|A0A099NWB1|A0A099NWB1_PICKU
OG0000144	YER054C, YIL045W	tr|A0A099NTR7|A0A099NTR7_PICKU, tr|A0A099NYW2|A0A099NYW2_PICKU
OG0000145	YER056C-A, YIL052C	tr|A0A099NVR7|A0A099NVR7_PICKU, tr|A0A099NVS2|A0A099NVS2_PICKU
OG0000146	YER062C, YHR043C, YHR044C, YIL053W	
OG0000147	YER067W, YIL057C	tr|A0A099NUZ2|A0A099NUZ2_PICKU, tr|A0A099P707|A0A099P707_PICKU
OG0000148	YER146W, YFL017W-A, YNL147W	tr|A0A099P3N2|A0A099P3N2_PICKU
OG0000149	YFL059W, YMR096W, YNL333W	tr|A0A099NYC9|A0A099NYC9_PICKU
OG0000150	YFL060C, YMR095C, YNL334C	tr|A0A099NYM1|A0A099NYM1_PICKU
OG0000151	YFR012W, YMR063W, YOL019W	tr|A0A099P951|A0A099P951_PICKU
OG0000152	YFR014C, YOL016C	tr|A0A099NRE5|A0A099NRE5_PICKU, tr|A0A099P4K3|A0A099P4K3_PICKU
OG0000153	YFR057W, YLR098C, YOR337W	tr|A0A099P5W4|A0A099P5W4_PICKU
OG0000154	YGL071W, YPL202C	tr|A0A099NSK0|A0A099NSK0_PICKU, tr|A0A099NWU5|A0A099NWU5_PICKU
OG0000155	YGL082W, YPL191C	tr|A0A099NSA2|A0A099NSA2_PICKU, tr|A0A099P536|A0A099P536_PICKU
OG0000156	YGL092W	tr|A0A099NP07|A0A099NP07_PICKU, tr|A0A099P6L3|A0A099P6L3_PICKU, tr|A0A099P8K0|A0A099P8K0_PICKU
OG0000157	YGR109W-A, YGR109W-B, YIL082W, YIL082W-A	
OG0000158	YGR126W, YGR138C, YPR156C	tr|A0A099P6D3|A0A099P6D3_PICKU
OG0000159	YGR154C, YKR076W, YMR251W	tr|A0A099P5K4|A0A099P5K4_PICKU
OG0000160	YGR197C, YJR015W	tr|A0A099NQH1|A0A099NQH1_PICKU, tr|A0A099NYJ8|A0A099NYJ8_PICKU
OG0000161	YGR238C, YHR158C	tr|A0A099NR17|A0A099NR17_PICKU, tr|A0A099P3D2|A0A099P3D2_PICKU
OG0000162	YGR281W	tr|A0A099NW03|A0A099NW03_PICKU, tr|A0A099NW51|A0A099NW51_PICKU, tr|A0A099P343|A0A099P343_PICKU
OG0000163	YHL017W, YKL039W	tr|A0A099NSP4|A0A099NSP4_PICKU, tr|A0A099P3W6|A0A099P3W6_PICKU
OG0000164	YHR071W, YNL289W	tr|A0A099NTH2|A0A099NTH2_PICKU, tr|A0A099NVI0|A0A099NVI0_PICKU
OG0000165	YHR099W	tr|A0A099NSY5|A0A099NSY5_PICKU, tr|A0A099NTF2|A0A099NTF2_PICKU, tr|A0A099P376|A0A099P376_PICKU
OG0000166	YHR146W, YNL173C	tr|A0A099NR79|A0A099NR79_PICKU, tr|A0A099P012|A0A099P012_PICKU
OG0000167	YHR179W, YPL171C	tr|A0A099NU90|A0A099NU90_PICKU, tr|A0A099P3L3|A0A099P3L3_PICKU
OG0000168	YHR198C, YHR199C	tr|A0A099NWA2|A0A099NWA2_PICKU, tr|A0A099NWD0|A0A099NWD0_PICKU
OG0000169	YHR205W	tr|A0A099NPE5|A0A099NPE5_PICKU, tr|A0A099NRS5|A0A099NRS5_PICKU, tr|A0A099P2D6|A0A099P2D6_PICKU
OG0000170	YIL156W, YKR098C	tr|A0A099NU89|A0A099NU89_PICKU, tr|A0A099P8Z7|A0A099P8Z7_PICKU
OG0000171	YIR035C, YIR036C	tr|A0A099P2F1|A0A099P2F1_PICKU, tr|A0A099P2I9|A0A099P2I9_PICKU
OG0000172	YJL082W, YKR018C	tr|A0A099NV55|A0A099NV55_PICKU, tr|A0A099P0Y9|A0A099P0Y9_PICKU
OG0000173	YJL093C	tr|A0A099P6P9|A0A099P6P9_PICKU, tr|A0A099P761|A0A099P761_PICKU, tr|A0A099P793|A0A099P793_PICKU
OG0000174	YJL159W, YKL162C-A, YKL163W, YKL164C	
OG0000175	YJL207C	tr|A0A099NSK3|A0A099NSK3_PICKU, tr|A0A099NUY9|A0A099NUY9_PICKU, tr|A0A099P3L4|A0A099P3L4_PICKU
OG0000176	YJR059W, YKL198C	tr|A0A099NZY6|A0A099NZY6_PICKU, tr|A0A099P548|A0A099P548_PICKU
OG0000177	YJR061W, YKL201C	tr|A0A099P3Y8|A0A099P3Y8_PICKU, tr|A0A099P4N3|A0A099P4N3_PICKU
OG0000178	YJR096W	tr|A0A099NRR0|A0A099NRR0_PICKU, tr|A0A099NYP5|A0A099NYP5_PICKU, tr|A0A099NYW3|A0A099NYW3_PICKU
OG0000179	YJR152W	tr|A0A099NUT1|A0A099NUT1_PICKU, tr|A0A099NUX9|A0A099NUX9_PICKU, tr|A0A099NXJ5|A0A099NXJ5_PICKU
OG0000180	YKL033W	tr|A0A099NRM4|A0A099NRM4_PICKU, tr|A0A099NU91|A0A099NU91_PICKU, tr|A0A099P5D0|A0A099P5D0_PICKU
OG0000181	YKL050C, YMR031C	tr|A0A099NT17|A0A099NT17_PICKU, tr|A0A099P1U2|A0A099P1U2_PICKU
OG0000182	YKL104C, YMR084W, YMR085W	tr|A0A099NZ52|A0A099NZ52_PICKU
OG0000183	YKL209C	tr|A0A099NUH7|A0A099NUH7_PICKU, tr|A0A099NUX1|A0A099NUX1_PICKU, tr|A0A099NXG6|A0A099NXG6_PICKU
OG0000184	YKR039W	tr|A0A099NWH1|A0A099NWH1_PICKU, tr|A0A099NYK4|A0A099NYK4_PICKU, tr|A0A099P6Z2|A0A099P6Z2_PICKU
OG0000185	YKR075C, YOR062C	tr|A0A099NW36|A0A099NW36_PICKU, tr|A0A099NW41|A0A099NW41_PICKU
OG0000186	YKR078W, YOR069W	tr|A0A099NT56|A0A099NT56_PICKU, tr|A0A099NYV8|A0A099NYV8_PICKU
OG0000187	YKR093W	tr|A0A099P6K0|A0A099P6K0_PICKU, tr|A0A099P779|A0A099P779_PICKU, tr|A0A099P921|A0A099P921_PICKU
OG0000188	YLL052C, YLL053C, YPR192W	tr|A0A099NY19|A0A099NY19_PICKU
OG0000189	YLR026C	tr|A0A099NS07|A0A099NS07_PICKU, tr|A0A099NSL4|A0A099NSL4_PICKU, tr|A0A099NU95|A0A099NU95_PICKU
OG0000190	YLR031W, YMR124W	tr|A0A099NR03|A0A099NR03_PICKU, tr|A0A099P204|A0A099P204_PICKU
OG0000191	YLR152C, YNL095C, YOR092W	tr|A0A099P4C5|A0A099P4C5_PICKU
OG0000192	YLR154C-H, YLR156C-A, YLR157C-C, YLR159C-A	
OG0000193	YLR237W, YOR071C, YOR192C	tr|A0A099P2J0|A0A099P2J0_PICKU
OG0000194	YLR362W	tr|A0A099NKG5|A0A099NKG5_PICKU, tr|A0A099NS39|A0A099NS39_PICKU, tr|A0A099P3W4|A0A099P3W4_PICKU
OG0000195	YLR442C, YML065W	tr|A0A099NRA7|A0A099NRA7_PICKU, tr|A0A099P3F4|A0A099P3F4_PICKU
OG0000196	YLR448W, YML073C	tr|A0A099NQK0|A0A099NQK0_PICKU, tr|A0A099P2Y9|A0A099P2Y9_PICKU
OG0000197	YML109W, YMR273C	tr|A0A099NRW6|A0A099NRW6_PICKU, tr|A0A099NZ42|A0A099NZ42_PICKU
OG0000198	YML116W, YMR279C, YOR378W	tr|A0A099P7T8|A0A099P7T8_PICKU
OG0000199	YMR006C, YMR008C, YOL011W	tr|A0A099P3G1|A0A099P3G1_PICKU
OG0000200	YMR109W	tr|A0A099NST8|A0A099NST8_PICKU, tr|A0A099NV10|A0A099NV10_PICKU, tr|A0A099NW34|A0A099NW34_PICKU
OG0000201	YMR194W, YPL249C-A	tr|A0A099NT04|A0A099NT04_PICKU, tr|A0A099NT15|A0A099NT15_PICKU
OG0000202	YMR222C, YOR280C	tr|A0A099NR63|A0A099NR63_PICKU, tr|A0A099NY20|A0A099NY20_PICKU
OG0000203	YMR242C, YOR312C	tr|A0A099NV07|A0A099NV07_PICKU, tr|A0A099NXZ8|A0A099NXZ8_PICKU
OG0000204	YMR307W	tr|A0A099P0J5|A0A099P0J5_PICKU, tr|A0A099P2X7|A0A099P2X7_PICKU, tr|A0A099P2X9|A0A099P2X9_PICKU
OG0000205	YNL087W, YOR086C	tr|A0A099NRF7|A0A099NRF7_PICKU, tr|A0A099NZH3|A0A099NZH3_PICKU
OG0000206	YNL104C, YOR108W	tr|A0A099NTM0|A0A099NTM0_PICKU, tr|A0A099NV29|A0A099NV29_PICKU
OG0000207	YNL172W	tr|A0A099NPW8|A0A099NPW8_PICKU, tr|A0A099NTV2|A0A099NTV2_PICKU, tr|A0A099P3X4|A0A099P3X4_PICKU
OG0000208	YNL283C, YOL105C	tr|A0A099NSP0|A0A099NSP0_PICKU, tr|A0A099NUD7|A0A099NUD7_PICKU
OG0000209	YNL298W, YOL113W	tr|A0A099NPW4|A0A099NPW4_PICKU, tr|A0A099NVQ7|A0A099NVQ7_PICKU
OG0000210	YOL055C, YPL258C, YPR121W	tr|A0A099P582|A0A099P582_PICKU
OG0000211	YOR027W	tr|A0A099NV19|A0A099NV19_PICKU, tr|A0A099NVD1|A0A099NVD1_PICKU, tr|A0A099NVG4|A0A099NVG4_PICKU
OG0000212	YOR320C	tr|A0A099NTU7|A0A099NTU7_PICKU, tr|A0A099NTV6|A0A099NTV6_PICKU, tr|A0A099P183|A0A099P183_PICKU
OG0000213	YOR336W	tr|A0A099NRP0|A0A099NRP0_PICKU, tr|A0A099NUZ1|A0A099NUZ1_PICKU, tr|A0A099P5L5|A0A099P5L5_PICKU
OG0000214	YOR348C	tr|A0A099NT89|A0A099NT89_PICKU, tr|A0A099NVS0|A0A099NVS0_PICKU, tr|A0A099P657|A0A099P657_PICKU
OG0000215	YPL265W	tr|A0A099NP40|A0A099NP40_PICKU, tr|A0A099NZ93|A0A099NZ93_PICKU, tr|A0A099P6F0|A0A099P6F0_PICKU
OG0000216	YPR013C, YPR015C	tr|A0A099NTB6|A0A099NTB6_PICKU, tr|A0A099NVU5|A0A099NVU5_PICKU
OG0000217	YPR055W	tr|A0A099NZ20|A0A099NZ20_PICKU, tr|A0A099P0N6|A0A099P0N6_PICKU, tr|A0A099P1A7|A0A099P1A7_PICKU
OG0000218		tr|A0A099NQK8|A0A099NQK8_PICKU, tr|A0A099NSV4|A0A099NSV4_PICKU, tr|A0A099NVQ6|A0A099NVQ6_PICKU, tr|A0A099NYP1|A0A099NYP1_PICKU
OG0000219		tr|A0A099NSN6|A0A099NSN6_PICKU, tr|A0A099NTC3|A0A099NTC3_PICKU, tr|A0A099NV56|A0A099NV56_PICKU, tr|A0A099P0L4|A0A099P0L4_PICKU
OG0000220		tr|A0A099P1T7|A0A099P1T7_PICKU, tr|A0A099P371|A0A099P371_PICKU, tr|A0A099P3Y4|A0A099P3Y4_PICKU, tr|A0A099P9E5|A0A099P9E5_PICKU
OG0000221		tr|A0A099P546|A0A099P546_PICKU, tr|A0A099P5I0|A0A099P5I0_PICKU, tr|A0A099P7C6|A0A099P7C6_PICKU, tr|A0A099P867|A0A099P867_PICKU
OG0000222		tr|A0A099NIL0|A0A099NIL0_PICKU, tr|A0A099NKE0|A0A099NKE0_PICKU, tr|A0A099NQX0|A0A099NQX0_PICKU, tr|A0A099NRZ0|A0A099NRZ0_PICKU
OG0000223		tr|A0A099NQC8|A0A099NQC8_PICKU, tr|A0A099NZB9|A0A099NZB9_PICKU, tr|A0A099P1R3|A0A099P1R3_PICKU, tr|A0A099P5C7|A0A099P5C7_PICKU
OG0000224		tr|A0A099NQZ8|A0A099NQZ8_PICKU, tr|A0A099NXR8|A0A099NXR8_PICKU, tr|A0A099P3Q5|A0A099P3Q5_PICKU, tr|A0A099P3Z6|A0A099P3Z6_PICKU
OG0000225		tr|A0A099NRY5|A0A099NRY5_PICKU, tr|A0A099NSB2|A0A099NSB2_PICKU, tr|A0A099NU65|A0A099NU65_PICKU, tr|A0A099NUG6|A0A099NUG6_PICKU
OG0000226		tr|A0A099NSY4|A0A099NSY4_PICKU, tr|A0A099P5F6|A0A099P5F6_PICKU, tr|A0A099P5Y6|A0A099P5Y6_PICKU, tr|A0A099P8F4|A0A099P8F4_PICKU
OG0000227		tr|A0A099NTG7|A0A099NTG7_PICKU, tr|A0A099P1H5|A0A099P1H5_PICKU, tr|A0A099P1Q4|A0A099P1Q4_PICKU, tr|A0A099P613|A0A099P613_PICKU
OG0000228		tr|A0A099NUP3|A0A099NUP3_PICKU, tr|A0A099NYB3|A0A099NYB3_PICKU, tr|A0A099NYX9|A0A099NYX9_PICKU, tr|A0A099P0J1|A0A099P0J1_PICKU
OG0000229		tr|A0A099NV84|A0A099NV84_PICKU, tr|A0A099NVV3|A0A099NVV3_PICKU, tr|A0A099NXM2|A0A099NXM2_PICKU, tr|A0A099NXT6|A0A099NXT6_PICKU
OG0000230		tr|A0A099P2G3|A0A099P2G3_PICKU, tr|A0A099P331|A0A099P331_PICKU, tr|A0A099P856|A0A099P856_PICKU, tr|A0A099P8A3|A0A099P8A3_PICKU
OG0000231	YAL011W	tr|A0A099NSN0|A0A099NSN0_PICKU, tr|A0A099NTR2|A0A099NTR2_PICKU
OG0000232	YAL013W	tr|A0A099NTT2|A0A099NTT2_PICKU, tr|A0A099P821|A0A099P821_PICKU
OG0000233	YAL015C, YOL043C	tr|A0A099P1B0|A0A099P1B0_PICKU
OG0000234	YAL017W, YOL045W	tr|A0A099P065|A0A099P065_PICKU
OG0000235	YAL018C, YOL047C, YOL048C	
OG0000236	YAL019W	tr|A0A099NPU5|A0A099NPU5_PICKU, tr|A0A099NZL5|A0A099NZL5_PICKU
OG0000237	YAL020C	tr|A0A099NTH3|A0A099NTH3_PICKU, tr|A0A099P1T8|A0A099P1T8_PICKU
OG0000238	YAL021C	tr|A0A099NRQ9|A0A099NRQ9_PICKU, tr|A0A099P1K9|A0A099P1K9_PICKU
OG0000239	YAL022C	tr|A0A099NR18|A0A099NR18_PICKU, tr|A0A099NVD0|A0A099NVD0_PICKU
OG0000240	YAL024C	tr|A0A099NV14|A0A099NV14_PICKU, tr|A0A099P5J9|A0A099P5J9_PICKU
OG0000241	YAL030W, YOR327C	tr|A0A099P5T5|A0A099P5T5_PICKU
OG0000242	YAL033W	tr|A0A099NUR3|A0A099NUR3_PICKU, tr|A0A099P6M6|A0A099P6M6_PICKU
OG0000243	YAL044C	tr|A0A099NTN0|A0A099NTN0_PICKU, tr|A0A099NX89|A0A099NX89_PICKU
OG0000244	YAL062W, YOR375C	tr|A0A099P1Y7|A0A099P1Y7_PICKU
OG0000245	YAR002W	tr|A0A099NVS9|A0A099NVS9_PICKU, tr|A0A099P1G3|A0A099P1G3_PICKU
OG0000246	YBL002W, YDR224C	tr|A0A099NZB3|A0A099NZB3_PICKU
OG0000247	YBL003C, YDR225W	tr|A0A099P1W7|A0A099P1W7_PICKU
OG0000248	YBL005W, YER184C, YGL013C	
OG0000249	YBL007C	tr|A0A099NSY2|A0A099NSY2_PICKU, tr|A0A099P995|A0A099P995_PICKU
OG0000250	YBL022C	tr|A0A099NRC7|A0A099NRC7_PICKU, tr|A0A099P3N7|A0A099P3N7_PICKU
OG0000251	YBL023C	tr|A0A099NUG3|A0A099NUG3_PICKU, tr|A0A099P6U0|A0A099P6U0_PICKU
OG0000252	YBL027W, YBR084C-A	tr|A0A099P135|A0A099P135_PICKU
OG0000253	YBL028C	tr|A0A099NTQ4|A0A099NTQ4_PICKU, tr|A0A099P2V3|A0A099P2V3_PICKU
OG0000254	YBL034C	tr|A0A099NR36|A0A099NR36_PICKU, tr|A0A099P0M3|A0A099P0M3_PICKU
OG0000255	YBL042C	tr|A0A099P824|A0A099P824_PICKU, tr|A0A099P8L4|A0A099P8L4_PICKU
OG0000256	YBL051C	tr|A0A099NVH2|A0A099NVH2_PICKU, tr|A0A099P381|A0A099P381_PICKU
OG0000257	YBL054W	tr|A0A099NX56|A0A099NX56_PICKU, tr|A0A099P4I9|A0A099P4I9_PICKU
OG0000258	YBL056W, YER089C	tr|A0A099NWX2|A0A099NWX2_PICKU
OG0000259	YBL067C, YER098W	tr|A0A099P7C9|A0A099P7C9_PICKU
OG0000260	YBL072C, YER102W	tr|A0A099P980|A0A099P980_PICKU
OG0000261	YBL078C	tr|A0A099NPP3|A0A099NPP3_PICKU, tr|A0A099P7F6|A0A099P7F6_PICKU
OG0000262	YBL079W, YER105C	tr|A0A099NYF9|A0A099NYF9_PICKU
OG0000263	YBL084C	tr|A0A099NPZ3|A0A099NPZ3_PICKU, tr|A0A099P581|A0A099P581_PICKU
OG0000264	YBL085W, YER114C	tr|A0A099P668|A0A099P668_PICKU
OG0000265	YBL087C, YER117W	tr|A0A099NWS0|A0A099NWS0_PICKU
OG0000266	YBL088C	tr|A0A099NR31|A0A099NR31_PICKU, tr|A0A099NW87|A0A099NW87_PICKU
OG0000267	YBL089W, YER119C	tr|A0A099P8Y1|A0A099P8Y1_PICKU
OG0000268	YBL091C-A, YER120W	tr|A0A099P4U3|A0A099P4U3_PICKU
OG0000269	YBL101C, YPR030W	tr|A0A099NU09|A0A099NU09_PICKU
OG0000270	YBL106C, YPR032W	tr|A0A099NVK0|A0A099NVK0_PICKU
OG0000271	YBR001C, YDR001C	tr|A0A099NZR3|A0A099NZR3_PICKU
OG0000272	YBR005W, YDR003W	tr|A0A099NX34|A0A099NX34_PICKU
OG0000273	YBR009C, YNL030W	tr|A0A099NTN6|A0A099NTN6_PICKU
OG0000274	YBR010W, YNL031C	tr|A0A099P652|A0A099P652_PICKU
OG0000275	YBR019C, YHR210C, YNR071C	
OG0000276	YBR023C	tr|A0A099NUH6|A0A099NUH6_PICKU, tr|A0A099P4W9|A0A099P4W9_PICKU
OG0000277	YBR024W, YBR037C	tr|A0A099P8K8|A0A099P8K8_PICKU
OG0000278	YBR028C	tr|A0A099NYQ2|A0A099NYQ2_PICKU, tr|A0A099P6V5|A0A099P6V5_PICKU
OG0000279	YBR030W	tr|A0A099NUX6|A0A099NUX6_PICKU, tr|A0A099P181|A0A099P181_PICKU
OG0000280	YBR031W, YDR012W	tr|A0A099P849|A0A099P849_PICKU
OG0000281	YBR033W, YKL038W	tr|A0A099P5N3|A0A099P5N3_PICKU
OG0000282	YBR040W	tr|A0A099NRB7|A0A099NRB7_PICKU, tr|A0A099NSS3|A0A099NSS3_PICKU
OG0000283	YBR041W	tr|A0A099NRP7|A0A099NRP7_PICKU, tr|A0A099P136|A0A099P136_PICKU
OG0000284	YBR048W, YDR025W	tr|A0A099NY90|A0A099NY90_PICKU
OG0000285	YBR054W, YCR021C, YDR033W	
OG0000286	YBR058C	tr|A0A099NS79|A0A099NS79_PICKU, tr|A0A099P060|A0A099P060_PICKU
OG0000287	YBR066C, YDR043C	tr|A0A099NYB8|A0A099NYB8_PICKU
OG0000288	YBR073W	tr|A0A099NR66|A0A099NR66_PICKU, tr|A0A099P8B0|A0A099P8B0_PICKU
OG0000289	YBR078W, YDR055W	tr|A0A099P168|A0A099P168_PICKU
OG0000290	YBR104W, YPR058W	tr|A0A099P5U1|A0A099P5U1_PICKU
OG0000291	YBR105C, YGR066C	tr|A0A099P8E0|A0A099P8E0_PICKU
OG0000292	YBR118W, YPR080W	tr|A0A099P074|A0A099P074_PICKU
OG0000293	YBR122C	tr|A0A099NS55|A0A099NS55_PICKU, tr|A0A099P4H2|A0A099P4H2_PICKU
OG0000294	YBR141C	tr|A0A099NW24|A0A099NW24_PICKU, tr|A0A099NYQ4|A0A099NYQ4_PICKU
OG0000295	YBR142W	tr|A0A099NW29|A0A099NW29_PICKU, tr|A0A099NYK3|A0A099NYK3_PICKU
OG0000296	YBR147W, YOL092W	tr|A0A099P471|A0A099P471_PICKU
OG0000297	YBR150C, YOL089C	tr|A0A099P4Q5|A0A099P4Q5_PICKU
OG0000298	YBR153W	tr|A0A099NNS1|A0A099NNS1_PICKU, tr|A0A099NRA1|A0A099NRA1_PICKU
OG0000299	YBR155W	tr|A0A099NTW0|A0A099NTW0_PICKU, tr|A0A099P3R7|A0A099P3R7_PICKU
OG0000300	YBR161W, YPL057C	tr|A0A099P454|A0A099P454_PICKU
OG0000301	YBR163W	tr|A0A099NRG1|A0A099NRG1_PICKU, tr|A0A099NSY3|A0A099NSY3_PICKU
OG0000302	YBR172C, YPL105C	tr|A0A099P4R4|A0A099P4R4_PICKU
OG0000303	YBR173C	tr|A0A099P1V9|A0A099P1V9_PICKU, tr|A0A099P406|A0A099P406_PICKU
OG0000304	YBR177C, YPL095C	tr|A0A099NVZ7|A0A099NVZ7_PICKU
OG0000305	YBR181C, YPL090C	tr|A0A099P367|A0A099P367_PICKU
OG0000306	YBR183W, YPL087W	tr|A0A099NTS4|A0A099NTS4_PICKU
OG0000307	YBR191W, YPL079W	tr|A0A099NZV1|A0A099NZV1_PICKU
OG0000308	YBR198C	tr|A0A099NQ59|A0A099NQ59_PICKU, tr|A0A099P2A2|A0A099P2A2_PICKU
OG0000309	YBR203W	tr|A0A099NTX4|A0A099NTX4_PICKU, tr|A0A099NVV2|A0A099NVV2_PICKU
OG0000310	YBR208C	tr|A0A099NSR6|A0A099NSR6_PICKU, tr|A0A099P2J6|A0A099P2J6_PICKU
OG0000311	YBR212W	tr|A0A099NU63|A0A099NU63_PICKU, tr|A0A099NW90|A0A099NW90_PICKU
OG0000312	YBR214W, YGL056C	tr|A0A099P0W9|A0A099P0W9_PICKU
OG0000313	YBR216C, YGL060W	tr|A0A099P4T5|A0A099P4T5_PICKU
OG0000314	YBR218C, YGL062W	tr|A0A099P575|A0A099P575_PICKU
OG0000315	YBR219C, YBR220C	tr|A0A099P553|A0A099P553_PICKU
OG0000316	YBR242W, YGL101W	tr|A0A099P1W1|A0A099P1W1_PICKU
OG0000317	YBR258C	tr|A0A099NSM6|A0A099NSM6_PICKU, tr|A0A099P182|A0A099P182_PICKU
OG0000318	YBR270C, YJL058C	tr|A0A099P6T2|A0A099P6T2_PICKU
OG0000319	YBR271W, YNL024C	tr|A0A099NUQ1|A0A099NUQ1_PICKU
OG0000320	YBR278W, YJL065C	tr|A0A099P667|A0A099P667_PICKU
OG0000321	YBR279W	tr|A0A099NT57|A0A099NT57_PICKU, tr|A0A099P2C9|A0A099P2C9_PICKU
OG0000322	YBR280C, YGL097W	tr|A0A099P5S0|A0A099P5S0_PICKU
OG0000323	YBR281C	tr|A0A099NRG4|A0A099NRG4_PICKU, tr|A0A099P3K7|A0A099P3K7_PICKU
OG0000324	YBR293W	tr|A0A099NVD9|A0A099NVD9_PICKU, tr|A0A099NYZ7|A0A099NYZ7_PICKU
OG0000325	YCL010C	tr|A0A099NZD3|A0A099NZD3_PICKU, tr|A0A099P1C8|A0A099P1C8_PICKU
OG0000326	YCL011C, YNL004W	tr|A0A099P510|A0A099P510_PICKU
OG0000327	YCL016C	tr|A0A099NQM5|A0A099NQM5_PICKU, tr|A0A099P1C3|A0A099P1C3_PICKU
OG0000328	YCL032W	tr|A0A099NNE8|A0A099NNE8_PICKU, tr|A0A099NQU2|A0A099NQU2_PICKU
OG0000329	YCL034W	tr|A0A099NVJ6|A0A099NVJ6_PICKU, tr|A0A099P5X3|A0A099P5X3_PICKU
OG0000330	YCL036W, YDR514C	tr|A0A099P274|A0A099P274_PICKU
OG0000331	YCL040W, YDR516C	tr|A0A099NYT6|A0A099NYT6_PICKU
OG0000332	YCL043C, YDR518W	tr|A0A099P287|A0A099P287_PICKU
OG0000333	YCL048W, YDR522C	tr|A0A099P944|A0A099P944_PICKU
OG0000334	YCL050C, YDR530C	tr|A0A099P2C3|A0A099P2C3_PICKU
OG0000335	YCL065W, YCR041W, YCR097W-A	
OG0000336	YCL068C, YCR038C	tr|A0A099P6V3|A0A099P6V3_PICKU
OG0000337	YCR002C	tr|A0A099NSU3|A0A099NSU3_PICKU, tr|A0A099NX99|A0A099NX99_PICKU
OG0000338	YCR003W	tr|A0A099NSJ3|A0A099NSJ3_PICKU, tr|A0A099NV90|A0A099NV90_PICKU
OG0000339	YCR024C	tr|A0A099NS41|A0A099NS41_PICKU, tr|A0A099P108|A0A099P108_PICKU
OG0000340	YCR026C, YEL016C	tr|A0A099P361|A0A099P361_PICKU
OG0000341	YCR030C	tr|A0A099NRR7|A0A099NRR7_PICKU, tr|A0A099NX23|A0A099NX23_PICKU
OG0000342	YCR033W	tr|A0A099NRQ7|A0A099NRQ7_PICKU, tr|A0A099P6G6|A0A099P6G6_PICKU
OG0000343	YCR034W, YJL196C	tr|A0A099P5Z3|A0A099P5Z3_PICKU
OG0000344	YCR035C	tr|A0A099NRF3|A0A099NRF3_PICKU, tr|A0A099P5E0|A0A099P5E0_PICKU
OG0000345	YCR036W	tr|A0A099NRM7|A0A099NRM7_PICKU, tr|A0A099NXI9|A0A099NXI9_PICKU
OG0000346	YCR045C	tr|A0A099NUD9|A0A099NUD9_PICKU, tr|A0A099P580|A0A099P580_PICKU
OG0000347	YCR052W, YNR023W	tr|A0A099NZ15|A0A099NZ15_PICKU
OG0000348	YCR065W	tr|A0A099NUJ0|A0A099NUJ0_PICKU, tr|A0A099P4A0|A0A099P4A0_PICKU
OG0000349	YCR073C, YNR031C	tr|A0A099P249|A0A099P249_PICKU
OG0000350	YCR079W	tr|A0A099NRG5|A0A099NRG5_PICKU, tr|A0A099P2A7|A0A099P2A7_PICKU
OG0000351	YCR088W	tr|A0A099NTA5|A0A099NTA5_PICKU, tr|A0A099NTZ1|A0A099NTZ1_PICKU
OG0000352	YCR090C	tr|A0A099NIP5|A0A099NIP5_PICKU, tr|A0A099NKE7|A0A099NKE7_PICKU
OG0000353	YCR091W, YNR047W	tr|A0A099NWB5|A0A099NWB5_PICKU
OG0000354	YCR105W, YMR318C	tr|A0A099NYF1|A0A099NYF1_PICKU
OG0000355	YDL017W	tr|A0A099NPI1|A0A099NPI1_PICKU, tr|A0A099P1I7|A0A099P1I7_PICKU
OG0000356	YDL021W, YOL056W	tr|A0A099NZM0|A0A099NZM0_PICKU
OG0000357	YDL040C	tr|A0A099NUW0|A0A099NUW0_PICKU, tr|A0A099P685|A0A099P685_PICKU
OG0000358	YDL042C, YOL068C	tr|A0A099NYY9|A0A099NYY9_PICKU
OG0000359	YDL048C, YLR375W	tr|A0A099NYH7|A0A099NYH7_PICKU
OG0000360	YDL049C, YJL174W	tr|A0A099P2P2|A0A099P2P2_PICKU
OG0000361	YDL058W	tr|A0A099NPR9|A0A099NPR9_PICKU, tr|A0A099NVJ2|A0A099NVJ2_PICKU
OG0000362	YDL059C, YML032C	tr|A0A099NZG2|A0A099NZG2_PICKU
OG0000363	YDL075W, YLR406C	tr|A0A099NY31|A0A099NY31_PICKU
OG0000364	YDL079C, YMR139W	tr|A0A099NWR3|A0A099NWR3_PICKU
OG0000365	YDL083C, YMR143W	tr|A0A099P5V0|A0A099P5V0_PICKU
OG0000366	YDL085W, YMR145C	tr|A0A099P4E1|A0A099P4E1_PICKU
OG0000367	YDL088C, YMR153W	tr|A0A099P7Z1|A0A099P7Z1_PICKU
OG0000368	YDL090C	tr|A0A099NRH4|A0A099NRH4_PICKU, tr|A0A099P5N2|A0A099P5N2_PICKU
OG0000369	YDL093W, YDL095W	tr|A0A099NYF0|A0A099NYF0_PICKU
OG0000370	YDL099W	tr|A0A099NUA1|A0A099NUA1_PICKU, tr|A0A099NXC8|A0A099NXC8_PICKU
OG0000371	YDL100C	tr|A0A099NT38|A0A099NT38_PICKU, tr|A0A099P290|A0A099P290_PICKU
OG0000372	YDL109C, YGL144C	tr|A0A099P3P6|A0A099P3P6_PICKU
OG0000373	YDL111C	tr|A0A099NS60|A0A099NS60_PICKU, tr|A0A099NWS3|A0A099NWS3_PICKU
OG0000374	YDL114W, YKL071W	tr|A0A099NZK5|A0A099NZK5_PICKU
OG0000375	YDL127W, YDL179W	tr|A0A099NY04|A0A099NY04_PICKU
OG0000376	YDL130W-A, YDL181W	tr|A0A099NUD2|A0A099NUD2_PICKU
OG0000377	YDL131W, YDL182W	tr|A0A099NS33|A0A099NS33_PICKU
OG0000378	YDL136W, YDL191W	tr|A0A099P0Z9|A0A099P0Z9_PICKU
OG0000379	YDL138W, YDL194W	tr|A0A099P1L6|A0A099P1L6_PICKU
OG0000380	YDL142C	tr|A0A099NV60|A0A099NV60_PICKU, tr|A0A099P492|A0A099P492_PICKU
OG0000381	YDL147W	tr|A0A099NRD9|A0A099NRD9_PICKU, tr|A0A099P2C7|A0A099P2C7_PICKU
OG0000382	YDL149W	tr|A0A099NS83|A0A099NS83_PICKU, tr|A0A099NV83|A0A099NV83_PICKU
OG0000383	YDL155W, YLR210W	tr|A0A099NYX1|A0A099NYX1_PICKU
OG0000384	YDL170W	tr|A0A099P7C2|A0A099P7C2_PICKU, tr|A0A099P8L0|A0A099P8L0_PICKU
OG0000385	YDL174C	tr|A0A099NWG1|A0A099NWG1_PICKU, tr|A0A099P470|A0A099P470_PICKU
OG0000386	YDL175C, YIL079C	tr|A0A099P320|A0A099P320_PICKU
OG0000387	YDL185W, YDL227C	tr|A0A099P106|A0A099P106_PICKU
OG0000388	YDL195W	tr|A0A099NSC8|A0A099NSC8_PICKU, tr|A0A099NX33|A0A099NX33_PICKU
OG0000389	YDL204W, YDR233C	tr|A0A099P9F3|A0A099P9F3_PICKU
OG0000390	YDL212W	tr|A0A099NV21|A0A099NV21_PICKU, tr|A0A099P3Z5|A0A099P3Z5_PICKU
OG0000391	YDL222C, YNL194C	tr|A0A099P3U1|A0A099P3U1_PICKU
OG0000392	YDL224C, YNL197C	tr|A0A099P741|A0A099P741_PICKU
OG0000393	YDL229W, YNL209W	tr|A0A099P4B9|A0A099P4B9_PICKU
OG0000394	YDL238C	tr|A0A099NSP8|A0A099NSP8_PICKU, tr|A0A099P7C4|A0A099P7C4_PICKU
OG0000395	YDL240W	tr|A0A099NUA6|A0A099NUA6_PICKU, tr|A0A099P1W2|A0A099P1W2_PICKU
OG0000396	YDL246C, YJR159W	tr|A0A099P001|A0A099P001_PICKU
OG0000397	YDR006C	tr|A0A099NTW2|A0A099NTW2_PICKU, tr|A0A099P3I9|A0A099P3I9_PICKU
OG0000398	YDR007W	tr|A0A099NSL9|A0A099NSL9_PICKU, tr|A0A099P0I6|A0A099P0I6_PICKU
OG0000399	YDR019C	tr|A0A099NU43|A0A099NU43_PICKU, tr|A0A099NWI3|A0A099NWI3_PICKU
OG0000400	YDR028C	tr|A0A099NIY5|A0A099NIY5_PICKU, tr|A0A099NKP0|A0A099NKP0_PICKU
OG0000401	YDR030C	tr|A0A099NTQ5|A0A099NTQ5_PICKU, tr|A0A099NYG9|A0A099NYG9_PICKU
OG0000402	YDR061W	tr|A0A099NT01|A0A099NT01_PICKU, tr|A0A099NUZ8|A0A099NUZ8_PICKU
OG0000403	YDR063W	tr|A0A099NSG4|A0A099NSG4_PICKU, tr|A0A099NSL0|A0A099NSL0_PICKU
OG0000404	YDR066C, YER139C	tr|A0A099P124|A0A099P124_PICKU
OG0000405	YDR071C	tr|A0A099P228|A0A099P228_PICKU, tr|A0A099P4K4|A0A099P4K4_PICKU
OG0000406	YDR083W	tr|A0A099NVG0|A0A099NVG0_PICKU, tr|A0A099NWH9|A0A099NWH9_PICKU
OG0000407	YDR096W, YER169W, YJR119C	
OG0000408	YDR097C	tr|A0A099NZK3|A0A099NZK3_PICKU, tr|A0A099P200|A0A099P200_PICKU
OG0000409	YDR100W	tr|A0A099NSJ4|A0A099NSJ4_PICKU, tr|A0A099NT78|A0A099NT78_PICKU
OG0000410	YDR108W	tr|A0A099NQ17|A0A099NQ17_PICKU, tr|A0A099P6G4|A0A099P6G4_PICKU
OG0000411	YDR109C	tr|A0A099NUN5|A0A099NUN5_PICKU, tr|A0A099P2P6|A0A099P2P6_PICKU
OG0000412	YDR117C	tr|A0A099NSG6|A0A099NSG6_PICKU, tr|A0A099P018|A0A099P018_PICKU
OG0000413	YDR121W	tr|A0A099NUF1|A0A099NUF1_PICKU, tr|A0A099P4Y9|A0A099P4Y9_PICKU
OG0000414	YDR125C, YLR099C	tr|A0A099P6U7|A0A099P6U7_PICKU
OG0000415	YDR126W, YLR246W	tr|A0A099P9E8|A0A099P9E8_PICKU
OG0000416	YDR132C, YLR108C	tr|A0A099P0K5|A0A099P0K5_PICKU
OG0000417	YDR141C	tr|A0A099NSW8|A0A099NSW8_PICKU, tr|A0A099NY40|A0A099NY40_PICKU
OG0000418	YDR147W, YLR133W	tr|A0A099P6G5|A0A099P6G5_PICKU
OG0000419	YDR148C	tr|A0A099NRJ5|A0A099NRJ5_PICKU, tr|A0A099NXY1|A0A099NXY1_PICKU
OG0000420	YDR150W	tr|A0A099NR60|A0A099NR60_PICKU, tr|A0A099NYA7|A0A099NYA7_PICKU
OG0000421	YDR169C	tr|A0A099NS31|A0A099NS31_PICKU, tr|A0A099NYC8|A0A099NYC8_PICKU
OG0000422	YDR170C	tr|A0A099NSQ3|A0A099NSQ3_PICKU, tr|A0A099NVU1|A0A099NVU1_PICKU
OG0000423	YDR177W	tr|A0A099NUY2|A0A099NUY2_PICKU, tr|A0A099NWN5|A0A099NWN5_PICKU
OG0000424	YDR178W, YLR164W	tr|A0A099NWI1|A0A099NWI1_PICKU
OG0000425	YDR182W-A, YMR034C	tr|A0A099P8I9|A0A099P8I9_PICKU
OG0000426	YDR185C, YLR168C	tr|A0A099NTX6|A0A099NTX6_PICKU
OG0000427	YDR200C, YLR238W	tr|A0A099P0E8|A0A099P0E8_PICKU
OG0000428	YDR205W	tr|A0A099NU70|A0A099NU70_PICKU, tr|A0A099NWX0|A0A099NWX0_PICKU
OG0000429	YDR213W, YLR228C	tr|A0A099P570|A0A099P570_PICKU
OG0000430	YDR234W	tr|A0A099NT97|A0A099NT97_PICKU, tr|A0A099NY32|A0A099NY32_PICKU
OG0000431	YDR235W	tr|A0A099NR09|A0A099NR09_PICKU, tr|A0A099NXH2|A0A099NXH2_PICKU
OG0000432	YDR247W, YPL026C	tr|A0A099NW47|A0A099NW47_PICKU
OG0000433	YDR251W, YPL032C	tr|A0A099P3G8|A0A099P3G8_PICKU
OG0000434	YDR252W, YPL037C	tr|A0A099NRY2|A0A099NRY2_PICKU
OG0000435	YDR257C	tr|A0A099NTJ3|A0A099NTJ3_PICKU, tr|A0A099NVJ0|A0A099NVJ0_PICKU
OG0000436	YDR263C, YOR033C	tr|A0A099NY74|A0A099NY74_PICKU
OG0000437	YDR264C, YOR034C	tr|A0A099NXF1|A0A099NXF1_PICKU
OG0000438	YDR265W, YOL054W	tr|A0A099P7H7|A0A099P7H7_PICKU
OG0000439	YDR266C	tr|A0A099P2Z3|A0A099P2Z3_PICKU, tr|A0A099P5U5|A0A099P5U5_PICKU
OG0000440	YDR270W	tr|A0A099NSP2|A0A099NSP2_PICKU, tr|A0A099NYZ1|A0A099NYZ1_PICKU
OG0000441	YDR272W, YOR040W	tr|A0A099P886|A0A099P886_PICKU
OG0000442	YDR277C, YOR047C	tr|A0A099NW77|A0A099NW77_PICKU
OG0000443	YDR283C	tr|A0A099NS13|A0A099NS13_PICKU, tr|A0A099NZZ6|A0A099NZZ6_PICKU
OG0000444	YDR286C	tr|A0A099NZM9|A0A099NZM9_PICKU, tr|A0A099P026|A0A099P026_PICKU
OG0000445	YDR303C, YHR054C, YHR056C	
OG0000446	YDR305C	tr|A0A099NW75|A0A099NW75_PICKU, tr|A0A099P244|A0A099P244_PICKU
OG0000447	YDR311W	tr|A0A099NT18|A0A099NT18_PICKU, tr|A0A099P2X6|A0A099P2X6_PICKU
OG0000448	YDR312W, YHR066W	tr|A0A099P356|A0A099P356_PICKU
OG0000449	YDR317W, YER004W	tr|A0A099P4S7|A0A099P4S7_PICKU
OG0000450	YDR323C	tr|A0A099NQV6|A0A099NQV6_PICKU, tr|A0A099NZB4|A0A099NZB4_PICKU
OG0000451	YDR325W	tr|A0A099NT47|A0A099NT47_PICKU, tr|A0A099NY75|A0A099NY75_PICKU
OG0000452	YDR330W	tr|A0A099NS14|A0A099NS14_PICKU, tr|A0A099NY43|A0A099NY43_PICKU
OG0000453	YDR332W	tr|A0A099NPW3|A0A099NPW3_PICKU, tr|A0A099P4G6|A0A099P4G6_PICKU
OG0000454	YDR340W, YLR256W, YMR158C-A	
OG0000455	YDR347W	tr|A0A099NSV1|A0A099NSV1_PICKU, tr|A0A099P233|A0A099P233_PICKU
OG0000456	YDR348C, YHR097C	tr|A0A099NXN5|A0A099NXN5_PICKU
OG0000457	YDR349C	tr|A0A099NSI4|A0A099NSI4_PICKU, tr|A0A099P2Z6|A0A099P2Z6_PICKU
OG0000458	YDR351W, YHR103W	tr|A0A099P4R8|A0A099P4R8_PICKU
OG0000459	YDR353W, YHR106W	tr|A0A099P5J5|A0A099P5J5_PICKU
OG0000460	YDR358W, YHR108W	tr|A0A099P7J4|A0A099P7J4_PICKU
OG0000461	YDR363W	tr|A0A099NSH8|A0A099NSH8_PICKU, tr|A0A099NV48|A0A099NV48_PICKU
OG0000462	YDR365C	tr|A0A099NT64|A0A099NT64_PICKU, tr|A0A099NTS0|A0A099NTS0_PICKU
OG0000463	YDR368W, YOR120W	tr|A0A099P8M4|A0A099P8M4_PICKU
OG0000464	YDR371W	tr|A0A099NRW8|A0A099NRW8_PICKU, tr|A0A099P5Q6|A0A099P5Q6_PICKU
OG0000465	YDR373W	tr|A0A099NSY9|A0A099NSY9_PICKU, tr|A0A099NTC6|A0A099NTC6_PICKU
OG0000466	YDR381W	tr|A0A099NT95|A0A099NT95_PICKU, tr|A0A099P2Y1|A0A099P2Y1_PICKU
OG0000467	YDR389W, YOR134W	tr|A0A099NY94|A0A099NY94_PICKU
OG0000468	YDR391C, YOR012W, YOR013W	
OG0000469	YDR410C	tr|A0A099NRV5|A0A099NRV5_PICKU, tr|A0A099P2A5|A0A099P2A5_PICKU
OG0000470	YDR419W	tr|A0A099NRM0|A0A099NRM0_PICKU, tr|A0A099P364|A0A099P364_PICKU
OG0000471	YDR441C, YML022W	tr|A0A099P4L9|A0A099P4L9_PICKU
OG0000472	YDR447C, YML024W	tr|A0A099NX67|A0A099NX67_PICKU
OG0000473	YDR450W, YML026C	tr|A0A099NXA4|A0A099NXA4_PICKU
OG0000474	YDR451C, YML027W	tr|A0A099NX11|A0A099NX11_PICKU
OG0000475	YDR452W	tr|A0A099NRT1|A0A099NRT1_PICKU, tr|A0A099P040|A0A099P040_PICKU
OG0000476	YDR453C, YML028W	tr|A0A099NYV6|A0A099NYV6_PICKU
OG0000477	YDR457W	tr|A0A099NRJ8|A0A099NRJ8_PICKU, tr|A0A099NXX9|A0A099NXX9_PICKU
OG0000478	YDR458C, YML034W	tr|A0A099P4W4|A0A099P4W4_PICKU
OG0000479	YDR460W	tr|A0A099NSS4|A0A099NSS4_PICKU, tr|A0A099P2C6|A0A099P2C6_PICKU
OG0000480	YDR462W	tr|A0A099NQL4|A0A099NQL4_PICKU, tr|A0A099P5L7|A0A099P5L7_PICKU
OG0000481	YDR463W, YHR006W	tr|A0A099P5E2|A0A099P5E2_PICKU
OG0000482	YDR465C	tr|A0A099NTU6|A0A099NTU6_PICKU, tr|A0A099P1C0|A0A099P1C0_PICKU
OG0000483	YDR466W	tr|A0A099NUQ7|A0A099NUQ7_PICKU, tr|A0A099NWP1|A0A099NWP1_PICKU
OG0000484	YDR472W	tr|A0A099NVZ3|A0A099NVZ3_PICKU, tr|A0A099NVZ8|A0A099NVZ8_PICKU
OG0000485	YDR479C	tr|A0A099NTM6|A0A099NTM6_PICKU, tr|A0A099NUD8|A0A099NUD8_PICKU
OG0000486	YDR484W	tr|A0A099NSC7|A0A099NSC7_PICKU, tr|A0A099NVF0|A0A099NVF0_PICKU
OG0000487	YDR492W, YOL002C, YOL101C	
OG0000488	YDR495C	tr|A0A099NRP2|A0A099NRP2_PICKU, tr|A0A099NYY3|A0A099NYY3_PICKU
OG0000489	YDR497C, YOL103W	tr|A0A099P1M2|A0A099P1M2_PICKU
OG0000490	YDR498C	tr|A0A099NU07|A0A099NU07_PICKU, tr|A0A099P5G7|A0A099P5G7_PICKU
OG0000491	YDR505C, YLR177W	tr|A0A099P0X9|A0A099P0X9_PICKU
OG0000492	YDR536W	tr|A0A099P023|A0A099P023_PICKU, tr|A0A099P0P1|A0A099P0P1_PICKU
OG0000493	YEL022W, YJR031C	tr|A0A099P630|A0A099P630_PICKU
OG0000494	YEL036C	tr|A0A099NT03|A0A099NT03_PICKU, tr|A0A099P0A5|A0A099P0A5_PICKU
OG0000495	YEL039C, YJR048W	tr|A0A099P377|A0A099P377_PICKU
OG0000496	YEL040W	tr|A0A099NRH7|A0A099NRH7_PICKU, tr|A0A099P4C0|A0A099P4C0_PICKU
OG0000497	YEL041W, YJR049C	tr|A0A099P6W8|A0A099P6W8_PICKU
OG0000498	YEL046C	tr|A0A099NSS9|A0A099NSS9_PICKU, tr|A0A099NYL2|A0A099NYL2_PICKU
OG0000499	YEL058W	tr|A0A099NU66|A0A099NU66_PICKU, tr|A0A099P4L8|A0A099P4L8_PICKU
OG0000500	YEL062W	tr|A0A099NTM5|A0A099NTM5_PICKU, tr|A0A099P0G1|A0A099P0G1_PICKU
OG0000501	YER026C	tr|A0A099NUU9|A0A099NUU9_PICKU, tr|A0A099P6R2|A0A099P6R2_PICKU
OG0000502	YER029C	tr|A0A099NSQ7|A0A099NSQ7_PICKU, tr|A0A099P6Y8|A0A099P6Y8_PICKU
OG0000503	YER031C, YGL210W	tr|A0A099P4D3|A0A099P4D3_PICKU
OG0000504	YER037W, YGL224C	tr|A0A099P6P2|A0A099P6P2_PICKU
OG0000505	YER046W	tr|A0A099NT70|A0A099NT70_PICKU, tr|A0A099P3R1|A0A099P3R1_PICKU
OG0000506	YER047C	tr|A0A099NZM2|A0A099NZM2_PICKU, tr|A0A099P1U3|A0A099P1U3_PICKU
OG0000507	YER051W	tr|A0A099NUM8|A0A099NUM8_PICKU, tr|A0A099P2G1|A0A099P2G1_PICKU
OG0000508	YER053C	tr|A0A099NUQ0|A0A099NUQ0_PICKU, tr|A0A099P5N7|A0A099P5N7_PICKU
OG0000509	YER056C, YER060W, YER060W-A	
OG0000510	YER059W, YIL050W	tr|A0A099NW48|A0A099NW48_PICKU
OG0000511	YER064C, YIL056W	tr|A0A099P8C9|A0A099P8C9_PICKU
OG0000512	YER066W, YFL009W	tr|A0A099P0Y3|A0A099P0Y3_PICKU
OG0000513	YER074W, YIL069C	tr|A0A099P7T6|A0A099P7T6_PICKU
OG0000514	YER081W, YIL074C	tr|A0A099NYM5|A0A099NYM5_PICKU
OG0000515	YER086W	tr|A0A099P708|A0A099P708_PICKU, tr|A0A099P8T4|A0A099P8T4_PICKU
OG0000516	YER129W, YGL179C	tr|A0A099P027|A0A099P027_PICKU
OG0000517	YER130C, YKL062W, YMR037C	
OG0000518	YER131W, YGL189C	tr|A0A099P644|A0A099P644_PICKU
OG0000519	YER152C	tr|A0A099NU39|A0A099NU39_PICKU, tr|A0A099NZ75|A0A099NZ75_PICKU
OG0000520	YER156C	tr|A0A099NSF7|A0A099NSF7_PICKU, tr|A0A099NWR9|A0A099NWR9_PICKU
OG0000521	YER162C	tr|A0A099NUE0|A0A099NUE0_PICKU, tr|A0A099P1D2|A0A099P1D2_PICKU
OG0000522	YER165W	tr|A0A099NS00|A0A099NS00_PICKU, tr|A0A099P283|A0A099P283_PICKU
OG0000523	YER170W	tr|A0A099P6V7|A0A099P6V7_PICKU, tr|A0A099P7D6|A0A099P7D6_PICKU
OG0000524	YER183C	tr|A0A099NU08|A0A099NU08_PICKU, tr|A0A099NVZ4|A0A099NVZ4_PICKU
OG0000525	YER185W, YGR213C, YLR046C	
OG0000526	YFL004W, YPL019C	tr|A0A099P3Z2|A0A099P3Z2_PICKU
OG0000527	YFL028C, YLR278C	tr|A0A099NYQ1|A0A099NYQ1_PICKU
OG0000528	YFL034C-A, YLR061W	tr|A0A099P927|A0A099P927_PICKU
OG0000529	YFL036W	tr|A0A099NT96|A0A099NT96_PICKU, tr|A0A099P5W1|A0A099P5W1_PICKU
OG0000530	YFL041W	tr|A0A099NU93|A0A099NU93_PICKU, tr|A0A099P222|A0A099P222_PICKU
OG0000531	YFL042C, YLR072W	tr|A0A099P0C8|A0A099P0C8_PICKU
OG0000532	YFL048C, YLR080W	tr|A0A099NU41|A0A099NU41_PICKU
OG0000533	YFL050C, YOL130W	tr|A0A099NWY7|A0A099NWY7_PICKU
OG0000534	YFL053W	tr|A0A099P3E2|A0A099P3E2_PICKU, tr|A0A099P3E9|A0A099P3E9_PICKU
OG0000535	YFL055W	tr|A0A099NRA2|A0A099NRA2_PICKU, tr|A0A099NVL5|A0A099NVL5_PICKU
OG0000536	YFR015C, YLR258W	tr|A0A099P643|A0A099P643_PICKU
OG0000537	YFR016C	tr|A0A099NVW1|A0A099NVW1_PICKU, tr|A0A099NVY4|A0A099NVY4_PICKU
OG0000538	YFR022W, YOR018W	tr|A0A099P0R1|A0A099P0R1_PICKU
OG0000539	YFR029W	tr|A0A099NT71|A0A099NT71_PICKU, tr|A0A099P5W0|A0A099P5W0_PICKU
OG0000540	YFR031C-A, YIL018W	tr|A0A099P1G6|A0A099P1G6_PICKU
OG0000541	YFR053C, YGL253W	tr|A0A099P592|A0A099P592_PICKU
OG0000542	YGL026C	tr|A0A099NU27|A0A099NU27_PICKU, tr|A0A099NZ13|A0A099NZ13_PICKU
OG0000543	YGL031C, YGR148C	tr|A0A099P162|A0A099P162_PICKU
OG0000544	YGL047W	tr|A0A099NSQ5|A0A099NSQ5_PICKU, tr|A0A099P237|A0A099P237_PICKU
OG0000545	YGL049C, YGR162W	tr|A0A099NUU5|A0A099NUU5_PICKU
OG0000546	YGL067W	tr|A0A099NUL4|A0A099NUL4_PICKU, tr|A0A099P8V3|A0A099P8V3_PICKU
OG0000547	YGL068W	tr|A0A099NT84|A0A099NT84_PICKU, tr|A0A099NYV2|A0A099NYV2_PICKU
OG0000548	YGL076C, YPL198W	tr|A0A099P5X6|A0A099P5X6_PICKU
OG0000549	YGL131C	tr|A0A099NRN9|A0A099NRN9_PICKU, tr|A0A099P5R4|A0A099P5R4_PICKU
OG0000550	YGL134W, YPL219W	tr|A0A099P1V4|A0A099P1V4_PICKU
OG0000551	YGL135W, YPL220W	tr|A0A099NYY7|A0A099NYY7_PICKU
OG0000552	YGL136C	tr|A0A099NRM6|A0A099NRM6_PICKU, tr|A0A099NZ94|A0A099NZ94_PICKU
OG0000553	YGL137W	tr|A0A099NS08|A0A099NS08_PICKU, tr|A0A099NYZ3|A0A099NYZ3_PICKU
OG0000554	YGL139W, YPL221W	tr|A0A099P5V6|A0A099P5V6_PICKU
OG0000555	YGL147C, YNL067W	tr|A0A099NTY7|A0A099NTY7_PICKU
OG0000556	YGL162W, YPR009W	tr|A0A099P4Y7|A0A099P4Y7_PICKU
OG0000557	YGL166W	tr|A0A099NRH0|A0A099NRH0_PICKU, tr|A0A099P3M5|A0A099P3M5_PICKU
OG0000558	YGL174W	tr|A0A099NRK8|A0A099NRK8_PICKU, tr|A0A099P318|A0A099P318_PICKU
OG0000559	YGL180W	tr|A0A099NRL4|A0A099NRL4_PICKU, tr|A0A099P7E4|A0A099P7E4_PICKU
OG0000560	YGL186C	tr|A0A099P466|A0A099P466_PICKU, tr|A0A099P716|A0A099P716_PICKU
OG0000561	YGL195W	tr|A0A099NP56|A0A099NP56_PICKU, tr|A0A099P5K6|A0A099P5K6_PICKU
OG0000562	YGL196W	tr|A0A099NUS0|A0A099NUS0_PICKU, tr|A0A099P2E6|A0A099P2E6_PICKU
OG0000563	YGL221C	tr|A0A099NLC2|A0A099NLC2_PICKU, tr|A0A099NLC5|A0A099NLC5_PICKU
OG0000564	YGL237C	tr|A0A099NTT1|A0A099NTT1_PICKU, tr|A0A099NYR3|A0A099NYR3_PICKU
OG0000565	YGL238W	tr|A0A099NUK2|A0A099NUK2_PICKU, tr|A0A099NYL3|A0A099NYL3_PICKU
OG0000566	YGL240W	tr|A0A099NUA7|A0A099NUA7_PICKU, tr|A0A099P646|A0A099P646_PICKU
OG0000567	YGL245W	tr|A0A099NTE4|A0A099NTE4_PICKU, tr|A0A099P1G4|A0A099P1G4_PICKU
OG0000568	YGL255W	tr|A0A099NT74|A0A099NT74_PICKU, tr|A0A099NZG7|A0A099NZG7_PICKU
OG0000569	YGR004W, YLR324W	tr|A0A099P799|A0A099P799_PICKU
OG0000570	YGR009C, YMR017W	tr|A0A099P654|A0A099P654_PICKU
OG0000571	YGR010W, YLR328W	tr|A0A099P5I9|A0A099P5I9_PICKU
OG0000572	YGR027C, YLR333C	tr|A0A099P4K2|A0A099P4K2_PICKU
OG0000573	YGR034W, YLR344W	tr|A0A099P6W2|A0A099P6W2_PICKU
OG0000574	YGR038W, YLR350W	tr|A0A099NWN0|A0A099NWN0_PICKU
OG0000575	YGR053C	tr|A0A099NS97|A0A099NS97_PICKU, tr|A0A099P2J4|A0A099P2J4_PICKU
OG0000576	YGR055W	tr|A0A099P2N9|A0A099P2N9_PICKU, tr|A0A099P353|A0A099P353_PICKU
OG0000577	YGR056W, YLR357W	tr|A0A099NXF6|A0A099NXF6_PICKU
OG0000578	YGR070W, YLR371W	tr|A0A099P4A6|A0A099P4A6_PICKU
OG0000579	YGR074W	tr|A0A099NR53|A0A099NR53_PICKU, tr|A0A099NZQ0|A0A099NZQ0_PICKU
OG0000580	YGR080W	tr|A0A099NUL2|A0A099NUL2_PICKU, tr|A0A099NX82|A0A099NX82_PICKU
OG0000581	YGR085C, YPR102C	tr|A0A099NUQ6|A0A099NUQ6_PICKU
OG0000582	YGR090W	tr|A0A099NUK7|A0A099NUK7_PICKU, tr|A0A099NXW7|A0A099NXW7_PICKU
OG0000583	YGR092W, YPR111W	tr|A0A099NYK0|A0A099NYK0_PICKU
OG0000584	YGR098C	tr|A0A099NSN1|A0A099NSN1_PICKU, tr|A0A099P449|A0A099P449_PICKU
OG0000585	YGR099W	tr|A0A099NU72|A0A099NU72_PICKU, tr|A0A099P3N4|A0A099P3N4_PICKU
OG0000586	YGR118W, YPR132W	tr|A0A099P535|A0A099P535_PICKU
OG0000587	YGR121C, YPR138C	tr|A0A099P544|A0A099P544_PICKU
OG0000588	YGR123C	tr|A0A099NPN9|A0A099NPN9_PICKU, tr|A0A099P3I2|A0A099P3I2_PICKU
OG0000589	YGR131W, YPR149W	tr|A0A099NX41|A0A099NX41_PICKU
OG0000590	YGR136W, YPR154W	tr|A0A099NZW9|A0A099NZW9_PICKU
OG0000591	YGR141W, YPR157W	tr|A0A099NRI4|A0A099NRI4_PICKU
OG0000592	YGR149W	tr|A0A099NS10|A0A099NS10_PICKU, tr|A0A099P840|A0A099P840_PICKU
OG0000593	YGR188C, YJL013C	tr|A0A099P3J5|A0A099P3J5_PICKU
OG0000594	YGR192C, YJR009C	tr|A0A099P8U3|A0A099P8U3_PICKU
OG0000595	YGR214W, YLR048W	tr|A0A099P193|A0A099P193_PICKU
OG0000596	YGR216C	tr|A0A099NV42|A0A099NV42_PICKU, tr|A0A099P0M4|A0A099P0M4_PICKU
OG0000597	YGR217W	tr|A0A099NU94|A0A099NU94_PICKU, tr|A0A099P368|A0A099P368_PICKU
OG0000598	YGR227W	tr|A0A099NR43|A0A099NR43_PICKU, tr|A0A099P1A1|A0A099P1A1_PICKU
OG0000599	YGR234W	tr|A0A099NS52|A0A099NS52_PICKU, tr|A0A099P4H6|A0A099P4H6_PICKU
OG0000600	YGR241C, YHR161C	tr|A0A099P8Q1|A0A099P8Q1_PICKU
OG0000601	YGR243W, YHR162W	tr|A0A099P2B5|A0A099P2B5_PICKU
OG0000602	YGR246C	tr|A0A099NTM9|A0A099NTM9_PICKU, tr|A0A099NVX4|A0A099NVX4_PICKU
OG0000603	YGR248W, YHR163W	tr|A0A099P7A1|A0A099P7A1_PICKU
OG0000604	YGR254W, YHR174W	tr|A0A099NYL7|A0A099NYL7_PICKU
OG0000605	YGR258C	tr|A0A099NRI5|A0A099NRI5_PICKU, tr|A0A099P0U1|A0A099P0U1_PICKU
OG0000606	YGR270W	tr|A0A099NQ71|A0A099NQ71_PICKU, tr|A0A099NW92|A0A099NW92_PICKU
OG0000607	YGR273C, YMR295C	tr|A0A099P2S3|A0A099P2S3_PICKU
OG0000608	YGR276C	tr|A0A099P1N6|A0A099P1N6_PICKU, tr|A0A099P3B3|A0A099P3B3_PICKU
OG0000609	YGR283C, YMR310C	tr|A0A099P547|A0A099P547_PICKU
OG0000610	YHL001W, YKL006W	tr|A0A099NZG9|A0A099NZG9_PICKU
OG0000611	YHL002W	tr|A0A099NSZ4|A0A099NSZ4_PICKU, tr|A0A099P1I4|A0A099P1I4_PICKU
OG0000612	YHL003C, YKL008C	tr|A0A099NZL0|A0A099NZL0_PICKU
OG0000613	YHL004W	tr|A0A099NQH8|A0A099NQH8_PICKU, tr|A0A099NZV5|A0A099NZV5_PICKU
OG0000614	YHL022C	tr|A0A099NTQ7|A0A099NTQ7_PICKU, tr|A0A099NVH9|A0A099NVH9_PICKU
OG0000615	YHL023C	tr|A0A099NSV6|A0A099NSV6_PICKU, tr|A0A099P737|A0A099P737_PICKU
OG0000616	YHL033C, YLL045C	tr|A0A099P1G8|A0A099P1G8_PICKU
OG0000617	YHL036W	tr|A0A099NYE3|A0A099NYE3_PICKU, tr|A0A099P034|A0A099P034_PICKU
OG0000618	YHR001W, YKR003W	tr|A0A099NWQ9|A0A099NWQ9_PICKU
OG0000619	YHR005C	tr|A0A099NSM3|A0A099NSM3_PICKU, tr|A0A099P2K9|A0A099P2K9_PICKU
OG0000620	YHR008C	tr|A0A099NUD0|A0A099NUD0_PICKU, tr|A0A099P6I9|A0A099P6I9_PICKU
OG0000621	YHR024C	tr|A0A099NSF2|A0A099NSF2_PICKU, tr|A0A099NV73|A0A099NV73_PICKU
OG0000622	YHR039C-A	tr|A0A099NS02|A0A099NS02_PICKU, tr|A0A099NZ14|A0A099NZ14_PICKU
OG0000623	YHR042W	tr|A0A099NXT7|A0A099NXT7_PICKU, tr|A0A099P6L0|A0A099P6L0_PICKU
OG0000624	YHR059W	tr|A0A099NWA5|A0A099NWA5_PICKU, tr|A0A099P3X3|A0A099P3X3_PICKU
OG0000625	YHR064C	tr|A0A099NUU7|A0A099NUU7_PICKU, tr|A0A099P339|A0A099P339_PICKU
OG0000626	YHR067W	tr|A0A099NQX2|A0A099NQX2_PICKU, tr|A0A099P5Y9|A0A099P5Y9_PICKU
OG0000627	YHR069C	tr|A0A099NSL2|A0A099NSL2_PICKU, tr|A0A099P8H2|A0A099P8H2_PICKU
OG0000628	YHR073W	tr|A0A099NT68|A0A099NT68_PICKU, tr|A0A099NTS2|A0A099NTS2_PICKU
OG0000629	YHR075C	tr|A0A099NTI1|A0A099NTI1_PICKU, tr|A0A099P5G4|A0A099P5G4_PICKU
OG0000630	YHR079C	tr|A0A099NSD1|A0A099NSD1_PICKU, tr|A0A099NX22|A0A099NX22_PICKU
OG0000631	YHR110W	tr|A0A099NVL1|A0A099NVL1_PICKU, tr|A0A099NVP4|A0A099NVP4_PICKU
OG0000632	YHR111W	tr|A0A099NT59|A0A099NT59_PICKU, tr|A0A099NVS3|A0A099NVS3_PICKU
OG0000633	YHR114W	tr|A0A099NRY0|A0A099NRY0_PICKU, tr|A0A099NZS7|A0A099NZS7_PICKU
OG0000634	YHR115C, YNL116W	tr|A0A099NWU3|A0A099NWU3_PICKU
OG0000635	YHR117W, YNL121C	tr|A0A099P4Q1|A0A099P4Q1_PICKU
OG0000636	YHR123W, YNL130C	tr|A0A099P781|A0A099P781_PICKU
OG0000637	YHR128W	tr|A0A099NQB1|A0A099NQB1_PICKU, tr|A0A099P3J2|A0A099P3J2_PICKU
OG0000638	YHR131C, YNL144C	tr|A0A099NZG5|A0A099NZG5_PICKU
OG0000639	YHR132W-A, YNL157W	tr|A0A099P5K2|A0A099P5K2_PICKU
OG0000640	YHR135C	tr|A0A099NU53|A0A099NU53_PICKU, tr|A0A099P3I4|A0A099P3I4_PICKU
OG0000641	YHR141C, YNL162W	tr|A0A099P4T0|A0A099P4T0_PICKU
OG0000642	YHR155W, YNL257C	tr|A0A099P0D8|A0A099P0D8_PICKU
OG0000643	YHR181W	tr|A0A099NV76|A0A099NV76_PICKU, tr|A0A099P3K6|A0A099P3K6_PICKU
OG0000644	YHR185C	tr|A0A099NUN4|A0A099NUN4_PICKU, tr|A0A099P387|A0A099P387_PICKU
OG0000645	YHR203C, YJR145C	tr|A0A099P399|A0A099P399_PICKU
OG0000646	YIL004C	tr|A0A099NTA2|A0A099NTA2_PICKU, tr|A0A099NVW9|A0A099NVW9_PICKU
OG0000647	YIL014C-A, YIL102C, YJR108W	
OG0000648	YIL022W	tr|A0A099NT67|A0A099NT67_PICKU, tr|A0A099NZJ5|A0A099NZJ5_PICKU
OG0000649	YIL023C	tr|A0A099NQU4|A0A099NQU4_PICKU, tr|A0A099P8A2|A0A099P8A2_PICKU
OG0000650	YIL029C, YPL257W, YPR071W	
OG0000651	YIL047C	tr|A0A099NTD0|A0A099NTD0_PICKU, tr|A0A099NWV1|A0A099NWV1_PICKU
OG0000652	YIL049W	tr|A0A099NTU4|A0A099NTU4_PICKU, tr|A0A099NVP5|A0A099NVP5_PICKU
OG0000653	YIL062C	tr|A0A099NTJ8|A0A099NTJ8_PICKU, tr|A0A099P2L5|A0A099P2L5_PICKU
OG0000654	YIL065C	tr|A0A099NQK4|A0A099NQK4_PICKU, tr|A0A099NXG9|A0A099NXG9_PICKU
OG0000655	YIL070C	tr|A0A099NTJ6|A0A099NTJ6_PICKU, tr|A0A099P5X5|A0A099P5X5_PICKU
OG0000656	YIL085C, YNL029C	tr|A0A099NX24|A0A099NX24_PICKU
OG0000657	YIL091C	tr|A0A099NK91|A0A099NK91_PICKU, tr|A0A099P893|A0A099P893_PICKU
OG0000658	YIL095W, YNL020C	tr|A0A099P5P5|A0A099P5P5_PICKU
OG0000659	YIL096C	tr|A0A099NSI2|A0A099NSI2_PICKU, tr|A0A099NXP4|A0A099NXP4_PICKU
OG0000660	YIL105C, YNL047C	tr|A0A099NZW2|A0A099NZW2_PICKU
OG0000661	YIL109C, YNL049C	tr|A0A099NZJ6|A0A099NZJ6_PICKU
OG0000662	YIL111W, YNL052W	tr|A0A099NQS5|A0A099NQS5_PICKU
OG0000663	YIL114C, YNL055C	tr|A0A099P4M0|A0A099P4M0_PICKU
OG0000664	YIL117C, YNL058C, YOL007C	
OG0000665	YIL124W	tr|A0A099NSF4|A0A099NSF4_PICKU, tr|A0A099NYQ7|A0A099NYQ7_PICKU
OG0000666	YIL130W	tr|A0A099NTX7|A0A099NTX7_PICKU, tr|A0A099P1N5|A0A099P1N5_PICKU
OG0000667	YIL131C, YNL068C	tr|A0A099P2I8|A0A099P2I8_PICKU
OG0000668	YIL133C, YNL069C	tr|A0A099NUV7|A0A099NUV7_PICKU
OG0000669	YIL140W	tr|A0A099NRN8|A0A099NRN8_PICKU, tr|A0A099P094|A0A099P094_PICKU
OG0000670	YIL147C	tr|A0A099NWM1|A0A099NWM1_PICKU, tr|A0A099NZD9|A0A099NZD9_PICKU
OG0000671	YIL149C, YKR095W	tr|A0A099NX92|A0A099NX92_PICKU
OG0000672	YIR003W	tr|A0A099NU02|A0A099NU02_PICKU, tr|A0A099NVY9|A0A099NVY9_PICKU
OG0000673	YIR006C	tr|A0A099NUT6|A0A099NUT6_PICKU, tr|A0A099NYA6|A0A099NYA6_PICKU
OG0000674	YIR011C	tr|A0A099NTG5|A0A099NTG5_PICKU, tr|A0A099NU18|A0A099NU18_PICKU
OG0000675	YIR022W	tr|A0A099NTV3|A0A099NTV3_PICKU, tr|A0A099NVR5|A0A099NVR5_PICKU
OG0000676	YIR031C, YNL117W	tr|A0A099NZ48|A0A099NZ48_PICKU
OG0000677	YIR037W, YKL026C	tr|A0A099P8S7|A0A099P8S7_PICKU
OG0000678	YJL005W	tr|A0A099NRL8|A0A099NRL8_PICKU, tr|A0A099P868|A0A099P868_PICKU
OG0000679	YJL011C	tr|A0A099NRX7|A0A099NRX7_PICKU, tr|A0A099P8Q3|A0A099P8Q3_PICKU
OG0000680	YJL012C	tr|A0A099NUF4|A0A099NUF4_PICKU, tr|A0A099P392|A0A099P392_PICKU
OG0000681	YJL029C	tr|A0A099NPQ3|A0A099NPQ3_PICKU, tr|A0A099P3E8|A0A099P3E8_PICKU
OG0000682	YJL034W	tr|A0A099NSK9|A0A099NSK9_PICKU, tr|A0A099P3V3|A0A099P3V3_PICKU
OG0000683	YJL046W	tr|A0A099NS69|A0A099NS69_PICKU, tr|A0A099NUI9|A0A099NUI9_PICKU
OG0000684	YJL053W	tr|A0A099NVE2|A0A099NVE2_PICKU, tr|A0A099NX72|A0A099NX72_PICKU
OG0000685	YJL068C	tr|A0A099NUA8|A0A099NUA8_PICKU, tr|A0A099NUB6|A0A099NUB6_PICKU
OG0000686	YJL076W, YKR010C	tr|A0A099NYL9|A0A099NYL9_PICKU
OG0000687	YJL079C, YKR013W	tr|A0A099P8E7|A0A099P8E7_PICKU
OG0000688	YJL083W, YKR019C	tr|A0A099P5Q4|A0A099P5Q4_PICKU
OG0000689	YJL084C, YKR021W	tr|A0A099P346|A0A099P346_PICKU
OG0000690	YJL090C	tr|A0A099NVK7|A0A099NVK7_PICKU, tr|A0A099NZI5|A0A099NZI5_PICKU
OG0000691	YJL095W	tr|A0A099NTG8|A0A099NTG8_PICKU, tr|A0A099P854|A0A099P854_PICKU
OG0000692	YJL099W, YKR027W	tr|A0A099P5S7|A0A099P5S7_PICKU
OG0000693	YJL105W, YKR029C	tr|A0A099NZA6|A0A099NZA6_PICKU
OG0000694	YJL106W	tr|A0A099NTY8|A0A099NTY8_PICKU, tr|A0A099P0X4|A0A099P0X4_PICKU
OG0000695	YJL111W	tr|A0A099NTS9|A0A099NTS9_PICKU, tr|A0A099P0F0|A0A099P0F0_PICKU
OG0000696	YJL112W, YKR036C	tr|A0A099NY71|A0A099NY71_PICKU
OG0000697	YJL128C	tr|A0A099NTK1|A0A099NTK1_PICKU, tr|A0A099P304|A0A099P304_PICKU
OG0000698	YJL133W, YKR052C	tr|A0A099NXW5|A0A099NXW5_PICKU
OG0000699	YJL134W, YKR053C	tr|A0A099NXB7|A0A099NXB7_PICKU
OG0000700	YJL136C, YKR057W	tr|A0A099NVH7|A0A099NVH7_PICKU
OG0000701	YJL137C, YKR058W	tr|A0A099NX49|A0A099NX49_PICKU
OG0000702	YJL138C, YKR059W	tr|A0A099NXB2|A0A099NXB2_PICKU
OG0000703	YJL139C, YKR061W	tr|A0A099P912|A0A099P912_PICKU
OG0000704	YJL172W, YOL153C	tr|A0A099P688|A0A099P688_PICKU
OG0000705	YJL177W, YKL180W	tr|A0A099P6Y2|A0A099P6Y2_PICKU
OG0000706	YJR008W	tr|A0A099NYH4|A0A099NYH4_PICKU, tr|A0A099P066|A0A099P066_PICKU
OG0000707	YJR014W	tr|A0A099NNU2|A0A099NNU2_PICKU, tr|A0A099P8U9|A0A099P8U9_PICKU
OG0000708	YJR044C	tr|A0A099NUR2|A0A099NUR2_PICKU, tr|A0A099NWP4|A0A099NWP4_PICKU
OG0000709	YJR054W, YML047C	tr|A0A099NZU9|A0A099NZU9_PICKU
OG0000710	YJR060W	tr|A0A099NSH4|A0A099NSH4_PICKU, tr|A0A099P3B8|A0A099P3B8_PICKU
OG0000711	YJR067C	tr|A0A099NR93|A0A099NR93_PICKU, tr|A0A099P172|A0A099P172_PICKU
OG0000712	YJR091C, YPR042C	tr|A0A099NU49|A0A099NU49_PICKU
OG0000713	YJR094W-A, YPR043W	tr|A0A099NR89|A0A099NR89_PICKU
OG0000714	YJR113C	tr|A0A099NPE2|A0A099NPE2_PICKU, tr|A0A099NY15|A0A099NY15_PICKU
OG0000715	YJR121W	tr|A0A099NTI8|A0A099NTI8_PICKU, tr|A0A099P2Z5|A0A099P2Z5_PICKU
OG0000716	YJR127C, YML081W	tr|A0A099NZA8|A0A099NZA8_PICKU
OG0000717	YJR129C	tr|A0A099NP18|A0A099NP18_PICKU, tr|A0A099NR33|A0A099NR33_PICKU
OG0000718	YJR130C, YML082W	tr|A0A099P5A6|A0A099P5A6_PICKU
OG0000719	YJR131W	tr|A0A099NQC5|A0A099NQC5_PICKU, tr|A0A099P7L3|A0A099P7L3_PICKU
OG0000720	YJR134C	tr|A0A099NV53|A0A099NV53_PICKU, tr|A0A099P6X0|A0A099P6X0_PICKU
OG0000721	YJR154W	tr|A0A099P3J1|A0A099P3J1_PICKU, tr|A0A099P5B3|A0A099P5B3_PICKU
OG0000722	YKL005C	tr|A0A099NUZ0|A0A099NUZ0_PICKU, tr|A0A099P1Y2|A0A099P1Y2_PICKU
OG0000723	YKL011C	tr|A0A099NTD9|A0A099NTD9_PICKU, tr|A0A099P1L4|A0A099P1L4_PICKU
OG0000724	YKL014C	tr|A0A099NTE8|A0A099NTE8_PICKU, tr|A0A099P408|A0A099P408_PICKU
OG0000725	YKL019W	tr|A0A099NSU9|A0A099NSU9_PICKU, tr|A0A099NTH9|A0A099NTH9_PICKU
OG0000726	YKL064W	tr|A0A099NTB4|A0A099NTB4_PICKU, tr|A0A099NXE3|A0A099NXE3_PICKU
OG0000727	YKL065C, YMR040W	tr|A0A099P4N5|A0A099P4N5_PICKU
OG0000728	YKL068W, YMR047C	tr|A0A099NZK2|A0A099NZK2_PICKU
OG0000729	YKL070W	tr|A0A099NV92|A0A099NV92_PICKU, tr|A0A099P081|A0A099P081_PICKU
OG0000730	YKL072W, YMR053C	tr|A0A099NY63|A0A099NY63_PICKU
OG0000731	YKL073W	tr|A0A099NT07|A0A099NT07_PICKU, tr|A0A099P050|A0A099P050_PICKU
OG0000732	YKL090W	tr|A0A099P2L8|A0A099P2L8_PICKU, tr|A0A099P584|A0A099P584_PICKU
OG0000733	YKL100C	tr|A0A099P5E5|A0A099P5E5_PICKU, tr|A0A099P5Q9|A0A099P5Q9_PICKU
OG0000734	YKL101W	tr|A0A099NX65|A0A099NX65_PICKU, tr|A0A099P3Y6|A0A099P3Y6_PICKU
OG0000735	YKL114C	tr|A0A099NSQ6|A0A099NSQ6_PICKU, tr|A0A099P7Q2|A0A099P7Q2_PICKU
OG0000736	YKL117W	tr|A0A099NPX9|A0A099NPX9_PICKU, tr|A0A099P2G9|A0A099P2G9_PICKU
OG0000737	YKL126W, YMR104C	tr|A0A099NXX7|A0A099NXX7_PICKU
OG0000738	YKL127W, YMR105C	tr|A0A099P2I0|A0A099P2I0_PICKU
OG0000739	YKL132C, YMR113W	tr|A0A099P853|A0A099P853_PICKU
OG0000740	YKL133C, YMR115W	tr|A0A099NWH3|A0A099NWH3_PICKU
OG0000741	YKL134C	tr|A0A099NS50|A0A099NS50_PICKU, tr|A0A099NWI8|A0A099NWI8_PICKU
OG0000742	YKL140W	tr|A0A099NT75|A0A099NT75_PICKU, tr|A0A099NTT8|A0A099NTT8_PICKU
OG0000743	YKL187C, YLR413W, YLR414C	
OG0000744	YKL215C	tr|A0A099NR88|A0A099NR88_PICKU, tr|A0A099NV11|A0A099NV11_PICKU
OG0000745	YKL217W	tr|A0A099NZE8|A0A099NZE8_PICKU, tr|A0A099P158|A0A099P158_PICKU
OG0000746	YKR001C	tr|A0A099NSJ8|A0A099NSJ8_PICKU, tr|A0A099NZF0|A0A099NZF0_PICKU
OG0000747	YKR065C	tr|A0A099NTE5|A0A099NTE5_PICKU, tr|A0A099NYE5|A0A099NYE5_PICKU
OG0000748	YKR066C	tr|A0A099NTD4|A0A099NTD4_PICKU, tr|A0A099NVW7|A0A099NVW7_PICKU
OG0000749	YKR072C, YOR054C	tr|A0A099P7N5|A0A099P7N5_PICKU
OG0000750	YKR089C, YOR081C	tr|A0A099P5Q5|A0A099P5Q5_PICKU
OG0000751	YKR091W, YOR083W	tr|A0A099P5X4|A0A099P5X4_PICKU
OG0000752	YLL012W, YLR020C	tr|A0A099NXK3|A0A099NXK3_PICKU
OG0000753	YLL013C	tr|A0A099NUK1|A0A099NUK1_PICKU, tr|A0A099P8F5|A0A099P8F5_PICKU
OG0000754	YLL016W, YLR310C	tr|A0A099P7X8|A0A099P7X8_PICKU
OG0000755	YLL021W, YLR313C	tr|A0A099P3A7|A0A099P3A7_PICKU
OG0000756	YLL028W	tr|A0A099P2J1|A0A099P2J1_PICKU, tr|A0A099P4E0|A0A099P4E0_PICKU
OG0000757	YLL034C	tr|A0A099NQX7|A0A099NQX7_PICKU, tr|A0A099P0P8|A0A099P0P8_PICKU
OG0000758	YLL035W	tr|A0A099NSI7|A0A099NSI7_PICKU, tr|A0A099NYN9|A0A099NYN9_PICKU
OG0000759	YLL036C	tr|A0A099NS93|A0A099NS93_PICKU, tr|A0A099NZC8|A0A099NZC8_PICKU
OG0000760	YLL040C	tr|A0A099NSE1|A0A099NSE1_PICKU, tr|A0A099P171|A0A099P171_PICKU
OG0000761	YLL055W	tr|A0A099NWD8|A0A099NWD8_PICKU, tr|A0A099NX25|A0A099NX25_PICKU
OG0000762	YLL062C, YMR321C, YPL273W	
OG0000763	YLR003C	tr|A0A099NTM1|A0A099NTM1_PICKU, tr|A0A099NVL4|A0A099NVL4_PICKU
OG0000764	YLR006C	tr|A0A099NT08|A0A099NT08_PICKU, tr|A0A099NZP0|A0A099NZP0_PICKU
OG0000765	YLR033W	tr|A0A099NQ81|A0A099NQ81_PICKU, tr|A0A099NZF7|A0A099NZF7_PICKU
OG0000766	YLR045C	tr|A0A099NSA6|A0A099NSA6_PICKU, tr|A0A099P1W0|A0A099P1W0_PICKU
OG0000767	YLR086W	tr|A0A099NSW5|A0A099NSW5_PICKU, tr|A0A099P2K2|A0A099P2K2_PICKU
OG0000768	YLR093C	tr|A0A099NS44|A0A099NS44_PICKU, tr|A0A099P4C8|A0A099P4C8_PICKU
OG0000769	YLR109W	tr|A0A099NUA4|A0A099NUA4_PICKU, tr|A0A099P176|A0A099P176_PICKU
OG0000770	YLR116W	tr|A0A099NS46|A0A099NS46_PICKU, tr|A0A099P4Y4|A0A099P4Y4_PICKU
OG0000771	YLR163C	tr|A0A099NRK5|A0A099NRK5_PICKU, tr|A0A099NXH1|A0A099NXH1_PICKU
OG0000772	YLR170C	tr|A0A099NSM9|A0A099NSM9_PICKU, tr|A0A099P0E0|A0A099P0E0_PICKU
OG0000773	YLR181C	tr|A0A099NRJ0|A0A099NRJ0_PICKU, tr|A0A099P4U0|A0A099P4U0_PICKU
OG0000774	YLR193C	tr|A0A099NSY7|A0A099NSY7_PICKU, tr|A0A099P4T6|A0A099P4T6_PICKU
OG0000775	YLR205C	tr|A0A099NUR7|A0A099NUR7_PICKU, tr|A0A099P2P3|A0A099P2P3_PICKU
OG0000776	YLR241W	tr|A0A099NRE6|A0A099NRE6_PICKU, tr|A0A099P386|A0A099P386_PICKU
OG0000777	YLR251W, YOR292C	tr|A0A099P1U7|A0A099P1U7_PICKU
OG0000778	YLR260W, YOR171C	tr|A0A099NUL8|A0A099NUL8_PICKU
OG0000779	YLR262C	tr|A0A099NTF9|A0A099NTF9_PICKU, tr|A0A099P085|A0A099P085_PICKU
OG0000780	YLR264W, YOR167C	tr|A0A099NZ34|A0A099NZ34_PICKU
OG0000781	YLR270W, YOR173W	tr|A0A099P4K0|A0A099P4K0_PICKU
OG0000782	YLR275W, YLR438C-A	tr|A0A099P753|A0A099P753_PICKU
OG0000783	YLR277C, YOR179C	tr|A0A099P9N8|A0A099P9N8_PICKU
OG0000784	YLR287C-A, YOR182C	tr|A0A099P1X0|A0A099P1X0_PICKU
OG0000785	YLR299W	tr|A0A099NPY1|A0A099NPY1_PICKU, tr|A0A099P0V5|A0A099P0V5_PICKU
OG0000786	YLR300W, YOR190W	tr|A0A099NWN1|A0A099NWN1_PICKU
OG0000787	YLR304C	tr|A0A099NS89|A0A099NS89_PICKU, tr|A0A099NXC2|A0A099NXC2_PICKU
OG0000788	YLR305C	tr|A0A099NTP2|A0A099NTP2_PICKU, tr|A0A099NVN9|A0A099NVN9_PICKU
OG0000789	YLR316C	tr|A0A099P433|A0A099P433_PICKU, tr|A0A099P4A1|A0A099P4A1_PICKU
OG0000790	YLR326W	tr|A0A099NV43|A0A099NV43_PICKU, tr|A0A099NV59|A0A099NV59_PICKU
OG0000791	YLR330W	tr|A0A099NST7|A0A099NST7_PICKU, tr|A0A099P3J4|A0A099P3J4_PICKU
OG0000792	YLR418C	tr|A0A099NUU0|A0A099NUU0_PICKU, tr|A0A099NX01|A0A099NX01_PICKU
OG0000793	YLR430W	tr|A0A099NPD8|A0A099NPD8_PICKU, tr|A0A099P300|A0A099P300_PICKU
OG0000794	YLR433C, YML057W	tr|A0A099NXT3|A0A099NXT3_PICKU
OG0000795	YLR450W, YML075C	tr|A0A099P7C1|A0A099P7C1_PICKU
OG0000796	YLR456W, YPR172W	tr|A0A099P3F9|A0A099P3F9_PICKU
OG0000797	YLR459W	tr|A0A099NQL0|A0A099NQL0_PICKU, tr|A0A099P2W0|A0A099P2W0_PICKU
OG0000798	YML004C	tr|A0A099P4I6|A0A099P4I6_PICKU, tr|A0A099P4N7|A0A099P4N7_PICKU
OG0000799	YML008C	tr|A0A099NUJ8|A0A099NUJ8_PICKU, tr|A0A099P8D3|A0A099P8D3_PICKU
OG0000800	YML013W	tr|A0A099NS21|A0A099NS21_PICKU, tr|A0A099NW69|A0A099NW69_PICKU
OG0000801	YML017W	tr|A0A099NRK7|A0A099NRK7_PICKU, tr|A0A099NY00|A0A099NY00_PICKU
OG0000802	YML049C	tr|A0A099NTW3|A0A099NTW3_PICKU, tr|A0A099NZV8|A0A099NZV8_PICKU
OG0000803	YML050W	tr|A0A099P1Y8|A0A099P1Y8_PICKU, tr|A0A099P2A6|A0A099P2A6_PICKU
OG0000804	YML054C	tr|A0A099P3F2|A0A099P3F2_PICKU, tr|A0A099P7X2|A0A099P7X2_PICKU
OG0000805	YML055W	tr|A0A099NPC2|A0A099NPC2_PICKU, tr|A0A099P391|A0A099P391_PICKU
OG0000806	YML061C	tr|A0A099NT82|A0A099NT82_PICKU, tr|A0A099P0S1|A0A099P0S1_PICKU
OG0000807	YML068W	tr|A0A099P6T7|A0A099P6T7_PICKU, tr|A0A099P8T2|A0A099P8T2_PICKU
OG0000808	YML079W	tr|A0A099NVT8|A0A099NVT8_PICKU, tr|A0A099NVY6|A0A099NVY6_PICKU
OG0000809	YML081C-A	tr|A0A099NT43|A0A099NT43_PICKU, tr|A0A099P5T0|A0A099P5T0_PICKU
OG0000810	YML085C, YML124C	tr|A0A099P4S4|A0A099P4S4_PICKU
OG0000811	YML087C, YML125C	tr|A0A099P650|A0A099P650_PICKU
OG0000812	YML093W	tr|A0A099NUH1|A0A099NUH1_PICKU, tr|A0A099P2Y4|A0A099P2Y4_PICKU
OG0000813	YML099C	tr|A0A099NP62|A0A099NP62_PICKU, tr|A0A099P328|A0A099P328_PICKU
OG0000814	YML100W, YMR261C	tr|A0A099P5R9|A0A099P5R9_PICKU
OG0000815	YML103C	tr|A0A099NSA4|A0A099NSA4_PICKU, tr|A0A099NYZ6|A0A099NYZ6_PICKU
OG0000816	YML105C	tr|A0A099NST3|A0A099NST3_PICKU, tr|A0A099NX32|A0A099NX32_PICKU
OG0000817	YML106W, YMR271C	tr|A0A099NUK8|A0A099NUK8_PICKU
OG0000818	YMR004W	tr|A0A099NVD2|A0A099NVD2_PICKU, tr|A0A099NWM9|A0A099NWM9_PICKU
OG0000819	YMR020W	tr|A0A099NRI6|A0A099NRI6_PICKU, tr|A0A099P3C5|A0A099P3C5_PICKU
OG0000820	YMR048W	tr|A0A099NUV9|A0A099NUV9_PICKU, tr|A0A099NWR1|A0A099NWR1_PICKU
OG0000821	YMR090W	tr|A0A099NRL9|A0A099NRL9_PICKU, tr|A0A099P3G9|A0A099P3G9_PICKU
OG0000822	YMR091C	tr|A0A099NU54|A0A099NU54_PICKU, tr|A0A099NYJ4|A0A099NYJ4_PICKU
OG0000823	YMR099C	tr|A0A099NSP3|A0A099NSP3_PICKU, tr|A0A099NXN8|A0A099NXN8_PICKU
OG0000824	YMR111C, YMR172W, YOL116W	
OG0000825	YMR125W	tr|A0A099NRW5|A0A099NRW5_PICKU, tr|A0A099P1G9|A0A099P1G9_PICKU
OG0000826	YMR128W	tr|A0A099NUG7|A0A099NUG7_PICKU, tr|A0A099NX50|A0A099NX50_PICKU
OG0000827	YMR140W	tr|A0A099P3A4|A0A099P3A4_PICKU, tr|A0A099P3J7|A0A099P3J7_PICKU
OG0000828	YMR155W	tr|A0A099NSS7|A0A099NSS7_PICKU, tr|A0A099P6D0|A0A099P6D0_PICKU
OG0000829	YMR162C	tr|A0A099NQL5|A0A099NQL5_PICKU, tr|A0A099P234|A0A099P234_PICKU
OG0000830	YMR168C	tr|A0A099NV39|A0A099NV39_PICKU, tr|A0A099P6S3|A0A099P6S3_PICKU
OG0000831	YMR169C, YMR170C	tr|A0A099NX86|A0A099NX86_PICKU
OG0000832	YMR177W, YPL224C	tr|A0A099P5N8|A0A099P5N8_PICKU
OG0000833	YMR183C, YPL232W	tr|A0A099NYI9|A0A099NYI9_PICKU
OG0000834	YMR186W	tr|A0A099NRQ2|A0A099NRQ2_PICKU, tr|A0A099P2R2|A0A099P2R2_PICKU
OG0000835	YMR200W	tr|A0A099NV20|A0A099NV20_PICKU, tr|A0A099P160|A0A099P160_PICKU
OG0000836	YMR202W	tr|A0A099NT79|A0A099NT79_PICKU, tr|A0A099NVR3|A0A099NVR3_PICKU
OG0000837	YMR213W	tr|A0A099NTK8|A0A099NTK8_PICKU, tr|A0A099P120|A0A099P120_PICKU
OG0000838	YMR214W	tr|A0A099NR08|A0A099NR08_PICKU, tr|A0A099P1M0|A0A099P1M0_PICKU
OG0000839	YMR223W	tr|A0A099NQD6|A0A099NQD6_PICKU, tr|A0A099NSF6|A0A099NSF6_PICKU
OG0000840	YMR229C	tr|A0A099NTL9|A0A099NTL9_PICKU, tr|A0A099NZW8|A0A099NZW8_PICKU
OG0000841	YMR230W, YOR293W	tr|A0A099P1I2|A0A099P1I2_PICKU
OG0000842	YMR234W	tr|A0A099P3T6|A0A099P3T6_PICKU, tr|A0A099P6I3|A0A099P6I3_PICKU
OG0000843	YMR236W	tr|A0A099P1S2|A0A099P1S2_PICKU, tr|A0A099P4R7|A0A099P4R7_PICKU
OG0000844	YMR237W, YOR299W	tr|A0A099P1V6|A0A099P1V6_PICKU
OG0000845	YMR243C, YOR316C	tr|A0A099P3V0|A0A099P3V0_PICKU
OG0000846	YMR244W	tr|A0A099P225|A0A099P225_PICKU, tr|A0A099P418|A0A099P418_PICKU
OG0000847	YMR253C, YPL264C	tr|A0A099P733|A0A099P733_PICKU
OG0000848	YMR269W	tr|A0A099NZ12|A0A099NZ12_PICKU, tr|A0A099NZ60|A0A099NZ60_PICKU
OG0000849	YMR272C	tr|A0A099NSW6|A0A099NSW6_PICKU, tr|A0A099NWY4|A0A099NWY4_PICKU
OG0000850	YMR276W	tr|A0A099NRZ6|A0A099NRZ6_PICKU, tr|A0A099NS38|A0A099NS38_PICKU
OG0000851	YMR301C	tr|A0A099NT37|A0A099NT37_PICKU, tr|A0A099NX88|A0A099NX88_PICKU
OG0000852	YMR302C	tr|A0A099NS09|A0A099NS09_PICKU, tr|A0A099P6F3|A0A099P6F3_PICKU
OG0000853	YMR316W, YNL165W, YOR385W	
OG0000854	YMR323W, YOR393W, YPL281C	
OG0000855	YNL023C	tr|A0A099NTK7|A0A099NTK7_PICKU, tr|A0A099NW95|A0A099NW95_PICKU
OG0000856	YNL026W	tr|A0A099NWL2|A0A099NWL2_PICKU, tr|A0A099P6Z3|A0A099P6Z3_PICKU
OG0000857	YNL039W	tr|A0A099NSL1|A0A099NSL1_PICKU, tr|A0A099P5Z6|A0A099P5Z6_PICKU
OG0000858	YNL040W	tr|A0A099NVY3|A0A099NVY3_PICKU, tr|A0A099NZH0|A0A099NZH0_PICKU
OG0000859	YNL042W	tr|A0A099P2M7|A0A099P2M7_PICKU, tr|A0A099P323|A0A099P323_PICKU
OG0000860	YNL072W	tr|A0A099NQY7|A0A099NQY7_PICKU, tr|A0A099P0U8|A0A099P0U8_PICKU
OG0000861	YNL085W	tr|A0A099NTR3|A0A099NTR3_PICKU, tr|A0A099NUP7|A0A099NUP7_PICKU
OG0000862	YNL091W	tr|A0A099P2G4|A0A099P2G4_PICKU, tr|A0A099P528|A0A099P528_PICKU
OG0000863	YNL094W	tr|A0A099NT30|A0A099NT30_PICKU, tr|A0A099P4C1|A0A099P4C1_PICKU
OG0000864	YNL096C, YOR096W	tr|A0A099P5W9|A0A099P5W9_PICKU
OG0000865	YNL097C	tr|A0A099NVB5|A0A099NVB5_PICKU, tr|A0A099NVD7|A0A099NVD7_PICKU
OG0000866	YNL098C, YOR101W	tr|A0A099P9B5|A0A099P9B5_PICKU
OG0000867	YNL106C, YOR109W	tr|A0A099P4F0|A0A099P4F0_PICKU
OG0000868	YNL108C, YOR110W	tr|A0A099P3U4|A0A099P3U4_PICKU
OG0000869	YNL128W	tr|A0A099NTC7|A0A099NTC7_PICKU, tr|A0A099NTZ8|A0A099NTZ8_PICKU
OG0000870	YNL152W	tr|A0A099NSE3|A0A099NSE3_PICKU, tr|A0A099P5R3|A0A099P5R3_PICKU
OG0000871	YNL155W	tr|A0A099NSI0|A0A099NSI0_PICKU, tr|A0A099P600|A0A099P600_PICKU
OG0000872	YNL217W	tr|A0A099NS54|A0A099NS54_PICKU, tr|A0A099P113|A0A099P113_PICKU
OG0000873	YNL219C	tr|A0A099NT85|A0A099NT85_PICKU, tr|A0A099P5R1|A0A099P5R1_PICKU
OG0000874	YNL220W	tr|A0A099NW22|A0A099NW22_PICKU, tr|A0A099NW65|A0A099NW65_PICKU
OG0000875	YNL222W	tr|A0A099NV97|A0A099NV97_PICKU, tr|A0A099P6U6|A0A099P6U6_PICKU
OG0000876	YNL223W	tr|A0A099NRW7|A0A099NRW7_PICKU, tr|A0A099P6Z5|A0A099P6Z5_PICKU
OG0000877	YNL242W	tr|A0A099NUP2|A0A099NUP2_PICKU, tr|A0A099NXP2|A0A099NXP2_PICKU
OG0000878	YNL250W	tr|A0A099NT92|A0A099NT92_PICKU, tr|A0A099P4R1|A0A099P4R1_PICKU
OG0000879	YNL262W	tr|A0A099NRP9|A0A099NRP9_PICKU, tr|A0A099NZX0|A0A099NZX0_PICKU
OG0000880	YNL271C	tr|A0A099NQV5|A0A099NQV5_PICKU, tr|A0A099P6X1|A0A099P6X1_PICKU
OG0000881	YNL274C	tr|A0A099NR67|A0A099NR67_PICKU, tr|A0A099P731|A0A099P731_PICKU
OG0000882	YNL290W	tr|A0A099P357|A0A099P357_PICKU, tr|A0A099P567|A0A099P567_PICKU
OG0000883	YNL293W, YOL112W	tr|A0A099P0E5|A0A099P0E5_PICKU
OG0000884	YNL299W, YOL115W	tr|A0A099P451|A0A099P451_PICKU
OG0000885	YNL301C, YOL120C	tr|A0A099NV09|A0A099NV09_PICKU
OG0000886	YNL320W	tr|A0A099NNZ1|A0A099NNZ1_PICKU, tr|A0A099NRC8|A0A099NRC8_PICKU
OG0000887	YNR016C	tr|A0A099NSP6|A0A099NSP6_PICKU, tr|A0A099P5S6|A0A099P5S6_PICKU
OG0000888	YNR038W	tr|A0A099NT24|A0A099NT24_PICKU, tr|A0A099P808|A0A099P808_PICKU
OG0000889	YNR043W	tr|A0A099P3F8|A0A099P3F8_PICKU, tr|A0A099P5A8|A0A099P5A8_PICKU
OG0000890	YNR050C	tr|A0A099NT13|A0A099NT13_PICKU, tr|A0A099NUW3|A0A099NUW3_PICKU
OG0000891	YNR052C	tr|A0A099NRG8|A0A099NRG8_PICKU, tr|A0A099NUT2|A0A099NUT2_PICKU
OG0000892	YOL023W	tr|A0A099NPA5|A0A099NPA5_PICKU, tr|A0A099P5M0|A0A099P5M0_PICKU
OG0000893	YOL030W	tr|A0A099NTF1|A0A099NTF1_PICKU, tr|A0A099NVX7|A0A099NVX7_PICKU
OG0000894	YOL041C	tr|A0A099NRK3|A0A099NRK3_PICKU, tr|A0A099P7N1|A0A099P7N1_PICKU
OG0000895	YOL066C	tr|A0A099NS62|A0A099NS62_PICKU, tr|A0A099P1N3|A0A099P1N3_PICKU
OG0000896	YOL067C	tr|A0A099NSV8|A0A099NSV8_PICKU, tr|A0A099P6U3|A0A099P6U3_PICKU
OG0000897	YOL075C	tr|A0A099P152|A0A099P152_PICKU, tr|A0A099P2W9|A0A099P2W9_PICKU
OG0000898	YOL093W	tr|A0A099NTG0|A0A099NTG0_PICKU, tr|A0A099P6B9|A0A099P6B9_PICKU
OG0000899	YOL096C	tr|A0A099NUS2|A0A099NUS2_PICKU, tr|A0A099NWQ2|A0A099NWQ2_PICKU
OG0000900	YOL110W	tr|A0A099NRP8|A0A099NRP8_PICKU, tr|A0A099NZV3|A0A099NZV3_PICKU
OG0000901	YOL137W	tr|A0A099NTH6|A0A099NTH6_PICKU, tr|A0A099NVY2|A0A099NVY2_PICKU
OG0000902	YOL146W	tr|A0A099NRL2|A0A099NRL2_PICKU, tr|A0A099P5Q3|A0A099P5Q3_PICKU
OG0000903	YOL148C	tr|A0A099NTD7|A0A099NTD7_PICKU, tr|A0A099P3F5|A0A099P3F5_PICKU
OG0000904	YOR022C	tr|A0A099NU11|A0A099NU11_PICKU, tr|A0A099P0T9|A0A099P0T9_PICKU
OG0000905	YOR038C	tr|A0A099NSZ8|A0A099NSZ8_PICKU, tr|A0A099P5H8|A0A099P5H8_PICKU
OG0000906	YOR057W	tr|A0A099NQJ6|A0A099NQJ6_PICKU, tr|A0A099P7M9|A0A099P7M9_PICKU
OG0000907	YOR118W	tr|A0A099NRX5|A0A099NRX5_PICKU, tr|A0A099NSI1|A0A099NSI1_PICKU
OG0000908	YOR130C	tr|A0A099NTM7|A0A099NTM7_PICKU, tr|A0A099P163|A0A099P163_PICKU
OG0000909	YOR142W	tr|A0A099NS99|A0A099NS99_PICKU, tr|A0A099P335|A0A099P335_PICKU
OG0000910	YOR160W	tr|A0A099NV67|A0A099NV67_PICKU, tr|A0A099NW63|A0A099NW63_PICKU
OG0000911	YOR188W	tr|A0A099NVE1|A0A099NVE1_PICKU, tr|A0A099P352|A0A099P352_PICKU
OG0000912	YOR191W	tr|A0A099NRI7|A0A099NRI7_PICKU, tr|A0A099NWR8|A0A099NWR8_PICKU
OG0000913	YOR194C	tr|A0A099NTB7|A0A099NTB7_PICKU, tr|A0A099P4I4|A0A099P4I4_PICKU
OG0000914	YOR195W	tr|A0A099NVA3|A0A099NVA3_PICKU, tr|A0A099P2B3|A0A099P2B3_PICKU
OG0000915	YOR202W	tr|A0A099NR80|A0A099NR80_PICKU, tr|A0A099P4X3|A0A099P4X3_PICKU
OG0000916	YOR204W, YPL119C	tr|A0A099NTM2|A0A099NTM2_PICKU
OG0000917	YOR209C	tr|A0A099NRN3|A0A099NRN3_PICKU, tr|A0A099P3A9|A0A099P3A9_PICKU
OG0000918	YOR213C, YPL129W	tr|A0A099P337|A0A099P337_PICKU
OG0000919	YOR222W, YPL134C	tr|A0A099NPZ8|A0A099NPZ8_PICKU
OG0000920	YOR227W, YPL137C	tr|A0A099NV02|A0A099NV02_PICKU
OG0000921	YOR229W, YOR230W, YPL139C	
OG0000922	YOR231W, YPL140C	tr|A0A099NV69|A0A099NV69_PICKU
OG0000923	YOR234C, YPL143W	tr|A0A099NV50|A0A099NV50_PICKU
OG0000924	YOR237W, YPL145C	tr|A0A099P0D7|A0A099P0D7_PICKU
OG0000925	YOR238W	tr|A0A099NTV7|A0A099NTV7_PICKU, tr|A0A099NXE7|A0A099NXE7_PICKU
OG0000926	YOR242C	tr|A0A099NNP0|A0A099NNP0_PICKU, tr|A0A099NPK3|A0A099NPK3_PICKU
OG0000927	YOR256C, YPL176C	tr|A0A099NVA4|A0A099NVA4_PICKU
OG0000928	YOR257W	tr|A0A099NSN8|A0A099NSN8_PICKU, tr|A0A099NX71|A0A099NX71_PICKU
OG0000929	YOR260W	tr|A0A099NNZ9|A0A099NNZ9_PICKU, tr|A0A099NR13|A0A099NR13_PICKU
OG0000930	YOR261C	tr|A0A099NY77|A0A099NY77_PICKU, tr|A0A099P5P6|A0A099P5P6_PICKU
OG0000931	YOR285W	tr|A0A099NV94|A0A099NV94_PICKU, tr|A0A099NV99|A0A099NV99_PICKU
OG0000932	YOR303W	tr|A0A099NTH7|A0A099NTH7_PICKU, tr|A0A099NW10|A0A099NW10_PICKU
OG0000933	YOR315W	tr|A0A099NRW3|A0A099NRW3_PICKU, tr|A0A099P1P7|A0A099P1P7_PICKU
OG0000934	YOR317W	tr|A0A099NRJ3|A0A099NRJ3_PICKU, tr|A0A099P4D7|A0A099P4D7_PICKU
OG0000935	YOR335C	tr|A0A099NVF9|A0A099NVF9_PICKU, tr|A0A099P4F1|A0A099P4F1_PICKU
OG0000936	YOR344C	tr|A0A099NTU9|A0A099NTU9_PICKU, tr|A0A099NVR1|A0A099NVR1_PICKU
OG0000937	YOR346W	tr|A0A099NRY3|A0A099NRY3_PICKU, tr|A0A099P6G7|A0A099P6G7_PICKU
OG0000938	YOR355W	tr|A0A099NRN5|A0A099NRN5_PICKU, tr|A0A099NZT0|A0A099NZT0_PICKU
OG0000939	YOR358W	tr|A0A099NS74|A0A099NS74_PICKU, tr|A0A099NZM8|A0A099NZM8_PICKU
OG0000940	YOR361C	tr|A0A099NSA0|A0A099NSA0_PICKU, tr|A0A099P7W8|A0A099P7W8_PICKU
OG0000941	YOR388C, YPL275W, YPL276W	
OG0000942	YOR389W, YPL277C, YPL278C	
OG0000943	YPL001W	tr|A0A099NST5|A0A099NST5_PICKU, tr|A0A099P0H4|A0A099P0H4_PICKU
OG0000944	YPL058C	tr|A0A099P2W2|A0A099P2W2_PICKU, tr|A0A099P6P1|A0A099P6P1_PICKU
OG0000945	YPL059W	tr|A0A099NVJ5|A0A099NVJ5_PICKU, tr|A0A099P167|A0A099P167_PICKU
OG0000946	YPL069C	tr|A0A099P8B5|A0A099P8B5_PICKU, tr|A0A099P8Y5|A0A099P8Y5_PICKU
OG0000947	YPL083C	tr|A0A099NZ95|A0A099NZ95_PICKU, tr|A0A099P1P4|A0A099P1P4_PICKU
OG0000948	YPL088W, YPR127W	tr|A0A099P483|A0A099P483_PICKU
OG0000949	YPL107W	tr|A0A099NSK7|A0A099NSK7_PICKU, tr|A0A099NUI8|A0A099NUI8_PICKU
OG0000950	YPL110C	tr|A0A099NU33|A0A099NU33_PICKU, tr|A0A099P595|A0A099P595_PICKU
OG0000951	YPL125W	tr|A0A099NPK7|A0A099NPK7_PICKU, tr|A0A099P000|A0A099P000_PICKU
OG0000952	YPL133C	tr|A0A099P2T5|A0A099P2T5_PICKU, tr|A0A099P2Z7|A0A099P2Z7_PICKU
OG0000953	YPL153C	tr|A0A099NQP2|A0A099NQP2_PICKU, tr|A0A099P0Q9|A0A099P0Q9_PICKU
OG0000954	YPL155C	tr|A0A099NR85|A0A099NR85_PICKU, tr|A0A099P8S1|A0A099P8S1_PICKU
OG0000955	YPL199C	tr|A0A099NP31|A0A099NP31_PICKU, tr|A0A099P8H4|A0A099P8H4_PICKU
OG0000956	YPL209C	tr|A0A099NS88|A0A099NS88_PICKU, tr|A0A099NYX8|A0A099NYX8_PICKU
OG0000957	YPL242C	tr|A0A099NTH8|A0A099NTH8_PICKU, tr|A0A099P0D2|A0A099P0D2_PICKU
OG0000958	YPL248C	tr|A0A099NUC7|A0A099NUC7_PICKU, tr|A0A099P1T2|A0A099P1T2_PICKU
OG0000959	YPR019W	tr|A0A099NSP7|A0A099NSP7_PICKU, tr|A0A099P0X2|A0A099P0X2_PICKU
OG0000960	YPR036W	tr|A0A099NVA9|A0A099NVA9_PICKU, tr|A0A099NWM8|A0A099NWM8_PICKU
OG0000961	YPR047W	tr|A0A099NJ08|A0A099NJ08_PICKU, tr|A0A099P5D3|A0A099P5D3_PICKU
OG0000962	YPR084W	tr|A0A099NSS0|A0A099NSS0_PICKU, tr|A0A099P2N5|A0A099P2N5_PICKU
OG0000963	YPR103W	tr|A0A099NRF9|A0A099NRF9_PICKU, tr|A0A099NVB2|A0A099NVB2_PICKU
OG0000964	YPR104C	tr|A0A099NQU0|A0A099NQU0_PICKU, tr|A0A099NXD6|A0A099NXD6_PICKU
OG0000965	YPR107C	tr|A0A099NTP1|A0A099NTP1_PICKU, tr|A0A099NZA4|A0A099NZA4_PICKU
OG0000966	YPR108W	tr|A0A099NRS8|A0A099NRS8_PICKU, tr|A0A099P340|A0A099P340_PICKU
OG0000967	YPR178W	tr|A0A099NTP9|A0A099NTP9_PICKU, tr|A0A099P4P9|A0A099P4P9_PICKU
OG0000968	YPR185W	tr|A0A099NRQ0|A0A099NRQ0_PICKU, tr|A0A099P051|A0A099P051_PICKU
OG0000969		tr|A0A099NUB1|A0A099NUB1_PICKU, tr|A0A099P5I8|A0A099P5I8_PICKU, tr|A0A099P7R4|A0A099P7R4_PICKU
OG0000970		tr|A0A099NW45|A0A099NW45_PICKU, tr|A0A099P4Q4|A0A099P4Q4_PICKU, tr|A0A099P4Z6|A0A099P4Z6_PICKU
OG0000971		tr|A0A099NYF5|A0A099NYF5_PICKU, tr|A0A099NZ55|A0A099NZ55_PICKU, tr|A0A099P412|A0A099P412_PICKU
OG0000972		tr|A0A099NPS6|A0A099NPS6_PICKU, tr|A0A099NPT1|A0A099NPT1_PICKU, tr|A0A099P0C3|A0A099P0C3_PICKU
OG0000973		tr|A0A099NU75|A0A099NU75_PICKU, tr|A0A099P0M9|A0A099P0M9_PICKU, tr|A0A099P681|A0A099P681_PICKU
OG0000974		tr|A0A099NS78|A0A099NS78_PICKU, tr|A0A099P1K8|A0A099P1K8_PICKU, tr|A0A099P904|A0A099P904_PICKU
OG0000975		tr|A0A099NT54|A0A099NT54_PICKU, tr|A0A099P2Q8|A0A099P2Q8_PICKU, tr|A0A099P2T1|A0A099P2T1_PICKU
OG0000976		tr|A0A099NUS4|A0A099NUS4_PICKU, tr|A0A099P2Z0|A0A099P2Z0_PICKU, tr|A0A099P804|A0A099P804_PICKU
OG0000977		tr|A0A099NRP3|A0A099NRP3_PICKU, tr|A0A099NTV5|A0A099NTV5_PICKU, tr|A0A099P573|A0A099P573_PICKU
OG0000978		tr|A0A099NU12|A0A099NU12_PICKU, tr|A0A099P5L1|A0A099P5L1_PICKU, tr|A0A099P5S2|A0A099P5S2_PICKU
OG0000979		tr|A0A099NUE4|A0A099NUE4_PICKU, tr|A0A099P1D5|A0A099P1D5_PICKU, tr|A0A099P6G2|A0A099P6G2_PICKU
OG0000980		tr|A0A099NIE9|A0A099NIE9_PICKU, tr|A0A099NTD8|A0A099NTD8_PICKU, tr|A0A099NTZ0|A0A099NTZ0_PICKU
OG0000981		tr|A0A099NKP7|A0A099NKP7_PICKU, tr|A0A099P2F2|A0A099P2F2_PICKU, tr|A0A099P512|A0A099P512_PICKU
OG0000982		tr|A0A099NNY7|A0A099NNY7_PICKU, tr|A0A099NRE0|A0A099NRE0_PICKU, tr|A0A099NTZ2|A0A099NTZ2_PICKU
OG0000983		tr|A0A099NPT5|A0A099NPT5_PICKU, tr|A0A099NRU2|A0A099NRU2_PICKU, tr|A0A099NWK3|A0A099NWK3_PICKU
OG0000984		tr|A0A099NQ53|A0A099NQ53_PICKU, tr|A0A099NQR0|A0A099NQR0_PICKU, tr|A0A099NWS4|A0A099NWS4_PICKU
OG0000985		tr|A0A099NQR2|A0A099NQR2_PICKU, tr|A0A099NT77|A0A099NT77_PICKU, tr|A0A099P230|A0A099P230_PICKU
OG0000986		tr|A0A099NR73|A0A099NR73_PICKU, tr|A0A099NZ02|A0A099NZ02_PICKU, tr|A0A099P2L4|A0A099P2L4_PICKU
OG0000987		tr|A0A099NRM1|A0A099NRM1_PICKU, tr|A0A099NW94|A0A099NW94_PICKU, tr|A0A099NWA7|A0A099NWA7_PICKU
OG0000988		tr|A0A099NRP1|A0A099NRP1_PICKU, tr|A0A099NSY1|A0A099NSY1_PICKU, tr|A0A099P3B9|A0A099P3B9_PICKU
OG0000989		tr|A0A099NRT9|A0A099NRT9_PICKU, tr|A0A099P4F5|A0A099P4F5_PICKU, tr|A0A099P777|A0A099P777_PICKU
OG0000990		tr|A0A099NRX6|A0A099NRX6_PICKU, tr|A0A099NTS3|A0A099NTS3_PICKU, tr|A0A099NYH0|A0A099NYH0_PICKU
OG0000991		tr|A0A099NSC1|A0A099NSC1_PICKU, tr|A0A099NUY1|A0A099NUY1_PICKU, tr|A0A099NXB4|A0A099NXB4_PICKU
OG0000992		tr|A0A099NSJ5|A0A099NSJ5_PICKU, tr|A0A099P117|A0A099P117_PICKU, tr|A0A099P3A3|A0A099P3A3_PICKU
OG0000993		tr|A0A099NT65|A0A099NT65_PICKU, tr|A0A099NTN4|A0A099NTN4_PICKU, tr|A0A099NWZ5|A0A099NWZ5_PICKU
OG0000994		tr|A0A099NT66|A0A099NT66_PICKU, tr|A0A099NUM9|A0A099NUM9_PICKU, tr|A0A099NZQ3|A0A099NZQ3_PICKU
OG0000995		tr|A0A099NT90|A0A099NT90_PICKU, tr|A0A099P151|A0A099P151_PICKU, tr|A0A099P5A3|A0A099P5A3_PICKU
OG0000996		tr|A0A099NTQ8|A0A099NTQ8_PICKU, tr|A0A099NXQ4|A0A099NXQ4_PICKU, tr|A0A099P0F8|A0A099P0F8_PICKU
OG0000997		tr|A0A099NTW4|A0A099NTW4_PICKU, tr|A0A099NUY3|A0A099NUY3_PICKU, tr|A0A099NWG2|A0A099NWG2_PICKU
OG0000998		tr|A0A099NUF8|A0A099NUF8_PICKU, tr|A0A099NXM7|A0A099NXM7_PICKU, tr|A0A099P0L7|A0A099P0L7_PICKU
OG0000999		tr|A0A099NUS1|A0A099NUS1_PICKU, tr|A0A099NVE6|A0A099NVE6_PICKU, tr|A0A099P2U7|A0A099P2U7_PICKU
OG0001000		tr|A0A099NUX2|A0A099NUX2_PICKU, tr|A0A099NW88|A0A099NW88_PICKU, tr|A0A099P2P5|A0A099P2P5_PICKU
OG0001001		tr|A0A099NVE8|A0A099NVE8_PICKU, tr|A0A099NW39|A0A099NW39_PICKU, tr|A0A099P1Y0|A0A099P1Y0_PICKU
OG0001002		tr|A0A099NXZ2|A0A099NXZ2_PICKU, tr|A0A099NXZ5|A0A099NXZ5_PICKU, tr|A0A099NYE9|A0A099NYE9_PICKU
OG0001003		tr|A0A099NYC2|A0A099NYC2_PICKU, tr|A0A099P0R8|A0A099P0R8_PICKU, tr|A0A099P4W7|A0A099P4W7_PICKU
OG0001004	YAL001C	tr|A0A099P487|A0A099P487_PICKU
OG0001005	YAL002W	tr|A0A099P0T3|A0A099P0T3_PICKU
OG0001006	YAL003W	tr|A0A099NQI7|A0A099NQI7_PICKU
OG0001007	YAL007C, YOR016C	
OG0001008	YAL009W	tr|A0A099P2F0|A0A099P2F0_PICKU
OG0001009	YAL010C	tr|A0A099P223|A0A099P223_PICKU
OG0001010	YAL016W	tr|A0A099P079|A0A099P079_PICKU
OG0001011	YAL023C	tr|A0A099P8K1|A0A099P8K1_PICKU
OG0001012	YAL025C	tr|A0A099P140|A0A099P140_PICKU
OG0001013	YAL026C	tr|A0A099NYW6|A0A099NYW6_PICKU
OG0001014	YAL028W, YOR324C	
OG0001015	YAL032C	tr|A0A099P5N6|A0A099P5N6_PICKU
OG0001016	YAL034W-A	tr|A0A099P2H5|A0A099P2H5_PICKU
OG0001017	YAL035W	tr|A0A099P862|A0A099P862_PICKU
OG0001018	YAL036C	tr|A0A099P259|A0A099P259_PICKU
OG0001019	YAL037W, YOR342C	
OG0001020	YAL038W	tr|A0A099NUR5|A0A099NUR5_PICKU
OG0001021	YAL039C	tr|A0A099P019|A0A099P019_PICKU
OG0001022	YAL042W	tr|A0A099NY70|A0A099NY70_PICKU
OG0001023	YAL043C	tr|A0A099P2X2|A0A099P2X2_PICKU
OG0001024	YAL044W-A	tr|A0A099NTP8|A0A099NTP8_PICKU
OG0001025	YAL046C	tr|A0A099P6C3|A0A099P6C3_PICKU
OG0001026	YAL048C	tr|A0A099NZ77|A0A099NZ77_PICKU
OG0001027	YAL051W, YOR363C	
OG0001028	YAL053W	tr|A0A099P3S2|A0A099P3S2_PICKU
OG0001029	YAL054C	tr|A0A099P6G3|A0A099P6G3_PICKU
OG0001030	YAL058W	tr|A0A099P6N3|A0A099P6N3_PICKU
OG0001031	YAL059W	tr|A0A099NYW1|A0A099NYW1_PICKU
OG0001032	YAL060W	tr|A0A099P1I6|A0A099P1I6_PICKU
OG0001033	YAL067C	tr|A0A099NVG2|A0A099NVG2_PICKU
OG0001034	YAL069W, YOR394C-A	
OG0001035	YAR002C-A, YGL002W	
OG0001036	YAR003W	tr|A0A099P5R6|A0A099P5R6_PICKU
OG0001037	YAR007C	tr|A0A099NXF2|A0A099NXF2_PICKU
OG0001038	YAR008W	tr|A0A099NX93|A0A099NX93_PICKU
OG0001039	YAR014C	tr|A0A099P616|A0A099P616_PICKU
OG0001040	YAR015W	tr|A0A099NYJ9|A0A099NYJ9_PICKU
OG0001041	YAR035W	tr|A0A099P0Q2|A0A099P0Q2_PICKU
OG0001042	YAR060C, YHR212C	
OG0001043	YAR064W, YHR213W-B	
OG0001044	YAR068W, YHR214W-A	
OG0001045	YAR069C, YHR214C-D	
OG0001046	YAR070C, YHR214C-E	
OG0001047	YAR073W, YHR216W	
OG0001048	YAR075W	tr|A0A099NT87|A0A099NT87_PICKU
OG0001049	YBL001C	tr|A0A099P1V2|A0A099P1V2_PICKU
OG0001050	YBL004W	tr|A0A099NZV4|A0A099NZV4_PICKU
OG0001051	YBL008W	tr|A0A099P790|A0A099P790_PICKU
OG0001052	YBL009W, YGL021W	
OG0001053	YBL011W	tr|A0A099NWY9|A0A099NWY9_PICKU
OG0001054	YBL013W	tr|A0A099NZH8|A0A099NZH8_PICKU
OG0001055	YBL014C	tr|A0A099NYZ4|A0A099NYZ4_PICKU
OG0001056	YBL015W	tr|A0A099NXH0|A0A099NXH0_PICKU
OG0001057	YBL016W	tr|A0A099P843|A0A099P843_PICKU
OG0001058	YBL019W	tr|A0A099NZ90|A0A099NZ90_PICKU
OG0001059	YBL021C	tr|A0A099P9I4|A0A099P9I4_PICKU
OG0001060	YBL024W	tr|A0A099P1M9|A0A099P1M9_PICKU
OG0001061	YBL026W, YPR182W	
OG0001062	YBL029W	tr|A0A099P701|A0A099P701_PICKU
OG0001063	YBL030C	tr|A0A099P8G2|A0A099P8G2_PICKU
OG0001064	YBL032W	tr|A0A099P8A8|A0A099P8A8_PICKU
OG0001065	YBL033C	tr|A0A099P6A8|A0A099P6A8_PICKU
OG0001066	YBL035C	tr|A0A099P8P3|A0A099P8P3_PICKU
OG0001067	YBL036C	tr|A0A099P984|A0A099P984_PICKU
OG0001068	YBL038W	tr|A0A099P7P3|A0A099P7P3_PICKU
OG0001069	YBL039C	tr|A0A099NZS5|A0A099NZS5_PICKU
OG0001070	YBL040C	tr|A0A099NTY9|A0A099NTY9_PICKU
OG0001071	YBL041W	tr|A0A099NZN2|A0A099NZN2_PICKU
OG0001072	YBL043W, YJR115W	
OG0001073	YBL049W	tr|A0A099P682|A0A099P682_PICKU
OG0001074	YBL050W	tr|A0A099NVA5|A0A099NVA5_PICKU
OG0001075	YBL052C	tr|A0A099NWX5|A0A099NWX5_PICKU
OG0001076	YBL055C	tr|A0A099NV52|A0A099NV52_PICKU
OG0001077	YBL057C	tr|A0A099NWY1|A0A099NWY1_PICKU
OG0001078	YBL058W	tr|A0A099NX13|A0A099NX13_PICKU
OG0001079	YBL059C-A	tr|A0A099P732|A0A099P732_PICKU
OG0001080	YBL059W, YER093C-A	
OG0001081	YBL063W	tr|A0A099P0T8|A0A099P0T8_PICKU
OG0001082	YBL064C	tr|A0A099P4T4|A0A099P4T4_PICKU
OG0001083	YBL066C	tr|A0A099P706|A0A099P706_PICKU
OG0001084	YBL068W, YER099C	
OG0001085	YBL076C	tr|A0A099P7G1|A0A099P7G1_PICKU
OG0001086	YBL080C	tr|A0A099P564|A0A099P564_PICKU
OG0001087	YBL082C	tr|A0A099P572|A0A099P572_PICKU
OG0001088	YBL086C	tr|A0A099NWH6|A0A099NWH6_PICKU
OG0001089	YBL091C	tr|A0A099P369|A0A099P369_PICKU
OG0001090	YBL092W	tr|A0A099NYF4|A0A099NYF4_PICKU
OG0001091	YBL093C	tr|A0A099NW84|A0A099NW84_PICKU
OG0001092	YBL095W	tr|A0A099P6Y7|A0A099P6Y7_PICKU
OG0001093	YBL097W	tr|A0A099P6H7|A0A099P6H7_PICKU
OG0001094	YBL098W	tr|A0A099P499|A0A099P499_PICKU
OG0001095	YBL099W	tr|A0A099P366|A0A099P366_PICKU
OG0001096	YBL102W	tr|A0A099P055|A0A099P055_PICKU
OG0001097	YBL103C	tr|A0A099NZY0|A0A099NZY0_PICKU
OG0001098	YBL104C	tr|A0A099P4A8|A0A099P4A8_PICKU
OG0001099	YBL105C	tr|A0A099P463|A0A099P463_PICKU
OG0001100	YBL107C	tr|A0A099NY82|A0A099NY82_PICKU
OG0001101	YBR002C	tr|A0A099P064|A0A099P064_PICKU
OG0001102	YBR003W	tr|A0A099P1Y3|A0A099P1Y3_PICKU
OG0001103	YBR006W	tr|A0A099P267|A0A099P267_PICKU
OG0001104	YBR011C	tr|A0A099P2X4|A0A099P2X4_PICKU
OG0001105	YBR016W, YDL012C	
OG0001106	YBR017C	tr|A0A099P3X1|A0A099P3X1_PICKU
OG0001107	YBR020W, YDR009W	
OG0001108	YBR021W, YIR028W	
OG0001109	YBR022W	tr|A0A099P9D6|A0A099P9D6_PICKU
OG0001110	YBR025C	tr|A0A099P621|A0A099P621_PICKU
OG0001111	YBR026C	tr|A0A099P1P0|A0A099P1P0_PICKU
OG0001112	YBR029C	tr|A0A099P1J2|A0A099P1J2_PICKU
OG0001113	YBR034C	tr|A0A099P7P9|A0A099P7P9_PICKU
OG0001114	YBR035C	tr|A0A099P1D1|A0A099P1D1_PICKU
OG0001115	YBR038W	tr|A0A099NZG4|A0A099NZG4_PICKU
OG0001116	YBR039W	tr|A0A099P705|A0A099P705_PICKU
OG0001117	YBR042C, YDR018C	
OG0001118	YBR043C	tr|A0A099P2H8|A0A099P2H8_PICKU
OG0001119	YBR046C	tr|A0A099NZX1|A0A099NZX1_PICKU
OG0001120	YBR055C	tr|A0A099P7V6|A0A099P7V6_PICKU
OG0001121	YBR056W	tr|A0A099P1K7|A0A099P1K7_PICKU
OG0001122	YBR057C	tr|A0A099P048|A0A099P048_PICKU
OG0001123	YBR060C	tr|A0A099P202|A0A099P202_PICKU
OG0001124	YBR061C	tr|A0A099P983|A0A099P983_PICKU
OG0001125	YBR062C	tr|A0A099P9T1|A0A099P9T1_PICKU
OG0001126	YBR065C	tr|A0A099P9D0|A0A099P9D0_PICKU
OG0001127	YBR068C, YDR046C	
OG0001128	YBR074W	tr|A0A099P5E8|A0A099P5E8_PICKU
OG0001129	YBR079C	tr|A0A099P1V0|A0A099P1V0_PICKU
OG0001130	YBR080C	tr|A0A099NXH5|A0A099NXH5_PICKU
OG0001131	YBR084W	tr|A0A099P6W0|A0A099P6W0_PICKU
OG0001132	YBR086C	tr|A0A099P6C1|A0A099P6C1_PICKU
OG0001133	YBR087W	tr|A0A099P5P7|A0A099P5P7_PICKU
OG0001134	YBR088C	tr|A0A099P7Z7|A0A099P7Z7_PICKU
OG0001135	YBR094W	tr|A0A099P1K4|A0A099P1K4_PICKU
OG0001136	YBR096W	tr|A0A099P125|A0A099P125_PICKU
OG0001137	YBR097W	tr|A0A099P5L4|A0A099P5L4_PICKU
OG0001138	YBR098W	tr|A0A099P7Z2|A0A099P7Z2_PICKU
OG0001139	YBR101C	tr|A0A099P7Y7|A0A099P7Y7_PICKU
OG0001140	YBR102C	tr|A0A099NY12|A0A099NY12_PICKU
OG0001141	YBR103W	tr|A0A099P5A1|A0A099P5A1_PICKU
OG0001142	YBR106W	tr|A0A099P883|A0A099P883_PICKU
OG0001143	YBR108W	tr|A0A099NXA8|A0A099NXA8_PICKU
OG0001144	YBR110W	tr|A0A099NYM2|A0A099NYM2_PICKU
OG0001145	YBR111C	tr|A0A099P6C9|A0A099P6C9_PICKU
OG0001146	YBR111W-A	tr|A0A099P3R6|A0A099P3R6_PICKU
OG0001147	YBR112C	tr|A0A099P5R0|A0A099P5R0_PICKU
OG0001148	YBR120C	tr|A0A099P6L4|A0A099P6L4_PICKU
OG0001149	YBR121C	tr|A0A099P4B5|A0A099P4B5_PICKU
OG0001150	YBR123C	tr|A0A099P1Y6|A0A099P1Y6_PICKU
OG0001151	YBR125C	tr|A0A099P468|A0A099P468_PICKU
OG0001152	YBR126C	tr|A0A099P4Q7|A0A099P4Q7_PICKU
OG0001153	YBR127C	tr|A0A099P7S4|A0A099P7S4_PICKU
OG0001154	YBR132C	tr|A0A099NYF8|A0A099NYF8_PICKU
OG0001155	YBR133C	tr|A0A099P4J1|A0A099P4J1_PICKU
OG0001156	YBR135W	tr|A0A099P2A8|A0A099P2A8_PICKU
OG0001157	YBR136W	tr|A0A099P2A3|A0A099P2A3_PICKU
OG0001158	YBR139W	tr|A0A099NYW4|A0A099NYW4_PICKU
OG0001159	YBR140C, YOL081W	
OG0001160	YBR143C	tr|A0A099NYK8|A0A099NYK8_PICKU
OG0001161	YBR146W	tr|A0A099P2C4|A0A099P2C4_PICKU
OG0001162	YBR149W	tr|A0A099P4R3|A0A099P4R3_PICKU
OG0001163	YBR151W	tr|A0A099P2Q2|A0A099P2Q2_PICKU
OG0001164	YBR154C	tr|A0A099NZX9|A0A099NZX9_PICKU
OG0001165	YBR158W	tr|A0A099P691|A0A099P691_PICKU
OG0001166	YBR159W	tr|A0A099P4V3|A0A099P4V3_PICKU
OG0001167	YBR160W	tr|A0A099P728|A0A099P728_PICKU
OG0001168	YBR162C	tr|A0A099P208|A0A099P208_PICKU
OG0001169	YBR166C	tr|A0A099P540|A0A099P540_PICKU
OG0001170	YBR167C	tr|A0A099P7J3|A0A099P7J3_PICKU
OG0001171	YBR170C	tr|A0A099NWB3|A0A099NWB3_PICKU
OG0001172	YBR171W	tr|A0A099P446|A0A099P446_PICKU
OG0001173	YBR176W	tr|A0A099NZZ9|A0A099NZZ9_PICKU
OG0001174	YBR179C	tr|A0A099NUU8|A0A099NUU8_PICKU
OG0001175	YBR182C	tr|A0A099P173|A0A099P173_PICKU
OG0001176	YBR185C	tr|A0A099NWK5|A0A099NWK5_PICKU
OG0001177	YBR187W	tr|A0A099P010|A0A099P010_PICKU
OG0001178	YBR189W, YPL081W	
OG0001179	YBR192W	tr|A0A099NY67|A0A099NY67_PICKU
OG0001180	YBR193C	tr|A0A099P054|A0A099P054_PICKU
OG0001181	YBR195C	tr|A0A099P5D6|A0A099P5D6_PICKU
OG0001182	YBR196C	tr|A0A099P436|A0A099P436_PICKU
OG0001183	YBR197C, YPL077C	
OG0001184	YBR199W	tr|A0A099P6V1|A0A099P6V1_PICKU
OG0001185	YBR200W	tr|A0A099NXH9|A0A099NXH9_PICKU
OG0001186	YBR202W	tr|A0A099P1Z6|A0A099P1Z6_PICKU
OG0001187	YBR204C	tr|A0A099NYQ8|A0A099NYQ8_PICKU
OG0001188	YBR207W	tr|A0A099NYB5|A0A099NYB5_PICKU
OG0001189	YBR213W	tr|A0A099P2R3|A0A099P2R3_PICKU
OG0001190	YBR215W	tr|A0A099P2S1|A0A099P2S1_PICKU
OG0001191	YBR221C	tr|A0A099NUP4|A0A099NUP4_PICKU
OG0001192	YBR223C	tr|A0A099NXD4|A0A099NXD4_PICKU
OG0001193	YBR228W	tr|A0A099P954|A0A099P954_PICKU
OG0001194	YBR229C	tr|A0A099P739|A0A099P739_PICKU
OG0001195	YBR231C	tr|A0A099P557|A0A099P557_PICKU
OG0001196	YBR233W	tr|A0A099P7E0|A0A099P7E0_PICKU
OG0001197	YBR234C	tr|A0A099P4L1|A0A099P4L1_PICKU
OG0001198	YBR235W	tr|A0A099NW06|A0A099NW06_PICKU
OG0001199	YBR236C	tr|A0A099NWZ0|A0A099NWZ0_PICKU
OG0001200	YBR239C	tr|A0A099NZP8|A0A099NZP8_PICKU
OG0001201	YBR243C	tr|A0A099P253|A0A099P253_PICKU
OG0001202	YBR245C	tr|A0A099P936|A0A099P936_PICKU
OG0001203	YBR246W	tr|A0A099P6B3|A0A099P6B3_PICKU
OG0001204	YBR247C	tr|A0A099P891|A0A099P891_PICKU
OG0001205	YBR248C	tr|A0A099P828|A0A099P828_PICKU
OG0001206	YBR249C	tr|A0A099P629|A0A099P629_PICKU
OG0001207	YBR251W	tr|A0A099P0W1|A0A099P0W1_PICKU
OG0001208	YBR252W	tr|A0A099NTD5|A0A099NTD5_PICKU
OG0001209	YBR255C-A	tr|A0A099P3M4|A0A099P3M4_PICKU
OG0001210	YBR256C	tr|A0A099P6Y6|A0A099P6Y6_PICKU
OG0001211	YBR257W	tr|A0A099P1Q0|A0A099P1Q0_PICKU
OG0001212	YBR260C	tr|A0A099NWG3|A0A099NWG3_PICKU
OG0001213	YBR261C	tr|A0A099NUU1|A0A099NUU1_PICKU
OG0001214	YBR262C	tr|A0A099NYU6|A0A099NYU6_PICKU
OG0001215	YBR263W	tr|A0A099NRZ8|A0A099NRZ8_PICKU
OG0001216	YBR265W	tr|A0A099NYI2|A0A099NYI2_PICKU
OG0001217	YBR267W	tr|A0A099P5U4|A0A099P5U4_PICKU
OG0001218	YBR269C	tr|A0A099P5G0|A0A099P5G0_PICKU
OG0001219	YBR274W	tr|A0A099P2S9|A0A099P2S9_PICKU
OG0001220	YBR276C	tr|A0A099P508|A0A099P508_PICKU
OG0001221	YBR277C, YJL064W	
OG0001222	YBR282W	tr|A0A099P6T3|A0A099P6T3_PICKU
OG0001223	YBR283C	tr|A0A099NXC6|A0A099NXC6_PICKU
OG0001224	YBR284W, YJL070C	
OG0001225	YBR286W	tr|A0A099P6Q7|A0A099P6Q7_PICKU
OG0001226	YBR287W	tr|A0A099P2F8|A0A099P2F8_PICKU
OG0001227	YBR289W	tr|A0A099NUF5|A0A099NUF5_PICKU
OG0001228	YBR290W	tr|A0A099NWW2|A0A099NWW2_PICKU
OG0001229	YBR291C	tr|A0A099NWT8|A0A099NWT8_PICKU
OG0001230	YBR298C-A, YGR291C	
OG0001231	YBR300C, YGR293C	
OG0001232	YCL001W	tr|A0A099NVY5|A0A099NVY5_PICKU
OG0001233	YCL004W	tr|A0A099P1R2|A0A099P1R2_PICKU
OG0001234	YCL009C	tr|A0A099P8Z0|A0A099P8Z0_PICKU
OG0001235	YCL014W	tr|A0A099P1E6|A0A099P1E6_PICKU
OG0001236	YCL017C	tr|A0A099NUN6|A0A099NUN6_PICKU
OG0001237	YCL018W	tr|A0A099NUL6|A0A099NUL6_PICKU
OG0001238	YCL024W, YDR507C	
OG0001239	YCL025C, YDR508C	
OG0001240	YCL026C-A, YCL026C-B	
OG0001241	YCL029C	tr|A0A099P1U6|A0A099P1U6_PICKU
OG0001242	YCL030C	tr|A0A099P1J3|A0A099P1J3_PICKU
OG0001243	YCL031C	tr|A0A099NY34|A0A099NY34_PICKU
OG0001244	YCL033C	tr|A0A099P6P6|A0A099P6P6_PICKU
OG0001245	YCL035C, YDR513W	
OG0001246	YCL038C	tr|A0A099NX64|A0A099NX64_PICKU
OG0001247	YCL045C	tr|A0A099NZL7|A0A099NZL7_PICKU
OG0001248	YCL048W-A, YDR524C-B	
OG0001249	YCL054W	tr|A0A099P2E9|A0A099P2E9_PICKU
OG0001250	YCL055W	tr|A0A099P7R3|A0A099P7R3_PICKU
OG0001251	YCL057C-A	tr|A0A099NYN8|A0A099NYN8_PICKU
OG0001252	YCL057W	tr|A0A099P6J4|A0A099P6J4_PICKU
OG0001253	YCL059C	tr|A0A099NZK6|A0A099NZK6_PICKU
OG0001254	YCL061C	tr|A0A099NXG3|A0A099NXG3_PICKU
OG0001255	YCL064C, YIL167W	
OG0001256	YCL066W, YCR040W	
OG0001257	YCR008W	tr|A0A099NZD6|A0A099NZD6_PICKU
OG0001258	YCR009C	tr|A0A099NZF8|A0A099NZF8_PICKU
OG0001259	YCR011C	tr|A0A099NZM4|A0A099NZM4_PICKU
OG0001260	YCR012W	tr|A0A099P6W9|A0A099P6W9_PICKU
OG0001261	YCR017C	tr|A0A099P3N8|A0A099P3N8_PICKU
OG0001262	YCR019W	tr|A0A099P4S8|A0A099P4S8_PICKU
OG0001263	YCR024C-A, YEL017C-A	
OG0001264	YCR028C-A	tr|A0A099NZ82|A0A099NZ82_PICKU
OG0001265	YCR031C	tr|A0A099P1B9|A0A099P1B9_PICKU
OG0001266	YCR037C, YJL198W	
OG0001267	YCR042C	tr|A0A099P2K0|A0A099P2K0_PICKU
OG0001268	YCR044C	tr|A0A099NYU4|A0A099NYU4_PICKU
OG0001269	YCR046C	tr|A0A099NYS5|A0A099NYS5_PICKU
OG0001270	YCR047C	tr|A0A099NVU0|A0A099NVU0_PICKU
OG0001271	YCR051W	tr|A0A099NW57|A0A099NW57_PICKU
OG0001272	YCR053W	tr|A0A099NWV4|A0A099NWV4_PICKU
OG0001273	YCR054C	tr|A0A099P6H1|A0A099P6H1_PICKU
OG0001274	YCR057C	tr|A0A099P6J7|A0A099P6J7_PICKU
OG0001275	YCR059C	tr|A0A099P4B8|A0A099P4B8_PICKU
OG0001276	YCR061W	tr|A0A099P4T7|A0A099P4T7_PICKU
OG0001277	YCR063W	tr|A0A099P687|A0A099P687_PICKU
OG0001278	YCR066W	tr|A0A099P1J0|A0A099P1J0_PICKU
OG0001279	YCR068W	tr|A0A099P7P0|A0A099P7P0_PICKU
OG0001280	YCR069W, YNR028W	
OG0001281	YCR072C	tr|A0A099NWW8|A0A099NWW8_PICKU
OG0001282	YCR075C	tr|A0A099P1K2|A0A099P1K2_PICKU
OG0001283	YCR077C	tr|A0A099P577|A0A099P577_PICKU
OG0001284	YCR081W	tr|A0A099P666|A0A099P666_PICKU
OG0001285	YCR092C	tr|A0A099NY92|A0A099NY92_PICKU
OG0001286	YCR093W	tr|A0A099NWS2|A0A099NWS2_PICKU
OG0001287	YCR095C	tr|A0A099NZ74|A0A099NZ74_PICKU
OG0001288	YCR097W	tr|A0A099NVT5|A0A099NVT5_PICKU
OG0001289	YCR106W, YLL054C	
OG0001290	YDL001W	tr|A0A099P294|A0A099P294_PICKU
OG0001291	YDL004W	tr|A0A099P634|A0A099P634_PICKU
OG0001292	YDL006W	tr|A0A099P8R3|A0A099P8R3_PICKU
OG0001293	YDL007W	tr|A0A099P6S5|A0A099P6S5_PICKU
OG0001294	YDL008W, YOL133W	
OG0001295	YDL013W	tr|A0A099P6E7|A0A099P6E7_PICKU
OG0001296	YDL014W	tr|A0A099P6E0|A0A099P6E0_PICKU
OG0001297	YDL015C	tr|A0A099P1F4|A0A099P1F4_PICKU
OG0001298	YDL018C	tr|A0A099NX87|A0A099NX87_PICKU
OG0001299	YDL020C	tr|A0A099P8C2|A0A099P8C2_PICKU
OG0001300	YDL022W	tr|A0A099NYV9|A0A099NYV9_PICKU
OG0001301	YDL028C	tr|A0A099P533|A0A099P533_PICKU
OG0001302	YDL029W	tr|A0A099P7B1|A0A099P7B1_PICKU
OG0001303	YDL030W	tr|A0A099P4R2|A0A099P4R2_PICKU
OG0001304	YDL031W	tr|A0A099NYW7|A0A099NYW7_PICKU
OG0001305	YDL033C	tr|A0A099P744|A0A099P744_PICKU
OG0001306	YDL035C	tr|A0A099P0D0|A0A099P0D0_PICKU
OG0001307	YDL037C, YIR019C	
OG0001308	YDL043C	tr|A0A099P696|A0A099P696_PICKU
OG0001309	YDL045C	tr|A0A099P1C6|A0A099P1C6_PICKU
OG0001310	YDL046W	tr|A0A099NQ28|A0A099NQ28_PICKU
OG0001311	YDL047W	tr|A0A099NWM2|A0A099NWM2_PICKU
OG0001312	YDL052C	tr|A0A099NYY2|A0A099NYY2_PICKU
OG0001313	YDL054C	tr|A0A099NVC5|A0A099NVC5_PICKU
OG0001314	YDL055C	tr|A0A099P4X6|A0A099P4X6_PICKU
OG0001315	YDL056W	tr|A0A099NZB5|A0A099NZB5_PICKU
OG0001316	YDL060W	tr|A0A099P488|A0A099P488_PICKU
OG0001317	YDL061C, YLR388W	
OG0001318	YDL064W	tr|A0A099P427|A0A099P427_PICKU
OG0001319	YDL066W	tr|A0A099NXA0|A0A099NXA0_PICKU
OG0001320	YDL067C	tr|A0A099NYM6|A0A099NYM6_PICKU
OG0001321	YDL072C	tr|A0A099NVD5|A0A099NVD5_PICKU
OG0001322	YDL074C	tr|A0A099P0B8|A0A099P0B8_PICKU
OG0001323	YDL077C	tr|A0A099NW32|A0A099NW32_PICKU
OG0001324	YDL081C	tr|A0A099P5Q7|A0A099P5Q7_PICKU
OG0001325	YDL084W	tr|A0A099P8K5|A0A099P8K5_PICKU
OG0001326	YDL087C	tr|A0A099P256|A0A099P256_PICKU
OG0001327	YDL091C	tr|A0A099P7V5|A0A099P7V5_PICKU
OG0001328	YDL097C	tr|A0A099P435|A0A099P435_PICKU
OG0001329	YDL101C	tr|A0A099P620|A0A099P620_PICKU
OG0001330	YDL102W	tr|A0A099NWW6|A0A099NWW6_PICKU
OG0001331	YDL103C	tr|A0A099P991|A0A099P991_PICKU
OG0001332	YDL104C	tr|A0A099NZR9|A0A099NZR9_PICKU
OG0001333	YDL105W	tr|A0A099NZ81|A0A099NZ81_PICKU
OG0001334	YDL106C	tr|A0A099NWX6|A0A099NWX6_PICKU
OG0001335	YDL107W	tr|A0A099NVA6|A0A099NVA6_PICKU
OG0001336	YDL108W	tr|A0A099P6E5|A0A099P6E5_PICKU
OG0001337	YDL110C	tr|A0A099NVY8|A0A099NVY8_PICKU
OG0001338	YDL112W	tr|A0A099NV00|A0A099NV00_PICKU
OG0001339	YDL113C	tr|A0A099NXM0|A0A099NXM0_PICKU
OG0001340	YDL115C	tr|A0A099NXA1|A0A099NXA1_PICKU
OG0001341	YDL116W	tr|A0A099P6K7|A0A099P6K7_PICKU
OG0001342	YDL117W	tr|A0A099P6J8|A0A099P6J8_PICKU
OG0001343	YDL119C	tr|A0A099P3X0|A0A099P3X0_PICKU
OG0001344	YDL122W	tr|A0A099P6J6|A0A099P6J6_PICKU
OG0001345	YDL124W	tr|A0A099NWH2|A0A099NWH2_PICKU
OG0001346	YDL125C	tr|A0A099NZX7|A0A099NZX7_PICKU
OG0001347	YDL126C	tr|A0A099NZN3|A0A099NZN3_PICKU
OG0001348	YDL128W	tr|A0A099NY06|A0A099NY06_PICKU
OG0001349	YDL130W	tr|A0A099P5Y8|A0A099P5Y8_PICKU
OG0001350	YDL133C-A, YDL184C	
OG0001351	YDL134C	tr|A0A099P194|A0A099P194_PICKU
OG0001352	YDL135C	tr|A0A099NYR7|A0A099NYR7_PICKU
OG0001353	YDL139C	tr|A0A099NX28|A0A099NX28_PICKU
OG0001354	YDL140C	tr|A0A099P6F4|A0A099P6F4_PICKU
OG0001355	YDL141W	tr|A0A099P6E1|A0A099P6E1_PICKU
OG0001356	YDL143W	tr|A0A099P6G1|A0A099P6G1_PICKU
OG0001357	YDL145C	tr|A0A099P4Q3|A0A099P4Q3_PICKU
OG0001358	YDL146W	tr|A0A099P579|A0A099P579_PICKU
OG0001359	YDL148C	tr|A0A099NUL7|A0A099NUL7_PICKU
OG0001360	YDL150W	tr|A0A099P2S4|A0A099P2S4_PICKU
OG0001361	YDL153C	tr|A0A099NV06|A0A099NV06_PICKU
OG0001362	YDL156W	tr|A0A099P336|A0A099P336_PICKU
OG0001363	YDL159W	tr|A0A099P6I6|A0A099P6I6_PICKU
OG0001364	YDL160C	tr|A0A099P8D8|A0A099P8D8_PICKU
OG0001365	YDL161W, YLR206W	
OG0001366	YDL164C	tr|A0A099P6E3|A0A099P6E3_PICKU
OG0001367	YDL165W	tr|A0A099P4K6|A0A099P4K6_PICKU
OG0001368	YDL166C	tr|A0A099P6R5|A0A099P6R5_PICKU
OG0001369	YDL167C	tr|A0A099NWI5|A0A099NWI5_PICKU
OG0001370	YDL168W	tr|A0A099NZH6|A0A099NZH6_PICKU
OG0001371	YDL169C	tr|A0A099P6T9|A0A099P6T9_PICKU
OG0001372	YDL171C	tr|A0A099NY79|A0A099NY79_PICKU
OG0001373	YDL178W	tr|A0A099P6Y3|A0A099P6Y3_PICKU
OG0001374	YDL183C	tr|A0A099NZ99|A0A099NZ99_PICKU
OG0001375	YDL189W	tr|A0A099P0Z4|A0A099P0Z4_PICKU
OG0001376	YDL190C	tr|A0A099NYT3|A0A099NYT3_PICKU
OG0001377	YDL192W	tr|A0A099NYT5|A0A099NYT5_PICKU
OG0001378	YDL193W	tr|A0A099P1B2|A0A099P1B2_PICKU
OG0001379	YDL198C	tr|A0A099P5V9|A0A099P5V9_PICKU
OG0001380	YDL201W	tr|A0A099P1Q7|A0A099P1Q7_PICKU
OG0001381	YDL202W	tr|A0A099P424|A0A099P424_PICKU
OG0001382	YDL205C	tr|A0A099NYB1|A0A099NYB1_PICKU
OG0001383	YDL206W	tr|A0A099NZR7|A0A099NZR7_PICKU
OG0001384	YDL207W	tr|A0A099P017|A0A099P017_PICKU
OG0001385	YDL208W	tr|A0A099P093|A0A099P093_PICKU
OG0001386	YDL209C	tr|A0A099P363|A0A099P363_PICKU
OG0001387	YDL210W	tr|A0A099P402|A0A099P402_PICKU
OG0001388	YDL211C, YNL176C	
OG0001389	YDL213C	tr|A0A099P8F2|A0A099P8F2_PICKU
OG0001390	YDL215C	tr|A0A099P7X6|A0A099P7X6_PICKU
OG0001391	YDL216C	tr|A0A099P6T5|A0A099P6T5_PICKU
OG0001392	YDL217C	tr|A0A099P009|A0A099P009_PICKU
OG0001393	YDL225W	tr|A0A099P754|A0A099P754_PICKU
OG0001394	YDL226C	tr|A0A099NZA5|A0A099NZA5_PICKU
OG0001395	YDL233W	tr|A0A099P8U4|A0A099P8U4_PICKU
OG0001396	YDL234C	tr|A0A099NX47|A0A099NX47_PICKU
OG0001397	YDL235C	tr|A0A099P6E2|A0A099P6E2_PICKU
OG0001398	YDL236W	tr|A0A099NQE1|A0A099NQE1_PICKU
OG0001399	YDL242W, YPR079W	
OG0001400	YDR002W	tr|A0A099P269|A0A099P269_PICKU
OG0001401	YDR004W	tr|A0A099P6Y0|A0A099P6Y0_PICKU
OG0001402	YDR005C	tr|A0A099P6Z7|A0A099P6Z7_PICKU
OG0001403	YDR013W	tr|A0A099P901|A0A099P901_PICKU
OG0001404	YDR017C	tr|A0A099P6Z8|A0A099P6Z8_PICKU
OG0001405	YDR020C	tr|A0A099P3F3|A0A099P3F3_PICKU
OG0001406	YDR021W	tr|A0A099P692|A0A099P692_PICKU
OG0001407	YDR023W	tr|A0A099P5P4|A0A099P5P4_PICKU
OG0001408	YDR027C	tr|A0A099P1H6|A0A099P1H6_PICKU
OG0001409	YDR031W	tr|A0A099P8Y2|A0A099P8Y2_PICKU
OG0001410	YDR034C	tr|A0A099NVD6|A0A099NVD6_PICKU
OG0001411	YDR035W	tr|A0A099P1E9|A0A099P1E9_PICKU
OG0001412	YDR036C	tr|A0A099P478|A0A099P478_PICKU
OG0001413	YDR037W	tr|A0A099P6V8|A0A099P6V8_PICKU
OG0001414	YDR041W	tr|A0A099P782|A0A099P782_PICKU
OG0001415	YDR044W	tr|A0A099P0J8|A0A099P0J8_PICKU
OG0001416	YDR045C	tr|A0A099P8E2|A0A099P8E2_PICKU
OG0001417	YDR047W	tr|A0A099P3M7|A0A099P3M7_PICKU
OG0001418	YDR049W	tr|A0A099P5X2|A0A099P5X2_PICKU
OG0001419	YDR050C	tr|A0A099NSZ0|A0A099NSZ0_PICKU
OG0001420	YDR052C	tr|A0A099NWV2|A0A099NWV2_PICKU
OG0001421	YDR054C	tr|A0A099P7K9|A0A099P7K9_PICKU
OG0001422	YDR058C	tr|A0A099P2S0|A0A099P2S0_PICKU
OG0001423	YDR059C	tr|A0A099NVF3|A0A099NVF3_PICKU
OG0001424	YDR060W	tr|A0A099P0M7|A0A099P0M7_PICKU
OG0001425	YDR062W	tr|A0A099NWJ8|A0A099NWJ8_PICKU
OG0001426	YDR064W	tr|A0A099NT48|A0A099NT48_PICKU
OG0001427	YDR067C	tr|A0A099P3V7|A0A099P3V7_PICKU
OG0001428	YDR074W	tr|A0A099P5B1|A0A099P5B1_PICKU
OG0001429	YDR075W	tr|A0A099NYL8|A0A099NYL8_PICKU
OG0001430	YDR079C-A	tr|A0A099P4I2|A0A099P4I2_PICKU
OG0001431	YDR080W	tr|A0A099P4N6|A0A099P4N6_PICKU
OG0001432	YDR084C	tr|A0A099P559|A0A099P559_PICKU
OG0001433	YDR085C, YER158C	
OG0001434	YDR087C	tr|A0A099P0Y2|A0A099P0Y2_PICKU
OG0001435	YDR088C	tr|A0A099P3C7|A0A099P3C7_PICKU
OG0001436	YDR089W	tr|A0A099P9M9|A0A099P9M9_PICKU
OG0001437	YDR090C	tr|A0A099P137|A0A099P137_PICKU
OG0001438	YDR091C	tr|A0A099P5D7|A0A099P5D7_PICKU
OG0001439	YDR092W	tr|A0A099NWC7|A0A099NWC7_PICKU
OG0001440	YDR101C	tr|A0A099NVE7|A0A099NVE7_PICKU
OG0001441	YDR104C	tr|A0A099P933|A0A099P933_PICKU
OG0001442	YDR105C	tr|A0A099P5J1|A0A099P5J1_PICKU
OG0001443	YDR111C	tr|A0A099P4G4|A0A099P4G4_PICKU
OG0001444	YDR115W	tr|A0A099P758|A0A099P758_PICKU
OG0001445	YDR116C	tr|A0A099P4S3|A0A099P4S3_PICKU
OG0001446	YDR120C	tr|A0A099NXI5|A0A099NXI5_PICKU
OG0001447	YDR124W	tr|A0A099NX63|A0A099NX63_PICKU
OG0001448	YDR127W	tr|A0A099NYH6|A0A099NYH6_PICKU
OG0001449	YDR128W	tr|A0A099P102|A0A099P102_PICKU
OG0001450	YDR129C	tr|A0A099P1I3|A0A099P1I3_PICKU
OG0001451	YDR131C, YJL149W	
OG0001452	YDR135C	tr|A0A099NZJ3|A0A099NZJ3_PICKU
OG0001453	YDR140W	tr|A0A099P025|A0A099P025_PICKU
OG0001454	YDR142C	tr|A0A099P735|A0A099P735_PICKU
OG0001455	YDR145W	tr|A0A099P3H3|A0A099P3H3_PICKU
OG0001456	YDR146C, YLR131C	
OG0001457	YDR151C, YLR136C	
OG0001458	YDR152W	tr|A0A099P2P4|A0A099P2P4_PICKU
OG0001459	YDR155C	tr|A0A099P2W3|A0A099P2W3_PICKU
OG0001460	YDR158W	tr|A0A099NZZ1|A0A099NZZ1_PICKU
OG0001461	YDR160W	tr|A0A099P6W1|A0A099P6W1_PICKU
OG0001462	YDR161W	tr|A0A099P0H5|A0A099P0H5_PICKU
OG0001463	YDR162C	tr|A0A099P0I0|A0A099P0I0_PICKU
OG0001464	YDR164C	tr|A0A099P6S2|A0A099P6S2_PICKU
OG0001465	YDR165W	tr|A0A099P2S6|A0A099P2S6_PICKU
OG0001466	YDR166C	tr|A0A099NYJ6|A0A099NYJ6_PICKU
OG0001467	YDR167W	tr|A0A099P639|A0A099P639_PICKU
OG0001468	YDR168W	tr|A0A099P4N4|A0A099P4N4_PICKU
OG0001469	YDR171W	tr|A0A099P1W8|A0A099P1W8_PICKU
OG0001470	YDR172W	tr|A0A099P873|A0A099P873_PICKU
OG0001471	YDR173C	tr|A0A099P7M0|A0A099P7M0_PICKU
OG0001472	YDR175C	tr|A0A099NTK9|A0A099NTK9_PICKU
OG0001473	YDR176W	tr|A0A099NUN1|A0A099NUN1_PICKU
OG0001474	YDR180W	tr|A0A099P1I5|A0A099P1I5_PICKU
OG0001475	YDR182W	tr|A0A099NWZ3|A0A099NWZ3_PICKU
OG0001476	YDR183W	tr|A0A099NZ28|A0A099NZ28_PICKU
OG0001477	YDR188W	tr|A0A099P7F2|A0A099P7F2_PICKU
OG0001478	YDR189W	tr|A0A099NWF9|A0A099NWF9_PICKU
OG0001479	YDR190C	tr|A0A099NZ64|A0A099NZ64_PICKU
OG0001480	YDR191W	tr|A0A099P3A2|A0A099P3A2_PICKU
OG0001481	YDR192C	tr|A0A099P0E6|A0A099P0E6_PICKU
OG0001482	YDR194C	tr|A0A099NWF7|A0A099NWF7_PICKU
OG0001483	YDR196C	tr|A0A099NWE5|A0A099NWE5_PICKU
OG0001484	YDR202C	tr|A0A099P1V7|A0A099P1V7_PICKU
OG0001485	YDR204W	tr|A0A099NZK0|A0A099NZK0_PICKU
OG0001486	YDR208W	tr|A0A099P715|A0A099P715_PICKU
OG0001487	YDR211W	tr|A0A099P563|A0A099P563_PICKU
OG0001488	YDR212W	tr|A0A099P598|A0A099P598_PICKU
OG0001489	YDR214W	tr|A0A099P8H9|A0A099P8H9_PICKU
OG0001490	YDR216W	tr|A0A099P100|A0A099P100_PICKU
OG0001491	YDR217C	tr|A0A099P4U2|A0A099P4U2_PICKU
OG0001492	YDR221W	tr|A0A099P0W3|A0A099P0W3_PICKU
OG0001493	YDR222W, YLR225C	
OG0001494	YDR226W	tr|A0A099NXC1|A0A099NXC1_PICKU
OG0001495	YDR231C	tr|A0A099P7S5|A0A099P7S5_PICKU
OG0001496	YDR232W	tr|A0A099NWM7|A0A099NWM7_PICKU
OG0001497	YDR236C	tr|A0A099NXH4|A0A099NXH4_PICKU
OG0001498	YDR237W	tr|A0A099NY35|A0A099NY35_PICKU
OG0001499	YDR238C	tr|A0A099NZS1|A0A099NZS1_PICKU
OG0001500	YDR243C	tr|A0A099P1E7|A0A099P1E7_PICKU
OG0001501	YDR244W	tr|A0A099NVI8|A0A099NVI8_PICKU
OG0001502	YDR245W	tr|A0A099NY95|A0A099NY95_PICKU
OG0001503	YDR254W	tr|A0A099NZ79|A0A099NZ79_PICKU
OG0001504	YDR256C	tr|A0A099P084|A0A099P084_PICKU
OG0001505	YDR258C	tr|A0A099NYB6|A0A099NYB6_PICKU
OG0001506	YDR259C, YOR028C	
OG0001507	YDR262W	tr|A0A099P709|A0A099P709_PICKU
OG0001508	YDR267C	tr|A0A099NUN8|A0A099NUN8_PICKU
OG0001509	YDR268W	tr|A0A099NT55|A0A099NT55_PICKU
OG0001510	YDR280W	tr|A9YUC8|A9YUC8_PICKU
OG0001511	YDR282C	tr|A0A099P786|A0A099P786_PICKU
OG0001512	YDR287W, YHR046C	
OG0001513	YDR289C	tr|A0A099P1S6|A0A099P1S6_PICKU
OG0001514	YDR291W	tr|A0A099NXF5|A0A099NXF5_PICKU
OG0001515	YDR292C	tr|A0A099P4M6|A0A099P4M6_PICKU
OG0001516	YDR293C	tr|A0A099NY57|A0A099NY57_PICKU
OG0001517	YDR294C	tr|A0A099P365|A0A099P365_PICKU
OG0001518	YDR295C	tr|A0A099P309|A0A099P309_PICKU
OG0001519	YDR296W	tr|A0A099P116|A0A099P116_PICKU
OG0001520	YDR297W	tr|A0A099NYV3|A0A099NYV3_PICKU
OG0001521	YDR298C	tr|A0A099P4K7|A0A099P4K7_PICKU
OG0001522	YDR299W	tr|A0A099P1F3|A0A099P1F3_PICKU
OG0001523	YDR301W	tr|A0A099P8U1|A0A099P8U1_PICKU
OG0001524	YDR302W	tr|A0A099P7W1|A0A099P7W1_PICKU
OG0001525	YDR304C, YHR057C	
OG0001526	YDR306C	tr|A0A099P1E4|A0A099P1E4_PICKU
OG0001527	YDR308C	tr|A0A099P8M0|A0A099P8M0_PICKU
OG0001528	YDR309C, YHR061C	
OG0001529	YDR313C	tr|A0A099NW17|A0A099NW17_PICKU
OG0001530	YDR316W	tr|A0A099P8I1|A0A099P8I1_PICKU
OG0001531	YDR318W	tr|A0A099P2A0|A0A099P2A0_PICKU
OG0001532	YDR320C	tr|A0A099P506|A0A099P506_PICKU
OG0001533	YDR322C-A	tr|A0A099P0G6|A0A099P0G6_PICKU
OG0001534	YDR322W	tr|A0A099NY98|A0A099NY98_PICKU
OG0001535	YDR324C	tr|A0A099P077|A0A099P077_PICKU
OG0001536	YDR326C, YHR080C	
OG0001537	YDR328C	tr|A0A099P552|A0A099P552_PICKU
OG0001538	YDR329C	tr|A0A099P8U8|A0A099P8U8_PICKU
OG0001539	YDR331W	tr|A0A099P496|A0A099P496_PICKU
OG0001540	YDR333C	tr|A0A099NV35|A0A099NV35_PICKU
OG0001541	YDR334W	tr|A0A099NY60|A0A099NY60_PICKU
OG0001542	YDR335W	tr|A0A099P5Y2|A0A099P5Y2_PICKU
OG0001543	YDR336W	tr|A0A099NSA1|A0A099NSA1_PICKU
OG0001544	YDR337W	tr|A0A099NSY0|A0A099NSY0_PICKU
OG0001545	YDR338C	tr|A0A099P215|A0A099P215_PICKU
OG0001546	YDR339C	tr|A0A099P627|A0A099P627_PICKU
OG0001547	YDR341C	tr|A0A099NU22|A0A099NU22_PICKU
OG0001548	YDR346C	tr|A0A099P6Q2|A0A099P6Q2_PICKU
OG0001549	YDR354W	tr|A0A099P772|A0A099P772_PICKU
OG0001550	YDR359C	tr|A0A099P4S2|A0A099P4S2_PICKU
OG0001551	YDR361C	tr|A0A099P6Y9|A0A099P6Y9_PICKU
OG0001552	YDR364C	tr|A0A099P714|A0A099P714_PICKU
OG0001553	YDR372C	tr|A0A099P302|A0A099P302_PICKU
OG0001554	YDR375C	tr|A0A099P177|A0A099P177_PICKU
OG0001555	YDR377W	tr|A0A099NZ53|A0A099NZ53_PICKU
OG0001556	YDR378C	tr|A0A099P0E2|A0A099P0E2_PICKU
OG0001557	YDR379W, YOR127W	
OG0001558	YDR380W	tr|A0A099P3H8|A0A099P3H8_PICKU
OG0001559	YDR381C-A	tr|A0A099NV82|A0A099NV82_PICKU
OG0001560	YDR382W	tr|A0A099P0R0|A0A099P0R0_PICKU
OG0001561	YDR386W	tr|A0A099P6Q6|A0A099P6Q6_PICKU
OG0001562	YDR388W	tr|A0A099NST9|A0A099NST9_PICKU
OG0001563	YDR390C	tr|A0A099P0H6|A0A099P0H6_PICKU
OG0001564	YDR392W	tr|A0A099NWV0|A0A099NWV0_PICKU
OG0001565	YDR393W	tr|A0A099P6X3|A0A099P6X3_PICKU
OG0001566	YDR394W	tr|A0A099P608|A0A099P608_PICKU
OG0001567	YDR397C	tr|A0A099NV22|A0A099NV22_PICKU
OG0001568	YDR398W	tr|A0A099NV16|A0A099NV16_PICKU
OG0001569	YDR400W	tr|A0A099NZP9|A0A099NZP9_PICKU
OG0001570	YDR404C	tr|A0A099P242|A0A099P242_PICKU
OG0001571	YDR405W	tr|A0A099P205|A0A099P205_PICKU
OG0001572	YDR407C	tr|A0A099P2G0|A0A099P2G0_PICKU
OG0001573	YDR408C	tr|A0A099P3T7|A0A099P3T7_PICKU
OG0001574	YDR409W, YOR156C	
OG0001575	YDR411C	tr|A0A099P3Y9|A0A099P3Y9_PICKU
OG0001576	YDR412W	tr|A0A099P5B4|A0A099P5B4_PICKU
OG0001577	YDR414C	tr|A0A099P2Z8|A0A099P2Z8_PICKU
OG0001578	YDR415C	tr|A0A099P1Z4|A0A099P1Z4_PICKU
OG0001579	YDR417C, YEL053W-A	
OG0001580	YDR425W	tr|A0A099NVF8|A0A099NVF8_PICKU
OG0001581	YDR427W	tr|A0A099P3W8|A0A099P3W8_PICKU
OG0001582	YDR428C	tr|A0A099P4J4|A0A099P4J4_PICKU
OG0001583	YDR429C	tr|A0A099P7I6|A0A099P7I6_PICKU
OG0001584	YDR430C	tr|A0A099P6I0|A0A099P6I0_PICKU
OG0001585	YDR432W	tr|A0A099NWA0|A0A099NWA0_PICKU
OG0001586	YDR434W	tr|A0A099P3Z1|A0A099P3Z1_PICKU
OG0001587	YDR435C	tr|A0A099P8C1|A0A099P8C1_PICKU
OG0001588	YDR437W	tr|A0A099P8E1|A0A099P8E1_PICKU
OG0001589	YDR440W	tr|A0A099P434|A0A099P434_PICKU
OG0001590	YDR443C	tr|A0A099P6I8|A0A099P6I8_PICKU
OG0001591	YDR448W	tr|A0A099NUP0|A0A099NUP0_PICKU
OG0001592	YDR449C	tr|A0A099NXB5|A0A099NXB5_PICKU
OG0001593	YDR454C	tr|A0A099NWP6|A0A099NWP6_PICKU
OG0001594	YDR456W	tr|A0A099NYY1|A0A099NYY1_PICKU
OG0001595	YDR459C	tr|A0A099P4W0|A0A099P4W0_PICKU
OG0001596	YDR461W, YNL145W	
OG0001597	YDR468C	tr|A0A099P4T9|A0A099P4T9_PICKU
OG0001598	YDR470C	tr|A0A099P9L4|A0A099P9L4_PICKU
OG0001599	YDR471W, YHR010W	
OG0001600	YDR473C	tr|A0A099NYI0|A0A099NYI0_PICKU
OG0001601	YDR475C, YOR019W	
OG0001602	YDR477W	tr|A0A099NX08|A0A099NX08_PICKU
OG0001603	YDR481C	tr|A0A099NX85|A0A099NX85_PICKU
OG0001604	YDR482C	tr|A0A099NVP9|A0A099NVP9_PICKU
OG0001605	YDR489W	tr|A0A099P5E3|A0A099P5E3_PICKU
OG0001606	YDR493W	tr|A0A099P209|A0A099P209_PICKU
OG0001607	YDR496C	tr|A0A099P6S1|A0A099P6S1_PICKU
OG0001608	YDR500C, YLR185W	
OG0001609	YDR502C	tr|A0A099NYY4|A0A099NYY4_PICKU
OG0001610	YDR510W	tr|A0A099NUS8|A0A099NUS8_PICKU
OG0001611	YDR511W	tr|A0A099NWR4|A0A099NWR4_PICKU
OG0001612	YDR512C	tr|A0A099NZ35|A0A099NZ35_PICKU
OG0001613	YDR517W	tr|A0A099P5D2|A0A099P5D2_PICKU
OG0001614	YDR519W	tr|A0A099NYE2|A0A099NYE2_PICKU
OG0001615	YDR520C	tr|A0A099P6M5|A0A099P6M5_PICKU
OG0001616	YDR523C	tr|A0A099NVC1|A0A099NVC1_PICKU
OG0001617	YDR524C	tr|A0A099P538|A0A099P538_PICKU
OG0001618	YDR527W	tr|A0A099P4J7|A0A099P4J7_PICKU
OG0001619	YDR529C	tr|A0A099P4X2|A0A099P4X2_PICKU
OG0001620	YDR531W	tr|A0A099P7A4|A0A099P7A4_PICKU
OG0001621	YDR534C, YOR383C	
OG0001622	YEL001C	tr|A0A099NX17|A0A099NX17_PICKU
OG0001623	YEL002C	tr|A0A099NZX6|A0A099NZX6_PICKU
OG0001624	YEL004W	tr|A0A099P3G3|A0A099P3G3_PICKU
OG0001625	YEL006W, YIL006W	
OG0001626	YEL007W, YHR177W	
OG0001627	YEL009C	tr|A0A099P2W5|A0A099P2W5_PICKU
OG0001628	YEL011W	tr|A0A099P596|A0A099P596_PICKU
OG0001629	YEL012W	tr|A0A099P8C4|A0A099P8C4_PICKU
OG0001630	YEL013W	tr|A0A099NKX0|A0A099NKX0_PICKU
OG0001631	YEL015W	tr|A0A099P659|A0A099P659_PICKU
OG0001632	YEL019C	tr|A0A099P3X6|A0A099P3X6_PICKU
OG0001633	YEL021W	tr|E1CG14|E1CG14_PICKU
OG0001634	YEL023C	tr|A0A099P8J6|A0A099P8J6_PICKU
OG0001635	YEL026W	tr|A0A099P109|A0A099P109_PICKU
OG0001636	YEL027W	tr|A0A099P0E9|A0A099P0E9_PICKU
OG0001637	YEL029C	tr|A0A099P7H5|A0A099P7H5_PICKU
OG0001638	YEL031W	tr|A0A099P7E3|A0A099P7E3_PICKU
OG0001639	YEL032W	tr|A0A099NUH3|A0A099NUH3_PICKU
OG0001640	YEL034W	tr|A0A099NY14|A0A099NY14_PICKU
OG0001641	YEL037C	tr|A0A099NXR7|A0A099NXR7_PICKU
OG0001642	YEL038W	tr|A0A099NXR1|A0A099NXR1_PICKU
OG0001643	YEL042W	tr|A0A099P452|A0A099P452_PICKU
OG0001644	YEL043W	tr|A0A099P0V9|A0A099P0V9_PICKU
OG0001645	YEL047C, YJR051W	
OG0001646	YEL050C	tr|A0A099P4M4|A0A099P4M4_PICKU
OG0001647	YEL051W	tr|A0A099P075|A0A099P075_PICKU
OG0001648	YEL052W	tr|A0A099P280|A0A099P280_PICKU
OG0001649	YEL053C	tr|A0A099P6J9|A0A099P6J9_PICKU
OG0001650	YEL055C	tr|A0A099P872|A0A099P872_PICKU
OG0001651	YEL056W	tr|A0A099NWS9|A0A099NWS9_PICKU
OG0001652	YEL060C	tr|A0A099NZ71|A0A099NZ71_PICKU
OG0001653	YEL064C	tr|A0A099P4Q6|A0A099P4Q6_PICKU
OG0001654	YEL070W, YNR073C	
OG0001655	YEL072W	tr|A0A099P4W8|A0A099P4W8_PICKU
OG0001656	YEL075W-A, YLR463C	
OG0001657	YER002W	tr|A0A099NUJ5|A0A099NUJ5_PICKU
OG0001658	YER003C	tr|A0A099P8R5|A0A099P8R5_PICKU
OG0001659	YER005W	tr|A0A099P8D4|A0A099P8D4_PICKU
OG0001660	YER006W	tr|A0A099P6J2|A0A099P6J2_PICKU
OG0001661	YER007C-A	tr|A0A099P694|A0A099P694_PICKU
OG0001662	YER008C	tr|A0A099NWV9|A0A099NWV9_PICKU
OG0001663	YER012W	tr|A0A099P4P2|A0A099P4P2_PICKU
OG0001664	YER013W	tr|A0A099P978|A0A099P978_PICKU
OG0001665	YER014W	tr|A0A099P0X8|A0A099P0X8_PICKU
OG0001666	YER016W	tr|A0A099P372|A0A099P372_PICKU
OG0001667	YER017C	tr|A0A099P180|A0A099P180_PICKU
OG0001668	YER019C-A, YER087C-B	
OG0001669	YER020W	tr|A0A099P7L1|A0A099P7L1_PICKU
OG0001670	YER022W	tr|A0A099NU03|A0A099NU03_PICKU
OG0001671	YER023W	tr|A0A099P0R6|A0A099P0R6_PICKU
OG0001672	YER024W	tr|A0A099P231|A0A099P231_PICKU
OG0001673	YER025W	tr|A0A099P2D3|A0A099P2D3_PICKU
OG0001674	YER027C	tr|A0A099NXC0|A0A099NXC0_PICKU
OG0001675	YER028C	tr|A0A099P7I3|A0A099P7I3_PICKU
OG0001676	YER030W	tr|A0A099P4N2|A0A099P4N2_PICKU
OG0001677	YER035W, YGL222C	
OG0001678	YER036C	tr|A0A099P3B4|A0A099P3B4_PICKU
OG0001679	YER043C	tr|A0A099P5J4|A0A099P5J4_PICKU
OG0001680	YER044C	tr|A0A099P8I2|A0A099P8I2_PICKU
OG0001681	YER048C	tr|A0A099NZH5|A0A099NZH5_PICKU
OG0001682	YER049W	tr|A0A099NWF0|A0A099NWF0_PICKU
OG0001683	YER050C	tr|A0A099P2G7|A0A099P2G7_PICKU
OG0001684	YER052C	tr|A0A099P1R7|A0A099P1R7_PICKU
OG0001685	YER055C	tr|A0A099P0Z0|A0A099P0Z0_PICKU
OG0001686	YER057C	tr|A0A099NUD6|A0A099NUD6_PICKU
OG0001687	YER061C	tr|A0A099NVV0|A0A099NVV0_PICKU
OG0001688	YER065C	tr|A0A099P5F4|A0A099P5F4_PICKU
OG0001689	YER068W	tr|A0A099P3M2|A0A099P3M2_PICKU
OG0001690	YER069W	tr|A0A099NVU3|A0A099NVU3_PICKU
OG0001691	YER070W	tr|A0A099P9E1|A0A099P9E1_PICKU
OG0001692	YER075C	tr|A0A099NXD3|A0A099NXD3_PICKU
OG0001693	YER077C	tr|A0A099P8J1|A0A099P8J1_PICKU
OG0001694	YER078C	tr|A0A099P8G8|A0A099P8G8_PICKU
OG0001695	YER080W	tr|A0A099NYF6|A0A099NYF6_PICKU
OG0001696	YER082C	tr|A0A099NZ56|A0A099NZ56_PICKU
OG0001697	YER087W	tr|A0A099P5H0|A0A099P5H0_PICKU
OG0001698	YER090W	tr|A0A099NUJ2|A0A099NUJ2_PICKU
OG0001699	YER091C	tr|A0A099NV63|A0A099NV63_PICKU
OG0001700	YER093C	tr|A0A099P5B7|A0A099P5B7_PICKU
OG0001701	YER094C	tr|A0A099P7U1|A0A099P7U1_PICKU
OG0001702	YER095W	tr|A0A099P7N0|A0A099P7N0_PICKU
OG0001703	YER100W	tr|A0A099P9Z4|A0A099P9Z4_PICKU
OG0001704	YER107C	tr|A0A099P7G3|A0A099P7G3_PICKU
OG0001705	YER109C	tr|A0A099P5I1|A0A099P5I1_PICKU
OG0001706	YER110C	tr|A0A099P3U6|A0A099P3U6_PICKU
OG0001707	YER112W	tr|A0A099NYR6|A0A099NYR6_PICKU
OG0001708	YER113C	tr|A0A099P2E7|A0A099P2E7_PICKU
OG0001709	YER118C	tr|A0A099P5C6|A0A099P5C6_PICKU
OG0001710	YER122C	tr|A0A099P6E8|A0A099P6E8_PICKU
OG0001711	YER125W	tr|A0A099P6I1|A0A099P6I1_PICKU
OG0001712	YER126C	tr|A0A099NWH7|A0A099NWH7_PICKU
OG0001713	YER127W	tr|A0A099NYL1|A0A099NYL1_PICKU
OG0001714	YER132C, YGL197W	
OG0001715	YER133W	tr|A0A099P0C0|A0A099P0C0_PICKU
OG0001716	YER136W	tr|A0A099NWQ8|A0A099NWQ8_PICKU
OG0001717	YER140W	tr|A0A099NZE0|A0A099NZE0_PICKU
OG0001718	YER141W	tr|A0A099P1R4|A0A099P1R4_PICKU
OG0001719	YER145C	tr|A0A099NUB5|A0A099NUB5_PICKU
OG0001720	YER148W	tr|A0A099P0F1|A0A099P0F1_PICKU
OG0001721	YER150W	tr|A0A099NTA6|A0A099NTA6_PICKU
OG0001722	YER151C	tr|A0A099NXN6|A0A099NXN6_PICKU
OG0001723	YER154W	tr|A0A099NX07|A0A099NX07_PICKU
OG0001724	YER155C	tr|A0A099NWN9|A0A099NWN9_PICKU
OG0001725	YER157W	tr|A0A099P2E3|A0A099P2E3_PICKU
OG0001726	YER159C	tr|A0A099P2Y5|A0A099P2Y5_PICKU
OG0001727	YER161C	tr|A0A099P345|A0A099P345_PICKU
OG0001728	YER163C	tr|A0A099P3H9|A0A099P3H9_PICKU
OG0001729	YER164W	tr|A0A099P1J7|A0A099P1J7_PICKU
OG0001730	YER166W	tr|A0A099P9B2|A0A099P9B2_PICKU
OG0001731	YER168C	tr|A0A099P5Q1|A0A099P5Q1_PICKU
OG0001732	YER171W	tr|A0A099P606|A0A099P606_PICKU
OG0001733	YER173W	tr|A0A099NZ67|A0A099NZ67_PICKU
OG0001734	YER174C	tr|A0A099P1K5|A0A099P1K5_PICKU
OG0001735	YER175C, YHR209W	
OG0001736	YER177W	tr|A0A099NRS2|A0A099NRS2_PICKU
OG0001737	YER178W	tr|A0A099P5A5|A0A099P5A5_PICKU
OG0001738	YER179W	tr|A0A099P2P1|A0A099P2P1_PICKU
OG0001739	YFL001W	tr|A0A099P3H7|A0A099P3H7_PICKU
OG0001740	YFL002C	tr|A0A099P1B7|A0A099P1B7_PICKU
OG0001741	YFL005W	tr|A0A099P8F1|A0A099P8F1_PICKU
OG0001742	YFL007W	tr|A0A099P0Y1|A0A099P0Y1_PICKU
OG0001743	YFL008W	tr|A0A099P462|A0A099P462_PICKU
OG0001744	YFL010C	tr|A0A099P5T4|A0A099P5T4_PICKU
OG0001745	YFL011W, YMR011W	
OG0001746	YFL013C	tr|A0A099P6Q9|A0A099P6Q9_PICKU
OG0001747	YFL014W	tr|A0A099NZJ0|A0A099NZJ0_PICKU
OG0001748	YFL016C	tr|A0A099P2D9|A0A099P2D9_PICKU
OG0001749	YFL017C	tr|A0A099NWY0|A0A099NWY0_PICKU
OG0001750	YFL018C	tr|A0A099NZA9|A0A099NZA9_PICKU
OG0001751	YFL022C	tr|A0A099P8X8|A0A099P8X8_PICKU
OG0001752	YFL023W	tr|A0A099P028|A0A099P028_PICKU
OG0001753	YFL024C	tr|A0A099NWT6|A0A099NWT6_PICKU
OG0001754	YFL025C	tr|A0A099NV62|A0A099NV62_PICKU
OG0001755	YFL026W	tr|A0A099NXR5|A0A099NXR5_PICKU
OG0001756	YFL030W	tr|A0A099P6F8|A0A099P6F8_PICKU
OG0001757	YFL031W	tr|A0A099P798|A0A099P798_PICKU
OG0001758	YFL033C	tr|A0A099NZN6|A0A099NZN6_PICKU
OG0001759	YFL034C-B	tr|A0A099P5T9|A0A099P5T9_PICKU
OG0001760	YFL034W	tr|A0A099P8J4|A0A099P8J4_PICKU
OG0001761	YFL037W	tr|A0A099P565|A0A099P565_PICKU
OG0001762	YFL038C	tr|A0A099P890|A0A099P890_PICKU
OG0001763	YFL039C	tr|A0A099P850|A0A099P850_PICKU
OG0001764	YFL045C	tr|A0A099NZR0|A0A099NZR0_PICKU
OG0001765	YFL046W	tr|A0A099NY30|A0A099NY30_PICKU
OG0001766	YFL054C, YLL043W	
OG0001767	YFL061W, YNL335W	
OG0001768	YFR001W	tr|A0A099P743|A0A099P743_PICKU
OG0001769	YFR002W	tr|A0A099P021|A0A099P021_PICKU
OG0001770	YFR003C	tr|A0A099P297|A0A099P297_PICKU
OG0001771	YFR004W	tr|A0A099P2H3|A0A099P2H3_PICKU
OG0001772	YFR005C	tr|A0A099P4R5|A0A099P4R5_PICKU
OG0001773	YFR006W	tr|A0A099P2S7|A0A099P2S7_PICKU
OG0001774	YFR007W	tr|A0A099P0Y8|A0A099P0Y8_PICKU
OG0001775	YFR009W	tr|A0A099P3U8|A0A099P3U8_PICKU
OG0001776	YFR010W	tr|A0A099NXA2|A0A099NXA2_PICKU
OG0001777	YFR011C	tr|A0A099NUS3|A0A099NUS3_PICKU
OG0001778	YFR013W, YOL017W	
OG0001779	YFR019W	tr|A0A099P9P5|A0A099P9P5_PICKU
OG0001780	YFR021W	tr|A0A099P0I7|A0A099P0I7_PICKU
OG0001781	YFR023W, YHR015W	
OG0001782	YFR025C	tr|A0A099P947|A0A099P947_PICKU
OG0001783	YFR027W	tr|A0A099NXU0|A0A099NXU0_PICKU
OG0001784	YFR028C	tr|A0A099P455|A0A099P455_PICKU
OG0001785	YFR030W	tr|A0A099NZV0|A0A099NZV0_PICKU
OG0001786	YFR031C	tr|A0A099NY65|A0A099NY65_PICKU
OG0001787	YFR032C-A	tr|A0A099NXU3|A0A099NXU3_PICKU
OG0001788	YFR033C	tr|A0A099P159|A0A099P159_PICKU
OG0001789	YFR037C	tr|A0A099P747|A0A099P747_PICKU
OG0001790	YFR038W	tr|A0A099P4V7|A0A099P4V7_PICKU
OG0001791	YFR039C, YGL228W	
OG0001792	YFR041C	tr|A0A099NWS7|A0A099NWS7_PICKU
OG0001793	YFR044C	tr|A0A099P3U7|A0A099P3U7_PICKU
OG0001794	YFR045W	tr|A0A099P2J8|A0A099P2J8_PICKU
OG0001795	YFR047C	tr|A0A099NL78|A0A099NL78_PICKU
OG0001796	YFR048W	tr|A0A099P3U0|A0A099P3U0_PICKU
OG0001797	YFR050C	tr|A0A099NW85|A0A099NW85_PICKU
OG0001798	YFR051C	tr|A0A099P189|A0A099P189_PICKU
OG0001799	YFR052W	tr|A0A099NXY7|A0A099NXY7_PICKU
OG0001800	YGL001C	tr|A0A099P078|A0A099P078_PICKU
OG0001801	YGL003C	tr|A0A099P4N8|A0A099P4N8_PICKU
OG0001802	YGL004C	tr|A0A099NV23|A0A099NV23_PICKU
OG0001803	YGL005C	tr|A0A099NXR2|A0A099NXR2_PICKU
OG0001804	YGL006W	tr|A0A099NVM7|A0A099NVM7_PICKU
OG0001805	YGL008C	tr|A0A099P7H2|A0A099P7H2_PICKU
OG0001806	YGL009C	tr|A0A099P6G8|A0A099P6G8_PICKU
OG0001807	YGL010W	tr|A0A099NWB7|A0A099NWB7_PICKU
OG0001808	YGL011C	tr|A0A099P1W9|A0A099P1W9_PICKU
OG0001809	YGL012W	tr|A0A099P3Q4|A0A099P3Q4_PICKU
OG0001810	YGL014W	tr|A0A099P416|A0A099P416_PICKU
OG0001811	YGL016W	tr|A0A099NV08|A0A099NV08_PICKU
OG0001812	YGL017W	tr|A0A099NXJ1|A0A099NXJ1_PICKU
OG0001813	YGL018C	tr|A0A099P210|A0A099P210_PICKU
OG0001814	YGL019W	tr|A0A099P774|A0A099P774_PICKU
OG0001815	YGL020C	tr|A0A099P4Y5|A0A099P4Y5_PICKU
OG0001816	YGL022W	tr|A0A099NXP3|A0A099NXP3_PICKU
OG0001817	YGL023C	tr|A0A099NZ92|A0A099NZ92_PICKU
OG0001818	YGL027C	tr|A0A099P155|A0A099P155_PICKU
OG0001819	YGL028C	tr|A0A099P414|A0A099P414_PICKU
OG0001820	YGL029W	tr|A0A099P0X1|A0A099P0X1_PICKU
OG0001821	YGL030W	tr|A0A099P157|A0A099P157_PICKU
OG0001822	YGL033W	tr|A0A099P1T6|A0A099P1T6_PICKU
OG0001823	YGL037C	tr|A0A099P0Z7|A0A099P0Z7_PICKU
OG0001824	YGL038C	tr|A0A099P301|A0A099P301_PICKU
OG0001825	YGL040C	tr|A0A099NX16|A0A099NX16_PICKU
OG0001826	YGL043W	tr|A0A099NXR4|A0A099NXR4_PICKU
OG0001827	YGL044C, YIR005W	
OG0001828	YGL048C	tr|A0A099NX80|A0A099NX80_PICKU
OG0001829	YGL050W	tr|A0A099P2R5|A0A099P2R5_PICKU
OG0001830	YGL054C	tr|A0A099NTK2|A0A099NTK2_PICKU
OG0001831	YGL055W	tr|A0A099NZT2|A0A099NZT2_PICKU
OG0001832	YGL058W	tr|A0A099P044|A0A099P044_PICKU
OG0001833	YGL064C	tr|A0A099P141|A0A099P141_PICKU
OG0001834	YGL065C	tr|A0A099P1E0|A0A099P1E0_PICKU
OG0001835	YGL066W	tr|A0A099NYA8|A0A099NYA8_PICKU
OG0001836	YGL070C	tr|A0A099NV01|A0A099NV01_PICKU
OG0001837	YGL073W	tr|A0A099NXK0|A0A099NXK0_PICKU
OG0001838	YGL077C, YNR056C	
OG0001839	YGL078C	tr|A0A099P3Q0|A0A099P3Q0_PICKU
OG0001840	YGL079W	tr|A0A099NYP8|A0A099NYP8_PICKU
OG0001841	YGL080W	tr|A0A099NW42|A0A099NW42_PICKU
OG0001842	YGL083W	tr|A0A099P2U0|A0A099P2U0_PICKU
OG0001843	YGL084C	tr|A0A099P4I5|A0A099P4I5_PICKU
OG0001844	YGL085W	tr|A0A099P750|A0A099P750_PICKU
OG0001845	YGL087C	tr|A0A099P4M1|A0A099P4M1_PICKU
OG0001846	YGL089C, YPL187W	
OG0001847	YGL091C	tr|A0A099NTK3|A0A099NTK3_PICKU
OG0001848	YGL094C	tr|A0A099NWY3|A0A099NWY3_PICKU
OG0001849	YGL095C	tr|A0A099NV41|A0A099NV41_PICKU
OG0001850	YGL098W	tr|A0A099NWW9|A0A099NWW9_PICKU
OG0001851	YGL099W	tr|A0A099NZ04|A0A099NZ04_PICKU
OG0001852	YGL100W	tr|A0A099P2I6|A0A099P2I6_PICKU
OG0001853	YGL103W	tr|A0A099P041|A0A099P041_PICKU
OG0001854	YGL105W	tr|A0A099P2H7|A0A099P2H7_PICKU
OG0001855	YGL106W	tr|A0A099P1T1|A0A099P1T1_PICKU
OG0001856	YGL110C	tr|A0A099P214|A0A099P214_PICKU
OG0001857	YGL111W	tr|A0A099P219|A0A099P219_PICKU
OG0001858	YGL112C	tr|A0A099P1Z8|A0A099P1Z8_PICKU
OG0001859	YGL114W	tr|A0A099P807|A0A099P807_PICKU
OG0001860	YGL115W	tr|A0A099P5F7|A0A099P5F7_PICKU
OG0001861	YGL116W	tr|A0A099NV77|A0A099NV77_PICKU
OG0001862	YGL119W	tr|A0A099P0Z5|A0A099P0Z5_PICKU
OG0001863	YGL120C	tr|A0A099NX31|A0A099NX31_PICKU
OG0001864	YGL122C	tr|A0A099NWF5|A0A099NWF5_PICKU
OG0001865	YGL123W	tr|A0A099NWF2|A0A099NWF2_PICKU
OG0001866	YGL124C	tr|A0A099P4W1|A0A099P4W1_PICKU
OG0001867	YGL125W	tr|A0A099NZC4|A0A099NZC4_PICKU
OG0001868	YGL126W	tr|A0A099NV58|A0A099NV58_PICKU
OG0001869	YGL127C	tr|A0A099NYZ5|A0A099NYZ5_PICKU
OG0001870	YGL129C	tr|A0A099P5Z9|A0A099P5Z9_PICKU
OG0001871	YGL130W	tr|A0A099P8D5|A0A099P8D5_PICKU
OG0001872	YGL133W, YPL216W	
OG0001873	YGL141W	tr|A0A099NS25|A0A099NS25_PICKU
OG0001874	YGL142C	tr|A0A099NVB7|A0A099NVB7_PICKU
OG0001875	YGL143C	tr|A0A099P6P3|A0A099P6P3_PICKU
OG0001876	YGL148W	tr|A0A099P6T6|A0A099P6T6_PICKU
OG0001877	YGL150C	tr|A0A099NZW5|A0A099NZW5_PICKU
OG0001878	YGL153W	tr|A0A099NZE1|A0A099NZE1_PICKU
OG0001879	YGL154C	tr|A0A099NZ45|A0A099NZ45_PICKU
OG0001880	YGL155W	tr|A0A099P6I4|A0A099P6I4_PICKU
OG0001881	YGL156W	tr|A0A099NYP3|A0A099NYP3_PICKU
OG0001882	YGL159W	tr|A0A099P6A7|A0A099P6A7_PICKU
OG0001883	YGL160W	tr|A0A099NY26|A0A099NY26_PICKU
OG0001884	YGL161C	tr|A0A099P4Q9|A0A099P4Q9_PICKU
OG0001885	YGL163C	tr|A0A099NZG3|A0A099NZG3_PICKU
OG0001886	YGL164C	tr|A0A099P1P3|A0A099P1P3_PICKU
OG0001887	YGL167C	tr|A0A099P6A1|A0A099P6A1_PICKU
OG0001888	YGL169W	tr|A0A099P2T2|A0A099P2T2_PICKU
OG0001889	YGL171W	tr|A0A099P0H2|A0A099P0H2_PICKU
OG0001890	YGL172W	tr|A0A099P2L9|A0A099P2L9_PICKU
OG0001891	YGL173C	tr|A0A099P095|A0A099P095_PICKU
OG0001892	YGL178W	tr|A0A099P6X2|A0A099P6X2_PICKU
OG0001893	YGL184C	tr|A0A099P389|A0A099P389_PICKU
OG0001894	YGL185C	tr|A0A099P469|A0A099P469_PICKU
OG0001895	YGL187C	tr|A0A099NUA9|A0A099NUA9_PICKU
OG0001896	YGL190C	tr|A0A099P459|A0A099P459_PICKU
OG0001897	YGL191W	tr|A0A099P6V6|A0A099P6V6_PICKU
OG0001898	YGL192W	tr|A0A099P4C7|A0A099P4C7_PICKU
OG0001899	YGL194C	tr|A0A099P4G8|A0A099P4G8_PICKU
OG0001900	YGL198W	tr|A0A099P0E4|A0A099P0E4_PICKU
OG0001901	YGL200C	tr|A0A099NX61|A0A099NX61_PICKU
OG0001902	YGL201C	tr|A0A099NYX0|A0A099NYX0_PICKU
OG0001903	YGL202W	tr|A0A099P7M7|A0A099P7M7_PICKU
OG0001904	YGL203C	tr|A0A099NRY4|A0A099NRY4_PICKU
OG0001905	YGL205W	tr|A0A099NX79|A0A099NX79_PICKU
OG0001906	YGL206C	tr|A0A099P4Z7|A0A099P4Z7_PICKU
OG0001907	YGL207W	tr|A0A099P4E9|A0A099P4E9_PICKU
OG0001908	YGL211W	tr|A0A099P2X1|A0A099P2X1_PICKU
OG0001909	YGL213C	tr|A0A099P507|A0A099P507_PICKU
OG0001910	YGL215W	tr|A0A099P448|A0A099P448_PICKU
OG0001911	YGL216W	tr|A0A099NYX5|A0A099NYX5_PICKU
OG0001912	YGL232W	tr|A0A099P6Z6|A0A099P6Z6_PICKU
OG0001913	YGL233W	tr|A0A099P7K8|A0A099P7K8_PICKU
OG0001914	YGL234W	tr|A0A099NUC9|A0A099NUC9_PICKU
OG0001915	YGL236C	tr|A0A099P0C5|A0A099P0C5_PICKU
OG0001916	YGL241W	tr|A0A099P3M8|A0A099P3M8_PICKU
OG0001917	YGL242C	tr|A0A099NXL2|A0A099NXL2_PICKU
OG0001918	YGL244W	tr|A0A099P1U0|A0A099P1U0_PICKU
OG0001919	YGL246C	tr|A0A099P4C9|A0A099P4C9_PICKU
OG0001920	YGL247W	tr|A0A099P1F7|A0A099P1F7_PICKU
OG0001921	YGL248W	tr|A0A099NYB4|A0A099NYB4_PICKU
OG0001922	YGL252C	tr|A0A099P3G6|A0A099P3G6_PICKU
OG0001923	YGL258W, YOR387C	
OG0001924	YGR001C	tr|A0A099P5M5|A0A099P5M5_PICKU
OG0001925	YGR002C	tr|A0A099P3C1|A0A099P3C1_PICKU
OG0001926	YGR003W	tr|A0A099P5K9|A0A099P5K9_PICKU
OG0001927	YGR005C	tr|A0A099P7A5|A0A099P7A5_PICKU
OG0001928	YGR007W	tr|A0A099P522|A0A099P522_PICKU
OG0001929	YGR008C, YLR327C	
OG0001930	YGR012W	tr|A0A099P1P8|A0A099P1P8_PICKU
OG0001931	YGR014W	tr|A0A099P504|A0A099P504_PICKU
OG0001932	YGR017W	tr|A0A099P5U3|A0A099P5U3_PICKU
OG0001933	YGR019W	tr|A0A099P3X8|A0A099P3X8_PICKU
OG0001934	YGR020C	tr|A0A099P6L6|A0A099P6L6_PICKU
OG0001935	YGR021W	tr|A0A099P3S7|A0A099P3S7_PICKU
OG0001936	YGR023W, YLR332W	
OG0001937	YGR024C	tr|A0A099P129|A0A099P129_PICKU
OG0001938	YGR026W	tr|A0A099P4G0|A0A099P4G0_PICKU
OG0001939	YGR028W	tr|A0A099P887|A0A099P887_PICKU
OG0001940	YGR031W	tr|A0A099NZI2|A0A099NZI2_PICKU
OG0001941	YGR033C	tr|A0A099P2J7|A0A099P2J7_PICKU
OG0001942	YGR041W, YLR353W	
OG0001943	YGR046W	tr|A0A099P303|A0A099P303_PICKU
OG0001944	YGR047C	tr|A0A099P2A4|A0A099P2A4_PICKU
OG0001945	YGR048W	tr|A0A099P1X8|A0A099P1X8_PICKU
OG0001946	YGR049W, YLR356W	
OG0001947	YGR052W	tr|A0A099P2Q4|A0A099P2Q4_PICKU
OG0001948	YGR054W	tr|A0A099P9C2|A0A099P9C2_PICKU
OG0001949	YGR057C	tr|A0A099P6R3|A0A099P6R3_PICKU
OG0001950	YGR060W	tr|A0A099NZM6|A0A099NZM6_PICKU
OG0001951	YGR061C	tr|A0A099P9Y2|A0A099P9Y2_PICKU
OG0001952	YGR062C	tr|A0A099P5U8|A0A099P5U8_PICKU
OG0001953	YGR071C, YLR373C	
OG0001954	YGR076C	tr|A0A099NZL6|A0A099NZL6_PICKU
OG0001955	YGR078C	tr|A0A099NYJ5|A0A099NYJ5_PICKU
OG0001956	YGR081C	tr|A0A099NZ72|A0A099NZ72_PICKU
OG0001957	YGR082W	tr|A0A099NZ57|A0A099NZ57_PICKU
OG0001958	YGR083C	tr|A0A099NYQ9|A0A099NYQ9_PICKU
OG0001959	YGR086C	tr|A0A099P0T1|A0A099P0T1_PICKU
OG0001960	YGR089W	tr|A0A099P4A4|A0A099P4A4_PICKU
OG0001961	YGR091W	tr|A0A099P0U4|A0A099P0U4_PICKU
OG0001962	YGR093W	tr|A0A099P089|A0A099P089_PICKU
OG0001963	YGR094W	tr|A0A099P0H7|A0A099P0H7_PICKU
OG0001964	YGR095C	tr|A0A099P0L6|A0A099P0L6_PICKU
OG0001965	YGR096W	tr|A0A099P082|A0A099P082_PICKU
OG0001966	YGR097W, YPR115W	
OG0001967	YGR100W	tr|A0A099P529|A0A099P529_PICKU
OG0001968	YGR101W	tr|A0A099P9W2|A0A099P9W2_PICKU
OG0001969	YGR102C	tr|A0A099P908|A0A099P908_PICKU
OG0001970	YGR103W	tr|A0A099P6N0|A0A099P6N0_PICKU
OG0001971	YGR104C	tr|A0A099P8I4|A0A099P8I4_PICKU
OG0001972	YGR110W	tr|A0A099P594|A0A099P594_PICKU
OG0001973	YGR112W	tr|A0A099P5A7|A0A099P5A7_PICKU
OG0001974	YGR116W	tr|A0A099P015|A0A099P015_PICKU
OG0001975	YGR117C	tr|A0A099P2C8|A0A099P2C8_PICKU
OG0001976	YGR119C	tr|A0A099NXH8|A0A099NXH8_PICKU
OG0001977	YGR125W	tr|A0A099NUI0|A0A099NUI0_PICKU
OG0001978	YGR127W	tr|A0A099NZ44|A0A099NZ44_PICKU
OG0001979	YGR134W	tr|A0A099NW80|A0A099NW80_PICKU
OG0001980	YGR135W	tr|A0A099NZQ9|A0A099NZQ9_PICKU
OG0001981	YGR142W, YPR158W	
OG0001982	YGR144W	tr|A0A099NYN7|A0A099NYN7_PICKU
OG0001983	YGR145W	tr|A0A099NYP9|A0A099NYP9_PICKU
OG0001984	YGR147C	tr|A0A099P0J7|A0A099P0J7_PICKU
OG0001985	YGR150C	tr|A0A099P2M6|A0A099P2M6_PICKU
OG0001986	YGR156W	tr|A0A099P0B3|A0A099P0B3_PICKU
OG0001987	YGR159C	tr|A0A099P458|A0A099P458_PICKU
OG0001988	YGR163W	tr|A0A099P3H1|A0A099P3H1_PICKU
OG0001989	YGR165W	tr|A0A099NZU6|A0A099NZU6_PICKU
OG0001990	YGR167W	tr|A0A099NQT1|A0A099NQT1_PICKU
OG0001991	YGR169C, YLR165C	
OG0001992	YGR169C-A, YJR005C-A	
OG0001993	YGR170W	tr|A0A099P5C2|A0A099P5C2_PICKU
OG0001994	YGR171C	tr|A0A099NUN7|A0A099NUN7_PICKU
OG0001995	YGR172C	tr|A0A099NXU7|A0A099NXU7_PICKU
OG0001996	YGR173W	tr|A0A099P486|A0A099P486_PICKU
OG0001997	YGR174C	tr|A0A099NU15|A0A099NU15_PICKU
OG0001998	YGR175C	tr|A0A099NX62|A0A099NX62_PICKU
OG0001999	YGR177C, YOR377W	
OG0002000	YGR178C	tr|A0A099P3T0|A0A099P3T0_PICKU
OG0002001	YGR181W	tr|A0A099P0T2|A0A099P0T2_PICKU
OG0002002	YGR183C	tr|A0A099P324|A0A099P324_PICKU
OG0002003	YGR184C	tr|A0A099P321|A0A099P321_PICKU
OG0002004	YGR185C	tr|A0A099NZE3|A0A099NZE3_PICKU
OG0002005	YGR186W	tr|A0A099P143|A0A099P143_PICKU
OG0002006	YGR187C	tr|A0A099P0N4|A0A099P0N4_PICKU
OG0002007	YGR189C	tr|A0A099P3Q6|A0A099P3Q6_PICKU
OG0002008	YGR193C	tr|A0A099P9Q9|A0A099P9Q9_PICKU
OG0002009	YGR194C	tr|A0A099NZP4|A0A099NZP4_PICKU
OG0002010	YGR195W	tr|A0A099NTX1|A0A099NTX1_PICKU
OG0002011	YGR200C	tr|A0A099P5C9|A0A099P5C9_PICKU
OG0002012	YGR202C	tr|A0A099P190|A0A099P190_PICKU
OG0002013	YGR203W	tr|A0A099P307|A0A099P307_PICKU
OG0002014	YGR205W	tr|A0A099NZ26|A0A099NZ26_PICKU
OG0002015	YGR207C	tr|A0A099NZI6|A0A099NZI6_PICKU
OG0002016	YGR208W	tr|A0A099P362|A0A099P362_PICKU
OG0002017	YGR210C	tr|A0A099NVS6|A0A099NVS6_PICKU
OG0002018	YGR211W	tr|A0A099P374|A0A099P374_PICKU
OG0002019	YGR215W	tr|A0A099NYE8|A0A099NYE8_PICKU
OG0002020	YGR218W	tr|A0A099NU55|A0A099NU55_PICKU
OG0002021	YGR220C	tr|A0A099NZE2|A0A099NZE2_PICKU
OG0002022	YGR221C, YHR149C	
OG0002023	YGR223C	tr|A0A099P8J5|A0A099P8J5_PICKU
OG0002024	YGR225W	tr|A0A099P0L8|A0A099P0L8_PICKU
OG0002025	YGR229C	tr|A0A099P5H3|A0A099P5H3_PICKU
OG0002026	YGR230W, YHR152W	
OG0002027	YGR231C	tr|A0A099P407|A0A099P407_PICKU
OG0002028	YGR232W	tr|A0A099P114|A0A099P114_PICKU
OG0002029	YGR233C	tr|A0A099NVY7|A0A099NVY7_PICKU
OG0002030	YGR235C	tr|A0A099P3D5|A0A099P3D5_PICKU
OG0002031	YGR240C	tr|A0A099NYS0|A0A099NYS0_PICKU
OG0002032	YGR244C	tr|A0A099P6S6|A0A099P6S6_PICKU
OG0002033	YGR245C	tr|A0A099P2D1|A0A099P2D1_PICKU
OG0002034	YGR252W	tr|A0A099P7B8|A0A099P7B8_PICKU
OG0002035	YGR253C	tr|A0A099P9C9|A0A099P9C9_PICKU
OG0002036	YGR255C	tr|A0A099P1I1|A0A099P1I1_PICKU
OG0002037	YGR257C	tr|A0A099P3L5|A0A099P3L5_PICKU
OG0002038	YGR260W	tr|A0A099P5W6|A0A099P5W6_PICKU
OG0002039	YGR261C	tr|A0A099P2Z9|A0A099P2Z9_PICKU
OG0002040	YGR262C	tr|A0A099P7A8|A0A099P7A8_PICKU
OG0002041	YGR264C	tr|A0A099P1U8|A0A099P1U8_PICKU
OG0002042	YGR266W	tr|A0A099NXX1|A0A099NXX1_PICKU
OG0002043	YGR267C	tr|A0A099P8N7|A0A099P8N7_PICKU
OG0002044	YGR268C	tr|A0A099NXZ4|A0A099NXZ4_PICKU
OG0002045	YGR271C-A	tr|A0A099P4H1|A0A099P4H1_PICKU
OG0002046	YGR271W	tr|A0A099P226|A0A099P226_PICKU
OG0002047	YGR274C	tr|A0A099P3R8|A0A099P3R8_PICKU
OG0002048	YGR277C	tr|A0A099P444|A0A099P444_PICKU
OG0002049	YGR278W	tr|A0A099P6B7|A0A099P6B7_PICKU
OG0002050	YGR279C	tr|A0A099P5Y7|A0A099P5Y7_PICKU
OG0002051	YGR280C	tr|A0A099P3C6|A0A099P3C6_PICKU
OG0002052	YGR282C	tr|A0A099P0V1|A0A099P0V1_PICKU
OG0002053	YGR284C	tr|A0A099P0U9|A0A099P0U9_PICKU
OG0002054	YGR285C	tr|A0A099P587|A0A099P587_PICKU
OG0002055	YGR286C	tr|A0A099P2X5|A0A099P2X5_PICKU
OG0002056	YHL007C	tr|A0A099P207|A0A099P207_PICKU
OG0002057	YHL008C	tr|A0A099NKH1|A0A099NKH1_PICKU
OG0002058	YHL009C	tr|A0A099NZW3|A0A099NZW3_PICKU
OG0002059	YHL010C	tr|A0A099NZ87|A0A099NZ87_PICKU
OG0002060	YHL011C	tr|A0A099P049|A0A099P049_PICKU
OG0002061	YHL013C	tr|A0A099NXX2|A0A099NXX2_PICKU
OG0002062	YHL014C	tr|A0A099NZV2|A0A099NZV2_PICKU
OG0002063	YHL015W	tr|A0A099NWP3|A0A099NWP3_PICKU
OG0002064	YHL016C	tr|A0A099P8Q8|A0A099P8Q8_PICKU
OG0002065	YHL018W	tr|A0A099NYR2|A0A099NYR2_PICKU
OG0002066	YHL020C	tr|A0A099P1H9|A0A099P1H9_PICKU
OG0002067	YHL024W	tr|A0A099P105|A0A099P105_PICKU
OG0002068	YHL027W	tr|A0A099P2F3|A0A099P2F3_PICKU
OG0002069	YHL029C	tr|A0A099NWI4|A0A099NWI4_PICKU
OG0002070	YHL030W	tr|A0A099NWD7|A0A099NWD7_PICKU
OG0002071	YHL034C, YLL046C	
OG0002072	YHL039W	tr|A0A099P2L6|A0A099P2L6_PICKU
OG0002073	YHR002W	tr|A0A099P2N2|A0A099P2N2_PICKU
OG0002074	YHR004C	tr|A0A099NT41|A0A099NT41_PICKU
OG0002075	YHR007C	tr|A9YUC7|A9YUC7_PICKU
OG0002076	YHR009C	tr|A0A099P922|A0A099P922_PICKU
OG0002077	YHR011W	tr|A0A099P3K3|A0A099P3K3_PICKU
OG0002078	YHR013C	tr|A0A099NTG3|A0A099NTG3_PICKU
OG0002079	YHR016C	tr|A0A099NYK1|A0A099NYK1_PICKU
OG0002080	YHR018C	tr|A0A099NXZ1|A0A099NXZ1_PICKU
OG0002081	YHR019C	tr|A0A099P122|A0A099P122_PICKU
OG0002082	YHR020W	tr|A0A099P1Q8|A0A099P1Q8_PICKU
OG0002083	YHR021C, YKL156W	
OG0002084	YHR025W	tr|A0A099P1K1|A0A099P1K1_PICKU
OG0002085	YHR026W	tr|A0A099P1L7|A0A099P1L7_PICKU
OG0002086	YHR027C	tr|A0A099P1Q9|A0A099P1Q9_PICKU
OG0002087	YHR028C	tr|A0A099P1X6|A0A099P1X6_PICKU
OG0002088	YHR030C	tr|A0A099NZ39|A0A099NZ39_PICKU
OG0002089	YHR032W	tr|A0A099NVF1|A0A099NVF1_PICKU
OG0002090	YHR034C	tr|A0A099P3B5|A0A099P3B5_PICKU
OG0002091	YHR036W	tr|A0A099P7M5|A0A099P7M5_PICKU
OG0002092	YHR037W	tr|A0A099NXD0|A0A099NXD0_PICKU
OG0002093	YHR038W	tr|A0A099P6R1|A0A099P6R1_PICKU
OG0002094	YHR039C	tr|A0A099P994|A0A099P994_PICKU
OG0002095	YHR040W, YJR055W	
OG0002096	YHR047C	tr|A0A099NX18|A0A099NX18_PICKU
OG0002097	YHR051W	tr|A0A099P633|A0A099P633_PICKU
OG0002098	YHR052W	tr|A0A099P8F3|A0A099P8F3_PICKU
OG0002099	YHR052W-A, YHR054W-A	
OG0002100	YHR053C, YHR055C	
OG0002101	YHR058C	tr|A0A099NW62|A0A099NW62_PICKU
OG0002102	YHR062C	tr|A0A099P3R4|A0A099P3R4_PICKU
OG0002103	YHR063C	tr|A0A099P1B1|A0A099P1B1_PICKU
OG0002104	YHR065C	tr|A0A099P3V9|A0A099P3V9_PICKU
OG0002105	YHR068W	tr|A0A099P569|A0A099P569_PICKU
OG0002106	YHR070W	tr|A0A099P3D0|A0A099P3D0_PICKU
OG0002107	YHR072W	tr|A0A099NZ06|A0A099NZ06_PICKU
OG0002108	YHR074W	tr|A0A099P3B1|A0A099P3B1_PICKU
OG0002109	YHR076W	tr|A0A099NYT7|A0A099NYT7_PICKU
OG0002110	YHR077C	tr|A0A099NY81|A0A099NY81_PICKU
OG0002111	YHR079C-A	tr|A0A099P5V4|A0A099P5V4_PICKU
OG0002112	YHR081W	tr|A0A099P6N4|A0A099P6N4_PICKU
OG0002113	YHR082C	tr|A0A099P911|A0A099P911_PICKU
OG0002114	YHR084W	tr|A0A099P8R0|A0A099P8R0_PICKU
OG0002115	YHR085W	tr|A0A099P892|A0A099P892_PICKU
OG0002116	YHR088W	tr|A0A099P9J6|A0A099P9J6_PICKU
OG0002117	YHR089C	tr|A0A099NXP7|A0A099NXP7_PICKU
OG0002118	YHR090C	tr|A0A099NXB6|A0A099NXB6_PICKU
OG0002119	YHR098C	tr|A0A099NYS2|A0A099NYS2_PICKU
OG0002120	YHR100C	tr|A0A099P588|A0A099P588_PICKU
OG0002121	YHR101C	tr|A0A099P484|A0A099P484_PICKU
OG0002122	YHR102W	tr|A0A099NYJ3|A0A099NYJ3_PICKU
OG0002123	YHR104W	tr|A0A099P4A2|A0A099P4A2_PICKU
OG0002124	YHR107C	tr|A0A099P4Z3|A0A099P4Z3_PICKU
OG0002125	YHR109W	tr|A0A099NSJ6|A0A099NSJ6_PICKU
OG0002126	YHR112C	tr|A0A099P355|A0A099P355_PICKU
OG0002127	YHR113W	tr|A0A099P6Q4|A0A099P6Q4_PICKU
OG0002128	YHR116W	tr|A0A099P1V1|A0A099P1V1_PICKU
OG0002129	YHR119W	tr|A0A099P796|A0A099P796_PICKU
OG0002130	YHR120W	tr|A0A099P4U1|A0A099P4U1_PICKU
OG0002131	YHR122W	tr|A0A099P785|A0A099P785_PICKU
OG0002132	YHR132C	tr|A0A099NY51|A0A099NY51_PICKU
OG0002133	YHR133C, YNL156C	
OG0002134	YHR134W	tr|A0A099NYK9|A0A099NYK9_PICKU
OG0002135	YHR139C, YNL160W	
OG0002136	YHR140W	tr|A0A099NQJ4|A0A099NQJ4_PICKU
OG0002137	YHR143W-A	tr|A0A099P3W0|A0A099P3W0_PICKU
OG0002138	YHR144C	tr|A0A099NZR2|A0A099NZR2_PICKU
OG0002139	YHR147C	tr|A0A099P092|A0A099P092_PICKU
OG0002140	YHR148W	tr|A0A099NXP5|A0A099NXP5_PICKU
OG0002141	YHR151C	tr|A0A099NZ03|A0A099NZ03_PICKU
OG0002142	YHR154W	tr|A0A099P9H2|A0A099P9H2_PICKU
OG0002143	YHR159W	tr|A0A099P5I6|A0A099P5I6_PICKU
OG0002144	YHR164C	tr|A0A099P239|A0A099P239_PICKU
OG0002145	YHR165C	tr|A0A099P0L9|A0A099P0L9_PICKU
OG0002146	YHR166C	tr|A0A099NYC7|A0A099NYC7_PICKU
OG0002147	YHR169W	tr|A0A099P2R1|A0A099P2R1_PICKU
OG0002148	YHR170W	tr|A0A099P591|A0A099P591_PICKU
OG0002149	YHR171W	tr|A0A099P2D5|A0A099P2D5_PICKU
OG0002150	YHR172W	tr|A0A099P2F5|A0A099P2F5_PICKU
OG0002151	YHR175W	tr|A0A099P929|A0A099P929_PICKU
OG0002152	YHR176W	tr|A0A099P453|A0A099P453_PICKU
OG0002153	YHR180W-A, YPR108W-A	
OG0002154	YHR183W	tr|A0A099NWM4|A0A099NWM4_PICKU
OG0002155	YHR186C	tr|A0A099P1S7|A0A099P1S7_PICKU
OG0002156	YHR187W	tr|A0A099P310|A0A099P310_PICKU
OG0002157	YHR188C	tr|A0A099P0N8|A0A099P0N8_PICKU
OG0002158	YHR189W	tr|A0A099NZY1|A0A099NZY1_PICKU
OG0002159	YHR190W	tr|A0A099NZA1|A0A099NZA1_PICKU
OG0002160	YHR192W	tr|A0A099P7V9|A0A099P7V9_PICKU
OG0002161	YHR193C	tr|A0A099P5K0|A0A099P5K0_PICKU
OG0002162	YHR194W	tr|A0A099NV93|A0A099NV93_PICKU
OG0002163	YHR197W	tr|A0A099NY02|A0A099NY02_PICKU
OG0002164	YHR200W	tr|A0A099P4P6|A0A099P4P6_PICKU
OG0002165	YHR201C	tr|A0A099P7F9|A0A099P7F9_PICKU
OG0002166	YHR202W	tr|A0A099P0W5|A0A099P0W5_PICKU
OG0002167	YHR206W, YJR147W	
OG0002168	YIL002C	tr|A0A099NWU7|A0A099NWU7_PICKU
OG0002169	YIL003W	tr|A0A099P1A2|A0A099P1A2_PICKU
OG0002170	YIL007C	tr|A0A099NWU4|A0A099NWU4_PICKU
OG0002171	YIL008W	tr|A0A099NUE6|A0A099NUE6_PICKU
OG0002172	YIL009W, YMR246W	
OG0002173	YIL010W	tr|A0A099P4Z2|A0A099P4Z2_PICKU
OG0002174	YIL013C, YOR011W	
OG0002175	YIL017C	tr|A0A099NV45|A0A099NV45_PICKU
OG0002176	YIL019W	tr|A0A099NXM3|A0A099NXM3_PICKU
OG0002177	YIL020C	tr|A0A099NXR6|A0A099NXR6_PICKU
OG0002178	YIL021W	tr|A0A099NXG7|A0A099NXG7_PICKU
OG0002179	YIL026C	tr|A0A099P5I2|A0A099P5I2_PICKU
OG0002180	YIL030C	tr|A0A099P6H6|A0A099P6H6_PICKU
OG0002181	YIL031W	tr|A0A099NX95|A0A099NX95_PICKU
OG0002182	YIL033C	tr|A0A099P689|A0A099P689_PICKU
OG0002183	YIL034C	tr|A0A099P957|A0A099P957_PICKU
OG0002184	YIL035C	tr|A0A099P6N6|A0A099P6N6_PICKU
OG0002185	YIL038C	tr|A0A099P1E1|A0A099P1E1_PICKU
OG0002186	YIL039W	tr|A0A099P2F7|A0A099P2F7_PICKU
OG0002187	YIL041W	tr|A0A099P5A2|A0A099P5A2_PICKU
OG0002188	YIL043C	tr|A0A099P1W6|A0A099P1W6_PICKU
OG0002189	YIL044C	tr|A0A099NZS9|A0A099NZS9_PICKU
OG0002190	YIL046W	tr|A0A099NTB9|A0A099NTB9_PICKU
OG0002191	YIL048W	tr|A0A099NUF7|A0A099NUF7_PICKU
OG0002192	YIL063C	tr|A0A099P8Y9|A0A099P8Y9_PICKU
OG0002193	YIL064W	tr|A0A099P9E4|A0A099P9E4_PICKU
OG0002194	YIL068C	tr|A0A099P586|A0A099P586_PICKU
OG0002195	YIL072W	tr|A0A099NWG7|A0A099NWG7_PICKU
OG0002196	YIL075C	tr|A0A099NWZ6|A0A099NWZ6_PICKU
OG0002197	YIL078W	tr|A0A099P0Q0|A0A099P0Q0_PICKU
OG0002198	YIL083C	tr|A0A099P8X5|A0A099P8X5_PICKU
OG0002199	YIL084C	tr|A0A099P7I7|A0A099P7I7_PICKU
OG0002200	YIL087C	tr|A0A099P5T2|A0A099P5T2_PICKU
OG0002201	YIL089W, YLR036C	
OG0002202	YIL090W	tr|A0A099P8W8|A0A099P8W8_PICKU
OG0002203	YIL093C	tr|A0A099P1Z2|A0A099P1Z2_PICKU
OG0002204	YIL094C	tr|A0A099P8A5|A0A099P8A5_PICKU
OG0002205	YIL097W	tr|A0A099NVR4|A0A099NVR4_PICKU
OG0002206	YIL098C	tr|A0A099P011|A0A099P011_PICKU
OG0002207	YIL099W	tr|A0A099P0G4|A0A099P0G4_PICKU
OG0002208	YIL103W	tr|A0A099P097|A0A099P097_PICKU
OG0002209	YIL104C	tr|A0A099P2G5|A0A099P2G5_PICKU
OG0002210	YIL106W	tr|A0A099NY21|A0A099NY21_PICKU
OG0002211	YIL107C	tr|A0A099P7G7|A0A099P7G7_PICKU
OG0002212	YIL108W	tr|A0A099NVM3|A0A099NVM3_PICKU
OG0002213	YIL110W	tr|A0A099P1Y4|A0A099P1Y4_PICKU
OG0002214	YIL113W, YNL053W	
OG0002215	YIL115C	tr|A0A099P6X4|A0A099P6X4_PICKU
OG0002216	YIL116W	tr|A0A099P1P6|A0A099P1P6_PICKU
OG0002217	YIL118W	tr|A0A099P1H1|A0A099P1H1_PICKU
OG0002218	YIL120W, YIL121W	
OG0002219	YIL123W, YNL066W	
OG0002220	YIL125W	tr|A0A099P7B7|A0A099P7B7_PICKU
OG0002221	YIL126W	tr|A0A099P4T8|A0A099P4T8_PICKU
OG0002222	YIL128W	tr|A0A099P4P8|A0A099P4P8_PICKU
OG0002223	YIL135C, YNL074C	
OG0002224	YIL137C	tr|A0A099NZ16|A0A099NZ16_PICKU
OG0002225	YIL138C, YNL079C	
OG0002226	YIL142W	tr|A0A099P5S9|A0A099P5S9_PICKU
OG0002227	YIL143C	tr|A0A099P3B2|A0A099P3B2_PICKU
OG0002228	YIL144W	tr|A0A099P558|A0A099P558_PICKU
OG0002229	YIL145C	tr|A0A099NWQ1|A0A099NWQ1_PICKU
OG0002230	YIL148W, YKR094C	
OG0002231	YIL151C, YKR096W	
OG0002232	YIL153W	tr|A0A099NYE7|A0A099NYE7_PICKU
OG0002233	YIL157C	tr|A0A099P5J8|A0A099P5J8_PICKU
OG0002234	YIL158W, YKR100C	
OG0002235	YIL160C	tr|A0A099NVZ2|A0A099NVZ2_PICKU
OG0002236	YIL171W-A, YJL220W	
OG0002237	YIR001C	tr|A0A099NXF4|A0A099NXF4_PICKU
OG0002238	YIR002C	tr|A0A099NWP2|A0A099NWP2_PICKU
OG0002239	YIR004W	tr|A0A099P2V2|A0A099P2V2_PICKU
OG0002240	YIR007W	tr|A0A099NZR8|A0A099NZR8_PICKU
OG0002241	YIR008C	tr|A0A099P022|A0A099P022_PICKU
OG0002242	YIR009W	tr|A0A099P6Q0|A0A099P6Q0_PICKU
OG0002243	YIR012W	tr|A0A099P9A6|A0A099P9A6_PICKU
OG0002244	YIR023W	tr|A0A099P913|A0A099P913_PICKU
OG0002245	YIR026C	tr|A0A099P610|A0A099P610_PICKU
OG0002246	YIR027C	tr|A0A099P6C7|A0A099P6C7_PICKU
OG0002247	YIR029W	tr|A0A099P0R3|A0A099P0R3_PICKU
OG0002248	YIR030C	tr|A0A099NZT7|A0A099NZT7_PICKU
OG0002249	YIR032C	tr|A0A099NUW5|A0A099NUW5_PICKU
OG0002250	YIR034C	tr|A0A099NVR9|A0A099NVR9_PICKU
OG0002251	YJL001W	tr|A0A099P0J2|A0A099P0J2_PICKU
OG0002252	YJL002C	tr|A0A099NYN2|A0A099NYN2_PICKU
OG0002253	YJL003W	tr|A0A099P3B7|A0A099P3B7_PICKU
OG0002254	YJL004C	tr|A0A099NZP7|A0A099NZP7_PICKU
OG0002255	YJL006C	tr|A0A099P6F2|A0A099P6F2_PICKU
OG0002256	YJL008C	tr|A0A099P5K1|A0A099P5K1_PICKU
OG0002257	YJL010C	tr|A0A099P999|A0A099P999_PICKU
OG0002258	YJL014W	tr|A0A099P0Y6|A0A099P0Y6_PICKU
OG0002259	YJL020C	tr|A0A099P235|A0A099P235_PICKU
OG0002260	YJL024C	tr|A0A099NU13|A0A099NU13_PICKU
OG0002261	YJL025W	tr|A0A099NY44|A0A099NY44_PICKU
OG0002262	YJL026W	tr|A0A099P974|A0A099P974_PICKU
OG0002263	YJL030W	tr|A0A099P6A4|A0A099P6A4_PICKU
OG0002264	YJL031C	tr|A0A099P8R8|A0A099P8R8_PICKU
OG0002265	YJL033W	tr|A0A099P5X0|A0A099P5X0_PICKU
OG0002266	YJL035C	tr|A0A099P1Y5|A0A099P1Y5_PICKU
OG0002267	YJL036W	tr|A0A099P495|A0A099P495_PICKU
OG0002268	YJL037W, YJL038C	
OG0002269	YJL039C	tr|A0A099P039|A0A099P039_PICKU
OG0002270	YJL041W	tr|A0A099P7N3|A0A099P7N3_PICKU
OG0002271	YJL042W	tr|A0A099P5T8|A0A099P5T8_PICKU
OG0002272	YJL043W, YKR015C	
OG0002273	YJL049W	tr|A0A099NZH9|A0A099NZH9_PICKU
OG0002274	YJL050W	tr|A0A099NZ86|A0A099NZ86_PICKU
OG0002275	YJL054W	tr|A0A099NZ32|A0A099NZ32_PICKU
OG0002276	YJL055W	tr|A0A099P8K3|A0A099P8K3_PICKU
OG0002277	YJL057C	tr|A0A099P6X8|A0A099P6X8_PICKU
OG0002278	YJL059W	tr|A0A099P4G7|A0A099P4G7_PICKU
OG0002279	YJL060W	tr|A0A099P2K7|A0A099P2K7_PICKU
OG0002280	YJL062W	tr|A0A099P312|A0A099P312_PICKU
OG0002281	YJL062W-A	tr|A0A099P0B7|A0A099P0B7_PICKU
OG0002282	YJL063C	tr|A0A099NWB4|A0A099NWB4_PICKU
OG0002283	YJL066C	tr|A0A099NX97|A0A099NX97_PICKU
OG0002284	YJL069C	tr|A0A099NY29|A0A099NY29_PICKU
OG0002285	YJL072C	tr|A0A099NWN8|A0A099NWN8_PICKU
OG0002286	YJL074C	tr|A0A099NW02|A0A099NW02_PICKU
OG0002287	YJL080C	tr|A0A099NWQ0|A0A099NWQ0_PICKU
OG0002288	YJL081C	tr|A0A099P0Z2|A0A099P0Z2_PICKU
OG0002289	YJL087C	tr|A0A099P2R6|A0A099P2R6_PICKU
OG0002290	YJL088W	tr|A0A099P767|A0A099P767_PICKU
OG0002291	YJL091C	tr|A0A099NXQ9|A0A099NXQ9_PICKU
OG0002292	YJL092W	tr|A0A099NUH5|A0A099NUH5_PICKU
OG0002293	YJL094C	tr|A0A099P7R0|A0A099P7R0_PICKU
OG0002294	YJL096W	tr|A0A099P5W7|A0A099P5W7_PICKU
OG0002295	YJL097W	tr|A0A099P932|A0A099P932_PICKU
OG0002296	YJL101C	tr|A0A099P1G1|A0A099P1G1_PICKU
OG0002297	YJL102W	tr|A0A099P378|A0A099P378_PICKU
OG0002298	YJL104W	tr|A0A099P1L0|A0A099P1L0_PICKU
OG0002299	YJL108C	tr|A0A099NW67|A0A099NW67_PICKU
OG0002300	YJL109C	tr|A0A099P4U7|A0A099P4U7_PICKU
OG0002301	YJL115W	tr|A0A099P2M4|A0A099P2M4_PICKU
OG0002302	YJL116C	tr|A0A099NWG8|A0A099NWG8_PICKU
OG0002303	YJL121C	tr|A0A099NVV6|A0A099NVV6_PICKU
OG0002304	YJL122W	tr|A0A099NQZ3|A0A099NQZ3_PICKU
OG0002305	YJL123C	tr|A0A099P7L8|A0A099P7L8_PICKU
OG0002306	YJL125C	tr|A0A099NW76|A0A099NW76_PICKU
OG0002307	YJL126W	tr|A0A099P710|A0A099P710_PICKU
OG0002308	YJL127C	tr|A0A099P9G6|A0A099P9G6_PICKU
OG0002309	YJL130C	tr|A0A099P6F7|A0A099P6F7_PICKU
OG0002310	YJL132W	tr|A0A099NX20|A0A099NX20_PICKU
OG0002311	YJL140W	tr|A0A099P6P5|A0A099P6P5_PICKU
OG0002312	YJL141C	tr|A0A099P9K8|A0A099P9K8_PICKU
OG0002313	YJL143W	tr|A0A099P8W0|A0A099P8W0_PICKU
OG0002314	YJL148W	tr|A0A099P3Z8|A0A099P3Z8_PICKU
OG0002315	YJL153C	tr|A0A099P007|A0A099P007_PICKU
OG0002316	YJL154C	tr|A0A099P1X5|A0A099P1X5_PICKU
OG0002317	YJL155C	tr|A0A099P6W3|A0A099P6W3_PICKU
OG0002318	YJL156C	tr|A0A099P7H4|A0A099P7H4_PICKU
OG0002319	YJL157C	tr|A0A099NWX3|A0A099NWX3_PICKU
OG0002320	YJL158C	tr|A0A099P456|A0A099P456_PICKU
OG0002321	YJL163C	tr|A0A099P8K2|A0A099P8K2_PICKU
OG0002322	YJL164C, YKL166C	
OG0002323	YJL165C, YKL168C	
OG0002324	YJL167W	tr|A0A099P5M1|A0A099P5M1_PICKU
OG0002325	YJL168C	tr|A0A099P6C0|A0A099P6C0_PICKU
OG0002326	YJL171C	tr|A0A099P1S1|A0A099P1S1_PICKU
OG0002327	YJL176C	tr|A0A099P8X0|A0A099P8X0_PICKU
OG0002328	YJL178C	tr|A0A099P742|A0A099P742_PICKU
OG0002329	YJL179W	tr|A0A099P8V5|A0A099P8V5_PICKU
OG0002330	YJL180C	tr|A0A099P6B8|A0A099P6B8_PICKU
OG0002331	YJL181W, YJR030C	
OG0002332	YJL183W	tr|A0A099P6X5|A0A099P6X5_PICKU
OG0002333	YJL187C	tr|A0A099P7L6|A0A099P7L6_PICKU
OG0002334	YJL190C	tr|A0A099P7Y1|A0A099P7Y1_PICKU
OG0002335	YJL193W	tr|A0A099P3I7|A0A099P3I7_PICKU
OG0002336	YJL194W	tr|A0A099P622|A0A099P622_PICKU
OG0002337	YJL197W	tr|A0A099P5D5|A0A099P5D5_PICKU
OG0002338	YJL200C	tr|A0A099P4V1|A0A099P4V1_PICKU
OG0002339	YJL201W	tr|A0A099P0B6|A0A099P0B6_PICKU
OG0002340	YJL204C	tr|A0A099NXJ8|A0A099NXJ8_PICKU
OG0002341	YJL208C	tr|A0A099P035|A0A099P035_PICKU
OG0002342	YJR001W	tr|A0A099P053|A0A099P053_PICKU
OG0002343	YJR002W	tr|A0A099NZV9|A0A099NZV9_PICKU
OG0002344	YJR006W	tr|A0A099NWH0|A0A099NWH0_PICKU
OG0002345	YJR007W	tr|A0A099NVC6|A0A099NVC6_PICKU
OG0002346	YJR010W	tr|A0A099P5J6|A0A099P5J6_PICKU
OG0002347	YJR013W	tr|A0A099NZ58|A0A099NZ58_PICKU
OG0002348	YJR016C	tr|A0A099P0W4|A0A099P0W4_PICKU
OG0002349	YJR017C	tr|A0A099NUM3|A0A099NUM3_PICKU
OG0002350	YJR019C	tr|A0A099NX26|A0A099NX26_PICKU
OG0002351	YJR022W	tr|A0A099P1U5|A0A099P1U5_PICKU
OG0002352	YJR024C	tr|A0A099P1H4|A0A099P1H4_PICKU
OG0002353	YJR025C	tr|A0A099P571|A0A099P571_PICKU
OG0002354	YJR032W	tr|A0A099P8T7|A0A099P8T7_PICKU
OG0002355	YJR033C	tr|A0A099NXF7|A0A099NXF7_PICKU
OG0002356	YJR034W	tr|A0A099NVH3|A0A099NVH3_PICKU
OG0002357	YJR035W	tr|A0A099NZQ5|A0A099NZQ5_PICKU
OG0002358	YJR036C	tr|A0A099P1Q6|A0A099P1Q6_PICKU
OG0002359	YJR040W	tr|A0A099NY61|A0A099NY61_PICKU
OG0002360	YJR041C	tr|A0A099P3K1|A0A099P3K1_PICKU
OG0002361	YJR045C	tr|A0A099NXS2|A0A099NXS2_PICKU
OG0002362	YJR050W	tr|A0A099P697|A0A099P697_PICKU
OG0002363	YJR052W	tr|A0A099NXX6|A0A099NXX6_PICKU
OG0002364	YJR053W	tr|A0A099P7V1|A0A099P7V1_PICKU
OG0002365	YJR056C	tr|A0A099P112|A0A099P112_PICKU
OG0002366	YJR057W	tr|A0A099NTS5|A0A099NTS5_PICKU
OG0002367	YJR062C	tr|A0A099P5H2|A0A099P5H2_PICKU
OG0002368	YJR063W	tr|A0A099P6J1|A0A099P6J1_PICKU
OG0002369	YJR064W	tr|A0A099P4A5|A0A099P4A5_PICKU
OG0002370	YJR065C	tr|A0A099P3C4|A0A099P3C4_PICKU
OG0002371	YJR068W	tr|A0A099P419|A0A099P419_PICKU
OG0002372	YJR069C	tr|A0A099P338|A0A099P338_PICKU
OG0002373	YJR070C	tr|A0A099P725|A0A099P725_PICKU
OG0002374	YJR072C	tr|A0A099NYT2|A0A099NYT2_PICKU
OG0002375	YJR073C	tr|A0A099P8Z3|A0A099P8Z3_PICKU
OG0002376	YJR075W	tr|A0A099P2D4|A0A099P2D4_PICKU
OG0002377	YJR076C	tr|A0A099P8C0|A0A099P8C0_PICKU
OG0002378	YJR077C	tr|A0A099P0C7|A0A099P0C7_PICKU
OG0002379	YJR078W	tr|A0A099P421|A0A099P421_PICKU
OG0002380	YJR085C	tr|A0A099P636|A0A099P636_PICKU
OG0002381	YJR086W	tr|A0A099P5M8|A0A099P5M8_PICKU
OG0002382	YJR090C	tr|A0A099NXF0|A0A099NXF0_PICKU
OG0002383	YJR093C	tr|A0A099NRB5|A0A099NRB5_PICKU
OG0002384	YJR095W	tr|A0A099P425|A0A099P425_PICKU
OG0002385	YJR097W	tr|A0A099P518|A0A099P518_PICKU
OG0002386	YJR098C	tr|A0A099P7K4|A0A099P7K4_PICKU
OG0002387	YJR099W	tr|A0A099P0G3|A0A099P0G3_PICKU
OG0002388	YJR100C	tr|A0A099NZN9|A0A099NZN9_PICKU
OG0002389	YJR101W	tr|A0A099NXJ3|A0A099NXJ3_PICKU
OG0002390	YJR102C	tr|A0A099NRD1|A0A099NRD1_PICKU
OG0002391	YJR104C	tr|A0A099NXK9|A0A099NXK9_PICKU
OG0002392	YJR105W	tr|A0A099P690|A0A099P690_PICKU
OG0002393	YJR107W	tr|A0A099NUE2|A0A099NUE2_PICKU
OG0002394	YJR109C	tr|A0A099P723|A0A099P723_PICKU
OG0002395	YJR111C	tr|A0A099P959|A0A099P959_PICKU
OG0002396	YJR118C	tr|A0A099P2Y8|A0A099P2Y8_PICKU
OG0002397	YJR122W	tr|A0A099P8R6|A0A099P8R6_PICKU
OG0002398	YJR123W	tr|A0A099P4D2|A0A099P4D2_PICKU
OG0002399	YJR124C	tr|A0A099P4Y3|A0A099P4Y3_PICKU
OG0002400	YJR125C	tr|A0A099P138|A0A099P138_PICKU
OG0002401	YJR126C	tr|A0A099NYT1|A0A099NYT1_PICKU
OG0002402	YJR132W	tr|A0A099P0K8|A0A099P0K8_PICKU
OG0002403	YJR133W	tr|A0A099P7F1|A0A099P7F1_PICKU
OG0002404	YJR137C	tr|A0A099P255|A0A099P255_PICKU
OG0002405	YJR138W	tr|A0A099P4N9|A0A099P4N9_PICKU
OG0002406	YJR139C	tr|A0A099P4P1|A0A099P4P1_PICKU
OG0002407	YJR140C	tr|A0A099NW86|A0A099NW86_PICKU
OG0002408	YJR141W	tr|A0A099P6X7|A0A099P6X7_PICKU
OG0002409	YJR142W	tr|A0A099P394|A0A099P394_PICKU
OG0002410	YJR143C	tr|A0A099P2M9|A0A099P2M9_PICKU
OG0002411	YJR144W	tr|A0A099P0G2|A0A099P0G2_PICKU
OG0002412	YKL001C	tr|A0A099P288|A0A099P288_PICKU
OG0002413	YKL003C	tr|A0A099P4H4|A0A099P4H4_PICKU
OG0002414	YKL004W	tr|A0A099NZ49|A0A099NZ49_PICKU
OG0002415	YKL007W	tr|A0A099P1N0|A0A099P1N0_PICKU
OG0002416	YKL009W	tr|A0A099P467|A0A099P467_PICKU
OG0002417	YKL010C	tr|A0A099P246|A0A099P246_PICKU
OG0002418	YKL012W	tr|A0A099P024|A0A099P024_PICKU
OG0002419	YKL013C	tr|A0A099NX55|A0A099NX55_PICKU
OG0002420	YKL015W	tr|A0A099NZU4|A0A099NZU4_PICKU
OG0002421	YKL016C	tr|A0A099P1R9|A0A099P1R9_PICKU
OG0002422	YKL017C	tr|A0A099P4B1|A0A099P4B1_PICKU
OG0002423	YKL018W	tr|A0A099P3S8|A0A099P3S8_PICKU
OG0002424	YKL021C	tr|A0A099NXU6|A0A099NXU6_PICKU
OG0002425	YKL022C	tr|A0A099NXJ0|A0A099NXJ0_PICKU
OG0002426	YKL024C	tr|A0A099NZ17|A0A099NZ17_PICKU
OG0002427	YKL025C	tr|A0A099NZS4|A0A099NZS4_PICKU
OG0002428	YKL027W	tr|A0A099P2R8|A0A099P2R8_PICKU
OG0002429	YKL028W	tr|A0A099P734|A0A099P734_PICKU
OG0002430	YKL029C	tr|A0A099NWC1|A0A099NWC1_PICKU
OG0002431	YKL032C, YMR072W	
OG0002432	YKL033W-A	tr|A0A099NZX4|A0A099NZX4_PICKU
OG0002433	YKL035W	tr|A0A099P619|A0A099P619_PICKU
OG0002434	YKL040C	tr|A0A099P0B4|A0A099P0B4_PICKU
OG0002435	YKL041W	tr|A0A099P5E6|A0A099P5E6_PICKU
OG0002436	YKL043W	tr|A0A099P0K2|A0A099P0K2_PICKU
OG0002437	YKL045W	tr|A0A099P7S7|A0A099P7S7_PICKU
OG0002438	YKL046C	tr|A0A099P8T8|A0A099P8T8_PICKU
OG0002439	YKL047W	tr|A0A099NZT9|A0A099NZT9_PICKU
OG0002440	YKL051W	tr|A0A099P864|A0A099P864_PICKU
OG0002441	YKL054C	tr|A0A099NU46|A0A099NU46_PICKU
OG0002442	YKL056C	tr|A0A099P811|A0A099P811_PICKU
OG0002443	YKL058W	tr|A0A099P1K6|A0A099P1K6_PICKU
OG0002444	YKL059C	tr|A0A099NYT9|A0A099NYT9_PICKU
OG0002445	YKL060C	tr|A0A099P8A4|A0A099P8A4_PICKU
OG0002446	YKL067W	tr|A0A099P9B8|A0A099P9B8_PICKU
OG0002447	YKL069W	tr|A0A099P7I1|A0A099P7I1_PICKU
OG0002448	YKL077W	tr|A0A099NY01|A0A099NY01_PICKU
OG0002449	YKL078W	tr|A0A099NYI1|A0A099NYI1_PICKU
OG0002450	YKL080W	tr|A0A099P2V9|A0A099P2V9_PICKU
OG0002451	YKL085W	tr|A0A099P3W9|A0A099P3W9_PICKU
OG0002452	YKL086W	tr|A0A099P1W5|A0A099P1W5_PICKU
OG0002453	YKL087C	tr|A0A099NUP5|A0A099NUP5_PICKU
OG0002454	YKL088W	tr|A0A099P264|A0A099P264_PICKU
OG0002455	YKL089W	tr|A0A099P212|A0A099P212_PICKU
OG0002456	YKL092C	tr|A0A099NXA3|A0A099NXA3_PICKU
OG0002457	YKL093W, YMR081C	
OG0002458	YKL094W	tr|A0A099NUS7|A0A099NUS7_PICKU
OG0002459	YKL095W	tr|A0A099NWN3|A0A099NWN3_PICKU
OG0002460	YKL099C	tr|A0A099P0I4|A0A099P0I4_PICKU
OG0002461	YKL105C, YMR086W	
OG0002462	YKL108W	tr|A0A099P6F6|A0A099P6F6_PICKU
OG0002463	YKL110C	tr|A0A099NWT5|A0A099NWT5_PICKU
OG0002464	YKL113C	tr|A0A099NXY2|A0A099NXY2_PICKU
OG0002465	YKL116C	tr|A0A099NYD0|A0A099NYD0_PICKU
OG0002466	YKL119C	tr|A0A099P0I5|A0A099P0I5_PICKU
OG0002467	YKL120W	tr|A0A099P4I3|A0A099P4I3_PICKU
OG0002468	YKL121W, YMR102C	
OG0002469	YKL124W	tr|A0A099P3Y2|A0A099P3Y2_PICKU
OG0002470	YKL125W	tr|A0A099P7D7|A0A099P7D7_PICKU
OG0002471	YKL128C	tr|A0A099P004|A0A099P004_PICKU
OG0002472	YKL135C	tr|A0A099P5U2|A0A099P5U2_PICKU
OG0002473	YKL137W	tr|A0A099P396|A0A099P396_PICKU
OG0002474	YKL138C	tr|A0A099P0V0|A0A099P0V0_PICKU
OG0002475	YKL139W	tr|A0A099P3T9|A0A099P3T9_PICKU
OG0002476	YKL141W, YMR118C	
OG0002477	YKL142W	tr|A0A099NYY5|A0A099NYY5_PICKU
OG0002478	YKL143W	tr|A0A099P1F5|A0A099P1F5_PICKU
OG0002479	YKL144C	tr|A0A099P9B0|A0A099P9B0_PICKU
OG0002480	YKL145W	tr|A0A099P9A5|A0A099P9A5_PICKU
OG0002481	YKL148C	tr|A0A099P8N3|A0A099P8N3_PICKU
OG0002482	YKL149C	tr|A0A099P6E9|A0A099P6E9_PICKU
OG0002483	YKL150W	tr|A0A099NYG4|A0A099NYG4_PICKU
OG0002484	YKL151C	tr|A0A099NYT0|A0A099NYT0_PICKU
OG0002485	YKL152C	tr|A0A099P7A2|A0A099P7A2_PICKU
OG0002486	YKL154W	tr|A0A099P4L5|A0A099P4L5_PICKU
OG0002487	YKL155C	tr|A0A099P0A1|A0A099P0A1_PICKU
OG0002488	YKL160W	tr|A0A099P635|A0A099P635_PICKU
OG0002489	YKL165C	tr|A0A099NZL4|A0A099NZL4_PICKU
OG0002490	YKL167C	tr|A9YUD0|A9YUD0_PICKU
OG0002491	YKL170W	tr|A9YUC5|A9YUC5_PICKU
OG0002492	YKL171W	tr|A0A099P551|A0A099P551_PICKU
OG0002493	YKL172W	tr|A0A099P671|A0A099P671_PICKU
OG0002494	YKL173W	tr|A0A099P5J0|A0A099P5J0_PICKU
OG0002495	YKL174C	tr|A0A099P3G5|A0A099P3G5_PICKU
OG0002496	YKL175W	tr|A0A099NVG5|A0A099NVG5_PICKU
OG0002497	YKL178C	tr|A0A099P1E8|A0A099P1E8_PICKU
OG0002498	YKL179C	tr|A0A099P3H0|A0A099P3H0_PICKU
OG0002499	YKL181W	tr|A0A099NY03|A0A099NY03_PICKU
OG0002500	YKL182W	tr|A0A099P8Y8|A0A099P8Y8_PICKU
OG0002501	YKL184W	tr|A0A099P7W4|A0A099P7W4_PICKU
OG0002502	YKL185W	tr|A0A099P7J7|A0A099P7J7_PICKU
OG0002503	YKL186C	tr|A0A099P1A0|A0A099P1A0_PICKU
OG0002504	YKL188C	tr|A0A099P2U3|A0A099P2U3_PICKU
OG0002505	YKL189W	tr|A0A099NYC3|A0A099NYC3_PICKU
OG0002506	YKL191W	tr|A0A099P5E9|A0A099P5E9_PICKU
OG0002507	YKL192C	tr|A0A099P845|A0A099P845_PICKU
OG0002508	YKL193C	tr|A0A099P0S4|A0A099P0S4_PICKU
OG0002509	YKL194C	tr|A0A099P3Q7|A0A099P3Q7_PICKU
OG0002510	YKL197C	tr|A0A099P0H1|A0A099P0H1_PICKU
OG0002511	YKL203C	tr|A0A099P3C9|A0A099P3C9_PICKU
OG0002512	YKL205W	tr|A0A099P4E5|A0A099P4E5_PICKU
OG0002513	YKL207W	tr|A0A099P5P0|A0A099P5P0_PICKU
OG0002514	YKL210W	tr|A0A099NVH0|A0A099NVH0_PICKU
OG0002515	YKL211C	tr|A0A099P091|A0A099P091_PICKU
OG0002516	YKL212W	tr|A0A099P2Q7|A0A099P2Q7_PICKU
OG0002517	YKL213C	tr|A0A099NYZ0|A0A099NYZ0_PICKU
OG0002518	YKL216W	tr|A0A099NZI4|A0A099NZI4_PICKU
OG0002519	YKR002W	tr|A0A099NWT9|A0A099NWT9_PICKU
OG0002520	YKR004C	tr|A0A099NUV8|A0A099NUV8_PICKU
OG0002521	YKR009C	tr|A0A099NVL3|A0A099NVL3_PICKU
OG0002522	YKR016W	tr|A0A099NYE1|A0A099NYE1_PICKU
OG0002523	YKR017C	tr|A0A099P7K1|A0A099P7K1_PICKU
OG0002524	YKR020W	tr|A0A099NZZ5|A0A099NZZ5_PICKU
OG0002525	YKR023W	tr|A0A099NYQ3|A0A099NYQ3_PICKU
OG0002526	YKR024C	tr|A0A099P966|A0A099P966_PICKU
OG0002527	YKR026C	tr|A0A099P383|A0A099P383_PICKU
OG0002528	YKR030W	tr|A0A099NZ23|A0A099NZ23_PICKU
OG0002529	YKR031C	tr|A0A099P4J9|A0A099P4J9_PICKU
OG0002530	YKR038C	tr|A0A099NXL9|A0A099NXL9_PICKU
OG0002531	YKR043C	tr|A0A099NXQ5|A0A099NXQ5_PICKU
OG0002532	YKR048C	tr|A0A099NY80|A0A099NY80_PICKU
OG0002533	YKR051W	tr|A0A099NV26|A0A099NV26_PICKU
OG0002534	YKR054C	tr|A0A099P5J2|A0A099P5J2_PICKU
OG0002535	YKR056W	tr|A0A099NXP0|A0A099NXP0_PICKU
OG0002536	YKR060W	tr|A0A099P722|A0A099P722_PICKU
OG0002537	YKR062W	tr|A0A099P649|A0A099P649_PICKU
OG0002538	YKR063C	tr|A0A099P292|A0A099P292_PICKU
OG0002539	YKR068C	tr|A0A099NWK2|A0A099NWK2_PICKU
OG0002540	YKR069W	tr|A0A099P417|A0A099P417_PICKU
OG0002541	YKR071C	tr|A0A099P5G3|A0A099P5G3_PICKU
OG0002542	YKR074W	tr|A0A099NWJ9|A0A099NWJ9_PICKU
OG0002543	YKR079C	tr|A0A099P076|A0A099P076_PICKU
OG0002544	YKR080W	tr|A0A099NYN1|A0A099NYN1_PICKU
OG0002545	YKR081C	tr|A0A099NWA8|A0A099NWA8_PICKU
OG0002546	YKR083C	tr|A0A099P2Y6|A0A099P2Y6_PICKU
OG0002547	YKR084C	tr|A0A099P0U2|A0A099P0U2_PICKU
OG0002548	YKR086W	tr|A0A099NYN5|A0A099NYN5_PICKU
OG0002549	YKR087C	tr|A0A099P4B2|A0A099P4B2_PICKU
OG0002550	YKR090W	tr|A0A099P0A4|A0A099P0A4_PICKU
OG0002551	YKR092C	tr|A0A099P3G4|A0A099P3G4_PICKU
OG0002552	YKR097W	tr|A0A099NX43|A0A099NX43_PICKU
OG0002553	YKR099W	tr|A0A099NW07|A0A099NW07_PICKU
OG0002554	YLL001W	tr|A0A099NXW8|A0A099NXW8_PICKU
OG0002555	YLL002W	tr|A0A099NXX3|A0A099NXX3_PICKU
OG0002556	YLL004W	tr|A0A099P073|A0A099P073_PICKU
OG0002557	YLL006W	tr|A0A099P0U6|A0A099P0U6_PICKU
OG0002558	YLL008W	tr|A0A099P3U5|A0A099P3U5_PICKU
OG0002559	YLL017W	tr|A0A099P8J7|A0A099P8J7_PICKU
OG0002560	YLL018C	tr|A0A099P2T7|A0A099P2T7_PICKU
OG0002561	YLL018C-A	tr|A0A099NRC2|A0A099NRC2_PICKU
OG0002562	YLL019C	tr|A0A099NZ70|A0A099NZ70_PICKU
OG0002563	YLL024C	tr|A0A099P3Y7|A0A099P3Y7_PICKU
OG0002564	YLL026W	tr|A0A099NZM3|A0A099NZM3_PICKU
OG0002565	YLL027W	tr|A0A099NXQ6|A0A099NXQ6_PICKU
OG0002566	YLL029W	tr|A0A099NXL3|A0A099NXL3_PICKU
OG0002567	YLL031C	tr|A0A099P6V2|A0A099P6V2_PICKU
OG0002568	YLL032C	tr|A0A099P4C3|A0A099P4C3_PICKU
OG0002569	YLL041C	tr|A0A099NZC9|A0A099NZC9_PICKU
OG0002570	YLL048C	tr|A0A099NYZ8|A0A099NYZ8_PICKU
OG0002571	YLL061W, YPL274W	
OG0002572	YLR001C	tr|A0A099NUW1|A0A099NUW1_PICKU
OG0002573	YLR002C	tr|A0A099P768|A0A099P768_PICKU
OG0002574	YLR005W	tr|A0A099P8M5|A0A099P8M5_PICKU
OG0002575	YLR008C	tr|A0A099P756|A0A099P756_PICKU
OG0002576	YLR009W	tr|A0A099P4M5|A0A099P4M5_PICKU
OG0002577	YLR015W	tr|A0A099NVW8|A0A099NVW8_PICKU
OG0002578	YLR016C	tr|A0A099P8L5|A0A099P8L5_PICKU
OG0002579	YLR017W	tr|A0A099NXN0|A0A099NXN0_PICKU
OG0002580	YLR019W	tr|A0A099P651|A0A099P651_PICKU
OG0002581	YLR022C	tr|A0A099P6L5|A0A099P6L5_PICKU
OG0002582	YLR023C	tr|A0A099NUV6|A0A099NUV6_PICKU
OG0002583	YLR025W	tr|A0A099NZ22|A0A099NZ22_PICKU
OG0002584	YLR027C	tr|A0A099P6S7|A0A099P6S7_PICKU
OG0002585	YLR032W	tr|A0A099NZA7|A0A099NZA7_PICKU
OG0002586	YLR034C	tr|A0A099P877|A0A099P877_PICKU
OG0002587	YLR035C	tr|A0A099P844|A0A099P844_PICKU
OG0002588	YLR040C	tr|A0A099P0F3|A0A099P0F3_PICKU
OG0002589	YLR047C	tr|A0A099P0Z8|A0A099P0Z8_PICKU
OG0002590	YLR050C	tr|A0A099NT94|A0A099NT94_PICKU
OG0002591	YLR051C	tr|A0A099P813|A0A099P813_PICKU
OG0002592	YLR055C	tr|A0A099P0M6|A0A099P0M6_PICKU
OG0002593	YLR056W	tr|A0A099P0V3|A0A099P0V3_PICKU
OG0002594	YLR058C	tr|A0A099P6F5|A0A099P6F5_PICKU
OG0002595	YLR059C	tr|A0A099NU83|A0A099NU83_PICKU
OG0002596	YLR060W	tr|A0A099P6K4|A0A099P6K4_PICKU
OG0002597	YLR065C	tr|A0A099P5W3|A0A099P5W3_PICKU
OG0002598	YLR066W	tr|A0A099P111|A0A099P111_PICKU
OG0002599	YLR068W	tr|A0A099P1C2|A0A099P1C2_PICKU
OG0002600	YLR069C	tr|A0A099P211|A0A099P211_PICKU
OG0002601	YLR071C	tr|A0A099P170|A0A099P170_PICKU
OG0002602	YLR074C	tr|A0A099P5L0|A0A099P5L0_PICKU
OG0002603	YLR075W	tr|A0A099P3F6|A0A099P3F6_PICKU
OG0002604	YLR077W	tr|A0A099P6Y4|A0A099P6Y4_PICKU
OG0002605	YLR084C	tr|A0A099P9C1|A0A099P9C1_PICKU
OG0002606	YLR085C	tr|A0A099P946|A0A099P946_PICKU
OG0002607	YLR087C	tr|A0A099P4H0|A0A099P4H0_PICKU
OG0002608	YLR088W	tr|A0A099P2C1|A0A099P2C1_PICKU
OG0002609	YLR090W	tr|A0A099P0N2|A0A099P0N2_PICKU
OG0002610	YLR097C	tr|A0A099NYR9|A0A099NYR9_PICKU
OG0002611	YLR100W	tr|A0A099NSI8|A0A099NSI8_PICKU
OG0002612	YLR103C	tr|A0A099NYH3|A0A099NYH3_PICKU
OG0002613	YLR105C	tr|A0A099NUE9|A0A099NUE9_PICKU
OG0002614	YLR106C	tr|A0A099P1A5|A0A099P1A5_PICKU
OG0002615	YLR107W	tr|A0A099NWB0|A0A099NWB0_PICKU
OG0002616	YLR113W	tr|A0A099P6M0|A0A099P6M0_PICKU
OG0002617	YLR114C	tr|A0A099P090|A0A099P090_PICKU
OG0002618	YLR115W	tr|A0A099NZS2|A0A099NZS2_PICKU
OG0002619	YLR117C	tr|A0A099P8S5|A0A099P8S5_PICKU
OG0002620	YLR118C	tr|A0A099P030|A0A099P030_PICKU
OG0002621	YLR126C	tr|A0A099P132|A0A099P132_PICKU
OG0002622	YLR127C	tr|A0A099P784|A0A099P784_PICKU
OG0002623	YLR129W	tr|A0A099P6L2|A0A099P6L2_PICKU
OG0002624	YLR130C	tr|A0A099P6L9|A0A099P6L9_PICKU
OG0002625	YLR138W	tr|A0A099P4G3|A0A099P4G3_PICKU
OG0002626	YLR139C	tr|A0A099P3B6|A0A099P3B6_PICKU
OG0002627	YLR141W	tr|A0A099P0X7|A0A099P0X7_PICKU
OG0002628	YLR142W	tr|A0A099P3E6|A0A099P3E6_PICKU
OG0002629	YLR143W	tr|A0A099P2T0|A0A099P2T0_PICKU
OG0002630	YLR144C	tr|A0A099P2P8|A0A099P2P8_PICKU
OG0002631	YLR145W	tr|A0A099P2Q5|A0A099P2Q5_PICKU
OG0002632	YLR148W	tr|A0A099P373|A0A099P373_PICKU
OG0002633	YLR149C	tr|A0A099P5I5|A0A099P5I5_PICKU
OG0002634	YLR151C	tr|A0A099P640|A0A099P640_PICKU
OG0002635	YLR153C	tr|A0A099P037|A0A099P037_PICKU
OG0002636	YLR154W-A, YLR162W-A	
OG0002637	YLR154W-F	tr|A0A099NQV2|A0A099NQV2_PICKU
OG0002638	YLR162W	tr|A0A099NHX0|A0A099NHX0_PICKU
OG0002639	YLR166C	tr|A0A099P1J9|A0A099P1J9_PICKU
OG0002640	YLR167W	tr|A0A099NWJ1|A0A099NWJ1_PICKU
OG0002641	YLR172C	tr|A0A099P8T1|A0A099P8T1_PICKU
OG0002642	YLR174W	tr|A0A099P5T7|A0A099P5T7_PICKU
OG0002643	YLR175W	tr|A0A099P1S4|A0A099P1S4_PICKU
OG0002644	YLR178C, YLR179C	
OG0002645	YLR182W	tr|A0A099P6R8|A0A099P6R8_PICKU
OG0002646	YLR186W	tr|A0A099NTQ1|A0A099NTQ1_PICKU
OG0002647	YLR187W	tr|A0A099P6U9|A0A099P6U9_PICKU
OG0002648	YLR188W	tr|A0A099P4V6|A0A099P4V6_PICKU
OG0002649	YLR189C	tr|A0A099P6Q5|A0A099P6Q5_PICKU
OG0002650	YLR191W	tr|A0A099P509|A0A099P509_PICKU
OG0002651	YLR192C	tr|A0A099P440|A0A099P440_PICKU
OG0002652	YLR195C	tr|A0A099NX42|A0A099NX42_PICKU
OG0002653	YLR196W	tr|A0A099NXM9|A0A099NXM9_PICKU
OG0002654	YLR197W	tr|A0A099P6R0|A0A099P6R0_PICKU
OG0002655	YLR200W	tr|A0A099P6U2|A0A099P6U2_PICKU
OG0002656	YLR201C	tr|A0A099P4L0|A0A099P4L0_PICKU
OG0002657	YLR203C	tr|A0A099NYI6|A0A099NYI6_PICKU
OG0002658	YLR207W	tr|A0A099P275|A0A099P275_PICKU
OG0002659	YLR208W	tr|A0A099P401|A0A099P401_PICKU
OG0002660	YLR209C	tr|A0A099NZ80|A0A099NZ80_PICKU
OG0002661	YLR212C	tr|A0A099P9L8|A0A099P9L8_PICKU
OG0002662	YLR215C	tr|A0A099P6Z1|A0A099P6Z1_PICKU
OG0002663	YLR216C	tr|A0A099P4F2|A0A099P4F2_PICKU
OG0002664	YLR220W	tr|A0A099NX51|A0A099NX51_PICKU
OG0002665	YLR222C	tr|A0A099NYC5|A0A099NYC5_PICKU
OG0002666	YLR229C	tr|A0A099P4H9|A0A099P4H9_PICKU
OG0002667	YLR231C	tr|A0A099P703|A0A099P703_PICKU
OG0002668	YLR234W	tr|A0A099P2L0|A0A099P2L0_PICKU
OG0002669	YLR239C	tr|A0A099P2T3|A0A099P2T3_PICKU
OG0002670	YLR240W	tr|A0A099P6G0|A0A099P6G0_PICKU
OG0002671	YLR242C	tr|A0A099P0F2|A0A099P0F2_PICKU
OG0002672	YLR243W	tr|A0A099P1H8|A0A099P1H8_PICKU
OG0002673	YLR244C	tr|A0A099P0C2|A0A099P0C2_PICKU
OG0002674	YLR245C	tr|A0A099NWC9|A0A099NWC9_PICKU
OG0002675	YLR247C	tr|A0A099P0S7|A0A099P0S7_PICKU
OG0002676	YLR248W	tr|A0A099P349|A0A099P349_PICKU
OG0002677	YLR249W	tr|A0A099P2U1|A0A099P2U1_PICKU
OG0002678	YLR250W	tr|A0A099P2Q0|A0A099P2Q0_PICKU
OG0002679	YLR253W	tr|A0A099NYA5|A0A099NYA5_PICKU
OG0002680	YLR259C	tr|A0A099P6P4|A0A099P6P4_PICKU
OG0002681	YLR272C	tr|A0A099NWN7|A0A099NWN7_PICKU
OG0002682	YLR273C, YOR178C	
OG0002683	YLR274W	tr|A0A099P4S1|A0A099P4S1_PICKU
OG0002684	YLR276C	tr|A0A099NWR6|A0A099NWR6_PICKU
OG0002685	YLR281C	tr|A0A099P350|A0A099P350_PICKU
OG0002686	YLR283W	tr|A0A099NX40|A0A099NX40_PICKU
OG0002687	YLR284C, YOR180C	
OG0002688	YLR285W	tr|A0A099NRV4|A0A099NRV4_PICKU
OG0002689	YLR286C	tr|A0A099P1F8|A0A099P1F8_PICKU
OG0002690	YLR287C	tr|A0A099P006|A0A099P006_PICKU
OG0002691	YLR289W	tr|A0A099NUQ3|A0A099NUQ3_PICKU
OG0002692	YLR290C	tr|A0A099NZJ1|A0A099NZJ1_PICKU
OG0002693	YLR291C	tr|A0A099P0K0|A0A099P0K0_PICKU
OG0002694	YLR293C	tr|A0A099NWT7|A0A099NWT7_PICKU
OG0002695	YLR295C	tr|A0A099NZ41|A0A099NZ41_PICKU
OG0002696	YLR298C	tr|A0A099NZD8|A0A099NZD8_PICKU
OG0002697	YLR303W	tr|A0A099NT45|A0A099NT45_PICKU
OG0002698	YLR306W	tr|A0A099NW78|A0A099NW78_PICKU
OG0002699	YLR308W	tr|A0A099P672|A0A099P672_PICKU
OG0002700	YLR309C	tr|A0A099P662|A0A099P662_PICKU
OG0002701	YLR312W-A	tr|A0A099P3B0|A0A099P3B0_PICKU
OG0002702	YLR314C	tr|A0A099P0M8|A0A099P0M8_PICKU
OG0002703	YLR318W	tr|A0A099P684|A0A099P684_PICKU
OG0002704	YLR319C	tr|A0A099P439|A0A099P439_PICKU
OG0002705	YLR321C	tr|A0A099NTR0|A0A099NTR0_PICKU
OG0002706	YLR323C	tr|A0A099P7W6|A0A099P7W6_PICKU
OG0002707	YLR325C	tr|A0A099P5B6|A0A099P5B6_PICKU
OG0002708	YLR335W	tr|A0A099P293|A0A099P293_PICKU
OG0002709	YLR336C	tr|A0A099P885|A0A099P885_PICKU
OG0002710	YLR337C	tr|A0A099NWZ4|A0A099NWZ4_PICKU
OG0002711	YLR340W	tr|A0A099P603|A0A099P603_PICKU
OG0002712	YLR342W	tr|A0A099P4K9|A0A099P4K9_PICKU
OG0002713	YLR345W	tr|A0A099P477|A0A099P477_PICKU
OG0002714	YLR347C	tr|A0A099P6I5|A0A099P6I5_PICKU
OG0002715	YLR351C	tr|A0A099P4U8|A0A099P4U8_PICKU
OG0002716	YLR352W	tr|A0A099P632|A0A099P632_PICKU
OG0002717	YLR354C	tr|A0A099P3L2|A0A099P3L2_PICKU
OG0002718	YLR355C	tr|A0A099P7U5|A0A099P7U5_PICKU
OG0002719	YLR359W	tr|A0A099P2B8|A0A099P2B8_PICKU
OG0002720	YLR361C	tr|A0A099P1I8|A0A099P1I8_PICKU
OG0002721	YLR363C	tr|A0A099P3P1|A0A099P3P1_PICKU
OG0002722	YLR363W-A	tr|A0A099P766|A0A099P766_PICKU
OG0002723	YLR364W	tr|A0A099P5E4|A0A099P5E4_PICKU
OG0002724	YLR368W	tr|A0A099P7K2|A0A099P7K2_PICKU
OG0002725	YLR370C	tr|A0A099P3S3|A0A099P3S3_PICKU
OG0002726	YLR372W	tr|A0A099NZ27|A0A099NZ27_PICKU
OG0002727	YLR377C	tr|A0A099NQC0|A0A099NQC0_PICKU
OG0002728	YLR378C	tr|A0A099NZJ9|A0A099NZJ9_PICKU
OG0002729	YLR380W	tr|A0A099P4K1|A0A099P4K1_PICKU
OG0002730	YLR382C	tr|A0A099P5X8|A0A099P5X8_PICKU
OG0002731	YLR383W	tr|A0A099P8B2|A0A099P8B2_PICKU
OG0002732	YLR384C	tr|A0A099P2B7|A0A099P2B7_PICKU
OG0002733	YLR386W	tr|A0A099P1X9|A0A099P1X9_PICKU
OG0002734	YLR389C	tr|A0A099P410|A0A099P410_PICKU
OG0002735	YLR390W	tr|A0A099P295|A0A099P295_PICKU
OG0002736	YLR390W-A	tr|A0A099P248|A0A099P248_PICKU
OG0002737	YLR393W	tr|A0A099P6Z0|A0A099P6Z0_PICKU
OG0002738	YLR395C	tr|A0A099NRU0|A0A099NRU0_PICKU
OG0002739	YLR396C	tr|A0A099NWI6|A0A099NWI6_PICKU
OG0002740	YLR397C	tr|A0A099P4T3|A0A099P4T3_PICKU
OG0002741	YLR398C	tr|A0A099P4Z1|A0A099P4Z1_PICKU
OG0002742	YLR399C	tr|A0A099NVF4|A0A099NVF4_PICKU
OG0002743	YLR401C	tr|A0A099NXY9|A0A099NXY9_PICKU
OG0002744	YLR403W	tr|A0A099NVE0|A0A099NVE0_PICKU
OG0002745	YLR405W	tr|A0A099NXY3|A0A099NXY3_PICKU
OG0002746	YLR409C	tr|A0A099NY53|A0A099NY53_PICKU
OG0002747	YLR410W	tr|A0A099NY09|A0A099NY09_PICKU
OG0002748	YLR411W	tr|A0A099P3D9|A0A099P3D9_PICKU
OG0002749	YLR412W	tr|A0A099NYB0|A0A099NYB0_PICKU
OG0002750	YLR417W	tr|A0A099P0D1|A0A099P0D1_PICKU
OG0002751	YLR419W	tr|A0A099P6P0|A0A099P6P0_PICKU
OG0002752	YLR420W	tr|A0A099P4U9|A0A099P4U9_PICKU
OG0002753	YLR422W	tr|A0A099NXZ7|A0A099NXZ7_PICKU
OG0002754	YLR424W	tr|A0A099NYI8|A0A099NYI8_PICKU
OG0002755	YLR427W	tr|A0A099P542|A0A099P542_PICKU
OG0002756	YLR429W	tr|A0A099P2Q9|A0A099P2Q9_PICKU
OG0002757	YLR435W	tr|A0A099NW28|A0A099NW28_PICKU
OG0002758	YLR437C	tr|A0A099NVC9|A0A099NVC9_PICKU
OG0002759	YLR438W	tr|A0A099P286|A0A099P286_PICKU
OG0002760	YLR439W	tr|A0A099P5R2|A0A099P5R2_PICKU
OG0002761	YLR440C	tr|A0A099P0J6|A0A099P0J6_PICKU
OG0002762	YLR443W	tr|A0A099P314|A0A099P314_PICKU
OG0002763	YLR445W	tr|A0A099P7A7|A0A099P7A7_PICKU
OG0002764	YLR446W	tr|A0A099P315|A0A099P315_PICKU
OG0002765	YLR447C	tr|A0A099NYJ0|A0A099NYJ0_PICKU
OG0002766	YLR451W	tr|A0A099P4C6|A0A099P4C6_PICKU
OG0002767	YLR452C	tr|A0A099P4G9|A0A099P4G9_PICKU
OG0002768	YLR454W	tr|A0A099NW68|A0A099NW68_PICKU
OG0002769	YLR455W	tr|A0A099P187|A0A099P187_PICKU
OG0002770	YLR457C, YPR174C	
OG0002771	YML001W	tr|A0A099NZU1|A0A099NZU1_PICKU
OG0002772	YML002W	tr|A0A099P802|A0A099P802_PICKU
OG0002773	YML005W	tr|A0A099P7J1|A0A099P7J1_PICKU
OG0002774	YML009C	tr|A0A099NNU5|A0A099NNU5_PICKU
OG0002775	YML010W	tr|A0A099P3R0|A0A099P3R0_PICKU
OG0002776	YML012W	tr|A0A099P5Y5|A0A099P5Y5_PICKU
OG0002777	YML014W	tr|A0A099P6I7|A0A099P6I7_PICKU
OG0002778	YML016C	tr|A0A099P6B2|A0A099P6B2_PICKU
OG0002779	YML020W	tr|A0A099P404|A0A099P404_PICKU
OG0002780	YML021C	tr|A0A099NR34|A0A099NR34_PICKU
OG0002781	YML030W	tr|A0A099P3S0|A0A099P3S0_PICKU
OG0002782	YML031W	tr|A0A099NXC7|A0A099NXC7_PICKU
OG0002783	YML035C	tr|A0A099P306|A0A099P306_PICKU
OG0002784	YML038C	tr|A0A099NYX3|A0A099NYX3_PICKU
OG0002785	YML041C	tr|A0A099P0X3|A0A099P0X3_PICKU
OG0002786	YML042W	tr|A0A099NY13|A0A099NY13_PICKU
OG0002787	YML046W	tr|A0A099NW12|A0A099NW12_PICKU
OG0002788	YML048W	tr|A0A099P3J6|A0A099P3J6_PICKU
OG0002789	YML052W	tr|A0A099P7C5|A0A099P7C5_PICKU
OG0002790	YML056C	tr|A0A099P3Q9|A0A099P3Q9_PICKU
OG0002791	YML059C	tr|A0A099P6S0|A0A099P6S0_PICKU
OG0002792	YML060W	tr|A0A099P3R9|A0A099P3R9_PICKU
OG0002793	YML063W	tr|A0A099P3A1|A0A099P3A1_PICKU
OG0002794	YML064C	tr|A0A099P3W5|A0A099P3W5_PICKU
OG0002795	YML069W	tr|A0A099P748|A0A099P748_PICKU
OG0002796	YML072C	tr|A0A099NZ37|A0A099NZ37_PICKU
OG0002797	YML074C	tr|A0A099P1B5|A0A099P1B5_PICKU
OG0002798	YML077W	tr|A0A099P0S2|A0A099P0S2_PICKU
OG0002799	YML080W	tr|A0A099NYS9|A0A099NYS9_PICKU
OG0002800	YML086C	tr|A0A099NXQ0|A0A099NXQ0_PICKU
OG0002801	YML092C	tr|A0A099P664|A0A099P664_PICKU
OG0002802	YML094W	tr|A0A099NXG4|A0A099NXG4_PICKU
OG0002803	YML096W	tr|A0A099P686|A0A099P686_PICKU
OG0002804	YML097C	tr|A0A099P8B6|A0A099P8B6_PICKU
OG0002805	YML098W	tr|A0A099P4Y8|A0A099P4Y8_PICKU
OG0002806	YML101C, YMR264W	
OG0002807	YML108W	tr|A0A099P4H8|A0A099P4H8_PICKU
OG0002808	YML110C	tr|A0A099P895|A0A099P895_PICKU
OG0002809	YML115C	tr|A0A099P881|A0A099P881_PICKU
OG0002810	YML121W	tr|A0A099P940|A0A099P940_PICKU
OG0002811	YML123C	tr|A0A099P2W1|A0A099P2W1_PICKU
OG0002812	YML126C	tr|A0A099P154|A0A099P154_PICKU
OG0002813	YML127W	tr|A0A099NY89|A0A099NY89_PICKU
OG0002814	YML129C	tr|A0A099NXI1|A0A099NXI1_PICKU
OG0002815	YML130C	tr|A0A099P5P3|A0A099P5P3_PICKU
OG0002816	YMR001C	tr|A0A099P3U9|A0A099P3U9_PICKU
OG0002817	YMR002W	tr|A0A099P3U3|A0A099P3U3_PICKU
OG0002818	YMR003W	tr|A0A099NYF3|A0A099NYF3_PICKU
OG0002819	YMR005W	tr|A0A099NYB7|A0A099NYB7_PICKU
OG0002820	YMR009W	tr|A0A099P618|A0A099P618_PICKU
OG0002821	YMR010W	tr|A0A099P3E0|A0A099P3E0_PICKU
OG0002822	YMR012W	tr|A0A099P9C6|A0A099P9C6_PICKU
OG0002823	YMR013C	tr|A0A099P6Q3|A0A099P6Q3_PICKU
OG0002824	YMR014W	tr|A0A099P7X3|A0A099P7X3_PICKU
OG0002825	YMR015C	tr|A0A099P3X9|A0A099P3X9_PICKU
OG0002826	YMR022W	tr|A0A099NU50|A0A099NU50_PICKU
OG0002827	YMR023C	tr|A0A099P4G1|A0A099P4G1_PICKU
OG0002828	YMR024W	tr|A0A099NYD4|A0A099NYD4_PICKU
OG0002829	YMR026C	tr|A0A099P554|A0A099P554_PICKU
OG0002830	YMR027W	tr|A0A099NZA3|A0A099NZA3_PICKU
OG0002831	YMR028W	tr|A0A099P5F9|A0A099P5F9_PICKU
OG0002832	YMR032W	tr|A0A099NUZ5|A0A099NUZ5_PICKU
OG0002833	YMR033W	tr|A0A099P262|A0A099P262_PICKU
OG0002834	YMR035W	tr|A0A099P1X1|A0A099P1X1_PICKU
OG0002835	YMR036C	tr|A0A099P482|A0A099P482_PICKU
OG0002836	YMR038C	tr|A0A099P285|A0A099P285_PICKU
OG0002837	YMR039C	tr|A0A099NUZ9|A0A099NUZ9_PICKU
OG0002838	YMR041C	tr|A0A099NXQ1|A0A099NXQ1_PICKU
OG0002839	YMR043W	tr|A0A099P0L3|A0A099P0L3_PICKU
OG0002840	YMR049C	tr|A0A099P2S5|A0A099P2S5_PICKU
OG0002841	YMR058W	tr|A0A099P6N5|A0A099P6N5_PICKU
OG0002842	YMR060C	tr|A0A099P3N0|A0A099P3N0_PICKU
OG0002843	YMR061W	tr|A0A099P1L8|A0A099P1L8_PICKU
OG0002844	YMR062C	tr|A0A099NXE1|A0A099NXE1_PICKU
OG0002845	YMR066W	tr|A0A099P4V5|A0A099P4V5_PICKU
OG0002846	YMR068W	tr|A0A099P3V5|A0A099P3V5_PICKU
OG0002847	YMR069W	tr|A0A099P3P9|A0A099P3P9_PICKU
OG0002848	YMR073C	tr|A0A099NWK4|A0A099NWK4_PICKU
OG0002849	YMR074C	tr|A0A099NW08|A0A099NW08_PICKU
OG0002850	YMR075W	tr|A0A099NZP3|A0A099NZP3_PICKU
OG0002851	YMR076C	tr|A0A099NY16|A0A099NY16_PICKU
OG0002852	YMR077C	tr|A0A099NWG5|A0A099NWG5_PICKU
OG0002853	YMR078C	tr|A0A099P5E1|A0A099P5E1_PICKU
OG0002854	YMR079W	tr|A0A099NXL6|A0A099NXL6_PICKU
OG0002855	YMR080C	tr|A0A099P4A9|A0A099P4A9_PICKU
OG0002856	YMR083W	tr|A0A099P7N4|A0A099P7N4_PICKU
OG0002857	YMR088C	tr|A0A099P2H4|A0A099P2H4_PICKU
OG0002858	YMR089C	tr|A0A099NXB3|A0A099NXB3_PICKU
OG0002859	YMR092C	tr|A0A099NZY5|A0A099NZY5_PICKU
OG0002860	YMR093W	tr|A0A099P8X3|A0A099P8X3_PICKU
OG0002861	YMR097C	tr|A0A099NWQ3|A0A099NWQ3_PICKU
OG0002862	YMR098C	tr|A0A099P665|A0A099P665_PICKU
OG0002863	YMR100W	tr|A0A099P206|A0A099P206_PICKU
OG0002864	YMR101C	tr|A0A099P960|A0A099P960_PICKU
OG0002865	YMR108W	tr|A0A099P6A2|A0A099P6A2_PICKU
OG0002866	YMR110C	tr|A0A099NVW3|A0A099NVW3_PICKU
OG0002867	YMR114C	tr|A0A099P8E6|A0A099P8E6_PICKU
OG0002868	YMR116C	tr|A0A099NY96|A0A099NY96_PICKU
OG0002869	YMR117C	tr|A0A099P1F1|A0A099P1F1_PICKU
OG0002870	YMR119W, YNL008C	
OG0002871	YMR120C	tr|A0A099P3W3|A0A099P3W3_PICKU
OG0002872	YMR121C	tr|A0A099P1R1|A0A099P1R1_PICKU
OG0002873	YMR123W	tr|A0A099P1N9|A0A099P1N9_PICKU
OG0002874	YMR126C	tr|A0A099P5G9|A0A099P5G9_PICKU
OG0002875	YMR127C	tr|A0A099NWZ9|A0A099NWZ9_PICKU
OG0002876	YMR129W	tr|A0A099P8R1|A0A099P8R1_PICKU
OG0002877	YMR131C	tr|A0A099P515|A0A099P515_PICKU
OG0002878	YMR134W	tr|A0A099P3I6|A0A099P3I6_PICKU
OG0002879	YMR146C	tr|A0A099NVH5|A0A099NVH5_PICKU
OG0002880	YMR149W	tr|A0A099P014|A0A099P014_PICKU
OG0002881	YMR150C	tr|A0A099NZL3|A0A099NZL3_PICKU
OG0002882	YMR156C	tr|A0A099NXI7|A0A099NXI7_PICKU
OG0002883	YMR158W	tr|A0A099NXC3|A0A099NXC3_PICKU
OG0002884	YMR161W	tr|A0A099NZM7|A0A099NZM7_PICKU
OG0002885	YMR165C	tr|A0A099NRT8|A0A099NRT8_PICKU
OG0002886	YMR166C	tr|A0A099NWE7|A0A099NWE7_PICKU
OG0002887	YMR167W	tr|A0A099NWY5|A0A099NWY5_PICKU
OG0002888	YMR171C	tr|A0A099P3Y1|A0A099P3Y1_PICKU
OG0002889	YMR176W	tr|A0A099P875|A0A099P875_PICKU
OG0002890	YMR179W	tr|A0A099P985|A0A099P985_PICKU
OG0002891	YMR180C, YPL228W	
OG0002892	YMR181C, YPL229W	
OG0002893	YMR185W	tr|A0A099NWC6|A0A099NWC6_PICKU
OG0002894	YMR188C	tr|A0A099NVM6|A0A099NVM6_PICKU
OG0002895	YMR189W	tr|A0A099P626|A0A099P626_PICKU
OG0002896	YMR190C	tr|A0A099NWT1|A0A099NWT1_PICKU
OG0002897	YMR193W	tr|A0A099NXE4|A0A099NXE4_PICKU
OG0002898	YMR195W, YPL250C	
OG0002899	YMR196W	tr|A0A099NV66|A0A099NV66_PICKU
OG0002900	YMR197C	tr|A0A099NX74|A0A099NX74_PICKU
OG0002901	YMR198W, YPL253C	
OG0002902	YMR199W, YPL256C	
OG0002903	YMR201C	tr|A0A099P531|A0A099P531_PICKU
OG0002904	YMR203W	tr|A0A099P052|A0A099P052_PICKU
OG0002905	YMR204C	tr|A0A099P0I1|A0A099P0I1_PICKU
OG0002906	YMR205C	tr|A0A099NUF2|A0A099NUF2_PICKU
OG0002907	YMR206W, YNR014W	
OG0002908	YMR208W	tr|A0A099NW91|A0A099NW91_PICKU
OG0002909	YMR209C	tr|A0A099NVP2|A0A099NVP2_PICKU
OG0002910	YMR210W	tr|A0A099NZN4|A0A099NZN4_PICKU
OG0002911	YMR211W	tr|A0A099NWK6|A0A099NWK6_PICKU
OG0002912	YMR215W	tr|A0A099NSD3|A0A099NSD3_PICKU
OG0002913	YMR216C	tr|A0A099NWF1|A0A099NWF1_PICKU
OG0002914	YMR217W	tr|A0A099NY85|A0A099NY85_PICKU
OG0002915	YMR218C	tr|A0A099P898|A0A099P898_PICKU
OG0002916	YMR220W	tr|A0A099NWM0|A0A099NWM0_PICKU
OG0002917	YMR221C	tr|A0A099NVY1|A0A099NVY1_PICKU
OG0002918	YMR224C	tr|A0A099P0F6|A0A099P0F6_PICKU
OG0002919	YMR225C	tr|A0A099NWM6|A0A099NWM6_PICKU
OG0002920	YMR226C	tr|A0A099P0V7|A0A099P0V7_PICKU
OG0002921	YMR227C	tr|A0A099P4E3|A0A099P4E3_PICKU
OG0002922	YMR228W	tr|A0A099P3V8|A0A099P3V8_PICKU
OG0002923	YMR231W	tr|A0A099P4E8|A0A099P4E8_PICKU
OG0002924	YMR233W, YOR295W	
OG0002925	YMR235C	tr|A0A099P8M7|A0A099P8M7_PICKU
OG0002926	YMR238W	tr|A0A099P3C3|A0A099P3C3_PICKU
OG0002927	YMR239C	tr|A0A099NYL6|A0A099NYL6_PICKU
OG0002928	YMR240C	tr|A0A099P0T5|A0A099P0T5_PICKU
OG0002929	YMR241W	tr|A0A099P830|A0A099P830_PICKU
OG0002930	YMR244C-A	tr|A0A099NX81|A0A099NX81_PICKU
OG0002931	YMR247C	tr|A0A099P2B6|A0A099P2B6_PICKU
OG0002932	YMR250W	tr|A0A099P4Z4|A0A099P4Z4_PICKU
OG0002933	YMR251W-A, YOL052C-A	
OG0002934	YMR256C	tr|A0A099P1K0|A0A099P1K0_PICKU
OG0002935	YMR259C	tr|A0A099P7C0|A0A099P7C0_PICKU
OG0002936	YMR260C	tr|A0A099P537|A0A099P537_PICKU
OG0002937	YMR262W	tr|A0A099P905|A0A099P905_PICKU
OG0002938	YMR266W	tr|A0A099P0N0|A0A099P0N0_PICKU
OG0002939	YMR274C	tr|A0A099P1E3|A0A099P1E3_PICKU
OG0002940	YMR277W	tr|A0A099NYG1|A0A099NYG1_PICKU
OG0002941	YMR278W	tr|A0A099NSS1|A0A099NSS1_PICKU
OG0002942	YMR280C	tr|A0A099P6V0|A0A099P6V0_PICKU
OG0002943	YMR281W	tr|A0A099P675|A0A099P675_PICKU
OG0002944	YMR283C	tr|A0A099P8Q2|A0A099P8Q2_PICKU
OG0002945	YMR285C	tr|A0A099P4Y6|A0A099P4Y6_PICKU
OG0002946	YMR287C	tr|A0A099P3N5|A0A099P3N5_PICKU
OG0002947	YMR288W	tr|A0A099P2X8|A0A099P2X8_PICKU
OG0002948	YMR289W	tr|A0A099P0D4|A0A099P0D4_PICKU
OG0002949	YMR290C	tr|A0A099P6T1|A0A099P6T1_PICKU
OG0002950	YMR293C	tr|A0A099NXN2|A0A099NXN2_PICKU
OG0002951	YMR296C	tr|A0A099NYG5|A0A099NYG5_PICKU
OG0002952	YMR297W	tr|A0A099P061|A0A099P061_PICKU
OG0002953	YMR300C	tr|A0A099P6D5|A0A099P6D5_PICKU
OG0002954	YMR304W	tr|A0A099P4B6|A0A099P4B6_PICKU
OG0002955	YMR308C	tr|A0A099P2R0|A0A099P2R0_PICKU
OG0002956	YMR309C	tr|A0A099P2R7|A0A099P2R7_PICKU
OG0002957	YMR311C	tr|A0A099P726|A0A099P726_PICKU
OG0002958	YMR312W	tr|A0A099P2Q1|A0A099P2Q1_PICKU
OG0002959	YMR313C	tr|A0A099P4F3|A0A099P4F3_PICKU
OG0002960	YMR314W	tr|A0A099NU71|A0A099NU71_PICKU
OG0002961	YMR315W	tr|A0A099NZJ8|A0A099NZJ8_PICKU
OG0002962	YMR319C	tr|A0A099P3R5|A0A099P3R5_PICKU
OG0002963	YNL002C	tr|A0A099NVA8|A0A099NVA8_PICKU
OG0002964	YNL003C	tr|A0A099NX54|A0A099NX54_PICKU
OG0002965	YNL005C	tr|A0A099P118|A0A099P118_PICKU
OG0002966	YNL006W	tr|A0A099NYY8|A0A099NYY8_PICKU
OG0002967	YNL010W	tr|A0A099P902|A0A099P902_PICKU
OG0002968	YNL015W	tr|A0A099P4L6|A0A099P4L6_PICKU
OG0002969	YNL016W	tr|A0A099P6K5|A0A099P6K5_PICKU
OG0002970	YNL018C, YNL034W	
OG0002971	YNL019C, YNL033W	
OG0002972	YNL021W	tr|A0A099P8F9|A0A099P8F9_PICKU
OG0002973	YNL022C	tr|A0A099P625|A0A099P625_PICKU
OG0002974	YNL025C	tr|A0A099P7Y5|A0A099P7Y5_PICKU
OG0002975	YNL027W	tr|A0A099P658|A0A099P658_PICKU
OG0002976	YNL032W	tr|A0A099P801|A0A099P801_PICKU
OG0002977	YNL035C	tr|A0A099P8J0|A0A099P8J0_PICKU
OG0002978	YNL036W	tr|A0A099P142|A0A099P142_PICKU
OG0002979	YNL037C	tr|A0A099NXI4|A0A099NXI4_PICKU
OG0002980	YNL041C	tr|A0A099P0Q8|A0A099P0Q8_PICKU
OG0002981	YNL045W	tr|A0A099P199|A0A099P199_PICKU
OG0002982	YNL048W	tr|A0A099NY10|A0A099NY10_PICKU
OG0002983	YNL051W	tr|A0A099NZK7|A0A099NZK7_PICKU
OG0002984	YNL054W	tr|A0A099NVA0|A0A099NVA0_PICKU
OG0002985	YNL056W	tr|A0A099P494|A0A099P494_PICKU
OG0002986	YNL059C	tr|A0A099NXK6|A0A099NXK6_PICKU
OG0002987	YNL061W	tr|A0A099NVT6|A0A099NVT6_PICKU
OG0002988	YNL062C	tr|A0A099NXT0|A0A099NXT0_PICKU
OG0002989	YNL063W	tr|A0A099NVU9|A0A099NVU9_PICKU
OG0002990	YNL064C	tr|A0A099NTC8|A0A099NTC8_PICKU
OG0002991	YNL071W	tr|A0A099P1T3|A0A099P1T3_PICKU
OG0002992	YNL073W	tr|A0A099P032|A0A099P032_PICKU
OG0002993	YNL075W	tr|A0A099P1L5|A0A099P1L5_PICKU
OG0002994	YNL076W	tr|A0A099P252|A0A099P252_PICKU
OG0002995	YNL081C	tr|A0A099NWE0|A0A099NWE0_PICKU
OG0002996	YNL082W	tr|A0A099NV72|A0A099NV72_PICKU
OG0002997	YNL083W	tr|A0A099P3P5|A0A099P3P5_PICKU
OG0002998	YNL084C	tr|A0A099NWY8|A0A099NWY8_PICKU
OG0002999	YNL088W	tr|A0A099P7T3|A0A099P7T3_PICKU
OG0003000	YNL092W	tr|A0A099P4F8|A0A099P4F8_PICKU
OG0003001	YNL099C	tr|A0A099P578|A0A099P578_PICKU
OG0003002	YNL101W	tr|A0A099P583|A0A099P583_PICKU
OG0003003	YNL102W	tr|A0A099P763|A0A099P763_PICKU
OG0003004	YNL107W	tr|A0A099NX98|A0A099NX98_PICKU
OG0003005	YNL110C	tr|A0A099P443|A0A099P443_PICKU
OG0003006	YNL111C	tr|A0A099P250|A0A099P250_PICKU
OG0003007	YNL112W	tr|A0A099P1A4|A0A099P1A4_PICKU
OG0003008	YNL113W	tr|A0A099NZ46|A0A099NZ46_PICKU
OG0003009	YNL118C	tr|A0A099P8B8|A0A099P8B8_PICKU
OG0003010	YNL119W	tr|A0A099P2B0|A0A099P2B0_PICKU
OG0003011	YNL123W	tr|A0A099P776|A0A099P776_PICKU
OG0003012	YNL124W	tr|A0A099P7M1|A0A099P7M1_PICKU
OG0003013	YNL126W	tr|A0A099P788|A0A099P788_PICKU
OG0003014	YNL127W	tr|A0A099P4Y2|A0A099P4Y2_PICKU
OG0003015	YNL129W	tr|A0A099P4U5|A0A099P4U5_PICKU
OG0003016	YNL131W	tr|A0A099P599|A0A099P599_PICKU
OG0003017	YNL132W	tr|A0A099P736|A0A099P736_PICKU
OG0003018	YNL135C	tr|A0A099P0R9|A0A099P0R9_PICKU
OG0003019	YNL137C	tr|A0A099NXX0|A0A099NXX0_PICKU
OG0003020	YNL138W	tr|A0A099NVW0|A0A099NVW0_PICKU
OG0003021	YNL139C	tr|A0A099NXW6|A0A099NXW6_PICKU
OG0003022	YNL141W	tr|A0A099P7E5|A0A099P7E5_PICKU
OG0003023	YNL142W	tr|A0A099P925|A0A099P925_PICKU
OG0003024	YNL149C	tr|A0A099P3Q2|A0A099P3Q2_PICKU
OG0003025	YNL151C	tr|A0A099P6B1|A0A099P6B1_PICKU
OG0003026	YNL153C	tr|A0A099P5H6|A0A099P5H6_PICKU
OG0003027	YNL161W	tr|A0A099P721|A0A099P721_PICKU
OG0003028	YNL163C	tr|A0A099NYT8|A0A099NYT8_PICKU
OG0003029	YNL167C	tr|A0A099NYL0|A0A099NYL0_PICKU
OG0003030	YNL168C	tr|A0A099NX09|A0A099NX09_PICKU
OG0003031	YNL169C	tr|A0A099P5W8|A0A099P5W8_PICKU
OG0003032	YNL175C	tr|A0A099P2T8|A0A099P2T8_PICKU
OG0003033	YNL177C	tr|A0A099P6M9|A0A099P6M9_PICKU
OG0003034	YNL178W	tr|A0A099P5R5|A0A099P5R5_PICKU
OG0003035	YNL182C	tr|A0A099P8F7|A0A099P8F7_PICKU
OG0003036	YNL183C	tr|A0A099NXQ7|A0A099NXQ7_PICKU
OG0003037	YNL185C	tr|A0A099NW01|A0A099NW01_PICKU
OG0003038	YNL186W	tr|A0A099NXQ2|A0A099NXQ2_PICKU
OG0003039	YNL189W	tr|A0A099NY72|A0A099NY72_PICKU
OG0003040	YNL191W	tr|A0A099P0K4|A0A099P0K4_PICKU
OG0003041	YNL192W	tr|A0A099NYG3|A0A099NYG3_PICKU
OG0003042	YNL193W	tr|A0A099P861|A0A099P861_PICKU
OG0003043	YNL200C	tr|A0A099P7P4|A0A099P7P4_PICKU
OG0003044	YNL201C	tr|A0A099P9Y8|A0A099P9Y8_PICKU
OG0003045	YNL202W	tr|A0A099P7C3|A0A099P7C3_PICKU
OG0003046	YNL206C	tr|A0A099P266|A0A099P266_PICKU
OG0003047	YNL207W	tr|A0A099P5T6|A0A099P5T6_PICKU
OG0003048	YNL212W	tr|A0A099NZF1|A0A099NZF1_PICKU
OG0003049	YNL213C	tr|A0A099NZM5|A0A099NZM5_PICKU
OG0003050	YNL215W	tr|A0A099P2E2|A0A099P2E2_PICKU
OG0003051	YNL216W	tr|A0A099NV46|A0A099NV46_PICKU
OG0003052	YNL218W	tr|A0A099NTZ7|A0A099NTZ7_PICKU
OG0003053	YNL221C	tr|A0A099P8S4|A0A099P8S4_PICKU
OG0003054	YNL224C	tr|A0A099P7H9|A0A099P7H9_PICKU
OG0003055	YNL227C	tr|A0A099P4B7|A0A099P4B7_PICKU
OG0003056	YNL229C	tr|A0A099NPZ0|A0A099NPZ0_PICKU
OG0003057	YNL231C	tr|A0A099P474|A0A099P474_PICKU
OG0003058	YNL232W	tr|A0A099P243|A0A099P243_PICKU
OG0003059	YNL233W	tr|A0A099P683|A0A099P683_PICKU
OG0003060	YNL234W	tr|A0A099P480|A0A099P480_PICKU
OG0003061	YNL236W	tr|A0A099P6S8|A0A099P6S8_PICKU
OG0003062	YNL237W	tr|A0A099P9D9|A0A099P9D9_PICKU
OG0003063	YNL238W	tr|A0A099P560|A0A099P560_PICKU
OG0003064	YNL239W	tr|A0A099P897|A0A099P897_PICKU
OG0003065	YNL240C	tr|A0A099P9D4|A0A099P9D4_PICKU
OG0003066	YNL241C	tr|A0A099P717|A0A099P717_PICKU
OG0003067	YNL243W	tr|A0A099P3Q3|A0A099P3Q3_PICKU
OG0003068	YNL244C	tr|A0A099P3Q8|A0A099P3Q8_PICKU
OG0003069	YNL245C	tr|A0A099P1C4|A0A099P1C4_PICKU
OG0003070	YNL246W	tr|A0A099NZW7|A0A099NZW7_PICKU
OG0003071	YNL247W	tr|A0A099P7B0|A0A099P7B0_PICKU
OG0003072	YNL248C	tr|A0A099P4V0|A0A099P4V0_PICKU
OG0003073	YNL251C	tr|A0A099NYD7|A0A099NYD7_PICKU
OG0003074	YNL252C	tr|A0A099P2K3|A0A099P2K3_PICKU
OG0003075	YNL253W	tr|A0A099NZK1|A0A099NZK1_PICKU
OG0003076	YNL254C	tr|A0A099NZJ4|A0A099NZJ4_PICKU
OG0003077	YNL256W	tr|A0A099P1V3|A0A099P1V3_PICKU
OG0003078	YNL259C	tr|A0A099NU78|A0A099NU78_PICKU
OG0003079	YNL260C	tr|A0A099NVM4|A0A099NVM4_PICKU
OG0003080	YNL261W	tr|A0A099NXZ3|A0A099NXZ3_PICKU
OG0003081	YNL267W	tr|A0A099P566|A0A099P566_PICKU
OG0003082	YNL272C	tr|A0A099P525|A0A099P525_PICKU
OG0003083	YNL275W	tr|A0A099NYE6|A0A099NYE6_PICKU
OG0003084	YNL277W	tr|A0A099P6T0|A0A099P6T0_PICKU
OG0003085	YNL279W	tr|A0A099NZD2|A0A099NZD2_PICKU
OG0003086	YNL280C	tr|A0A099P4I0|A0A099P4I0_PICKU
OG0003087	YNL284C	tr|A0A099NZB7|A0A099NZB7_PICKU
OG0003088	YNL287W	tr|A0A099NX05|A0A099NX05_PICKU
OG0003089	YNL288W	tr|A0A099NX36|A0A099NX36_PICKU
OG0003090	YNL292W	tr|A0A099P4N0|A0A099P4N0_PICKU
OG0003091	YNL297C	tr|A0A099P6W6|A0A099P6W6_PICKU
OG0003092	YNL302C, YOL121C	
OG0003093	YNL306W	tr|A0A099P6H4|A0A099P6H4_PICKU
OG0003094	YNL307C	tr|A0A099P4D6|A0A099P4D6_PICKU
OG0003095	YNL308C	tr|A0A099P8N1|A0A099P8N1_PICKU
OG0003096	YNL310C	tr|A0A099NZ76|A0A099NZ76_PICKU
OG0003097	YNL312W	tr|A0A099P0C4|A0A099P0C4_PICKU
OG0003098	YNL313C	tr|A0A099NXA5|A0A099NXA5_PICKU
OG0003099	YNL315C	tr|A0A099NZR5|A0A099NZR5_PICKU
OG0003100	YNL316C	tr|A0A099P1T0|A0A099P1T0_PICKU
OG0003101	YNL317W	tr|A0A099NWV5|A0A099NWV5_PICKU
OG0003102	YNL321W	tr|A0A099NZ85|A0A099NZ85_PICKU
OG0003103	YNL323W	tr|A0A099NZD0|A0A099NZD0_PICKU
OG0003104	YNL325C	tr|A0A099P3C2|A0A099P3C2_PICKU
OG0003105	YNL328C	tr|A0A099P7A0|A0A099P7A0_PICKU
OG0003106	YNL329C	tr|A0A099NKI5|A0A099NKI5_PICKU
OG0003107	YNL330C	tr|A0A099P0U0|A0A099P0U0_PICKU
OG0003108	YNR001C	tr|Q8NJ70|Q8NJ70_PICKU
OG0003109	YNR003C	tr|A0A099P7T0|A0A099P7T0_PICKU
OG0003110	YNR007C	tr|A0A099P935|A0A099P935_PICKU
OG0003111	YNR008W	tr|A0A099P941|A0A099P941_PICKU
OG0003112	YNR012W	tr|A0A099NTS8|A0A099NTS8_PICKU
OG0003113	YNR013C	tr|A0A099NWB9|A0A099NWB9_PICKU
OG0003114	YNR015W	tr|A0A099NYU2|A0A099NYU2_PICKU
OG0003115	YNR017W	tr|A0A099P8B4|A0A099P8B4_PICKU
OG0003116	YNR018W	tr|A0A099P8Z4|A0A099P8Z4_PICKU
OG0003117	YNR019W	tr|A0A099NTL1|A0A099NTL1_PICKU
OG0003118	YNR020C	tr|A0A099NU76|A0A099NU76_PICKU
OG0003119	YNR021W	tr|A0A099NW96|A0A099NW96_PICKU
OG0003120	YNR029C	tr|A0A099P7W0|A0A099P7W0_PICKU
OG0003121	YNR030W	tr|A0A099P738|A0A099P738_PICKU
OG0003122	YNR033W	tr|A0A099NXL8|A0A099NXL8_PICKU
OG0003123	YNR035C	tr|A0A099P2Y2|A0A099P2Y2_PICKU
OG0003124	YNR036C	tr|A0A099P8M8|A0A099P8M8_PICKU
OG0003125	YNR037C	tr|A0A099NZV6|A0A099NZV6_PICKU
OG0003126	YNR040W	tr|A0A099P1D3|A0A099P1D3_PICKU
OG0003127	YNR041C	tr|A0A099NXI6|A0A099NXI6_PICKU
OG0003128	YNR053C	tr|A0A099NWL3|A0A099NWL3_PICKU
OG0003129	YNR054C	tr|A0A099P3W2|A0A099P3W2_PICKU
OG0003130	YNR055C	tr|A0A099NZC7|A0A099NZC7_PICKU
OG0003131	YNR057C	tr|A0A099P3Z3|A0A099P3Z3_PICKU
OG0003132	YNR058W	tr|A0A099P400|A0A099P400_PICKU
OG0003133	YOL001W	tr|A0A099NX59|A0A099NX59_PICKU
OG0003134	YOL003C	tr|A0A099P3V6|A0A099P3V6_PICKU
OG0003135	YOL004W	tr|A0A099P5S1|A0A099P5S1_PICKU
OG0003136	YOL005C	tr|A0A099P631|A0A099P631_PICKU
OG0003137	YOL006C	tr|A0A099P420|A0A099P420_PICKU
OG0003138	YOL008W	tr|A0A099P0F4|A0A099P0F4_PICKU
OG0003139	YOL009C	tr|A0A099NW43|A0A099NW43_PICKU
OG0003140	YOL010W	tr|A0A099NYR8|A0A099NYR8_PICKU
OG0003141	YOL012C	tr|A0A099P2E8|A0A099P2E8_PICKU
OG0003142	YOL013C	tr|A0A099P0P0|A0A099P0P0_PICKU
OG0003143	YOL013W-A, YOR072W-B	
OG0003144	YOL018C	tr|A0A099P969|A0A099P969_PICKU
OG0003145	YOL021C	tr|A0A099P1D7|A0A099P1D7_PICKU
OG0003146	YOL022C	tr|A0A099NWW0|A0A099NWW0_PICKU
OG0003147	YOL026C	tr|A0A099P128|A0A099P128_PICKU
OG0003148	YOL031C	tr|A0A099P6K8|A0A099P6K8_PICKU
OG0003149	YOL032W	tr|A0A099P4B3|A0A099P4B3_PICKU
OG0003150	YOL033W	tr|A0A099P4W3|A0A099P4W3_PICKU
OG0003151	YOL034W	tr|A0A099NPV5|A0A099NPV5_PICKU
OG0003152	YOL038W	tr|A0A099NWR5|A0A099NWR5_PICKU
OG0003153	YOL040C	tr|A0A099P5H5|A0A099P5H5_PICKU
OG0003154	YOL042W	tr|A0A099NZ51|A0A099NZ51_PICKU
OG0003155	YOL049W	tr|A0A099NVW6|A0A099NVW6_PICKU
OG0003156	YOL052C	tr|A0A099P0P7|A0A099P0P7_PICKU
OG0003157	YOL057W	tr|A0A099P550|A0A099P550_PICKU
OG0003158	YOL058W	tr|A0A099P4Q2|A0A099P4Q2_PICKU
OG0003159	YOL060C	tr|A0A099NY58|A0A099NY58_PICKU
OG0003160	YOL064C	tr|A0A099P6U5|A0A099P6U5_PICKU
OG0003161	YOL069W	tr|A0A099P8I7|A0A099P8I7_PICKU
OG0003162	YOL070C	tr|A0A099P5T1|A0A099P5T1_PICKU
OG0003163	YOL071W	tr|A0A099P7F4|A0A099P7F4_PICKU
OG0003164	YOL072W	tr|A0A099P6P8|A0A099P6P8_PICKU
OG0003165	YOL073C	tr|A0A099NWD1|A0A099NWD1_PICKU
OG0003166	YOL076W	tr|A0A099P0I8|A0A099P0I8_PICKU
OG0003167	YOL077C	tr|A0A099NZY2|A0A099NZY2_PICKU
OG0003168	YOL077W-A	tr|A0A099P0U7|A0A099P0U7_PICKU
OG0003169	YOL080C	tr|A0A099NTU1|A0A099NTU1_PICKU
OG0003170	YOL082W, YOL083W	
OG0003171	YOL084W	tr|A0A099P2T9|A0A099P2T9_PICKU
OG0003172	YOL090W	tr|A0A099P4E2|A0A099P4E2_PICKU
OG0003173	YOL094C	tr|A0A099NTC2|A0A099NTC2_PICKU
OG0003174	YOL097C	tr|A0A099P0I2|A0A099P0I2_PICKU
OG0003175	YOL098C	tr|A0A099P178|A0A099P178_PICKU
OG0003176	YOL102C	tr|A0A099NYF2|A0A099NYF2_PICKU
OG0003177	YOL107W	tr|A0A099P9F0|A0A099P9F0_PICKU
OG0003178	YOL108C	tr|A0A099P9F5|A0A099P9F5_PICKU
OG0003179	YOL119C	tr|A0A099NZI0|A0A099NZI0_PICKU
OG0003180	YOL123W	tr|A0A099NZ19|A0A099NZ19_PICKU
OG0003181	YOL124C	tr|A0A099NZ24|A0A099NZ24_PICKU
OG0003182	YOL125W	tr|A0A099P605|A0A099P605_PICKU
OG0003183	YOL127W	tr|A0A099P8P7|A0A099P8P7_PICKU
OG0003184	YOL129W	tr|A0A099P479|A0A099P479_PICKU
OG0003185	YOL132W	tr|A0A099NSA3|A0A099NSA3_PICKU
OG0003186	YOL135C	tr|A0A099NWN6|A0A099NWN6_PICKU
OG0003187	YOL136C	tr|A0A099NV38|A0A099NV38_PICKU
OG0003188	YOL138C	tr|A0A099NZZ0|A0A099NZZ0_PICKU
OG0003189	YOL139C	tr|A0A099P1Q5|A0A099P1Q5_PICKU
OG0003190	YOL140W	tr|A0A099P1Q1|A0A099P1Q1_PICKU
OG0003191	YOL141W	tr|A0A099P3S9|A0A099P3S9_PICKU
OG0003192	YOL142W	tr|A0A099P380|A0A099P380_PICKU
OG0003193	YOL143C	tr|A0A099P6H5|A0A099P6H5_PICKU
OG0003194	YOL144W	tr|A0A099P3M9|A0A099P3M9_PICKU
OG0003195	YOL145C	tr|A0A099P5S5|A0A099P5S5_PICKU
OG0003196	YOL147C	tr|A0A099NXI0|A0A099NXI0_PICKU
OG0003197	YOL149W	tr|A0A099P460|A0A099P460_PICKU
OG0003198	YOR001W	tr|A0A099P238|A0A099P238_PICKU
OG0003199	YOR002W	tr|A0A099P6A5|A0A099P6A5_PICKU
OG0003200	YOR004W	tr|A0A099P0L5|A0A099P0L5_PICKU
OG0003201	YOR005C	tr|A0A099P6U8|A0A099P6U8_PICKU
OG0003202	YOR006C	tr|A0A099P5F0|A0A099P5F0_PICKU
OG0003203	YOR007C	tr|A0A099P7D4|A0A099P7D4_PICKU
OG0003204	YOR008C	tr|A0A099P4P7|A0A099P4P7_PICKU
OG0003205	YOR014W	tr|A0A099NWM3|A0A099NWM3_PICKU
OG0003206	YOR017W	tr|A0A099NXN9|A0A099NXN9_PICKU
OG0003207	YOR020C	tr|A0A099P069|A0A099P069_PICKU
OG0003208	YOR021C	tr|A0A099P1M7|A0A099P1M7_PICKU
OG0003209	YOR025W	tr|A0A099NT93|A0A099NT93_PICKU
OG0003210	YOR032C	tr|A0A099NVR6|A0A099NVR6_PICKU
OG0003211	YOR035C	tr|A0A099P8N0|A0A099P8N0_PICKU
OG0003212	YOR036W	tr|A0A099P727|A0A099P727_PICKU
OG0003213	YOR037W	tr|A0A099NUM6|A0A099NUM6_PICKU
OG0003214	YOR039W	tr|A0A099P4U6|A0A099P4U6_PICKU
OG0003215	YOR042W	tr|A0A099NNY3|A0A099NNY3_PICKU
OG0003216	YOR043W	tr|A0A099P437|A0A099P437_PICKU
OG0003217	YOR046C	tr|A0A099NVG1|A0A099NVG1_PICKU
OG0003218	YOR048C	tr|A0A099P5Q2|A0A099P5Q2_PICKU
OG0003219	YOR051C	tr|A0A099P289|A0A099P289_PICKU
OG0003220	YOR056C	tr|A0A099P5C3|A0A099P5C3_PICKU
OG0003221	YOR058C	tr|A0A099P812|A0A099P812_PICKU
OG0003222	YOR059C	tr|A0A099NWI7|A0A099NWI7_PICKU
OG0003223	YOR063W	tr|A0A099NWB6|A0A099NWB6_PICKU
OG0003224	YOR065W	tr|A0A099P2Y3|A0A099P2Y3_PICKU
OG0003225	YOR067C	tr|A0A099NWE6|A0A099NWE6_PICKU
OG0003226	YOR074C	tr|A0A099P3D4|A0A099P3D4_PICKU
OG0003227	YOR075W	tr|A0A099P134|A0A099P134_PICKU
OG0003228	YOR079C	tr|A0A099P989|A0A099P989_PICKU
OG0003229	YOR080W	tr|A0A099P3T5|A0A099P3T5_PICKU
OG0003230	YOR087W	tr|A0A099P523|A0A099P523_PICKU
OG0003231	YOR089C	tr|A0A099P4B4|A0A099P4B4_PICKU
OG0003232	YOR090C	tr|A0A099P4X8|A0A099P4X8_PICKU
OG0003233	YOR091W	tr|A0A099P216|A0A099P216_PICKU
OG0003234	YOR093C	tr|A0A099P271|A0A099P271_PICKU
OG0003235	YOR095C	tr|A0A099P5M6|A0A099P5M6_PICKU
OG0003236	YOR099W	tr|A0A099P1U4|A0A099P1U4_PICKU
OG0003237	YOR100C	tr|A0A099P502|A0A099P502_PICKU
OG0003238	YOR103C	tr|A0A099P7S0|A0A099P7S0_PICKU
OG0003239	YOR111W	tr|A0A099P1S8|A0A099P1S8_PICKU
OG0003240	YOR116C	tr|A0A099P516|A0A099P516_PICKU
OG0003241	YOR117W	tr|A0A099P7J9|A0A099P7J9_PICKU
OG0003242	YOR119C	tr|A0A099NWL0|A0A099NWL0_PICKU
OG0003243	YOR122C	tr|A0A099P0T7|A0A099P0T7_PICKU
OG0003244	YOR124C	tr|A0A099P3P4|A0A099P3P4_PICKU
OG0003245	YOR125C	tr|A0A099NXL1|A0A099NXL1_PICKU
OG0003246	YOR126C	tr|A0A099NY41|A0A099NY41_PICKU
OG0003247	YOR128C	tr|A0A099P4H3|A0A099P4H3_PICKU
OG0003248	YOR131C	tr|A0A099P3I1|A0A099P3I1_PICKU
OG0003249	YOR132W	tr|A0A099NXJ2|A0A099NXJ2_PICKU
OG0003250	YOR136W	tr|A0A099P0J4|A0A099P0J4_PICKU
OG0003251	YOR140W	tr|A0A099NYX6|A0A099NYX6_PICKU
OG0003252	YOR143C	tr|A0A099P4X9|A0A099P4X9_PICKU
OG0003253	YOR145C	tr|A0A099NXC4|A0A099NXC4_PICKU
OG0003254	YOR148C	tr|A0A099P4C2|A0A099P4C2_PICKU
OG0003255	YOR150W	tr|A0A099P291|A0A099P291_PICKU
OG0003256	YOR151C	tr|A0A099NZT4|A0A099NZT4_PICKU
OG0003257	YOR154W	tr|A0A099P4L2|A0A099P4L2_PICKU
OG0003258	YOR157C	tr|A0A099P3K4|A0A099P3K4_PICKU
OG0003259	YOR158W	tr|A0A099P5U0|A0A099P5U0_PICKU
OG0003260	YOR159C	tr|A0A099NW59|A0A099NW59_PICKU
OG0003261	YOR161C	tr|A0A099P1Z0|A0A099P1Z0_PICKU
OG0003262	YOR163W	tr|A0A099NZX3|A0A099NZX3_PICKU
OG0003263	YOR164C	tr|A0A099P1J5|A0A099P1J5_PICKU
OG0003264	YOR165W	tr|A0A099NYD2|A0A099NYD2_PICKU
OG0003265	YOR166C	tr|A0A099P247|A0A099P247_PICKU
OG0003266	YOR168W	tr|A0A099NW81|A0A099NW81_PICKU
OG0003267	YOR174W	tr|A0A099NXM4|A0A099NXM4_PICKU
OG0003268	YOR175C	tr|A0A099P067|A0A099P067_PICKU
OG0003269	YOR176W	tr|A0A099NYC1|A0A099NYC1_PICKU
OG0003270	YOR181W	tr|A0A099P2E5|A0A099P2E5_PICKU
OG0003271	YOR184W	tr|A0A099P2B4|A0A099P2B4_PICKU
OG0003272	YOR187W	tr|A0A099P5H4|A0A099P5H4_PICKU
OG0003273	YOR193W, YPL112C	
OG0003274	YOR196C	tr|A0A099P3G2|A0A099P3G2_PICKU
OG0003275	YOR198C	tr|A0A099P123|A0A099P123_PICKU
OG0003276	YOR201C	tr|A0A099NVV9|A0A099NVV9_PICKU
OG0003277	YOR206W	tr|A0A099P2L2|A0A099P2L2_PICKU
OG0003278	YOR207C	tr|A0A099P2F4|A0A099P2F4_PICKU
OG0003279	YOR210W	tr|A0A099NSC2|A0A099NSC2_PICKU
OG0003280	YOR211C	tr|A0A099P6R7|A0A099P6R7_PICKU
OG0003281	YOR212W	tr|A0A099P0P9|A0A099P0P9_PICKU
OG0003282	YOR215C	tr|A0A099P4Y1|A0A099P4Y1_PICKU
OG0003283	YOR216C	tr|A0A099P2S2|A0A099P2S2_PICKU
OG0003284	YOR217W	tr|A0A099NW52|A0A099NW52_PICKU
OG0003285	YOR219C	tr|A0A099P751|A0A099P751_PICKU
OG0003286	YOR221C	tr|A0A099P3F1|A0A099P3F1_PICKU
OG0003287	YOR223W	tr|A0A099P755|A0A099P755_PICKU
OG0003288	YOR224C	tr|A0A099P4X4|A0A099P4X4_PICKU
OG0003289	YOR226C	tr|A0A099NZY4|A0A099NZY4_PICKU
OG0003290	YOR232W	tr|A0A099NSJ0|A0A099NSJ0_PICKU
OG0003291	YOR239W	tr|A0A099P2H2|A0A099P2H2_PICKU
OG0003292	YOR241W	tr|A0A099P6P7|A0A099P6P7_PICKU
OG0003293	YOR243C	tr|A0A099P0Z6|A0A099P0Z6_PICKU
OG0003294	YOR244W	tr|A0A099P3N3|A0A099P3N3_PICKU
OG0003295	YOR245C	tr|A0A099NUU3|A0A099NUU3_PICKU
OG0003296	YOR246C	tr|A0A099NUK4|A0A099NUK4_PICKU
OG0003297	YOR247W, YPL163C	
OG0003298	YOR249C	tr|A0A099P2U8|A0A099P2U8_PICKU
OG0003299	YOR250C	tr|A0A099P068|A0A099P068_PICKU
OG0003300	YOR251C	tr|A0A099P3V1|A0A099P3V1_PICKU
OG0003301	YOR252W	tr|A0A099P3X2|A0A099P3X2_PICKU
OG0003302	YOR254C	tr|A0A099P087|A0A099P087_PICKU
OG0003303	YOR259C	tr|A0A099NW73|A0A099NW73_PICKU
OG0003304	YOR262W	tr|A0A099P327|A0A099P327_PICKU
OG0003305	YOR265W	tr|A0A099P0Q6|A0A099P0Q6_PICKU
OG0003306	YOR267C	tr|A0A099NY48|A0A099NY48_PICKU
OG0003307	YOR269W	tr|A0A099P5V8|A0A099P5V8_PICKU
OG0003308	YOR270C	tr|A0A099P4I1|A0A099P4I1_PICKU
OG0003309	YOR271C	tr|A0A099NVX8|A0A099NVX8_PICKU
OG0003310	YOR272W	tr|A0A099NYD1|A0A099NYD1_PICKU
OG0003311	YOR273C	tr|A0A099P3J3|A0A099P3J3_PICKU
OG0003312	YOR274W	tr|A0A099NWH4|A0A099NWH4_PICKU
OG0003313	YOR275C	tr|A0A099P0B1|A0A099P0B1_PICKU
OG0003314	YOR278W	tr|A0A099P617|A0A099P617_PICKU
OG0003315	YOR281C	tr|A0A099P5Y3|A0A099P5Y3_PICKU
OG0003316	YOR287C	tr|A0A099P3D1|A0A099P3D1_PICKU
OG0003317	YOR288C	tr|A0A099NWJ3|A0A099NWJ3_PICKU
OG0003318	YOR289W	tr|A0A099NYU3|A0A099NYU3_PICKU
OG0003319	YOR290C	tr|A0A099NX29|A0A099NX29_PICKU
OG0003320	YOR291W	tr|A0A099NZ98|A0A099NZ98_PICKU
OG0003321	YOR294W	tr|A0A099P0U3|A0A099P0U3_PICKU
OG0003322	YOR297C	tr|A0A099NVF7|A0A099NVF7_PICKU
OG0003323	YOR298C-A	tr|A0A099P963|A0A099P963_PICKU
OG0003324	YOR298W	tr|A0A099P9J0|A0A099P9J0_PICKU
OG0003325	YOR301W	tr|A0A099P526|A0A099P526_PICKU
OG0003326	YOR304W	tr|A0A099P1F9|A0A099P1F9_PICKU
OG0003327	YOR305W	tr|A0A099NYK7|A0A099NYK7_PICKU
OG0003328	YOR307C	tr|A0A099P5I7|A0A099P5I7_PICKU
OG0003329	YOR310C	tr|A0A099NXJ4|A0A099NXJ4_PICKU
OG0003330	YOR311C	tr|A0A099NZ65|A0A099NZ65_PICKU
OG0003331	YOR322C	tr|A0A099P1S3|A0A099P1S3_PICKU
OG0003332	YOR323C	tr|A0A099NYV4|A0A099NYV4_PICKU
OG0003333	YOR326W	tr|A0A099P6D8|A0A099P6D8_PICKU
OG0003334	YOR334W	tr|A0A099P4C4|A0A099P4C4_PICKU
OG0003335	YOR340C	tr|A0A099P539|A0A099P539_PICKU
OG0003336	YOR341W	tr|A0A099P8G0|A0A099P8G0_PICKU
OG0003337	YOR351C	tr|A0A099P7D0|A0A099P7D0_PICKU
OG0003338	YOR352W	tr|A0A099P5K3|A0A099P5K3_PICKU
OG0003339	YOR353C	tr|A0A099P0K7|A0A099P0K7_PICKU
OG0003340	YOR356W	tr|A0A099NYB9|A0A099NYB9_PICKU
OG0003341	YOR357C	tr|A0A099P1C9|A0A099P1C9_PICKU
OG0003342	YOR359W	tr|A0A099NX46|A0A099NX46_PICKU
OG0003343	YOR362C	tr|A0A099P220|A0A099P220_PICKU
OG0003344	YOR367W	tr|A0A099NTB2|A0A099NTB2_PICKU
OG0003345	YOR368W	tr|A0A099P628|A0A099P628_PICKU
OG0003346	YOR369C	tr|A0A099NYC0|A0A099NYC0_PICKU
OG0003347	YOR370C	tr|A0A099P005|A0A099P005_PICKU
OG0003348	YOR374W	tr|A0A099P395|A0A099P395_PICKU
OG0003349	YOR390W, YPL279C	
OG0003350	YPL002C	tr|A0A099NXU5|A0A099NXU5_PICKU
OG0003351	YPL003W	tr|A0A099P1H2|A0A099P1H2_PICKU
OG0003352	YPL004C	tr|A0A099P086|A0A099P086_PICKU
OG0003353	YPL006W	tr|A0A099NYZ2|A0A099NYZ2_PICKU
OG0003354	YPL008W	tr|A0A099P0H8|A0A099P0H8_PICKU
OG0003355	YPL009C	tr|A0A099P4D5|A0A099P4D5_PICKU
OG0003356	YPL010W	tr|A0A099P673|A0A099P673_PICKU
OG0003357	YPL011C	tr|A0A099P1E2|A0A099P1E2_PICKU
OG0003358	YPL012W	tr|A0A099NZE6|A0A099NZE6_PICKU
OG0003359	YPL013C	tr|A0A099P133|A0A099P133_PICKU
OG0003360	YPL014W	tr|A0A099P497|A0A099P497_PICKU
OG0003361	YPL015C	tr|A0A099P699|A0A099P699_PICKU
OG0003362	YPL016W	tr|A0A099NXW9|A0A099NXW9_PICKU
OG0003363	YPL020C	tr|A0A099P490|A0A099P490_PICKU
OG0003364	YPL022W	tr|A0A099NVI3|A0A099NVI3_PICKU
OG0003365	YPL023C	tr|A0A099NXW4|A0A099NXW4_PICKU
OG0003366	YPL028W	tr|A0A099P5C0|A0A099P5C0_PICKU
OG0003367	YPL029W	tr|A0A099P524|A0A099P524_PICKU
OG0003368	YPL030W	tr|A0A099NWJ4|A0A099NWJ4_PICKU
OG0003369	YPL031C	tr|A0A099NWV7|A0A099NWV7_PICKU
OG0003370	YPL040C	tr|A0A099NY91|A0A099NY91_PICKU
OG0003371	YPL042C	tr|A0A099P326|A0A099P326_PICKU
OG0003372	YPL043W	tr|A0A099NX30|A0A099NX30_PICKU
OG0003373	YPL045W	tr|A0A099NZ73|A0A099NZ73_PICKU
OG0003374	YPL046C	tr|A0A099NZ21|A0A099NZ21_PICKU
OG0003375	YPL050C	tr|A0A099NYM9|A0A099NYM9_PICKU
OG0003376	YPL051W	tr|A0A099P227|A0A099P227_PICKU
OG0003377	YPL054W	tr|A0A099NY88|A0A099NY88_PICKU
OG0003378	YPL060W	tr|A0A099NX90|A0A099NX90_PICKU
OG0003379	YPL063W	tr|A0A099P6R6|A0A099P6R6_PICKU
OG0003380	YPL065W	tr|A0A099NZZ7|A0A099NZZ7_PICKU
OG0003381	YPL072W	tr|A0A099P0T6|A0A099P0T6_PICKU
OG0003382	YPL078C	tr|A0A099NS16|A0A099NS16_PICKU
OG0003383	YPL082C	tr|A0A099P5S4|A0A099P5S4_PICKU
OG0003384	YPL085W	tr|A0A099P3M6|A0A099P3M6_PICKU
OG0003385	YPL086C	tr|A0A099P0S5|A0A099P0S5_PICKU
OG0003386	YPL091W	tr|A0A099P388|A0A099P388_PICKU
OG0003387	YPL092W	tr|A0A099P3L0|A0A099P3L0_PICKU
OG0003388	YPL093W	tr|A0A099NWJ7|A0A099NWJ7_PICKU
OG0003389	YPL094C	tr|A0A099P6C2|A0A099P6C2_PICKU
OG0003390	YPL096W	tr|A0A099P0Z1|A0A099P0Z1_PICKU
OG0003391	YPL098C	tr|A0A099P4D1|A0A099P4D1_PICKU
OG0003392	YPL099C	tr|A0A099P2M8|A0A099P2M8_PICKU
OG0003393	YPL101W	tr|A0A099NXD7|A0A099NXD7_PICKU
OG0003394	YPL103C	tr|A0A099P0E3|A0A099P0E3_PICKU
OG0003395	YPL104W	tr|A0A099NYH1|A0A099NYH1_PICKU
OG0003396	YPL106C	tr|A0A099NUE3|A0A099NUE3_PICKU
OG0003397	YPL108W	tr|A0A099P855|A0A099P855_PICKU
OG0003398	YPL111W	tr|A0A099NXF3|A0A099NXF3_PICKU
OG0003399	YPL115C	tr|A0A099P4F6|A0A099P4F6_PICKU
OG0003400	YPL117C	tr|A0A099NS95|A0A099NS95_PICKU
OG0003401	YPL118W	tr|A0A099NWG0|A0A099NWG0_PICKU
OG0003402	YPL121C	tr|A0A099P2V0|A0A099P2V0_PICKU
OG0003403	YPL122C	tr|A0A099P0P6|A0A099P0P6_PICKU
OG0003404	YPL123C	tr|A0A099P2V6|A0A099P2V6_PICKU
OG0003405	YPL126W	tr|A0A099P1C1|A0A099P1C1_PICKU
OG0003406	YPL127C	tr|A0A099NZR6|A0A099NZR6_PICKU
OG0003407	YPL128C	tr|A0A099P4L7|A0A099P4L7_PICKU
OG0003408	YPL131W	tr|A0A099NWE2|A0A099NWE2_PICKU
OG0003409	YPL132W	tr|A0A099NXT9|A0A099NXT9_PICKU
OG0003410	YPL138C	tr|A0A099P4M9|A0A099P4M9_PICKU
OG0003411	YPL141C	tr|A0A099NX52|A0A099NX52_PICKU
OG0003412	YPL146C	tr|A0A099NV04|A0A099NV04_PICKU
OG0003413	YPL147W	tr|A0A099NVM0|A0A099NVM0_PICKU
OG0003414	YPL149W	tr|A0A099P2W8|A0A099P2W8_PICKU
OG0003415	YPL150W	tr|A0A099P8N6|A0A099P8N6_PICKU
OG0003416	YPL151C	tr|A0A099P9V0|A0A099P9V0_PICKU
OG0003417	YPL152W	tr|A0A099P3T1|A0A099P3T1_PICKU
OG0003418	YPL154C	tr|A0A099P0D3|A0A099P0D3_PICKU
OG0003419	YPL157W	tr|A0A099NXE5|A0A099NXE5_PICKU
OG0003420	YPL159C, YPR151C	
OG0003421	YPL160W	tr|A0A099NWZ1|A0A099NWZ1_PICKU
OG0003422	YPL162C	tr|A0A099NUL9|A0A099NUL9_PICKU
OG0003423	YPL167C	tr|A0A099P4X5|A0A099P4X5_PICKU
OG0003424	YPL169C	tr|A0A099NZC0|A0A099NZC0_PICKU
OG0003425	YPL170W	tr|A0A099P2B1|A0A099P2B1_PICKU
OG0003426	YPL172C	tr|A0A099P403|A0A099P403_PICKU
OG0003427	YPL173W	tr|A0A099NU97|A0A099NU97_PICKU
OG0003428	YPL174C	tr|A0A099NX35|A0A099NX35_PICKU
OG0003429	YPL175W	tr|A0A099NXB9|A0A099NXB9_PICKU
OG0003430	YPL178W	tr|A0A099P5H1|A0A099P5H1_PICKU
OG0003431	YPL180W	tr|A0A099NV44|A0A099NV44_PICKU
OG0003432	YPL181W	tr|A0A099NX39|A0A099NX39_PICKU
OG0003433	YPL183C	tr|A0A099NUG1|A0A099NUG1_PICKU
OG0003434	YPL184C	tr|A0A099P196|A0A099P196_PICKU
OG0003435	YPL188W	tr|A0A099P358|A0A099P358_PICKU
OG0003436	YPL190C	tr|A0A099P3E1|A0A099P3E1_PICKU
OG0003437	YPL195W	tr|A0A099NYA3|A0A099NYA3_PICKU
OG0003438	YPL196W	tr|A0A099P197|A0A099P197_PICKU
OG0003439	YPL203W	tr|A0A099NZ00|A0A099NZ00_PICKU
OG0003440	YPL204W	tr|A0A099P6D9|A0A099P6D9_PICKU
OG0003441	YPL207W	tr|A0A099P6D2|A0A099P6D2_PICKU
OG0003442	YPL211W	tr|A0A099NZF2|A0A099NZF2_PICKU
OG0003443	YPL212C	tr|A0A099NZE7|A0A099NZE7_PICKU
OG0003444	YPL213W	tr|A0A099P7Y3|A0A099P7Y3_PICKU
OG0003445	YPL214C	tr|A0A099P3H6|A0A099P3H6_PICKU
OG0003446	YPL215W	tr|A0A099P7Z0|A0A099P7Z0_PICKU
OG0003447	YPL217C	tr|A0A099NZH2|A0A099NZH2_PICKU
OG0003448	YPL218W	tr|A0A099NWQ5|A0A099NWQ5_PICKU
OG0003449	YPL222W	tr|A0A099NYX4|A0A099NYX4_PICKU
OG0003450	YPL225W	tr|A0A099P7Z9|A0A099P7Z9_PICKU
OG0003451	YPL226W	tr|A0A099P2V4|A0A099P2V4_PICKU
OG0003452	YPL227C	tr|A0A099NXD9|A0A099NXD9_PICKU
OG0003453	YPL231W	tr|A0A099NYH5|A0A099NYH5_PICKU
OG0003454	YPL234C	tr|A0A099P8X7|A0A099P8X7_PICKU
OG0003455	YPL235W	tr|A0A099P9V6|A0A099P9V6_PICKU
OG0003456	YPL237W	tr|A0A099NYG7|A0A099NYG7_PICKU
OG0003457	YPL239W	tr|A0A099NYJ1|A0A099NYJ1_PICKU
OG0003458	YPL243W	tr|A0A099NY97|A0A099NY97_PICKU
OG0003459	YPL244C	tr|A0A099P6Z4|A0A099P6Z4_PICKU
OG0003460	YPL246C	tr|A0A099P9M4|A0A099P9M4_PICKU
OG0003461	YPL247C	tr|A0A099NS82|A0A099NS82_PICKU
OG0003462	YPL249C	tr|A0A099NUV3|A0A099NUV3_PICKU
OG0003463	YPL252C	tr|A0A099NX27|A0A099NX27_PICKU
OG0003464	YPL254W	tr|A0A099P195|A0A099P195_PICKU
OG0003465	YPL259C	tr|A0A099P5D1|A0A099P5D1_PICKU
OG0003466	YPL260W	tr|A0A099P6V9|A0A099P6V9_PICKU
OG0003467	YPL262W	tr|A0A099P3E7|A0A099P3E7_PICKU
OG0003468	YPL263C	tr|A0A099P5N1|A0A099P5N1_PICKU
OG0003469	YPL266W	tr|A0A099P7M4|A0A099P7M4_PICKU
OG0003470	YPL268W	tr|A0A099P609|A0A099P609_PICKU
OG0003471	YPL270W	tr|A0A099P5B8|A0A099P5B8_PICKU
OG0003472	YPR003C	tr|A0A099P1M3|A0A099P1M3_PICKU
OG0003473	YPR004C	tr|A0A099P1J8|A0A099P1J8_PICKU
OG0003474	YPR010C	tr|A0A099P1M8|A0A099P1M8_PICKU
OG0003475	YPR010C-A	tr|A0A099P6L8|A0A099P6L8_PICKU
OG0003476	YPR016C	tr|A0A099P0Q7|A0A099P0Q7_PICKU
OG0003477	YPR017C	tr|A0A099P045|A0A099P045_PICKU
OG0003478	YPR018W	tr|A0A099P0G8|A0A099P0G8_PICKU
OG0003479	YPR020W	tr|A0A099NRC1|A0A099NRC1_PICKU
OG0003480	YPR021C	tr|A0A099P351|A0A099P351_PICKU
OG0003481	YPR022C	tr|A0A099NZI8|A0A099NZI8_PICKU
OG0003482	YPR023C	tr|A0A099P8H6|A0A099P8H6_PICKU
OG0003483	YPR024W	tr|A0A099P382|A0A099P382_PICKU
OG0003484	YPR025C	tr|A0A099P0E1|A0A099P0E1_PICKU
OG0003485	YPR029C	tr|A0A099NXT4|A0A099NXT4_PICKU
OG0003486	YPR031W	tr|A0A099NZN7|A0A099NZN7_PICKU
OG0003487	YPR033C	tr|A0A099NZC2|A0A099NZC2_PICKU
OG0003488	YPR034W	tr|A0A099NZ61|A0A099NZ61_PICKU
OG0003489	YPR035W	tr|A0A099P3M1|A0A099P3M1_PICKU
OG0003490	YPR037C	tr|A0A099NWV8|A0A099NWV8_PICKU
OG0003491	YPR040W	tr|A0A099NWU2|A0A099NWU2_PICKU
OG0003492	YPR041W	tr|A0A099NWS8|A0A099NWS8_PICKU
OG0003493	YPR045C	tr|A0A099NX38|A0A099NX38_PICKU
OG0003494	YPR048W	tr|A0A099P7D1|A0A099P7D1_PICKU
OG0003495	YPR049C	tr|A0A099P549|A0A099P549_PICKU
OG0003496	YPR051W	tr|A0A099P7Q8|A0A099P7Q8_PICKU
OG0003497	YPR054W	tr|A0A099P7R9|A0A099P7R9_PICKU
OG0003498	YPR056W	tr|A0A099P5D4|A0A099P5D4_PICKU
OG0003499	YPR060C	tr|A0A099P576|A0A099P576_PICKU
OG0003500	YPR062W	tr|A0A099P8P0|A0A099P8P0_PICKU
OG0003501	YPR063C	tr|A0A099P541|A0A099P541_PICKU
OG0003502	YPR065W	tr|A0A099NXS1|A0A099NXS1_PICKU
OG0003503	YPR066W	tr|A0A099NZ09|A0A099NZ09_PICKU
OG0003504	YPR069C	tr|A0A099P5U6|A0A099P5U6_PICKU
OG0003505	YPR073C	tr|A0A099NZY3|A0A099NZY3_PICKU
OG0003506	YPR074C	tr|A0A099NY46|A0A099NY46_PICKU
OG0003507	YPR085C	tr|A0A099P409|A0A099P409_PICKU
OG0003508	YPR086W	tr|A0A099P2E1|A0A099P2E1_PICKU
OG0003509	YPR088C	tr|A0A099NTB0|A0A099NTB0_PICKU
OG0003510	YPR089W	tr|A0A099P0K6|A0A099P0K6_PICKU
OG0003511	YPR091C	tr|A0A099NSK2|A0A099NSK2_PICKU
OG0003512	YPR095C	tr|A0A099NWL6|A0A099NWL6_PICKU
OG0003513	YPR098C	tr|A0A099P272|A0A099P272_PICKU
OG0003514	YPR100W	tr|A0A099NZD1|A0A099NZD1_PICKU
OG0003515	YPR105C	tr|A0A099P263|A0A099P263_PICKU
OG0003516	YPR106W	tr|A0A099NX45|A0A099NX45_PICKU
OG0003517	YPR110C	tr|A0A099NX91|A0A099NX91_PICKU
OG0003518	YPR112C	tr|A0A099P719|A0A099P719_PICKU
OG0003519	YPR117W	tr|A0A099P7L4|A0A099P7L4_PICKU
OG0003520	YPR118W	tr|A0A099P485|A0A099P485_PICKU
OG0003521	YPR122W	tr|A0A099P261|A0A099P261_PICKU
OG0003522	YPR124W	tr|A0A099P347|A0A099P347_PICKU
OG0003523	YPR125W	tr|A0A099NZT5|A0A099NZT5_PICKU
OG0003524	YPR129W	tr|A0A099NPI8|A0A099NPI8_PICKU
OG0003525	YPR131C	tr|A0A099P476|A0A099P476_PICKU
OG0003526	YPR133C	tr|A0A099P4G5|A0A099P4G5_PICKU
OG0003527	YPR135W	tr|A0A099NV17|A0A099NV17_PICKU
OG0003528	YPR137W	tr|A0A099NXG2|A0A099NXG2_PICKU
OG0003529	YPR139C	tr|A0A099P1Z1|A0A099P1Z1_PICKU
OG0003530	YPR140W	tr|A0A099P879|A0A099P879_PICKU
OG0003531	YPR141C	tr|A0A099P8D1|A0A099P8D1_PICKU
OG0003532	YPR143W	tr|A0A099P2T4|A0A099P2T4_PICKU
OG0003533	YPR144C	tr|A0A099NYF7|A0A099NYF7_PICKU
OG0003534	YPR145W	tr|A0A099P3L9|A0A099P3L9_PICKU
OG0003535	YPR155C	tr|A0A099NWC8|A0A099NWC8_PICKU
OG0003536	YPR159W	tr|A0A099P473|A0A099P473_PICKU
OG0003537	YPR160W	tr|A0A099PA07|A0A099PA07_PICKU
OG0003538	YPR161C	tr|A0A099NXE6|A0A099NXE6_PICKU
OG0003539	YPR162C	tr|A0A099P359|A0A099P359_PICKU
OG0003540	YPR163C	tr|A0A099NYD9|A0A099NYD9_PICKU
OG0003541	YPR165W	tr|A0A099NY39|A0A099NY39_PICKU
OG0003542	YPR166C	tr|A0A099P174|A0A099P174_PICKU
OG0003543	YPR167C	tr|A0A099NY86|A0A099NY86_PICKU
OG0003544	YPR168W	tr|A0A099NW60|A0A099NW60_PICKU
OG0003545	YPR169W	tr|A0A099P1W3|A0A099P1W3_PICKU
OG0003546	YPR169W-A, YPR170W-B	
OG0003547	YPR173C	tr|A0A099P614|A0A099P614_PICKU
OG0003548	YPR175W	tr|A0A099P236|A0A099P236_PICKU
OG0003549	YPR176C	tr|A0A099P1C5|A0A099P1C5_PICKU
OG0003550	YPR179C	tr|A0A099P2X0|A0A099P2X0_PICKU
OG0003551	YPR180W	tr|A0A099P2K8|A0A099P2K8_PICKU
OG0003552	YPR181C	tr|A0A099P770|A0A099P770_PICKU
OG0003553	YPR183W	tr|A0A099NYV0|A0A099NYV0_PICKU
OG0003554	YPR184W	tr|A0A099P130|A0A099P130_PICKU
OG0003555	YPR186C	tr|A0A099P1X7|A0A099P1X7_PICKU
OG0003556	YPR187W	tr|A0A099P057|A0A099P057_PICKU
OG0003557	YPR189W	tr|A0A099P1X2|A0A099P1X2_PICKU
OG0003558	YPR191W	tr|A0A099P2J2|A0A099P2J2_PICKU
OG0003559	YPR201W	tr|A0A099NXS0|A0A099NXS0_PICKU
OG0003560	Q0085	tr|A0A099NXS7|A0A099NXS7_PICKU
OG0003561	Q0250	tr|A0A099NVP6|A0A099NVP6_PICKU
OG0003562		tr|A0A099NTR5|A0A099NTR5_PICKU, tr|A0A099NZY9|A0A099NZY9_PICKU
OG0003563		tr|A0A099NU88|A0A099NU88_PICKU, tr|A0A099NUK5|A0A099NUK5_PICKU
OG0003564		tr|A0A099NIX1|A0A099NIX1_PICKU, tr|A0A099NJB3|A0A099NJB3_PICKU
OG0003565		tr|A0A099NIZ7|A0A099NIZ7_PICKU, tr|A0A099NKA6|A0A099NKA6_PICKU
OG0003566		tr|A0A099NPT2|A0A099NPT2_PICKU, tr|A0A099NS85|A0A099NS85_PICKU
OG0003567		tr|A0A099NR26|A0A099NR26_PICKU, tr|A0A099P0B5|A0A099P0B5_PICKU
OG0003568		tr|A0A099NR40|A0A099NR40_PICKU, tr|A0A099P5N9|A0A099P5N9_PICKU
OG0003569		tr|A0A099NR45|A0A099NR45_PICKU, tr|A0A099NRR4|A0A099NRR4_PICKU
OG0003570		tr|A0A099NRS1|A0A099NRS1_PICKU, tr|A0A099NS51|A0A099NS51_PICKU
OG0003571		tr|A0A099NS86|A0A099NS86_PICKU, tr|A0A099NVR2|A0A099NVR2_PICKU
OG0003572		tr|A0A099NSZ7|A0A099NSZ7_PICKU, tr|A0A099NVK1|A0A099NVK1_PICKU
OG0003573		tr|A0A099NT25|A0A099NT25_PICKU, tr|A0A099P3E5|A0A099P3E5_PICKU
OG0003574		tr|A0A099NTE3|A0A099NTE3_PICKU, tr|A0A099NW19|A0A099NW19_PICKU
OG0003575		tr|A0A099NTL2|A0A099NTL2_PICKU, tr|A0A099P2X3|A0A099P2X3_PICKU
OG0003576		tr|A0A099NTT5|A0A099NTT5_PICKU, tr|A0A099NTU5|A0A099NTU5_PICKU
OG0003577		tr|A0A099NTV9|A0A099NTV9_PICKU, tr|A0A099NVT7|A0A099NVT7_PICKU
OG0003578		tr|A0A099NTW5|A0A099NTW5_PICKU, tr|A0A099NVZ1|A0A099NVZ1_PICKU
OG0003579		tr|A0A099NTX8|A0A099NTX8_PICKU, tr|A0A099NVX1|A0A099NVX1_PICKU
OG0003580		tr|A0A099NTZ4|A0A099NTZ4_PICKU, tr|A0A099NVW5|A0A099NVW5_PICKU
OG0003581		tr|A0A099NU01|A0A099NU01_PICKU, tr|A0A099P0I9|A0A099P0I9_PICKU
OG0003582		tr|A0A099NU20|A0A099NU20_PICKU, tr|A0A099P6C8|A0A099P6C8_PICKU
OG0003583		tr|A0A099NUH2|A0A099NUH2_PICKU, tr|A0A099NUI6|A0A099NUI6_PICKU
OG0003584		tr|A0A099NUM2|A0A099NUM2_PICKU, tr|A0A099NUV0|A0A099NUV0_PICKU
OG0003585		tr|A0A099NUS5|A0A099NUS5_PICKU, tr|A0A099P156|A0A099P156_PICKU
OG0003586		tr|A0A099NRY8|A0A099NRY8_PICKU, tr|A0A099NUT3|A0A099NUT3_PICKU
OG0003587		tr|A0A099NW54|A0A099NW54_PICKU, tr|A0A099NW64|A0A099NW64_PICKU
OG0003588		tr|A0A099NW98|A0A099NW98_PICKU, tr|A0A099NWD4|A0A099NWD4_PICKU
OG0003589		tr|A0A099NWZ7|A0A099NWZ7_PICKU, tr|A0A099P0P5|A0A099P0P5_PICKU
OG0003590		tr|A0A099NX19|A0A099NX19_PICKU, tr|A0A099NX66|A0A099NX66_PICKU
OG0003591		tr|A0A099NRM5|A0A099NRM5_PICKU, tr|A0A099NXG1|A0A099NXG1_PICKU
OG0003592		tr|A0A099NPS7|A0A099NPS7_PICKU, tr|A0A099NXJ9|A0A099NXJ9_PICKU
OG0003593		tr|A0A099NRS9|A0A099NRS9_PICKU, tr|A0A099NY23|A0A099NY23_PICKU
OG0003594		tr|A0A099NPP5|A0A099NPP5_PICKU, tr|A0A099NY59|A0A099NY59_PICKU
OG0003595		tr|A0A099NYI7|A0A099NYI7_PICKU, tr|A0A099P5H7|A0A099P5H7_PICKU
OG0003596		tr|A0A099NTL3|A0A099NTL3_PICKU, tr|A0A099NYS1|A0A099NYS1_PICKU
OG0003597		tr|A0A099NRG3|A0A099NRG3_PICKU, tr|A0A099NZ40|A0A099NZ40_PICKU
OG0003598		tr|A0A099NUG8|A0A099NUG8_PICKU, tr|A0A099NZ43|A0A099NZ43_PICKU
OG0003599		tr|A0A099NRP6|A0A099NRP6_PICKU, tr|A0A099NZB6|A0A099NZB6_PICKU
OG0003600		tr|A0A099NYX2|A0A099NYX2_PICKU, tr|A0A099NZI1|A0A099NZI1_PICKU
OG0003601		tr|A0A099NRU7|A0A099NRU7_PICKU, tr|A0A099NZI9|A0A099NZI9_PICKU
OG0003602		tr|A0A099NR05|A0A099NR05_PICKU, tr|A0A099P0I3|A0A099P0I3_PICKU
OG0003603		tr|A0A099NU79|A0A099NU79_PICKU, tr|A0A099P0Q4|A0A099P0Q4_PICKU
OG0003604		tr|A0A099NRH6|A0A099NRH6_PICKU, tr|A0A099P0Z3|A0A099P0Z3_PICKU
OG0003605		tr|A0A099NSP9|A0A099NSP9_PICKU, tr|A0A099P2C2|A0A099P2C2_PICKU
OG0003606		tr|A0A099P2D0|A0A099P2D0_PICKU, tr|A0A099P305|A0A099P305_PICKU
OG0003607		tr|A0A099NS17|A0A099NS17_PICKU, tr|A0A099P2I3|A0A099P2I3_PICKU
OG0003608		tr|A0A099NYM4|A0A099NYM4_PICKU, tr|A0A099P2I5|A0A099P2I5_PICKU
OG0003609		tr|A0A099P2W7|A0A099P2W7_PICKU, tr|A0A099P2Z4|A0A099P2Z4_PICKU
OG0003610		tr|A0A099P390|A0A099P390_PICKU, tr|A0A099P397|A0A099P397_PICKU
OG0003611		tr|A0A099NTQ9|A0A099NTQ9_PICKU, tr|A0A099P653|A0A099P653_PICKU
OG0003612		tr|A0A099NR19|A0A099NR19_PICKU, tr|A0A099P712|A0A099P712_PICKU
OG0003613		tr|A0A099NHS3|A0A099NHS3_PICKU, tr|A0A099NQE4|A0A099NQE4_PICKU
OG0003614		tr|A0A099NHT1|A0A099NHT1_PICKU, tr|A0A099NK04|A0A099NK04_PICKU
OG0003615		tr|A0A099NHV6|A0A099NHV6_PICKU, tr|A0A099NJM0|A0A099NJM0_PICKU
OG0003616		tr|A0A099NHW4|A0A099NHW4_PICKU, tr|A0A099NKI1|A0A099NKI1_PICKU
OG0003617		tr|A0A099NHX7|A0A099NHX7_PICKU, tr|A0A099NQG4|A0A099NQG4_PICKU
OG0003618		tr|A0A099NI00|A0A099NI00_PICKU, tr|A0A099NJQ6|A0A099NJQ6_PICKU
OG0003619		tr|A0A099NI27|A0A099NI27_PICKU, tr|A0A099NK22|A0A099NK22_PICKU
OG0003620		tr|A0A099NI43|A0A099NI43_PICKU, tr|A0A099NK96|A0A099NK96_PICKU
OG0003621		tr|A0A099NI75|A0A099NI75_PICKU, tr|A0A099NKQ3|A0A099NKQ3_PICKU
OG0003622		tr|A0A099NIA7|A0A099NIA7_PICKU, tr|A0A099NK17|A0A099NK17_PICKU
OG0003623		tr|A0A099NIA8|A0A099NIA8_PICKU, tr|A0A099NIB3|A0A099NIB3_PICKU
OG0003624		tr|A0A099NIB9|A0A099NIB9_PICKU, tr|A0A099NIQ9|A0A099NIQ9_PICKU
OG0003625		tr|A0A099NIC2|A0A099NIC2_PICKU, tr|A0A099NIQ7|A0A099NIQ7_PICKU
OG0003626		tr|A0A099NIC8|A0A099NIC8_PICKU, tr|A0A099NJN2|A0A099NJN2_PICKU
OG0003627		tr|A0A099NID0|A0A099NID0_PICKU, tr|A0A099NK14|A0A099NK14_PICKU
OG0003628		tr|A0A099NID2|A0A099NID2_PICKU, tr|A0A099NKU1|A0A099NKU1_PICKU
OG0003629		tr|A0A099NIG0|A0A099NIG0_PICKU, tr|A0A099NKL6|A0A099NKL6_PICKU
OG0003630		tr|A0A099NIG7|A0A099NIG7_PICKU, tr|A0A099NIV8|A0A099NIV8_PICKU
OG0003631		tr|A0A099NIH8|A0A099NIH8_PICKU, tr|A0A099NKN7|A0A099NKN7_PICKU
OG0003632		tr|A0A099NIJ1|A0A099NIJ1_PICKU, tr|A0A099NKS8|A0A099NKS8_PICKU
OG0003633		tr|A0A099NIJ3|A0A099NIJ3_PICKU, tr|A0A099NIY4|A0A099NIY4_PICKU
OG0003634		tr|A0A099NIJ5|A0A099NIJ5_PICKU, tr|A0A099NK74|A0A099NK74_PICKU
OG0003635		tr|A0A099NIK6|A0A099NIK6_PICKU, tr|A0A099NKU6|A0A099NKU6_PICKU
OG0003636		tr|A0A099NIN4|A0A099NIN4_PICKU, tr|A0A099NKD7|A0A099NKD7_PICKU
OG0003637		tr|A0A099NIP8|A0A099NIP8_PICKU, tr|A0A099NKN8|A0A099NKN8_PICKU
OG0003638		tr|A0A099NIP9|A0A099NIP9_PICKU, tr|A0A099NJ00|A0A099NJ00_PICKU
OG0003639		tr|A0A099NIQ4|A0A099NIQ4_PICKU, tr|A0A099NKF1|A0A099NKF1_PICKU
OG0003640		tr|A0A099NIR3|A0A099NIR3_PICKU, tr|A0A099NKK4|A0A099NKK4_PICKU
OG0003641		tr|A0A099NIR5|A0A099NIR5_PICKU, tr|A0A099NK13|A0A099NK13_PICKU
OG0003642		tr|A0A099NIS1|A0A099NIS1_PICKU, tr|A0A099NL07|A0A099NL07_PICKU
OG0003643		tr|A0A099NIS7|A0A099NIS7_PICKU, tr|A0A099NP88|A0A099NP88_PICKU
OG0003644		tr|A0A099NIT3|A0A099NIT3_PICKU, tr|A0A099NKI0|A0A099NKI0_PICKU
OG0003645		tr|A0A099NIT8|A0A099NIT8_PICKU, tr|A0A099NK31|A0A099NK31_PICKU
OG0003646		tr|A0A099NIT9|A0A099NIT9_PICKU, tr|A0A099NQB8|A0A099NQB8_PICKU
OG0003647		tr|A0A099NIU4|A0A099NIU4_PICKU, tr|A0A099NN99|A0A099NN99_PICKU
OG0003648		tr|A0A099NIV2|A0A099NIV2_PICKU, tr|A0A099NK38|A0A099NK38_PICKU
OG0003649		tr|A0A099NIV6|A0A099NIV6_PICKU, tr|A0A099NL28|A0A099NL28_PICKU
OG0003650		tr|A0A099NIW3|A0A099NIW3_PICKU, tr|A0A099NK60|A0A099NK60_PICKU
OG0003651		tr|A0A099NIW5|A0A099NIW5_PICKU, tr|A0A099NK65|A0A099NK65_PICKU
OG0003652		tr|A0A099NIW6|A0A099NIW6_PICKU, tr|A0A099NKL4|A0A099NKL4_PICKU
OG0003653		tr|A0A099NIX2|A0A099NIX2_PICKU, tr|A0A099NK73|A0A099NK73_PICKU
OG0003654		tr|A0A099NIX9|A0A099NIX9_PICKU, tr|A0A099NKQ5|A0A099NKQ5_PICKU
OG0003655		tr|A0A099NIZ4|A0A099NIZ4_PICKU, tr|A0A099NKS2|A0A099NKS2_PICKU
OG0003656		tr|A0A099NJ02|A0A099NJ02_PICKU, tr|A0A099NKR4|A0A099NKR4_PICKU
OG0003657		tr|A0A099NJ05|A0A099NJ05_PICKU, tr|A0A099NJE4|A0A099NJE4_PICKU
OG0003658		tr|A0A099NJ17|A0A099NJ17_PICKU, tr|A0A099NKS9|A0A099NKS9_PICKU
OG0003659		tr|A0A099NJ19|A0A099NJ19_PICKU, tr|A0A099NKD4|A0A099NKD4_PICKU
OG0003660		tr|A0A099NJ25|A0A099NJ25_PICKU, tr|A0A099NKT4|A0A099NKT4_PICKU
OG0003661		tr|A0A099NJ33|A0A099NJ33_PICKU, tr|A0A099NKY4|A0A099NKY4_PICKU
OG0003662		tr|A0A099NJ41|A0A099NJ41_PICKU, tr|A0A099NQR8|A0A099NQR8_PICKU
OG0003663		tr|A0A099NJ49|A0A099NJ49_PICKU, tr|A0A099NKZ8|A0A099NKZ8_PICKU
OG0003664		tr|A0A099NJ59|A0A099NJ59_PICKU, tr|A0A099NKH0|A0A099NKH0_PICKU
OG0003665		tr|A0A099NJ61|A0A099NJ61_PICKU, tr|A0A099NQH7|A0A099NQH7_PICKU
OG0003666		tr|A0A099NJ66|A0A099NJ66_PICKU, tr|A0A099NLB2|A0A099NLB2_PICKU
OG0003667		tr|A0A099NJ72|A0A099NJ72_PICKU, tr|A0A099NJK6|A0A099NJK6_PICKU
OG0003668		tr|A0A099NJ77|A0A099NJ77_PICKU, tr|A0A099NKI6|A0A099NKI6_PICKU
OG0003669		tr|A0A099NJ90|A0A099NJ90_PICKU, tr|A0A099NQS6|A0A099NQS6_PICKU
OG0003670		tr|A0A099NJ94|A0A099NJ94_PICKU, tr|A0A099NPI5|A0A099NPI5_PICKU
OG0003671		tr|A0A099NJB9|A0A099NJB9_PICKU, tr|A0A099NL46|A0A099NL46_PICKU
OG0003672		tr|A0A099NJC3|A0A099NJC3_PICKU, tr|A0A099NKC2|A0A099NKC2_PICKU
OG0003673		tr|A0A099NJC9|A0A099NJC9_PICKU, tr|A0A099NL44|A0A099NL44_PICKU
OG0003674		tr|A0A099NJI2|A0A099NJI2_PICKU, tr|A0A099NLA1|A0A099NLA1_PICKU
OG0003675		tr|A0A099NJK9|A0A099NJK9_PICKU, tr|A0A099NK10|A0A099NK10_PICKU
OG0003676		tr|A0A099NJQ0|A0A099NJQ0_PICKU, tr|A0A099NK59|A0A099NK59_PICKU
OG0003677		tr|A0A099NJT5|A0A099NJT5_PICKU, tr|A0A099NKC3|A0A099NKC3_PICKU
OG0003678		tr|A0A099NJZ3|A0A099NJZ3_PICKU, tr|A0A099NKG1|A0A099NKG1_PICKU
OG0003679		tr|A0A099NK00|A0A099NK00_PICKU, tr|A0A099NKJ8|A0A099NKJ8_PICKU
OG0003680		tr|A0A099NK09|A0A099NK09_PICKU, tr|A0A099NKH5|A0A099NKH5_PICKU
OG0003681		tr|A0A099NK16|A0A099NK16_PICKU, tr|A0A099NND8|A0A099NND8_PICKU
OG0003682		tr|A0A099NK26|A0A099NK26_PICKU, tr|A0A099NK29|A0A099NK29_PICKU
OG0003683		tr|A0A099NK28|A0A099NK28_PICKU, tr|A0A099NKM2|A0A099NKM2_PICKU
OG0003684		tr|A0A099NK55|A0A099NK55_PICKU, tr|A0A099NTG1|A0A099NTG1_PICKU
OG0003685		tr|A0A099NK69|A0A099NK69_PICKU, tr|A0A099NKR1|A0A099NKR1_PICKU
OG0003686		tr|A0A099NKA0|A0A099NKA0_PICKU, tr|A0A099NKB5|A0A099NKB5_PICKU
OG0003687		tr|A0A099NKC0|A0A099NKC0_PICKU, tr|A0A099NKU0|A0A099NKU0_PICKU
OG0003688		tr|A0A099NKC5|A0A099NKC5_PICKU, tr|A0A099NKW2|A0A099NKW2_PICKU
OG0003689		tr|A0A099NKF7|A0A099NKF7_PICKU, tr|A0A099NKH6|A0A099NKH6_PICKU
OG0003690		tr|A0A099NKG4|A0A099NKG4_PICKU, tr|A0A099NKN9|A0A099NKN9_PICKU
OG0003691		tr|A0A099NKJ1|A0A099NKJ1_PICKU, tr|A0A099NQV9|A0A099NQV9_PICKU
OG0003692		tr|A0A099NKL0|A0A099NKL0_PICKU, tr|A0A099NKL5|A0A099NKL5_PICKU
OG0003693		tr|A0A099NKL1|A0A099NKL1_PICKU, tr|A0A099NSJ2|A0A099NSJ2_PICKU
OG0003694		tr|A0A099NKN2|A0A099NKN2_PICKU, tr|A0A099NKQ8|A0A099NKQ8_PICKU
OG0003695		tr|A0A099NKQ9|A0A099NKQ9_PICKU, tr|A0A099NKT3|A0A099NKT3_PICKU
OG0003696		tr|A0A099NKS7|A0A099NKS7_PICKU, tr|A0A099P1A9|A0A099P1A9_PICKU
OG0003697		tr|A0A099NKT5|A0A099NKT5_PICKU, tr|A0A099NRS7|A0A099NRS7_PICKU
OG0003698		tr|A0A099NKV4|A0A099NKV4_PICKU, tr|A0A099NL02|A0A099NL02_PICKU
OG0003699		tr|A0A099NKV6|A0A099NKV6_PICKU, tr|A0A099NLA9|A0A099NLA9_PICKU
OG0003700		tr|A0A099NKV7|A0A099NKV7_PICKU, tr|A0A099NMM9|A0A099NMM9_PICKU
OG0003701		tr|A0A099NKZ1|A0A099NKZ1_PICKU, tr|A0A099NR35|A0A099NR35_PICKU
OG0003702		tr|A0A099NKZ3|A0A099NKZ3_PICKU, tr|A0A099NPF9|A0A099NPF9_PICKU
OG0003703		tr|A0A099NL08|A0A099NL08_PICKU, tr|A0A099NMA6|A0A099NMA6_PICKU
OG0003704		tr|A0A099NL09|A0A099NL09_PICKU, tr|A0A099NL31|A0A099NL31_PICKU
OG0003705		tr|A0A099NL13|A0A099NL13_PICKU, tr|A0A099NL18|A0A099NL18_PICKU
OG0003706		tr|A0A099NL35|A0A099NL35_PICKU, tr|A0A099NL40|A0A099NL40_PICKU
OG0003707		tr|A0A099NL55|A0A099NL55_PICKU, tr|A0A099NL59|A0A099NL59_PICKU
OG0003708		tr|A0A099NL67|A0A099NL67_PICKU, tr|A0A099NP73|A0A099NP73_PICKU
OG0003709		tr|A0A099NL74|A0A099NL74_PICKU, tr|A0A099NR10|A0A099NR10_PICKU
OG0003710		tr|A0A099NL91|A0A099NL91_PICKU, tr|A0A099NPQ1|A0A099NPQ1_PICKU
OG0003711		tr|A0A099NLB7|A0A099NLB7_PICKU, tr|A0A099NLB9|A0A099NLB9_PICKU
OG0003712		tr|A0A099NLD7|A0A099NLD7_PICKU, tr|A0A099NQS4|A0A099NQS4_PICKU
OG0003713		tr|A0A099NM39|A0A099NM39_PICKU, tr|A0A099NN31|A0A099NN31_PICKU
OG0003714		tr|A0A099NM80|A0A099NM80_PICKU, tr|A0A099NPI3|A0A099NPI3_PICKU
OG0003715		tr|A0A099NMX6|A0A099NMX6_PICKU, tr|A0A099NPC5|A0A099NPC5_PICKU
OG0003716		tr|A0A099NN84|A0A099NN84_PICKU, tr|A0A099NQM4|A0A099NQM4_PICKU
OG0003717		tr|A0A099NN95|A0A099NN95_PICKU, tr|A0A099NQN5|A0A099NQN5_PICKU
OG0003718		tr|A0A099NNB4|A0A099NNB4_PICKU, tr|A0A099NP55|A0A099NP55_PICKU
OG0003719		tr|A0A099NNC4|A0A099NNC4_PICKU, tr|A0A099NQW3|A0A099NQW3_PICKU
OG0003720		tr|A0A099NND0|A0A099NND0_PICKU, tr|A0A099NQS9|A0A099NQS9_PICKU
OG0003721		tr|A0A099NNE3|A0A099NNE3_PICKU, tr|A0A099NQJ0|A0A099NQJ0_PICKU
OG0003722		tr|A0A099NNH2|A0A099NNH2_PICKU, tr|A0A099NQT2|A0A099NQT2_PICKU
OG0003723		tr|A0A099NNH9|A0A099NNH9_PICKU, tr|A0A099NQW7|A0A099NQW7_PICKU
OG0003724		tr|A0A099NNK2|A0A099NNK2_PICKU, tr|A0A099NPD7|A0A099NPD7_PICKU
OG0003725		tr|A0A099NNL1|A0A099NNL1_PICKU, tr|A0A099NQP5|A0A099NQP5_PICKU
OG0003726		tr|A0A099NNN3|A0A099NNN3_PICKU, tr|A0A099NR61|A0A099NR61_PICKU
OG0003727		tr|A0A099NNS6|A0A099NNS6_PICKU, tr|A0A099NRA6|A0A099NRA6_PICKU
OG0003728		tr|A0A099NNT0|A0A099NNT0_PICKU, tr|A0A099NQU9|A0A099NQU9_PICKU
OG0003729		tr|A0A099NNV2|A0A099NNV2_PICKU, tr|A0A099NNV6|A0A099NNV6_PICKU
OG0003730		tr|A0A099NNW3|A0A099NNW3_PICKU, tr|A0A099NPL8|A0A099NPL8_PICKU
OG0003731		tr|A0A099NNW9|A0A099NNW9_PICKU, tr|A0A099NRG2|A0A099NRG2_PICKU
OG0003732		tr|A0A099NP11|A0A099NP11_PICKU, tr|A0A099NR64|A0A099NR64_PICKU
OG0003733		tr|A0A099NP13|A0A099NP13_PICKU, tr|A0A099NZ47|A0A099NZ47_PICKU
OG0003734		tr|A0A099NP26|A0A099NP26_PICKU, tr|A0A099NRU6|A0A099NRU6_PICKU
OG0003735		tr|A0A099NP33|A0A099NP33_PICKU, tr|A0A099NQK9|A0A099NQK9_PICKU
OG0003736		tr|A0A099NP35|A0A099NP35_PICKU, tr|A0A099NR44|A0A099NR44_PICKU
OG0003737		tr|A0A099NP42|A0A099NP42_PICKU, tr|A0A099NR57|A0A099NR57_PICKU
OG0003738		tr|A0A099NP47|A0A099NP47_PICKU, tr|A0A099NTW8|A0A099NTW8_PICKU
OG0003739		tr|A0A099NP66|A0A099NP66_PICKU, tr|A0A099NQG3|A0A099NQG3_PICKU
OG0003740		tr|A0A099NP69|A0A099NP69_PICKU, tr|A0A099NY76|A0A099NY76_PICKU
OG0003741		tr|A0A099NP72|A0A099NP72_PICKU, tr|A0A099NQV8|A0A099NQV8_PICKU
OG0003742		tr|A0A099NP81|A0A099NP81_PICKU, tr|A0A099NQH9|A0A099NQH9_PICKU
OG0003743		tr|A0A099NP91|A0A099NP91_PICKU, tr|A0A099P0D6|A0A099P0D6_PICKU
OG0003744		tr|A0A099NP92|A0A099NP92_PICKU, tr|A0A099NQX8|A0A099NQX8_PICKU
OG0003745		tr|A0A099NP96|A0A099NP96_PICKU, tr|A0A099NQ08|A0A099NQ08_PICKU
OG0003746		tr|A0A099NPB0|A0A099NPB0_PICKU, tr|A0A099NR07|A0A099NR07_PICKU
OG0003747		tr|A0A099NPB2|A0A099NPB2_PICKU, tr|A0A099NRR3|A0A099NRR3_PICKU
OG0003748		tr|A0A099NPB7|A0A099NPB7_PICKU, tr|A0A099P0J0|A0A099P0J0_PICKU
OG0003749		tr|A0A099NPD2|A0A099NPD2_PICKU, tr|A0A099NQN4|A0A099NQN4_PICKU
OG0003750		tr|A0A099NPD3|A0A099NPD3_PICKU, tr|A0A099NQ48|A0A099NQ48_PICKU
OG0003751		tr|A0A099NPE1|A0A099NPE1_PICKU, tr|A0A099NPK8|A0A099NPK8_PICKU
OG0003752		tr|A0A099NPF4|A0A099NPF4_PICKU, tr|A0A099NQR4|A0A099NQR4_PICKU
OG0003753		tr|A0A099NPG0|A0A099NPG0_PICKU, tr|A0A099NRL1|A0A099NRL1_PICKU
OG0003754		tr|A0A099NPG4|A0A099NPG4_PICKU, tr|A0A099P2U5|A0A099P2U5_PICKU
OG0003755		tr|A0A099NPI7|A0A099NPI7_PICKU, tr|A0A099NQU5|A0A099NQU5_PICKU
OG0003756		tr|A0A099NPJ2|A0A099NPJ2_PICKU, tr|A0A099NR69|A0A099NR69_PICKU
OG0003757		tr|A0A099NPJ4|A0A099NPJ4_PICKU, tr|A0A099NS19|A0A099NS19_PICKU
OG0003758		tr|A0A099NPJ7|A0A099NPJ7_PICKU, tr|A0A099NRC3|A0A099NRC3_PICKU
OG0003759		tr|A0A099NPK0|A0A099NPK0_PICKU, tr|A0A099NRC5|A0A099NRC5_PICKU
OG0003760		tr|A0A099NPL3|A0A099NPL3_PICKU, tr|A0A099NRE4|A0A099NRE4_PICKU
OG0003761		tr|A0A099NPM0|A0A099NPM0_PICKU, tr|A0A099P5P1|A0A099P5P1_PICKU
OG0003762		tr|A0A099NPN5|A0A099NPN5_PICKU, tr|A0A099NQM7|A0A099NQM7_PICKU
OG0003763		tr|A0A099NPP8|A0A099NPP8_PICKU, tr|A0A099NR06|A0A099NR06_PICKU
OG0003764		tr|A0A099NPQ4|A0A099NPQ4_PICKU, tr|A0A099NRI9|A0A099NRI9_PICKU
OG0003765		tr|A0A099NPU8|A0A099NPU8_PICKU, tr|A0A099NRZ9|A0A099NRZ9_PICKU
OG0003766		tr|A0A099NPX3|A0A099NPX3_PICKU, tr|A0A099NYK6|A0A099NYK6_PICKU
OG0003767		tr|A0A099NPY3|A0A099NPY3_PICKU, tr|A0A099NWI9|A0A099NWI9_PICKU
OG0003768		tr|A0A099NQ07|A0A099NQ07_PICKU, tr|A0A099P0D5|A0A099P0D5_PICKU
OG0003769		tr|A0A099NQ14|A0A099NQ14_PICKU, tr|A0A099NZM1|A0A099NZM1_PICKU
OG0003770		tr|A0A099NQ21|A0A099NQ21_PICKU, tr|A0A099NSJ7|A0A099NSJ7_PICKU
OG0003771		tr|A0A099NQ23|A0A099NQ23_PICKU, tr|A0A099NR38|A0A099NR38_PICKU
OG0003772		tr|A0A099NQ32|A0A099NQ32_PICKU, tr|A0A099NZ29|A0A099NZ29_PICKU
OG0003773		tr|A0A099NQ44|A0A099NQ44_PICKU, tr|A0A099P3P0|A0A099P3P0_PICKU
OG0003774		tr|A0A099NQ50|A0A099NQ50_PICKU, tr|A0A099NSX4|A0A099NSX4_PICKU
OG0003775		tr|A0A099NQ58|A0A099NQ58_PICKU, tr|A0A099NQ63|A0A099NQ63_PICKU
OG0003776		tr|A0A099NQ68|A0A099NQ68_PICKU, tr|A0A099NWM5|A0A099NWM5_PICKU
OG0003777		tr|A0A099NQ93|A0A099NQ93_PICKU, tr|A0A099NV96|A0A099NV96_PICKU
OG0003778		tr|A0A099NQ95|A0A099NQ95_PICKU, tr|A0A099P8T6|A0A099P8T6_PICKU
OG0003779		tr|A0A099NQ99|A0A099NQ99_PICKU, tr|A0A099NS37|A0A099NS37_PICKU
OG0003780		tr|A0A099NQC1|A0A099NQC1_PICKU, tr|A0A099NSM5|A0A099NSM5_PICKU
OG0003781		tr|A0A099NQD1|A0A099NQD1_PICKU, tr|A0A099P1D4|A0A099P1D4_PICKU
OG0003782		tr|A0A099NQD7|A0A099NQD7_PICKU, tr|A0A099NZG8|A0A099NZG8_PICKU
OG0003783		tr|A0A099NQE9|A0A099NQE9_PICKU, tr|A0A099NSG9|A0A099NSG9_PICKU
OG0003784		tr|A0A099NQF3|A0A099NQF3_PICKU, tr|A0A099P3J8|A0A099P3J8_PICKU
OG0003785		tr|A0A099NQG6|A0A099NQG6_PICKU, tr|A0A099P1P2|A0A099P1P2_PICKU
OG0003786		tr|A0A099NQG8|A0A099NQG8_PICKU, tr|A0A099NSI5|A0A099NSI5_PICKU
OG0003787		tr|A0A099NQH2|A0A099NQH2_PICKU, tr|A0A099NS90|A0A099NS90_PICKU
OG0003788		tr|A0A099NQI2|A0A099NQI2_PICKU, tr|A0A099P7F5|A0A099P7F5_PICKU
OG0003789		tr|A0A099NQI3|A0A099NQI3_PICKU, tr|A0A099NUY0|A0A099NUY0_PICKU
OG0003790		tr|A0A099NQI9|A0A099NQI9_PICKU, tr|A0A099P2G8|A0A099P2G8_PICKU
OG0003791		tr|A0A099NQJ9|A0A099NQJ9_PICKU, tr|A0A099P0G0|A0A099P0G0_PICKU
OG0003792		tr|A0A099NQM1|A0A099NQM1_PICKU, tr|A0A099NR16|A0A099NR16_PICKU
OG0003793		tr|A0A099NQN1|A0A099NQN1_PICKU, tr|A0A099P0J3|A0A099P0J3_PICKU
OG0003794		tr|A0A099NQP0|A0A099NQP0_PICKU, tr|A0A099NQW0|A0A099NQW0_PICKU
OG0003795		tr|A0A099NQP1|A0A099NQP1_PICKU, tr|A0A099NSR3|A0A099NSR3_PICKU
OG0003796		tr|A0A099NQP6|A0A099NQP6_PICKU, tr|A0A099NQU1|A0A099NQU1_PICKU
OG0003797		tr|A0A099NQQ7|A0A099NQQ7_PICKU, tr|A0A099NR12|A0A099NR12_PICKU
OG0003798		tr|A0A099NQR6|A0A099NQR6_PICKU, tr|A0A099P8K7|A0A099P8K7_PICKU
OG0003799		tr|A0A099NQT3|A0A099NQT3_PICKU, tr|A0A099NS87|A0A099NS87_PICKU
OG0003800		tr|A0A099NQT7|A0A099NQT7_PICKU, tr|A0A099P1L9|A0A099P1L9_PICKU
OG0003801		tr|A0A099NQU7|A0A099NQU7_PICKU, tr|A0A099NT02|A0A099NT02_PICKU
OG0003802		tr|A0A099NQV0|A0A099NQV0_PICKU, tr|A0A099NR72|A0A099NR72_PICKU
OG0003803		tr|A0A099NQV1|A0A099NQV1_PICKU, tr|A0A099NT09|A0A099NT09_PICKU
OG0003804		tr|A0A099NQV3|A0A099NQV3_PICKU, tr|A0A099NR75|A0A099NR75_PICKU
OG0003805		tr|A0A099NQW2|A0A099NQW2_PICKU, tr|A0A099NR83|A0A099NR83_PICKU
OG0003806		tr|A0A099NQW6|A0A099NQW6_PICKU, tr|A0A099NTF0|A0A099NTF0_PICKU
OG0003807		tr|A0A099NQX3|A0A099NQX3_PICKU, tr|A0A099NSU1|A0A099NSU1_PICKU
OG0003808		tr|A0A099NQX6|A0A099NQX6_PICKU, tr|A0A099P6X9|A0A099P6X9_PICKU
OG0003809		tr|A0A099NQY1|A0A099NQY1_PICKU, tr|A0A099NTG4|A0A099NTG4_PICKU
OG0003810		tr|A0A099NQY3|A0A099NQY3_PICKU, tr|A0A099NR29|A0A099NR29_PICKU
OG0003811		tr|A0A099NQZ5|A0A099NQZ5_PICKU, tr|A0A099P4E6|A0A099P4E6_PICKU
OG0003812		tr|A0A099NQZ6|A0A099NQZ6_PICKU, tr|A0A099NSW3|A0A099NSW3_PICKU
OG0003813		tr|A0A099NQZ7|A0A099NQZ7_PICKU, tr|A0A099NRB9|A0A099NRB9_PICKU
OG0003814		tr|A0A099NQZ9|A0A099NQZ9_PICKU, tr|A0A099NY55|A0A099NY55_PICKU
OG0003815		tr|A0A099NR11|A0A099NR11_PICKU, tr|A0A099NVK8|A0A099NVK8_PICKU
OG0003816		tr|A0A099NR48|A0A099NR48_PICKU, tr|A0A099NR58|A0A099NR58_PICKU
OG0003817		tr|A0A099NR49|A0A099NR49_PICKU, tr|A0A099NRH3|A0A099NRH3_PICKU
OG0003818		tr|A0A099NR55|A0A099NR55_PICKU, tr|A0A099P3S5|A0A099P3S5_PICKU
OG0003819		tr|A0A099NR56|A0A099NR56_PICKU, tr|A0A099NTS1|A0A099NTS1_PICKU
OG0003820		tr|A0A099NR59|A0A099NR59_PICKU, tr|A0A099NT46|A0A099NT46_PICKU
OG0003821		tr|A0A099NR62|A0A099NR62_PICKU, tr|A0A099P3N9|A0A099P3N9_PICKU
OG0003822		tr|A0A099NR76|A0A099NR76_PICKU, tr|A0A099NRP5|A0A099NRP5_PICKU
OG0003823		tr|A0A099NR81|A0A099NR81_PICKU, tr|A0A099NRD0|A0A099NRD0_PICKU
OG0003824		tr|A0A099NR84|A0A099NR84_PICKU, tr|A0A099P5D8|A0A099P5D8_PICKU
OG0003825		tr|A0A099NR86|A0A099NR86_PICKU, tr|A0A099NT34|A0A099NT34_PICKU
OG0003826		tr|A0A099NR94|A0A099NR94_PICKU, tr|A0A099NRE8|A0A099NRE8_PICKU
OG0003827		tr|A0A099NR97|A0A099NR97_PICKU, tr|A0A099NRF2|A0A099NRF2_PICKU
OG0003828		tr|A0A099NR98|A0A099NR98_PICKU, tr|A0A099P3M3|A0A099P3M3_PICKU
OG0003829		tr|A0A099NRA4|A0A099NRA4_PICKU, tr|A0A099P0N9|A0A099P0N9_PICKU
OG0003830		tr|A0A099NRA5|A0A099NRA5_PICKU, tr|A0A099NRF6|A0A099NRF6_PICKU
OG0003831		tr|A0A099NRC0|A0A099NRC0_PICKU, tr|A0A099P2H9|A0A099P2H9_PICKU
OG0003832		tr|A0A099NRC6|A0A099NRC6_PICKU, tr|A0A099NTC1|A0A099NTC1_PICKU
OG0003833		tr|A0A099NRD3|A0A099NRD3_PICKU, tr|A0A099NZS8|A0A099NZS8_PICKU
OG0003834		tr|A0A099NRD4|A0A099NRD4_PICKU, tr|A0A099NWU0|A0A099NWU0_PICKU
OG0003835		tr|A0A099NRD5|A0A099NRD5_PICKU, tr|A0A099NTY3|A0A099NTY3_PICKU
OG0003836		tr|A0A099NRD7|A0A099NRD7_PICKU, tr|A0A099NTI5|A0A099NTI5_PICKU
OG0003837		tr|A0A099NRE3|A0A099NRE3_PICKU, tr|A0A099P674|A0A099P674_PICKU
OG0003838		tr|A0A099NRF1|A0A099NRF1_PICKU, tr|A0A099P316|A0A099P316_PICKU
OG0003839		tr|A0A099NRF4|A0A099NRF4_PICKU, tr|A0A099P3T3|A0A099P3T3_PICKU
OG0003840		tr|A0A099NRF5|A0A099NRF5_PICKU, tr|A0A099NX14|A0A099NX14_PICKU
OG0003841		tr|A0A099NRI1|A0A099NRI1_PICKU, tr|A0A099NRV3|A0A099NRV3_PICKU
OG0003842		tr|A0A099NRI8|A0A099NRI8_PICKU, tr|A0A099NRK6|A0A099NRK6_PICKU
OG0003843		tr|A0A099NRJ9|A0A099NRJ9_PICKU, tr|A0A099NTJ1|A0A099NTJ1_PICKU
OG0003844		tr|A0A099NRK2|A0A099NRK2_PICKU, tr|A0A099P870|A0A099P870_PICKU
OG0003845		tr|A0A099NRM2|A0A099NRM2_PICKU, tr|A0A099NZJ2|A0A099NZJ2_PICKU
OG0003846		tr|A0A099NRN1|A0A099NRN1_PICKU, tr|A0A099NYL4|A0A099NYL4_PICKU
OG0003847		tr|A0A099NRQ3|A0A099NRQ3_PICKU, tr|A0A099NTP0|A0A099NTP0_PICKU
OG0003848		tr|A0A099NRQ4|A0A099NRQ4_PICKU, tr|A0A099NV18|A0A099NV18_PICKU
OG0003849		tr|A0A099NRQ5|A0A099NRQ5_PICKU, tr|A0A099P042|A0A099P042_PICKU
OG0003850		tr|A0A099NRQ8|A0A099NRQ8_PICKU, tr|A0A099P3Y5|A0A099P3Y5_PICKU
OG0003851		tr|A0A099NRR6|A0A099NRR6_PICKU, tr|A0A099NTZ3|A0A099NTZ3_PICKU
OG0003852		tr|A0A099NRR8|A0A099NRR8_PICKU, tr|A0A099P071|A0A099P071_PICKU
OG0003853		tr|A0A099NRS0|A0A099NRS0_PICKU, tr|A0A099NTC5|A0A099NTC5_PICKU
OG0003854		tr|A0A099NRS3|A0A099NRS3_PICKU, tr|A0A099P6T8|A0A099P6T8_PICKU
OG0003855		tr|A0A099NRS4|A0A099NRS4_PICKU, tr|A0A099P5K8|A0A099P5K8_PICKU
OG0003856		tr|A0A099NRS6|A0A099NRS6_PICKU, tr|A0A099P344|A0A099P344_PICKU
OG0003857		tr|A0A099NRU9|A0A099NRU9_PICKU, tr|A0A099NU26|A0A099NU26_PICKU
OG0003858		tr|A0A099NRV2|A0A099NRV2_PICKU, tr|A0A099NU31|A0A099NU31_PICKU
OG0003859		tr|A0A099NRV6|A0A099NRV6_PICKU, tr|A0A099P6K6|A0A099P6K6_PICKU
OG0003860		tr|A0A099NRV9|A0A099NRV9_PICKU, tr|A0A099NS06|A0A099NS06_PICKU
OG0003861		tr|A0A099NRW0|A0A099NRW0_PICKU, tr|A0A099P3A0|A0A099P3A0_PICKU
OG0003862		tr|A0A099NRW2|A0A099NRW2_PICKU, tr|A0A099P5L6|A0A099P5L6_PICKU
OG0003863		tr|A0A099NRW9|A0A099NRW9_PICKU, tr|A0A099NXK2|A0A099NXK2_PICKU
OG0003864		tr|A0A099NRX4|A0A099NRX4_PICKU, tr|A0A099NS80|A0A099NS80_PICKU
OG0003865		tr|A0A099NRX9|A0A099NRX9_PICKU, tr|A0A099NW21|A0A099NW21_PICKU
OG0003866		tr|A0A099NRZ2|A0A099NRZ2_PICKU, tr|A0A099NZS0|A0A099NZS0_PICKU
OG0003867		tr|A0A099NRZ4|A0A099NRZ4_PICKU, tr|A0A099NU73|A0A099NU73_PICKU
OG0003868		tr|A0A099NRZ5|A0A099NRZ5_PICKU, tr|A0A099NZA2|A0A099NZA2_PICKU
OG0003869		tr|A0A099NRZ7|A0A099NRZ7_PICKU, tr|A0A099NS32|A0A099NS32_PICKU
OG0003870		tr|A0A099NS04|A0A099NS04_PICKU, tr|A0A099NUK3|A0A099NUK3_PICKU
OG0003871		tr|A0A099NS12|A0A099NS12_PICKU, tr|A0A099NU99|A0A099NU99_PICKU
OG0003872		tr|A0A099NS15|A0A099NS15_PICKU, tr|A0A099NUA5|A0A099NUA5_PICKU
OG0003873		tr|A0A099NS18|A0A099NS18_PICKU, tr|A0A099NUB0|A0A099NUB0_PICKU
OG0003874		tr|A0A099NS22|A0A099NS22_PICKU, tr|A0A099NUM5|A0A099NUM5_PICKU
OG0003875		tr|A0A099NS29|A0A099NS29_PICKU, tr|A0A099P278|A0A099P278_PICKU
OG0003876		tr|A0A099NS30|A0A099NS30_PICKU, tr|A0A099NS61|A0A099NS61_PICKU
OG0003877		tr|A0A099NS34|A0A099NS34_PICKU, tr|A0A099NS70|A0A099NS70_PICKU
OG0003878		tr|A0A099NS35|A0A099NS35_PICKU, tr|A0A099P4M7|A0A099P4M7_PICKU
OG0003879		tr|A0A099NS40|A0A099NS40_PICKU, tr|A0A099NUV2|A0A099NUV2_PICKU
OG0003880		tr|A0A099NS47|A0A099NS47_PICKU, tr|A0A099NTX2|A0A099NTX2_PICKU
OG0003881		tr|A0A099NS48|A0A099NS48_PICKU, tr|A0A099NSF0|A0A099NSF0_PICKU
OG0003882		tr|A0A099NS53|A0A099NS53_PICKU, tr|A0A099NTR9|A0A099NTR9_PICKU
OG0003883		tr|A0A099NS56|A0A099NS56_PICKU, tr|A0A099P370|A0A099P370_PICKU
OG0003884		tr|A0A099NS58|A0A099NS58_PICKU, tr|A0A099NU40|A0A099NU40_PICKU
OG0003885		tr|A0A099NS63|A0A099NS63_PICKU, tr|A0A099NVB0|A0A099NVB0_PICKU
OG0003886		tr|A0A099NS65|A0A099NS65_PICKU, tr|A0A099NSL7|A0A099NSL7_PICKU
OG0003887		tr|A0A099NS66|A0A099NS66_PICKU, tr|A0A099NZ84|A0A099NZ84_PICKU
OG0003888		tr|A0A099NS67|A0A099NS67_PICKU, tr|A0A099P930|A0A099P930_PICKU
OG0003889		tr|A0A099NS68|A0A099NS68_PICKU, tr|A0A099P8U6|A0A099P8U6_PICKU
OG0003890		tr|A0A099NS73|A0A099NS73_PICKU, tr|A0A099P0K1|A0A099P0K1_PICKU
OG0003891		tr|A0A099NS76|A0A099NS76_PICKU, tr|A0A099NUK9|A0A099NUK9_PICKU
OG0003892		tr|A0A099NS91|A0A099NS91_PICKU, tr|A0A099NTX5|A0A099NTX5_PICKU
OG0003893		tr|A0A099NS96|A0A099NS96_PICKU, tr|A0A099NUX3|A0A099NUX3_PICKU
OG0003894		tr|A0A099NS98|A0A099NS98_PICKU, tr|A0A099NUP1|A0A099NUP1_PICKU
OG0003895		tr|A0A099NSA5|A0A099NSA5_PICKU, tr|A0A099NSH5|A0A099NSH5_PICKU
OG0003896		tr|A0A099NSA7|A0A099NSA7_PICKU, tr|A0A099NUR9|A0A099NUR9_PICKU
OG0003897		tr|A0A099NSB0|A0A099NSB0_PICKU, tr|A0A099NUY7|A0A099NUY7_PICKU
OG0003898		tr|A0A099NSB4|A0A099NSB4_PICKU, tr|A0A099NSF3|A0A099NSF3_PICKU
OG0003899		tr|A0A099NSC3|A0A099NSC3_PICKU, tr|A0A099P521|A0A099P521_PICKU
OG0003900		tr|A0A099NSD0|A0A099NSD0_PICKU, tr|A0A099NUT7|A0A099NUT7_PICKU
OG0003901		tr|A0A099NSE7|A0A099NSE7_PICKU, tr|A0A099NU24|A0A099NU24_PICKU
OG0003902		tr|A0A099NSE9|A0A099NSE9_PICKU, tr|A0A099P602|A0A099P602_PICKU
OG0003903		tr|A0A099NSF8|A0A099NSF8_PICKU, tr|A0A099NUE7|A0A099NUE7_PICKU
OG0003904		tr|A0A099NSF9|A0A099NSF9_PICKU, tr|A0A099NSR8|A0A099NSR8_PICKU
OG0003905		tr|A0A099NSG2|A0A099NSG2_PICKU, tr|A0A099NUF0|A0A099NUF0_PICKU
OG0003906		tr|A0A099NSG3|A0A099NSG3_PICKU, tr|A0A099P0F7|A0A099P0F7_PICKU
OG0003907		tr|A0A099NSG5|A0A099NSG5_PICKU, tr|A0A099NSX3|A0A099NSX3_PICKU
OG0003908		tr|A0A099NSG7|A0A099NSG7_PICKU, tr|A0A099NZT3|A0A099NZT3_PICKU
OG0003909		tr|A0A099NSH6|A0A099NSH6_PICKU, tr|A0A099P1R8|A0A099P1R8_PICKU
OG0003910		tr|A0A099NSH9|A0A099NSH9_PICKU, tr|A0A099P2M1|A0A099P2M1_PICKU
OG0003911		tr|A0A099NSI3|A0A099NSI3_PICKU, tr|A0A099P679|A0A099P679_PICKU
OG0003912		tr|A0A099NSI6|A0A099NSI6_PICKU, tr|A0A099P5V3|A0A099P5V3_PICKU
OG0003913		tr|A0A099NSI9|A0A099NSI9_PICKU, tr|A0A099P3N6|A0A099P3N6_PICKU
OG0003914		tr|A0A099NSJ9|A0A099NSJ9_PICKU, tr|A0A099NUH8|A0A099NUH8_PICKU
OG0003915		tr|A0A099NSK8|A0A099NSK8_PICKU, tr|A0A099NXY4|A0A099NXY4_PICKU
OG0003916		tr|A0A099NSM2|A0A099NSM2_PICKU, tr|A0A099P2N7|A0A099P2N7_PICKU
OG0003917		tr|A0A099NSM8|A0A099NSM8_PICKU, tr|A0A099P543|A0A099P543_PICKU
OG0003918		tr|A0A099NSN5|A0A099NSN5_PICKU, tr|A0A099NUC5|A0A099NUC5_PICKU
OG0003919		tr|A0A099NSQ4|A0A099NSQ4_PICKU, tr|A0A099P4P4|A0A099P4P4_PICKU
OG0003920		tr|A0A099NSQ9|A0A099NSQ9_PICKU, tr|A0A099NSX0|A0A099NSX0_PICKU
OG0003921		tr|A0A099NSR0|A0A099NSR0_PICKU, tr|A0A099NVC8|A0A099NVC8_PICKU
OG0003922		tr|A0A099NSS2|A0A099NSS2_PICKU, tr|A0A099NV88|A0A099NV88_PICKU
OG0003923		tr|A0A099NSU0|A0A099NSU0_PICKU, tr|A0A099P695|A0A099P695_PICKU
OG0003924		tr|A0A099NSU2|A0A099NSU2_PICKU, tr|A0A099NXZ9|A0A099NXZ9_PICKU
OG0003925		tr|A0A099NSU4|A0A099NSU4_PICKU, tr|A0A099P7A6|A0A099P7A6_PICKU
OG0003926		tr|A0A099NSV5|A0A099NSV5_PICKU, tr|A0A099NUW4|A0A099NUW4_PICKU
OG0003927		tr|A0A099NSV9|A0A099NSV9_PICKU, tr|A0A099NXZ6|A0A099NXZ6_PICKU
OG0003928		tr|A0A099NSW4|A0A099NSW4_PICKU, tr|A0A099NUU4|A0A099NUU4_PICKU
OG0003929		tr|A0A099NSW9|A0A099NSW9_PICKU, tr|A0A099P4J2|A0A099P4J2_PICKU
OG0003930		tr|A0A099NSX2|A0A099NSX2_PICKU, tr|A0A099P2V7|A0A099P2V7_PICKU
OG0003931		tr|A0A099NSX5|A0A099NSX5_PICKU, tr|A0A099NUP6|A0A099NUP6_PICKU
OG0003932		tr|A0A099NSX6|A0A099NSX6_PICKU, tr|A0A099P1F6|A0A099P1F6_PICKU
OG0003933		tr|A0A099NSX9|A0A099NSX9_PICKU, tr|A0A099NX37|A0A099NX37_PICKU
OG0003934		tr|A0A099NT11|A0A099NT11_PICKU, tr|A0A099NTM4|A0A099NTM4_PICKU
OG0003935		tr|A0A099NT12|A0A099NT12_PICKU, tr|A0A099NT52|A0A099NT52_PICKU
OG0003936		tr|A0A099NT21|A0A099NT21_PICKU, tr|A0A099NVN2|A0A099NVN2_PICKU
OG0003937		tr|A0A099NT26|A0A099NT26_PICKU, tr|A0A099P6H2|A0A099P6H2_PICKU
OG0003938		tr|A0A099NT32|A0A099NT32_PICKU, tr|A0A099NW99|A0A099NW99_PICKU
OG0003939		tr|A0A099NT33|A0A099NT33_PICKU, tr|A0A099NWJ0|A0A099NWJ0_PICKU
OG0003940		tr|A0A099NT40|A0A099NT40_PICKU, tr|A0A099NT80|A0A099NT80_PICKU
OG0003941		tr|A0A099NT42|A0A099NT42_PICKU, tr|A0A099NVL9|A0A099NVL9_PICKU
OG0003942		tr|A0A099NT50|A0A099NT50_PICKU, tr|A0A099NVJ9|A0A099NVJ9_PICKU
OG0003943		tr|A0A099NT53|A0A099NT53_PICKU, tr|A0A099NUL3|A0A099NUL3_PICKU
OG0003944		tr|A0A099NT58|A0A099NT58_PICKU, tr|A0A099P859|A0A099P859_PICKU
OG0003945		tr|A0A099NT63|A0A099NT63_PICKU, tr|A0A099P2N4|A0A099P2N4_PICKU
OG0003946		tr|A0A099NT81|A0A099NT81_PICKU, tr|A0A099NZB2|A0A099NZB2_PICKU
OG0003947		tr|A0A099NT88|A0A099NT88_PICKU, tr|A0A099P164|A0A099P164_PICKU
OG0003948		tr|A0A099NTA1|A0A099NTA1_PICKU, tr|A0A099P1U1|A0A099P1U1_PICKU
OG0003949		tr|A0A099NTA8|A0A099NTA8_PICKU, tr|A0A099NTB3|A0A099NTB3_PICKU
OG0003950		tr|A0A099NTB5|A0A099NTB5_PICKU, tr|A0A099P4L4|A0A099P4L4_PICKU
OG0003951		tr|A0A099NTC4|A0A099NTC4_PICKU, tr|A0A099NVU2|A0A099NVU2_PICKU
OG0003952		tr|A0A099NTC9|A0A099NTC9_PICKU, tr|A0A099NYS6|A0A099NYS6_PICKU
OG0003953		tr|A0A099NTD1|A0A099NTD1_PICKU, tr|A0A099P6B6|A0A099P6B6_PICKU
OG0003954		tr|A0A099NTD6|A0A099NTD6_PICKU, tr|A0A099P787|A0A099P787_PICKU
OG0003955		tr|A0A099NTE6|A0A099NTE6_PICKU, tr|A0A099NZ30|A0A099NZ30_PICKU
OG0003956		tr|A0A099NTE7|A0A099NTE7_PICKU, tr|A0A099NVU7|A0A099NVU7_PICKU
OG0003957		tr|A0A099NTF3|A0A099NTF3_PICKU, tr|A0A099NVZ9|A0A099NVZ9_PICKU
OG0003958		tr|A0A099NTG9|A0A099NTG9_PICKU, tr|A0A099NW15|A0A099NW15_PICKU
OG0003959		tr|A0A099NTH1|A0A099NTH1_PICKU, tr|A0A099NXN1|A0A099NXN1_PICKU
OG0003960		tr|A0A099NTH4|A0A099NTH4_PICKU, tr|A0A099NW61|A0A099NW61_PICKU
OG0003961		tr|A0A099NTI6|A0A099NTI6_PICKU, tr|A0A099NW74|A0A099NW74_PICKU
OG0003962		tr|A0A099NTJ4|A0A099NTJ4_PICKU, tr|A0A099NTW7|A0A099NTW7_PICKU
OG0003963		tr|A0A099NTJ7|A0A099NTJ7_PICKU, tr|A0A099NW58|A0A099NW58_PICKU
OG0003964		tr|A0A099NTK5|A0A099NTK5_PICKU, tr|A0A099NVJ4|A0A099NVJ4_PICKU
OG0003965		tr|A0A099NTL7|A0A099NTL7_PICKU, tr|A0A099NWS1|A0A099NWS1_PICKU
OG0003966		tr|A0A099NTN1|A0A099NTN1_PICKU, tr|A0A099P1F0|A0A099P1F0_PICKU
OG0003967		tr|A0A099NTN5|A0A099NTN5_PICKU, tr|A0A099NZI3|A0A099NZI3_PICKU
OG0003968		tr|A0A099NTN8|A0A099NTN8_PICKU, tr|A0A099NVN5|A0A099NVN5_PICKU
OG0003969		tr|A0A099NTP5|A0A099NTP5_PICKU, tr|A0A099NVL7|A0A099NVL7_PICKU
OG0003970		tr|A0A099NTQ0|A0A099NTQ0_PICKU, tr|A0A099NXV6|A0A099NXV6_PICKU
OG0003971		tr|A0A099NTQ2|A0A099NTQ2_PICKU, tr|A0A099NVI5|A0A099NVI5_PICKU
OG0003972		tr|A0A099NTQ3|A0A099NTQ3_PICKU, tr|A0A099NVQ4|A0A099NVQ4_PICKU
OG0003973		tr|A0A099NTR1|A0A099NTR1_PICKU, tr|A0A099NVM8|A0A099NVM8_PICKU
OG0003974		tr|A0A099NTR4|A0A099NTR4_PICKU, tr|A0A099NVN8|A0A099NVN8_PICKU
OG0003975		tr|A0A099NTR6|A0A099NTR6_PICKU, tr|A0A099NVL6|A0A099NVL6_PICKU
OG0003976		tr|A0A099NTT0|A0A099NTT0_PICKU, tr|A0A099NVU6|A0A099NVU6_PICKU
OG0003977		tr|A0A099NTU2|A0A099NTU2_PICKU, tr|A0A099NVQ0|A0A099NVQ0_PICKU
OG0003978		tr|A0A099NTV1|A0A099NTV1_PICKU, tr|A0A099P5Z0|A0A099P5Z0_PICKU
OG0003979		tr|A0A099NTW1|A0A099NTW1_PICKU, tr|A0A099P1G0|A0A099P1G0_PICKU
OG0003980		tr|A0A099NTY0|A0A099NTY0_PICKU, tr|A0A099NU87|A0A099NU87_PICKU
OG0003981		tr|A0A099NTY5|A0A099NTY5_PICKU, tr|A0A099NZ18|A0A099NZ18_PICKU
OG0003982		tr|A0A099NTY6|A0A099NTY6_PICKU, tr|A0A099NU05|A0A099NU05_PICKU
OG0003983		tr|A0A099NTZ6|A0A099NTZ6_PICKU, tr|A0A099NU04|A0A099NU04_PICKU
OG0003984		tr|A0A099NTZ9|A0A099NTZ9_PICKU, tr|A0A099NXR3|A0A099NXR3_PICKU
OG0003985		tr|A0A099NU06|A0A099NU06_PICKU, tr|A0A099P2J3|A0A099P2J3_PICKU
OG0003986		tr|A0A099NU28|A0A099NU28_PICKU, tr|A0A099NUE1|A0A099NUE1_PICKU
OG0003987		tr|A0A099NU32|A0A099NU32_PICKU, tr|A0A099NW27|A0A099NW27_PICKU
OG0003988		tr|A0A099NU36|A0A099NU36_PICKU, tr|A0A099P0F9|A0A099P0F9_PICKU
OG0003989		tr|A0A099NU45|A0A099NU45_PICKU, tr|A0A099NUA0|A0A099NUA0_PICKU
OG0003990		tr|A0A099NU58|A0A099NU58_PICKU, tr|A0A099NW49|A0A099NW49_PICKU
OG0003991		tr|A0A099NU60|A0A099NU60_PICKU, tr|A0A099P2P7|A0A099P2P7_PICKU
OG0003992		tr|A0A099NU64|A0A099NU64_PICKU, tr|A0A099NWV6|A0A099NWV6_PICKU
OG0003993		tr|A0A099NU82|A0A099NU82_PICKU, tr|A0A099NUV1|A0A099NUV1_PICKU
OG0003994		tr|A0A099NUA3|A0A099NUA3_PICKU, tr|A0A099P5V2|A0A099P5V2_PICKU
OG0003995		tr|A0A099NUB4|A0A099NUB4_PICKU, tr|A0A099NUL0|A0A099NUL0_PICKU
OG0003996		tr|A0A099NUB7|A0A099NUB7_PICKU, tr|A0A099NZ63|A0A099NZ63_PICKU
OG0003997		tr|A0A099NUB8|A0A099NUB8_PICKU, tr|A0A099P2J5|A0A099P2J5_PICKU
OG0003998		tr|A0A099NUB9|A0A099NUB9_PICKU, tr|A0A099P973|A0A099P973_PICKU
OG0003999		tr|A0A099NUC0|A0A099NUC0_PICKU, tr|A0A099NUM0|A0A099NUM0_PICKU
OG0004000		tr|A0A099NUC1|A0A099NUC1_PICKU, tr|A0A099P8L3|A0A099P8L3_PICKU
OG0004001		tr|A0A099NUC6|A0A099NUC6_PICKU, tr|A0A099NZE9|A0A099NZE9_PICKU
OG0004002		tr|A0A099NUC8|A0A099NUC8_PICKU, tr|A0A099NVK9|A0A099NVK9_PICKU
OG0004003		tr|A0A099NUD3|A0A099NUD3_PICKU, tr|A0A099NWT2|A0A099NWT2_PICKU
OG0004004		tr|A0A099NUD5|A0A099NUD5_PICKU, tr|A0A099NZH7|A0A099NZH7_PICKU
OG0004005		tr|A0A099NUF6|A0A099NUF6_PICKU, tr|A0A099P422|A0A099P422_PICKU
OG0004006		tr|A0A099NUG2|A0A099NUG2_PICKU, tr|A0A099NUP9|A0A099NUP9_PICKU
OG0004007		tr|A0A099NUI3|A0A099NUI3_PICKU, tr|A0A099NXE0|A0A099NXE0_PICKU
OG0004008		tr|A0A099NUI5|A0A099NUI5_PICKU, tr|A0A099NZL1|A0A099NZL1_PICKU
OG0004009		tr|A0A099NUJ4|A0A099NUJ4_PICKU, tr|A0A099NZX8|A0A099NZX8_PICKU
OG0004010		tr|A0A099NUJ6|A0A099NUJ6_PICKU, tr|A0A099NX77|A0A099NX77_PICKU
OG0004011		tr|A0A099NUJ9|A0A099NUJ9_PICKU, tr|A0A099P5V1|A0A099P5V1_PICKU
OG0004012		tr|A0A099NUL1|A0A099NUL1_PICKU, tr|A0A099P101|A0A099P101_PICKU
OG0004013		tr|A0A099NUN0|A0A099NUN0_PICKU, tr|A0A099NZS6|A0A099NZS6_PICKU
OG0004014		tr|A0A099NUQ2|A0A099NUQ2_PICKU, tr|A0A099P4I7|A0A099P4I7_PICKU
OG0004015		tr|A0A099NUT0|A0A099NUT0_PICKU, tr|A0A099P2R9|A0A099P2R9_PICKU
OG0004016		tr|A0A099NUU2|A0A099NUU2_PICKU, tr|A0A099NUZ7|A0A099NUZ7_PICKU
OG0004017		tr|A0A099NUV4|A0A099NUV4_PICKU, tr|A0A099NUW9|A0A099NUW9_PICKU
OG0004018		tr|A0A099NUV5|A0A099NUV5_PICKU, tr|A0A099NUX8|A0A099NUX8_PICKU
OG0004019		tr|A0A099NUX4|A0A099NUX4_PICKU, tr|A0A099P2D7|A0A099P2D7_PICKU
OG0004020		tr|A0A099NV03|A0A099NV03_PICKU, tr|A0A099NV15|A0A099NV15_PICKU
OG0004021		tr|A0A099NV05|A0A099NV05_PICKU, tr|A0A099P0R5|A0A099P0R5_PICKU
OG0004022		tr|A0A099NV13|A0A099NV13_PICKU, tr|A0A099NYQ5|A0A099NYQ5_PICKU
OG0004023		tr|A0A099NV33|A0A099NV33_PICKU, tr|A0A099NV51|A0A099NV51_PICKU
OG0004024		tr|A0A099NV47|A0A099NV47_PICKU, tr|A0A099NV86|A0A099NV86_PICKU
OG0004025		tr|A0A099NV54|A0A099NV54_PICKU, tr|A0A099NXF9|A0A099NXF9_PICKU
OG0004026		tr|A0A099NV65|A0A099NV65_PICKU, tr|A0A099P2H1|A0A099P2H1_PICKU
OG0004027		tr|A0A099NV68|A0A099NV68_PICKU, tr|A0A099NVB4|A0A099NVB4_PICKU
OG0004028		tr|A0A099NV74|A0A099NV74_PICKU, tr|A0A099NYX7|A0A099NYX7_PICKU
OG0004029		tr|A0A099NV80|A0A099NV80_PICKU, tr|A0A099P1Z5|A0A099P1Z5_PICKU
OG0004030		tr|A0A099NV85|A0A099NV85_PICKU, tr|A0A099P332|A0A099P332_PICKU
OG0004031		tr|A0A099NV95|A0A099NV95_PICKU, tr|A0A099NVC7|A0A099NVC7_PICKU
OG0004032		tr|A0A099NVA2|A0A099NVA2_PICKU, tr|A0A099P2K1|A0A099P2K1_PICKU
OG0004033		tr|A0A099NVB1|A0A099NVB1_PICKU, tr|A0A099P198|A0A099P198_PICKU
OG0004034		tr|A0A099NVB9|A0A099NVB9_PICKU, tr|A0A099P5N0|A0A099P5N0_PICKU
OG0004035		tr|A0A099NVF5|A0A099NVF5_PICKU, tr|A0A099NY25|A0A099NY25_PICKU
OG0004036		tr|A0A099NVF6|A0A099NVF6_PICKU, tr|A0A099NVI4|A0A099NVI4_PICKU
OG0004037		tr|A0A099NVG6|A0A099NVG6_PICKU, tr|A0A099P268|A0A099P268_PICKU
OG0004038		tr|A0A099NVG8|A0A099NVG8_PICKU, tr|A0A099NVJ7|A0A099NVJ7_PICKU
OG0004039		tr|A0A099NVI1|A0A099NVI1_PICKU, tr|A0A099NVL2|A0A099NVL2_PICKU
OG0004040		tr|A0A099NVI2|A0A099NVI2_PICKU, tr|A0A099NVJ1|A0A099NVJ1_PICKU
OG0004041		tr|A0A099NVI7|A0A099NVI7_PICKU, tr|A0A099NVL8|A0A099NVL8_PICKU
OG0004042		tr|A0A099NVI9|A0A099NVI9_PICKU, tr|A0A099NVQ1|A0A099NVQ1_PICKU
OG0004043		tr|A0A099NVJ3|A0A099NVJ3_PICKU, tr|A0A099NYA4|A0A099NYA4_PICKU
OG0004044		tr|A0A099NVK2|A0A099NVK2_PICKU, tr|A0A099P4U4|A0A099P4U4_PICKU
OG0004045		tr|A0A099NVK3|A0A099NVK3_PICKU, tr|A0A099NWE9|A0A099NWE9_PICKU
OG0004046		tr|A0A099NVK4|A0A099NVK4_PICKU, tr|A0A099P0P3|A0A099P0P3_PICKU
OG0004047		tr|A0A099NVM2|A0A099NVM2_PICKU, tr|A0A099NWW5|A0A099NWW5_PICKU
OG0004048		tr|A0A099NVM5|A0A099NVM5_PICKU, tr|A0A099P3K8|A0A099P3K8_PICKU
OG0004049		tr|A0A099NVN1|A0A099NVN1_PICKU, tr|A0A099NWG9|A0A099NWG9_PICKU
OG0004050		tr|A0A099NVN6|A0A099NVN6_PICKU, tr|A0A099NZY7|A0A099NZY7_PICKU
OG0004051		tr|A0A099NVN7|A0A099NVN7_PICKU, tr|A0A099NVU4|A0A099NVU4_PICKU
OG0004052		tr|A0A099NVP3|A0A099NVP3_PICKU, tr|A0A099NVP7|A0A099NVP7_PICKU
OG0004053		tr|A0A099NVS4|A0A099NVS4_PICKU, tr|A0A099P909|A0A099P909_PICKU
OG0004054		tr|A0A099NVT0|A0A099NVT0_PICKU, tr|A0A099NVT4|A0A099NVT4_PICKU
OG0004055		tr|A0A099NVV1|A0A099NVV1_PICKU, tr|A0A099NW09|A0A099NW09_PICKU
OG0004056		tr|A0A099NVX2|A0A099NVX2_PICKU, tr|A0A099NVX6|A0A099NVX6_PICKU
OG0004057		tr|A0A099NW56|A0A099NW56_PICKU, tr|A0A099NX12|A0A099NX12_PICKU
OG0004058		tr|A0A099NW70|A0A099NW70_PICKU, tr|A0A099NW79|A0A099NW79_PICKU
OG0004059		tr|A0A099NW71|A0A099NW71_PICKU, tr|A0A099NYP2|A0A099NYP2_PICKU
OG0004060		tr|A0A099NW82|A0A099NW82_PICKU, tr|A0A099NW89|A0A099NW89_PICKU
OG0004061		tr|A0A099NWG6|A0A099NWG6_PICKU, tr|A0A099P325|A0A099P325_PICKU
OG0004062		tr|A0A099NWR0|A0A099NWR0_PICKU, tr|A0A099NXE2|A0A099NXE2_PICKU
OG0004063		tr|A0A099NX04|A0A099NX04_PICKU, tr|A0A099P4J3|A0A099P4J3_PICKU
OG0004064		tr|A0A099NX69|A0A099NX69_PICKU, tr|A0A099NZB0|A0A099NZB0_PICKU
OG0004065		tr|A0A099NXP9|A0A099NXP9_PICKU, tr|A0A099P5D9|A0A099P5D9_PICKU
OG0004066		tr|A0A099NXS4|A0A099NXS4_PICKU, tr|A0A099NZD5|A0A099NZD5_PICKU
OG0004067		tr|A0A099NY17|A0A099NY17_PICKU, tr|A0A099NYE4|A0A099NYE4_PICKU
OG0004068		tr|A0A099NY49|A0A099NY49_PICKU, tr|A0A099NZU7|A0A099NZU7_PICKU
OG0004069		tr|A0A099NY93|A0A099NY93_PICKU, tr|A0A099P489|A0A099P489_PICKU
OG0004070		tr|A0A099NYD3|A0A099NYD3_PICKU, tr|A0A099P1Y9|A0A099P1Y9_PICKU
OG0004071		tr|A0A099NYD5|A0A099NYD5_PICKU, tr|A0A099P3M0|A0A099P3M0_PICKU
OG0004072		tr|A0A099NYD8|A0A099NYD8_PICKU, tr|A0A099P029|A0A099P029_PICKU
OG0004073		tr|A0A099NYP7|A0A099NYP7_PICKU, tr|A0A099NYV1|A0A099NYV1_PICKU
OG0004074		tr|A0A099NYS7|A0A099NYS7_PICKU, tr|A0A099P2L3|A0A099P2L3_PICKU
OG0004075		tr|A0A099NYU9|A0A099NYU9_PICKU, tr|A0A099NZ66|A0A099NZ66_PICKU
OG0004076		tr|A0A099NZK8|A0A099NZK8_PICKU, tr|A0A099P2D8|A0A099P2D8_PICKU
OG0004077		tr|A0A099NZU8|A0A099NZU8_PICKU, tr|A0A099P2N6|A0A099P2N6_PICKU
OG0004078		tr|A0A099P062|A0A099P062_PICKU, tr|A0A099P8I5|A0A099P8I5_PICKU
OG0004079		tr|A0A099P0A0|A0A099P0A0_PICKU, tr|A0A099P115|A0A099P115_PICKU
OG0004080		tr|A0A099P0L0|A0A099P0L0_PICKU, tr|A0A099P3F7|A0A099P3F7_PICKU
OG0004081		tr|A0A099P0N3|A0A099P0N3_PICKU, tr|A0A099P0W2|A0A099P0W2_PICKU
OG0004082		tr|A0A099P0X0|A0A099P0X0_PICKU, tr|A0A099P3E3|A0A099P3E3_PICKU
OG0004083		tr|A0A099P121|A0A099P121_PICKU, tr|A0A099P146|A0A099P146_PICKU
OG0004084		tr|A0A099P145|A0A099P145_PICKU, tr|A0A099P1E5|A0A099P1E5_PICKU
OG0004085		tr|A0A099P161|A0A099P161_PICKU, tr|A0A099P1S9|A0A099P1S9_PICKU
OG0004086		tr|A0A099P1A6|A0A099P1A6_PICKU, tr|A0A099P752|A0A099P752_PICKU
OG0004087		tr|A0A099P1L1|A0A099P1L1_PICKU, tr|A0A099P3S4|A0A099P3S4_PICKU
OG0004088		tr|A0A099P221|A0A099P221_PICKU, tr|A0A099P4J6|A0A099P4J6_PICKU
OG0004089		tr|A0A099P2Z1|A0A099P2Z1_PICKU, tr|A0A099P3X5|A0A099P3X5_PICKU
OG0004090		tr|A0A099P3H5|A0A099P3H5_PICKU, tr|A0A099P6C4|A0A099P6C4_PICKU
OG0004091		tr|A0A099P3R3|A0A099P3R3_PICKU, tr|A0A099P493|A0A099P493_PICKU
OG0004092		tr|A0A099P3Z0|A0A099P3Z0_PICKU, tr|A0A099P5V5|A0A099P5V5_PICKU
OG0004093		tr|A0A099P430|A0A099P430_PICKU, tr|A0A099P5W2|A0A099P5W2_PICKU
OG0004094		tr|A0A099P438|A0A099P438_PICKU, tr|A0A099P4M8|A0A099P4M8_PICKU
OG0004095		tr|A0A099P4A7|A0A099P4A7_PICKU, tr|A0A099P678|A0A099P678_PICKU
OG0004096		tr|A0A099P513|A0A099P513_PICKU, tr|A0A099P5R8|A0A099P5R8_PICKU
OG0004097		tr|A0A099P5W5|A0A099P5W5_PICKU, tr|A0A099P847|A0A099P847_PICKU
OG0004098		tr|A0A099P8H3|A0A099P8H3_PICKU, tr|A0A099P8H7|A0A099P8H7_PICKU
